model,attack,n,n_detected_clean,asr,fnr_under_attack,family,epsilon,iters,traffic_family,confidence
LR,FGSM_eps0.15,60000,0,,,FGSM,0.15,1,Benign,
LR,FGSM_eps0.15,6031,6025,1.0,1.0,FGSM,0.15,1,Botnet Ares,
LR,FGSM_eps0.15,69,69,1.0,1.0,FGSM,0.15,1,Botnet Ares - Attempted,
LR,FGSM_eps0.15,6039,6039,1.0,1.0,FGSM,0.15,1,DDoS-HOIC,
LR,FGSM_eps0.15,5969,0,,1.0,FGSM,0.15,1,DDoS-LOIC-HTTP,
LR,FGSM_eps0.15,504,496,0.008064516129032258,0.023809523809523808,FGSM,0.15,1,DDoS-LOIC-UDP,
LR,FGSM_eps0.15,38,0,,0.9736842105263158,FGSM,0.15,1,DDoS-LOIC-UDP - Attempted,
LR,FGSM_eps0.15,4580,4580,0.8941048034934498,0.8941048034934498,FGSM,0.15,1,DoS GoldenEye,
LR,FGSM_eps0.15,824,824,0.7135922330097088,0.7135922330097088,FGSM,0.15,1,DoS GoldenEye - Attempted,
LR,FGSM_eps0.15,5995,5995,0.9964970809007506,0.9964970809007506,FGSM,0.15,1,DoS Hulk,
LR,FGSM_eps0.15,15,15,0.8666666666666667,0.8666666666666667,FGSM,0.15,1,DoS Hulk - Attempted,
LR,FGSM_eps0.15,1747,1691,0.35600236546422237,0.37664567830566686,FGSM,0.15,1,DoS Slowloris,
LR,FGSM_eps0.15,466,450,1.0,1.0,FGSM,0.15,1,DoS Slowloris - Attempted,
LR,FGSM_eps0.15,5932,5932,0.0,0.0,FGSM,0.15,1,FTP-BruteForce - Attempted,
LR,FGSM_eps0.15,40,40,0.45,0.45,FGSM,0.15,1,Infiltration - Communication Victim Attacker,
LR,FGSM_eps0.15,25,0,,0.28,FGSM,0.15,1,Infiltration - Dropbox Download,
LR,FGSM_eps0.15,4,0,,0.0,FGSM,0.15,1,Infiltration - Dropbox Download - Attempted,
LR,FGSM_eps0.15,5946,5341,0.5242463958060288,0.5662630339724184,FGSM,0.15,1,Infiltration - NMAP Portscan,
LR,FGSM_eps0.15,5989,5989,0.8291868425446652,0.8291868425446652,FGSM,0.15,1,SSH-BruteForce,
LR,FGSM_eps0.15,36,0,,0.9722222222222222,FGSM,0.15,1,Web Attack - Brute Force,
LR,FGSM_eps0.15,28,0,,0.9642857142857143,FGSM,0.15,1,Web Attack - Brute Force - Attempted,
LR,FGSM_eps0.15,3,2,1.0,0.6666666666666666,FGSM,0.15,1,Web Attack - SQL,
LR,FGSM_eps0.15,4,2,0.5,0.25,FGSM,0.15,1,Web Attack - SQL - Attempted,
LR,FGSM_eps0.15,19,0,,1.0,FGSM,0.15,1,Web Attack - XSS,
SVM,FGSM_eps0.15,60000,0,,,FGSM,0.15,1,Benign,
SVM,FGSM_eps0.15,6031,6031,1.0,1.0,FGSM,0.15,1,Botnet Ares,
SVM,FGSM_eps0.15,69,69,1.0,1.0,FGSM,0.15,1,Botnet Ares - Attempted,
SVM,FGSM_eps0.15,6039,6039,1.0,1.0,FGSM,0.15,1,DDoS-HOIC,
SVM,FGSM_eps0.15,5969,0,,1.0,FGSM,0.15,1,DDoS-LOIC-HTTP,
SVM,FGSM_eps0.15,504,497,0.014084507042253521,0.027777777777777776,FGSM,0.15,1,DDoS-LOIC-UDP,
SVM,FGSM_eps0.15,38,0,,0.9736842105263158,FGSM,0.15,1,DDoS-LOIC-UDP - Attempted,
SVM,FGSM_eps0.15,4580,4580,0.9548034934497817,0.9548034934497817,FGSM,0.15,1,DoS GoldenEye,
SVM,FGSM_eps0.15,824,824,1.0,1.0,FGSM,0.15,1,DoS GoldenEye - Attempted,
SVM,FGSM_eps0.15,5995,5995,0.996163469557965,0.996163469557965,FGSM,0.15,1,DoS Hulk,
SVM,FGSM_eps0.15,15,15,1.0,1.0,FGSM,0.15,1,DoS Hulk - Attempted,
SVM,FGSM_eps0.15,1747,1667,0.9082183563287343,0.9124212936462507,FGSM,0.15,1,DoS Slowloris,
SVM,FGSM_eps0.15,466,450,1.0,1.0,FGSM,0.15,1,DoS Slowloris - Attempted,
SVM,FGSM_eps0.15,5932,5932,0.0,0.0,FGSM,0.15,1,FTP-BruteForce - Attempted,
SVM,FGSM_eps0.15,40,40,0.2,0.2,FGSM,0.15,1,Infiltration - Communication Victim Attacker,
SVM,FGSM_eps0.15,25,0,,0.2,FGSM,0.15,1,Infiltration - Dropbox Download,
SVM,FGSM_eps0.15,4,0,,0.0,FGSM,0.15,1,Infiltration - Dropbox Download - Attempted,
SVM,FGSM_eps0.15,5946,4787,0.7064967620639231,0.7584931046081399,FGSM,0.15,1,Infiltration - NMAP Portscan,
SVM,FGSM_eps0.15,5989,5989,0.26281516112873604,0.26281516112873604,FGSM,0.15,1,SSH-BruteForce,
SVM,FGSM_eps0.15,36,0,,0.9444444444444444,FGSM,0.15,1,Web Attack - Brute Force,
SVM,FGSM_eps0.15,28,0,,0.9285714285714286,FGSM,0.15,1,Web Attack - Brute Force - Attempted,
SVM,FGSM_eps0.15,3,0,,1.0,FGSM,0.15,1,Web Attack - SQL,
SVM,FGSM_eps0.15,4,0,,0.25,FGSM,0.15,1,Web Attack - SQL - Attempted,
SVM,FGSM_eps0.15,19,0,,1.0,FGSM,0.15,1,Web Attack - XSS,
RF,FGSM_eps0.15,60000,0,,,FGSM,0.15,1,Benign,
RF,FGSM_eps0.15,6031,6031,1.0,1.0,FGSM,0.15,1,Botnet Ares,
RF,FGSM_eps0.15,69,69,1.0,1.0,FGSM,0.15,1,Botnet Ares - Attempted,
RF,FGSM_eps0.15,6039,6039,1.0,1.0,FGSM,0.15,1,DDoS-HOIC,
RF,FGSM_eps0.15,5969,5969,1.0,1.0,FGSM,0.15,1,DDoS-LOIC-HTTP,
RF,FGSM_eps0.15,504,504,0.43253968253968256,0.43253968253968256,FGSM,0.15,1,DDoS-LOIC-UDP,
RF,FGSM_eps0.15,38,38,1.0,1.0,FGSM,0.15,1,DDoS-LOIC-UDP - Attempted,
RF,FGSM_eps0.15,4580,4580,0.9997816593886463,0.9997816593886463,FGSM,0.15,1,DoS GoldenEye,
RF,FGSM_eps0.15,824,824,1.0,1.0,FGSM,0.15,1,DoS GoldenEye - Attempted,
RF,FGSM_eps0.15,5995,5995,1.0,1.0,FGSM,0.15,1,DoS Hulk,
RF,FGSM_eps0.15,15,15,0.5333333333333333,0.5333333333333333,FGSM,0.15,1,DoS Hulk - Attempted,
RF,FGSM_eps0.15,1747,1747,0.9261591299370349,0.9261591299370349,FGSM,0.15,1,DoS Slowloris,
RF,FGSM_eps0.15,466,466,1.0,1.0,FGSM,0.15,1,DoS Slowloris - Attempted,
RF,FGSM_eps0.15,5932,5932,0.7934929197572488,0.7934929197572488,FGSM,0.15,1,FTP-BruteForce - Attempted,
RF,FGSM_eps0.15,40,40,0.775,0.775,FGSM,0.15,1,Infiltration - Communication Victim Attacker,
RF,FGSM_eps0.15,25,14,1.0,0.92,FGSM,0.15,1,Infiltration - Dropbox Download,
RF,FGSM_eps0.15,4,0,,1.0,FGSM,0.15,1,Infiltration - Dropbox Download - Attempted,
RF,FGSM_eps0.15,5946,5942,1.0,1.0,FGSM,0.15,1,Infiltration - NMAP Portscan,
RF,FGSM_eps0.15,5989,5989,1.0,1.0,FGSM,0.15,1,SSH-BruteForce,
RF,FGSM_eps0.15,36,35,1.0,1.0,FGSM,0.15,1,Web Attack - Brute Force,
RF,FGSM_eps0.15,28,28,1.0,1.0,FGSM,0.15,1,Web Attack - Brute Force - Attempted,
RF,FGSM_eps0.15,3,3,1.0,1.0,FGSM,0.15,1,Web Attack - SQL,
RF,FGSM_eps0.15,4,4,1.0,1.0,FGSM,0.15,1,Web Attack - SQL - Attempted,
RF,FGSM_eps0.15,19,19,1.0,1.0,FGSM,0.15,1,Web Attack - XSS,
MLP,FGSM_eps0.15,60000,0,,,FGSM,0.15,1,Benign,
MLP,FGSM_eps0.15,6031,6031,0.9936992206930857,0.9936992206930857,FGSM,0.15,1,Botnet Ares,
MLP,FGSM_eps0.15,69,69,1.0,1.0,FGSM,0.15,1,Botnet Ares - Attempted,
MLP,FGSM_eps0.15,6039,6039,1.0,1.0,FGSM,0.15,1,DDoS-HOIC,
MLP,FGSM_eps0.15,5969,5969,1.0,1.0,FGSM,0.15,1,DDoS-LOIC-HTTP,
MLP,FGSM_eps0.15,504,504,0.003968253968253968,0.003968253968253968,FGSM,0.15,1,DDoS-LOIC-UDP,
MLP,FGSM_eps0.15,38,37,1.0,0.9736842105263158,FGSM,0.15,1,DDoS-LOIC-UDP - Attempted,
MLP,FGSM_eps0.15,4580,4579,1.0,1.0,FGSM,0.15,1,DoS GoldenEye,
MLP,FGSM_eps0.15,824,824,0.9866504854368932,0.9866504854368932,FGSM,0.15,1,DoS GoldenEye - Attempted,
MLP,FGSM_eps0.15,5995,5995,1.0,1.0,FGSM,0.15,1,DoS Hulk,
MLP,FGSM_eps0.15,15,15,1.0,1.0,FGSM,0.15,1,DoS Hulk - Attempted,
MLP,FGSM_eps0.15,1747,1747,0.38752146536920434,0.38752146536920434,FGSM,0.15,1,DoS Slowloris,
MLP,FGSM_eps0.15,466,466,1.0,1.0,FGSM,0.15,1,DoS Slowloris - Attempted,
MLP,FGSM_eps0.15,5932,5932,0.7754551584625758,0.7754551584625758,FGSM,0.15,1,FTP-BruteForce - Attempted,
MLP,FGSM_eps0.15,40,40,1.0,1.0,FGSM,0.15,1,Infiltration - Communication Victim Attacker,
MLP,FGSM_eps0.15,25,5,1.0,0.4,FGSM,0.15,1,Infiltration - Dropbox Download,
MLP,FGSM_eps0.15,4,0,,0.5,FGSM,0.15,1,Infiltration - Dropbox Download - Attempted,
MLP,FGSM_eps0.15,5946,5831,0.987823700908935,0.974100235452405,FGSM,0.15,1,Infiltration - NMAP Portscan,
MLP,FGSM_eps0.15,5989,5989,1.0,1.0,FGSM,0.15,1,SSH-BruteForce,
MLP,FGSM_eps0.15,36,34,1.0,0.9722222222222222,FGSM,0.15,1,Web Attack - Brute Force,
MLP,FGSM_eps0.15,28,27,1.0,0.9642857142857143,FGSM,0.15,1,Web Attack - Brute Force - Attempted,
MLP,FGSM_eps0.15,3,2,1.0,0.6666666666666666,FGSM,0.15,1,Web Attack - SQL,
MLP,FGSM_eps0.15,4,1,1.0,0.25,FGSM,0.15,1,Web Attack - SQL - Attempted,
MLP,FGSM_eps0.15,19,19,0.05263157894736842,0.05263157894736842,FGSM,0.15,1,Web Attack - XSS,
LR,FGSM_eps0.3,60000,0,,,FGSM,0.3,1,Benign,
LR,FGSM_eps0.3,6031,6025,1.0,1.0,FGSM,0.3,1,Botnet Ares,
LR,FGSM_eps0.3,69,69,1.0,1.0,FGSM,0.3,1,Botnet Ares - Attempted,
LR,FGSM_eps0.3,6039,6039,1.0,1.0,FGSM,0.3,1,DDoS-HOIC,
LR,FGSM_eps0.3,5969,0,,1.0,FGSM,0.3,1,DDoS-LOIC-HTTP,
LR,FGSM_eps0.3,504,496,0.016129032258064516,0.031746031746031744,FGSM,0.3,1,DDoS-LOIC-UDP,
LR,FGSM_eps0.3,38,0,,0.9736842105263158,FGSM,0.3,1,DDoS-LOIC-UDP - Attempted,
LR,FGSM_eps0.3,4580,4580,0.9775109170305677,0.9775109170305677,FGSM,0.3,1,DoS GoldenEye,
LR,FGSM_eps0.3,824,824,0.9866504854368932,0.9866504854368932,FGSM,0.3,1,DoS GoldenEye - Attempted,
LR,FGSM_eps0.3,5995,5995,0.9996663886572144,0.9996663886572144,FGSM,0.3,1,DoS Hulk,
LR,FGSM_eps0.3,15,15,1.0,1.0,FGSM,0.3,1,DoS Hulk - Attempted,
LR,FGSM_eps0.3,1747,1691,0.4098166765227676,0.42873497424155693,FGSM,0.3,1,DoS Slowloris,
LR,FGSM_eps0.3,466,450,1.0,1.0,FGSM,0.3,1,DoS Slowloris - Attempted,
LR,FGSM_eps0.3,5932,5932,0.33479433580579904,0.33479433580579904,FGSM,0.3,1,FTP-BruteForce - Attempted,
LR,FGSM_eps0.3,40,40,1.0,1.0,FGSM,0.3,1,Infiltration - Communication Victim Attacker,
LR,FGSM_eps0.3,25,0,,0.24,FGSM,0.3,1,Infiltration - Dropbox Download,
LR,FGSM_eps0.3,4,0,,0.0,FGSM,0.3,1,Infiltration - Dropbox Download - Attempted,
LR,FGSM_eps0.3,5946,5341,0.8659427073581726,0.8730238816010764,FGSM,0.3,1,Infiltration - NMAP Portscan,
LR,FGSM_eps0.3,5989,5989,1.0,1.0,FGSM,0.3,1,SSH-BruteForce,
LR,FGSM_eps0.3,36,0,,0.9444444444444444,FGSM,0.3,1,Web Attack - Brute Force,
LR,FGSM_eps0.3,28,0,,0.9642857142857143,FGSM,0.3,1,Web Attack - Brute Force - Attempted,
LR,FGSM_eps0.3,3,2,1.0,0.6666666666666666,FGSM,0.3,1,Web Attack - SQL,
LR,FGSM_eps0.3,4,2,0.5,0.25,FGSM,0.3,1,Web Attack - SQL - Attempted,
LR,FGSM_eps0.3,19,0,,1.0,FGSM,0.3,1,Web Attack - XSS,
SVM,FGSM_eps0.3,60000,0,,,FGSM,0.3,1,Benign,
SVM,FGSM_eps0.3,6031,6031,1.0,1.0,FGSM,0.3,1,Botnet Ares,
SVM,FGSM_eps0.3,69,69,1.0,1.0,FGSM,0.3,1,Botnet Ares - Attempted,
SVM,FGSM_eps0.3,6039,6039,1.0,1.0,FGSM,0.3,1,DDoS-HOIC,
SVM,FGSM_eps0.3,5969,0,,1.0,FGSM,0.3,1,DDoS-LOIC-HTTP,
SVM,FGSM_eps0.3,504,497,0.014084507042253521,0.027777777777777776,FGSM,0.3,1,DDoS-LOIC-UDP,
SVM,FGSM_eps0.3,38,0,,0.9473684210526315,FGSM,0.3,1,DDoS-LOIC-UDP - Attempted,
SVM,FGSM_eps0.3,4580,4580,0.9548034934497817,0.9548034934497817,FGSM,0.3,1,DoS GoldenEye,
SVM,FGSM_eps0.3,824,824,1.0,1.0,FGSM,0.3,1,DoS GoldenEye - Attempted,
SVM,FGSM_eps0.3,5995,5995,0.996163469557965,0.996163469557965,FGSM,0.3,1,DoS Hulk,
SVM,FGSM_eps0.3,15,15,1.0,1.0,FGSM,0.3,1,DoS Hulk - Attempted,
SVM,FGSM_eps0.3,1747,1667,0.9640071985602879,0.9656554092730395,FGSM,0.3,1,DoS Slowloris,
SVM,FGSM_eps0.3,466,450,1.0,1.0,FGSM,0.3,1,DoS Slowloris - Attempted,
SVM,FGSM_eps0.3,5932,5932,0.7754551584625758,0.7754551584625758,FGSM,0.3,1,FTP-BruteForce - Attempted,
SVM,FGSM_eps0.3,40,40,0.375,0.375,FGSM,0.3,1,Infiltration - Communication Victim Attacker,
SVM,FGSM_eps0.3,25,0,,0.2,FGSM,0.3,1,Infiltration - Dropbox Download,
SVM,FGSM_eps0.3,4,0,,0.0,FGSM,0.3,1,Infiltration - Dropbox Download - Attempted,
SVM,FGSM_eps0.3,5946,4787,0.8819720075203676,0.8995963673057518,FGSM,0.3,1,Infiltration - NMAP Portscan,
SVM,FGSM_eps0.3,5989,5989,0.26281516112873604,0.26281516112873604,FGSM,0.3,1,SSH-BruteForce,
SVM,FGSM_eps0.3,36,0,,0.9444444444444444,FGSM,0.3,1,Web Attack - Brute Force,
SVM,FGSM_eps0.3,28,0,,0.9285714285714286,FGSM,0.3,1,Web Attack - Brute Force - Attempted,
SVM,FGSM_eps0.3,3,0,,1.0,FGSM,0.3,1,Web Attack - SQL,
SVM,FGSM_eps0.3,4,0,,0.25,FGSM,0.3,1,Web Attack - SQL - Attempted,
SVM,FGSM_eps0.3,19,0,,1.0,FGSM,0.3,1,Web Attack - XSS,
RF,FGSM_eps0.3,60000,0,,,FGSM,0.3,1,Benign,
RF,FGSM_eps0.3,6031,6031,1.0,1.0,FGSM,0.3,1,Botnet Ares,
RF,FGSM_eps0.3,69,69,1.0,1.0,FGSM,0.3,1,Botnet Ares - Attempted,
RF,FGSM_eps0.3,6039,6039,1.0,1.0,FGSM,0.3,1,DDoS-HOIC,
RF,FGSM_eps0.3,5969,5969,1.0,1.0,FGSM,0.3,1,DDoS-LOIC-HTTP,
RF,FGSM_eps0.3,504,504,0.44246031746031744,0.44246031746031744,FGSM,0.3,1,DDoS-LOIC-UDP,
RF,FGSM_eps0.3,38,38,1.0,1.0,FGSM,0.3,1,DDoS-LOIC-UDP - Attempted,
RF,FGSM_eps0.3,4580,4580,0.9997816593886463,0.9997816593886463,FGSM,0.3,1,DoS GoldenEye,
RF,FGSM_eps0.3,824,824,1.0,1.0,FGSM,0.3,1,DoS GoldenEye - Attempted,
RF,FGSM_eps0.3,5995,5995,1.0,1.0,FGSM,0.3,1,DoS Hulk,
RF,FGSM_eps0.3,15,15,0.0,0.0,FGSM,0.3,1,DoS Hulk - Attempted,
RF,FGSM_eps0.3,1747,1747,1.0,1.0,FGSM,0.3,1,DoS Slowloris,
RF,FGSM_eps0.3,466,466,0.06652360515021459,0.06652360515021459,FGSM,0.3,1,DoS Slowloris - Attempted,
RF,FGSM_eps0.3,5932,5932,0.7934929197572488,0.7934929197572488,FGSM,0.3,1,FTP-BruteForce - Attempted,
RF,FGSM_eps0.3,40,40,0.8,0.8,FGSM,0.3,1,Infiltration - Communication Victim Attacker,
RF,FGSM_eps0.3,25,14,1.0,0.84,FGSM,0.3,1,Infiltration - Dropbox Download,
RF,FGSM_eps0.3,4,0,,0.75,FGSM,0.3,1,Infiltration - Dropbox Download - Attempted,
RF,FGSM_eps0.3,5946,5942,1.0,1.0,FGSM,0.3,1,Infiltration - NMAP Portscan,
RF,FGSM_eps0.3,5989,5989,1.0,1.0,FGSM,0.3,1,SSH-BruteForce,
RF,FGSM_eps0.3,36,35,1.0,1.0,FGSM,0.3,1,Web Attack - Brute Force,
RF,FGSM_eps0.3,28,28,0.9642857142857143,0.9642857142857143,FGSM,0.3,1,Web Attack - Brute Force - Attempted,
RF,FGSM_eps0.3,3,3,1.0,1.0,FGSM,0.3,1,Web Attack - SQL,
RF,FGSM_eps0.3,4,4,1.0,1.0,FGSM,0.3,1,Web Attack - SQL - Attempted,
RF,FGSM_eps0.3,19,19,1.0,1.0,FGSM,0.3,1,Web Attack - XSS,
MLP,FGSM_eps0.3,60000,0,,,FGSM,0.3,1,Benign,
MLP,FGSM_eps0.3,6031,6031,0.9995025700547173,0.9995025700547173,FGSM,0.3,1,Botnet Ares,
MLP,FGSM_eps0.3,69,69,1.0,1.0,FGSM,0.3,1,Botnet Ares - Attempted,
MLP,FGSM_eps0.3,6039,6039,1.0,1.0,FGSM,0.3,1,DDoS-HOIC,
MLP,FGSM_eps0.3,5969,5969,1.0,1.0,FGSM,0.3,1,DDoS-LOIC-HTTP,
MLP,FGSM_eps0.3,504,504,0.015873015873015872,0.015873015873015872,FGSM,0.3,1,DDoS-LOIC-UDP,
MLP,FGSM_eps0.3,38,37,1.0,0.9736842105263158,FGSM,0.3,1,DDoS-LOIC-UDP - Attempted,
MLP,FGSM_eps0.3,4580,4579,1.0,0.9997816593886463,FGSM,0.3,1,DoS GoldenEye,
MLP,FGSM_eps0.3,824,824,0.9866504854368932,0.9866504854368932,FGSM,0.3,1,DoS GoldenEye - Attempted,
MLP,FGSM_eps0.3,5995,5995,1.0,1.0,FGSM,0.3,1,DoS Hulk,
MLP,FGSM_eps0.3,15,15,1.0,1.0,FGSM,0.3,1,DoS Hulk - Attempted,
MLP,FGSM_eps0.3,1747,1747,0.4006868918145392,0.4006868918145392,FGSM,0.3,1,DoS Slowloris,
MLP,FGSM_eps0.3,466,466,1.0,1.0,FGSM,0.3,1,DoS Slowloris - Attempted,
MLP,FGSM_eps0.3,5932,5932,0.7754551584625758,0.7754551584625758,FGSM,0.3,1,FTP-BruteForce - Attempted,
MLP,FGSM_eps0.3,40,40,1.0,1.0,FGSM,0.3,1,Infiltration - Communication Victim Attacker,
MLP,FGSM_eps0.3,25,5,1.0,0.28,FGSM,0.3,1,Infiltration - Dropbox Download,
MLP,FGSM_eps0.3,4,0,,0.25,FGSM,0.3,1,Infiltration - Dropbox Download - Attempted,
MLP,FGSM_eps0.3,5946,5831,0.9965700565940662,0.981163807601749,FGSM,0.3,1,Infiltration - NMAP Portscan,
MLP,FGSM_eps0.3,5989,5989,1.0,1.0,FGSM,0.3,1,SSH-BruteForce,
MLP,FGSM_eps0.3,36,34,1.0,0.9444444444444444,FGSM,0.3,1,Web Attack - Brute Force,
MLP,FGSM_eps0.3,28,27,1.0,0.9642857142857143,FGSM,0.3,1,Web Attack - Brute Force - Attempted,
MLP,FGSM_eps0.3,3,2,1.0,0.6666666666666666,FGSM,0.3,1,Web Attack - SQL,
MLP,FGSM_eps0.3,4,1,1.0,0.25,FGSM,0.3,1,Web Attack - SQL - Attempted,
MLP,FGSM_eps0.3,19,19,1.0,1.0,FGSM,0.3,1,Web Attack - XSS,
LR,FGSM_eps0.5,60000,0,,,FGSM,0.5,1,Benign,
LR,FGSM_eps0.5,6031,6025,1.0,1.0,FGSM,0.5,1,Botnet Ares,
LR,FGSM_eps0.5,69,69,1.0,1.0,FGSM,0.5,1,Botnet Ares - Attempted,
LR,FGSM_eps0.5,6039,6039,1.0,1.0,FGSM,0.5,1,DDoS-HOIC,
LR,FGSM_eps0.5,5969,0,,1.0,FGSM,0.5,1,DDoS-LOIC-HTTP,
LR,FGSM_eps0.5,504,496,0.03024193548387097,0.04563492063492063,FGSM,0.5,1,DDoS-LOIC-UDP,
LR,FGSM_eps0.5,38,0,,0.9736842105263158,FGSM,0.5,1,DDoS-LOIC-UDP - Attempted,
LR,FGSM_eps0.5,4580,4580,0.9997816593886463,0.9997816593886463,FGSM,0.5,1,DoS GoldenEye,
LR,FGSM_eps0.5,824,824,0.9866504854368932,0.9866504854368932,FGSM,0.5,1,DoS GoldenEye - Attempted,
LR,FGSM_eps0.5,5995,5995,1.0,1.0,FGSM,0.5,1,DoS Hulk,
LR,FGSM_eps0.5,15,15,1.0,1.0,FGSM,0.5,1,DoS Hulk - Attempted,
LR,FGSM_eps0.5,1747,1691,0.42046126552335894,0.4390383514596451,FGSM,0.5,1,DoS Slowloris,
LR,FGSM_eps0.5,466,450,1.0,1.0,FGSM,0.5,1,DoS Slowloris - Attempted,
LR,FGSM_eps0.5,5932,5932,1.0,1.0,FGSM,0.5,1,FTP-BruteForce - Attempted,
LR,FGSM_eps0.5,40,40,1.0,1.0,FGSM,0.5,1,Infiltration - Communication Victim Attacker,
LR,FGSM_eps0.5,25,0,,0.2,FGSM,0.5,1,Infiltration - Dropbox Download,
LR,FGSM_eps0.5,4,0,,0.0,FGSM,0.5,1,Infiltration - Dropbox Download - Attempted,
LR,FGSM_eps0.5,5946,5341,0.9754727579105037,0.9653548604103599,FGSM,0.5,1,Infiltration - NMAP Portscan,
LR,FGSM_eps0.5,5989,5989,1.0,1.0,FGSM,0.5,1,SSH-BruteForce,
LR,FGSM_eps0.5,36,0,,0.9444444444444444,FGSM,0.5,1,Web Attack - Brute Force,
LR,FGSM_eps0.5,28,0,,0.9642857142857143,FGSM,0.5,1,Web Attack - Brute Force - Attempted,
LR,FGSM_eps0.5,3,2,1.0,0.6666666666666666,FGSM,0.5,1,Web Attack - SQL,
LR,FGSM_eps0.5,4,2,0.5,0.25,FGSM,0.5,1,Web Attack - SQL - Attempted,
LR,FGSM_eps0.5,19,0,,1.0,FGSM,0.5,1,Web Attack - XSS,
SVM,FGSM_eps0.5,60000,0,,,FGSM,0.5,1,Benign,
SVM,FGSM_eps0.5,6031,6031,1.0,1.0,FGSM,0.5,1,Botnet Ares,
SVM,FGSM_eps0.5,69,69,1.0,1.0,FGSM,0.5,1,Botnet Ares - Attempted,
SVM,FGSM_eps0.5,6039,6039,1.0,1.0,FGSM,0.5,1,DDoS-HOIC,
SVM,FGSM_eps0.5,5969,0,,1.0,FGSM,0.5,1,DDoS-LOIC-HTTP,
SVM,FGSM_eps0.5,504,497,0.014084507042253521,0.027777777777777776,FGSM,0.5,1,DDoS-LOIC-UDP,
SVM,FGSM_eps0.5,38,0,,0.9473684210526315,FGSM,0.5,1,DDoS-LOIC-UDP - Attempted,
SVM,FGSM_eps0.5,4580,4580,0.9548034934497817,0.9548034934497817,FGSM,0.5,1,DoS GoldenEye,
SVM,FGSM_eps0.5,824,824,1.0,1.0,FGSM,0.5,1,DoS GoldenEye - Attempted,
SVM,FGSM_eps0.5,5995,5995,0.996163469557965,0.996163469557965,FGSM,0.5,1,DoS Hulk,
SVM,FGSM_eps0.5,15,15,1.0,1.0,FGSM,0.5,1,DoS Hulk - Attempted,
SVM,FGSM_eps0.5,1747,1667,0.9640071985602879,0.9656554092730395,FGSM,0.5,1,DoS Slowloris,
SVM,FGSM_eps0.5,466,450,1.0,1.0,FGSM,0.5,1,DoS Slowloris - Attempted,
SVM,FGSM_eps0.5,5932,5932,1.0,1.0,FGSM,0.5,1,FTP-BruteForce - Attempted,
SVM,FGSM_eps0.5,40,40,0.375,0.375,FGSM,0.5,1,Infiltration - Communication Victim Attacker,
SVM,FGSM_eps0.5,25,0,,0.2,FGSM,0.5,1,Infiltration - Dropbox Download,
SVM,FGSM_eps0.5,4,0,,0.0,FGSM,0.5,1,Infiltration - Dropbox Download - Attempted,
SVM,FGSM_eps0.5,5946,4787,0.9905995404219762,0.9870501177262024,FGSM,0.5,1,Infiltration - NMAP Portscan,
SVM,FGSM_eps0.5,5989,5989,0.26281516112873604,0.26281516112873604,FGSM,0.5,1,SSH-BruteForce,
SVM,FGSM_eps0.5,36,0,,0.9444444444444444,FGSM,0.5,1,Web Attack - Brute Force,
SVM,FGSM_eps0.5,28,0,,0.9285714285714286,FGSM,0.5,1,Web Attack - Brute Force - Attempted,
SVM,FGSM_eps0.5,3,0,,1.0,FGSM,0.5,1,Web Attack - SQL,
SVM,FGSM_eps0.5,4,0,,0.25,FGSM,0.5,1,Web Attack - SQL - Attempted,
SVM,FGSM_eps0.5,19,0,,1.0,FGSM,0.5,1,Web Attack - XSS,
RF,FGSM_eps0.5,60000,0,,,FGSM,0.5,1,Benign,
RF,FGSM_eps0.5,6031,6031,1.0,1.0,FGSM,0.5,1,Botnet Ares,
RF,FGSM_eps0.5,69,69,1.0,1.0,FGSM,0.5,1,Botnet Ares - Attempted,
RF,FGSM_eps0.5,6039,6039,1.0,1.0,FGSM,0.5,1,DDoS-HOIC,
RF,FGSM_eps0.5,5969,5969,1.0,1.0,FGSM,0.5,1,DDoS-LOIC-HTTP,
RF,FGSM_eps0.5,504,504,0.44246031746031744,0.44246031746031744,FGSM,0.5,1,DDoS-LOIC-UDP,
RF,FGSM_eps0.5,38,38,1.0,1.0,FGSM,0.5,1,DDoS-LOIC-UDP - Attempted,
RF,FGSM_eps0.5,4580,4580,0.9997816593886463,0.9997816593886463,FGSM,0.5,1,DoS GoldenEye,
RF,FGSM_eps0.5,824,824,1.0,1.0,FGSM,0.5,1,DoS GoldenEye - Attempted,
RF,FGSM_eps0.5,5995,5995,1.0,1.0,FGSM,0.5,1,DoS Hulk,
RF,FGSM_eps0.5,15,15,0.0,0.0,FGSM,0.5,1,DoS Hulk - Attempted,
RF,FGSM_eps0.5,1747,1747,1.0,1.0,FGSM,0.5,1,DoS Slowloris,
RF,FGSM_eps0.5,466,466,0.06652360515021459,0.06652360515021459,FGSM,0.5,1,DoS Slowloris - Attempted,
RF,FGSM_eps0.5,5932,5932,0.7934929197572488,0.7934929197572488,FGSM,0.5,1,FTP-BruteForce - Attempted,
RF,FGSM_eps0.5,40,40,1.0,1.0,FGSM,0.5,1,Infiltration - Communication Victim Attacker,
RF,FGSM_eps0.5,25,14,1.0,0.8,FGSM,0.5,1,Infiltration - Dropbox Download,
RF,FGSM_eps0.5,4,0,,0.75,FGSM,0.5,1,Infiltration - Dropbox Download - Attempted,
RF,FGSM_eps0.5,5946,5942,0.9988219454729047,0.9988227379751093,FGSM,0.5,1,Infiltration - NMAP Portscan,
RF,FGSM_eps0.5,5989,5989,1.0,1.0,FGSM,0.5,1,SSH-BruteForce,
RF,FGSM_eps0.5,36,35,1.0,1.0,FGSM,0.5,1,Web Attack - Brute Force,
RF,FGSM_eps0.5,28,28,0.4642857142857143,0.4642857142857143,FGSM,0.5,1,Web Attack - Brute Force - Attempted,
RF,FGSM_eps0.5,3,3,1.0,1.0,FGSM,0.5,1,Web Attack - SQL,
RF,FGSM_eps0.5,4,4,0.75,0.75,FGSM,0.5,1,Web Attack - SQL - Attempted,
RF,FGSM_eps0.5,19,19,1.0,1.0,FGSM,0.5,1,Web Attack - XSS,
MLP,FGSM_eps0.5,60000,0,,,FGSM,0.5,1,Benign,
MLP,FGSM_eps0.5,6031,6031,0.9996683800364782,0.9996683800364782,FGSM,0.5,1,Botnet Ares,
MLP,FGSM_eps0.5,69,69,1.0,1.0,FGSM,0.5,1,Botnet Ares - Attempted,
MLP,FGSM_eps0.5,6039,6039,1.0,1.0,FGSM,0.5,1,DDoS-HOIC,
MLP,FGSM_eps0.5,5969,5969,1.0,1.0,FGSM,0.5,1,DDoS-LOIC-HTTP,
MLP,FGSM_eps0.5,504,504,0.08928571428571429,0.08928571428571429,FGSM,0.5,1,DDoS-LOIC-UDP,
MLP,FGSM_eps0.5,38,37,1.0,0.9736842105263158,FGSM,0.5,1,DDoS-LOIC-UDP - Attempted,
MLP,FGSM_eps0.5,4580,4579,1.0,0.9997816593886463,FGSM,0.5,1,DoS GoldenEye,
MLP,FGSM_eps0.5,824,824,0.9866504854368932,0.9866504854368932,FGSM,0.5,1,DoS GoldenEye - Attempted,
MLP,FGSM_eps0.5,5995,5995,1.0,1.0,FGSM,0.5,1,DoS Hulk,
MLP,FGSM_eps0.5,15,15,1.0,1.0,FGSM,0.5,1,DoS Hulk - Attempted,
MLP,FGSM_eps0.5,1747,1747,0.3989696622781912,0.3989696622781912,FGSM,0.5,1,DoS Slowloris,
MLP,FGSM_eps0.5,466,466,1.0,1.0,FGSM,0.5,1,DoS Slowloris - Attempted,
MLP,FGSM_eps0.5,5932,5932,1.0,1.0,FGSM,0.5,1,FTP-BruteForce - Attempted,
MLP,FGSM_eps0.5,40,40,1.0,1.0,FGSM,0.5,1,Infiltration - Communication Victim Attacker,
MLP,FGSM_eps0.5,25,5,1.0,0.24,FGSM,0.5,1,Infiltration - Dropbox Download,
MLP,FGSM_eps0.5,4,0,,0.0,FGSM,0.5,1,Infiltration - Dropbox Download - Attempted,
MLP,FGSM_eps0.5,5946,5831,0.9991425141485165,0.9798183652875883,FGSM,0.5,1,Infiltration - NMAP Portscan,
MLP,FGSM_eps0.5,5989,5989,1.0,1.0,FGSM,0.5,1,SSH-BruteForce,
MLP,FGSM_eps0.5,36,34,1.0,0.9444444444444444,FGSM,0.5,1,Web Attack - Brute Force,
MLP,FGSM_eps0.5,28,27,1.0,0.9642857142857143,FGSM,0.5,1,Web Attack - Brute Force - Attempted,
MLP,FGSM_eps0.5,3,2,1.0,0.6666666666666666,FGSM,0.5,1,Web Attack - SQL,
MLP,FGSM_eps0.5,4,1,1.0,0.25,FGSM,0.5,1,Web Attack - SQL - Attempted,
MLP,FGSM_eps0.5,19,19,1.0,1.0,FGSM,0.5,1,Web Attack - XSS,
LR,FGSM_eps0.75,60000,0,,,FGSM,0.75,1,Benign,
LR,FGSM_eps0.75,6031,6025,1.0,1.0,FGSM,0.75,1,Botnet Ares,
LR,FGSM_eps0.75,69,69,1.0,1.0,FGSM,0.75,1,Botnet Ares - Attempted,
LR,FGSM_eps0.75,6039,6039,1.0,1.0,FGSM,0.75,1,DDoS-HOIC,
LR,FGSM_eps0.75,5969,0,,1.0,FGSM,0.75,1,DDoS-LOIC-HTTP,
LR,FGSM_eps0.75,504,496,0.03225806451612903,0.047619047619047616,FGSM,0.75,1,DDoS-LOIC-UDP,
LR,FGSM_eps0.75,38,0,,0.9736842105263158,FGSM,0.75,1,DDoS-LOIC-UDP - Attempted,
LR,FGSM_eps0.75,4580,4580,0.9997816593886463,0.9997816593886463,FGSM,0.75,1,DoS GoldenEye,
LR,FGSM_eps0.75,824,824,0.9866504854368932,0.9866504854368932,FGSM,0.75,1,DoS GoldenEye - Attempted,
LR,FGSM_eps0.75,5995,5995,1.0,1.0,FGSM,0.75,1,DoS Hulk,
LR,FGSM_eps0.75,15,15,1.0,1.0,FGSM,0.75,1,DoS Hulk - Attempted,
LR,FGSM_eps0.75,1747,1691,0.4506209343583678,0.4682312535775615,FGSM,0.75,1,DoS Slowloris,
LR,FGSM_eps0.75,466,450,1.0,1.0,FGSM,0.75,1,DoS Slowloris - Attempted,
LR,FGSM_eps0.75,5932,5932,1.0,1.0,FGSM,0.75,1,FTP-BruteForce - Attempted,
LR,FGSM_eps0.75,40,40,1.0,1.0,FGSM,0.75,1,Infiltration - Communication Victim Attacker,
LR,FGSM_eps0.75,25,0,,0.2,FGSM,0.75,1,Infiltration - Dropbox Download,
LR,FGSM_eps0.75,4,0,,0.0,FGSM,0.75,1,Infiltration - Dropbox Download - Attempted,
LR,FGSM_eps0.75,5946,5341,0.9921363040629095,0.9803229061553986,FGSM,0.75,1,Infiltration - NMAP Portscan,
LR,FGSM_eps0.75,5989,5989,1.0,1.0,FGSM,0.75,1,SSH-BruteForce,
LR,FGSM_eps0.75,36,0,,0.9444444444444444,FGSM,0.75,1,Web Attack - Brute Force,
LR,FGSM_eps0.75,28,0,,0.9642857142857143,FGSM,0.75,1,Web Attack - Brute Force - Attempted,
LR,FGSM_eps0.75,3,2,1.0,0.6666666666666666,FGSM,0.75,1,Web Attack - SQL,
LR,FGSM_eps0.75,4,2,0.5,0.25,FGSM,0.75,1,Web Attack - SQL - Attempted,
LR,FGSM_eps0.75,19,0,,1.0,FGSM,0.75,1,Web Attack - XSS,
SVM,FGSM_eps0.75,60000,0,,,FGSM,0.75,1,Benign,
SVM,FGSM_eps0.75,6031,6031,1.0,1.0,FGSM,0.75,1,Botnet Ares,
SVM,FGSM_eps0.75,69,69,1.0,1.0,FGSM,0.75,1,Botnet Ares - Attempted,
SVM,FGSM_eps0.75,6039,6039,1.0,1.0,FGSM,0.75,1,DDoS-HOIC,
SVM,FGSM_eps0.75,5969,0,,1.0,FGSM,0.75,1,DDoS-LOIC-HTTP,
SVM,FGSM_eps0.75,504,497,0.014084507042253521,0.027777777777777776,FGSM,0.75,1,DDoS-LOIC-UDP,
SVM,FGSM_eps0.75,38,0,,0.9473684210526315,FGSM,0.75,1,DDoS-LOIC-UDP - Attempted,
SVM,FGSM_eps0.75,4580,4580,0.9548034934497817,0.9548034934497817,FGSM,0.75,1,DoS GoldenEye,
SVM,FGSM_eps0.75,824,824,1.0,1.0,FGSM,0.75,1,DoS GoldenEye - Attempted,
SVM,FGSM_eps0.75,5995,5995,0.996163469557965,0.996163469557965,FGSM,0.75,1,DoS Hulk,
SVM,FGSM_eps0.75,15,15,1.0,1.0,FGSM,0.75,1,DoS Hulk - Attempted,
SVM,FGSM_eps0.75,1747,1667,0.9640071985602879,0.9656554092730395,FGSM,0.75,1,DoS Slowloris,
SVM,FGSM_eps0.75,466,450,1.0,1.0,FGSM,0.75,1,DoS Slowloris - Attempted,
SVM,FGSM_eps0.75,5932,5932,1.0,1.0,FGSM,0.75,1,FTP-BruteForce - Attempted,
SVM,FGSM_eps0.75,40,40,0.375,0.375,FGSM,0.75,1,Infiltration - Communication Victim Attacker,
SVM,FGSM_eps0.75,25,0,,0.2,FGSM,0.75,1,Infiltration - Dropbox Download,
SVM,FGSM_eps0.75,4,0,,0.0,FGSM,0.75,1,Infiltration - Dropbox Download - Attempted,
SVM,FGSM_eps0.75,5946,4787,0.9972843116774598,0.9924318869828456,FGSM,0.75,1,Infiltration - NMAP Portscan,
SVM,FGSM_eps0.75,5989,5989,0.26281516112873604,0.26281516112873604,FGSM,0.75,1,SSH-BruteForce,
SVM,FGSM_eps0.75,36,0,,0.9444444444444444,FGSM,0.75,1,Web Attack - Brute Force,
SVM,FGSM_eps0.75,28,0,,0.9285714285714286,FGSM,0.75,1,Web Attack - Brute Force - Attempted,
SVM,FGSM_eps0.75,3,0,,1.0,FGSM,0.75,1,Web Attack - SQL,
SVM,FGSM_eps0.75,4,0,,0.25,FGSM,0.75,1,Web Attack - SQL - Attempted,
SVM,FGSM_eps0.75,19,0,,1.0,FGSM,0.75,1,Web Attack - XSS,
RF,FGSM_eps0.75,60000,0,,,FGSM,0.75,1,Benign,
RF,FGSM_eps0.75,6031,6031,1.0,1.0,FGSM,0.75,1,Botnet Ares,
RF,FGSM_eps0.75,69,69,1.0,1.0,FGSM,0.75,1,Botnet Ares - Attempted,
RF,FGSM_eps0.75,6039,6039,1.0,1.0,FGSM,0.75,1,DDoS-HOIC,
RF,FGSM_eps0.75,5969,5969,1.0,1.0,FGSM,0.75,1,DDoS-LOIC-HTTP,
RF,FGSM_eps0.75,504,504,0.44246031746031744,0.44246031746031744,FGSM,0.75,1,DDoS-LOIC-UDP,
RF,FGSM_eps0.75,38,38,1.0,1.0,FGSM,0.75,1,DDoS-LOIC-UDP - Attempted,
RF,FGSM_eps0.75,4580,4580,0.9997816593886463,0.9997816593886463,FGSM,0.75,1,DoS GoldenEye,
RF,FGSM_eps0.75,824,824,1.0,1.0,FGSM,0.75,1,DoS GoldenEye - Attempted,
RF,FGSM_eps0.75,5995,5995,1.0,1.0,FGSM,0.75,1,DoS Hulk,
RF,FGSM_eps0.75,15,15,0.4666666666666667,0.4666666666666667,FGSM,0.75,1,DoS Hulk - Attempted,
RF,FGSM_eps0.75,1747,1747,1.0,1.0,FGSM,0.75,1,DoS Slowloris,
RF,FGSM_eps0.75,466,466,0.06652360515021459,0.06652360515021459,FGSM,0.75,1,DoS Slowloris - Attempted,
RF,FGSM_eps0.75,5932,5932,0.7934929197572488,0.7934929197572488,FGSM,0.75,1,FTP-BruteForce - Attempted,
RF,FGSM_eps0.75,40,40,1.0,1.0,FGSM,0.75,1,Infiltration - Communication Victim Attacker,
RF,FGSM_eps0.75,25,14,1.0,0.92,FGSM,0.75,1,Infiltration - Dropbox Download,
RF,FGSM_eps0.75,4,0,,1.0,FGSM,0.75,1,Infiltration - Dropbox Download - Attempted,
RF,FGSM_eps0.75,5946,5942,0.9988219454729047,0.9988227379751093,FGSM,0.75,1,Infiltration - NMAP Portscan,
RF,FGSM_eps0.75,5989,5989,1.0,1.0,FGSM,0.75,1,SSH-BruteForce,
RF,FGSM_eps0.75,36,35,1.0,1.0,FGSM,0.75,1,Web Attack - Brute Force,
RF,FGSM_eps0.75,28,28,0.4642857142857143,0.4642857142857143,FGSM,0.75,1,Web Attack - Brute Force - Attempted,
RF,FGSM_eps0.75,3,3,1.0,1.0,FGSM,0.75,1,Web Attack - SQL,
RF,FGSM_eps0.75,4,4,0.75,0.75,FGSM,0.75,1,Web Attack - SQL - Attempted,
RF,FGSM_eps0.75,19,19,1.0,1.0,FGSM,0.75,1,Web Attack - XSS,
MLP,FGSM_eps0.75,60000,0,,,FGSM,0.75,1,Benign,
MLP,FGSM_eps0.75,6031,6031,1.0,1.0,FGSM,0.75,1,Botnet Ares,
MLP,FGSM_eps0.75,69,69,1.0,1.0,FGSM,0.75,1,Botnet Ares - Attempted,
MLP,FGSM_eps0.75,6039,6039,1.0,1.0,FGSM,0.75,1,DDoS-HOIC,
MLP,FGSM_eps0.75,5969,5969,1.0,1.0,FGSM,0.75,1,DDoS-LOIC-HTTP,
MLP,FGSM_eps0.75,504,504,0.20833333333333334,0.20833333333333334,FGSM,0.75,1,DDoS-LOIC-UDP,
MLP,FGSM_eps0.75,38,37,1.0,0.9736842105263158,FGSM,0.75,1,DDoS-LOIC-UDP - Attempted,
MLP,FGSM_eps0.75,4580,4579,1.0,0.9997816593886463,FGSM,0.75,1,DoS GoldenEye,
MLP,FGSM_eps0.75,824,824,0.9866504854368932,0.9866504854368932,FGSM,0.75,1,DoS GoldenEye - Attempted,
MLP,FGSM_eps0.75,5995,5995,1.0,1.0,FGSM,0.75,1,DoS Hulk,
MLP,FGSM_eps0.75,15,15,1.0,1.0,FGSM,0.75,1,DoS Hulk - Attempted,
MLP,FGSM_eps0.75,1747,1747,0.3966800228963938,0.3966800228963938,FGSM,0.75,1,DoS Slowloris,
MLP,FGSM_eps0.75,466,466,1.0,1.0,FGSM,0.75,1,DoS Slowloris - Attempted,
MLP,FGSM_eps0.75,5932,5932,1.0,1.0,FGSM,0.75,1,FTP-BruteForce - Attempted,
MLP,FGSM_eps0.75,40,40,1.0,1.0,FGSM,0.75,1,Infiltration - Communication Victim Attacker,
MLP,FGSM_eps0.75,25,5,1.0,0.28,FGSM,0.75,1,Infiltration - Dropbox Download,
MLP,FGSM_eps0.75,4,0,,0.0,FGSM,0.75,1,Infiltration - Dropbox Download - Attempted,
MLP,FGSM_eps0.75,5946,5831,0.9891956782713085,0.9700639085099226,FGSM,0.75,1,Infiltration - NMAP Portscan,
MLP,FGSM_eps0.75,5989,5989,1.0,1.0,FGSM,0.75,1,SSH-BruteForce,
MLP,FGSM_eps0.75,36,34,1.0,0.9444444444444444,FGSM,0.75,1,Web Attack - Brute Force,
MLP,FGSM_eps0.75,28,27,0.9629629629629629,0.9285714285714286,FGSM,0.75,1,Web Attack - Brute Force - Attempted,
MLP,FGSM_eps0.75,3,2,1.0,0.6666666666666666,FGSM,0.75,1,Web Attack - SQL,
MLP,FGSM_eps0.75,4,1,1.0,0.25,FGSM,0.75,1,Web Attack - SQL - Attempted,
MLP,FGSM_eps0.75,19,19,1.0,1.0,FGSM,0.75,1,Web Attack - XSS,
LR,PGD_eps0.15_it10,60000,0,,,PGD,0.15,10,Benign,
LR,PGD_eps0.15_it10,6031,6025,1.0,1.0,PGD,0.15,10,Botnet Ares,
LR,PGD_eps0.15_it10,69,69,0.34782608695652173,0.34782608695652173,PGD,0.15,10,Botnet Ares - Attempted,
LR,PGD_eps0.15_it10,6039,6039,0.999337638681901,0.999337638681901,PGD,0.15,10,DDoS-HOIC,
LR,PGD_eps0.15_it10,5969,0,,1.0,PGD,0.15,10,DDoS-LOIC-HTTP,
LR,PGD_eps0.15_it10,504,496,0.0020161290322580645,0.017857142857142856,PGD,0.15,10,DDoS-LOIC-UDP,
LR,PGD_eps0.15_it10,38,0,,0.9736842105263158,PGD,0.15,10,DDoS-LOIC-UDP - Attempted,
LR,PGD_eps0.15_it10,4580,4580,0.18056768558951966,0.18056768558951966,PGD,0.15,10,DoS GoldenEye,
LR,PGD_eps0.15_it10,824,824,0.0,0.0,PGD,0.15,10,DoS GoldenEye - Attempted,
LR,PGD_eps0.15_it10,5995,5995,0.0016680567139282735,0.0016680567139282735,PGD,0.15,10,DoS Hulk,
LR,PGD_eps0.15_it10,15,15,0.9333333333333333,0.9333333333333333,PGD,0.15,10,DoS Hulk - Attempted,
LR,PGD_eps0.15_it10,1747,1691,0.33944411590774687,0.3606182026330853,PGD,0.15,10,DoS Slowloris,
LR,PGD_eps0.15_it10,466,450,1.0,1.0,PGD,0.15,10,DoS Slowloris - Attempted,
LR,PGD_eps0.15_it10,5932,5932,0.0,0.0,PGD,0.15,10,FTP-BruteForce - Attempted,
LR,PGD_eps0.15_it10,40,40,0.275,0.275,PGD,0.15,10,Infiltration - Communication Victim Attacker,
LR,PGD_eps0.15_it10,25,0,,0.28,PGD,0.15,10,Infiltration - Dropbox Download,
LR,PGD_eps0.15_it10,4,0,,0.0,PGD,0.15,10,Infiltration - Dropbox Download - Attempted,
LR,PGD_eps0.15_it10,5946,5341,0.5480247144729451,0.5876219307097208,PGD,0.15,10,Infiltration - NMAP Portscan,
LR,PGD_eps0.15_it10,5989,5989,0.835197862748372,0.835197862748372,PGD,0.15,10,SSH-BruteForce,
LR,PGD_eps0.15_it10,36,0,,0.9722222222222222,PGD,0.15,10,Web Attack - Brute Force,
LR,PGD_eps0.15_it10,28,0,,0.9642857142857143,PGD,0.15,10,Web Attack - Brute Force - Attempted,
LR,PGD_eps0.15_it10,3,2,1.0,0.6666666666666666,PGD,0.15,10,Web Attack - SQL,
LR,PGD_eps0.15_it10,4,2,0.5,0.25,PGD,0.15,10,Web Attack - SQL - Attempted,
LR,PGD_eps0.15_it10,19,0,,1.0,PGD,0.15,10,Web Attack - XSS,
SVM,PGD_eps0.15_it10,60000,0,,,PGD,0.15,10,Benign,
SVM,PGD_eps0.15_it10,6031,6031,0.006466589288675178,0.006466589288675178,PGD,0.15,10,Botnet Ares,
SVM,PGD_eps0.15_it10,69,69,0.34782608695652173,0.34782608695652173,PGD,0.15,10,Botnet Ares - Attempted,
SVM,PGD_eps0.15_it10,6039,6039,0.999337638681901,0.999337638681901,PGD,0.15,10,DDoS-HOIC,
SVM,PGD_eps0.15_it10,5969,0,,1.0,PGD,0.15,10,DDoS-LOIC-HTTP,
SVM,PGD_eps0.15_it10,504,497,0.0,0.013888888888888888,PGD,0.15,10,DDoS-LOIC-UDP,
SVM,PGD_eps0.15_it10,38,0,,0.9736842105263158,PGD,0.15,10,DDoS-LOIC-UDP - Attempted,
SVM,PGD_eps0.15_it10,4580,4580,0.18056768558951966,0.18056768558951966,PGD,0.15,10,DoS GoldenEye,
SVM,PGD_eps0.15_it10,824,824,0.013349514563106795,0.013349514563106795,PGD,0.15,10,DoS GoldenEye - Attempted,
SVM,PGD_eps0.15_it10,5995,5995,0.0016680567139282735,0.0016680567139282735,PGD,0.15,10,DoS Hulk,
SVM,PGD_eps0.15_it10,15,15,1.0,1.0,PGD,0.15,10,DoS Hulk - Attempted,
SVM,PGD_eps0.15_it10,1747,1667,0.9130173965206959,0.9158557527189468,PGD,0.15,10,DoS Slowloris,
SVM,PGD_eps0.15_it10,466,450,1.0,1.0,PGD,0.15,10,DoS Slowloris - Attempted,
SVM,PGD_eps0.15_it10,5932,5932,0.0,0.0,PGD,0.15,10,FTP-BruteForce - Attempted,
SVM,PGD_eps0.15_it10,40,40,0.0,0.0,PGD,0.15,10,Infiltration - Communication Victim Attacker,
SVM,PGD_eps0.15_it10,25,0,,0.2,PGD,0.15,10,Infiltration - Dropbox Download,
SVM,PGD_eps0.15_it10,4,0,,0.0,PGD,0.15,10,Infiltration - Dropbox Download - Attempted,
SVM,PGD_eps0.15_it10,5946,4787,0.49446417380405266,0.5598721829801547,PGD,0.15,10,Infiltration - NMAP Portscan,
SVM,PGD_eps0.15_it10,5989,5989,0.0,0.0,PGD,0.15,10,SSH-BruteForce,
SVM,PGD_eps0.15_it10,36,0,,0.9444444444444444,PGD,0.15,10,Web Attack - Brute Force,
SVM,PGD_eps0.15_it10,28,0,,0.5714285714285714,PGD,0.15,10,Web Attack - Brute Force - Attempted,
SVM,PGD_eps0.15_it10,3,0,,0.6666666666666666,PGD,0.15,10,Web Attack - SQL,
SVM,PGD_eps0.15_it10,4,0,,0.25,PGD,0.15,10,Web Attack - SQL - Attempted,
SVM,PGD_eps0.15_it10,19,0,,1.0,PGD,0.15,10,Web Attack - XSS,
RF,PGD_eps0.15_it10,60000,0,,,PGD,0.15,10,Benign,
RF,PGD_eps0.15_it10,6031,6031,1.0,1.0,PGD,0.15,10,Botnet Ares,
RF,PGD_eps0.15_it10,69,69,1.0,1.0,PGD,0.15,10,Botnet Ares - Attempted,
RF,PGD_eps0.15_it10,6039,6039,1.0,1.0,PGD,0.15,10,DDoS-HOIC,
RF,PGD_eps0.15_it10,5969,5969,1.0,1.0,PGD,0.15,10,DDoS-LOIC-HTTP,
RF,PGD_eps0.15_it10,504,504,0.42658730158730157,0.42658730158730157,PGD,0.15,10,DDoS-LOIC-UDP,
RF,PGD_eps0.15_it10,38,38,1.0,1.0,PGD,0.15,10,DDoS-LOIC-UDP - Attempted,
RF,PGD_eps0.15_it10,4580,4580,0.9997816593886463,0.9997816593886463,PGD,0.15,10,DoS GoldenEye,
RF,PGD_eps0.15_it10,824,824,1.0,1.0,PGD,0.15,10,DoS GoldenEye - Attempted,
RF,PGD_eps0.15_it10,5995,5995,1.0,1.0,PGD,0.15,10,DoS Hulk,
RF,PGD_eps0.15_it10,15,15,1.0,1.0,PGD,0.15,10,DoS Hulk - Attempted,
RF,PGD_eps0.15_it10,1747,1747,0.9805380652547224,0.9805380652547224,PGD,0.15,10,DoS Slowloris,
RF,PGD_eps0.15_it10,466,466,1.0,1.0,PGD,0.15,10,DoS Slowloris - Attempted,
RF,PGD_eps0.15_it10,5932,5932,0.728422117329737,0.728422117329737,PGD,0.15,10,FTP-BruteForce - Attempted,
RF,PGD_eps0.15_it10,40,40,0.625,0.625,PGD,0.15,10,Infiltration - Communication Victim Attacker,
RF,PGD_eps0.15_it10,25,14,1.0,0.96,PGD,0.15,10,Infiltration - Dropbox Download,
RF,PGD_eps0.15_it10,4,0,,1.0,PGD,0.15,10,Infiltration - Dropbox Download - Attempted,
RF,PGD_eps0.15_it10,5946,5942,0.8243015819589364,0.8244197780020182,PGD,0.15,10,Infiltration - NMAP Portscan,
RF,PGD_eps0.15_it10,5989,5989,1.0,1.0,PGD,0.15,10,SSH-BruteForce,
RF,PGD_eps0.15_it10,36,35,1.0,1.0,PGD,0.15,10,Web Attack - Brute Force,
RF,PGD_eps0.15_it10,28,28,1.0,1.0,PGD,0.15,10,Web Attack - Brute Force - Attempted,
RF,PGD_eps0.15_it10,3,3,1.0,1.0,PGD,0.15,10,Web Attack - SQL,
RF,PGD_eps0.15_it10,4,4,0.75,0.75,PGD,0.15,10,Web Attack - SQL - Attempted,
RF,PGD_eps0.15_it10,19,19,1.0,1.0,PGD,0.15,10,Web Attack - XSS,
MLP,PGD_eps0.15_it10,60000,0,,,PGD,0.15,10,Benign,
MLP,PGD_eps0.15_it10,6031,6031,0.9938650306748467,0.9938650306748467,PGD,0.15,10,Botnet Ares,
MLP,PGD_eps0.15_it10,69,69,1.0,1.0,PGD,0.15,10,Botnet Ares - Attempted,
MLP,PGD_eps0.15_it10,6039,6039,1.0,1.0,PGD,0.15,10,DDoS-HOIC,
MLP,PGD_eps0.15_it10,5969,5969,1.0,1.0,PGD,0.15,10,DDoS-LOIC-HTTP,
MLP,PGD_eps0.15_it10,504,504,0.003968253968253968,0.003968253968253968,PGD,0.15,10,DDoS-LOIC-UDP,
MLP,PGD_eps0.15_it10,38,37,1.0,0.9736842105263158,PGD,0.15,10,DDoS-LOIC-UDP - Attempted,
MLP,PGD_eps0.15_it10,4580,4579,0.9995632234112252,0.9995633187772925,PGD,0.15,10,DoS GoldenEye,
MLP,PGD_eps0.15_it10,824,824,0.9866504854368932,0.9866504854368932,PGD,0.15,10,DoS GoldenEye - Attempted,
MLP,PGD_eps0.15_it10,5995,5995,1.0,1.0,PGD,0.15,10,DoS Hulk,
MLP,PGD_eps0.15_it10,15,15,1.0,1.0,PGD,0.15,10,DoS Hulk - Attempted,
MLP,PGD_eps0.15_it10,1747,1747,0.3840870062965083,0.3840870062965083,PGD,0.15,10,DoS Slowloris,
MLP,PGD_eps0.15_it10,466,466,1.0,1.0,PGD,0.15,10,DoS Slowloris - Attempted,
MLP,PGD_eps0.15_it10,5932,5932,0.7754551584625758,0.7754551584625758,PGD,0.15,10,FTP-BruteForce - Attempted,
MLP,PGD_eps0.15_it10,40,40,1.0,1.0,PGD,0.15,10,Infiltration - Communication Victim Attacker,
MLP,PGD_eps0.15_it10,25,5,1.0,0.28,PGD,0.15,10,Infiltration - Dropbox Download,
MLP,PGD_eps0.15_it10,4,0,,0.0,PGD,0.15,10,Infiltration - Dropbox Download - Attempted,
MLP,PGD_eps0.15_it10,5946,5831,0.9917681358257588,0.9727547931382442,PGD,0.15,10,Infiltration - NMAP Portscan,
MLP,PGD_eps0.15_it10,5989,5989,1.0,1.0,PGD,0.15,10,SSH-BruteForce,
MLP,PGD_eps0.15_it10,36,34,1.0,0.9722222222222222,PGD,0.15,10,Web Attack - Brute Force,
MLP,PGD_eps0.15_it10,28,27,1.0,0.9642857142857143,PGD,0.15,10,Web Attack - Brute Force - Attempted,
MLP,PGD_eps0.15_it10,3,2,1.0,0.6666666666666666,PGD,0.15,10,Web Attack - SQL,
MLP,PGD_eps0.15_it10,4,1,1.0,0.25,PGD,0.15,10,Web Attack - SQL - Attempted,
MLP,PGD_eps0.15_it10,19,19,0.05263157894736842,0.05263157894736842,PGD,0.15,10,Web Attack - XSS,
LR,PGD_eps0.15_it25,60000,0,,,PGD,0.15,25,Benign,
LR,PGD_eps0.15_it25,6031,6025,1.0,1.0,PGD,0.15,25,Botnet Ares,
LR,PGD_eps0.15_it25,69,69,0.0,0.0,PGD,0.15,25,Botnet Ares - Attempted,
LR,PGD_eps0.15_it25,6039,6039,0.9986752773638019,0.9986752773638019,PGD,0.15,25,DDoS-HOIC,
LR,PGD_eps0.15_it25,5969,0,,1.0,PGD,0.15,25,DDoS-LOIC-HTTP,
LR,PGD_eps0.15_it25,504,496,0.0020161290322580645,0.017857142857142856,PGD,0.15,25,DDoS-LOIC-UDP,
LR,PGD_eps0.15_it25,38,0,,1.0,PGD,0.15,25,DDoS-LOIC-UDP - Attempted,
LR,PGD_eps0.15_it25,4580,4580,0.18034934497816593,0.18034934497816593,PGD,0.15,25,DoS GoldenEye,
LR,PGD_eps0.15_it25,824,824,0.0,0.0,PGD,0.15,25,DoS GoldenEye - Attempted,
LR,PGD_eps0.15_it25,5995,5995,0.001834862385321101,0.001834862385321101,PGD,0.15,25,DoS Hulk,
LR,PGD_eps0.15_it25,15,15,0.9333333333333333,0.9333333333333333,PGD,0.15,25,DoS Hulk - Attempted,
LR,PGD_eps0.15_it25,1747,1691,0.3276167947959787,0.34917000572409845,PGD,0.15,25,DoS Slowloris,
LR,PGD_eps0.15_it25,466,450,1.0,1.0,PGD,0.15,25,DoS Slowloris - Attempted,
LR,PGD_eps0.15_it25,5932,5932,0.0,0.0,PGD,0.15,25,FTP-BruteForce - Attempted,
LR,PGD_eps0.15_it25,40,40,0.275,0.275,PGD,0.15,25,Infiltration - Communication Victim Attacker,
LR,PGD_eps0.15_it25,25,0,,0.28,PGD,0.15,25,Infiltration - Dropbox Download,
LR,PGD_eps0.15_it25,4,0,,0.0,PGD,0.15,25,Infiltration - Dropbox Download - Attempted,
LR,PGD_eps0.15_it25,5946,5341,0.5718030331398615,0.6111671712075345,PGD,0.15,25,Infiltration - NMAP Portscan,
LR,PGD_eps0.15_it25,5989,5989,0.840207046251461,0.840207046251461,PGD,0.15,25,SSH-BruteForce,
LR,PGD_eps0.15_it25,36,0,,0.9722222222222222,PGD,0.15,25,Web Attack - Brute Force,
LR,PGD_eps0.15_it25,28,0,,0.9642857142857143,PGD,0.15,25,Web Attack - Brute Force - Attempted,
LR,PGD_eps0.15_it25,3,2,1.0,0.6666666666666666,PGD,0.15,25,Web Attack - SQL,
LR,PGD_eps0.15_it25,4,2,0.5,0.25,PGD,0.15,25,Web Attack - SQL - Attempted,
LR,PGD_eps0.15_it25,19,0,,1.0,PGD,0.15,25,Web Attack - XSS,
SVM,PGD_eps0.15_it25,60000,0,,,PGD,0.15,25,Benign,
SVM,PGD_eps0.15_it25,6031,6031,0.006466589288675178,0.006466589288675178,PGD,0.15,25,Botnet Ares,
SVM,PGD_eps0.15_it25,69,69,0.0,0.0,PGD,0.15,25,Botnet Ares - Attempted,
SVM,PGD_eps0.15_it25,6039,6039,0.999337638681901,0.999337638681901,PGD,0.15,25,DDoS-HOIC,
SVM,PGD_eps0.15_it25,5969,0,,1.0,PGD,0.15,25,DDoS-LOIC-HTTP,
SVM,PGD_eps0.15_it25,504,497,0.0,0.013888888888888888,PGD,0.15,25,DDoS-LOIC-UDP,
SVM,PGD_eps0.15_it25,38,0,,1.0,PGD,0.15,25,DDoS-LOIC-UDP - Attempted,
SVM,PGD_eps0.15_it25,4580,4580,0.18034934497816593,0.18034934497816593,PGD,0.15,25,DoS GoldenEye,
SVM,PGD_eps0.15_it25,824,824,0.013349514563106795,0.013349514563106795,PGD,0.15,25,DoS GoldenEye - Attempted,
SVM,PGD_eps0.15_it25,5995,5995,0.0,0.0,PGD,0.15,25,DoS Hulk,
SVM,PGD_eps0.15_it25,15,15,1.0,1.0,PGD,0.15,25,DoS Hulk - Attempted,
SVM,PGD_eps0.15_it25,1747,1667,0.9130173965206959,0.9147109330280481,PGD,0.15,25,DoS Slowloris,
SVM,PGD_eps0.15_it25,466,450,1.0,1.0,PGD,0.15,25,DoS Slowloris - Attempted,
SVM,PGD_eps0.15_it25,5932,5932,0.0,0.0,PGD,0.15,25,FTP-BruteForce - Attempted,
SVM,PGD_eps0.15_it25,40,40,0.0,0.0,PGD,0.15,25,Infiltration - Communication Victim Attacker,
SVM,PGD_eps0.15_it25,25,0,,0.2,PGD,0.15,25,Infiltration - Dropbox Download,
SVM,PGD_eps0.15_it25,4,0,,0.0,PGD,0.15,25,Infiltration - Dropbox Download - Attempted,
SVM,PGD_eps0.15_it25,5946,4787,0.5494046375600585,0.6192398250924992,PGD,0.15,25,Infiltration - NMAP Portscan,
SVM,PGD_eps0.15_it25,5989,5989,0.0,0.0,PGD,0.15,25,SSH-BruteForce,
SVM,PGD_eps0.15_it25,36,0,,0.9444444444444444,PGD,0.15,25,Web Attack - Brute Force,
SVM,PGD_eps0.15_it25,28,0,,0.0,PGD,0.15,25,Web Attack - Brute Force - Attempted,
SVM,PGD_eps0.15_it25,3,0,,0.6666666666666666,PGD,0.15,25,Web Attack - SQL,
SVM,PGD_eps0.15_it25,4,0,,0.25,PGD,0.15,25,Web Attack - SQL - Attempted,
SVM,PGD_eps0.15_it25,19,0,,1.0,PGD,0.15,25,Web Attack - XSS,
RF,PGD_eps0.15_it25,60000,0,,,PGD,0.15,25,Benign,
RF,PGD_eps0.15_it25,6031,6031,1.0,1.0,PGD,0.15,25,Botnet Ares,
RF,PGD_eps0.15_it25,69,69,1.0,1.0,PGD,0.15,25,Botnet Ares - Attempted,
RF,PGD_eps0.15_it25,6039,6039,1.0,1.0,PGD,0.15,25,DDoS-HOIC,
RF,PGD_eps0.15_it25,5969,5969,1.0,1.0,PGD,0.15,25,DDoS-LOIC-HTTP,
RF,PGD_eps0.15_it25,504,504,0.42658730158730157,0.42658730158730157,PGD,0.15,25,DDoS-LOIC-UDP,
RF,PGD_eps0.15_it25,38,38,1.0,1.0,PGD,0.15,25,DDoS-LOIC-UDP - Attempted,
RF,PGD_eps0.15_it25,4580,4580,0.9997816593886463,0.9997816593886463,PGD,0.15,25,DoS GoldenEye,
RF,PGD_eps0.15_it25,824,824,1.0,1.0,PGD,0.15,25,DoS GoldenEye - Attempted,
RF,PGD_eps0.15_it25,5995,5995,1.0,1.0,PGD,0.15,25,DoS Hulk,
RF,PGD_eps0.15_it25,15,15,1.0,1.0,PGD,0.15,25,DoS Hulk - Attempted,
RF,PGD_eps0.15_it25,1747,1747,0.9891242129364625,0.9891242129364625,PGD,0.15,25,DoS Slowloris,
RF,PGD_eps0.15_it25,466,466,1.0,1.0,PGD,0.15,25,DoS Slowloris - Attempted,
RF,PGD_eps0.15_it25,5932,5932,0.9937626432906271,0.9937626432906271,PGD,0.15,25,FTP-BruteForce - Attempted,
RF,PGD_eps0.15_it25,40,40,0.625,0.625,PGD,0.15,25,Infiltration - Communication Victim Attacker,
RF,PGD_eps0.15_it25,25,14,1.0,0.92,PGD,0.15,25,Infiltration - Dropbox Download,
RF,PGD_eps0.15_it25,4,0,,1.0,PGD,0.15,25,Infiltration - Dropbox Download - Attempted,
RF,PGD_eps0.15_it25,5946,5942,0.98653651969034,0.9865455768583922,PGD,0.15,25,Infiltration - NMAP Portscan,
RF,PGD_eps0.15_it25,5989,5989,1.0,1.0,PGD,0.15,25,SSH-BruteForce,
RF,PGD_eps0.15_it25,36,35,1.0,1.0,PGD,0.15,25,Web Attack - Brute Force,
RF,PGD_eps0.15_it25,28,28,1.0,1.0,PGD,0.15,25,Web Attack - Brute Force - Attempted,
RF,PGD_eps0.15_it25,3,3,1.0,1.0,PGD,0.15,25,Web Attack - SQL,
RF,PGD_eps0.15_it25,4,4,0.5,0.5,PGD,0.15,25,Web Attack - SQL - Attempted,
RF,PGD_eps0.15_it25,19,19,1.0,1.0,PGD,0.15,25,Web Attack - XSS,
MLP,PGD_eps0.15_it25,60000,0,,,PGD,0.15,25,Benign,
MLP,PGD_eps0.15_it25,6031,6031,0.9938650306748467,0.9938650306748467,PGD,0.15,25,Botnet Ares,
MLP,PGD_eps0.15_it25,69,69,1.0,1.0,PGD,0.15,25,Botnet Ares - Attempted,
MLP,PGD_eps0.15_it25,6039,6039,1.0,1.0,PGD,0.15,25,DDoS-HOIC,
MLP,PGD_eps0.15_it25,5969,5969,1.0,1.0,PGD,0.15,25,DDoS-LOIC-HTTP,
MLP,PGD_eps0.15_it25,504,504,0.003968253968253968,0.003968253968253968,PGD,0.15,25,DDoS-LOIC-UDP,
MLP,PGD_eps0.15_it25,38,37,1.0,0.9736842105263158,PGD,0.15,25,DDoS-LOIC-UDP - Attempted,
MLP,PGD_eps0.15_it25,4580,4579,0.9888621969862416,0.9888646288209607,PGD,0.15,25,DoS GoldenEye,
MLP,PGD_eps0.15_it25,824,824,0.9866504854368932,0.9866504854368932,PGD,0.15,25,DoS GoldenEye - Attempted,
MLP,PGD_eps0.15_it25,5995,5995,1.0,1.0,PGD,0.15,25,DoS Hulk,
MLP,PGD_eps0.15_it25,15,15,1.0,1.0,PGD,0.15,25,DoS Hulk - Attempted,
MLP,PGD_eps0.15_it25,1747,1747,0.3898111047510017,0.3898111047510017,PGD,0.15,25,DoS Slowloris,
MLP,PGD_eps0.15_it25,466,466,1.0,1.0,PGD,0.15,25,DoS Slowloris - Attempted,
MLP,PGD_eps0.15_it25,5932,5932,0.7754551584625758,0.7754551584625758,PGD,0.15,25,FTP-BruteForce - Attempted,
MLP,PGD_eps0.15_it25,40,40,1.0,1.0,PGD,0.15,25,Infiltration - Communication Victim Attacker,
MLP,PGD_eps0.15_it25,25,5,1.0,0.28,PGD,0.15,25,Infiltration - Dropbox Download,
MLP,PGD_eps0.15_it25,4,0,,0.0,PGD,0.15,25,Infiltration - Dropbox Download - Attempted,
MLP,PGD_eps0.15_it25,5946,5831,0.9915966386554622,0.9725866128489741,PGD,0.15,25,Infiltration - NMAP Portscan,
MLP,PGD_eps0.15_it25,5989,5989,1.0,1.0,PGD,0.15,25,SSH-BruteForce,
MLP,PGD_eps0.15_it25,36,34,1.0,0.9722222222222222,PGD,0.15,25,Web Attack - Brute Force,
MLP,PGD_eps0.15_it25,28,27,1.0,0.9642857142857143,PGD,0.15,25,Web Attack - Brute Force - Attempted,
MLP,PGD_eps0.15_it25,3,2,1.0,0.6666666666666666,PGD,0.15,25,Web Attack - SQL,
MLP,PGD_eps0.15_it25,4,1,1.0,0.25,PGD,0.15,25,Web Attack - SQL - Attempted,
MLP,PGD_eps0.15_it25,19,19,0.05263157894736842,0.05263157894736842,PGD,0.15,25,Web Attack - XSS,
LR,PGD_eps0.3_it10,60000,0,,,PGD,0.3,10,Benign,
LR,PGD_eps0.3_it10,6031,6025,1.0,1.0,PGD,0.3,10,Botnet Ares,
LR,PGD_eps0.3_it10,69,69,0.6521739130434783,0.6521739130434783,PGD,0.3,10,Botnet Ares - Attempted,
LR,PGD_eps0.3_it10,6039,6039,1.0,1.0,PGD,0.3,10,DDoS-HOIC,
LR,PGD_eps0.3_it10,5969,0,,1.0,PGD,0.3,10,DDoS-LOIC-HTTP,
LR,PGD_eps0.3_it10,504,496,0.008064516129032258,0.023809523809523808,PGD,0.3,10,DDoS-LOIC-UDP,
LR,PGD_eps0.3_it10,38,0,,0.9736842105263158,PGD,0.3,10,DDoS-LOIC-UDP - Attempted,
LR,PGD_eps0.3_it10,4580,4580,0.9089519650655021,0.9089519650655021,PGD,0.3,10,DoS GoldenEye,
LR,PGD_eps0.3_it10,824,824,1.0,1.0,PGD,0.3,10,DoS GoldenEye - Attempted,
LR,PGD_eps0.3_it10,5995,5995,0.8954128440366973,0.8954128440366973,PGD,0.3,10,DoS Hulk,
LR,PGD_eps0.3_it10,15,15,0.6,0.6,PGD,0.3,10,DoS Hulk - Attempted,
LR,PGD_eps0.3_it10,1747,1691,0.9745712596096984,0.9753863766456783,PGD,0.3,10,DoS Slowloris,
LR,PGD_eps0.3_it10,466,450,1.0,1.0,PGD,0.3,10,DoS Slowloris - Attempted,
LR,PGD_eps0.3_it10,5932,5932,0.1067093728927849,0.1067093728927849,PGD,0.3,10,FTP-BruteForce - Attempted,
LR,PGD_eps0.3_it10,40,40,0.875,0.875,PGD,0.3,10,Infiltration - Communication Victim Attacker,
LR,PGD_eps0.3_it10,25,0,,0.24,PGD,0.3,10,Infiltration - Dropbox Download,
LR,PGD_eps0.3_it10,4,0,,0.0,PGD,0.3,10,Infiltration - Dropbox Download - Attempted,
LR,PGD_eps0.3_it10,5946,5341,0.6996817075454035,0.7127480659266734,PGD,0.3,10,Infiltration - NMAP Portscan,
LR,PGD_eps0.3_it10,5989,5989,0.998330272165637,0.998330272165637,PGD,0.3,10,SSH-BruteForce,
LR,PGD_eps0.3_it10,36,0,,0.9444444444444444,PGD,0.3,10,Web Attack - Brute Force,
LR,PGD_eps0.3_it10,28,0,,0.9642857142857143,PGD,0.3,10,Web Attack - Brute Force - Attempted,
LR,PGD_eps0.3_it10,3,2,1.0,0.6666666666666666,PGD,0.3,10,Web Attack - SQL,
LR,PGD_eps0.3_it10,4,2,0.5,0.25,PGD,0.3,10,Web Attack - SQL - Attempted,
LR,PGD_eps0.3_it10,19,0,,1.0,PGD,0.3,10,Web Attack - XSS,
SVM,PGD_eps0.3_it10,60000,0,,,PGD,0.3,10,Benign,
SVM,PGD_eps0.3_it10,6031,6031,0.016083568230807494,0.016083568230807494,PGD,0.3,10,Botnet Ares,
SVM,PGD_eps0.3_it10,69,69,1.0,1.0,PGD,0.3,10,Botnet Ares - Attempted,
SVM,PGD_eps0.3_it10,6039,6039,1.0,1.0,PGD,0.3,10,DDoS-HOIC,
SVM,PGD_eps0.3_it10,5969,0,,1.0,PGD,0.3,10,DDoS-LOIC-HTTP,
SVM,PGD_eps0.3_it10,504,497,0.0,0.011904761904761904,PGD,0.3,10,DDoS-LOIC-UDP,
SVM,PGD_eps0.3_it10,38,0,,0.9736842105263158,PGD,0.3,10,DDoS-LOIC-UDP - Attempted,
SVM,PGD_eps0.3_it10,4580,4580,0.0034934497816593887,0.0034934497816593887,PGD,0.3,10,DoS GoldenEye,
SVM,PGD_eps0.3_it10,824,824,0.013349514563106795,0.013349514563106795,PGD,0.3,10,DoS GoldenEye - Attempted,
SVM,PGD_eps0.3_it10,5995,5995,0.0015012510425354462,0.0015012510425354462,PGD,0.3,10,DoS Hulk,
SVM,PGD_eps0.3_it10,15,15,0.6666666666666666,0.6666666666666666,PGD,0.3,10,DoS Hulk - Attempted,
SVM,PGD_eps0.3_it10,1747,1667,0.6370725854829035,0.6514024041213509,PGD,0.3,10,DoS Slowloris,
SVM,PGD_eps0.3_it10,466,450,1.0,1.0,PGD,0.3,10,DoS Slowloris - Attempted,
SVM,PGD_eps0.3_it10,5932,5932,0.07552258934592043,0.07552258934592043,PGD,0.3,10,FTP-BruteForce - Attempted,
SVM,PGD_eps0.3_it10,40,40,0.15,0.15,PGD,0.3,10,Infiltration - Communication Victim Attacker,
SVM,PGD_eps0.3_it10,25,0,,0.2,PGD,0.3,10,Infiltration - Dropbox Download,
SVM,PGD_eps0.3_it10,4,0,,0.0,PGD,0.3,10,Infiltration - Dropbox Download - Attempted,
SVM,PGD_eps0.3_it10,5946,4787,0.45289325255901397,0.46989572822065256,PGD,0.3,10,Infiltration - NMAP Portscan,
SVM,PGD_eps0.3_it10,5989,5989,0.0,0.0,PGD,0.3,10,SSH-BruteForce,
SVM,PGD_eps0.3_it10,36,0,,0.9444444444444444,PGD,0.3,10,Web Attack - Brute Force,
SVM,PGD_eps0.3_it10,28,0,,0.9642857142857143,PGD,0.3,10,Web Attack - Brute Force - Attempted,
SVM,PGD_eps0.3_it10,3,0,,0.6666666666666666,PGD,0.3,10,Web Attack - SQL,
SVM,PGD_eps0.3_it10,4,0,,0.25,PGD,0.3,10,Web Attack - SQL - Attempted,
SVM,PGD_eps0.3_it10,19,0,,1.0,PGD,0.3,10,Web Attack - XSS,
RF,PGD_eps0.3_it10,60000,0,,,PGD,0.3,10,Benign,
RF,PGD_eps0.3_it10,6031,6031,1.0,1.0,PGD,0.3,10,Botnet Ares,
RF,PGD_eps0.3_it10,69,69,1.0,1.0,PGD,0.3,10,Botnet Ares - Attempted,
RF,PGD_eps0.3_it10,6039,6039,1.0,1.0,PGD,0.3,10,DDoS-HOIC,
RF,PGD_eps0.3_it10,5969,5969,1.0,1.0,PGD,0.3,10,DDoS-LOIC-HTTP,
RF,PGD_eps0.3_it10,504,504,0.4444444444444444,0.4444444444444444,PGD,0.3,10,DDoS-LOIC-UDP,
RF,PGD_eps0.3_it10,38,38,1.0,1.0,PGD,0.3,10,DDoS-LOIC-UDP - Attempted,
RF,PGD_eps0.3_it10,4580,4580,0.9997816593886463,0.9997816593886463,PGD,0.3,10,DoS GoldenEye,
RF,PGD_eps0.3_it10,824,824,1.0,1.0,PGD,0.3,10,DoS GoldenEye - Attempted,
RF,PGD_eps0.3_it10,5995,5995,1.0,1.0,PGD,0.3,10,DoS Hulk,
RF,PGD_eps0.3_it10,15,15,0.6,0.6,PGD,0.3,10,DoS Hulk - Attempted,
RF,PGD_eps0.3_it10,1747,1747,0.9908414424728106,0.9908414424728106,PGD,0.3,10,DoS Slowloris,
RF,PGD_eps0.3_it10,466,466,1.0,1.0,PGD,0.3,10,DoS Slowloris - Attempted,
RF,PGD_eps0.3_it10,5932,5932,0.7719150370869858,0.7719150370869858,PGD,0.3,10,FTP-BruteForce - Attempted,
RF,PGD_eps0.3_it10,40,40,0.75,0.75,PGD,0.3,10,Infiltration - Communication Victim Attacker,
RF,PGD_eps0.3_it10,25,14,1.0,0.84,PGD,0.3,10,Infiltration - Dropbox Download,
RF,PGD_eps0.3_it10,4,0,,1.0,PGD,0.3,10,Infiltration - Dropbox Download - Attempted,
RF,PGD_eps0.3_it10,5946,5942,0.9227532817233255,0.9228052472250252,PGD,0.3,10,Infiltration - NMAP Portscan,
RF,PGD_eps0.3_it10,5989,5989,1.0,1.0,PGD,0.3,10,SSH-BruteForce,
RF,PGD_eps0.3_it10,36,35,1.0,1.0,PGD,0.3,10,Web Attack - Brute Force,
RF,PGD_eps0.3_it10,28,28,0.9642857142857143,0.9642857142857143,PGD,0.3,10,Web Attack - Brute Force - Attempted,
RF,PGD_eps0.3_it10,3,3,1.0,1.0,PGD,0.3,10,Web Attack - SQL,
RF,PGD_eps0.3_it10,4,4,0.75,0.75,PGD,0.3,10,Web Attack - SQL - Attempted,
RF,PGD_eps0.3_it10,19,19,1.0,1.0,PGD,0.3,10,Web Attack - XSS,
MLP,PGD_eps0.3_it10,60000,0,,,PGD,0.3,10,Benign,
MLP,PGD_eps0.3_it10,6031,6031,0.9996683800364782,0.9996683800364782,PGD,0.3,10,Botnet Ares,
MLP,PGD_eps0.3_it10,69,69,1.0,1.0,PGD,0.3,10,Botnet Ares - Attempted,
MLP,PGD_eps0.3_it10,6039,6039,1.0,1.0,PGD,0.3,10,DDoS-HOIC,
MLP,PGD_eps0.3_it10,5969,5969,1.0,1.0,PGD,0.3,10,DDoS-LOIC-HTTP,
MLP,PGD_eps0.3_it10,504,504,0.03373015873015873,0.03373015873015873,PGD,0.3,10,DDoS-LOIC-UDP,
MLP,PGD_eps0.3_it10,38,37,1.0,0.9736842105263158,PGD,0.3,10,DDoS-LOIC-UDP - Attempted,
MLP,PGD_eps0.3_it10,4580,4579,1.0,0.9997816593886463,PGD,0.3,10,DoS GoldenEye,
MLP,PGD_eps0.3_it10,824,824,1.0,1.0,PGD,0.3,10,DoS GoldenEye - Attempted,
MLP,PGD_eps0.3_it10,5995,5995,1.0,1.0,PGD,0.3,10,DoS Hulk,
MLP,PGD_eps0.3_it10,15,15,1.0,1.0,PGD,0.3,10,DoS Hulk - Attempted,
MLP,PGD_eps0.3_it10,1747,1747,1.0,1.0,PGD,0.3,10,DoS Slowloris,
MLP,PGD_eps0.3_it10,466,466,1.0,1.0,PGD,0.3,10,DoS Slowloris - Attempted,
MLP,PGD_eps0.3_it10,5932,5932,1.0,1.0,PGD,0.3,10,FTP-BruteForce - Attempted,
MLP,PGD_eps0.3_it10,40,40,1.0,1.0,PGD,0.3,10,Infiltration - Communication Victim Attacker,
MLP,PGD_eps0.3_it10,25,5,1.0,0.24,PGD,0.3,10,Infiltration - Dropbox Download,
MLP,PGD_eps0.3_it10,4,0,,0.0,PGD,0.3,10,Infiltration - Dropbox Download - Attempted,
MLP,PGD_eps0.3_it10,5946,5831,1.0,0.9806592667339388,PGD,0.3,10,Infiltration - NMAP Portscan,
MLP,PGD_eps0.3_it10,5989,5989,1.0,1.0,PGD,0.3,10,SSH-BruteForce,
MLP,PGD_eps0.3_it10,36,34,1.0,0.9444444444444444,PGD,0.3,10,Web Attack - Brute Force,
MLP,PGD_eps0.3_it10,28,27,1.0,0.9642857142857143,PGD,0.3,10,Web Attack - Brute Force - Attempted,
MLP,PGD_eps0.3_it10,3,2,1.0,0.6666666666666666,PGD,0.3,10,Web Attack - SQL,
MLP,PGD_eps0.3_it10,4,1,1.0,0.25,PGD,0.3,10,Web Attack - SQL - Attempted,
MLP,PGD_eps0.3_it10,19,19,1.0,1.0,PGD,0.3,10,Web Attack - XSS,
LR,PGD_eps0.3_it25,60000,0,,,PGD,0.3,25,Benign,
LR,PGD_eps0.3_it25,6031,6025,1.0,1.0,PGD,0.3,25,Botnet Ares,
LR,PGD_eps0.3_it25,69,69,0.0,0.0,PGD,0.3,25,Botnet Ares - Attempted,
LR,PGD_eps0.3_it25,6039,6039,1.0,1.0,PGD,0.3,25,DDoS-HOIC,
LR,PGD_eps0.3_it25,5969,0,,1.0,PGD,0.3,25,DDoS-LOIC-HTTP,
LR,PGD_eps0.3_it25,504,496,0.008064516129032258,0.023809523809523808,PGD,0.3,25,DDoS-LOIC-UDP,
LR,PGD_eps0.3_it25,38,0,,0.9736842105263158,PGD,0.3,25,DDoS-LOIC-UDP - Attempted,
LR,PGD_eps0.3_it25,4580,4580,0.8334061135371179,0.8334061135371179,PGD,0.3,25,DoS GoldenEye,
LR,PGD_eps0.3_it25,824,824,0.7342233009708737,0.7342233009708737,PGD,0.3,25,DoS GoldenEye - Attempted,
LR,PGD_eps0.3_it25,5995,5995,0.8954128440366973,0.8954128440366973,PGD,0.3,25,DoS Hulk,
LR,PGD_eps0.3_it25,15,15,1.0,1.0,PGD,0.3,25,DoS Hulk - Attempted,
LR,PGD_eps0.3_it25,1747,1691,0.9887640449438202,0.9891242129364625,PGD,0.3,25,DoS Slowloris,
LR,PGD_eps0.3_it25,466,450,1.0,1.0,PGD,0.3,25,DoS Slowloris - Attempted,
LR,PGD_eps0.3_it25,5932,5932,0.07552258934592043,0.07552258934592043,PGD,0.3,25,FTP-BruteForce - Attempted,
LR,PGD_eps0.3_it25,40,40,0.125,0.125,PGD,0.3,25,Infiltration - Communication Victim Attacker,
LR,PGD_eps0.3_it25,25,0,,0.24,PGD,0.3,25,Infiltration - Dropbox Download,
LR,PGD_eps0.3_it25,4,0,,0.0,PGD,0.3,25,Infiltration - Dropbox Download - Attempted,
LR,PGD_eps0.3_it25,5946,5341,0.6687886163639768,0.6804574503868147,PGD,0.3,25,Infiltration - NMAP Portscan,
LR,PGD_eps0.3_it25,5989,5989,1.0,1.0,PGD,0.3,25,SSH-BruteForce,
LR,PGD_eps0.3_it25,36,0,,0.9444444444444444,PGD,0.3,25,Web Attack - Brute Force,
LR,PGD_eps0.3_it25,28,0,,0.9642857142857143,PGD,0.3,25,Web Attack - Brute Force - Attempted,
LR,PGD_eps0.3_it25,3,2,1.0,0.6666666666666666,PGD,0.3,25,Web Attack - SQL,
LR,PGD_eps0.3_it25,4,2,0.5,0.25,PGD,0.3,25,Web Attack - SQL - Attempted,
LR,PGD_eps0.3_it25,19,0,,1.0,PGD,0.3,25,Web Attack - XSS,
SVM,PGD_eps0.3_it25,60000,0,,,PGD,0.3,25,Benign,
SVM,PGD_eps0.3_it25,6031,6031,0.016083568230807494,0.016083568230807494,PGD,0.3,25,Botnet Ares,
SVM,PGD_eps0.3_it25,69,69,0.0,0.0,PGD,0.3,25,Botnet Ares - Attempted,
SVM,PGD_eps0.3_it25,6039,6039,1.0,1.0,PGD,0.3,25,DDoS-HOIC,
SVM,PGD_eps0.3_it25,5969,0,,1.0,PGD,0.3,25,DDoS-LOIC-HTTP,
SVM,PGD_eps0.3_it25,504,497,0.0,0.011904761904761904,PGD,0.3,25,DDoS-LOIC-UDP,
SVM,PGD_eps0.3_it25,38,0,,0.9736842105263158,PGD,0.3,25,DDoS-LOIC-UDP - Attempted,
SVM,PGD_eps0.3_it25,4580,4580,0.0034934497816593887,0.0034934497816593887,PGD,0.3,25,DoS GoldenEye,
SVM,PGD_eps0.3_it25,824,824,0.013349514563106795,0.013349514563106795,PGD,0.3,25,DoS GoldenEye - Attempted,
SVM,PGD_eps0.3_it25,5995,5995,0.0015012510425354462,0.0015012510425354462,PGD,0.3,25,DoS Hulk,
SVM,PGD_eps0.3_it25,15,15,1.0,1.0,PGD,0.3,25,DoS Hulk - Attempted,
SVM,PGD_eps0.3_it25,1747,1667,0.9634073185362927,0.9633657698912421,PGD,0.3,25,DoS Slowloris,
SVM,PGD_eps0.3_it25,466,450,1.0,1.0,PGD,0.3,25,DoS Slowloris - Attempted,
SVM,PGD_eps0.3_it25,5932,5932,0.07552258934592043,0.07552258934592043,PGD,0.3,25,FTP-BruteForce - Attempted,
SVM,PGD_eps0.3_it25,40,40,0.15,0.15,PGD,0.3,25,Infiltration - Communication Victim Attacker,
SVM,PGD_eps0.3_it25,25,0,,0.2,PGD,0.3,25,Infiltration - Dropbox Download,
SVM,PGD_eps0.3_it25,4,0,,0.0,PGD,0.3,25,Infiltration - Dropbox Download - Attempted,
SVM,PGD_eps0.3_it25,5946,4787,0.43095884687695846,0.45694584594685506,PGD,0.3,25,Infiltration - NMAP Portscan,
SVM,PGD_eps0.3_it25,5989,5989,0.0,0.0,PGD,0.3,25,SSH-BruteForce,
SVM,PGD_eps0.3_it25,36,0,,0.9444444444444444,PGD,0.3,25,Web Attack - Brute Force,
SVM,PGD_eps0.3_it25,28,0,,0.39285714285714285,PGD,0.3,25,Web Attack - Brute Force - Attempted,
SVM,PGD_eps0.3_it25,3,0,,0.6666666666666666,PGD,0.3,25,Web Attack - SQL,
SVM,PGD_eps0.3_it25,4,0,,0.25,PGD,0.3,25,Web Attack - SQL - Attempted,
SVM,PGD_eps0.3_it25,19,0,,1.0,PGD,0.3,25,Web Attack - XSS,
RF,PGD_eps0.3_it25,60000,0,,,PGD,0.3,25,Benign,
RF,PGD_eps0.3_it25,6031,6031,1.0,1.0,PGD,0.3,25,Botnet Ares,
RF,PGD_eps0.3_it25,69,69,1.0,1.0,PGD,0.3,25,Botnet Ares - Attempted,
RF,PGD_eps0.3_it25,6039,6039,1.0,1.0,PGD,0.3,25,DDoS-HOIC,
RF,PGD_eps0.3_it25,5969,5969,1.0,1.0,PGD,0.3,25,DDoS-LOIC-HTTP,
RF,PGD_eps0.3_it25,504,504,0.4444444444444444,0.4444444444444444,PGD,0.3,25,DDoS-LOIC-UDP,
RF,PGD_eps0.3_it25,38,38,1.0,1.0,PGD,0.3,25,DDoS-LOIC-UDP - Attempted,
RF,PGD_eps0.3_it25,4580,4580,0.9997816593886463,0.9997816593886463,PGD,0.3,25,DoS GoldenEye,
RF,PGD_eps0.3_it25,824,824,1.0,1.0,PGD,0.3,25,DoS GoldenEye - Attempted,
RF,PGD_eps0.3_it25,5995,5995,1.0,1.0,PGD,0.3,25,DoS Hulk,
RF,PGD_eps0.3_it25,15,15,0.6666666666666666,0.6666666666666666,PGD,0.3,25,DoS Hulk - Attempted,
RF,PGD_eps0.3_it25,1747,1747,0.9816828849456211,0.9816828849456211,PGD,0.3,25,DoS Slowloris,
RF,PGD_eps0.3_it25,466,466,1.0,1.0,PGD,0.3,25,DoS Slowloris - Attempted,
RF,PGD_eps0.3_it25,5932,5932,0.9325691166554282,0.9325691166554282,PGD,0.3,25,FTP-BruteForce - Attempted,
RF,PGD_eps0.3_it25,40,40,0.8,0.8,PGD,0.3,25,Infiltration - Communication Victim Attacker,
RF,PGD_eps0.3_it25,25,14,1.0,0.88,PGD,0.3,25,Infiltration - Dropbox Download,
RF,PGD_eps0.3_it25,4,0,,0.75,PGD,0.3,25,Infiltration - Dropbox Download - Attempted,
RF,PGD_eps0.3_it25,5946,5942,0.9456411982497476,0.9456777665657585,PGD,0.3,25,Infiltration - NMAP Portscan,
RF,PGD_eps0.3_it25,5989,5989,1.0,1.0,PGD,0.3,25,SSH-BruteForce,
RF,PGD_eps0.3_it25,36,35,1.0,1.0,PGD,0.3,25,Web Attack - Brute Force,
RF,PGD_eps0.3_it25,28,28,0.9642857142857143,0.9642857142857143,PGD,0.3,25,Web Attack - Brute Force - Attempted,
RF,PGD_eps0.3_it25,3,3,1.0,1.0,PGD,0.3,25,Web Attack - SQL,
RF,PGD_eps0.3_it25,4,4,0.75,0.75,PGD,0.3,25,Web Attack - SQL - Attempted,
RF,PGD_eps0.3_it25,19,19,1.0,1.0,PGD,0.3,25,Web Attack - XSS,
MLP,PGD_eps0.3_it25,60000,0,,,PGD,0.3,25,Benign,
MLP,PGD_eps0.3_it25,6031,6031,0.9996683800364782,0.9996683800364782,PGD,0.3,25,Botnet Ares,
MLP,PGD_eps0.3_it25,69,69,1.0,1.0,PGD,0.3,25,Botnet Ares - Attempted,
MLP,PGD_eps0.3_it25,6039,6039,1.0,1.0,PGD,0.3,25,DDoS-HOIC,
MLP,PGD_eps0.3_it25,5969,5969,1.0,1.0,PGD,0.3,25,DDoS-LOIC-HTTP,
MLP,PGD_eps0.3_it25,504,504,0.03373015873015873,0.03373015873015873,PGD,0.3,25,DDoS-LOIC-UDP,
MLP,PGD_eps0.3_it25,38,37,1.0,0.9736842105263158,PGD,0.3,25,DDoS-LOIC-UDP - Attempted,
MLP,PGD_eps0.3_it25,4580,4579,1.0,0.9997816593886463,PGD,0.3,25,DoS GoldenEye,
MLP,PGD_eps0.3_it25,824,824,1.0,1.0,PGD,0.3,25,DoS GoldenEye - Attempted,
MLP,PGD_eps0.3_it25,5995,5995,1.0,1.0,PGD,0.3,25,DoS Hulk,
MLP,PGD_eps0.3_it25,15,15,1.0,1.0,PGD,0.3,25,DoS Hulk - Attempted,
MLP,PGD_eps0.3_it25,1747,1747,1.0,1.0,PGD,0.3,25,DoS Slowloris,
MLP,PGD_eps0.3_it25,466,466,1.0,1.0,PGD,0.3,25,DoS Slowloris - Attempted,
MLP,PGD_eps0.3_it25,5932,5932,1.0,1.0,PGD,0.3,25,FTP-BruteForce - Attempted,
MLP,PGD_eps0.3_it25,40,40,1.0,1.0,PGD,0.3,25,Infiltration - Communication Victim Attacker,
MLP,PGD_eps0.3_it25,25,5,1.0,0.24,PGD,0.3,25,Infiltration - Dropbox Download,
MLP,PGD_eps0.3_it25,4,0,,0.0,PGD,0.3,25,Infiltration - Dropbox Download - Attempted,
MLP,PGD_eps0.3_it25,5946,5831,1.0,0.9806592667339388,PGD,0.3,25,Infiltration - NMAP Portscan,
MLP,PGD_eps0.3_it25,5989,5989,1.0,1.0,PGD,0.3,25,SSH-BruteForce,
MLP,PGD_eps0.3_it25,36,34,1.0,0.9444444444444444,PGD,0.3,25,Web Attack - Brute Force,
MLP,PGD_eps0.3_it25,28,27,1.0,0.9642857142857143,PGD,0.3,25,Web Attack - Brute Force - Attempted,
MLP,PGD_eps0.3_it25,3,2,1.0,0.6666666666666666,PGD,0.3,25,Web Attack - SQL,
MLP,PGD_eps0.3_it25,4,1,1.0,0.25,PGD,0.3,25,Web Attack - SQL - Attempted,
MLP,PGD_eps0.3_it25,19,19,1.0,1.0,PGD,0.3,25,Web Attack - XSS,
LR,PGD_eps0.5_it10,60000,0,,,PGD,0.5,10,Benign,
LR,PGD_eps0.5_it10,6031,6025,0.022572614107883818,0.023545017410048084,PGD,0.5,10,Botnet Ares,
LR,PGD_eps0.5_it10,69,69,1.0,1.0,PGD,0.5,10,Botnet Ares - Attempted,
LR,PGD_eps0.5_it10,6039,6039,1.0,1.0,PGD,0.5,10,DDoS-HOIC,
LR,PGD_eps0.5_it10,5969,0,,1.0,PGD,0.5,10,DDoS-LOIC-HTTP,
LR,PGD_eps0.5_it10,504,496,0.03225806451612903,0.047619047619047616,PGD,0.5,10,DDoS-LOIC-UDP,
LR,PGD_eps0.5_it10,38,0,,0.9736842105263158,PGD,0.5,10,DDoS-LOIC-UDP - Attempted,
LR,PGD_eps0.5_it10,4580,4580,0.9091703056768559,0.9091703056768559,PGD,0.5,10,DoS GoldenEye,
LR,PGD_eps0.5_it10,824,824,0.9975728155339806,0.9975728155339806,PGD,0.5,10,DoS GoldenEye - Attempted,
LR,PGD_eps0.5_it10,5995,5995,0.8954128440366973,0.8954128440366973,PGD,0.5,10,DoS Hulk,
LR,PGD_eps0.5_it10,15,15,0.6,0.6,PGD,0.5,10,DoS Hulk - Attempted,
LR,PGD_eps0.5_it10,1747,1691,0.994086339444116,0.9942759015455066,PGD,0.5,10,DoS Slowloris,
LR,PGD_eps0.5_it10,466,450,1.0,1.0,PGD,0.5,10,DoS Slowloris - Attempted,
LR,PGD_eps0.5_it10,5932,5932,0.10974376264329062,0.10974376264329062,PGD,0.5,10,FTP-BruteForce - Attempted,
LR,PGD_eps0.5_it10,40,40,0.2,0.2,PGD,0.5,10,Infiltration - Communication Victim Attacker,
LR,PGD_eps0.5_it10,25,0,,0.24,PGD,0.5,10,Infiltration - Dropbox Download,
LR,PGD_eps0.5_it10,4,0,,0.0,PGD,0.5,10,Infiltration - Dropbox Download - Attempted,
LR,PGD_eps0.5_it10,5946,5341,0.8378580790114211,0.8414059872182981,PGD,0.5,10,Infiltration - NMAP Portscan,
LR,PGD_eps0.5_it10,5989,5989,0.0,0.0,PGD,0.5,10,SSH-BruteForce,
LR,PGD_eps0.5_it10,36,0,,0.9444444444444444,PGD,0.5,10,Web Attack - Brute Force,
LR,PGD_eps0.5_it10,28,0,,0.9642857142857143,PGD,0.5,10,Web Attack - Brute Force - Attempted,
LR,PGD_eps0.5_it10,3,2,1.0,0.6666666666666666,PGD,0.5,10,Web Attack - SQL,
LR,PGD_eps0.5_it10,4,2,0.5,0.25,PGD,0.5,10,Web Attack - SQL - Attempted,
LR,PGD_eps0.5_it10,19,0,,1.0,PGD,0.5,10,Web Attack - XSS,
SVM,PGD_eps0.5_it10,60000,0,,,PGD,0.5,10,Benign,
SVM,PGD_eps0.5_it10,6031,6031,0.016083568230807494,0.016083568230807494,PGD,0.5,10,Botnet Ares,
SVM,PGD_eps0.5_it10,69,69,0.0,0.0,PGD,0.5,10,Botnet Ares - Attempted,
SVM,PGD_eps0.5_it10,6039,6039,1.0,1.0,PGD,0.5,10,DDoS-HOIC,
SVM,PGD_eps0.5_it10,5969,0,,1.0,PGD,0.5,10,DDoS-LOIC-HTTP,
SVM,PGD_eps0.5_it10,504,497,0.028169014084507043,0.041666666666666664,PGD,0.5,10,DDoS-LOIC-UDP,
SVM,PGD_eps0.5_it10,38,0,,0.9473684210526315,PGD,0.5,10,DDoS-LOIC-UDP - Attempted,
SVM,PGD_eps0.5_it10,4580,4580,0.7266375545851529,0.7266375545851529,PGD,0.5,10,DoS GoldenEye,
SVM,PGD_eps0.5_it10,824,824,0.9975728155339806,0.9975728155339806,PGD,0.5,10,DoS GoldenEye - Attempted,
SVM,PGD_eps0.5_it10,5995,5995,0.2195162635529608,0.2195162635529608,PGD,0.5,10,DoS Hulk,
SVM,PGD_eps0.5_it10,15,15,0.6,0.6,PGD,0.5,10,DoS Hulk - Attempted,
SVM,PGD_eps0.5_it10,1747,1667,0.2465506898620276,0.27876359473382945,PGD,0.5,10,DoS Slowloris,
SVM,PGD_eps0.5_it10,466,450,1.0,1.0,PGD,0.5,10,DoS Slowloris - Attempted,
SVM,PGD_eps0.5_it10,5932,5932,0.1067093728927849,0.1067093728927849,PGD,0.5,10,FTP-BruteForce - Attempted,
SVM,PGD_eps0.5_it10,40,40,0.2,0.2,PGD,0.5,10,Infiltration - Communication Victim Attacker,
SVM,PGD_eps0.5_it10,25,0,,0.2,PGD,0.5,10,Infiltration - Dropbox Download,
SVM,PGD_eps0.5_it10,4,0,,0.0,PGD,0.5,10,Infiltration - Dropbox Download - Attempted,
SVM,PGD_eps0.5_it10,5946,4787,0.3636933361186547,0.41035990581903803,PGD,0.5,10,Infiltration - NMAP Portscan,
SVM,PGD_eps0.5_it10,5989,5989,0.0,0.0,PGD,0.5,10,SSH-BruteForce,
SVM,PGD_eps0.5_it10,36,0,,0.9444444444444444,PGD,0.5,10,Web Attack - Brute Force,
SVM,PGD_eps0.5_it10,28,0,,0.9642857142857143,PGD,0.5,10,Web Attack - Brute Force - Attempted,
SVM,PGD_eps0.5_it10,3,0,,0.6666666666666666,PGD,0.5,10,Web Attack - SQL,
SVM,PGD_eps0.5_it10,4,0,,0.25,PGD,0.5,10,Web Attack - SQL - Attempted,
SVM,PGD_eps0.5_it10,19,0,,1.0,PGD,0.5,10,Web Attack - XSS,
RF,PGD_eps0.5_it10,60000,0,,,PGD,0.5,10,Benign,
RF,PGD_eps0.5_it10,6031,6031,1.0,1.0,PGD,0.5,10,Botnet Ares,
RF,PGD_eps0.5_it10,69,69,1.0,1.0,PGD,0.5,10,Botnet Ares - Attempted,
RF,PGD_eps0.5_it10,6039,6039,1.0,1.0,PGD,0.5,10,DDoS-HOIC,
RF,PGD_eps0.5_it10,5969,5969,1.0,1.0,PGD,0.5,10,DDoS-LOIC-HTTP,
RF,PGD_eps0.5_it10,504,504,0.44642857142857145,0.44642857142857145,PGD,0.5,10,DDoS-LOIC-UDP,
RF,PGD_eps0.5_it10,38,38,1.0,1.0,PGD,0.5,10,DDoS-LOIC-UDP - Attempted,
RF,PGD_eps0.5_it10,4580,4580,1.0,1.0,PGD,0.5,10,DoS GoldenEye,
RF,PGD_eps0.5_it10,824,824,1.0,1.0,PGD,0.5,10,DoS GoldenEye - Attempted,
RF,PGD_eps0.5_it10,5995,5995,1.0,1.0,PGD,0.5,10,DoS Hulk,
RF,PGD_eps0.5_it10,15,15,0.9333333333333333,0.9333333333333333,PGD,0.5,10,DoS Hulk - Attempted,
RF,PGD_eps0.5_it10,1747,1747,0.9822552947910704,0.9822552947910704,PGD,0.5,10,DoS Slowloris,
RF,PGD_eps0.5_it10,466,466,1.0,1.0,PGD,0.5,10,DoS Slowloris - Attempted,
RF,PGD_eps0.5_it10,5932,5932,0.7240391099123399,0.7240391099123399,PGD,0.5,10,FTP-BruteForce - Attempted,
RF,PGD_eps0.5_it10,40,40,0.85,0.85,PGD,0.5,10,Infiltration - Communication Victim Attacker,
RF,PGD_eps0.5_it10,25,14,1.0,0.84,PGD,0.5,10,Infiltration - Dropbox Download,
RF,PGD_eps0.5_it10,4,0,,0.75,PGD,0.5,10,Infiltration - Dropbox Download - Attempted,
RF,PGD_eps0.5_it10,5946,5942,0.9225849882194548,0.9226370669357551,PGD,0.5,10,Infiltration - NMAP Portscan,
RF,PGD_eps0.5_it10,5989,5989,1.0,1.0,PGD,0.5,10,SSH-BruteForce,
RF,PGD_eps0.5_it10,36,35,1.0,1.0,PGD,0.5,10,Web Attack - Brute Force,
RF,PGD_eps0.5_it10,28,28,0.9642857142857143,0.9642857142857143,PGD,0.5,10,Web Attack - Brute Force - Attempted,
RF,PGD_eps0.5_it10,3,3,1.0,1.0,PGD,0.5,10,Web Attack - SQL,
RF,PGD_eps0.5_it10,4,4,0.75,0.75,PGD,0.5,10,Web Attack - SQL - Attempted,
RF,PGD_eps0.5_it10,19,19,1.0,1.0,PGD,0.5,10,Web Attack - XSS,
MLP,PGD_eps0.5_it10,60000,0,,,PGD,0.5,10,Benign,
MLP,PGD_eps0.5_it10,6031,6031,0.9996683800364782,0.9996683800364782,PGD,0.5,10,Botnet Ares,
MLP,PGD_eps0.5_it10,69,69,1.0,1.0,PGD,0.5,10,Botnet Ares - Attempted,
MLP,PGD_eps0.5_it10,6039,6039,1.0,1.0,PGD,0.5,10,DDoS-HOIC,
MLP,PGD_eps0.5_it10,5969,5969,1.0,1.0,PGD,0.5,10,DDoS-LOIC-HTTP,
MLP,PGD_eps0.5_it10,504,504,0.10317460317460317,0.10317460317460317,PGD,0.5,10,DDoS-LOIC-UDP,
MLP,PGD_eps0.5_it10,38,37,1.0,0.9736842105263158,PGD,0.5,10,DDoS-LOIC-UDP - Attempted,
MLP,PGD_eps0.5_it10,4580,4579,1.0,0.9997816593886463,PGD,0.5,10,DoS GoldenEye,
MLP,PGD_eps0.5_it10,824,824,1.0,1.0,PGD,0.5,10,DoS GoldenEye - Attempted,
MLP,PGD_eps0.5_it10,5995,5995,1.0,1.0,PGD,0.5,10,DoS Hulk,
MLP,PGD_eps0.5_it10,15,15,1.0,1.0,PGD,0.5,10,DoS Hulk - Attempted,
MLP,PGD_eps0.5_it10,1747,1747,1.0,1.0,PGD,0.5,10,DoS Slowloris,
MLP,PGD_eps0.5_it10,466,466,1.0,1.0,PGD,0.5,10,DoS Slowloris - Attempted,
MLP,PGD_eps0.5_it10,5932,5932,1.0,1.0,PGD,0.5,10,FTP-BruteForce - Attempted,
MLP,PGD_eps0.5_it10,40,40,1.0,1.0,PGD,0.5,10,Infiltration - Communication Victim Attacker,
MLP,PGD_eps0.5_it10,25,5,1.0,0.2,PGD,0.5,10,Infiltration - Dropbox Download,
MLP,PGD_eps0.5_it10,4,0,,0.0,PGD,0.5,10,Infiltration - Dropbox Download - Attempted,
MLP,PGD_eps0.5_it10,5946,5831,1.0,0.9806592667339388,PGD,0.5,10,Infiltration - NMAP Portscan,
MLP,PGD_eps0.5_it10,5989,5989,1.0,1.0,PGD,0.5,10,SSH-BruteForce,
MLP,PGD_eps0.5_it10,36,34,1.0,0.9444444444444444,PGD,0.5,10,Web Attack - Brute Force,
MLP,PGD_eps0.5_it10,28,27,1.0,0.9642857142857143,PGD,0.5,10,Web Attack - Brute Force - Attempted,
MLP,PGD_eps0.5_it10,3,2,1.0,0.6666666666666666,PGD,0.5,10,Web Attack - SQL,
MLP,PGD_eps0.5_it10,4,1,1.0,0.25,PGD,0.5,10,Web Attack - SQL - Attempted,
MLP,PGD_eps0.5_it10,19,19,1.0,1.0,PGD,0.5,10,Web Attack - XSS,
LR,PGD_eps0.5_it25,60000,0,,,PGD,0.5,25,Benign,
LR,PGD_eps0.5_it25,6031,6025,0.9903734439834024,0.9903830210578677,PGD,0.5,25,Botnet Ares,
LR,PGD_eps0.5_it25,69,69,1.0,1.0,PGD,0.5,25,Botnet Ares - Attempted,
LR,PGD_eps0.5_it25,6039,6039,1.0,1.0,PGD,0.5,25,DDoS-HOIC,
LR,PGD_eps0.5_it25,5969,0,,1.0,PGD,0.5,25,DDoS-LOIC-HTTP,
LR,PGD_eps0.5_it25,504,496,0.03225806451612903,0.047619047619047616,PGD,0.5,25,DDoS-LOIC-UDP,
LR,PGD_eps0.5_it25,38,0,,0.9736842105263158,PGD,0.5,25,DDoS-LOIC-UDP - Attempted,
LR,PGD_eps0.5_it25,4580,4580,0.745414847161572,0.745414847161572,PGD,0.5,25,DoS GoldenEye,
LR,PGD_eps0.5_it25,824,824,1.0,1.0,PGD,0.5,25,DoS GoldenEye - Attempted,
LR,PGD_eps0.5_it25,5995,5995,0.8954128440366973,0.8954128440366973,PGD,0.5,25,DoS Hulk,
LR,PGD_eps0.5_it25,15,15,0.6,0.6,PGD,0.5,25,DoS Hulk - Attempted,
LR,PGD_eps0.5_it25,1747,1691,0.6918982850384388,0.7017744705208929,PGD,0.5,25,DoS Slowloris,
LR,PGD_eps0.5_it25,466,450,1.0,1.0,PGD,0.5,25,DoS Slowloris - Attempted,
LR,PGD_eps0.5_it25,5932,5932,0.03202966958867161,0.03202966958867161,PGD,0.5,25,FTP-BruteForce - Attempted,
LR,PGD_eps0.5_it25,40,40,0.2,0.2,PGD,0.5,25,Infiltration - Communication Victim Attacker,
LR,PGD_eps0.5_it25,25,0,,0.24,PGD,0.5,25,Infiltration - Dropbox Download,
LR,PGD_eps0.5_it25,4,0,,0.0,PGD,0.5,25,Infiltration - Dropbox Download - Attempted,
LR,PGD_eps0.5_it25,5946,5341,0.7416214192098858,0.751597712748066,PGD,0.5,25,Infiltration - NMAP Portscan,
LR,PGD_eps0.5_it25,5989,5989,0.8864585072633161,0.8864585072633161,PGD,0.5,25,SSH-BruteForce,
LR,PGD_eps0.5_it25,36,0,,0.9444444444444444,PGD,0.5,25,Web Attack - Brute Force,
LR,PGD_eps0.5_it25,28,0,,0.9642857142857143,PGD,0.5,25,Web Attack - Brute Force - Attempted,
LR,PGD_eps0.5_it25,3,2,1.0,0.6666666666666666,PGD,0.5,25,Web Attack - SQL,
LR,PGD_eps0.5_it25,4,2,0.5,0.25,PGD,0.5,25,Web Attack - SQL - Attempted,
LR,PGD_eps0.5_it25,19,0,,1.0,PGD,0.5,25,Web Attack - XSS,
SVM,PGD_eps0.5_it25,60000,0,,,PGD,0.5,25,Benign,
SVM,PGD_eps0.5_it25,6031,6031,0.9925385508207594,0.9925385508207594,PGD,0.5,25,Botnet Ares,
SVM,PGD_eps0.5_it25,69,69,0.6521739130434783,0.6521739130434783,PGD,0.5,25,Botnet Ares - Attempted,
SVM,PGD_eps0.5_it25,6039,6039,1.0,1.0,PGD,0.5,25,DDoS-HOIC,
SVM,PGD_eps0.5_it25,5969,0,,1.0,PGD,0.5,25,DDoS-LOIC-HTTP,
SVM,PGD_eps0.5_it25,504,497,0.028169014084507043,0.041666666666666664,PGD,0.5,25,DDoS-LOIC-UDP,
SVM,PGD_eps0.5_it25,38,0,,0.9473684210526315,PGD,0.5,25,DDoS-LOIC-UDP - Attempted,
SVM,PGD_eps0.5_it25,4580,4580,0.7290393013100437,0.7290393013100437,PGD,0.5,25,DoS GoldenEye,
SVM,PGD_eps0.5_it25,824,824,1.0,1.0,PGD,0.5,25,DoS GoldenEye - Attempted,
SVM,PGD_eps0.5_it25,5995,5995,0.8952460383653045,0.8952460383653045,PGD,0.5,25,DoS Hulk,
SVM,PGD_eps0.5_it25,15,15,0.6,0.6,PGD,0.5,25,DoS Hulk - Attempted,
SVM,PGD_eps0.5_it25,1747,1667,0.650869826034793,0.6571265025758443,PGD,0.5,25,DoS Slowloris,
SVM,PGD_eps0.5_it25,466,450,1.0,1.0,PGD,0.5,25,DoS Slowloris - Attempted,
SVM,PGD_eps0.5_it25,5932,5932,0.01466621712744437,0.01466621712744437,PGD,0.5,25,FTP-BruteForce - Attempted,
SVM,PGD_eps0.5_it25,40,40,0.2,0.2,PGD,0.5,25,Infiltration - Communication Victim Attacker,
SVM,PGD_eps0.5_it25,25,0,,0.2,PGD,0.5,25,Infiltration - Dropbox Download,
SVM,PGD_eps0.5_it25,4,0,,0.0,PGD,0.5,25,Infiltration - Dropbox Download - Attempted,
SVM,PGD_eps0.5_it25,5946,4787,0.2782536035095049,0.3197107299024554,PGD,0.5,25,Infiltration - NMAP Portscan,
SVM,PGD_eps0.5_it25,5989,5989,0.0,0.0,PGD,0.5,25,SSH-BruteForce,
SVM,PGD_eps0.5_it25,36,0,,0.9444444444444444,PGD,0.5,25,Web Attack - Brute Force,
SVM,PGD_eps0.5_it25,28,0,,0.9285714285714286,PGD,0.5,25,Web Attack - Brute Force - Attempted,
SVM,PGD_eps0.5_it25,3,0,,0.6666666666666666,PGD,0.5,25,Web Attack - SQL,
SVM,PGD_eps0.5_it25,4,0,,0.25,PGD,0.5,25,Web Attack - SQL - Attempted,
SVM,PGD_eps0.5_it25,19,0,,1.0,PGD,0.5,25,Web Attack - XSS,
RF,PGD_eps0.5_it25,60000,0,,,PGD,0.5,25,Benign,
RF,PGD_eps0.5_it25,6031,6031,1.0,1.0,PGD,0.5,25,Botnet Ares,
RF,PGD_eps0.5_it25,69,69,1.0,1.0,PGD,0.5,25,Botnet Ares - Attempted,
RF,PGD_eps0.5_it25,6039,6039,1.0,1.0,PGD,0.5,25,DDoS-HOIC,
RF,PGD_eps0.5_it25,5969,5969,1.0,1.0,PGD,0.5,25,DDoS-LOIC-HTTP,
RF,PGD_eps0.5_it25,504,504,0.44642857142857145,0.44642857142857145,PGD,0.5,25,DDoS-LOIC-UDP,
RF,PGD_eps0.5_it25,38,38,1.0,1.0,PGD,0.5,25,DDoS-LOIC-UDP - Attempted,
RF,PGD_eps0.5_it25,4580,4580,1.0,1.0,PGD,0.5,25,DoS GoldenEye,
RF,PGD_eps0.5_it25,824,824,1.0,1.0,PGD,0.5,25,DoS GoldenEye - Attempted,
RF,PGD_eps0.5_it25,5995,5995,1.0,1.0,PGD,0.5,25,DoS Hulk,
RF,PGD_eps0.5_it25,15,15,1.0,1.0,PGD,0.5,25,DoS Hulk - Attempted,
RF,PGD_eps0.5_it25,1747,1747,0.9828277046365197,0.9828277046365197,PGD,0.5,25,DoS Slowloris,
RF,PGD_eps0.5_it25,466,466,1.0,1.0,PGD,0.5,25,DoS Slowloris - Attempted,
RF,PGD_eps0.5_it25,5932,5932,0.7754551584625758,0.7754551584625758,PGD,0.5,25,FTP-BruteForce - Attempted,
RF,PGD_eps0.5_it25,40,40,1.0,1.0,PGD,0.5,25,Infiltration - Communication Victim Attacker,
RF,PGD_eps0.5_it25,25,14,1.0,0.84,PGD,0.5,25,Infiltration - Dropbox Download,
RF,PGD_eps0.5_it25,4,0,,0.75,PGD,0.5,25,Infiltration - Dropbox Download - Attempted,
RF,PGD_eps0.5_it25,5946,5942,0.9636486031639179,0.963673057517659,PGD,0.5,25,Infiltration - NMAP Portscan,
RF,PGD_eps0.5_it25,5989,5989,1.0,1.0,PGD,0.5,25,SSH-BruteForce,
RF,PGD_eps0.5_it25,36,35,1.0,1.0,PGD,0.5,25,Web Attack - Brute Force,
RF,PGD_eps0.5_it25,28,28,0.9642857142857143,0.9642857142857143,PGD,0.5,25,Web Attack - Brute Force - Attempted,
RF,PGD_eps0.5_it25,3,3,1.0,1.0,PGD,0.5,25,Web Attack - SQL,
RF,PGD_eps0.5_it25,4,4,0.75,0.75,PGD,0.5,25,Web Attack - SQL - Attempted,
RF,PGD_eps0.5_it25,19,19,1.0,1.0,PGD,0.5,25,Web Attack - XSS,
MLP,PGD_eps0.5_it25,60000,0,,,PGD,0.5,25,Benign,
MLP,PGD_eps0.5_it25,6031,6031,0.9996683800364782,0.9996683800364782,PGD,0.5,25,Botnet Ares,
MLP,PGD_eps0.5_it25,69,69,1.0,1.0,PGD,0.5,25,Botnet Ares - Attempted,
MLP,PGD_eps0.5_it25,6039,6039,1.0,1.0,PGD,0.5,25,DDoS-HOIC,
MLP,PGD_eps0.5_it25,5969,5969,1.0,1.0,PGD,0.5,25,DDoS-LOIC-HTTP,
MLP,PGD_eps0.5_it25,504,504,0.10317460317460317,0.10317460317460317,PGD,0.5,25,DDoS-LOIC-UDP,
MLP,PGD_eps0.5_it25,38,37,1.0,0.9736842105263158,PGD,0.5,25,DDoS-LOIC-UDP - Attempted,
MLP,PGD_eps0.5_it25,4580,4579,1.0,0.9997816593886463,PGD,0.5,25,DoS GoldenEye,
MLP,PGD_eps0.5_it25,824,824,1.0,1.0,PGD,0.5,25,DoS GoldenEye - Attempted,
MLP,PGD_eps0.5_it25,5995,5995,1.0,1.0,PGD,0.5,25,DoS Hulk,
MLP,PGD_eps0.5_it25,15,15,1.0,1.0,PGD,0.5,25,DoS Hulk - Attempted,
MLP,PGD_eps0.5_it25,1747,1747,1.0,1.0,PGD,0.5,25,DoS Slowloris,
MLP,PGD_eps0.5_it25,466,466,1.0,1.0,PGD,0.5,25,DoS Slowloris - Attempted,
MLP,PGD_eps0.5_it25,5932,5932,1.0,1.0,PGD,0.5,25,FTP-BruteForce - Attempted,
MLP,PGD_eps0.5_it25,40,40,1.0,1.0,PGD,0.5,25,Infiltration - Communication Victim Attacker,
MLP,PGD_eps0.5_it25,25,5,1.0,0.2,PGD,0.5,25,Infiltration - Dropbox Download,
MLP,PGD_eps0.5_it25,4,0,,0.0,PGD,0.5,25,Infiltration - Dropbox Download - Attempted,
MLP,PGD_eps0.5_it25,5946,5831,1.0,0.9806592667339388,PGD,0.5,25,Infiltration - NMAP Portscan,
MLP,PGD_eps0.5_it25,5989,5989,1.0,1.0,PGD,0.5,25,SSH-BruteForce,
MLP,PGD_eps0.5_it25,36,34,1.0,0.9444444444444444,PGD,0.5,25,Web Attack - Brute Force,
MLP,PGD_eps0.5_it25,28,27,1.0,0.9642857142857143,PGD,0.5,25,Web Attack - Brute Force - Attempted,
MLP,PGD_eps0.5_it25,3,2,1.0,0.6666666666666666,PGD,0.5,25,Web Attack - SQL,
MLP,PGD_eps0.5_it25,4,1,1.0,0.25,PGD,0.5,25,Web Attack - SQL - Attempted,
MLP,PGD_eps0.5_it25,19,19,1.0,1.0,PGD,0.5,25,Web Attack - XSS,
LR,PGD_eps0.75_it10,60000,0,,,PGD,0.75,10,Benign,
LR,PGD_eps0.75_it10,6031,6025,1.0,1.0,PGD,0.75,10,Botnet Ares,
LR,PGD_eps0.75_it10,69,69,1.0,1.0,PGD,0.75,10,Botnet Ares - Attempted,
LR,PGD_eps0.75_it10,6039,6039,1.0,1.0,PGD,0.75,10,DDoS-HOIC,
LR,PGD_eps0.75_it10,5969,0,,1.0,PGD,0.75,10,DDoS-LOIC-HTTP,
LR,PGD_eps0.75_it10,504,496,0.03225806451612903,0.047619047619047616,PGD,0.75,10,DDoS-LOIC-UDP,
LR,PGD_eps0.75_it10,38,0,,0.9736842105263158,PGD,0.75,10,DDoS-LOIC-UDP - Attempted,
LR,PGD_eps0.75_it10,4580,4580,0.9091703056768559,0.9091703056768559,PGD,0.75,10,DoS GoldenEye,
LR,PGD_eps0.75_it10,824,824,1.0,1.0,PGD,0.75,10,DoS GoldenEye - Attempted,
LR,PGD_eps0.75_it10,5995,5995,0.8954128440366973,0.8954128440366973,PGD,0.75,10,DoS Hulk,
LR,PGD_eps0.75_it10,15,15,0.6,0.6,PGD,0.75,10,DoS Hulk - Attempted,
LR,PGD_eps0.75_it10,1747,1691,0.5943228858663513,0.6073268460217516,PGD,0.75,10,DoS Slowloris,
LR,PGD_eps0.75_it10,466,450,1.0,1.0,PGD,0.75,10,DoS Slowloris - Attempted,
LR,PGD_eps0.75_it10,5932,5932,0.10974376264329062,0.10974376264329062,PGD,0.75,10,FTP-BruteForce - Attempted,
LR,PGD_eps0.75_it10,40,40,0.15,0.15,PGD,0.75,10,Infiltration - Communication Victim Attacker,
LR,PGD_eps0.75_it10,25,0,,0.2,PGD,0.75,10,Infiltration - Dropbox Download,
LR,PGD_eps0.75_it10,4,0,,0.0,PGD,0.75,10,Infiltration - Dropbox Download - Attempted,
LR,PGD_eps0.75_it10,5946,5341,0.8288709979404606,0.8333333333333334,PGD,0.75,10,Infiltration - NMAP Portscan,
LR,PGD_eps0.75_it10,5989,5989,0.0,0.0,PGD,0.75,10,SSH-BruteForce,
LR,PGD_eps0.75_it10,36,0,,0.9444444444444444,PGD,0.75,10,Web Attack - Brute Force,
LR,PGD_eps0.75_it10,28,0,,0.9642857142857143,PGD,0.75,10,Web Attack - Brute Force - Attempted,
LR,PGD_eps0.75_it10,3,2,1.0,0.6666666666666666,PGD,0.75,10,Web Attack - SQL,
LR,PGD_eps0.75_it10,4,2,0.5,0.25,PGD,0.75,10,Web Attack - SQL - Attempted,
LR,PGD_eps0.75_it10,19,0,,1.0,PGD,0.75,10,Web Attack - XSS,
SVM,PGD_eps0.75_it10,60000,0,,,PGD,0.75,10,Benign,
SVM,PGD_eps0.75_it10,6031,6031,1.0,1.0,PGD,0.75,10,Botnet Ares,
SVM,PGD_eps0.75_it10,69,69,0.0,0.0,PGD,0.75,10,Botnet Ares - Attempted,
SVM,PGD_eps0.75_it10,6039,6039,1.0,1.0,PGD,0.75,10,DDoS-HOIC,
SVM,PGD_eps0.75_it10,5969,0,,1.0,PGD,0.75,10,DDoS-LOIC-HTTP,
SVM,PGD_eps0.75_it10,504,497,0.028169014084507043,0.041666666666666664,PGD,0.75,10,DDoS-LOIC-UDP,
SVM,PGD_eps0.75_it10,38,0,,0.9736842105263158,PGD,0.75,10,DDoS-LOIC-UDP - Attempted,
SVM,PGD_eps0.75_it10,4580,4580,0.72882096069869,0.72882096069869,PGD,0.75,10,DoS GoldenEye,
SVM,PGD_eps0.75_it10,824,824,1.0,1.0,PGD,0.75,10,DoS GoldenEye - Attempted,
SVM,PGD_eps0.75_it10,5995,5995,0.8952460383653045,0.8952460383653045,PGD,0.75,10,DoS Hulk,
SVM,PGD_eps0.75_it10,15,15,0.6,0.6,PGD,0.75,10,DoS Hulk - Attempted,
SVM,PGD_eps0.75_it10,1747,1667,0.2471505698860228,0.27933600457927876,PGD,0.75,10,DoS Slowloris,
SVM,PGD_eps0.75_it10,466,450,1.0,1.0,PGD,0.75,10,DoS Slowloris - Attempted,
SVM,PGD_eps0.75_it10,5932,5932,0.09507754551584625,0.09507754551584625,PGD,0.75,10,FTP-BruteForce - Attempted,
SVM,PGD_eps0.75_it10,40,40,0.2,0.2,PGD,0.75,10,Infiltration - Communication Victim Attacker,
SVM,PGD_eps0.75_it10,25,0,,0.2,PGD,0.75,10,Infiltration - Dropbox Download,
SVM,PGD_eps0.75_it10,4,0,,0.0,PGD,0.75,10,Infiltration - Dropbox Download - Attempted,
SVM,PGD_eps0.75_it10,5946,4787,0.36327553791518696,0.4095190043726875,PGD,0.75,10,Infiltration - NMAP Portscan,
SVM,PGD_eps0.75_it10,5989,5989,0.0,0.0,PGD,0.75,10,SSH-BruteForce,
SVM,PGD_eps0.75_it10,36,0,,0.9444444444444444,PGD,0.75,10,Web Attack - Brute Force,
SVM,PGD_eps0.75_it10,28,0,,0.9642857142857143,PGD,0.75,10,Web Attack - Brute Force - Attempted,
SVM,PGD_eps0.75_it10,3,0,,0.6666666666666666,PGD,0.75,10,Web Attack - SQL,
SVM,PGD_eps0.75_it10,4,0,,0.25,PGD,0.75,10,Web Attack - SQL - Attempted,
SVM,PGD_eps0.75_it10,19,0,,1.0,PGD,0.75,10,Web Attack - XSS,
RF,PGD_eps0.75_it10,60000,0,,,PGD,0.75,10,Benign,
RF,PGD_eps0.75_it10,6031,6031,1.0,1.0,PGD,0.75,10,Botnet Ares,
RF,PGD_eps0.75_it10,69,69,1.0,1.0,PGD,0.75,10,Botnet Ares - Attempted,
RF,PGD_eps0.75_it10,6039,6039,1.0,1.0,PGD,0.75,10,DDoS-HOIC,
RF,PGD_eps0.75_it10,5969,5969,1.0,1.0,PGD,0.75,10,DDoS-LOIC-HTTP,
RF,PGD_eps0.75_it10,504,504,0.44841269841269843,0.44841269841269843,PGD,0.75,10,DDoS-LOIC-UDP,
RF,PGD_eps0.75_it10,38,38,1.0,1.0,PGD,0.75,10,DDoS-LOIC-UDP - Attempted,
RF,PGD_eps0.75_it10,4580,4580,1.0,1.0,PGD,0.75,10,DoS GoldenEye,
RF,PGD_eps0.75_it10,824,824,1.0,1.0,PGD,0.75,10,DoS GoldenEye - Attempted,
RF,PGD_eps0.75_it10,5995,5995,1.0,1.0,PGD,0.75,10,DoS Hulk,
RF,PGD_eps0.75_it10,15,15,0.9333333333333333,0.9333333333333333,PGD,0.75,10,DoS Hulk - Attempted,
RF,PGD_eps0.75_it10,1747,1747,0.9971379507727532,0.9971379507727532,PGD,0.75,10,DoS Slowloris,
RF,PGD_eps0.75_it10,466,466,1.0,1.0,PGD,0.75,10,DoS Slowloris - Attempted,
RF,PGD_eps0.75_it10,5932,5932,0.7754551584625758,0.7754551584625758,PGD,0.75,10,FTP-BruteForce - Attempted,
RF,PGD_eps0.75_it10,40,40,0.875,0.875,PGD,0.75,10,Infiltration - Communication Victim Attacker,
RF,PGD_eps0.75_it10,25,14,1.0,0.8,PGD,0.75,10,Infiltration - Dropbox Download,
RF,PGD_eps0.75_it10,4,0,,0.75,PGD,0.75,10,Infiltration - Dropbox Download - Attempted,
RF,PGD_eps0.75_it10,5946,5942,0.9052507573207674,0.905146316851665,PGD,0.75,10,Infiltration - NMAP Portscan,
RF,PGD_eps0.75_it10,5989,5989,1.0,1.0,PGD,0.75,10,SSH-BruteForce,
RF,PGD_eps0.75_it10,36,35,1.0,1.0,PGD,0.75,10,Web Attack - Brute Force,
RF,PGD_eps0.75_it10,28,28,0.9642857142857143,0.9642857142857143,PGD,0.75,10,Web Attack - Brute Force - Attempted,
RF,PGD_eps0.75_it10,3,3,1.0,1.0,PGD,0.75,10,Web Attack - SQL,
RF,PGD_eps0.75_it10,4,4,0.75,0.75,PGD,0.75,10,Web Attack - SQL - Attempted,
RF,PGD_eps0.75_it10,19,19,1.0,1.0,PGD,0.75,10,Web Attack - XSS,
MLP,PGD_eps0.75_it10,60000,0,,,PGD,0.75,10,Benign,
MLP,PGD_eps0.75_it10,6031,6031,0.9996683800364782,0.9996683800364782,PGD,0.75,10,Botnet Ares,
MLP,PGD_eps0.75_it10,69,69,1.0,1.0,PGD,0.75,10,Botnet Ares - Attempted,
MLP,PGD_eps0.75_it10,6039,6039,1.0,1.0,PGD,0.75,10,DDoS-HOIC,
MLP,PGD_eps0.75_it10,5969,5969,1.0,1.0,PGD,0.75,10,DDoS-LOIC-HTTP,
MLP,PGD_eps0.75_it10,504,504,0.2261904761904762,0.2261904761904762,PGD,0.75,10,DDoS-LOIC-UDP,
MLP,PGD_eps0.75_it10,38,37,1.0,0.9736842105263158,PGD,0.75,10,DDoS-LOIC-UDP - Attempted,
MLP,PGD_eps0.75_it10,4580,4579,1.0,0.9997816593886463,PGD,0.75,10,DoS GoldenEye,
MLP,PGD_eps0.75_it10,824,824,1.0,1.0,PGD,0.75,10,DoS GoldenEye - Attempted,
MLP,PGD_eps0.75_it10,5995,5995,1.0,1.0,PGD,0.75,10,DoS Hulk,
MLP,PGD_eps0.75_it10,15,15,1.0,1.0,PGD,0.75,10,DoS Hulk - Attempted,
MLP,PGD_eps0.75_it10,1747,1747,1.0,1.0,PGD,0.75,10,DoS Slowloris,
MLP,PGD_eps0.75_it10,466,466,1.0,1.0,PGD,0.75,10,DoS Slowloris - Attempted,
MLP,PGD_eps0.75_it10,5932,5932,1.0,1.0,PGD,0.75,10,FTP-BruteForce - Attempted,
MLP,PGD_eps0.75_it10,40,40,1.0,1.0,PGD,0.75,10,Infiltration - Communication Victim Attacker,
MLP,PGD_eps0.75_it10,25,5,1.0,0.2,PGD,0.75,10,Infiltration - Dropbox Download,
MLP,PGD_eps0.75_it10,4,0,,0.0,PGD,0.75,10,Infiltration - Dropbox Download - Attempted,
MLP,PGD_eps0.75_it10,5946,5831,1.0,0.9806592667339388,PGD,0.75,10,Infiltration - NMAP Portscan,
MLP,PGD_eps0.75_it10,5989,5989,1.0,1.0,PGD,0.75,10,SSH-BruteForce,
MLP,PGD_eps0.75_it10,36,34,1.0,0.9444444444444444,PGD,0.75,10,Web Attack - Brute Force,
MLP,PGD_eps0.75_it10,28,27,1.0,0.9642857142857143,PGD,0.75,10,Web Attack - Brute Force - Attempted,
MLP,PGD_eps0.75_it10,3,2,1.0,0.6666666666666666,PGD,0.75,10,Web Attack - SQL,
MLP,PGD_eps0.75_it10,4,1,1.0,0.25,PGD,0.75,10,Web Attack - SQL - Attempted,
MLP,PGD_eps0.75_it10,19,19,1.0,1.0,PGD,0.75,10,Web Attack - XSS,
LR,PGD_eps0.75_it25,60000,0,,,PGD,0.75,25,Benign,
LR,PGD_eps0.75_it25,6031,6025,1.0,1.0,PGD,0.75,25,Botnet Ares,
LR,PGD_eps0.75_it25,69,69,1.0,1.0,PGD,0.75,25,Botnet Ares - Attempted,
LR,PGD_eps0.75_it25,6039,6039,1.0,1.0,PGD,0.75,25,DDoS-HOIC,
LR,PGD_eps0.75_it25,5969,0,,1.0,PGD,0.75,25,DDoS-LOIC-HTTP,
LR,PGD_eps0.75_it25,504,496,0.034274193548387094,0.0496031746031746,PGD,0.75,25,DDoS-LOIC-UDP,
LR,PGD_eps0.75_it25,38,0,,0.9736842105263158,PGD,0.75,25,DDoS-LOIC-UDP - Attempted,
LR,PGD_eps0.75_it25,4580,4580,0.9203056768558951,0.9203056768558951,PGD,0.75,25,DoS GoldenEye,
LR,PGD_eps0.75_it25,824,824,1.0,1.0,PGD,0.75,25,DoS GoldenEye - Attempted,
LR,PGD_eps0.75_it25,5995,5995,0.8954128440366973,0.8954128440366973,PGD,0.75,25,DoS Hulk,
LR,PGD_eps0.75_it25,15,15,0.6,0.6,PGD,0.75,25,DoS Hulk - Attempted,
LR,PGD_eps0.75_it25,1747,1691,0.9905381431105854,0.9908414424728106,PGD,0.75,25,DoS Slowloris,
LR,PGD_eps0.75_it25,466,450,1.0,1.0,PGD,0.75,25,DoS Slowloris - Attempted,
LR,PGD_eps0.75_it25,5932,5932,0.10974376264329062,0.10974376264329062,PGD,0.75,25,FTP-BruteForce - Attempted,
LR,PGD_eps0.75_it25,40,40,0.3,0.3,PGD,0.75,25,Infiltration - Communication Victim Attacker,
LR,PGD_eps0.75_it25,25,0,,0.2,PGD,0.75,25,Infiltration - Dropbox Download,
LR,PGD_eps0.75_it25,4,0,,0.0,PGD,0.75,25,Infiltration - Dropbox Download - Attempted,
LR,PGD_eps0.75_it25,5946,5341,0.7751357423703427,0.7800201816347124,PGD,0.75,25,Infiltration - NMAP Portscan,
LR,PGD_eps0.75_it25,5989,5989,0.053932209049924865,0.053932209049924865,PGD,0.75,25,SSH-BruteForce,
LR,PGD_eps0.75_it25,36,0,,0.9444444444444444,PGD,0.75,25,Web Attack - Brute Force,
LR,PGD_eps0.75_it25,28,0,,0.9642857142857143,PGD,0.75,25,Web Attack - Brute Force - Attempted,
LR,PGD_eps0.75_it25,3,2,1.0,0.6666666666666666,PGD,0.75,25,Web Attack - SQL,
LR,PGD_eps0.75_it25,4,2,0.5,0.25,PGD,0.75,25,Web Attack - SQL - Attempted,
LR,PGD_eps0.75_it25,19,0,,1.0,PGD,0.75,25,Web Attack - XSS,
SVM,PGD_eps0.75_it25,60000,0,,,PGD,0.75,25,Benign,
SVM,PGD_eps0.75_it25,6031,6031,0.9925385508207594,0.9925385508207594,PGD,0.75,25,Botnet Ares,
SVM,PGD_eps0.75_it25,69,69,0.0,0.0,PGD,0.75,25,Botnet Ares - Attempted,
SVM,PGD_eps0.75_it25,6039,6039,1.0,1.0,PGD,0.75,25,DDoS-HOIC,
SVM,PGD_eps0.75_it25,5969,0,,1.0,PGD,0.75,25,DDoS-LOIC-HTTP,
SVM,PGD_eps0.75_it25,504,497,0.028169014084507043,0.041666666666666664,PGD,0.75,25,DDoS-LOIC-UDP,
SVM,PGD_eps0.75_it25,38,0,,0.9473684210526315,PGD,0.75,25,DDoS-LOIC-UDP - Attempted,
SVM,PGD_eps0.75_it25,4580,4580,0.9203056768558951,0.9203056768558951,PGD,0.75,25,DoS GoldenEye,
SVM,PGD_eps0.75_it25,824,824,0.9987864077669902,0.9987864077669902,PGD,0.75,25,DoS GoldenEye - Attempted,
SVM,PGD_eps0.75_it25,5995,5995,0.8954128440366973,0.8954128440366973,PGD,0.75,25,DoS Hulk,
SVM,PGD_eps0.75_it25,15,15,0.6,0.6,PGD,0.75,25,DoS Hulk - Attempted,
SVM,PGD_eps0.75_it25,1747,1667,0.7936412717456509,0.8013737836290784,PGD,0.75,25,DoS Slowloris,
SVM,PGD_eps0.75_it25,466,450,0.13777777777777778,0.16738197424892703,PGD,0.75,25,DoS Slowloris - Attempted,
SVM,PGD_eps0.75_it25,5932,5932,0.04416722859069454,0.04416722859069454,PGD,0.75,25,FTP-BruteForce - Attempted,
SVM,PGD_eps0.75_it25,40,40,0.325,0.325,PGD,0.75,25,Infiltration - Communication Victim Attacker,
SVM,PGD_eps0.75_it25,25,0,,0.2,PGD,0.75,25,Infiltration - Dropbox Download,
SVM,PGD_eps0.75_it25,4,0,,0.0,PGD,0.75,25,Infiltration - Dropbox Download - Attempted,
SVM,PGD_eps0.75_it25,5946,4787,0.22749112178817632,0.2591658257652203,PGD,0.75,25,Infiltration - NMAP Portscan,
SVM,PGD_eps0.75_it25,5989,5989,0.0,0.0,PGD,0.75,25,SSH-BruteForce,
SVM,PGD_eps0.75_it25,36,0,,0.9444444444444444,PGD,0.75,25,Web Attack - Brute Force,
SVM,PGD_eps0.75_it25,28,0,,0.9642857142857143,PGD,0.75,25,Web Attack - Brute Force - Attempted,
SVM,PGD_eps0.75_it25,3,0,,0.6666666666666666,PGD,0.75,25,Web Attack - SQL,
SVM,PGD_eps0.75_it25,4,0,,0.25,PGD,0.75,25,Web Attack - SQL - Attempted,
SVM,PGD_eps0.75_it25,19,0,,1.0,PGD,0.75,25,Web Attack - XSS,
RF,PGD_eps0.75_it25,60000,0,,,PGD,0.75,25,Benign,
RF,PGD_eps0.75_it25,6031,6031,1.0,1.0,PGD,0.75,25,Botnet Ares,
RF,PGD_eps0.75_it25,69,69,1.0,1.0,PGD,0.75,25,Botnet Ares - Attempted,
RF,PGD_eps0.75_it25,6039,6039,1.0,1.0,PGD,0.75,25,DDoS-HOIC,
RF,PGD_eps0.75_it25,5969,5969,1.0,1.0,PGD,0.75,25,DDoS-LOIC-HTTP,
RF,PGD_eps0.75_it25,504,504,0.44841269841269843,0.44841269841269843,PGD,0.75,25,DDoS-LOIC-UDP,
RF,PGD_eps0.75_it25,38,38,0.9736842105263158,0.9736842105263158,PGD,0.75,25,DDoS-LOIC-UDP - Attempted,
RF,PGD_eps0.75_it25,4580,4580,1.0,1.0,PGD,0.75,25,DoS GoldenEye,
RF,PGD_eps0.75_it25,824,824,1.0,1.0,PGD,0.75,25,DoS GoldenEye - Attempted,
RF,PGD_eps0.75_it25,5995,5995,1.0,1.0,PGD,0.75,25,DoS Hulk,
RF,PGD_eps0.75_it25,15,15,1.0,1.0,PGD,0.75,25,DoS Hulk - Attempted,
RF,PGD_eps0.75_it25,1747,1747,0.7029192902117917,0.7029192902117917,PGD,0.75,25,DoS Slowloris,
RF,PGD_eps0.75_it25,466,466,1.0,1.0,PGD,0.75,25,DoS Slowloris - Attempted,
RF,PGD_eps0.75_it25,5932,5932,1.0,1.0,PGD,0.75,25,FTP-BruteForce - Attempted,
RF,PGD_eps0.75_it25,40,40,1.0,1.0,PGD,0.75,25,Infiltration - Communication Victim Attacker,
RF,PGD_eps0.75_it25,25,14,1.0,0.84,PGD,0.75,25,Infiltration - Dropbox Download,
RF,PGD_eps0.75_it25,4,0,,1.0,PGD,0.75,25,Infiltration - Dropbox Download - Attempted,
RF,PGD_eps0.75_it25,5946,5942,0.9503534163581285,0.9503868146653213,PGD,0.75,25,Infiltration - NMAP Portscan,
RF,PGD_eps0.75_it25,5989,5989,1.0,1.0,PGD,0.75,25,SSH-BruteForce,
RF,PGD_eps0.75_it25,36,35,1.0,1.0,PGD,0.75,25,Web Attack - Brute Force,
RF,PGD_eps0.75_it25,28,28,1.0,1.0,PGD,0.75,25,Web Attack - Brute Force - Attempted,
RF,PGD_eps0.75_it25,3,3,1.0,1.0,PGD,0.75,25,Web Attack - SQL,
RF,PGD_eps0.75_it25,4,4,1.0,1.0,PGD,0.75,25,Web Attack - SQL - Attempted,
RF,PGD_eps0.75_it25,19,19,1.0,1.0,PGD,0.75,25,Web Attack - XSS,
MLP,PGD_eps0.75_it25,60000,0,,,PGD,0.75,25,Benign,
MLP,PGD_eps0.75_it25,6031,6031,0.9996683800364782,0.9996683800364782,PGD,0.75,25,Botnet Ares,
MLP,PGD_eps0.75_it25,69,69,1.0,1.0,PGD,0.75,25,Botnet Ares - Attempted,
MLP,PGD_eps0.75_it25,6039,6039,1.0,1.0,PGD,0.75,25,DDoS-HOIC,
MLP,PGD_eps0.75_it25,5969,5969,1.0,1.0,PGD,0.75,25,DDoS-LOIC-HTTP,
MLP,PGD_eps0.75_it25,504,504,0.25,0.25,PGD,0.75,25,DDoS-LOIC-UDP,
MLP,PGD_eps0.75_it25,38,37,1.0,0.9736842105263158,PGD,0.75,25,DDoS-LOIC-UDP - Attempted,
MLP,PGD_eps0.75_it25,4580,4579,1.0,0.9997816593886463,PGD,0.75,25,DoS GoldenEye,
MLP,PGD_eps0.75_it25,824,824,1.0,1.0,PGD,0.75,25,DoS GoldenEye - Attempted,
MLP,PGD_eps0.75_it25,5995,5995,1.0,1.0,PGD,0.75,25,DoS Hulk,
MLP,PGD_eps0.75_it25,15,15,1.0,1.0,PGD,0.75,25,DoS Hulk - Attempted,
MLP,PGD_eps0.75_it25,1747,1747,1.0,1.0,PGD,0.75,25,DoS Slowloris,
MLP,PGD_eps0.75_it25,466,466,1.0,1.0,PGD,0.75,25,DoS Slowloris - Attempted,
MLP,PGD_eps0.75_it25,5932,5932,1.0,1.0,PGD,0.75,25,FTP-BruteForce - Attempted,
MLP,PGD_eps0.75_it25,40,40,1.0,1.0,PGD,0.75,25,Infiltration - Communication Victim Attacker,
MLP,PGD_eps0.75_it25,25,5,1.0,0.2,PGD,0.75,25,Infiltration - Dropbox Download,
MLP,PGD_eps0.75_it25,4,0,,0.0,PGD,0.75,25,Infiltration - Dropbox Download - Attempted,
MLP,PGD_eps0.75_it25,5946,5831,1.0,0.9806592667339388,PGD,0.75,25,Infiltration - NMAP Portscan,
MLP,PGD_eps0.75_it25,5989,5989,1.0,1.0,PGD,0.75,25,SSH-BruteForce,
MLP,PGD_eps0.75_it25,36,34,1.0,0.9444444444444444,PGD,0.75,25,Web Attack - Brute Force,
MLP,PGD_eps0.75_it25,28,27,1.0,0.9642857142857143,PGD,0.75,25,Web Attack - Brute Force - Attempted,
MLP,PGD_eps0.75_it25,3,2,1.0,0.6666666666666666,PGD,0.75,25,Web Attack - SQL,
MLP,PGD_eps0.75_it25,4,1,1.0,0.25,PGD,0.75,25,Web Attack - SQL - Attempted,
MLP,PGD_eps0.75_it25,19,19,1.0,1.0,PGD,0.75,25,Web Attack - XSS,
LR,CW_c0.0_it10,60000,0,,,CW,,10,Benign,0.0
LR,CW_c0.0_it10,6031,6025,0.0033195020746887966,0.004311059525783452,CW,,10,Botnet Ares,0.0
LR,CW_c0.0_it10,69,69,0.0,0.0,CW,,10,Botnet Ares - Attempted,0.0
LR,CW_c0.0_it10,6039,6039,0.0,0.0,CW,,10,DDoS-HOIC,0.0
LR,CW_c0.0_it10,5969,0,,1.0,CW,,10,DDoS-LOIC-HTTP,0.0
LR,CW_c0.0_it10,504,496,0.40725806451612906,0.4166666666666667,CW,,10,DDoS-LOIC-UDP,0.0
LR,CW_c0.0_it10,38,0,,1.0,CW,,10,DDoS-LOIC-UDP - Attempted,0.0
LR,CW_c0.0_it10,4580,4580,0.0017467248908296944,0.0017467248908296944,CW,,10,DoS GoldenEye,0.0
LR,CW_c0.0_it10,824,824,0.013349514563106795,0.013349514563106795,CW,,10,DoS GoldenEye - Attempted,0.0
LR,CW_c0.0_it10,5995,5995,0.001834862385321101,0.001834862385321101,CW,,10,DoS Hulk,0.0
LR,CW_c0.0_it10,15,15,0.0,0.0,CW,,10,DoS Hulk - Attempted,0.0
LR,CW_c0.0_it10,1747,1691,0.9597871082199881,0.9610761305094447,CW,,10,DoS Slowloris,0.0
LR,CW_c0.0_it10,466,450,0.03333333333333333,0.06652360515021459,CW,,10,DoS Slowloris - Attempted,0.0
LR,CW_c0.0_it10,5932,5932,0.0,0.0,CW,,10,FTP-BruteForce - Attempted,0.0
LR,CW_c0.0_it10,40,40,0.875,0.875,CW,,10,Infiltration - Communication Victim Attacker,0.0
LR,CW_c0.0_it10,25,0,,0.24,CW,,10,Infiltration - Dropbox Download,0.0
LR,CW_c0.0_it10,4,0,,0.0,CW,,10,Infiltration - Dropbox Download - Attempted,0.0
LR,CW_c0.0_it10,5946,5341,0.33701554016101853,0.403464513958964,CW,,10,Infiltration - NMAP Portscan,0.0
LR,CW_c0.0_it10,5989,5989,1.0,1.0,CW,,10,SSH-BruteForce,0.0
LR,CW_c0.0_it10,36,0,,0.9722222222222222,CW,,10,Web Attack - Brute Force,0.0
LR,CW_c0.0_it10,28,0,,0.9642857142857143,CW,,10,Web Attack - Brute Force - Attempted,0.0
LR,CW_c0.0_it10,3,2,0.5,0.3333333333333333,CW,,10,Web Attack - SQL,0.0
LR,CW_c0.0_it10,4,2,0.5,0.5,CW,,10,Web Attack - SQL - Attempted,0.0
LR,CW_c0.0_it10,19,0,,1.0,CW,,10,Web Attack - XSS,0.0
SVM,CW_c0.0_it10,60000,0,,,CW,,10,Benign,0.0
SVM,CW_c0.0_it10,6031,6031,0.00331619963521804,0.00331619963521804,CW,,10,Botnet Ares,0.0
SVM,CW_c0.0_it10,69,69,0.0,0.0,CW,,10,Botnet Ares - Attempted,0.0
SVM,CW_c0.0_it10,6039,6039,0.0,0.0,CW,,10,DDoS-HOIC,0.0
SVM,CW_c0.0_it10,5969,0,,1.0,CW,,10,DDoS-LOIC-HTTP,0.0
SVM,CW_c0.0_it10,504,497,0.022132796780684104,0.03571428571428571,CW,,10,DDoS-LOIC-UDP,0.0
SVM,CW_c0.0_it10,38,0,,1.0,CW,,10,DDoS-LOIC-UDP - Attempted,0.0
SVM,CW_c0.0_it10,4580,4580,0.0,0.0,CW,,10,DoS GoldenEye,0.0
SVM,CW_c0.0_it10,824,824,0.0,0.0,CW,,10,DoS GoldenEye - Attempted,0.0
SVM,CW_c0.0_it10,5995,5995,0.0003336113427856547,0.0003336113427856547,CW,,10,DoS Hulk,0.0
SVM,CW_c0.0_it10,15,15,0.0,0.0,CW,,10,DoS Hulk - Attempted,0.0
SVM,CW_c0.0_it10,1747,1667,0.05038992201559688,0.09387521465369204,CW,,10,DoS Slowloris,0.0
SVM,CW_c0.0_it10,466,450,0.0,0.034334763948497854,CW,,10,DoS Slowloris - Attempted,0.0
SVM,CW_c0.0_it10,5932,5932,0.0,0.0,CW,,10,FTP-BruteForce - Attempted,0.0
SVM,CW_c0.0_it10,40,40,0.0,0.0,CW,,10,Infiltration - Communication Victim Attacker,0.0
SVM,CW_c0.0_it10,25,0,,0.4,CW,,10,Infiltration - Dropbox Download,0.0
SVM,CW_c0.0_it10,4,0,,0.5,CW,,10,Infiltration - Dropbox Download - Attempted,0.0
SVM,CW_c0.0_it10,5946,4787,0.2224775433465636,0.3738647830474268,CW,,10,Infiltration - NMAP Portscan,0.0
SVM,CW_c0.0_it10,5989,5989,0.0,0.0,CW,,10,SSH-BruteForce,0.0
SVM,CW_c0.0_it10,36,0,,0.9722222222222222,CW,,10,Web Attack - Brute Force,0.0
SVM,CW_c0.0_it10,28,0,,1.0,CW,,10,Web Attack - Brute Force - Attempted,0.0
SVM,CW_c0.0_it10,3,0,,1.0,CW,,10,Web Attack - SQL,0.0
SVM,CW_c0.0_it10,4,0,,0.75,CW,,10,Web Attack - SQL - Attempted,0.0
SVM,CW_c0.0_it10,19,0,,1.0,CW,,10,Web Attack - XSS,0.0
RF,CW_c0.0_it10,60000,0,,,CW,,10,Benign,0.0
RF,CW_c0.0_it10,6031,6031,0.9970154203283038,0.9970154203283038,CW,,10,Botnet Ares,0.0
RF,CW_c0.0_it10,69,69,0.6521739130434783,0.6521739130434783,CW,,10,Botnet Ares - Attempted,0.0
RF,CW_c0.0_it10,6039,6039,1.0,1.0,CW,,10,DDoS-HOIC,0.0
RF,CW_c0.0_it10,5969,5969,1.0,1.0,CW,,10,DDoS-LOIC-HTTP,0.0
RF,CW_c0.0_it10,504,504,0.9543650793650794,0.9543650793650794,CW,,10,DDoS-LOIC-UDP,0.0
RF,CW_c0.0_it10,38,38,1.0,1.0,CW,,10,DDoS-LOIC-UDP - Attempted,0.0
RF,CW_c0.0_it10,4580,4580,0.9997816593886463,0.9997816593886463,CW,,10,DoS GoldenEye,0.0
RF,CW_c0.0_it10,824,824,1.0,1.0,CW,,10,DoS GoldenEye - Attempted,0.0
RF,CW_c0.0_it10,5995,5995,0.9978315262718932,0.9978315262718932,CW,,10,DoS Hulk,0.0
RF,CW_c0.0_it10,15,15,0.8666666666666667,0.8666666666666667,CW,,10,DoS Hulk - Attempted,0.0
RF,CW_c0.0_it10,1747,1747,0.6222095020034345,0.6222095020034345,CW,,10,DoS Slowloris,0.0
RF,CW_c0.0_it10,466,466,1.0,1.0,CW,,10,DoS Slowloris - Attempted,0.0
RF,CW_c0.0_it10,5932,5932,0.5527646662171275,0.5527646662171275,CW,,10,FTP-BruteForce - Attempted,0.0
RF,CW_c0.0_it10,40,40,1.0,1.0,CW,,10,Infiltration - Communication Victim Attacker,0.0
RF,CW_c0.0_it10,25,14,1.0,1.0,CW,,10,Infiltration - Dropbox Download,0.0
RF,CW_c0.0_it10,4,0,,1.0,CW,,10,Infiltration - Dropbox Download - Attempted,0.0
RF,CW_c0.0_it10,5946,5942,0.713227869404241,0.7134207870837538,CW,,10,Infiltration - NMAP Portscan,0.0
RF,CW_c0.0_it10,5989,5989,1.0,1.0,CW,,10,SSH-BruteForce,0.0
RF,CW_c0.0_it10,36,35,0.9714285714285714,0.9722222222222222,CW,,10,Web Attack - Brute Force,0.0
RF,CW_c0.0_it10,28,28,0.9642857142857143,0.9642857142857143,CW,,10,Web Attack - Brute Force - Attempted,0.0
RF,CW_c0.0_it10,3,3,0.6666666666666666,0.6666666666666666,CW,,10,Web Attack - SQL,0.0
RF,CW_c0.0_it10,4,4,1.0,1.0,CW,,10,Web Attack - SQL - Attempted,0.0
RF,CW_c0.0_it10,19,19,0.9473684210526315,0.9473684210526315,CW,,10,Web Attack - XSS,0.0
MLP,CW_c0.0_it10,60000,0,,,CW,,10,Benign,0.0
MLP,CW_c0.0_it10,6031,6031,0.9973470402918255,0.9973470402918255,CW,,10,Botnet Ares,0.0
MLP,CW_c0.0_it10,69,69,1.0,1.0,CW,,10,Botnet Ares - Attempted,0.0
MLP,CW_c0.0_it10,6039,6039,0.9991720483523763,0.9991720483523763,CW,,10,DDoS-HOIC,0.0
MLP,CW_c0.0_it10,5969,5969,1.0,1.0,CW,,10,DDoS-LOIC-HTTP,0.0
MLP,CW_c0.0_it10,504,504,0.9543650793650794,0.9543650793650794,CW,,10,DDoS-LOIC-UDP,0.0
MLP,CW_c0.0_it10,38,37,0.972972972972973,0.9473684210526315,CW,,10,DDoS-LOIC-UDP - Attempted,0.0
MLP,CW_c0.0_it10,4580,4579,0.9997816117056125,0.9995633187772925,CW,,10,DoS GoldenEye,0.0
MLP,CW_c0.0_it10,824,824,1.0,1.0,CW,,10,DoS GoldenEye - Attempted,0.0
MLP,CW_c0.0_it10,5995,5995,0.9809841534612177,0.9809841534612177,CW,,10,DoS Hulk,0.0
MLP,CW_c0.0_it10,15,15,1.0,1.0,CW,,10,DoS Hulk - Attempted,0.0
MLP,CW_c0.0_it10,1747,1747,1.0,1.0,CW,,10,DoS Slowloris,0.0
MLP,CW_c0.0_it10,466,466,1.0,1.0,CW,,10,DoS Slowloris - Attempted,0.0
MLP,CW_c0.0_it10,5932,5932,1.0,1.0,CW,,10,FTP-BruteForce - Attempted,0.0
MLP,CW_c0.0_it10,40,40,1.0,1.0,CW,,10,Infiltration - Communication Victim Attacker,0.0
MLP,CW_c0.0_it10,25,5,1.0,0.2,CW,,10,Infiltration - Dropbox Download,0.0
MLP,CW_c0.0_it10,4,0,,0.0,CW,,10,Infiltration - Dropbox Download - Attempted,0.0
MLP,CW_c0.0_it10,5946,5831,0.9919396329960556,0.9730911537167843,CW,,10,Infiltration - NMAP Portscan,0.0
MLP,CW_c0.0_it10,5989,5989,1.0,1.0,CW,,10,SSH-BruteForce,0.0
MLP,CW_c0.0_it10,36,34,1.0,0.9444444444444444,CW,,10,Web Attack - Brute Force,0.0
MLP,CW_c0.0_it10,28,27,1.0,0.9642857142857143,CW,,10,Web Attack - Brute Force - Attempted,0.0
MLP,CW_c0.0_it10,3,2,1.0,0.6666666666666666,CW,,10,Web Attack - SQL,0.0
MLP,CW_c0.0_it10,4,1,1.0,0.25,CW,,10,Web Attack - SQL - Attempted,0.0
MLP,CW_c0.0_it10,19,19,1.0,1.0,CW,,10,Web Attack - XSS,0.0
LR,CW_c0.5_it10,60000,0,,,CW,,10,Benign,0.5
LR,CW_c0.5_it10,6031,6025,0.0034854771784232365,0.004476869507544354,CW,,10,Botnet Ares,0.5
LR,CW_c0.5_it10,69,69,0.0,0.0,CW,,10,Botnet Ares - Attempted,0.5
LR,CW_c0.5_it10,6039,6039,0.0,0.0,CW,,10,DDoS-HOIC,0.5
LR,CW_c0.5_it10,5969,0,,1.0,CW,,10,DDoS-LOIC-HTTP,0.5
LR,CW_c0.5_it10,504,496,0.41330645161290325,0.4226190476190476,CW,,10,DDoS-LOIC-UDP,0.5
LR,CW_c0.5_it10,38,0,,1.0,CW,,10,DDoS-LOIC-UDP - Attempted,0.5
LR,CW_c0.5_it10,4580,4580,0.0017467248908296944,0.0017467248908296944,CW,,10,DoS GoldenEye,0.5
LR,CW_c0.5_it10,824,824,0.013349514563106795,0.013349514563106795,CW,,10,DoS GoldenEye - Attempted,0.5
LR,CW_c0.5_it10,5995,5995,0.001834862385321101,0.001834862385321101,CW,,10,DoS Hulk,0.5
LR,CW_c0.5_it10,15,15,0.0,0.0,CW,,10,DoS Hulk - Attempted,0.5
LR,CW_c0.5_it10,1747,1691,0.9597871082199881,0.9610761305094447,CW,,10,DoS Slowloris,0.5
LR,CW_c0.5_it10,466,450,0.042222222222222223,0.07510729613733906,CW,,10,DoS Slowloris - Attempted,0.5
LR,CW_c0.5_it10,5932,5932,0.0,0.0,CW,,10,FTP-BruteForce - Attempted,0.5
LR,CW_c0.5_it10,40,40,0.775,0.775,CW,,10,Infiltration - Communication Victim Attacker,0.5
LR,CW_c0.5_it10,25,0,,0.24,CW,,10,Infiltration - Dropbox Download,0.5
LR,CW_c0.5_it10,4,0,,0.0,CW,,10,Infiltration - Dropbox Download - Attempted,0.5
LR,CW_c0.5_it10,5946,5341,0.36996817075454036,0.43306424487050116,CW,,10,Infiltration - NMAP Portscan,0.5
LR,CW_c0.5_it10,5989,5989,1.0,1.0,CW,,10,SSH-BruteForce,0.5
LR,CW_c0.5_it10,36,0,,0.9722222222222222,CW,,10,Web Attack - Brute Force,0.5
LR,CW_c0.5_it10,28,0,,0.9642857142857143,CW,,10,Web Attack - Brute Force - Attempted,0.5
LR,CW_c0.5_it10,3,2,1.0,0.6666666666666666,CW,,10,Web Attack - SQL,0.5
LR,CW_c0.5_it10,4,2,0.5,0.5,CW,,10,Web Attack - SQL - Attempted,0.5
LR,CW_c0.5_it10,19,0,,1.0,CW,,10,Web Attack - XSS,0.5
SVM,CW_c0.5_it10,60000,0,,,CW,,10,Benign,0.5
SVM,CW_c0.5_it10,6031,6031,0.003482009616978942,0.003482009616978942,CW,,10,Botnet Ares,0.5
SVM,CW_c0.5_it10,69,69,0.0,0.0,CW,,10,Botnet Ares - Attempted,0.5
SVM,CW_c0.5_it10,6039,6039,0.0,0.0,CW,,10,DDoS-HOIC,0.5
SVM,CW_c0.5_it10,5969,0,,1.0,CW,,10,DDoS-LOIC-HTTP,0.5
SVM,CW_c0.5_it10,504,497,0.022132796780684104,0.03571428571428571,CW,,10,DDoS-LOIC-UDP,0.5
SVM,CW_c0.5_it10,38,0,,0.9736842105263158,CW,,10,DDoS-LOIC-UDP - Attempted,0.5
SVM,CW_c0.5_it10,4580,4580,0.0,0.0,CW,,10,DoS GoldenEye,0.5
SVM,CW_c0.5_it10,824,824,0.0,0.0,CW,,10,DoS GoldenEye - Attempted,0.5
SVM,CW_c0.5_it10,5995,5995,0.0,0.0,CW,,10,DoS Hulk,0.5
SVM,CW_c0.5_it10,15,15,0.0,0.0,CW,,10,DoS Hulk - Attempted,0.5
SVM,CW_c0.5_it10,1747,1667,0.0,0.04579278763594734,CW,,10,DoS Slowloris,0.5
SVM,CW_c0.5_it10,466,450,0.0,0.034334763948497854,CW,,10,DoS Slowloris - Attempted,0.5
SVM,CW_c0.5_it10,5932,5932,0.0,0.0,CW,,10,FTP-BruteForce - Attempted,0.5
SVM,CW_c0.5_it10,40,40,0.0,0.0,CW,,10,Infiltration - Communication Victim Attacker,0.5
SVM,CW_c0.5_it10,25,0,,0.4,CW,,10,Infiltration - Dropbox Download,0.5
SVM,CW_c0.5_it10,4,0,,0.5,CW,,10,Infiltration - Dropbox Download - Attempted,0.5
SVM,CW_c0.5_it10,5946,4787,0.22414873616043451,0.37302388160107636,CW,,10,Infiltration - NMAP Portscan,0.5
SVM,CW_c0.5_it10,5989,5989,0.0,0.0,CW,,10,SSH-BruteForce,0.5
SVM,CW_c0.5_it10,36,0,,0.9722222222222222,CW,,10,Web Attack - Brute Force,0.5
SVM,CW_c0.5_it10,28,0,,1.0,CW,,10,Web Attack - Brute Force - Attempted,0.5
SVM,CW_c0.5_it10,3,0,,1.0,CW,,10,Web Attack - SQL,0.5
SVM,CW_c0.5_it10,4,0,,0.75,CW,,10,Web Attack - SQL - Attempted,0.5
SVM,CW_c0.5_it10,19,0,,1.0,CW,,10,Web Attack - XSS,0.5
RF,CW_c0.5_it10,60000,0,,,CW,,10,Benign,0.5
RF,CW_c0.5_it10,6031,6031,0.9971812303100647,0.9971812303100647,CW,,10,Botnet Ares,0.5
RF,CW_c0.5_it10,69,69,0.6521739130434783,0.6521739130434783,CW,,10,Botnet Ares - Attempted,0.5
RF,CW_c0.5_it10,6039,6039,1.0,1.0,CW,,10,DDoS-HOIC,0.5
RF,CW_c0.5_it10,5969,5969,1.0,1.0,CW,,10,DDoS-LOIC-HTTP,0.5
RF,CW_c0.5_it10,504,504,0.9722222222222222,0.9722222222222222,CW,,10,DDoS-LOIC-UDP,0.5
RF,CW_c0.5_it10,38,38,1.0,1.0,CW,,10,DDoS-LOIC-UDP - Attempted,0.5
RF,CW_c0.5_it10,4580,4580,0.9997816593886463,0.9997816593886463,CW,,10,DoS GoldenEye,0.5
RF,CW_c0.5_it10,824,824,1.0,1.0,CW,,10,DoS GoldenEye - Attempted,0.5
RF,CW_c0.5_it10,5995,5995,1.0,1.0,CW,,10,DoS Hulk,0.5
RF,CW_c0.5_it10,15,15,0.8666666666666667,0.8666666666666667,CW,,10,DoS Hulk - Attempted,0.5
RF,CW_c0.5_it10,1747,1747,0.6725815684029766,0.6725815684029766,CW,,10,DoS Slowloris,0.5
RF,CW_c0.5_it10,466,466,1.0,1.0,CW,,10,DoS Slowloris - Attempted,0.5
RF,CW_c0.5_it10,5932,5932,0.5473701955495617,0.5473701955495617,CW,,10,FTP-BruteForce - Attempted,0.5
RF,CW_c0.5_it10,40,40,0.975,0.975,CW,,10,Infiltration - Communication Victim Attacker,0.5
RF,CW_c0.5_it10,25,14,1.0,1.0,CW,,10,Infiltration - Dropbox Download,0.5
RF,CW_c0.5_it10,4,0,,1.0,CW,,10,Infiltration - Dropbox Download - Attempted,0.5
RF,CW_c0.5_it10,5946,5942,0.7618646920228879,0.762024890682812,CW,,10,Infiltration - NMAP Portscan,0.5
RF,CW_c0.5_it10,5989,5989,1.0,1.0,CW,,10,SSH-BruteForce,0.5
RF,CW_c0.5_it10,36,35,0.9714285714285714,0.9722222222222222,CW,,10,Web Attack - Brute Force,0.5
RF,CW_c0.5_it10,28,28,1.0,1.0,CW,,10,Web Attack - Brute Force - Attempted,0.5
RF,CW_c0.5_it10,3,3,1.0,1.0,CW,,10,Web Attack - SQL,0.5
RF,CW_c0.5_it10,4,4,1.0,1.0,CW,,10,Web Attack - SQL - Attempted,0.5
RF,CW_c0.5_it10,19,19,0.9473684210526315,0.9473684210526315,CW,,10,Web Attack - XSS,0.5
MLP,CW_c0.5_it10,60000,0,,,CW,,10,Benign,0.5
MLP,CW_c0.5_it10,6031,6031,0.9975128502735865,0.9975128502735865,CW,,10,Botnet Ares,0.5
MLP,CW_c0.5_it10,69,69,1.0,1.0,CW,,10,Botnet Ares - Attempted,0.5
MLP,CW_c0.5_it10,6039,6039,1.0,1.0,CW,,10,DDoS-HOIC,0.5
MLP,CW_c0.5_it10,5969,5969,1.0,1.0,CW,,10,DDoS-LOIC-HTTP,0.5
MLP,CW_c0.5_it10,504,504,0.9722222222222222,0.9722222222222222,CW,,10,DDoS-LOIC-UDP,0.5
MLP,CW_c0.5_it10,38,37,1.0,0.9736842105263158,CW,,10,DDoS-LOIC-UDP - Attempted,0.5
MLP,CW_c0.5_it10,4580,4579,1.0,0.9997816593886463,CW,,10,DoS GoldenEye,0.5
MLP,CW_c0.5_it10,824,824,1.0,1.0,CW,,10,DoS GoldenEye - Attempted,0.5
MLP,CW_c0.5_it10,5995,5995,1.0,1.0,CW,,10,DoS Hulk,0.5
MLP,CW_c0.5_it10,15,15,1.0,1.0,CW,,10,DoS Hulk - Attempted,0.5
MLP,CW_c0.5_it10,1747,1747,1.0,1.0,CW,,10,DoS Slowloris,0.5
MLP,CW_c0.5_it10,466,466,1.0,1.0,CW,,10,DoS Slowloris - Attempted,0.5
MLP,CW_c0.5_it10,5932,5932,1.0,1.0,CW,,10,FTP-BruteForce - Attempted,0.5
MLP,CW_c0.5_it10,40,40,1.0,1.0,CW,,10,Infiltration - Communication Victim Attacker,0.5
MLP,CW_c0.5_it10,25,5,1.0,0.2,CW,,10,Infiltration - Dropbox Download,0.5
MLP,CW_c0.5_it10,4,0,,0.0,CW,,10,Infiltration - Dropbox Download - Attempted,0.5
MLP,CW_c0.5_it10,5946,5831,0.9969130509346595,0.9776320215270771,CW,,10,Infiltration - NMAP Portscan,0.5
MLP,CW_c0.5_it10,5989,5989,1.0,1.0,CW,,10,SSH-BruteForce,0.5
MLP,CW_c0.5_it10,36,34,1.0,0.9444444444444444,CW,,10,Web Attack - Brute Force,0.5
MLP,CW_c0.5_it10,28,27,1.0,0.9642857142857143,CW,,10,Web Attack - Brute Force - Attempted,0.5
MLP,CW_c0.5_it10,3,2,1.0,0.6666666666666666,CW,,10,Web Attack - SQL,0.5
MLP,CW_c0.5_it10,4,1,1.0,0.25,CW,,10,Web Attack - SQL - Attempted,0.5
MLP,CW_c0.5_it10,19,19,1.0,1.0,CW,,10,Web Attack - XSS,0.5
