model,attack,n,n_detected_clean,asr,fnr_under_attack,family,epsilon,iters,traffic_family,confidence
LR,FGSM_eps0.15,60000,0,,,FGSM,0.15,1,Benign,
LR,FGSM_eps0.15,6081,6078,0.9972030273116157,0.9972044071698734,FGSM,0.15,1,Botnet Ares,
LR,FGSM_eps0.15,60,60,0.0,0.0,FGSM,0.15,1,Botnet Ares - Attempted,
LR,FGSM_eps0.15,6017,6017,0.0024929366794083432,0.0024929366794083432,FGSM,0.15,1,DDoS-HOIC,
LR,FGSM_eps0.15,6088,157,1.0,1.0,FGSM,0.15,1,DDoS-LOIC-HTTP,
LR,FGSM_eps0.15,502,497,0.002012072434607646,0.01195219123505976,FGSM,0.15,1,DDoS-LOIC-UDP,
LR,FGSM_eps0.15,55,0,,1.0,FGSM,0.15,1,DDoS-LOIC-UDP - Attempted,
LR,FGSM_eps0.15,4496,4496,0.00022241992882562276,0.00022241992882562276,FGSM,0.15,1,DoS GoldenEye,
LR,FGSM_eps0.15,861,861,0.0,0.0,FGSM,0.15,1,DoS GoldenEye - Attempted,
LR,FGSM_eps0.15,6050,6050,0.8472727272727273,0.8472727272727273,FGSM,0.15,1,DoS Hulk,
LR,FGSM_eps0.15,10,10,0.2,0.2,FGSM,0.15,1,DoS Hulk - Attempted,
LR,FGSM_eps0.15,1592,1559,0.34894162924951894,0.36243718592964824,FGSM,0.15,1,DoS Slowloris,
LR,FGSM_eps0.15,465,458,1.0,1.0,FGSM,0.15,1,DoS Slowloris - Attempted,
LR,FGSM_eps0.15,5846,5846,0.0,0.0,FGSM,0.15,1,FTP-BruteForce - Attempted,
LR,FGSM_eps0.15,45,44,0.20454545454545456,0.2222222222222222,FGSM,0.15,1,Infiltration - Communication Victim Attacker,
LR,FGSM_eps0.15,14,0,,0.35714285714285715,FGSM,0.15,1,Infiltration - Dropbox Download,
LR,FGSM_eps0.15,4,0,,1.0,FGSM,0.15,1,Infiltration - Dropbox Download - Attempted,
LR,FGSM_eps0.15,5997,5628,0.7700781805259417,0.7658829414707353,FGSM,0.15,1,Infiltration - NMAP Portscan,
LR,FGSM_eps0.15,6041,6041,0.3759311372289356,0.3759311372289356,FGSM,0.15,1,SSH-BruteForce,
LR,FGSM_eps0.15,25,0,,1.0,FGSM,0.15,1,Web Attack - Brute Force,
LR,FGSM_eps0.15,23,0,,0.9130434782608695,FGSM,0.15,1,Web Attack - Brute Force - Attempted,
LR,FGSM_eps0.15,7,3,1.0,0.5714285714285714,FGSM,0.15,1,Web Attack - SQL,
LR,FGSM_eps0.15,2,0,,0.0,FGSM,0.15,1,Web Attack - SQL - Attempted,
LR,FGSM_eps0.15,20,0,,1.0,FGSM,0.15,1,Web Attack - XSS,
LR,FGSM_eps0.15,2,0,,0.0,FGSM,0.15,1,Web Attack - XSS - Attempted,
SVM,FGSM_eps0.15,60000,0,,,FGSM,0.15,1,Benign,
SVM,FGSM_eps0.15,6081,6081,1.0,1.0,FGSM,0.15,1,Botnet Ares,
SVM,FGSM_eps0.15,60,60,0.31666666666666665,0.31666666666666665,FGSM,0.15,1,Botnet Ares - Attempted,
SVM,FGSM_eps0.15,6017,6017,1.0,1.0,FGSM,0.15,1,DDoS-HOIC,
SVM,FGSM_eps0.15,6088,0,,1.0,FGSM,0.15,1,DDoS-LOIC-HTTP,
SVM,FGSM_eps0.15,502,498,0.002008032128514056,0.00597609561752988,FGSM,0.15,1,DDoS-LOIC-UDP,
SVM,FGSM_eps0.15,55,0,,1.0,FGSM,0.15,1,DDoS-LOIC-UDP - Attempted,
SVM,FGSM_eps0.15,4496,4496,0.9719750889679716,0.9719750889679716,FGSM,0.15,1,DoS GoldenEye,
SVM,FGSM_eps0.15,861,861,0.983739837398374,0.983739837398374,FGSM,0.15,1,DoS GoldenEye - Attempted,
SVM,FGSM_eps0.15,6050,6050,0.9575206611570248,0.9575206611570248,FGSM,0.15,1,DoS Hulk,
SVM,FGSM_eps0.15,10,10,1.0,1.0,FGSM,0.15,1,DoS Hulk - Attempted,
SVM,FGSM_eps0.15,1592,1559,0.844772289929442,0.8479899497487438,FGSM,0.15,1,DoS Slowloris,
SVM,FGSM_eps0.15,465,458,1.0,1.0,FGSM,0.15,1,DoS Slowloris - Attempted,
SVM,FGSM_eps0.15,5846,5846,0.0,0.0,FGSM,0.15,1,FTP-BruteForce - Attempted,
SVM,FGSM_eps0.15,45,45,0.2222222222222222,0.2222222222222222,FGSM,0.15,1,Infiltration - Communication Victim Attacker,
SVM,FGSM_eps0.15,14,0,,0.14285714285714285,FGSM,0.15,1,Infiltration - Dropbox Download,
SVM,FGSM_eps0.15,4,0,,0.5,FGSM,0.15,1,Infiltration - Dropbox Download - Attempted,
SVM,FGSM_eps0.15,5997,5230,0.8032504780114723,0.8227447056861764,FGSM,0.15,1,Infiltration - NMAP Portscan,
SVM,FGSM_eps0.15,6041,6041,0.3759311372289356,0.3759311372289356,FGSM,0.15,1,SSH-BruteForce,
SVM,FGSM_eps0.15,25,0,,0.96,FGSM,0.15,1,Web Attack - Brute Force,
SVM,FGSM_eps0.15,23,0,,0.9130434782608695,FGSM,0.15,1,Web Attack - Brute Force - Attempted,
SVM,FGSM_eps0.15,7,0,,0.5714285714285714,FGSM,0.15,1,Web Attack - SQL,
SVM,FGSM_eps0.15,2,0,,0.0,FGSM,0.15,1,Web Attack - SQL - Attempted,
SVM,FGSM_eps0.15,20,0,,1.0,FGSM,0.15,1,Web Attack - XSS,
SVM,FGSM_eps0.15,2,0,,0.0,FGSM,0.15,1,Web Attack - XSS - Attempted,
RF,FGSM_eps0.15,60000,0,,,FGSM,0.15,1,Benign,
RF,FGSM_eps0.15,6081,6081,1.0,1.0,FGSM,0.15,1,Botnet Ares,
RF,FGSM_eps0.15,60,60,1.0,1.0,FGSM,0.15,1,Botnet Ares - Attempted,
RF,FGSM_eps0.15,6017,6017,1.0,1.0,FGSM,0.15,1,DDoS-HOIC,
RF,FGSM_eps0.15,6088,6088,1.0,1.0,FGSM,0.15,1,DDoS-LOIC-HTTP,
RF,FGSM_eps0.15,502,502,0.7948207171314741,0.7948207171314741,FGSM,0.15,1,DDoS-LOIC-UDP,
RF,FGSM_eps0.15,55,54,1.0,1.0,FGSM,0.15,1,DDoS-LOIC-UDP - Attempted,
RF,FGSM_eps0.15,4496,4496,1.0,1.0,FGSM,0.15,1,DoS GoldenEye,
RF,FGSM_eps0.15,861,861,1.0,1.0,FGSM,0.15,1,DoS GoldenEye - Attempted,
RF,FGSM_eps0.15,6050,6050,1.0,1.0,FGSM,0.15,1,DoS Hulk,
RF,FGSM_eps0.15,10,10,1.0,1.0,FGSM,0.15,1,DoS Hulk - Attempted,
RF,FGSM_eps0.15,1592,1592,1.0,1.0,FGSM,0.15,1,DoS Slowloris,
RF,FGSM_eps0.15,465,465,1.0,1.0,FGSM,0.15,1,DoS Slowloris - Attempted,
RF,FGSM_eps0.15,5846,5846,1.0,1.0,FGSM,0.15,1,FTP-BruteForce - Attempted,
RF,FGSM_eps0.15,45,45,0.9777777777777777,0.9777777777777777,FGSM,0.15,1,Infiltration - Communication Victim Attacker,
RF,FGSM_eps0.15,14,7,1.0,1.0,FGSM,0.15,1,Infiltration - Dropbox Download,
RF,FGSM_eps0.15,4,0,,1.0,FGSM,0.15,1,Infiltration - Dropbox Download - Attempted,
RF,FGSM_eps0.15,5997,5991,0.9924887330996495,0.9923294980823745,FGSM,0.15,1,Infiltration - NMAP Portscan,
RF,FGSM_eps0.15,6041,6041,1.0,1.0,FGSM,0.15,1,SSH-BruteForce,
RF,FGSM_eps0.15,25,25,1.0,1.0,FGSM,0.15,1,Web Attack - Brute Force,
RF,FGSM_eps0.15,23,22,1.0,1.0,FGSM,0.15,1,Web Attack - Brute Force - Attempted,
RF,FGSM_eps0.15,7,7,0.7142857142857143,0.7142857142857143,FGSM,0.15,1,Web Attack - SQL,
RF,FGSM_eps0.15,2,2,1.0,1.0,FGSM,0.15,1,Web Attack - SQL - Attempted,
RF,FGSM_eps0.15,20,20,0.0,0.0,FGSM,0.15,1,Web Attack - XSS,
RF,FGSM_eps0.15,2,2,1.0,1.0,FGSM,0.15,1,Web Attack - XSS - Attempted,
MLP,FGSM_eps0.15,60000,0,,,FGSM,0.15,1,Benign,
MLP,FGSM_eps0.15,6081,6081,0.9935865811544153,0.9935865811544153,FGSM,0.15,1,Botnet Ares,
MLP,FGSM_eps0.15,60,60,1.0,1.0,FGSM,0.15,1,Botnet Ares - Attempted,
MLP,FGSM_eps0.15,6017,6017,1.0,1.0,FGSM,0.15,1,DDoS-HOIC,
MLP,FGSM_eps0.15,6088,6088,1.0,1.0,FGSM,0.15,1,DDoS-LOIC-HTTP,
MLP,FGSM_eps0.15,502,502,0.00398406374501992,0.00398406374501992,FGSM,0.15,1,DDoS-LOIC-UDP,
MLP,FGSM_eps0.15,55,47,1.0,0.8545454545454545,FGSM,0.15,1,DDoS-LOIC-UDP - Attempted,
MLP,FGSM_eps0.15,4496,4496,1.0,1.0,FGSM,0.15,1,DoS GoldenEye,
MLP,FGSM_eps0.15,861,861,1.0,1.0,FGSM,0.15,1,DoS GoldenEye - Attempted,
MLP,FGSM_eps0.15,6050,6050,1.0,1.0,FGSM,0.15,1,DoS Hulk,
MLP,FGSM_eps0.15,10,10,1.0,1.0,FGSM,0.15,1,DoS Hulk - Attempted,
MLP,FGSM_eps0.15,1592,1591,1.0,0.9993718592964824,FGSM,0.15,1,DoS Slowloris,
MLP,FGSM_eps0.15,465,465,1.0,1.0,FGSM,0.15,1,DoS Slowloris - Attempted,
MLP,FGSM_eps0.15,5846,5846,1.0,1.0,FGSM,0.15,1,FTP-BruteForce - Attempted,
MLP,FGSM_eps0.15,45,44,0.7045454545454546,0.6888888888888889,FGSM,0.15,1,Infiltration - Communication Victim Attacker,
MLP,FGSM_eps0.15,14,0,,0.42857142857142855,FGSM,0.15,1,Infiltration - Dropbox Download,
MLP,FGSM_eps0.15,4,0,,0.75,FGSM,0.15,1,Infiltration - Dropbox Download - Attempted,
MLP,FGSM_eps0.15,5997,5867,0.989091528890404,0.9746539936634984,FGSM,0.15,1,Infiltration - NMAP Portscan,
MLP,FGSM_eps0.15,6041,6041,1.0,1.0,FGSM,0.15,1,SSH-BruteForce,
MLP,FGSM_eps0.15,25,24,0.0,0.0,FGSM,0.15,1,Web Attack - Brute Force,
MLP,FGSM_eps0.15,23,21,1.0,0.9130434782608695,FGSM,0.15,1,Web Attack - Brute Force - Attempted,
MLP,FGSM_eps0.15,7,4,1.0,0.5714285714285714,FGSM,0.15,1,Web Attack - SQL,
MLP,FGSM_eps0.15,2,0,,0.0,FGSM,0.15,1,Web Attack - SQL - Attempted,
MLP,FGSM_eps0.15,20,20,1.0,1.0,FGSM,0.15,1,Web Attack - XSS,
MLP,FGSM_eps0.15,2,0,,0.0,FGSM,0.15,1,Web Attack - XSS - Attempted,
LR,FGSM_eps0.3,60000,0,,,FGSM,0.3,1,Benign,
LR,FGSM_eps0.3,6081,6078,1.0,1.0,FGSM,0.3,1,Botnet Ares,
LR,FGSM_eps0.3,60,60,1.0,1.0,FGSM,0.3,1,Botnet Ares - Attempted,
LR,FGSM_eps0.3,6017,6017,1.0,1.0,FGSM,0.3,1,DDoS-HOIC,
LR,FGSM_eps0.3,6088,157,1.0,1.0,FGSM,0.3,1,DDoS-LOIC-HTTP,
LR,FGSM_eps0.3,502,497,0.028169014084507043,0.03386454183266932,FGSM,0.3,1,DDoS-LOIC-UDP,
LR,FGSM_eps0.3,55,0,,1.0,FGSM,0.3,1,DDoS-LOIC-UDP - Attempted,
LR,FGSM_eps0.3,4496,4496,0.9719750889679716,0.9719750889679716,FGSM,0.3,1,DoS GoldenEye,
LR,FGSM_eps0.3,861,861,0.9849012775842044,0.9849012775842044,FGSM,0.3,1,DoS GoldenEye - Attempted,
LR,FGSM_eps0.3,6050,6050,0.9575206611570248,0.9575206611570248,FGSM,0.3,1,DoS Hulk,
LR,FGSM_eps0.3,10,10,1.0,1.0,FGSM,0.3,1,DoS Hulk - Attempted,
LR,FGSM_eps0.3,1592,1559,0.9884541372674791,0.9886934673366834,FGSM,0.3,1,DoS Slowloris,
LR,FGSM_eps0.3,465,458,1.0,1.0,FGSM,0.3,1,DoS Slowloris - Attempted,
LR,FGSM_eps0.3,5846,5846,1.0,1.0,FGSM,0.3,1,FTP-BruteForce - Attempted,
LR,FGSM_eps0.3,45,44,0.22727272727272727,0.24444444444444444,FGSM,0.3,1,Infiltration - Communication Victim Attacker,
LR,FGSM_eps0.3,14,0,,0.21428571428571427,FGSM,0.3,1,Infiltration - Dropbox Download,
LR,FGSM_eps0.3,4,0,,0.75,FGSM,0.3,1,Infiltration - Dropbox Download - Attempted,
LR,FGSM_eps0.3,5997,5628,0.8718905472636815,0.8585959646489911,FGSM,0.3,1,Infiltration - NMAP Portscan,
LR,FGSM_eps0.3,6041,6041,1.0,1.0,FGSM,0.3,1,SSH-BruteForce,
LR,FGSM_eps0.3,25,0,,0.96,FGSM,0.3,1,Web Attack - Brute Force,
LR,FGSM_eps0.3,23,0,,0.9130434782608695,FGSM,0.3,1,Web Attack - Brute Force - Attempted,
LR,FGSM_eps0.3,7,3,1.0,0.5714285714285714,FGSM,0.3,1,Web Attack - SQL,
LR,FGSM_eps0.3,2,0,,0.0,FGSM,0.3,1,Web Attack - SQL - Attempted,
LR,FGSM_eps0.3,20,0,,1.0,FGSM,0.3,1,Web Attack - XSS,
LR,FGSM_eps0.3,2,0,,0.0,FGSM,0.3,1,Web Attack - XSS - Attempted,
SVM,FGSM_eps0.3,60000,0,,,FGSM,0.3,1,Benign,
SVM,FGSM_eps0.3,6081,6081,1.0,1.0,FGSM,0.3,1,Botnet Ares,
SVM,FGSM_eps0.3,60,60,1.0,1.0,FGSM,0.3,1,Botnet Ares - Attempted,
SVM,FGSM_eps0.3,6017,6017,1.0,1.0,FGSM,0.3,1,DDoS-HOIC,
SVM,FGSM_eps0.3,6088,0,,1.0,FGSM,0.3,1,DDoS-LOIC-HTTP,
SVM,FGSM_eps0.3,502,498,0.002008032128514056,0.00597609561752988,FGSM,0.3,1,DDoS-LOIC-UDP,
SVM,FGSM_eps0.3,55,0,,1.0,FGSM,0.3,1,DDoS-LOIC-UDP - Attempted,
SVM,FGSM_eps0.3,4496,4496,1.0,1.0,FGSM,0.3,1,DoS GoldenEye,
SVM,FGSM_eps0.3,861,861,1.0,1.0,FGSM,0.3,1,DoS GoldenEye - Attempted,
SVM,FGSM_eps0.3,6050,6050,1.0,1.0,FGSM,0.3,1,DoS Hulk,
SVM,FGSM_eps0.3,10,10,1.0,1.0,FGSM,0.3,1,DoS Hulk - Attempted,
SVM,FGSM_eps0.3,1592,1559,0.9993585631815266,0.9993718592964824,FGSM,0.3,1,DoS Slowloris,
SVM,FGSM_eps0.3,465,458,1.0,1.0,FGSM,0.3,1,DoS Slowloris - Attempted,
SVM,FGSM_eps0.3,5846,5846,1.0,1.0,FGSM,0.3,1,FTP-BruteForce - Attempted,
SVM,FGSM_eps0.3,45,45,0.26666666666666666,0.26666666666666666,FGSM,0.3,1,Infiltration - Communication Victim Attacker,
SVM,FGSM_eps0.3,14,0,,0.0,FGSM,0.3,1,Infiltration - Dropbox Download,
SVM,FGSM_eps0.3,4,0,,0.5,FGSM,0.3,1,Infiltration - Dropbox Download - Attempted,
SVM,FGSM_eps0.3,5997,5230,0.869980879541109,0.8809404702351176,FGSM,0.3,1,Infiltration - NMAP Portscan,
SVM,FGSM_eps0.3,6041,6041,1.0,1.0,FGSM,0.3,1,SSH-BruteForce,
SVM,FGSM_eps0.3,25,0,,0.96,FGSM,0.3,1,Web Attack - Brute Force,
SVM,FGSM_eps0.3,23,0,,0.9130434782608695,FGSM,0.3,1,Web Attack - Brute Force - Attempted,
SVM,FGSM_eps0.3,7,0,,0.5714285714285714,FGSM,0.3,1,Web Attack - SQL,
SVM,FGSM_eps0.3,2,0,,0.0,FGSM,0.3,1,Web Attack - SQL - Attempted,
SVM,FGSM_eps0.3,20,0,,1.0,FGSM,0.3,1,Web Attack - XSS,
SVM,FGSM_eps0.3,2,0,,0.0,FGSM,0.3,1,Web Attack - XSS - Attempted,
RF,FGSM_eps0.3,60000,0,,,FGSM,0.3,1,Benign,
RF,FGSM_eps0.3,6081,6081,1.0,1.0,FGSM,0.3,1,Botnet Ares,
RF,FGSM_eps0.3,60,60,1.0,1.0,FGSM,0.3,1,Botnet Ares - Attempted,
RF,FGSM_eps0.3,6017,6017,1.0,1.0,FGSM,0.3,1,DDoS-HOIC,
RF,FGSM_eps0.3,6088,6088,1.0,1.0,FGSM,0.3,1,DDoS-LOIC-HTTP,
RF,FGSM_eps0.3,502,502,0.7928286852589641,0.7928286852589641,FGSM,0.3,1,DDoS-LOIC-UDP,
RF,FGSM_eps0.3,55,54,1.0,1.0,FGSM,0.3,1,DDoS-LOIC-UDP - Attempted,
RF,FGSM_eps0.3,4496,4496,1.0,1.0,FGSM,0.3,1,DoS GoldenEye,
RF,FGSM_eps0.3,861,861,1.0,1.0,FGSM,0.3,1,DoS GoldenEye - Attempted,
RF,FGSM_eps0.3,6050,6050,1.0,1.0,FGSM,0.3,1,DoS Hulk,
RF,FGSM_eps0.3,10,10,1.0,1.0,FGSM,0.3,1,DoS Hulk - Attempted,
RF,FGSM_eps0.3,1592,1592,1.0,1.0,FGSM,0.3,1,DoS Slowloris,
RF,FGSM_eps0.3,465,465,1.0,1.0,FGSM,0.3,1,DoS Slowloris - Attempted,
RF,FGSM_eps0.3,5846,5846,1.0,1.0,FGSM,0.3,1,FTP-BruteForce - Attempted,
RF,FGSM_eps0.3,45,45,1.0,1.0,FGSM,0.3,1,Infiltration - Communication Victim Attacker,
RF,FGSM_eps0.3,14,7,1.0,0.9285714285714286,FGSM,0.3,1,Infiltration - Dropbox Download,
RF,FGSM_eps0.3,4,0,,1.0,FGSM,0.3,1,Infiltration - Dropbox Download - Attempted,
RF,FGSM_eps0.3,5997,5991,0.9899849774661993,0.9899949974987494,FGSM,0.3,1,Infiltration - NMAP Portscan,
RF,FGSM_eps0.3,6041,6041,1.0,1.0,FGSM,0.3,1,SSH-BruteForce,
RF,FGSM_eps0.3,25,25,1.0,1.0,FGSM,0.3,1,Web Attack - Brute Force,
RF,FGSM_eps0.3,23,22,1.0,1.0,FGSM,0.3,1,Web Attack - Brute Force - Attempted,
RF,FGSM_eps0.3,7,7,1.0,1.0,FGSM,0.3,1,Web Attack - SQL,
RF,FGSM_eps0.3,2,2,1.0,1.0,FGSM,0.3,1,Web Attack - SQL - Attempted,
RF,FGSM_eps0.3,20,20,1.0,1.0,FGSM,0.3,1,Web Attack - XSS,
RF,FGSM_eps0.3,2,2,1.0,1.0,FGSM,0.3,1,Web Attack - XSS - Attempted,
MLP,FGSM_eps0.3,60000,0,,,FGSM,0.3,1,Benign,
MLP,FGSM_eps0.3,6081,6081,0.9986844269034698,0.9986844269034698,FGSM,0.3,1,Botnet Ares,
MLP,FGSM_eps0.3,60,60,1.0,1.0,FGSM,0.3,1,Botnet Ares - Attempted,
MLP,FGSM_eps0.3,6017,6017,1.0,1.0,FGSM,0.3,1,DDoS-HOIC,
MLP,FGSM_eps0.3,6088,6088,1.0,1.0,FGSM,0.3,1,DDoS-LOIC-HTTP,
MLP,FGSM_eps0.3,502,502,0.00796812749003984,0.00796812749003984,FGSM,0.3,1,DDoS-LOIC-UDP,
MLP,FGSM_eps0.3,55,47,1.0,0.8545454545454545,FGSM,0.3,1,DDoS-LOIC-UDP - Attempted,
MLP,FGSM_eps0.3,4496,4496,1.0,1.0,FGSM,0.3,1,DoS GoldenEye,
MLP,FGSM_eps0.3,861,861,1.0,1.0,FGSM,0.3,1,DoS GoldenEye - Attempted,
MLP,FGSM_eps0.3,6050,6050,1.0,1.0,FGSM,0.3,1,DoS Hulk,
MLP,FGSM_eps0.3,10,10,1.0,1.0,FGSM,0.3,1,DoS Hulk - Attempted,
MLP,FGSM_eps0.3,1592,1591,1.0,0.9993718592964824,FGSM,0.3,1,DoS Slowloris,
MLP,FGSM_eps0.3,465,465,1.0,1.0,FGSM,0.3,1,DoS Slowloris - Attempted,
MLP,FGSM_eps0.3,5846,5846,1.0,1.0,FGSM,0.3,1,FTP-BruteForce - Attempted,
MLP,FGSM_eps0.3,45,44,0.9090909090909091,0.8888888888888888,FGSM,0.3,1,Infiltration - Communication Victim Attacker,
MLP,FGSM_eps0.3,14,0,,0.07142857142857142,FGSM,0.3,1,Infiltration - Dropbox Download,
MLP,FGSM_eps0.3,4,0,,0.5,FGSM,0.3,1,Infiltration - Dropbox Download - Attempted,
MLP,FGSM_eps0.3,5997,5867,1.0,0.9864932466233116,FGSM,0.3,1,Infiltration - NMAP Portscan,
MLP,FGSM_eps0.3,6041,6041,1.0,1.0,FGSM,0.3,1,SSH-BruteForce,
MLP,FGSM_eps0.3,25,24,1.0,0.96,FGSM,0.3,1,Web Attack - Brute Force,
MLP,FGSM_eps0.3,23,21,1.0,0.9130434782608695,FGSM,0.3,1,Web Attack - Brute Force - Attempted,
MLP,FGSM_eps0.3,7,4,1.0,0.5714285714285714,FGSM,0.3,1,Web Attack - SQL,
MLP,FGSM_eps0.3,2,0,,0.0,FGSM,0.3,1,Web Attack - SQL - Attempted,
MLP,FGSM_eps0.3,20,20,1.0,1.0,FGSM,0.3,1,Web Attack - XSS,
MLP,FGSM_eps0.3,2,0,,0.0,FGSM,0.3,1,Web Attack - XSS - Attempted,
LR,FGSM_eps0.5,60000,0,,,FGSM,0.5,1,Benign,
LR,FGSM_eps0.5,6081,6078,1.0,1.0,FGSM,0.5,1,Botnet Ares,
LR,FGSM_eps0.5,60,60,1.0,1.0,FGSM,0.5,1,Botnet Ares - Attempted,
LR,FGSM_eps0.5,6017,6017,1.0,1.0,FGSM,0.5,1,DDoS-HOIC,
LR,FGSM_eps0.5,6088,157,1.0,1.0,FGSM,0.5,1,DDoS-LOIC-HTTP,
LR,FGSM_eps0.5,502,497,0.03621730382293763,0.04183266932270916,FGSM,0.5,1,DDoS-LOIC-UDP,
LR,FGSM_eps0.5,55,0,,1.0,FGSM,0.5,1,DDoS-LOIC-UDP - Attempted,
LR,FGSM_eps0.5,4496,4496,0.9770907473309609,0.9770907473309609,FGSM,0.5,1,DoS GoldenEye,
LR,FGSM_eps0.5,861,861,1.0,1.0,FGSM,0.5,1,DoS GoldenEye - Attempted,
LR,FGSM_eps0.5,6050,6050,0.9986776859504132,0.9986776859504132,FGSM,0.5,1,DoS Hulk,
LR,FGSM_eps0.5,10,10,1.0,1.0,FGSM,0.5,1,DoS Hulk - Attempted,
LR,FGSM_eps0.5,1592,1559,0.9967928159076331,0.996859296482412,FGSM,0.5,1,DoS Slowloris,
LR,FGSM_eps0.5,465,458,1.0,1.0,FGSM,0.5,1,DoS Slowloris - Attempted,
LR,FGSM_eps0.5,5846,5846,1.0,1.0,FGSM,0.5,1,FTP-BruteForce - Attempted,
LR,FGSM_eps0.5,45,44,0.2727272727272727,0.28888888888888886,FGSM,0.5,1,Infiltration - Communication Victim Attacker,
LR,FGSM_eps0.5,14,0,,0.14285714285714285,FGSM,0.5,1,Infiltration - Dropbox Download,
LR,FGSM_eps0.5,4,0,,0.75,FGSM,0.5,1,Infiltration - Dropbox Download - Attempted,
LR,FGSM_eps0.5,5997,5628,0.894633972992182,0.8799399699849925,FGSM,0.5,1,Infiltration - NMAP Portscan,
LR,FGSM_eps0.5,6041,6041,1.0,1.0,FGSM,0.5,1,SSH-BruteForce,
LR,FGSM_eps0.5,25,0,,0.96,FGSM,0.5,1,Web Attack - Brute Force,
LR,FGSM_eps0.5,23,0,,0.9130434782608695,FGSM,0.5,1,Web Attack - Brute Force - Attempted,
LR,FGSM_eps0.5,7,3,1.0,0.5714285714285714,FGSM,0.5,1,Web Attack - SQL,
LR,FGSM_eps0.5,2,0,,0.0,FGSM,0.5,1,Web Attack - SQL - Attempted,
LR,FGSM_eps0.5,20,0,,1.0,FGSM,0.5,1,Web Attack - XSS,
LR,FGSM_eps0.5,2,0,,0.0,FGSM,0.5,1,Web Attack - XSS - Attempted,
SVM,FGSM_eps0.5,60000,0,,,FGSM,0.5,1,Benign,
SVM,FGSM_eps0.5,6081,6081,1.0,1.0,FGSM,0.5,1,Botnet Ares,
SVM,FGSM_eps0.5,60,60,1.0,1.0,FGSM,0.5,1,Botnet Ares - Attempted,
SVM,FGSM_eps0.5,6017,6017,1.0,1.0,FGSM,0.5,1,DDoS-HOIC,
SVM,FGSM_eps0.5,6088,0,,1.0,FGSM,0.5,1,DDoS-LOIC-HTTP,
SVM,FGSM_eps0.5,502,498,0.004016064257028112,0.00796812749003984,FGSM,0.5,1,DDoS-LOIC-UDP,
SVM,FGSM_eps0.5,55,0,,0.8545454545454545,FGSM,0.5,1,DDoS-LOIC-UDP - Attempted,
SVM,FGSM_eps0.5,4496,4496,1.0,1.0,FGSM,0.5,1,DoS GoldenEye,
SVM,FGSM_eps0.5,861,861,1.0,1.0,FGSM,0.5,1,DoS GoldenEye - Attempted,
SVM,FGSM_eps0.5,6050,6050,1.0,1.0,FGSM,0.5,1,DoS Hulk,
SVM,FGSM_eps0.5,10,10,1.0,1.0,FGSM,0.5,1,DoS Hulk - Attempted,
SVM,FGSM_eps0.5,1592,1559,0.9993585631815266,0.9993718592964824,FGSM,0.5,1,DoS Slowloris,
SVM,FGSM_eps0.5,465,458,1.0,1.0,FGSM,0.5,1,DoS Slowloris - Attempted,
SVM,FGSM_eps0.5,5846,5846,1.0,1.0,FGSM,0.5,1,FTP-BruteForce - Attempted,
SVM,FGSM_eps0.5,45,45,0.9111111111111111,0.9111111111111111,FGSM,0.5,1,Infiltration - Communication Victim Attacker,
SVM,FGSM_eps0.5,14,0,,0.0,FGSM,0.5,1,Infiltration - Dropbox Download,
SVM,FGSM_eps0.5,4,0,,0.5,FGSM,0.5,1,Infiltration - Dropbox Download - Attempted,
SVM,FGSM_eps0.5,5997,5230,0.9095602294455067,0.9054527263631816,FGSM,0.5,1,Infiltration - NMAP Portscan,
SVM,FGSM_eps0.5,6041,6041,1.0,1.0,FGSM,0.5,1,SSH-BruteForce,
SVM,FGSM_eps0.5,25,0,,0.96,FGSM,0.5,1,Web Attack - Brute Force,
SVM,FGSM_eps0.5,23,0,,0.9130434782608695,FGSM,0.5,1,Web Attack - Brute Force - Attempted,
SVM,FGSM_eps0.5,7,0,,0.5714285714285714,FGSM,0.5,1,Web Attack - SQL,
SVM,FGSM_eps0.5,2,0,,0.0,FGSM,0.5,1,Web Attack - SQL - Attempted,
SVM,FGSM_eps0.5,20,0,,1.0,FGSM,0.5,1,Web Attack - XSS,
SVM,FGSM_eps0.5,2,0,,0.0,FGSM,0.5,1,Web Attack - XSS - Attempted,
RF,FGSM_eps0.5,60000,0,,,FGSM,0.5,1,Benign,
RF,FGSM_eps0.5,6081,6081,1.0,1.0,FGSM,0.5,1,Botnet Ares,
RF,FGSM_eps0.5,60,60,1.0,1.0,FGSM,0.5,1,Botnet Ares - Attempted,
RF,FGSM_eps0.5,6017,6017,1.0,1.0,FGSM,0.5,1,DDoS-HOIC,
RF,FGSM_eps0.5,6088,6088,1.0,1.0,FGSM,0.5,1,DDoS-LOIC-HTTP,
RF,FGSM_eps0.5,502,502,0.7948207171314741,0.7948207171314741,FGSM,0.5,1,DDoS-LOIC-UDP,
RF,FGSM_eps0.5,55,54,0.8703703703703703,0.8545454545454545,FGSM,0.5,1,DDoS-LOIC-UDP - Attempted,
RF,FGSM_eps0.5,4496,4496,1.0,1.0,FGSM,0.5,1,DoS GoldenEye,
RF,FGSM_eps0.5,861,861,1.0,1.0,FGSM,0.5,1,DoS GoldenEye - Attempted,
RF,FGSM_eps0.5,6050,6050,1.0,1.0,FGSM,0.5,1,DoS Hulk,
RF,FGSM_eps0.5,10,10,1.0,1.0,FGSM,0.5,1,DoS Hulk - Attempted,
RF,FGSM_eps0.5,1592,1592,1.0,1.0,FGSM,0.5,1,DoS Slowloris,
RF,FGSM_eps0.5,465,465,1.0,1.0,FGSM,0.5,1,DoS Slowloris - Attempted,
RF,FGSM_eps0.5,5846,5846,1.0,1.0,FGSM,0.5,1,FTP-BruteForce - Attempted,
RF,FGSM_eps0.5,45,45,1.0,1.0,FGSM,0.5,1,Infiltration - Communication Victim Attacker,
RF,FGSM_eps0.5,14,7,0.7142857142857143,0.7857142857142857,FGSM,0.5,1,Infiltration - Dropbox Download,
RF,FGSM_eps0.5,4,0,,1.0,FGSM,0.5,1,Infiltration - Dropbox Download - Attempted,
RF,FGSM_eps0.5,5997,5991,0.9948255716908696,0.9948307487076872,FGSM,0.5,1,Infiltration - NMAP Portscan,
RF,FGSM_eps0.5,6041,6041,1.0,1.0,FGSM,0.5,1,SSH-BruteForce,
RF,FGSM_eps0.5,25,25,1.0,1.0,FGSM,0.5,1,Web Attack - Brute Force,
RF,FGSM_eps0.5,23,22,1.0,1.0,FGSM,0.5,1,Web Attack - Brute Force - Attempted,
RF,FGSM_eps0.5,7,7,1.0,1.0,FGSM,0.5,1,Web Attack - SQL,
RF,FGSM_eps0.5,2,2,1.0,1.0,FGSM,0.5,1,Web Attack - SQL - Attempted,
RF,FGSM_eps0.5,20,20,1.0,1.0,FGSM,0.5,1,Web Attack - XSS,
RF,FGSM_eps0.5,2,2,1.0,1.0,FGSM,0.5,1,Web Attack - XSS - Attempted,
MLP,FGSM_eps0.5,60000,0,,,FGSM,0.5,1,Benign,
MLP,FGSM_eps0.5,6081,6081,1.0,1.0,FGSM,0.5,1,Botnet Ares,
MLP,FGSM_eps0.5,60,60,1.0,1.0,FGSM,0.5,1,Botnet Ares - Attempted,
MLP,FGSM_eps0.5,6017,6017,1.0,1.0,FGSM,0.5,1,DDoS-HOIC,
MLP,FGSM_eps0.5,6088,6088,1.0,1.0,FGSM,0.5,1,DDoS-LOIC-HTTP,
MLP,FGSM_eps0.5,502,502,0.00796812749003984,0.00796812749003984,FGSM,0.5,1,DDoS-LOIC-UDP,
MLP,FGSM_eps0.5,55,47,1.0,0.8545454545454545,FGSM,0.5,1,DDoS-LOIC-UDP - Attempted,
MLP,FGSM_eps0.5,4496,4496,1.0,1.0,FGSM,0.5,1,DoS GoldenEye,
MLP,FGSM_eps0.5,861,861,1.0,1.0,FGSM,0.5,1,DoS GoldenEye - Attempted,
MLP,FGSM_eps0.5,6050,6050,1.0,1.0,FGSM,0.5,1,DoS Hulk,
MLP,FGSM_eps0.5,10,10,1.0,1.0,FGSM,0.5,1,DoS Hulk - Attempted,
MLP,FGSM_eps0.5,1592,1591,1.0,0.9993718592964824,FGSM,0.5,1,DoS Slowloris,
MLP,FGSM_eps0.5,465,465,1.0,1.0,FGSM,0.5,1,DoS Slowloris - Attempted,
MLP,FGSM_eps0.5,5846,5846,1.0,1.0,FGSM,0.5,1,FTP-BruteForce - Attempted,
MLP,FGSM_eps0.5,45,44,0.9090909090909091,0.8888888888888888,FGSM,0.5,1,Infiltration - Communication Victim Attacker,
MLP,FGSM_eps0.5,14,0,,0.07142857142857142,FGSM,0.5,1,Infiltration - Dropbox Download,
MLP,FGSM_eps0.5,4,0,,0.5,FGSM,0.5,1,Infiltration - Dropbox Download - Attempted,
MLP,FGSM_eps0.5,5997,5867,1.0,0.9888277472069368,FGSM,0.5,1,Infiltration - NMAP Portscan,
MLP,FGSM_eps0.5,6041,6041,1.0,1.0,FGSM,0.5,1,SSH-BruteForce,
MLP,FGSM_eps0.5,25,24,1.0,0.96,FGSM,0.5,1,Web Attack - Brute Force,
MLP,FGSM_eps0.5,23,21,1.0,0.9130434782608695,FGSM,0.5,1,Web Attack - Brute Force - Attempted,
MLP,FGSM_eps0.5,7,4,1.0,0.5714285714285714,FGSM,0.5,1,Web Attack - SQL,
MLP,FGSM_eps0.5,2,0,,0.0,FGSM,0.5,1,Web Attack - SQL - Attempted,
MLP,FGSM_eps0.5,20,20,1.0,1.0,FGSM,0.5,1,Web Attack - XSS,
MLP,FGSM_eps0.5,2,0,,0.0,FGSM,0.5,1,Web Attack - XSS - Attempted,
LR,FGSM_eps0.75,60000,0,,,FGSM,0.75,1,Benign,
LR,FGSM_eps0.75,6081,6078,1.0,1.0,FGSM,0.75,1,Botnet Ares,
LR,FGSM_eps0.75,60,60,1.0,1.0,FGSM,0.75,1,Botnet Ares - Attempted,
LR,FGSM_eps0.75,6017,6017,1.0,1.0,FGSM,0.75,1,DDoS-HOIC,
LR,FGSM_eps0.75,6088,157,1.0,1.0,FGSM,0.75,1,DDoS-LOIC-HTTP,
LR,FGSM_eps0.75,502,497,0.04225352112676056,0.04780876494023904,FGSM,0.75,1,DDoS-LOIC-UDP,
LR,FGSM_eps0.75,55,0,,0.8545454545454545,FGSM,0.75,1,DDoS-LOIC-UDP - Attempted,
LR,FGSM_eps0.75,4496,4496,1.0,1.0,FGSM,0.75,1,DoS GoldenEye,
LR,FGSM_eps0.75,861,861,1.0,1.0,FGSM,0.75,1,DoS GoldenEye - Attempted,
LR,FGSM_eps0.75,6050,6050,1.0,1.0,FGSM,0.75,1,DoS Hulk,
LR,FGSM_eps0.75,10,10,1.0,1.0,FGSM,0.75,1,DoS Hulk - Attempted,
LR,FGSM_eps0.75,1592,1559,0.9993585631815266,0.9993718592964824,FGSM,0.75,1,DoS Slowloris,
LR,FGSM_eps0.75,465,458,1.0,1.0,FGSM,0.75,1,DoS Slowloris - Attempted,
LR,FGSM_eps0.75,5846,5846,1.0,1.0,FGSM,0.75,1,FTP-BruteForce - Attempted,
LR,FGSM_eps0.75,45,44,0.2727272727272727,0.28888888888888886,FGSM,0.75,1,Infiltration - Communication Victim Attacker,
LR,FGSM_eps0.75,14,0,,0.0,FGSM,0.75,1,Infiltration - Dropbox Download,
LR,FGSM_eps0.75,4,0,,0.75,FGSM,0.75,1,Infiltration - Dropbox Download - Attempted,
LR,FGSM_eps0.75,5997,5628,0.9372778962331201,0.9176254794063698,FGSM,0.75,1,Infiltration - NMAP Portscan,
LR,FGSM_eps0.75,6041,6041,1.0,1.0,FGSM,0.75,1,SSH-BruteForce,
LR,FGSM_eps0.75,25,0,,0.96,FGSM,0.75,1,Web Attack - Brute Force,
LR,FGSM_eps0.75,23,0,,0.9130434782608695,FGSM,0.75,1,Web Attack - Brute Force - Attempted,
LR,FGSM_eps0.75,7,3,1.0,0.5714285714285714,FGSM,0.75,1,Web Attack - SQL,
LR,FGSM_eps0.75,2,0,,0.0,FGSM,0.75,1,Web Attack - SQL - Attempted,
LR,FGSM_eps0.75,20,0,,1.0,FGSM,0.75,1,Web Attack - XSS,
LR,FGSM_eps0.75,2,0,,0.0,FGSM,0.75,1,Web Attack - XSS - Attempted,
SVM,FGSM_eps0.75,60000,0,,,FGSM,0.75,1,Benign,
SVM,FGSM_eps0.75,6081,6081,1.0,1.0,FGSM,0.75,1,Botnet Ares,
SVM,FGSM_eps0.75,60,60,1.0,1.0,FGSM,0.75,1,Botnet Ares - Attempted,
SVM,FGSM_eps0.75,6017,6017,1.0,1.0,FGSM,0.75,1,DDoS-HOIC,
SVM,FGSM_eps0.75,6088,0,,1.0,FGSM,0.75,1,DDoS-LOIC-HTTP,
SVM,FGSM_eps0.75,502,498,0.004016064257028112,0.00796812749003984,FGSM,0.75,1,DDoS-LOIC-UDP,
SVM,FGSM_eps0.75,55,0,,0.8545454545454545,FGSM,0.75,1,DDoS-LOIC-UDP - Attempted,
SVM,FGSM_eps0.75,4496,4496,1.0,1.0,FGSM,0.75,1,DoS GoldenEye,
SVM,FGSM_eps0.75,861,861,1.0,1.0,FGSM,0.75,1,DoS GoldenEye - Attempted,
SVM,FGSM_eps0.75,6050,6050,1.0,1.0,FGSM,0.75,1,DoS Hulk,
SVM,FGSM_eps0.75,10,10,1.0,1.0,FGSM,0.75,1,DoS Hulk - Attempted,
SVM,FGSM_eps0.75,1592,1559,0.9993585631815266,0.9993718592964824,FGSM,0.75,1,DoS Slowloris,
SVM,FGSM_eps0.75,465,458,1.0,1.0,FGSM,0.75,1,DoS Slowloris - Attempted,
SVM,FGSM_eps0.75,5846,5846,1.0,1.0,FGSM,0.75,1,FTP-BruteForce - Attempted,
SVM,FGSM_eps0.75,45,45,0.9777777777777777,0.9777777777777777,FGSM,0.75,1,Infiltration - Communication Victim Attacker,
SVM,FGSM_eps0.75,14,0,,0.0,FGSM,0.75,1,Infiltration - Dropbox Download,
SVM,FGSM_eps0.75,4,0,,0.5,FGSM,0.75,1,Infiltration - Dropbox Download - Attempted,
SVM,FGSM_eps0.75,5997,5230,0.9711281070745698,0.95914623978656,FGSM,0.75,1,Infiltration - NMAP Portscan,
SVM,FGSM_eps0.75,6041,6041,1.0,1.0,FGSM,0.75,1,SSH-BruteForce,
SVM,FGSM_eps0.75,25,0,,0.96,FGSM,0.75,1,Web Attack - Brute Force,
SVM,FGSM_eps0.75,23,0,,0.9130434782608695,FGSM,0.75,1,Web Attack - Brute Force - Attempted,
SVM,FGSM_eps0.75,7,0,,0.5714285714285714,FGSM,0.75,1,Web Attack - SQL,
SVM,FGSM_eps0.75,2,0,,0.0,FGSM,0.75,1,Web Attack - SQL - Attempted,
SVM,FGSM_eps0.75,20,0,,1.0,FGSM,0.75,1,Web Attack - XSS,
SVM,FGSM_eps0.75,2,0,,0.0,FGSM,0.75,1,Web Attack - XSS - Attempted,
RF,FGSM_eps0.75,60000,0,,,FGSM,0.75,1,Benign,
RF,FGSM_eps0.75,6081,6081,1.0,1.0,FGSM,0.75,1,Botnet Ares,
RF,FGSM_eps0.75,60,60,1.0,1.0,FGSM,0.75,1,Botnet Ares - Attempted,
RF,FGSM_eps0.75,6017,6017,1.0,1.0,FGSM,0.75,1,DDoS-HOIC,
RF,FGSM_eps0.75,6088,6088,1.0,1.0,FGSM,0.75,1,DDoS-LOIC-HTTP,
RF,FGSM_eps0.75,502,502,0.7948207171314741,0.7948207171314741,FGSM,0.75,1,DDoS-LOIC-UDP,
RF,FGSM_eps0.75,55,54,1.0,1.0,FGSM,0.75,1,DDoS-LOIC-UDP - Attempted,
RF,FGSM_eps0.75,4496,4496,1.0,1.0,FGSM,0.75,1,DoS GoldenEye,
RF,FGSM_eps0.75,861,861,1.0,1.0,FGSM,0.75,1,DoS GoldenEye - Attempted,
RF,FGSM_eps0.75,6050,6050,1.0,1.0,FGSM,0.75,1,DoS Hulk,
RF,FGSM_eps0.75,10,10,1.0,1.0,FGSM,0.75,1,DoS Hulk - Attempted,
RF,FGSM_eps0.75,1592,1592,0.9993718592964824,0.9993718592964824,FGSM,0.75,1,DoS Slowloris,
RF,FGSM_eps0.75,465,465,1.0,1.0,FGSM,0.75,1,DoS Slowloris - Attempted,
RF,FGSM_eps0.75,5846,5846,1.0,1.0,FGSM,0.75,1,FTP-BruteForce - Attempted,
RF,FGSM_eps0.75,45,45,1.0,1.0,FGSM,0.75,1,Infiltration - Communication Victim Attacker,
RF,FGSM_eps0.75,14,7,0.7142857142857143,0.8571428571428571,FGSM,0.75,1,Infiltration - Dropbox Download,
RF,FGSM_eps0.75,4,0,,1.0,FGSM,0.75,1,Infiltration - Dropbox Download - Attempted,
RF,FGSM_eps0.75,5997,5991,0.99899849774662,0.9989994997498749,FGSM,0.75,1,Infiltration - NMAP Portscan,
RF,FGSM_eps0.75,6041,6041,1.0,1.0,FGSM,0.75,1,SSH-BruteForce,
RF,FGSM_eps0.75,25,25,1.0,1.0,FGSM,0.75,1,Web Attack - Brute Force,
RF,FGSM_eps0.75,23,22,1.0,1.0,FGSM,0.75,1,Web Attack - Brute Force - Attempted,
RF,FGSM_eps0.75,7,7,1.0,1.0,FGSM,0.75,1,Web Attack - SQL,
RF,FGSM_eps0.75,2,2,1.0,1.0,FGSM,0.75,1,Web Attack - SQL - Attempted,
RF,FGSM_eps0.75,20,20,1.0,1.0,FGSM,0.75,1,Web Attack - XSS,
RF,FGSM_eps0.75,2,2,1.0,1.0,FGSM,0.75,1,Web Attack - XSS - Attempted,
MLP,FGSM_eps0.75,60000,0,,,FGSM,0.75,1,Benign,
MLP,FGSM_eps0.75,6081,6081,1.0,1.0,FGSM,0.75,1,Botnet Ares,
MLP,FGSM_eps0.75,60,60,1.0,1.0,FGSM,0.75,1,Botnet Ares - Attempted,
MLP,FGSM_eps0.75,6017,6017,1.0,1.0,FGSM,0.75,1,DDoS-HOIC,
MLP,FGSM_eps0.75,6088,6088,1.0,1.0,FGSM,0.75,1,DDoS-LOIC-HTTP,
MLP,FGSM_eps0.75,502,502,0.0099601593625498,0.0099601593625498,FGSM,0.75,1,DDoS-LOIC-UDP,
MLP,FGSM_eps0.75,55,47,1.0,0.8545454545454545,FGSM,0.75,1,DDoS-LOIC-UDP - Attempted,
MLP,FGSM_eps0.75,4496,4496,0.9973309608540926,0.9973309608540926,FGSM,0.75,1,DoS GoldenEye,
MLP,FGSM_eps0.75,861,861,0.3681765389082462,0.3681765389082462,FGSM,0.75,1,DoS GoldenEye - Attempted,
MLP,FGSM_eps0.75,6050,6050,1.0,1.0,FGSM,0.75,1,DoS Hulk,
MLP,FGSM_eps0.75,10,10,1.0,1.0,FGSM,0.75,1,DoS Hulk - Attempted,
MLP,FGSM_eps0.75,1592,1591,1.0,0.9993718592964824,FGSM,0.75,1,DoS Slowloris,
MLP,FGSM_eps0.75,465,465,1.0,1.0,FGSM,0.75,1,DoS Slowloris - Attempted,
MLP,FGSM_eps0.75,5846,5846,1.0,1.0,FGSM,0.75,1,FTP-BruteForce - Attempted,
MLP,FGSM_eps0.75,45,44,0.8636363636363636,0.8444444444444444,FGSM,0.75,1,Infiltration - Communication Victim Attacker,
MLP,FGSM_eps0.75,14,0,,0.07142857142857142,FGSM,0.75,1,Infiltration - Dropbox Download,
MLP,FGSM_eps0.75,4,0,,0.5,FGSM,0.75,1,Infiltration - Dropbox Download - Attempted,
MLP,FGSM_eps0.75,5997,5867,1.0,0.9888277472069368,FGSM,0.75,1,Infiltration - NMAP Portscan,
MLP,FGSM_eps0.75,6041,6041,1.0,1.0,FGSM,0.75,1,SSH-BruteForce,
MLP,FGSM_eps0.75,25,24,1.0,0.96,FGSM,0.75,1,Web Attack - Brute Force,
MLP,FGSM_eps0.75,23,21,1.0,0.9130434782608695,FGSM,0.75,1,Web Attack - Brute Force - Attempted,
MLP,FGSM_eps0.75,7,4,1.0,0.5714285714285714,FGSM,0.75,1,Web Attack - SQL,
MLP,FGSM_eps0.75,2,0,,0.0,FGSM,0.75,1,Web Attack - SQL - Attempted,
MLP,FGSM_eps0.75,20,20,1.0,1.0,FGSM,0.75,1,Web Attack - XSS,
MLP,FGSM_eps0.75,2,0,,0.0,FGSM,0.75,1,Web Attack - XSS - Attempted,
LR,PGD_eps0.15_it10,60000,0,,,PGD,0.15,10,Benign,
LR,PGD_eps0.15_it10,6081,6078,0.003290556103981573,0.0037822726525242557,PGD,0.15,10,Botnet Ares,
LR,PGD_eps0.15_it10,60,60,0.0,0.0,PGD,0.15,10,Botnet Ares - Attempted,
LR,PGD_eps0.15_it10,6017,6017,0.0019943493435266744,0.0019943493435266744,PGD,0.15,10,DDoS-HOIC,
LR,PGD_eps0.15_it10,6088,157,1.0,1.0,PGD,0.15,10,DDoS-LOIC-HTTP,
LR,PGD_eps0.15_it10,502,497,0.0,0.0099601593625498,PGD,0.15,10,DDoS-LOIC-UDP,
LR,PGD_eps0.15_it10,55,0,,1.0,PGD,0.15,10,DDoS-LOIC-UDP - Attempted,
LR,PGD_eps0.15_it10,4496,4496,0.009786476868327402,0.009786476868327402,PGD,0.15,10,DoS GoldenEye,
LR,PGD_eps0.15_it10,861,861,0.0,0.0,PGD,0.15,10,DoS GoldenEye - Attempted,
LR,PGD_eps0.15_it10,6050,6050,0.0024793388429752068,0.0024793388429752068,PGD,0.15,10,DoS Hulk,
LR,PGD_eps0.15_it10,10,10,0.2,0.2,PGD,0.15,10,DoS Hulk - Attempted,
LR,PGD_eps0.15_it10,1592,1559,0.12123155869146889,0.13944723618090452,PGD,0.15,10,DoS Slowloris,
LR,PGD_eps0.15_it10,465,458,1.0,1.0,PGD,0.15,10,DoS Slowloris - Attempted,
LR,PGD_eps0.15_it10,5846,5846,0.0,0.0,PGD,0.15,10,FTP-BruteForce - Attempted,
LR,PGD_eps0.15_it10,45,44,0.20454545454545456,0.2222222222222222,PGD,0.15,10,Infiltration - Communication Victim Attacker,
LR,PGD_eps0.15_it10,14,0,,0.35714285714285715,PGD,0.15,10,Infiltration - Dropbox Download,
LR,PGD_eps0.15_it10,4,0,,0.75,PGD,0.15,10,Infiltration - Dropbox Download - Attempted,
LR,PGD_eps0.15_it10,5997,5628,0.7924662402274343,0.7997331999332999,PGD,0.15,10,Infiltration - NMAP Portscan,
LR,PGD_eps0.15_it10,6041,6041,0.3759311372289356,0.3759311372289356,PGD,0.15,10,SSH-BruteForce,
LR,PGD_eps0.15_it10,25,0,,1.0,PGD,0.15,10,Web Attack - Brute Force,
LR,PGD_eps0.15_it10,23,0,,0.9130434782608695,PGD,0.15,10,Web Attack - Brute Force - Attempted,
LR,PGD_eps0.15_it10,7,3,1.0,0.5714285714285714,PGD,0.15,10,Web Attack - SQL,
LR,PGD_eps0.15_it10,2,0,,0.0,PGD,0.15,10,Web Attack - SQL - Attempted,
LR,PGD_eps0.15_it10,20,0,,1.0,PGD,0.15,10,Web Attack - XSS,
LR,PGD_eps0.15_it10,2,0,,0.0,PGD,0.15,10,Web Attack - XSS - Attempted,
SVM,PGD_eps0.15_it10,60000,0,,,PGD,0.15,10,Benign,
SVM,PGD_eps0.15_it10,6081,6081,1.0,1.0,PGD,0.15,10,Botnet Ares,
SVM,PGD_eps0.15_it10,60,60,0.0,0.0,PGD,0.15,10,Botnet Ares - Attempted,
SVM,PGD_eps0.15_it10,6017,6017,1.0,1.0,PGD,0.15,10,DDoS-HOIC,
SVM,PGD_eps0.15_it10,6088,0,,1.0,PGD,0.15,10,DDoS-LOIC-HTTP,
SVM,PGD_eps0.15_it10,502,498,0.002008032128514056,0.00796812749003984,PGD,0.15,10,DDoS-LOIC-UDP,
SVM,PGD_eps0.15_it10,55,0,,1.0,PGD,0.15,10,DDoS-LOIC-UDP - Attempted,
SVM,PGD_eps0.15_it10,4496,4496,0.9601868327402135,0.9601868327402135,PGD,0.15,10,DoS GoldenEye,
SVM,PGD_eps0.15_it10,861,861,0.3902439024390244,0.3902439024390244,PGD,0.15,10,DoS GoldenEye - Attempted,
SVM,PGD_eps0.15_it10,6050,6050,0.9507438016528925,0.9507438016528925,PGD,0.15,10,DoS Hulk,
SVM,PGD_eps0.15_it10,10,10,1.0,1.0,PGD,0.15,10,DoS Hulk - Attempted,
SVM,PGD_eps0.15_it10,1592,1559,0.4156510583707505,0.4277638190954774,PGD,0.15,10,DoS Slowloris,
SVM,PGD_eps0.15_it10,465,458,1.0,1.0,PGD,0.15,10,DoS Slowloris - Attempted,
SVM,PGD_eps0.15_it10,5846,5846,0.0,0.0,PGD,0.15,10,FTP-BruteForce - Attempted,
SVM,PGD_eps0.15_it10,45,45,0.2222222222222222,0.2222222222222222,PGD,0.15,10,Infiltration - Communication Victim Attacker,
SVM,PGD_eps0.15_it10,14,0,,0.07142857142857142,PGD,0.15,10,Infiltration - Dropbox Download,
SVM,PGD_eps0.15_it10,4,0,,0.5,PGD,0.15,10,Infiltration - Dropbox Download - Attempted,
SVM,PGD_eps0.15_it10,5997,5230,0.8036328871892925,0.8230782057695515,PGD,0.15,10,Infiltration - NMAP Portscan,
SVM,PGD_eps0.15_it10,6041,6041,0.9918887601390498,0.9918887601390498,PGD,0.15,10,SSH-BruteForce,
SVM,PGD_eps0.15_it10,25,0,,0.96,PGD,0.15,10,Web Attack - Brute Force,
SVM,PGD_eps0.15_it10,23,0,,0.9130434782608695,PGD,0.15,10,Web Attack - Brute Force - Attempted,
SVM,PGD_eps0.15_it10,7,0,,0.5714285714285714,PGD,0.15,10,Web Attack - SQL,
SVM,PGD_eps0.15_it10,2,0,,0.0,PGD,0.15,10,Web Attack - SQL - Attempted,
SVM,PGD_eps0.15_it10,20,0,,1.0,PGD,0.15,10,Web Attack - XSS,
SVM,PGD_eps0.15_it10,2,0,,0.0,PGD,0.15,10,Web Attack - XSS - Attempted,
RF,PGD_eps0.15_it10,60000,0,,,PGD,0.15,10,Benign,
RF,PGD_eps0.15_it10,6081,6081,0.9993422134517349,0.9993422134517349,PGD,0.15,10,Botnet Ares,
RF,PGD_eps0.15_it10,60,60,1.0,1.0,PGD,0.15,10,Botnet Ares - Attempted,
RF,PGD_eps0.15_it10,6017,6017,1.0,1.0,PGD,0.15,10,DDoS-HOIC,
RF,PGD_eps0.15_it10,6088,6088,1.0,1.0,PGD,0.15,10,DDoS-LOIC-HTTP,
RF,PGD_eps0.15_it10,502,502,0.796812749003984,0.796812749003984,PGD,0.15,10,DDoS-LOIC-UDP,
RF,PGD_eps0.15_it10,55,54,0.9259259259259259,0.9272727272727272,PGD,0.15,10,DDoS-LOIC-UDP - Attempted,
RF,PGD_eps0.15_it10,4496,4496,1.0,1.0,PGD,0.15,10,DoS GoldenEye,
RF,PGD_eps0.15_it10,861,861,1.0,1.0,PGD,0.15,10,DoS GoldenEye - Attempted,
RF,PGD_eps0.15_it10,6050,6050,1.0,1.0,PGD,0.15,10,DoS Hulk,
RF,PGD_eps0.15_it10,10,10,1.0,1.0,PGD,0.15,10,DoS Hulk - Attempted,
RF,PGD_eps0.15_it10,1592,1592,1.0,1.0,PGD,0.15,10,DoS Slowloris,
RF,PGD_eps0.15_it10,465,465,1.0,1.0,PGD,0.15,10,DoS Slowloris - Attempted,
RF,PGD_eps0.15_it10,5846,5846,1.0,1.0,PGD,0.15,10,FTP-BruteForce - Attempted,
RF,PGD_eps0.15_it10,45,45,0.9777777777777777,0.9777777777777777,PGD,0.15,10,Infiltration - Communication Victim Attacker,
RF,PGD_eps0.15_it10,14,7,1.0,1.0,PGD,0.15,10,Infiltration - Dropbox Download,
RF,PGD_eps0.15_it10,4,0,,1.0,PGD,0.15,10,Infiltration - Dropbox Download - Attempted,
RF,PGD_eps0.15_it10,5997,5991,0.986145885494909,0.9861597465399367,PGD,0.15,10,Infiltration - NMAP Portscan,
RF,PGD_eps0.15_it10,6041,6041,0.9998344644926337,0.9998344644926337,PGD,0.15,10,SSH-BruteForce,
RF,PGD_eps0.15_it10,25,25,1.0,1.0,PGD,0.15,10,Web Attack - Brute Force,
RF,PGD_eps0.15_it10,23,22,1.0,1.0,PGD,0.15,10,Web Attack - Brute Force - Attempted,
RF,PGD_eps0.15_it10,7,7,0.7142857142857143,0.7142857142857143,PGD,0.15,10,Web Attack - SQL,
RF,PGD_eps0.15_it10,2,2,1.0,1.0,PGD,0.15,10,Web Attack - SQL - Attempted,
RF,PGD_eps0.15_it10,20,20,0.0,0.0,PGD,0.15,10,Web Attack - XSS,
RF,PGD_eps0.15_it10,2,2,1.0,1.0,PGD,0.15,10,Web Attack - XSS - Attempted,
MLP,PGD_eps0.15_it10,60000,0,,,PGD,0.15,10,Benign,
MLP,PGD_eps0.15_it10,6081,6081,0.9935865811544153,0.9935865811544153,PGD,0.15,10,Botnet Ares,
MLP,PGD_eps0.15_it10,60,60,1.0,1.0,PGD,0.15,10,Botnet Ares - Attempted,
MLP,PGD_eps0.15_it10,6017,6017,1.0,1.0,PGD,0.15,10,DDoS-HOIC,
MLP,PGD_eps0.15_it10,6088,6088,1.0,1.0,PGD,0.15,10,DDoS-LOIC-HTTP,
MLP,PGD_eps0.15_it10,502,502,0.00398406374501992,0.00398406374501992,PGD,0.15,10,DDoS-LOIC-UDP,
MLP,PGD_eps0.15_it10,55,47,1.0,0.8545454545454545,PGD,0.15,10,DDoS-LOIC-UDP - Attempted,
MLP,PGD_eps0.15_it10,4496,4496,1.0,1.0,PGD,0.15,10,DoS GoldenEye,
MLP,PGD_eps0.15_it10,861,861,1.0,1.0,PGD,0.15,10,DoS GoldenEye - Attempted,
MLP,PGD_eps0.15_it10,6050,6050,1.0,1.0,PGD,0.15,10,DoS Hulk,
MLP,PGD_eps0.15_it10,10,10,1.0,1.0,PGD,0.15,10,DoS Hulk - Attempted,
MLP,PGD_eps0.15_it10,1592,1591,1.0,0.9993718592964824,PGD,0.15,10,DoS Slowloris,
MLP,PGD_eps0.15_it10,465,465,1.0,1.0,PGD,0.15,10,DoS Slowloris - Attempted,
MLP,PGD_eps0.15_it10,5846,5846,1.0,1.0,PGD,0.15,10,FTP-BruteForce - Attempted,
MLP,PGD_eps0.15_it10,45,44,0.7045454545454546,0.6888888888888889,PGD,0.15,10,Infiltration - Communication Victim Attacker,
MLP,PGD_eps0.15_it10,14,0,,0.35714285714285715,PGD,0.15,10,Infiltration - Dropbox Download,
MLP,PGD_eps0.15_it10,4,0,,0.75,PGD,0.15,10,Infiltration - Dropbox Download - Attempted,
MLP,PGD_eps0.15_it10,5997,5867,0.991818646667803,0.9773219943304986,PGD,0.15,10,Infiltration - NMAP Portscan,
MLP,PGD_eps0.15_it10,6041,6041,1.0,1.0,PGD,0.15,10,SSH-BruteForce,
MLP,PGD_eps0.15_it10,25,24,0.9583333333333334,0.92,PGD,0.15,10,Web Attack - Brute Force,
MLP,PGD_eps0.15_it10,23,21,1.0,0.9130434782608695,PGD,0.15,10,Web Attack - Brute Force - Attempted,
MLP,PGD_eps0.15_it10,7,4,1.0,0.5714285714285714,PGD,0.15,10,Web Attack - SQL,
MLP,PGD_eps0.15_it10,2,0,,0.0,PGD,0.15,10,Web Attack - SQL - Attempted,
MLP,PGD_eps0.15_it10,20,20,1.0,1.0,PGD,0.15,10,Web Attack - XSS,
MLP,PGD_eps0.15_it10,2,0,,0.0,PGD,0.15,10,Web Attack - XSS - Attempted,
LR,PGD_eps0.15_it25,60000,0,,,PGD,0.15,25,Benign,
LR,PGD_eps0.15_it25,6081,6078,0.9972030273116157,0.9972044071698734,PGD,0.15,25,Botnet Ares,
LR,PGD_eps0.15_it25,60,60,0.0,0.0,PGD,0.15,25,Botnet Ares - Attempted,
LR,PGD_eps0.15_it25,6017,6017,0.0019943493435266744,0.0019943493435266744,PGD,0.15,25,DDoS-HOIC,
LR,PGD_eps0.15_it25,6088,157,1.0,1.0,PGD,0.15,25,DDoS-LOIC-HTTP,
LR,PGD_eps0.15_it25,502,497,0.002012072434607646,0.01195219123505976,PGD,0.15,25,DDoS-LOIC-UDP,
LR,PGD_eps0.15_it25,55,0,,1.0,PGD,0.15,25,DDoS-LOIC-UDP - Attempted,
LR,PGD_eps0.15_it25,4496,4496,0.00022241992882562276,0.00022241992882562276,PGD,0.15,25,DoS GoldenEye,
LR,PGD_eps0.15_it25,861,861,0.0,0.0,PGD,0.15,25,DoS GoldenEye - Attempted,
LR,PGD_eps0.15_it25,6050,6050,0.0024793388429752068,0.0024793388429752068,PGD,0.15,25,DoS Hulk,
LR,PGD_eps0.15_it25,10,10,0.2,0.2,PGD,0.15,25,DoS Hulk - Attempted,
LR,PGD_eps0.15_it25,1592,1559,0.27902501603592045,0.29396984924623115,PGD,0.15,25,DoS Slowloris,
LR,PGD_eps0.15_it25,465,458,1.0,1.0,PGD,0.15,25,DoS Slowloris - Attempted,
LR,PGD_eps0.15_it25,5846,5846,0.0,0.0,PGD,0.15,25,FTP-BruteForce - Attempted,
LR,PGD_eps0.15_it25,45,44,0.20454545454545456,0.2222222222222222,PGD,0.15,25,Infiltration - Communication Victim Attacker,
LR,PGD_eps0.15_it25,14,0,,0.35714285714285715,PGD,0.15,25,Infiltration - Dropbox Download,
LR,PGD_eps0.15_it25,4,0,,0.75,PGD,0.15,25,Infiltration - Dropbox Download - Attempted,
LR,PGD_eps0.15_it25,5997,5628,0.7446695095948828,0.7548774387193596,PGD,0.15,25,Infiltration - NMAP Portscan,
LR,PGD_eps0.15_it25,6041,6041,0.37526899519947027,0.37526899519947027,PGD,0.15,25,SSH-BruteForce,
LR,PGD_eps0.15_it25,25,0,,1.0,PGD,0.15,25,Web Attack - Brute Force,
LR,PGD_eps0.15_it25,23,0,,0.9130434782608695,PGD,0.15,25,Web Attack - Brute Force - Attempted,
LR,PGD_eps0.15_it25,7,3,1.0,0.5714285714285714,PGD,0.15,25,Web Attack - SQL,
LR,PGD_eps0.15_it25,2,0,,0.0,PGD,0.15,25,Web Attack - SQL - Attempted,
LR,PGD_eps0.15_it25,20,0,,1.0,PGD,0.15,25,Web Attack - XSS,
LR,PGD_eps0.15_it25,2,0,,0.0,PGD,0.15,25,Web Attack - XSS - Attempted,
SVM,PGD_eps0.15_it25,60000,0,,,PGD,0.15,25,Benign,
SVM,PGD_eps0.15_it25,6081,6081,1.0,1.0,PGD,0.15,25,Botnet Ares,
SVM,PGD_eps0.15_it25,60,60,0.31666666666666665,0.31666666666666665,PGD,0.15,25,Botnet Ares - Attempted,
SVM,PGD_eps0.15_it25,6017,6017,1.0,1.0,PGD,0.15,25,DDoS-HOIC,
SVM,PGD_eps0.15_it25,6088,0,,1.0,PGD,0.15,25,DDoS-LOIC-HTTP,
SVM,PGD_eps0.15_it25,502,498,0.002008032128514056,0.00597609561752988,PGD,0.15,25,DDoS-LOIC-UDP,
SVM,PGD_eps0.15_it25,55,0,,1.0,PGD,0.15,25,DDoS-LOIC-UDP - Attempted,
SVM,PGD_eps0.15_it25,4496,4496,0.6307829181494662,0.6307829181494662,PGD,0.15,25,DoS GoldenEye,
SVM,PGD_eps0.15_it25,861,861,0.7038327526132404,0.7038327526132404,PGD,0.15,25,DoS GoldenEye - Attempted,
SVM,PGD_eps0.15_it25,6050,6050,0.9287603305785124,0.9287603305785124,PGD,0.15,25,DoS Hulk,
SVM,PGD_eps0.15_it25,10,10,1.0,1.0,PGD,0.15,25,DoS Hulk - Attempted,
SVM,PGD_eps0.15_it25,1592,1559,0.41629249518922384,0.42839195979899497,PGD,0.15,25,DoS Slowloris,
SVM,PGD_eps0.15_it25,465,458,1.0,1.0,PGD,0.15,25,DoS Slowloris - Attempted,
SVM,PGD_eps0.15_it25,5846,5846,0.0,0.0,PGD,0.15,25,FTP-BruteForce - Attempted,
SVM,PGD_eps0.15_it25,45,45,0.2222222222222222,0.2222222222222222,PGD,0.15,25,Infiltration - Communication Victim Attacker,
SVM,PGD_eps0.15_it25,14,0,,0.07142857142857142,PGD,0.15,25,Infiltration - Dropbox Download,
SVM,PGD_eps0.15_it25,4,0,,0.5,PGD,0.15,25,Infiltration - Dropbox Download - Attempted,
SVM,PGD_eps0.15_it25,5997,5230,0.8034416826003824,0.822911455727864,PGD,0.15,25,Infiltration - NMAP Portscan,
SVM,PGD_eps0.15_it25,6041,6041,0.9918887601390498,0.9918887601390498,PGD,0.15,25,SSH-BruteForce,
SVM,PGD_eps0.15_it25,25,0,,0.96,PGD,0.15,25,Web Attack - Brute Force,
SVM,PGD_eps0.15_it25,23,0,,0.9130434782608695,PGD,0.15,25,Web Attack - Brute Force - Attempted,
SVM,PGD_eps0.15_it25,7,0,,0.5714285714285714,PGD,0.15,25,Web Attack - SQL,
SVM,PGD_eps0.15_it25,2,0,,0.0,PGD,0.15,25,Web Attack - SQL - Attempted,
SVM,PGD_eps0.15_it25,20,0,,1.0,PGD,0.15,25,Web Attack - XSS,
SVM,PGD_eps0.15_it25,2,0,,0.0,PGD,0.15,25,Web Attack - XSS - Attempted,
RF,PGD_eps0.15_it25,60000,0,,,PGD,0.15,25,Benign,
RF,PGD_eps0.15_it25,6081,6081,1.0,1.0,PGD,0.15,25,Botnet Ares,
RF,PGD_eps0.15_it25,60,60,1.0,1.0,PGD,0.15,25,Botnet Ares - Attempted,
RF,PGD_eps0.15_it25,6017,6017,1.0,1.0,PGD,0.15,25,DDoS-HOIC,
RF,PGD_eps0.15_it25,6088,6088,1.0,1.0,PGD,0.15,25,DDoS-LOIC-HTTP,
RF,PGD_eps0.15_it25,502,502,0.798804780876494,0.798804780876494,PGD,0.15,25,DDoS-LOIC-UDP,
RF,PGD_eps0.15_it25,55,54,0.9629629629629629,0.9636363636363636,PGD,0.15,25,DDoS-LOIC-UDP - Attempted,
RF,PGD_eps0.15_it25,4496,4496,1.0,1.0,PGD,0.15,25,DoS GoldenEye,
RF,PGD_eps0.15_it25,861,861,1.0,1.0,PGD,0.15,25,DoS GoldenEye - Attempted,
RF,PGD_eps0.15_it25,6050,6050,1.0,1.0,PGD,0.15,25,DoS Hulk,
RF,PGD_eps0.15_it25,10,10,1.0,1.0,PGD,0.15,25,DoS Hulk - Attempted,
RF,PGD_eps0.15_it25,1592,1592,1.0,1.0,PGD,0.15,25,DoS Slowloris,
RF,PGD_eps0.15_it25,465,465,1.0,1.0,PGD,0.15,25,DoS Slowloris - Attempted,
RF,PGD_eps0.15_it25,5846,5846,1.0,1.0,PGD,0.15,25,FTP-BruteForce - Attempted,
RF,PGD_eps0.15_it25,45,45,0.9555555555555556,0.9555555555555556,PGD,0.15,25,Infiltration - Communication Victim Attacker,
RF,PGD_eps0.15_it25,14,7,1.0,1.0,PGD,0.15,25,Infiltration - Dropbox Download,
RF,PGD_eps0.15_it25,4,0,,1.0,PGD,0.15,25,Infiltration - Dropbox Download - Attempted,
RF,PGD_eps0.15_it25,5997,5991,0.9899849774661993,0.9899949974987494,PGD,0.15,25,Infiltration - NMAP Portscan,
RF,PGD_eps0.15_it25,6041,6041,1.0,1.0,PGD,0.15,25,SSH-BruteForce,
RF,PGD_eps0.15_it25,25,25,1.0,1.0,PGD,0.15,25,Web Attack - Brute Force,
RF,PGD_eps0.15_it25,23,22,1.0,1.0,PGD,0.15,25,Web Attack - Brute Force - Attempted,
RF,PGD_eps0.15_it25,7,7,0.7142857142857143,0.7142857142857143,PGD,0.15,25,Web Attack - SQL,
RF,PGD_eps0.15_it25,2,2,1.0,1.0,PGD,0.15,25,Web Attack - SQL - Attempted,
RF,PGD_eps0.15_it25,20,20,0.0,0.0,PGD,0.15,25,Web Attack - XSS,
RF,PGD_eps0.15_it25,2,2,1.0,1.0,PGD,0.15,25,Web Attack - XSS - Attempted,
MLP,PGD_eps0.15_it25,60000,0,,,PGD,0.15,25,Benign,
MLP,PGD_eps0.15_it25,6081,6081,0.9935865811544153,0.9935865811544153,PGD,0.15,25,Botnet Ares,
MLP,PGD_eps0.15_it25,60,60,1.0,1.0,PGD,0.15,25,Botnet Ares - Attempted,
MLP,PGD_eps0.15_it25,6017,6017,1.0,1.0,PGD,0.15,25,DDoS-HOIC,
MLP,PGD_eps0.15_it25,6088,6088,1.0,1.0,PGD,0.15,25,DDoS-LOIC-HTTP,
MLP,PGD_eps0.15_it25,502,502,0.00398406374501992,0.00398406374501992,PGD,0.15,25,DDoS-LOIC-UDP,
MLP,PGD_eps0.15_it25,55,47,1.0,0.8545454545454545,PGD,0.15,25,DDoS-LOIC-UDP - Attempted,
MLP,PGD_eps0.15_it25,4496,4496,1.0,1.0,PGD,0.15,25,DoS GoldenEye,
MLP,PGD_eps0.15_it25,861,861,1.0,1.0,PGD,0.15,25,DoS GoldenEye - Attempted,
MLP,PGD_eps0.15_it25,6050,6050,1.0,1.0,PGD,0.15,25,DoS Hulk,
MLP,PGD_eps0.15_it25,10,10,1.0,1.0,PGD,0.15,25,DoS Hulk - Attempted,
MLP,PGD_eps0.15_it25,1592,1591,1.0,0.9993718592964824,PGD,0.15,25,DoS Slowloris,
MLP,PGD_eps0.15_it25,465,465,1.0,1.0,PGD,0.15,25,DoS Slowloris - Attempted,
MLP,PGD_eps0.15_it25,5846,5846,1.0,1.0,PGD,0.15,25,FTP-BruteForce - Attempted,
MLP,PGD_eps0.15_it25,45,44,0.7045454545454546,0.6888888888888889,PGD,0.15,25,Infiltration - Communication Victim Attacker,
MLP,PGD_eps0.15_it25,14,0,,0.35714285714285715,PGD,0.15,25,Infiltration - Dropbox Download,
MLP,PGD_eps0.15_it25,4,0,,0.75,PGD,0.15,25,Infiltration - Dropbox Download - Attempted,
MLP,PGD_eps0.15_it25,5997,5867,0.9919890915288904,0.9776554944138736,PGD,0.15,25,Infiltration - NMAP Portscan,
MLP,PGD_eps0.15_it25,6041,6041,1.0,1.0,PGD,0.15,25,SSH-BruteForce,
MLP,PGD_eps0.15_it25,25,24,0.9583333333333334,0.92,PGD,0.15,25,Web Attack - Brute Force,
MLP,PGD_eps0.15_it25,23,21,1.0,0.9130434782608695,PGD,0.15,25,Web Attack - Brute Force - Attempted,
MLP,PGD_eps0.15_it25,7,4,1.0,0.5714285714285714,PGD,0.15,25,Web Attack - SQL,
MLP,PGD_eps0.15_it25,2,0,,0.0,PGD,0.15,25,Web Attack - SQL - Attempted,
MLP,PGD_eps0.15_it25,20,20,1.0,1.0,PGD,0.15,25,Web Attack - XSS,
MLP,PGD_eps0.15_it25,2,0,,0.0,PGD,0.15,25,Web Attack - XSS - Attempted,
LR,PGD_eps0.3_it10,60000,0,,,PGD,0.3,10,Benign,
LR,PGD_eps0.3_it10,6081,6078,1.0,1.0,PGD,0.3,10,Botnet Ares,
LR,PGD_eps0.3_it10,60,60,0.0,0.0,PGD,0.3,10,Botnet Ares - Attempted,
LR,PGD_eps0.3_it10,6017,6017,1.0,1.0,PGD,0.3,10,DDoS-HOIC,
LR,PGD_eps0.3_it10,6088,157,1.0,1.0,PGD,0.3,10,DDoS-LOIC-HTTP,
LR,PGD_eps0.3_it10,502,497,0.006036217303822937,0.013944223107569721,PGD,0.3,10,DDoS-LOIC-UDP,
LR,PGD_eps0.3_it10,55,0,,1.0,PGD,0.3,10,DDoS-LOIC-UDP - Attempted,
LR,PGD_eps0.3_it10,4496,4496,0.5384786476868327,0.5384786476868327,PGD,0.3,10,DoS GoldenEye,
LR,PGD_eps0.3_it10,861,861,0.7096399535423926,0.7096399535423926,PGD,0.3,10,DoS GoldenEye - Attempted,
LR,PGD_eps0.3_it10,6050,6050,0.8423140495867769,0.8423140495867769,PGD,0.3,10,DoS Hulk,
LR,PGD_eps0.3_it10,10,10,1.0,1.0,PGD,0.3,10,DoS Hulk - Attempted,
LR,PGD_eps0.3_it10,1592,1559,0.5413726747915331,0.5508793969849246,PGD,0.3,10,DoS Slowloris,
LR,PGD_eps0.3_it10,465,458,1.0,1.0,PGD,0.3,10,DoS Slowloris - Attempted,
LR,PGD_eps0.3_it10,5846,5846,0.0,0.0,PGD,0.3,10,FTP-BruteForce - Attempted,
LR,PGD_eps0.3_it10,45,44,0.22727272727272727,0.24444444444444444,PGD,0.3,10,Infiltration - Communication Victim Attacker,
LR,PGD_eps0.3_it10,14,0,,0.5,PGD,0.3,10,Infiltration - Dropbox Download,
LR,PGD_eps0.3_it10,4,0,,0.5,PGD,0.3,10,Infiltration - Dropbox Download - Attempted,
LR,PGD_eps0.3_it10,5997,5628,0.8409737029140014,0.8389194597298649,PGD,0.3,10,Infiltration - NMAP Portscan,
LR,PGD_eps0.3_it10,6041,6041,1.0,1.0,PGD,0.3,10,SSH-BruteForce,
LR,PGD_eps0.3_it10,25,0,,1.0,PGD,0.3,10,Web Attack - Brute Force,
LR,PGD_eps0.3_it10,23,0,,0.9130434782608695,PGD,0.3,10,Web Attack - Brute Force - Attempted,
LR,PGD_eps0.3_it10,7,3,1.0,0.5714285714285714,PGD,0.3,10,Web Attack - SQL,
LR,PGD_eps0.3_it10,2,0,,0.0,PGD,0.3,10,Web Attack - SQL - Attempted,
LR,PGD_eps0.3_it10,20,0,,1.0,PGD,0.3,10,Web Attack - XSS,
LR,PGD_eps0.3_it10,2,0,,0.0,PGD,0.3,10,Web Attack - XSS - Attempted,
SVM,PGD_eps0.3_it10,60000,0,,,PGD,0.3,10,Benign,
SVM,PGD_eps0.3_it10,6081,6081,1.0,1.0,PGD,0.3,10,Botnet Ares,
SVM,PGD_eps0.3_it10,60,60,1.0,1.0,PGD,0.3,10,Botnet Ares - Attempted,
SVM,PGD_eps0.3_it10,6017,6017,1.0,1.0,PGD,0.3,10,DDoS-HOIC,
SVM,PGD_eps0.3_it10,6088,0,,1.0,PGD,0.3,10,DDoS-LOIC-HTTP,
SVM,PGD_eps0.3_it10,502,498,0.002008032128514056,0.0099601593625498,PGD,0.3,10,DDoS-LOIC-UDP,
SVM,PGD_eps0.3_it10,55,0,,1.0,PGD,0.3,10,DDoS-LOIC-UDP - Attempted,
SVM,PGD_eps0.3_it10,4496,4496,1.0,1.0,PGD,0.3,10,DoS GoldenEye,
SVM,PGD_eps0.3_it10,861,861,1.0,1.0,PGD,0.3,10,DoS GoldenEye - Attempted,
SVM,PGD_eps0.3_it10,6050,6050,1.0,1.0,PGD,0.3,10,DoS Hulk,
SVM,PGD_eps0.3_it10,10,10,1.0,1.0,PGD,0.3,10,DoS Hulk - Attempted,
SVM,PGD_eps0.3_it10,1592,1559,0.9993585631815266,0.9993718592964824,PGD,0.3,10,DoS Slowloris,
SVM,PGD_eps0.3_it10,465,458,1.0,1.0,PGD,0.3,10,DoS Slowloris - Attempted,
SVM,PGD_eps0.3_it10,5846,5846,1.0,1.0,PGD,0.3,10,FTP-BruteForce - Attempted,
SVM,PGD_eps0.3_it10,45,45,0.26666666666666666,0.26666666666666666,PGD,0.3,10,Infiltration - Communication Victim Attacker,
SVM,PGD_eps0.3_it10,14,0,,0.0,PGD,0.3,10,Infiltration - Dropbox Download,
SVM,PGD_eps0.3_it10,4,0,,0.5,PGD,0.3,10,Infiltration - Dropbox Download - Attempted,
SVM,PGD_eps0.3_it10,5997,5230,0.8659655831739962,0.8711022177755544,PGD,0.3,10,Infiltration - NMAP Portscan,
SVM,PGD_eps0.3_it10,6041,6041,1.0,1.0,PGD,0.3,10,SSH-BruteForce,
SVM,PGD_eps0.3_it10,25,0,,0.96,PGD,0.3,10,Web Attack - Brute Force,
SVM,PGD_eps0.3_it10,23,0,,0.9130434782608695,PGD,0.3,10,Web Attack - Brute Force - Attempted,
SVM,PGD_eps0.3_it10,7,0,,0.5714285714285714,PGD,0.3,10,Web Attack - SQL,
SVM,PGD_eps0.3_it10,2,0,,0.0,PGD,0.3,10,Web Attack - SQL - Attempted,
SVM,PGD_eps0.3_it10,20,0,,1.0,PGD,0.3,10,Web Attack - XSS,
SVM,PGD_eps0.3_it10,2,0,,0.0,PGD,0.3,10,Web Attack - XSS - Attempted,
RF,PGD_eps0.3_it10,60000,0,,,PGD,0.3,10,Benign,
RF,PGD_eps0.3_it10,6081,6081,1.0,1.0,PGD,0.3,10,Botnet Ares,
RF,PGD_eps0.3_it10,60,60,1.0,1.0,PGD,0.3,10,Botnet Ares - Attempted,
RF,PGD_eps0.3_it10,6017,6017,1.0,1.0,PGD,0.3,10,DDoS-HOIC,
RF,PGD_eps0.3_it10,6088,6088,1.0,1.0,PGD,0.3,10,DDoS-LOIC-HTTP,
RF,PGD_eps0.3_it10,502,502,0.796812749003984,0.796812749003984,PGD,0.3,10,DDoS-LOIC-UDP,
RF,PGD_eps0.3_it10,55,54,1.0,1.0,PGD,0.3,10,DDoS-LOIC-UDP - Attempted,
RF,PGD_eps0.3_it10,4496,4496,0.9988879003558719,0.9988879003558719,PGD,0.3,10,DoS GoldenEye,
RF,PGD_eps0.3_it10,861,861,1.0,1.0,PGD,0.3,10,DoS GoldenEye - Attempted,
RF,PGD_eps0.3_it10,6050,6050,1.0,1.0,PGD,0.3,10,DoS Hulk,
RF,PGD_eps0.3_it10,10,10,1.0,1.0,PGD,0.3,10,DoS Hulk - Attempted,
RF,PGD_eps0.3_it10,1592,1592,0.9993718592964824,0.9993718592964824,PGD,0.3,10,DoS Slowloris,
RF,PGD_eps0.3_it10,465,465,1.0,1.0,PGD,0.3,10,DoS Slowloris - Attempted,
RF,PGD_eps0.3_it10,5846,5846,0.0,0.0,PGD,0.3,10,FTP-BruteForce - Attempted,
RF,PGD_eps0.3_it10,45,45,0.9555555555555556,0.9555555555555556,PGD,0.3,10,Infiltration - Communication Victim Attacker,
RF,PGD_eps0.3_it10,14,7,1.0,0.8571428571428571,PGD,0.3,10,Infiltration - Dropbox Download,
RF,PGD_eps0.3_it10,4,0,,1.0,PGD,0.3,10,Infiltration - Dropbox Download - Attempted,
RF,PGD_eps0.3_it10,5997,5991,0.9838090469036889,0.9838252459563115,PGD,0.3,10,Infiltration - NMAP Portscan,
RF,PGD_eps0.3_it10,6041,6041,1.0,1.0,PGD,0.3,10,SSH-BruteForce,
RF,PGD_eps0.3_it10,25,25,1.0,1.0,PGD,0.3,10,Web Attack - Brute Force,
RF,PGD_eps0.3_it10,23,22,1.0,1.0,PGD,0.3,10,Web Attack - Brute Force - Attempted,
RF,PGD_eps0.3_it10,7,7,1.0,1.0,PGD,0.3,10,Web Attack - SQL,
RF,PGD_eps0.3_it10,2,2,1.0,1.0,PGD,0.3,10,Web Attack - SQL - Attempted,
RF,PGD_eps0.3_it10,20,20,1.0,1.0,PGD,0.3,10,Web Attack - XSS,
RF,PGD_eps0.3_it10,2,2,1.0,1.0,PGD,0.3,10,Web Attack - XSS - Attempted,
MLP,PGD_eps0.3_it10,60000,0,,,PGD,0.3,10,Benign,
MLP,PGD_eps0.3_it10,6081,6081,0.9986844269034698,0.9986844269034698,PGD,0.3,10,Botnet Ares,
MLP,PGD_eps0.3_it10,60,60,1.0,1.0,PGD,0.3,10,Botnet Ares - Attempted,
MLP,PGD_eps0.3_it10,6017,6017,1.0,1.0,PGD,0.3,10,DDoS-HOIC,
MLP,PGD_eps0.3_it10,6088,6088,1.0,1.0,PGD,0.3,10,DDoS-LOIC-HTTP,
MLP,PGD_eps0.3_it10,502,502,0.00796812749003984,0.00796812749003984,PGD,0.3,10,DDoS-LOIC-UDP,
MLP,PGD_eps0.3_it10,55,47,1.0,0.8545454545454545,PGD,0.3,10,DDoS-LOIC-UDP - Attempted,
MLP,PGD_eps0.3_it10,4496,4496,1.0,1.0,PGD,0.3,10,DoS GoldenEye,
MLP,PGD_eps0.3_it10,861,861,1.0,1.0,PGD,0.3,10,DoS GoldenEye - Attempted,
MLP,PGD_eps0.3_it10,6050,6050,1.0,1.0,PGD,0.3,10,DoS Hulk,
MLP,PGD_eps0.3_it10,10,10,1.0,1.0,PGD,0.3,10,DoS Hulk - Attempted,
MLP,PGD_eps0.3_it10,1592,1591,1.0,0.9993718592964824,PGD,0.3,10,DoS Slowloris,
MLP,PGD_eps0.3_it10,465,465,1.0,1.0,PGD,0.3,10,DoS Slowloris - Attempted,
MLP,PGD_eps0.3_it10,5846,5846,1.0,1.0,PGD,0.3,10,FTP-BruteForce - Attempted,
MLP,PGD_eps0.3_it10,45,44,0.9545454545454546,0.9333333333333333,PGD,0.3,10,Infiltration - Communication Victim Attacker,
MLP,PGD_eps0.3_it10,14,0,,0.0,PGD,0.3,10,Infiltration - Dropbox Download,
MLP,PGD_eps0.3_it10,4,0,,0.25,PGD,0.3,10,Infiltration - Dropbox Download - Attempted,
MLP,PGD_eps0.3_it10,5997,5867,1.0,0.9844922461230615,PGD,0.3,10,Infiltration - NMAP Portscan,
MLP,PGD_eps0.3_it10,6041,6041,1.0,1.0,PGD,0.3,10,SSH-BruteForce,
MLP,PGD_eps0.3_it10,25,24,1.0,0.96,PGD,0.3,10,Web Attack - Brute Force,
MLP,PGD_eps0.3_it10,23,21,1.0,0.9130434782608695,PGD,0.3,10,Web Attack - Brute Force - Attempted,
MLP,PGD_eps0.3_it10,7,4,1.0,0.5714285714285714,PGD,0.3,10,Web Attack - SQL,
MLP,PGD_eps0.3_it10,2,0,,0.0,PGD,0.3,10,Web Attack - SQL - Attempted,
MLP,PGD_eps0.3_it10,20,20,1.0,1.0,PGD,0.3,10,Web Attack - XSS,
MLP,PGD_eps0.3_it10,2,0,,0.0,PGD,0.3,10,Web Attack - XSS - Attempted,
LR,PGD_eps0.3_it25,60000,0,,,PGD,0.3,25,Benign,
LR,PGD_eps0.3_it25,6081,6078,1.0,1.0,PGD,0.3,25,Botnet Ares,
LR,PGD_eps0.3_it25,60,60,0.0,0.0,PGD,0.3,25,Botnet Ares - Attempted,
LR,PGD_eps0.3_it25,6017,6017,1.0,1.0,PGD,0.3,25,DDoS-HOIC,
LR,PGD_eps0.3_it25,6088,157,1.0,1.0,PGD,0.3,25,DDoS-LOIC-HTTP,
LR,PGD_eps0.3_it25,502,497,0.006036217303822937,0.013944223107569721,PGD,0.3,25,DDoS-LOIC-UDP,
LR,PGD_eps0.3_it25,55,0,,1.0,PGD,0.3,25,DDoS-LOIC-UDP - Attempted,
LR,PGD_eps0.3_it25,4496,4496,0.736432384341637,0.736432384341637,PGD,0.3,25,DoS GoldenEye,
LR,PGD_eps0.3_it25,861,861,0.0743321718931475,0.0743321718931475,PGD,0.3,25,DoS GoldenEye - Attempted,
LR,PGD_eps0.3_it25,6050,6050,0.839504132231405,0.839504132231405,PGD,0.3,25,DoS Hulk,
LR,PGD_eps0.3_it25,10,10,1.0,1.0,PGD,0.3,25,DoS Hulk - Attempted,
LR,PGD_eps0.3_it25,1592,1559,0.5432969852469531,0.5527638190954773,PGD,0.3,25,DoS Slowloris,
LR,PGD_eps0.3_it25,465,458,1.0,1.0,PGD,0.3,25,DoS Slowloris - Attempted,
LR,PGD_eps0.3_it25,5846,5846,0.0,0.0,PGD,0.3,25,FTP-BruteForce - Attempted,
LR,PGD_eps0.3_it25,45,44,0.2727272727272727,0.28888888888888886,PGD,0.3,25,Infiltration - Communication Victim Attacker,
LR,PGD_eps0.3_it25,14,0,,0.5,PGD,0.3,25,Infiltration - Dropbox Download,
LR,PGD_eps0.3_it25,4,0,,0.5,PGD,0.3,25,Infiltration - Dropbox Download - Attempted,
LR,PGD_eps0.3_it25,5997,5628,0.8372423596304194,0.8414207103551776,PGD,0.3,25,Infiltration - NMAP Portscan,
LR,PGD_eps0.3_it25,6041,6041,1.0,1.0,PGD,0.3,25,SSH-BruteForce,
LR,PGD_eps0.3_it25,25,0,,1.0,PGD,0.3,25,Web Attack - Brute Force,
LR,PGD_eps0.3_it25,23,0,,0.9130434782608695,PGD,0.3,25,Web Attack - Brute Force - Attempted,
LR,PGD_eps0.3_it25,7,3,1.0,0.5714285714285714,PGD,0.3,25,Web Attack - SQL,
LR,PGD_eps0.3_it25,2,0,,0.0,PGD,0.3,25,Web Attack - SQL - Attempted,
LR,PGD_eps0.3_it25,20,0,,1.0,PGD,0.3,25,Web Attack - XSS,
LR,PGD_eps0.3_it25,2,0,,0.0,PGD,0.3,25,Web Attack - XSS - Attempted,
SVM,PGD_eps0.3_it25,60000,0,,,PGD,0.3,25,Benign,
SVM,PGD_eps0.3_it25,6081,6081,1.0,1.0,PGD,0.3,25,Botnet Ares,
SVM,PGD_eps0.3_it25,60,60,1.0,1.0,PGD,0.3,25,Botnet Ares - Attempted,
SVM,PGD_eps0.3_it25,6017,6017,1.0,1.0,PGD,0.3,25,DDoS-HOIC,
SVM,PGD_eps0.3_it25,6088,0,,1.0,PGD,0.3,25,DDoS-LOIC-HTTP,
SVM,PGD_eps0.3_it25,502,498,0.002008032128514056,0.00796812749003984,PGD,0.3,25,DDoS-LOIC-UDP,
SVM,PGD_eps0.3_it25,55,0,,1.0,PGD,0.3,25,DDoS-LOIC-UDP - Attempted,
SVM,PGD_eps0.3_it25,4496,4496,1.0,1.0,PGD,0.3,25,DoS GoldenEye,
SVM,PGD_eps0.3_it25,861,861,1.0,1.0,PGD,0.3,25,DoS GoldenEye - Attempted,
SVM,PGD_eps0.3_it25,6050,6050,1.0,1.0,PGD,0.3,25,DoS Hulk,
SVM,PGD_eps0.3_it25,10,10,1.0,1.0,PGD,0.3,25,DoS Hulk - Attempted,
SVM,PGD_eps0.3_it25,1592,1559,0.9993585631815266,0.9993718592964824,PGD,0.3,25,DoS Slowloris,
SVM,PGD_eps0.3_it25,465,458,1.0,1.0,PGD,0.3,25,DoS Slowloris - Attempted,
SVM,PGD_eps0.3_it25,5846,5846,1.0,1.0,PGD,0.3,25,FTP-BruteForce - Attempted,
SVM,PGD_eps0.3_it25,45,45,0.24444444444444444,0.24444444444444444,PGD,0.3,25,Infiltration - Communication Victim Attacker,
SVM,PGD_eps0.3_it25,14,0,,0.0,PGD,0.3,25,Infiltration - Dropbox Download,
SVM,PGD_eps0.3_it25,4,0,,0.5,PGD,0.3,25,Infiltration - Dropbox Download - Attempted,
SVM,PGD_eps0.3_it25,5997,5230,0.8669216061185469,0.871935967983992,PGD,0.3,25,Infiltration - NMAP Portscan,
SVM,PGD_eps0.3_it25,6041,6041,1.0,1.0,PGD,0.3,25,SSH-BruteForce,
SVM,PGD_eps0.3_it25,25,0,,0.96,PGD,0.3,25,Web Attack - Brute Force,
SVM,PGD_eps0.3_it25,23,0,,0.9130434782608695,PGD,0.3,25,Web Attack - Brute Force - Attempted,
SVM,PGD_eps0.3_it25,7,0,,0.5714285714285714,PGD,0.3,25,Web Attack - SQL,
SVM,PGD_eps0.3_it25,2,0,,0.0,PGD,0.3,25,Web Attack - SQL - Attempted,
SVM,PGD_eps0.3_it25,20,0,,1.0,PGD,0.3,25,Web Attack - XSS,
SVM,PGD_eps0.3_it25,2,0,,0.0,PGD,0.3,25,Web Attack - XSS - Attempted,
RF,PGD_eps0.3_it25,60000,0,,,PGD,0.3,25,Benign,
RF,PGD_eps0.3_it25,6081,6081,1.0,1.0,PGD,0.3,25,Botnet Ares,
RF,PGD_eps0.3_it25,60,60,1.0,1.0,PGD,0.3,25,Botnet Ares - Attempted,
RF,PGD_eps0.3_it25,6017,6017,1.0,1.0,PGD,0.3,25,DDoS-HOIC,
RF,PGD_eps0.3_it25,6088,6088,1.0,1.0,PGD,0.3,25,DDoS-LOIC-HTTP,
RF,PGD_eps0.3_it25,502,502,0.798804780876494,0.798804780876494,PGD,0.3,25,DDoS-LOIC-UDP,
RF,PGD_eps0.3_it25,55,54,1.0,1.0,PGD,0.3,25,DDoS-LOIC-UDP - Attempted,
RF,PGD_eps0.3_it25,4496,4496,1.0,1.0,PGD,0.3,25,DoS GoldenEye,
RF,PGD_eps0.3_it25,861,861,1.0,1.0,PGD,0.3,25,DoS GoldenEye - Attempted,
RF,PGD_eps0.3_it25,6050,6050,1.0,1.0,PGD,0.3,25,DoS Hulk,
RF,PGD_eps0.3_it25,10,10,1.0,1.0,PGD,0.3,25,DoS Hulk - Attempted,
RF,PGD_eps0.3_it25,1592,1592,1.0,1.0,PGD,0.3,25,DoS Slowloris,
RF,PGD_eps0.3_it25,465,465,1.0,1.0,PGD,0.3,25,DoS Slowloris - Attempted,
RF,PGD_eps0.3_it25,5846,5846,1.0,1.0,PGD,0.3,25,FTP-BruteForce - Attempted,
RF,PGD_eps0.3_it25,45,45,1.0,1.0,PGD,0.3,25,Infiltration - Communication Victim Attacker,
RF,PGD_eps0.3_it25,14,7,1.0,0.8571428571428571,PGD,0.3,25,Infiltration - Dropbox Download,
RF,PGD_eps0.3_it25,4,0,,1.0,PGD,0.3,25,Infiltration - Dropbox Download - Attempted,
RF,PGD_eps0.3_it25,5997,5991,0.9913203138040394,0.9913289978322495,PGD,0.3,25,Infiltration - NMAP Portscan,
RF,PGD_eps0.3_it25,6041,6041,1.0,1.0,PGD,0.3,25,SSH-BruteForce,
RF,PGD_eps0.3_it25,25,25,1.0,1.0,PGD,0.3,25,Web Attack - Brute Force,
RF,PGD_eps0.3_it25,23,22,1.0,1.0,PGD,0.3,25,Web Attack - Brute Force - Attempted,
RF,PGD_eps0.3_it25,7,7,1.0,1.0,PGD,0.3,25,Web Attack - SQL,
RF,PGD_eps0.3_it25,2,2,1.0,1.0,PGD,0.3,25,Web Attack - SQL - Attempted,
RF,PGD_eps0.3_it25,20,20,1.0,1.0,PGD,0.3,25,Web Attack - XSS,
RF,PGD_eps0.3_it25,2,2,1.0,1.0,PGD,0.3,25,Web Attack - XSS - Attempted,
MLP,PGD_eps0.3_it25,60000,0,,,PGD,0.3,25,Benign,
MLP,PGD_eps0.3_it25,6081,6081,0.9986844269034698,0.9986844269034698,PGD,0.3,25,Botnet Ares,
MLP,PGD_eps0.3_it25,60,60,1.0,1.0,PGD,0.3,25,Botnet Ares - Attempted,
MLP,PGD_eps0.3_it25,6017,6017,1.0,1.0,PGD,0.3,25,DDoS-HOIC,
MLP,PGD_eps0.3_it25,6088,6088,1.0,1.0,PGD,0.3,25,DDoS-LOIC-HTTP,
MLP,PGD_eps0.3_it25,502,502,0.00796812749003984,0.00796812749003984,PGD,0.3,25,DDoS-LOIC-UDP,
MLP,PGD_eps0.3_it25,55,47,1.0,0.8545454545454545,PGD,0.3,25,DDoS-LOIC-UDP - Attempted,
MLP,PGD_eps0.3_it25,4496,4496,1.0,1.0,PGD,0.3,25,DoS GoldenEye,
MLP,PGD_eps0.3_it25,861,861,1.0,1.0,PGD,0.3,25,DoS GoldenEye - Attempted,
MLP,PGD_eps0.3_it25,6050,6050,1.0,1.0,PGD,0.3,25,DoS Hulk,
MLP,PGD_eps0.3_it25,10,10,1.0,1.0,PGD,0.3,25,DoS Hulk - Attempted,
MLP,PGD_eps0.3_it25,1592,1591,1.0,0.9993718592964824,PGD,0.3,25,DoS Slowloris,
MLP,PGD_eps0.3_it25,465,465,1.0,1.0,PGD,0.3,25,DoS Slowloris - Attempted,
MLP,PGD_eps0.3_it25,5846,5846,1.0,1.0,PGD,0.3,25,FTP-BruteForce - Attempted,
MLP,PGD_eps0.3_it25,45,44,0.9545454545454546,0.9333333333333333,PGD,0.3,25,Infiltration - Communication Victim Attacker,
MLP,PGD_eps0.3_it25,14,0,,0.0,PGD,0.3,25,Infiltration - Dropbox Download,
MLP,PGD_eps0.3_it25,4,0,,0.25,PGD,0.3,25,Infiltration - Dropbox Download - Attempted,
MLP,PGD_eps0.3_it25,5997,5867,1.0,0.9844922461230615,PGD,0.3,25,Infiltration - NMAP Portscan,
MLP,PGD_eps0.3_it25,6041,6041,1.0,1.0,PGD,0.3,25,SSH-BruteForce,
MLP,PGD_eps0.3_it25,25,24,1.0,0.96,PGD,0.3,25,Web Attack - Brute Force,
MLP,PGD_eps0.3_it25,23,21,1.0,0.9130434782608695,PGD,0.3,25,Web Attack - Brute Force - Attempted,
MLP,PGD_eps0.3_it25,7,4,1.0,0.5714285714285714,PGD,0.3,25,Web Attack - SQL,
MLP,PGD_eps0.3_it25,2,0,,0.0,PGD,0.3,25,Web Attack - SQL - Attempted,
MLP,PGD_eps0.3_it25,20,20,1.0,1.0,PGD,0.3,25,Web Attack - XSS,
MLP,PGD_eps0.3_it25,2,0,,0.0,PGD,0.3,25,Web Attack - XSS - Attempted,
LR,PGD_eps0.5_it10,60000,0,,,PGD,0.5,10,Benign,
LR,PGD_eps0.5_it10,6081,6078,1.0,1.0,PGD,0.5,10,Botnet Ares,
LR,PGD_eps0.5_it10,60,60,1.0,1.0,PGD,0.5,10,Botnet Ares - Attempted,
LR,PGD_eps0.5_it10,6017,6017,1.0,1.0,PGD,0.5,10,DDoS-HOIC,
LR,PGD_eps0.5_it10,6088,157,1.0,1.0,PGD,0.5,10,DDoS-LOIC-HTTP,
LR,PGD_eps0.5_it10,502,497,0.026156941649899398,0.035856573705179286,PGD,0.5,10,DDoS-LOIC-UDP,
LR,PGD_eps0.5_it10,55,0,,1.0,PGD,0.5,10,DDoS-LOIC-UDP - Attempted,
LR,PGD_eps0.5_it10,4496,4496,0.9951067615658363,0.9951067615658363,PGD,0.5,10,DoS GoldenEye,
LR,PGD_eps0.5_it10,861,861,1.0,1.0,PGD,0.5,10,DoS GoldenEye - Attempted,
LR,PGD_eps0.5_it10,6050,6050,1.0,1.0,PGD,0.5,10,DoS Hulk,
LR,PGD_eps0.5_it10,10,10,1.0,1.0,PGD,0.5,10,DoS Hulk - Attempted,
LR,PGD_eps0.5_it10,1592,1559,0.8377164849262347,0.8410804020100503,PGD,0.5,10,DoS Slowloris,
LR,PGD_eps0.5_it10,465,458,1.0,1.0,PGD,0.5,10,DoS Slowloris - Attempted,
LR,PGD_eps0.5_it10,5846,5846,1.0,1.0,PGD,0.5,10,FTP-BruteForce - Attempted,
LR,PGD_eps0.5_it10,45,44,0.29545454545454547,0.3111111111111111,PGD,0.5,10,Infiltration - Communication Victim Attacker,
LR,PGD_eps0.5_it10,14,0,,0.5,PGD,0.5,10,Infiltration - Dropbox Download,
LR,PGD_eps0.5_it10,4,0,,0.5,PGD,0.5,10,Infiltration - Dropbox Download - Attempted,
LR,PGD_eps0.5_it10,5997,5628,0.8685145700071073,0.8702684675671168,PGD,0.5,10,Infiltration - NMAP Portscan,
LR,PGD_eps0.5_it10,6041,6041,1.0,1.0,PGD,0.5,10,SSH-BruteForce,
LR,PGD_eps0.5_it10,25,0,,1.0,PGD,0.5,10,Web Attack - Brute Force,
LR,PGD_eps0.5_it10,23,0,,0.9130434782608695,PGD,0.5,10,Web Attack - Brute Force - Attempted,
LR,PGD_eps0.5_it10,7,3,1.0,0.5714285714285714,PGD,0.5,10,Web Attack - SQL,
LR,PGD_eps0.5_it10,2,0,,0.0,PGD,0.5,10,Web Attack - SQL - Attempted,
LR,PGD_eps0.5_it10,20,0,,1.0,PGD,0.5,10,Web Attack - XSS,
LR,PGD_eps0.5_it10,2,0,,0.0,PGD,0.5,10,Web Attack - XSS - Attempted,
SVM,PGD_eps0.5_it10,60000,0,,,PGD,0.5,10,Benign,
SVM,PGD_eps0.5_it10,6081,6081,1.0,1.0,PGD,0.5,10,Botnet Ares,
SVM,PGD_eps0.5_it10,60,60,1.0,1.0,PGD,0.5,10,Botnet Ares - Attempted,
SVM,PGD_eps0.5_it10,6017,6017,1.0,1.0,PGD,0.5,10,DDoS-HOIC,
SVM,PGD_eps0.5_it10,6088,0,,1.0,PGD,0.5,10,DDoS-LOIC-HTTP,
SVM,PGD_eps0.5_it10,502,498,0.004016064257028112,0.01195219123505976,PGD,0.5,10,DDoS-LOIC-UDP,
SVM,PGD_eps0.5_it10,55,0,,0.8545454545454545,PGD,0.5,10,DDoS-LOIC-UDP - Attempted,
SVM,PGD_eps0.5_it10,4496,4496,1.0,1.0,PGD,0.5,10,DoS GoldenEye,
SVM,PGD_eps0.5_it10,861,861,1.0,1.0,PGD,0.5,10,DoS GoldenEye - Attempted,
SVM,PGD_eps0.5_it10,6050,6050,1.0,1.0,PGD,0.5,10,DoS Hulk,
SVM,PGD_eps0.5_it10,10,10,1.0,1.0,PGD,0.5,10,DoS Hulk - Attempted,
SVM,PGD_eps0.5_it10,1592,1559,0.9993585631815266,0.9993718592964824,PGD,0.5,10,DoS Slowloris,
SVM,PGD_eps0.5_it10,465,458,1.0,1.0,PGD,0.5,10,DoS Slowloris - Attempted,
SVM,PGD_eps0.5_it10,5846,5846,1.0,1.0,PGD,0.5,10,FTP-BruteForce - Attempted,
SVM,PGD_eps0.5_it10,45,45,0.9555555555555556,0.9555555555555556,PGD,0.5,10,Infiltration - Communication Victim Attacker,
SVM,PGD_eps0.5_it10,14,0,,0.0,PGD,0.5,10,Infiltration - Dropbox Download,
SVM,PGD_eps0.5_it10,4,0,,0.5,PGD,0.5,10,Infiltration - Dropbox Download - Attempted,
SVM,PGD_eps0.5_it10,5997,5230,0.908604206500956,0.9047857261964315,PGD,0.5,10,Infiltration - NMAP Portscan,
SVM,PGD_eps0.5_it10,6041,6041,1.0,1.0,PGD,0.5,10,SSH-BruteForce,
SVM,PGD_eps0.5_it10,25,0,,1.0,PGD,0.5,10,Web Attack - Brute Force,
SVM,PGD_eps0.5_it10,23,0,,0.9130434782608695,PGD,0.5,10,Web Attack - Brute Force - Attempted,
SVM,PGD_eps0.5_it10,7,0,,0.5714285714285714,PGD,0.5,10,Web Attack - SQL,
SVM,PGD_eps0.5_it10,2,0,,0.0,PGD,0.5,10,Web Attack - SQL - Attempted,
SVM,PGD_eps0.5_it10,20,0,,1.0,PGD,0.5,10,Web Attack - XSS,
SVM,PGD_eps0.5_it10,2,0,,0.0,PGD,0.5,10,Web Attack - XSS - Attempted,
RF,PGD_eps0.5_it10,60000,0,,,PGD,0.5,10,Benign,
RF,PGD_eps0.5_it10,6081,6081,1.0,1.0,PGD,0.5,10,Botnet Ares,
RF,PGD_eps0.5_it10,60,60,1.0,1.0,PGD,0.5,10,Botnet Ares - Attempted,
RF,PGD_eps0.5_it10,6017,6017,1.0,1.0,PGD,0.5,10,DDoS-HOIC,
RF,PGD_eps0.5_it10,6088,6088,1.0,1.0,PGD,0.5,10,DDoS-LOIC-HTTP,
RF,PGD_eps0.5_it10,502,502,0.8027888446215139,0.8027888446215139,PGD,0.5,10,DDoS-LOIC-UDP,
RF,PGD_eps0.5_it10,55,54,1.0,1.0,PGD,0.5,10,DDoS-LOIC-UDP - Attempted,
RF,PGD_eps0.5_it10,4496,4496,0.44684163701067614,0.44684163701067614,PGD,0.5,10,DoS GoldenEye,
RF,PGD_eps0.5_it10,861,861,0.7653890824622532,0.7653890824622532,PGD,0.5,10,DoS GoldenEye - Attempted,
RF,PGD_eps0.5_it10,6050,6050,0.21669421487603305,0.21669421487603305,PGD,0.5,10,DoS Hulk,
RF,PGD_eps0.5_it10,10,10,1.0,1.0,PGD,0.5,10,DoS Hulk - Attempted,
RF,PGD_eps0.5_it10,1592,1592,1.0,1.0,PGD,0.5,10,DoS Slowloris,
RF,PGD_eps0.5_it10,465,465,1.0,1.0,PGD,0.5,10,DoS Slowloris - Attempted,
RF,PGD_eps0.5_it10,5846,5846,0.0,0.0,PGD,0.5,10,FTP-BruteForce - Attempted,
RF,PGD_eps0.5_it10,45,45,1.0,1.0,PGD,0.5,10,Infiltration - Communication Victim Attacker,
RF,PGD_eps0.5_it10,14,7,0.7142857142857143,0.7142857142857143,PGD,0.5,10,Infiltration - Dropbox Download,
RF,PGD_eps0.5_it10,4,0,,1.0,PGD,0.5,10,Infiltration - Dropbox Download - Attempted,
RF,PGD_eps0.5_it10,5997,5991,0.9899849774661993,0.9899949974987494,PGD,0.5,10,Infiltration - NMAP Portscan,
RF,PGD_eps0.5_it10,6041,6041,0.9498427412680019,0.9498427412680019,PGD,0.5,10,SSH-BruteForce,
RF,PGD_eps0.5_it10,25,25,0.96,0.96,PGD,0.5,10,Web Attack - Brute Force,
RF,PGD_eps0.5_it10,23,22,1.0,1.0,PGD,0.5,10,Web Attack - Brute Force - Attempted,
RF,PGD_eps0.5_it10,7,7,1.0,1.0,PGD,0.5,10,Web Attack - SQL,
RF,PGD_eps0.5_it10,2,2,1.0,1.0,PGD,0.5,10,Web Attack - SQL - Attempted,
RF,PGD_eps0.5_it10,20,20,1.0,1.0,PGD,0.5,10,Web Attack - XSS,
RF,PGD_eps0.5_it10,2,2,1.0,1.0,PGD,0.5,10,Web Attack - XSS - Attempted,
MLP,PGD_eps0.5_it10,60000,0,,,PGD,0.5,10,Benign,
MLP,PGD_eps0.5_it10,6081,6081,1.0,1.0,PGD,0.5,10,Botnet Ares,
MLP,PGD_eps0.5_it10,60,60,1.0,1.0,PGD,0.5,10,Botnet Ares - Attempted,
MLP,PGD_eps0.5_it10,6017,6017,1.0,1.0,PGD,0.5,10,DDoS-HOIC,
MLP,PGD_eps0.5_it10,6088,6088,1.0,1.0,PGD,0.5,10,DDoS-LOIC-HTTP,
MLP,PGD_eps0.5_it10,502,502,0.0099601593625498,0.0099601593625498,PGD,0.5,10,DDoS-LOIC-UDP,
MLP,PGD_eps0.5_it10,55,47,1.0,0.8545454545454545,PGD,0.5,10,DDoS-LOIC-UDP - Attempted,
MLP,PGD_eps0.5_it10,4496,4496,1.0,1.0,PGD,0.5,10,DoS GoldenEye,
MLP,PGD_eps0.5_it10,861,861,1.0,1.0,PGD,0.5,10,DoS GoldenEye - Attempted,
MLP,PGD_eps0.5_it10,6050,6050,1.0,1.0,PGD,0.5,10,DoS Hulk,
MLP,PGD_eps0.5_it10,10,10,1.0,1.0,PGD,0.5,10,DoS Hulk - Attempted,
MLP,PGD_eps0.5_it10,1592,1591,1.0,0.9993718592964824,PGD,0.5,10,DoS Slowloris,
MLP,PGD_eps0.5_it10,465,465,1.0,1.0,PGD,0.5,10,DoS Slowloris - Attempted,
MLP,PGD_eps0.5_it10,5846,5846,1.0,1.0,PGD,0.5,10,FTP-BruteForce - Attempted,
MLP,PGD_eps0.5_it10,45,44,0.9772727272727273,0.9555555555555556,PGD,0.5,10,Infiltration - Communication Victim Attacker,
MLP,PGD_eps0.5_it10,14,0,,0.0,PGD,0.5,10,Infiltration - Dropbox Download,
MLP,PGD_eps0.5_it10,4,0,,0.25,PGD,0.5,10,Infiltration - Dropbox Download - Attempted,
MLP,PGD_eps0.5_it10,5997,5867,1.0,0.984325496081374,PGD,0.5,10,Infiltration - NMAP Portscan,
MLP,PGD_eps0.5_it10,6041,6041,1.0,1.0,PGD,0.5,10,SSH-BruteForce,
MLP,PGD_eps0.5_it10,25,24,1.0,0.96,PGD,0.5,10,Web Attack - Brute Force,
MLP,PGD_eps0.5_it10,23,21,1.0,0.9130434782608695,PGD,0.5,10,Web Attack - Brute Force - Attempted,
MLP,PGD_eps0.5_it10,7,4,1.0,0.5714285714285714,PGD,0.5,10,Web Attack - SQL,
MLP,PGD_eps0.5_it10,2,0,,0.0,PGD,0.5,10,Web Attack - SQL - Attempted,
MLP,PGD_eps0.5_it10,20,20,1.0,1.0,PGD,0.5,10,Web Attack - XSS,
MLP,PGD_eps0.5_it10,2,0,,0.0,PGD,0.5,10,Web Attack - XSS - Attempted,
LR,PGD_eps0.5_it25,60000,0,,,PGD,0.5,25,Benign,
LR,PGD_eps0.5_it25,6081,6078,1.0,1.0,PGD,0.5,25,Botnet Ares,
LR,PGD_eps0.5_it25,60,60,1.0,1.0,PGD,0.5,25,Botnet Ares - Attempted,
LR,PGD_eps0.5_it25,6017,6017,1.0,1.0,PGD,0.5,25,DDoS-HOIC,
LR,PGD_eps0.5_it25,6088,157,1.0,1.0,PGD,0.5,25,DDoS-LOIC-HTTP,
LR,PGD_eps0.5_it25,502,497,0.02012072434607646,0.029880478087649404,PGD,0.5,25,DDoS-LOIC-UDP,
LR,PGD_eps0.5_it25,55,0,,1.0,PGD,0.5,25,DDoS-LOIC-UDP - Attempted,
LR,PGD_eps0.5_it25,4496,4496,0.9893238434163701,0.9893238434163701,PGD,0.5,25,DoS GoldenEye,
LR,PGD_eps0.5_it25,861,861,0.9976771196283392,0.9976771196283392,PGD,0.5,25,DoS GoldenEye - Attempted,
LR,PGD_eps0.5_it25,6050,6050,1.0,1.0,PGD,0.5,25,DoS Hulk,
LR,PGD_eps0.5_it25,10,10,1.0,1.0,PGD,0.5,25,DoS Hulk - Attempted,
LR,PGD_eps0.5_it25,1592,1559,0.5618986529826812,0.5709798994974874,PGD,0.5,25,DoS Slowloris,
LR,PGD_eps0.5_it25,465,458,1.0,1.0,PGD,0.5,25,DoS Slowloris - Attempted,
LR,PGD_eps0.5_it25,5846,5846,1.0,1.0,PGD,0.5,25,FTP-BruteForce - Attempted,
LR,PGD_eps0.5_it25,45,44,0.3181818181818182,0.3333333333333333,PGD,0.5,25,Infiltration - Communication Victim Attacker,
LR,PGD_eps0.5_it25,14,0,,0.42857142857142855,PGD,0.5,25,Infiltration - Dropbox Download,
LR,PGD_eps0.5_it25,4,0,,0.5,PGD,0.5,25,Infiltration - Dropbox Download - Attempted,
LR,PGD_eps0.5_it25,5997,5628,0.8630063965884861,0.865099216274804,PGD,0.5,25,Infiltration - NMAP Portscan,
LR,PGD_eps0.5_it25,6041,6041,1.0,1.0,PGD,0.5,25,SSH-BruteForce,
LR,PGD_eps0.5_it25,25,0,,1.0,PGD,0.5,25,Web Attack - Brute Force,
LR,PGD_eps0.5_it25,23,0,,0.9130434782608695,PGD,0.5,25,Web Attack - Brute Force - Attempted,
LR,PGD_eps0.5_it25,7,3,1.0,0.5714285714285714,PGD,0.5,25,Web Attack - SQL,
LR,PGD_eps0.5_it25,2,0,,0.0,PGD,0.5,25,Web Attack - SQL - Attempted,
LR,PGD_eps0.5_it25,20,0,,1.0,PGD,0.5,25,Web Attack - XSS,
LR,PGD_eps0.5_it25,2,0,,0.0,PGD,0.5,25,Web Attack - XSS - Attempted,
SVM,PGD_eps0.5_it25,60000,0,,,PGD,0.5,25,Benign,
SVM,PGD_eps0.5_it25,6081,6081,1.0,1.0,PGD,0.5,25,Botnet Ares,
SVM,PGD_eps0.5_it25,60,60,1.0,1.0,PGD,0.5,25,Botnet Ares - Attempted,
SVM,PGD_eps0.5_it25,6017,6017,1.0,1.0,PGD,0.5,25,DDoS-HOIC,
SVM,PGD_eps0.5_it25,6088,0,,1.0,PGD,0.5,25,DDoS-LOIC-HTTP,
SVM,PGD_eps0.5_it25,502,498,0.004016064257028112,0.01195219123505976,PGD,0.5,25,DDoS-LOIC-UDP,
SVM,PGD_eps0.5_it25,55,0,,0.8545454545454545,PGD,0.5,25,DDoS-LOIC-UDP - Attempted,
SVM,PGD_eps0.5_it25,4496,4496,1.0,1.0,PGD,0.5,25,DoS GoldenEye,
SVM,PGD_eps0.5_it25,861,861,1.0,1.0,PGD,0.5,25,DoS GoldenEye - Attempted,
SVM,PGD_eps0.5_it25,6050,6050,1.0,1.0,PGD,0.5,25,DoS Hulk,
SVM,PGD_eps0.5_it25,10,10,1.0,1.0,PGD,0.5,25,DoS Hulk - Attempted,
SVM,PGD_eps0.5_it25,1592,1559,0.9993585631815266,0.9993718592964824,PGD,0.5,25,DoS Slowloris,
SVM,PGD_eps0.5_it25,465,458,1.0,1.0,PGD,0.5,25,DoS Slowloris - Attempted,
SVM,PGD_eps0.5_it25,5846,5846,1.0,1.0,PGD,0.5,25,FTP-BruteForce - Attempted,
SVM,PGD_eps0.5_it25,45,45,0.9333333333333333,0.9333333333333333,PGD,0.5,25,Infiltration - Communication Victim Attacker,
SVM,PGD_eps0.5_it25,14,0,,0.0,PGD,0.5,25,Infiltration - Dropbox Download,
SVM,PGD_eps0.5_it25,4,0,,0.5,PGD,0.5,25,Infiltration - Dropbox Download - Attempted,
SVM,PGD_eps0.5_it25,5997,5230,0.9097514340344168,0.9056194764048691,PGD,0.5,25,Infiltration - NMAP Portscan,
SVM,PGD_eps0.5_it25,6041,6041,1.0,1.0,PGD,0.5,25,SSH-BruteForce,
SVM,PGD_eps0.5_it25,25,0,,0.96,PGD,0.5,25,Web Attack - Brute Force,
SVM,PGD_eps0.5_it25,23,0,,0.9130434782608695,PGD,0.5,25,Web Attack - Brute Force - Attempted,
SVM,PGD_eps0.5_it25,7,0,,0.5714285714285714,PGD,0.5,25,Web Attack - SQL,
SVM,PGD_eps0.5_it25,2,0,,0.0,PGD,0.5,25,Web Attack - SQL - Attempted,
SVM,PGD_eps0.5_it25,20,0,,1.0,PGD,0.5,25,Web Attack - XSS,
SVM,PGD_eps0.5_it25,2,0,,0.0,PGD,0.5,25,Web Attack - XSS - Attempted,
RF,PGD_eps0.5_it25,60000,0,,,PGD,0.5,25,Benign,
RF,PGD_eps0.5_it25,6081,6081,1.0,1.0,PGD,0.5,25,Botnet Ares,
RF,PGD_eps0.5_it25,60,60,1.0,1.0,PGD,0.5,25,Botnet Ares - Attempted,
RF,PGD_eps0.5_it25,6017,6017,1.0,1.0,PGD,0.5,25,DDoS-HOIC,
RF,PGD_eps0.5_it25,6088,6088,1.0,1.0,PGD,0.5,25,DDoS-LOIC-HTTP,
RF,PGD_eps0.5_it25,502,502,0.8047808764940239,0.8047808764940239,PGD,0.5,25,DDoS-LOIC-UDP,
RF,PGD_eps0.5_it25,55,54,1.0,1.0,PGD,0.5,25,DDoS-LOIC-UDP - Attempted,
RF,PGD_eps0.5_it25,4496,4496,0.9928825622775801,0.9928825622775801,PGD,0.5,25,DoS GoldenEye,
RF,PGD_eps0.5_it25,861,861,1.0,1.0,PGD,0.5,25,DoS GoldenEye - Attempted,
RF,PGD_eps0.5_it25,6050,6050,1.0,1.0,PGD,0.5,25,DoS Hulk,
RF,PGD_eps0.5_it25,10,10,1.0,1.0,PGD,0.5,25,DoS Hulk - Attempted,
RF,PGD_eps0.5_it25,1592,1592,0.9987437185929648,0.9987437185929648,PGD,0.5,25,DoS Slowloris,
RF,PGD_eps0.5_it25,465,465,1.0,1.0,PGD,0.5,25,DoS Slowloris - Attempted,
RF,PGD_eps0.5_it25,5846,5846,1.0,1.0,PGD,0.5,25,FTP-BruteForce - Attempted,
RF,PGD_eps0.5_it25,45,45,0.9555555555555556,0.9555555555555556,PGD,0.5,25,Infiltration - Communication Victim Attacker,
RF,PGD_eps0.5_it25,14,7,0.7142857142857143,0.7142857142857143,PGD,0.5,25,Infiltration - Dropbox Download,
RF,PGD_eps0.5_it25,4,0,,1.0,PGD,0.5,25,Infiltration - Dropbox Download - Attempted,
RF,PGD_eps0.5_it25,5997,5991,0.9933233183107996,0.9933299983324996,PGD,0.5,25,Infiltration - NMAP Portscan,
RF,PGD_eps0.5_it25,6041,6041,1.0,1.0,PGD,0.5,25,SSH-BruteForce,
RF,PGD_eps0.5_it25,25,25,0.96,0.96,PGD,0.5,25,Web Attack - Brute Force,
RF,PGD_eps0.5_it25,23,22,1.0,1.0,PGD,0.5,25,Web Attack - Brute Force - Attempted,
RF,PGD_eps0.5_it25,7,7,1.0,1.0,PGD,0.5,25,Web Attack - SQL,
RF,PGD_eps0.5_it25,2,2,1.0,1.0,PGD,0.5,25,Web Attack - SQL - Attempted,
RF,PGD_eps0.5_it25,20,20,1.0,1.0,PGD,0.5,25,Web Attack - XSS,
RF,PGD_eps0.5_it25,2,2,1.0,1.0,PGD,0.5,25,Web Attack - XSS - Attempted,
MLP,PGD_eps0.5_it25,60000,0,,,PGD,0.5,25,Benign,
MLP,PGD_eps0.5_it25,6081,6081,1.0,1.0,PGD,0.5,25,Botnet Ares,
MLP,PGD_eps0.5_it25,60,60,1.0,1.0,PGD,0.5,25,Botnet Ares - Attempted,
MLP,PGD_eps0.5_it25,6017,6017,1.0,1.0,PGD,0.5,25,DDoS-HOIC,
MLP,PGD_eps0.5_it25,6088,6088,1.0,1.0,PGD,0.5,25,DDoS-LOIC-HTTP,
MLP,PGD_eps0.5_it25,502,502,0.01195219123505976,0.01195219123505976,PGD,0.5,25,DDoS-LOIC-UDP,
MLP,PGD_eps0.5_it25,55,47,1.0,0.8545454545454545,PGD,0.5,25,DDoS-LOIC-UDP - Attempted,
MLP,PGD_eps0.5_it25,4496,4496,1.0,1.0,PGD,0.5,25,DoS GoldenEye,
MLP,PGD_eps0.5_it25,861,861,1.0,1.0,PGD,0.5,25,DoS GoldenEye - Attempted,
MLP,PGD_eps0.5_it25,6050,6050,1.0,1.0,PGD,0.5,25,DoS Hulk,
MLP,PGD_eps0.5_it25,10,10,1.0,1.0,PGD,0.5,25,DoS Hulk - Attempted,
MLP,PGD_eps0.5_it25,1592,1591,1.0,0.9993718592964824,PGD,0.5,25,DoS Slowloris,
MLP,PGD_eps0.5_it25,465,465,1.0,1.0,PGD,0.5,25,DoS Slowloris - Attempted,
MLP,PGD_eps0.5_it25,5846,5846,1.0,1.0,PGD,0.5,25,FTP-BruteForce - Attempted,
MLP,PGD_eps0.5_it25,45,44,1.0,0.9777777777777777,PGD,0.5,25,Infiltration - Communication Victim Attacker,
MLP,PGD_eps0.5_it25,14,0,,0.0,PGD,0.5,25,Infiltration - Dropbox Download,
MLP,PGD_eps0.5_it25,4,0,,0.25,PGD,0.5,25,Infiltration - Dropbox Download - Attempted,
MLP,PGD_eps0.5_it25,5997,5867,1.0,0.984325496081374,PGD,0.5,25,Infiltration - NMAP Portscan,
MLP,PGD_eps0.5_it25,6041,6041,1.0,1.0,PGD,0.5,25,SSH-BruteForce,
MLP,PGD_eps0.5_it25,25,24,1.0,0.96,PGD,0.5,25,Web Attack - Brute Force,
MLP,PGD_eps0.5_it25,23,21,1.0,0.9130434782608695,PGD,0.5,25,Web Attack - Brute Force - Attempted,
MLP,PGD_eps0.5_it25,7,4,1.0,0.5714285714285714,PGD,0.5,25,Web Attack - SQL,
MLP,PGD_eps0.5_it25,2,0,,0.0,PGD,0.5,25,Web Attack - SQL - Attempted,
MLP,PGD_eps0.5_it25,20,20,1.0,1.0,PGD,0.5,25,Web Attack - XSS,
MLP,PGD_eps0.5_it25,2,0,,0.0,PGD,0.5,25,Web Attack - XSS - Attempted,
LR,PGD_eps0.75_it10,60000,0,,,PGD,0.75,10,Benign,
LR,PGD_eps0.75_it10,6081,6078,1.0,1.0,PGD,0.75,10,Botnet Ares,
LR,PGD_eps0.75_it10,60,60,1.0,1.0,PGD,0.75,10,Botnet Ares - Attempted,
LR,PGD_eps0.75_it10,6017,6017,1.0,1.0,PGD,0.75,10,DDoS-HOIC,
LR,PGD_eps0.75_it10,6088,157,1.0,1.0,PGD,0.75,10,DDoS-LOIC-HTTP,
LR,PGD_eps0.75_it10,502,497,0.03822937625754527,0.04780876494023904,PGD,0.75,10,DDoS-LOIC-UDP,
LR,PGD_eps0.75_it10,55,0,,1.0,PGD,0.75,10,DDoS-LOIC-UDP - Attempted,
LR,PGD_eps0.75_it10,4496,4496,1.0,1.0,PGD,0.75,10,DoS GoldenEye,
LR,PGD_eps0.75_it10,861,861,1.0,1.0,PGD,0.75,10,DoS GoldenEye - Attempted,
LR,PGD_eps0.75_it10,6050,6050,1.0,1.0,PGD,0.75,10,DoS Hulk,
LR,PGD_eps0.75_it10,10,10,1.0,1.0,PGD,0.75,10,DoS Hulk - Attempted,
LR,PGD_eps0.75_it10,1592,1559,0.9993585631815266,0.9993718592964824,PGD,0.75,10,DoS Slowloris,
LR,PGD_eps0.75_it10,465,458,1.0,1.0,PGD,0.75,10,DoS Slowloris - Attempted,
LR,PGD_eps0.75_it10,5846,5846,1.0,1.0,PGD,0.75,10,FTP-BruteForce - Attempted,
LR,PGD_eps0.75_it10,45,44,0.29545454545454547,0.3111111111111111,PGD,0.75,10,Infiltration - Communication Victim Attacker,
LR,PGD_eps0.75_it10,14,0,,0.5,PGD,0.75,10,Infiltration - Dropbox Download,
LR,PGD_eps0.75_it10,4,0,,0.5,PGD,0.75,10,Infiltration - Dropbox Download - Attempted,
LR,PGD_eps0.75_it10,5997,5628,0.9187988628287136,0.9176254794063698,PGD,0.75,10,Infiltration - NMAP Portscan,
LR,PGD_eps0.75_it10,6041,6041,1.0,1.0,PGD,0.75,10,SSH-BruteForce,
LR,PGD_eps0.75_it10,25,0,,1.0,PGD,0.75,10,Web Attack - Brute Force,
LR,PGD_eps0.75_it10,23,0,,0.9130434782608695,PGD,0.75,10,Web Attack - Brute Force - Attempted,
LR,PGD_eps0.75_it10,7,3,1.0,0.5714285714285714,PGD,0.75,10,Web Attack - SQL,
LR,PGD_eps0.75_it10,2,0,,0.0,PGD,0.75,10,Web Attack - SQL - Attempted,
LR,PGD_eps0.75_it10,20,0,,1.0,PGD,0.75,10,Web Attack - XSS,
LR,PGD_eps0.75_it10,2,0,,0.0,PGD,0.75,10,Web Attack - XSS - Attempted,
SVM,PGD_eps0.75_it10,60000,0,,,PGD,0.75,10,Benign,
SVM,PGD_eps0.75_it10,6081,6081,1.0,1.0,PGD,0.75,10,Botnet Ares,
SVM,PGD_eps0.75_it10,60,60,1.0,1.0,PGD,0.75,10,Botnet Ares - Attempted,
SVM,PGD_eps0.75_it10,6017,6017,1.0,1.0,PGD,0.75,10,DDoS-HOIC,
SVM,PGD_eps0.75_it10,6088,0,,1.0,PGD,0.75,10,DDoS-LOIC-HTTP,
SVM,PGD_eps0.75_it10,502,498,0.004016064257028112,0.01195219123505976,PGD,0.75,10,DDoS-LOIC-UDP,
SVM,PGD_eps0.75_it10,55,0,,0.8545454545454545,PGD,0.75,10,DDoS-LOIC-UDP - Attempted,
SVM,PGD_eps0.75_it10,4496,4496,1.0,1.0,PGD,0.75,10,DoS GoldenEye,
SVM,PGD_eps0.75_it10,861,861,1.0,1.0,PGD,0.75,10,DoS GoldenEye - Attempted,
SVM,PGD_eps0.75_it10,6050,6050,1.0,1.0,PGD,0.75,10,DoS Hulk,
SVM,PGD_eps0.75_it10,10,10,1.0,1.0,PGD,0.75,10,DoS Hulk - Attempted,
SVM,PGD_eps0.75_it10,1592,1559,0.9993585631815266,0.9993718592964824,PGD,0.75,10,DoS Slowloris,
SVM,PGD_eps0.75_it10,465,458,1.0,1.0,PGD,0.75,10,DoS Slowloris - Attempted,
SVM,PGD_eps0.75_it10,5846,5846,1.0,1.0,PGD,0.75,10,FTP-BruteForce - Attempted,
SVM,PGD_eps0.75_it10,45,45,0.9555555555555556,0.9555555555555556,PGD,0.75,10,Infiltration - Communication Victim Attacker,
SVM,PGD_eps0.75_it10,14,0,,0.0,PGD,0.75,10,Infiltration - Dropbox Download,
SVM,PGD_eps0.75_it10,4,0,,0.5,PGD,0.75,10,Infiltration - Dropbox Download - Attempted,
SVM,PGD_eps0.75_it10,5997,5230,0.9516252390057361,0.9419709854927464,PGD,0.75,10,Infiltration - NMAP Portscan,
SVM,PGD_eps0.75_it10,6041,6041,1.0,1.0,PGD,0.75,10,SSH-BruteForce,
SVM,PGD_eps0.75_it10,25,0,,1.0,PGD,0.75,10,Web Attack - Brute Force,
SVM,PGD_eps0.75_it10,23,0,,0.9130434782608695,PGD,0.75,10,Web Attack - Brute Force - Attempted,
SVM,PGD_eps0.75_it10,7,0,,0.5714285714285714,PGD,0.75,10,Web Attack - SQL,
SVM,PGD_eps0.75_it10,2,0,,0.0,PGD,0.75,10,Web Attack - SQL - Attempted,
SVM,PGD_eps0.75_it10,20,0,,1.0,PGD,0.75,10,Web Attack - XSS,
SVM,PGD_eps0.75_it10,2,0,,0.0,PGD,0.75,10,Web Attack - XSS - Attempted,
RF,PGD_eps0.75_it10,60000,0,,,PGD,0.75,10,Benign,
RF,PGD_eps0.75_it10,6081,6081,1.0,1.0,PGD,0.75,10,Botnet Ares,
RF,PGD_eps0.75_it10,60,60,1.0,1.0,PGD,0.75,10,Botnet Ares - Attempted,
RF,PGD_eps0.75_it10,6017,6017,1.0,1.0,PGD,0.75,10,DDoS-HOIC,
RF,PGD_eps0.75_it10,6088,6088,1.0,1.0,PGD,0.75,10,DDoS-LOIC-HTTP,
RF,PGD_eps0.75_it10,502,502,0.8067729083665338,0.8067729083665338,PGD,0.75,10,DDoS-LOIC-UDP,
RF,PGD_eps0.75_it10,55,54,1.0,1.0,PGD,0.75,10,DDoS-LOIC-UDP - Attempted,
RF,PGD_eps0.75_it10,4496,4496,0.7893683274021353,0.7893683274021353,PGD,0.75,10,DoS GoldenEye,
RF,PGD_eps0.75_it10,861,861,0.9709639953542393,0.9709639953542393,PGD,0.75,10,DoS GoldenEye - Attempted,
RF,PGD_eps0.75_it10,6050,6050,0.9695867768595041,0.9695867768595041,PGD,0.75,10,DoS Hulk,
RF,PGD_eps0.75_it10,10,10,1.0,1.0,PGD,0.75,10,DoS Hulk - Attempted,
RF,PGD_eps0.75_it10,1592,1592,0.9001256281407035,0.9001256281407035,PGD,0.75,10,DoS Slowloris,
RF,PGD_eps0.75_it10,465,465,0.8559139784946237,0.8559139784946237,PGD,0.75,10,DoS Slowloris - Attempted,
RF,PGD_eps0.75_it10,5846,5846,1.0,1.0,PGD,0.75,10,FTP-BruteForce - Attempted,
RF,PGD_eps0.75_it10,45,45,0.9777777777777777,0.9777777777777777,PGD,0.75,10,Infiltration - Communication Victim Attacker,
RF,PGD_eps0.75_it10,14,7,0.7142857142857143,0.7857142857142857,PGD,0.75,10,Infiltration - Dropbox Download,
RF,PGD_eps0.75_it10,4,0,,1.0,PGD,0.75,10,Infiltration - Dropbox Download - Attempted,
RF,PGD_eps0.75_it10,5997,5991,0.9883158070438992,0.9883274970818743,PGD,0.75,10,Infiltration - NMAP Portscan,
RF,PGD_eps0.75_it10,6041,6041,0.6613143519284886,0.6613143519284886,PGD,0.75,10,SSH-BruteForce,
RF,PGD_eps0.75_it10,25,25,1.0,1.0,PGD,0.75,10,Web Attack - Brute Force,
RF,PGD_eps0.75_it10,23,22,1.0,1.0,PGD,0.75,10,Web Attack - Brute Force - Attempted,
RF,PGD_eps0.75_it10,7,7,1.0,1.0,PGD,0.75,10,Web Attack - SQL,
RF,PGD_eps0.75_it10,2,2,1.0,1.0,PGD,0.75,10,Web Attack - SQL - Attempted,
RF,PGD_eps0.75_it10,20,20,1.0,1.0,PGD,0.75,10,Web Attack - XSS,
RF,PGD_eps0.75_it10,2,2,1.0,1.0,PGD,0.75,10,Web Attack - XSS - Attempted,
MLP,PGD_eps0.75_it10,60000,0,,,PGD,0.75,10,Benign,
MLP,PGD_eps0.75_it10,6081,6081,1.0,1.0,PGD,0.75,10,Botnet Ares,
MLP,PGD_eps0.75_it10,60,60,1.0,1.0,PGD,0.75,10,Botnet Ares - Attempted,
MLP,PGD_eps0.75_it10,6017,6017,1.0,1.0,PGD,0.75,10,DDoS-HOIC,
MLP,PGD_eps0.75_it10,6088,6088,1.0,1.0,PGD,0.75,10,DDoS-LOIC-HTTP,
MLP,PGD_eps0.75_it10,502,502,0.013944223107569721,0.013944223107569721,PGD,0.75,10,DDoS-LOIC-UDP,
MLP,PGD_eps0.75_it10,55,47,1.0,0.8545454545454545,PGD,0.75,10,DDoS-LOIC-UDP - Attempted,
MLP,PGD_eps0.75_it10,4496,4496,1.0,1.0,PGD,0.75,10,DoS GoldenEye,
MLP,PGD_eps0.75_it10,861,861,1.0,1.0,PGD,0.75,10,DoS GoldenEye - Attempted,
MLP,PGD_eps0.75_it10,6050,6050,1.0,1.0,PGD,0.75,10,DoS Hulk,
MLP,PGD_eps0.75_it10,10,10,1.0,1.0,PGD,0.75,10,DoS Hulk - Attempted,
MLP,PGD_eps0.75_it10,1592,1591,1.0,0.9993718592964824,PGD,0.75,10,DoS Slowloris,
MLP,PGD_eps0.75_it10,465,465,1.0,1.0,PGD,0.75,10,DoS Slowloris - Attempted,
MLP,PGD_eps0.75_it10,5846,5846,1.0,1.0,PGD,0.75,10,FTP-BruteForce - Attempted,
MLP,PGD_eps0.75_it10,45,44,0.9772727272727273,0.9555555555555556,PGD,0.75,10,Infiltration - Communication Victim Attacker,
MLP,PGD_eps0.75_it10,14,0,,0.0,PGD,0.75,10,Infiltration - Dropbox Download,
MLP,PGD_eps0.75_it10,4,0,,0.25,PGD,0.75,10,Infiltration - Dropbox Download - Attempted,
MLP,PGD_eps0.75_it10,5997,5867,1.0,0.984325496081374,PGD,0.75,10,Infiltration - NMAP Portscan,
MLP,PGD_eps0.75_it10,6041,6041,1.0,1.0,PGD,0.75,10,SSH-BruteForce,
MLP,PGD_eps0.75_it10,25,24,1.0,0.96,PGD,0.75,10,Web Attack - Brute Force,
MLP,PGD_eps0.75_it10,23,21,1.0,0.9130434782608695,PGD,0.75,10,Web Attack - Brute Force - Attempted,
MLP,PGD_eps0.75_it10,7,4,1.0,0.5714285714285714,PGD,0.75,10,Web Attack - SQL,
MLP,PGD_eps0.75_it10,2,0,,0.0,PGD,0.75,10,Web Attack - SQL - Attempted,
MLP,PGD_eps0.75_it10,20,20,1.0,1.0,PGD,0.75,10,Web Attack - XSS,
MLP,PGD_eps0.75_it10,2,0,,0.0,PGD,0.75,10,Web Attack - XSS - Attempted,
LR,PGD_eps0.75_it25,60000,0,,,PGD,0.75,25,Benign,
LR,PGD_eps0.75_it25,6081,6078,1.0,1.0,PGD,0.75,25,Botnet Ares,
LR,PGD_eps0.75_it25,60,60,1.0,1.0,PGD,0.75,25,Botnet Ares - Attempted,
LR,PGD_eps0.75_it25,6017,6017,1.0,1.0,PGD,0.75,25,DDoS-HOIC,
LR,PGD_eps0.75_it25,6088,157,1.0,1.0,PGD,0.75,25,DDoS-LOIC-HTTP,
LR,PGD_eps0.75_it25,502,497,0.04426559356136821,0.053784860557768925,PGD,0.75,25,DDoS-LOIC-UDP,
LR,PGD_eps0.75_it25,55,0,,1.0,PGD,0.75,25,DDoS-LOIC-UDP - Attempted,
LR,PGD_eps0.75_it25,4496,4496,1.0,1.0,PGD,0.75,25,DoS GoldenEye,
LR,PGD_eps0.75_it25,861,861,1.0,1.0,PGD,0.75,25,DoS GoldenEye - Attempted,
LR,PGD_eps0.75_it25,6050,6050,1.0,1.0,PGD,0.75,25,DoS Hulk,
LR,PGD_eps0.75_it25,10,10,1.0,1.0,PGD,0.75,25,DoS Hulk - Attempted,
LR,PGD_eps0.75_it25,1592,1559,0.9993585631815266,0.9993718592964824,PGD,0.75,25,DoS Slowloris,
LR,PGD_eps0.75_it25,465,458,1.0,1.0,PGD,0.75,25,DoS Slowloris - Attempted,
LR,PGD_eps0.75_it25,5846,5846,1.0,1.0,PGD,0.75,25,FTP-BruteForce - Attempted,
LR,PGD_eps0.75_it25,45,44,0.9090909090909091,0.9111111111111111,PGD,0.75,25,Infiltration - Communication Victim Attacker,
LR,PGD_eps0.75_it25,14,0,,0.42857142857142855,PGD,0.75,25,Infiltration - Dropbox Download,
LR,PGD_eps0.75_it25,4,0,,0.5,PGD,0.75,25,Infiltration - Dropbox Download - Attempted,
LR,PGD_eps0.75_it25,5997,5628,0.919864960909737,0.9169584792396198,PGD,0.75,25,Infiltration - NMAP Portscan,
LR,PGD_eps0.75_it25,6041,6041,1.0,1.0,PGD,0.75,25,SSH-BruteForce,
LR,PGD_eps0.75_it25,25,0,,0.96,PGD,0.75,25,Web Attack - Brute Force,
LR,PGD_eps0.75_it25,23,0,,0.9130434782608695,PGD,0.75,25,Web Attack - Brute Force - Attempted,
LR,PGD_eps0.75_it25,7,3,1.0,0.5714285714285714,PGD,0.75,25,Web Attack - SQL,
LR,PGD_eps0.75_it25,2,0,,0.0,PGD,0.75,25,Web Attack - SQL - Attempted,
LR,PGD_eps0.75_it25,20,0,,1.0,PGD,0.75,25,Web Attack - XSS,
LR,PGD_eps0.75_it25,2,0,,0.0,PGD,0.75,25,Web Attack - XSS - Attempted,
SVM,PGD_eps0.75_it25,60000,0,,,PGD,0.75,25,Benign,
SVM,PGD_eps0.75_it25,6081,6081,1.0,1.0,PGD,0.75,25,Botnet Ares,
SVM,PGD_eps0.75_it25,60,60,1.0,1.0,PGD,0.75,25,Botnet Ares - Attempted,
SVM,PGD_eps0.75_it25,6017,6017,1.0,1.0,PGD,0.75,25,DDoS-HOIC,
SVM,PGD_eps0.75_it25,6088,0,,1.0,PGD,0.75,25,DDoS-LOIC-HTTP,
SVM,PGD_eps0.75_it25,502,498,0.006024096385542169,0.013944223107569721,PGD,0.75,25,DDoS-LOIC-UDP,
SVM,PGD_eps0.75_it25,55,0,,0.8545454545454545,PGD,0.75,25,DDoS-LOIC-UDP - Attempted,
SVM,PGD_eps0.75_it25,4496,4496,1.0,1.0,PGD,0.75,25,DoS GoldenEye,
SVM,PGD_eps0.75_it25,861,861,1.0,1.0,PGD,0.75,25,DoS GoldenEye - Attempted,
SVM,PGD_eps0.75_it25,6050,6050,1.0,1.0,PGD,0.75,25,DoS Hulk,
SVM,PGD_eps0.75_it25,10,10,1.0,1.0,PGD,0.75,25,DoS Hulk - Attempted,
SVM,PGD_eps0.75_it25,1592,1559,0.9993585631815266,0.9993718592964824,PGD,0.75,25,DoS Slowloris,
SVM,PGD_eps0.75_it25,465,458,1.0,1.0,PGD,0.75,25,DoS Slowloris - Attempted,
SVM,PGD_eps0.75_it25,5846,5846,1.0,1.0,PGD,0.75,25,FTP-BruteForce - Attempted,
SVM,PGD_eps0.75_it25,45,45,0.9555555555555556,0.9555555555555556,PGD,0.75,25,Infiltration - Communication Victim Attacker,
SVM,PGD_eps0.75_it25,14,0,,0.0,PGD,0.75,25,Infiltration - Dropbox Download,
SVM,PGD_eps0.75_it25,4,0,,0.5,PGD,0.75,25,Infiltration - Dropbox Download - Attempted,
SVM,PGD_eps0.75_it25,5997,5230,0.9594646271510516,0.9488077372019343,PGD,0.75,25,Infiltration - NMAP Portscan,
SVM,PGD_eps0.75_it25,6041,6041,1.0,1.0,PGD,0.75,25,SSH-BruteForce,
SVM,PGD_eps0.75_it25,25,0,,0.96,PGD,0.75,25,Web Attack - Brute Force,
SVM,PGD_eps0.75_it25,23,0,,0.9130434782608695,PGD,0.75,25,Web Attack - Brute Force - Attempted,
SVM,PGD_eps0.75_it25,7,0,,0.5714285714285714,PGD,0.75,25,Web Attack - SQL,
SVM,PGD_eps0.75_it25,2,0,,0.0,PGD,0.75,25,Web Attack - SQL - Attempted,
SVM,PGD_eps0.75_it25,20,0,,1.0,PGD,0.75,25,Web Attack - XSS,
SVM,PGD_eps0.75_it25,2,0,,0.0,PGD,0.75,25,Web Attack - XSS - Attempted,
RF,PGD_eps0.75_it25,60000,0,,,PGD,0.75,25,Benign,
RF,PGD_eps0.75_it25,6081,6081,1.0,1.0,PGD,0.75,25,Botnet Ares,
RF,PGD_eps0.75_it25,60,60,1.0,1.0,PGD,0.75,25,Botnet Ares - Attempted,
RF,PGD_eps0.75_it25,6017,6017,1.0,1.0,PGD,0.75,25,DDoS-HOIC,
RF,PGD_eps0.75_it25,6088,6088,1.0,1.0,PGD,0.75,25,DDoS-LOIC-HTTP,
RF,PGD_eps0.75_it25,502,502,0.8067729083665338,0.8067729083665338,PGD,0.75,25,DDoS-LOIC-UDP,
RF,PGD_eps0.75_it25,55,54,1.0,1.0,PGD,0.75,25,DDoS-LOIC-UDP - Attempted,
RF,PGD_eps0.75_it25,4496,4496,0.699288256227758,0.699288256227758,PGD,0.75,25,DoS GoldenEye,
RF,PGD_eps0.75_it25,861,861,0.8617886178861789,0.8617886178861789,PGD,0.75,25,DoS GoldenEye - Attempted,
RF,PGD_eps0.75_it25,6050,6050,0.9998347107438017,0.9998347107438017,PGD,0.75,25,DoS Hulk,
RF,PGD_eps0.75_it25,10,10,1.0,1.0,PGD,0.75,25,DoS Hulk - Attempted,
RF,PGD_eps0.75_it25,1592,1592,0.8969849246231156,0.8969849246231156,PGD,0.75,25,DoS Slowloris,
RF,PGD_eps0.75_it25,465,465,1.0,1.0,PGD,0.75,25,DoS Slowloris - Attempted,
RF,PGD_eps0.75_it25,5846,5846,1.0,1.0,PGD,0.75,25,FTP-BruteForce - Attempted,
RF,PGD_eps0.75_it25,45,45,0.9777777777777777,0.9777777777777777,PGD,0.75,25,Infiltration - Communication Victim Attacker,
RF,PGD_eps0.75_it25,14,7,0.7142857142857143,0.8571428571428571,PGD,0.75,25,Infiltration - Dropbox Download,
RF,PGD_eps0.75_it25,4,0,,1.0,PGD,0.75,25,Infiltration - Dropbox Download - Attempted,
RF,PGD_eps0.75_it25,5997,5991,0.9873143047905191,0.9873269968317492,PGD,0.75,25,Infiltration - NMAP Portscan,
RF,PGD_eps0.75_it25,6041,6041,0.9996689289852674,0.9996689289852674,PGD,0.75,25,SSH-BruteForce,
RF,PGD_eps0.75_it25,25,25,1.0,1.0,PGD,0.75,25,Web Attack - Brute Force,
RF,PGD_eps0.75_it25,23,22,1.0,1.0,PGD,0.75,25,Web Attack - Brute Force - Attempted,
RF,PGD_eps0.75_it25,7,7,1.0,1.0,PGD,0.75,25,Web Attack - SQL,
RF,PGD_eps0.75_it25,2,2,1.0,1.0,PGD,0.75,25,Web Attack - SQL - Attempted,
RF,PGD_eps0.75_it25,20,20,1.0,1.0,PGD,0.75,25,Web Attack - XSS,
RF,PGD_eps0.75_it25,2,2,1.0,1.0,PGD,0.75,25,Web Attack - XSS - Attempted,
MLP,PGD_eps0.75_it25,60000,0,,,PGD,0.75,25,Benign,
MLP,PGD_eps0.75_it25,6081,6081,1.0,1.0,PGD,0.75,25,Botnet Ares,
MLP,PGD_eps0.75_it25,60,60,1.0,1.0,PGD,0.75,25,Botnet Ares - Attempted,
MLP,PGD_eps0.75_it25,6017,6017,1.0,1.0,PGD,0.75,25,DDoS-HOIC,
MLP,PGD_eps0.75_it25,6088,6088,1.0,1.0,PGD,0.75,25,DDoS-LOIC-HTTP,
MLP,PGD_eps0.75_it25,502,502,0.013944223107569721,0.013944223107569721,PGD,0.75,25,DDoS-LOIC-UDP,
MLP,PGD_eps0.75_it25,55,47,1.0,0.8545454545454545,PGD,0.75,25,DDoS-LOIC-UDP - Attempted,
MLP,PGD_eps0.75_it25,4496,4496,1.0,1.0,PGD,0.75,25,DoS GoldenEye,
MLP,PGD_eps0.75_it25,861,861,1.0,1.0,PGD,0.75,25,DoS GoldenEye - Attempted,
MLP,PGD_eps0.75_it25,6050,6050,1.0,1.0,PGD,0.75,25,DoS Hulk,
MLP,PGD_eps0.75_it25,10,10,1.0,1.0,PGD,0.75,25,DoS Hulk - Attempted,
MLP,PGD_eps0.75_it25,1592,1591,1.0,0.9993718592964824,PGD,0.75,25,DoS Slowloris,
MLP,PGD_eps0.75_it25,465,465,1.0,1.0,PGD,0.75,25,DoS Slowloris - Attempted,
MLP,PGD_eps0.75_it25,5846,5846,1.0,1.0,PGD,0.75,25,FTP-BruteForce - Attempted,
MLP,PGD_eps0.75_it25,45,44,0.9772727272727273,0.9555555555555556,PGD,0.75,25,Infiltration - Communication Victim Attacker,
MLP,PGD_eps0.75_it25,14,0,,0.0,PGD,0.75,25,Infiltration - Dropbox Download,
MLP,PGD_eps0.75_it25,4,0,,0.25,PGD,0.75,25,Infiltration - Dropbox Download - Attempted,
MLP,PGD_eps0.75_it25,5997,5867,1.0,0.984325496081374,PGD,0.75,25,Infiltration - NMAP Portscan,
MLP,PGD_eps0.75_it25,6041,6041,1.0,1.0,PGD,0.75,25,SSH-BruteForce,
MLP,PGD_eps0.75_it25,25,24,1.0,0.96,PGD,0.75,25,Web Attack - Brute Force,
MLP,PGD_eps0.75_it25,23,21,1.0,0.9130434782608695,PGD,0.75,25,Web Attack - Brute Force - Attempted,
MLP,PGD_eps0.75_it25,7,4,1.0,0.5714285714285714,PGD,0.75,25,Web Attack - SQL,
MLP,PGD_eps0.75_it25,2,0,,0.0,PGD,0.75,25,Web Attack - SQL - Attempted,
MLP,PGD_eps0.75_it25,20,20,1.0,1.0,PGD,0.75,25,Web Attack - XSS,
MLP,PGD_eps0.75_it25,2,0,,0.0,PGD,0.75,25,Web Attack - XSS - Attempted,
LR,CW_c0.0_it10,60000,0,,,CW,,10,Benign,0.0
LR,CW_c0.0_it10,6081,6078,0.005593945376768674,0.006084525571452064,CW,,10,Botnet Ares,0.0
LR,CW_c0.0_it10,60,60,0.0,0.0,CW,,10,Botnet Ares - Attempted,0.0
LR,CW_c0.0_it10,6017,6017,0.0,0.0,CW,,10,DDoS-HOIC,0.0
LR,CW_c0.0_it10,6088,157,1.0,1.0,CW,,10,DDoS-LOIC-HTTP,0.0
LR,CW_c0.0_it10,502,497,0.448692152917505,0.4541832669322709,CW,,10,DDoS-LOIC-UDP,0.0
LR,CW_c0.0_it10,55,0,,1.0,CW,,10,DDoS-LOIC-UDP - Attempted,0.0
LR,CW_c0.0_it10,4496,4496,0.00022241992882562276,0.00022241992882562276,CW,,10,DoS GoldenEye,0.0
LR,CW_c0.0_it10,861,861,0.0,0.0,CW,,10,DoS GoldenEye - Attempted,0.0
LR,CW_c0.0_it10,6050,6050,0.0,0.0,CW,,10,DoS Hulk,0.0
LR,CW_c0.0_it10,10,10,0.0,0.0,CW,,10,DoS Hulk - Attempted,0.0
LR,CW_c0.0_it10,1592,1559,0.17767799871712636,0.19472361809045227,CW,,10,DoS Slowloris,0.0
LR,CW_c0.0_it10,465,458,0.22707423580786026,0.23870967741935484,CW,,10,DoS Slowloris - Attempted,0.0
LR,CW_c0.0_it10,5846,5846,0.0,0.0,CW,,10,FTP-BruteForce - Attempted,0.0
LR,CW_c0.0_it10,45,44,0.20454545454545456,0.2222222222222222,CW,,10,Infiltration - Communication Victim Attacker,0.0
LR,CW_c0.0_it10,14,0,,0.2857142857142857,CW,,10,Infiltration - Dropbox Download,0.0
LR,CW_c0.0_it10,4,0,,0.75,CW,,10,Infiltration - Dropbox Download - Attempted,0.0
LR,CW_c0.0_it10,5997,5628,0.6441009239516702,0.665165916291479,CW,,10,Infiltration - NMAP Portscan,0.0
LR,CW_c0.0_it10,6041,6041,0.0,0.0,CW,,10,SSH-BruteForce,0.0
LR,CW_c0.0_it10,25,0,,1.0,CW,,10,Web Attack - Brute Force,0.0
LR,CW_c0.0_it10,23,0,,1.0,CW,,10,Web Attack - Brute Force - Attempted,0.0
LR,CW_c0.0_it10,7,3,1.0,1.0,CW,,10,Web Attack - SQL,0.0
LR,CW_c0.0_it10,2,0,,1.0,CW,,10,Web Attack - SQL - Attempted,0.0
LR,CW_c0.0_it10,20,0,,1.0,CW,,10,Web Attack - XSS,0.0
LR,CW_c0.0_it10,2,0,,0.5,CW,,10,Web Attack - XSS - Attempted,0.0
SVM,CW_c0.0_it10,60000,0,,,CW,,10,Benign,0.0
SVM,CW_c0.0_it10,6081,6081,0.006084525571452064,0.006084525571452064,CW,,10,Botnet Ares,0.0
SVM,CW_c0.0_it10,60,60,0.0,0.0,CW,,10,Botnet Ares - Attempted,0.0
SVM,CW_c0.0_it10,6017,6017,0.0,0.0,CW,,10,DDoS-HOIC,0.0
SVM,CW_c0.0_it10,6088,0,,1.0,CW,,10,DDoS-LOIC-HTTP,0.0
SVM,CW_c0.0_it10,502,498,0.02610441767068273,0.03386454183266932,CW,,10,DDoS-LOIC-UDP,0.0
SVM,CW_c0.0_it10,55,0,,1.0,CW,,10,DDoS-LOIC-UDP - Attempted,0.0
SVM,CW_c0.0_it10,4496,4496,0.00022241992882562276,0.00022241992882562276,CW,,10,DoS GoldenEye,0.0
SVM,CW_c0.0_it10,861,861,0.0,0.0,CW,,10,DoS GoldenEye - Attempted,0.0
SVM,CW_c0.0_it10,6050,6050,0.0024793388429752068,0.0024793388429752068,CW,,10,DoS Hulk,0.0
SVM,CW_c0.0_it10,10,10,0.0,0.0,CW,,10,DoS Hulk - Attempted,0.0
SVM,CW_c0.0_it10,1592,1559,0.386144964720975,0.39886934673366836,CW,,10,DoS Slowloris,0.0
SVM,CW_c0.0_it10,465,458,0.0,0.015053763440860216,CW,,10,DoS Slowloris - Attempted,0.0
SVM,CW_c0.0_it10,5846,5846,0.0,0.0,CW,,10,FTP-BruteForce - Attempted,0.0
SVM,CW_c0.0_it10,45,45,0.24444444444444444,0.24444444444444444,CW,,10,Infiltration - Communication Victim Attacker,0.0
SVM,CW_c0.0_it10,14,0,,0.21428571428571427,CW,,10,Infiltration - Dropbox Download,0.0
SVM,CW_c0.0_it10,4,0,,0.75,CW,,10,Infiltration - Dropbox Download - Attempted,0.0
SVM,CW_c0.0_it10,5997,5230,0.567112810707457,0.6173086543271635,CW,,10,Infiltration - NMAP Portscan,0.0
SVM,CW_c0.0_it10,6041,6041,0.0,0.0,CW,,10,SSH-BruteForce,0.0
SVM,CW_c0.0_it10,25,0,,1.0,CW,,10,Web Attack - Brute Force,0.0
SVM,CW_c0.0_it10,23,0,,1.0,CW,,10,Web Attack - Brute Force - Attempted,0.0
SVM,CW_c0.0_it10,7,0,,1.0,CW,,10,Web Attack - SQL,0.0
SVM,CW_c0.0_it10,2,0,,1.0,CW,,10,Web Attack - SQL - Attempted,0.0
SVM,CW_c0.0_it10,20,0,,1.0,CW,,10,Web Attack - XSS,0.0
SVM,CW_c0.0_it10,2,0,,1.0,CW,,10,Web Attack - XSS - Attempted,0.0
RF,CW_c0.0_it10,60000,0,,,CW,,10,Benign,0.0
RF,CW_c0.0_it10,6081,6081,0.9996711067258675,0.9996711067258675,CW,,10,Botnet Ares,0.0
RF,CW_c0.0_it10,60,60,0.31666666666666665,0.31666666666666665,CW,,10,Botnet Ares - Attempted,0.0
RF,CW_c0.0_it10,6017,6017,1.0,1.0,CW,,10,DDoS-HOIC,0.0
RF,CW_c0.0_it10,6088,6088,0.9691195795006571,0.9691195795006571,CW,,10,DDoS-LOIC-HTTP,0.0
RF,CW_c0.0_it10,502,502,0.7808764940239044,0.7808764940239044,CW,,10,DDoS-LOIC-UDP,0.0
RF,CW_c0.0_it10,55,54,0.9444444444444444,0.9454545454545454,CW,,10,DDoS-LOIC-UDP - Attempted,0.0
RF,CW_c0.0_it10,4496,4496,0.9957740213523132,0.9957740213523132,CW,,10,DoS GoldenEye,0.0
RF,CW_c0.0_it10,861,861,1.0,1.0,CW,,10,DoS GoldenEye - Attempted,0.0
RF,CW_c0.0_it10,6050,6050,0.9366942148760331,0.9366942148760331,CW,,10,DoS Hulk,0.0
RF,CW_c0.0_it10,10,10,0.8,0.8,CW,,10,DoS Hulk - Attempted,0.0
RF,CW_c0.0_it10,1592,1592,0.9937185929648241,0.9937185929648241,CW,,10,DoS Slowloris,0.0
RF,CW_c0.0_it10,465,465,0.23655913978494625,0.23655913978494625,CW,,10,DoS Slowloris - Attempted,0.0
RF,CW_c0.0_it10,5846,5846,1.0,1.0,CW,,10,FTP-BruteForce - Attempted,0.0
RF,CW_c0.0_it10,45,45,0.9111111111111111,0.9111111111111111,CW,,10,Infiltration - Communication Victim Attacker,0.0
RF,CW_c0.0_it10,14,7,0.7142857142857143,0.6428571428571429,CW,,10,Infiltration - Dropbox Download,0.0
RF,CW_c0.0_it10,4,0,,1.0,CW,,10,Infiltration - Dropbox Download - Attempted,0.0
RF,CW_c0.0_it10,5997,5991,0.42480387247537976,0.4253793563448391,CW,,10,Infiltration - NMAP Portscan,0.0
RF,CW_c0.0_it10,6041,6041,1.0,1.0,CW,,10,SSH-BruteForce,0.0
RF,CW_c0.0_it10,25,25,0.04,0.04,CW,,10,Web Attack - Brute Force,0.0
RF,CW_c0.0_it10,23,22,1.0,1.0,CW,,10,Web Attack - Brute Force - Attempted,0.0
RF,CW_c0.0_it10,7,7,0.42857142857142855,0.42857142857142855,CW,,10,Web Attack - SQL,0.0
RF,CW_c0.0_it10,2,2,1.0,1.0,CW,,10,Web Attack - SQL - Attempted,0.0
RF,CW_c0.0_it10,20,20,0.0,0.0,CW,,10,Web Attack - XSS,0.0
RF,CW_c0.0_it10,2,2,1.0,1.0,CW,,10,Web Attack - XSS - Attempted,0.0
MLP,CW_c0.0_it10,60000,0,,,CW,,10,Benign,0.0
MLP,CW_c0.0_it10,6081,6081,0.9996711067258675,0.9996711067258675,CW,,10,Botnet Ares,0.0
MLP,CW_c0.0_it10,60,60,1.0,1.0,CW,,10,Botnet Ares - Attempted,0.0
MLP,CW_c0.0_it10,6017,6017,1.0,1.0,CW,,10,DDoS-HOIC,0.0
MLP,CW_c0.0_it10,6088,6088,0.9952365308804205,0.9952365308804205,CW,,10,DDoS-LOIC-HTTP,0.0
MLP,CW_c0.0_it10,502,502,0.7828685258964143,0.7828685258964143,CW,,10,DDoS-LOIC-UDP,0.0
MLP,CW_c0.0_it10,55,47,0.9787234042553191,0.8363636363636363,CW,,10,DDoS-LOIC-UDP - Attempted,0.0
MLP,CW_c0.0_it10,4496,4496,0.9991103202846975,0.9991103202846975,CW,,10,DoS GoldenEye,0.0
MLP,CW_c0.0_it10,861,861,0.9953542392566783,0.9953542392566783,CW,,10,DoS GoldenEye - Attempted,0.0
MLP,CW_c0.0_it10,6050,6050,0.9998347107438017,0.9998347107438017,CW,,10,DoS Hulk,0.0
MLP,CW_c0.0_it10,10,10,1.0,1.0,CW,,10,DoS Hulk - Attempted,0.0
MLP,CW_c0.0_it10,1592,1591,1.0,0.9993718592964824,CW,,10,DoS Slowloris,0.0
MLP,CW_c0.0_it10,465,465,0.9548387096774194,0.9548387096774194,CW,,10,DoS Slowloris - Attempted,0.0
MLP,CW_c0.0_it10,5846,5846,1.0,1.0,CW,,10,FTP-BruteForce - Attempted,0.0
MLP,CW_c0.0_it10,45,44,1.0,0.9777777777777777,CW,,10,Infiltration - Communication Victim Attacker,0.0
MLP,CW_c0.0_it10,14,0,,0.0,CW,,10,Infiltration - Dropbox Download,0.0
MLP,CW_c0.0_it10,4,0,,0.0,CW,,10,Infiltration - Dropbox Download - Attempted,0.0
MLP,CW_c0.0_it10,5997,5867,0.9964206579171638,0.9778222444555611,CW,,10,Infiltration - NMAP Portscan,0.0
MLP,CW_c0.0_it10,6041,6041,0.9998344644926337,0.9998344644926337,CW,,10,SSH-BruteForce,0.0
MLP,CW_c0.0_it10,25,24,1.0,0.96,CW,,10,Web Attack - Brute Force,0.0
MLP,CW_c0.0_it10,23,21,1.0,0.9130434782608695,CW,,10,Web Attack - Brute Force - Attempted,0.0
MLP,CW_c0.0_it10,7,4,1.0,0.5714285714285714,CW,,10,Web Attack - SQL,0.0
MLP,CW_c0.0_it10,2,0,,0.0,CW,,10,Web Attack - SQL - Attempted,0.0
MLP,CW_c0.0_it10,20,20,1.0,1.0,CW,,10,Web Attack - XSS,0.0
MLP,CW_c0.0_it10,2,0,,0.0,CW,,10,Web Attack - XSS - Attempted,0.0
LR,CW_c0.5_it10,60000,0,,,CW,,10,Benign,0.5
LR,CW_c0.5_it10,6081,6078,0.005593945376768674,0.006084525571452064,CW,,10,Botnet Ares,0.5
LR,CW_c0.5_it10,60,60,0.0,0.0,CW,,10,Botnet Ares - Attempted,0.5
LR,CW_c0.5_it10,6017,6017,0.0,0.0,CW,,10,DDoS-HOIC,0.5
LR,CW_c0.5_it10,6088,157,1.0,1.0,CW,,10,DDoS-LOIC-HTTP,0.5
LR,CW_c0.5_it10,502,497,0.44668008048289737,0.45219123505976094,CW,,10,DDoS-LOIC-UDP,0.5
LR,CW_c0.5_it10,55,0,,1.0,CW,,10,DDoS-LOIC-UDP - Attempted,0.5
LR,CW_c0.5_it10,4496,4496,0.00022241992882562276,0.00022241992882562276,CW,,10,DoS GoldenEye,0.5
LR,CW_c0.5_it10,861,861,0.0,0.0,CW,,10,DoS GoldenEye - Attempted,0.5
LR,CW_c0.5_it10,6050,6050,0.0,0.0,CW,,10,DoS Hulk,0.5
LR,CW_c0.5_it10,10,10,0.0,0.0,CW,,10,DoS Hulk - Attempted,0.5
LR,CW_c0.5_it10,1592,1559,0.2450288646568313,0.26067839195979897,CW,,10,DoS Slowloris,0.5
LR,CW_c0.5_it10,465,458,0.9847161572052402,0.9849462365591398,CW,,10,DoS Slowloris - Attempted,0.5
LR,CW_c0.5_it10,5846,5846,0.0,0.0,CW,,10,FTP-BruteForce - Attempted,0.5
LR,CW_c0.5_it10,45,44,0.20454545454545456,0.2222222222222222,CW,,10,Infiltration - Communication Victim Attacker,0.5
LR,CW_c0.5_it10,14,0,,0.2857142857142857,CW,,10,Infiltration - Dropbox Download,0.5
LR,CW_c0.5_it10,4,0,,0.75,CW,,10,Infiltration - Dropbox Download - Attempted,0.5
LR,CW_c0.5_it10,5997,5628,0.6671997157071784,0.6868434217108554,CW,,10,Infiltration - NMAP Portscan,0.5
LR,CW_c0.5_it10,6041,6041,0.0,0.0,CW,,10,SSH-BruteForce,0.5
LR,CW_c0.5_it10,25,0,,1.0,CW,,10,Web Attack - Brute Force,0.5
LR,CW_c0.5_it10,23,0,,1.0,CW,,10,Web Attack - Brute Force - Attempted,0.5
LR,CW_c0.5_it10,7,3,1.0,1.0,CW,,10,Web Attack - SQL,0.5
LR,CW_c0.5_it10,2,0,,1.0,CW,,10,Web Attack - SQL - Attempted,0.5
LR,CW_c0.5_it10,20,0,,1.0,CW,,10,Web Attack - XSS,0.5
LR,CW_c0.5_it10,2,0,,0.5,CW,,10,Web Attack - XSS - Attempted,0.5
SVM,CW_c0.5_it10,60000,0,,,CW,,10,Benign,0.5
SVM,CW_c0.5_it10,6081,6081,0.006084525571452064,0.006084525571452064,CW,,10,Botnet Ares,0.5
SVM,CW_c0.5_it10,60,60,0.0,0.0,CW,,10,Botnet Ares - Attempted,0.5
SVM,CW_c0.5_it10,6017,6017,0.0,0.0,CW,,10,DDoS-HOIC,0.5
SVM,CW_c0.5_it10,6088,0,,1.0,CW,,10,DDoS-LOIC-HTTP,0.5
SVM,CW_c0.5_it10,502,498,0.0321285140562249,0.0398406374501992,CW,,10,DDoS-LOIC-UDP,0.5
SVM,CW_c0.5_it10,55,0,,1.0,CW,,10,DDoS-LOIC-UDP - Attempted,0.5
SVM,CW_c0.5_it10,4496,4496,0.00022241992882562276,0.00022241992882562276,CW,,10,DoS GoldenEye,0.5
SVM,CW_c0.5_it10,861,861,0.0,0.0,CW,,10,DoS GoldenEye - Attempted,0.5
SVM,CW_c0.5_it10,6050,6050,0.0024793388429752068,0.0024793388429752068,CW,,10,DoS Hulk,0.5
SVM,CW_c0.5_it10,10,10,0.0,0.0,CW,,10,DoS Hulk - Attempted,0.5
SVM,CW_c0.5_it10,1592,1559,0.386144964720975,0.39886934673366836,CW,,10,DoS Slowloris,0.5
SVM,CW_c0.5_it10,465,458,0.0,0.015053763440860216,CW,,10,DoS Slowloris - Attempted,0.5
SVM,CW_c0.5_it10,5846,5846,0.0,0.0,CW,,10,FTP-BruteForce - Attempted,0.5
SVM,CW_c0.5_it10,45,45,0.26666666666666666,0.26666666666666666,CW,,10,Infiltration - Communication Victim Attacker,0.5
SVM,CW_c0.5_it10,14,0,,0.07142857142857142,CW,,10,Infiltration - Dropbox Download,0.5
SVM,CW_c0.5_it10,4,0,,0.75,CW,,10,Infiltration - Dropbox Download - Attempted,0.5
SVM,CW_c0.5_it10,5997,5230,0.5537284894837476,0.6053026513256629,CW,,10,Infiltration - NMAP Portscan,0.5
SVM,CW_c0.5_it10,6041,6041,0.0,0.0,CW,,10,SSH-BruteForce,0.5
SVM,CW_c0.5_it10,25,0,,1.0,CW,,10,Web Attack - Brute Force,0.5
SVM,CW_c0.5_it10,23,0,,1.0,CW,,10,Web Attack - Brute Force - Attempted,0.5
SVM,CW_c0.5_it10,7,0,,1.0,CW,,10,Web Attack - SQL,0.5
SVM,CW_c0.5_it10,2,0,,1.0,CW,,10,Web Attack - SQL - Attempted,0.5
SVM,CW_c0.5_it10,20,0,,1.0,CW,,10,Web Attack - XSS,0.5
SVM,CW_c0.5_it10,2,0,,1.0,CW,,10,Web Attack - XSS - Attempted,0.5
RF,CW_c0.5_it10,60000,0,,,CW,,10,Benign,0.5
RF,CW_c0.5_it10,6081,6081,0.9996711067258675,0.9996711067258675,CW,,10,Botnet Ares,0.5
RF,CW_c0.5_it10,60,60,0.31666666666666665,0.31666666666666665,CW,,10,Botnet Ares - Attempted,0.5
RF,CW_c0.5_it10,6017,6017,1.0,1.0,CW,,10,DDoS-HOIC,0.5
RF,CW_c0.5_it10,6088,6088,0.9791392904073587,0.9791392904073587,CW,,10,DDoS-LOIC-HTTP,0.5
RF,CW_c0.5_it10,502,502,0.7828685258964143,0.7828685258964143,CW,,10,DDoS-LOIC-UDP,0.5
RF,CW_c0.5_it10,55,54,0.9444444444444444,0.9454545454545454,CW,,10,DDoS-LOIC-UDP - Attempted,0.5
RF,CW_c0.5_it10,4496,4496,0.9955516014234875,0.9955516014234875,CW,,10,DoS GoldenEye,0.5
RF,CW_c0.5_it10,861,861,1.0,1.0,CW,,10,DoS GoldenEye - Attempted,0.5
RF,CW_c0.5_it10,6050,6050,0.9844628099173554,0.9844628099173554,CW,,10,DoS Hulk,0.5
RF,CW_c0.5_it10,10,10,0.8,0.8,CW,,10,DoS Hulk - Attempted,0.5
RF,CW_c0.5_it10,1592,1592,0.9937185929648241,0.9937185929648241,CW,,10,DoS Slowloris,0.5
RF,CW_c0.5_it10,465,465,0.9720430107526882,0.9720430107526882,CW,,10,DoS Slowloris - Attempted,0.5
RF,CW_c0.5_it10,5846,5846,1.0,1.0,CW,,10,FTP-BruteForce - Attempted,0.5
RF,CW_c0.5_it10,45,45,0.9333333333333333,0.9333333333333333,CW,,10,Infiltration - Communication Victim Attacker,0.5
RF,CW_c0.5_it10,14,7,0.7142857142857143,0.8571428571428571,CW,,10,Infiltration - Dropbox Download,0.5
RF,CW_c0.5_it10,4,0,,1.0,CW,,10,Infiltration - Dropbox Download - Attempted,0.5
RF,CW_c0.5_it10,5997,5991,0.41762643965948926,0.4182091045522761,CW,,10,Infiltration - NMAP Portscan,0.5
RF,CW_c0.5_it10,6041,6041,1.0,1.0,CW,,10,SSH-BruteForce,0.5
RF,CW_c0.5_it10,25,25,0.04,0.04,CW,,10,Web Attack - Brute Force,0.5
RF,CW_c0.5_it10,23,22,1.0,1.0,CW,,10,Web Attack - Brute Force - Attempted,0.5
RF,CW_c0.5_it10,7,7,0.42857142857142855,0.42857142857142855,CW,,10,Web Attack - SQL,0.5
RF,CW_c0.5_it10,2,2,1.0,1.0,CW,,10,Web Attack - SQL - Attempted,0.5
RF,CW_c0.5_it10,20,20,0.0,0.0,CW,,10,Web Attack - XSS,0.5
RF,CW_c0.5_it10,2,2,1.0,1.0,CW,,10,Web Attack - XSS - Attempted,0.5
MLP,CW_c0.5_it10,60000,0,,,CW,,10,Benign,0.5
MLP,CW_c0.5_it10,6081,6081,0.9996711067258675,0.9996711067258675,CW,,10,Botnet Ares,0.5
MLP,CW_c0.5_it10,60,60,1.0,1.0,CW,,10,Botnet Ares - Attempted,0.5
MLP,CW_c0.5_it10,6017,6017,1.0,1.0,CW,,10,DDoS-HOIC,0.5
MLP,CW_c0.5_it10,6088,6088,1.0,1.0,CW,,10,DDoS-LOIC-HTTP,0.5
MLP,CW_c0.5_it10,502,502,0.7828685258964143,0.7828685258964143,CW,,10,DDoS-LOIC-UDP,0.5
MLP,CW_c0.5_it10,55,47,1.0,0.8545454545454545,CW,,10,DDoS-LOIC-UDP - Attempted,0.5
MLP,CW_c0.5_it10,4496,4496,1.0,1.0,CW,,10,DoS GoldenEye,0.5
MLP,CW_c0.5_it10,861,861,1.0,1.0,CW,,10,DoS GoldenEye - Attempted,0.5
MLP,CW_c0.5_it10,6050,6050,1.0,1.0,CW,,10,DoS Hulk,0.5
MLP,CW_c0.5_it10,10,10,1.0,1.0,CW,,10,DoS Hulk - Attempted,0.5
MLP,CW_c0.5_it10,1592,1591,1.0,0.9993718592964824,CW,,10,DoS Slowloris,0.5
MLP,CW_c0.5_it10,465,465,1.0,1.0,CW,,10,DoS Slowloris - Attempted,0.5
MLP,CW_c0.5_it10,5846,5846,1.0,1.0,CW,,10,FTP-BruteForce - Attempted,0.5
MLP,CW_c0.5_it10,45,44,1.0,0.9777777777777777,CW,,10,Infiltration - Communication Victim Attacker,0.5
MLP,CW_c0.5_it10,14,0,,0.0,CW,,10,Infiltration - Dropbox Download,0.5
MLP,CW_c0.5_it10,4,0,,0.0,CW,,10,Infiltration - Dropbox Download - Attempted,0.5
MLP,CW_c0.5_it10,5997,5867,0.9991477756945628,0.9804902451225613,CW,,10,Infiltration - NMAP Portscan,0.5
MLP,CW_c0.5_it10,6041,6041,1.0,1.0,CW,,10,SSH-BruteForce,0.5
MLP,CW_c0.5_it10,25,24,1.0,0.96,CW,,10,Web Attack - Brute Force,0.5
MLP,CW_c0.5_it10,23,21,1.0,0.9130434782608695,CW,,10,Web Attack - Brute Force - Attempted,0.5
MLP,CW_c0.5_it10,7,4,1.0,0.5714285714285714,CW,,10,Web Attack - SQL,0.5
MLP,CW_c0.5_it10,2,0,,0.0,CW,,10,Web Attack - SQL - Attempted,0.5
MLP,CW_c0.5_it10,20,20,1.0,1.0,CW,,10,Web Attack - XSS,0.5
MLP,CW_c0.5_it10,2,0,,0.0,CW,,10,Web Attack - XSS - Attempted,0.5
