model,attack,n,n_detected_clean,asr,fnr_under_attack,family,epsilon,iters,traffic_family,confidence
LR,FGSM_eps0.15,60000,0,,,FGSM,0.15,1,Benign,
LR,FGSM_eps0.15,5986,5986,0.999164717674574,0.999164717674574,FGSM,0.15,1,Botnet Ares,
LR,FGSM_eps0.15,52,52,0.0,0.0,FGSM,0.15,1,Botnet Ares - Attempted,
LR,FGSM_eps0.15,5940,5940,1.0,1.0,FGSM,0.15,1,DDoS-HOIC,
LR,FGSM_eps0.15,5944,5944,0.9998317631224765,0.9998317631224765,FGSM,0.15,1,DDoS-LOIC-HTTP,
LR,FGSM_eps0.15,485,482,0.016597510373443983,0.02268041237113402,FGSM,0.15,1,DDoS-LOIC-UDP,
LR,FGSM_eps0.15,67,0,,0.7910447761194029,FGSM,0.15,1,DDoS-LOIC-UDP - Attempted,
LR,FGSM_eps0.15,4542,4542,0.9991193306913254,0.9991193306913254,FGSM,0.15,1,DoS GoldenEye,
LR,FGSM_eps0.15,851,851,1.0,1.0,FGSM,0.15,1,DoS GoldenEye - Attempted,
LR,FGSM_eps0.15,6058,6052,1.0,1.0,FGSM,0.15,1,DoS Hulk,
LR,FGSM_eps0.15,20,20,1.0,1.0,FGSM,0.15,1,DoS Hulk - Attempted,
LR,FGSM_eps0.15,1707,1656,1.0,1.0,FGSM,0.15,1,DoS Slowloris,
LR,FGSM_eps0.15,475,475,1.0,1.0,FGSM,0.15,1,DoS Slowloris - Attempted,
LR,FGSM_eps0.15,5992,5992,1.0,1.0,FGSM,0.15,1,FTP-BruteForce - Attempted,
LR,FGSM_eps0.15,41,40,0.675,0.6829268292682927,FGSM,0.15,1,Infiltration - Communication Victim Attacker,
LR,FGSM_eps0.15,19,9,0.4444444444444444,0.3157894736842105,FGSM,0.15,1,Infiltration - Dropbox Download,
LR,FGSM_eps0.15,7,0,,0.14285714285714285,FGSM,0.15,1,Infiltration - Dropbox Download - Attempted,
LR,FGSM_eps0.15,6048,4996,0.8474779823859088,0.871031746031746,FGSM,0.15,1,Infiltration - NMAP Portscan,
LR,FGSM_eps0.15,5985,5985,1.0,1.0,FGSM,0.15,1,SSH-BruteForce,
LR,FGSM_eps0.15,24,24,0.0,0.0,FGSM,0.15,1,Web Attack - Brute Force,
LR,FGSM_eps0.15,30,0,,0.9666666666666667,FGSM,0.15,1,Web Attack - Brute Force - Attempted,
LR,FGSM_eps0.15,8,3,1.0,0.5,FGSM,0.15,1,Web Attack - SQL,
LR,FGSM_eps0.15,3,0,,0.3333333333333333,FGSM,0.15,1,Web Attack - SQL - Attempted,
LR,FGSM_eps0.15,18,0,,1.0,FGSM,0.15,1,Web Attack - XSS,
LR,FGSM_eps0.15,1,0,,0.0,FGSM,0.15,1,Web Attack - XSS - Attempted,
SVM,FGSM_eps0.15,60000,0,,,FGSM,0.15,1,Benign,
SVM,FGSM_eps0.15,5986,5983,1.0,1.0,FGSM,0.15,1,Botnet Ares,
SVM,FGSM_eps0.15,52,52,1.0,1.0,FGSM,0.15,1,Botnet Ares - Attempted,
SVM,FGSM_eps0.15,5940,5940,1.0,1.0,FGSM,0.15,1,DDoS-HOIC,
SVM,FGSM_eps0.15,5944,5944,0.9998317631224765,0.9998317631224765,FGSM,0.15,1,DDoS-LOIC-HTTP,
SVM,FGSM_eps0.15,485,484,0.01652892561983471,0.018556701030927835,FGSM,0.15,1,DDoS-LOIC-UDP,
SVM,FGSM_eps0.15,67,0,,0.7761194029850746,FGSM,0.15,1,DDoS-LOIC-UDP - Attempted,
SVM,FGSM_eps0.15,4542,4542,0.9988991633641567,0.9988991633641567,FGSM,0.15,1,DoS GoldenEye,
SVM,FGSM_eps0.15,851,851,1.0,1.0,FGSM,0.15,1,DoS GoldenEye - Attempted,
SVM,FGSM_eps0.15,6058,6052,1.0,1.0,FGSM,0.15,1,DoS Hulk,
SVM,FGSM_eps0.15,20,20,1.0,1.0,FGSM,0.15,1,DoS Hulk - Attempted,
SVM,FGSM_eps0.15,1707,1656,1.0,1.0,FGSM,0.15,1,DoS Slowloris,
SVM,FGSM_eps0.15,475,475,1.0,1.0,FGSM,0.15,1,DoS Slowloris - Attempted,
SVM,FGSM_eps0.15,5992,5992,1.0,1.0,FGSM,0.15,1,FTP-BruteForce - Attempted,
SVM,FGSM_eps0.15,41,39,0.9230769230769231,0.926829268292683,FGSM,0.15,1,Infiltration - Communication Victim Attacker,
SVM,FGSM_eps0.15,19,4,0.5,0.2631578947368421,FGSM,0.15,1,Infiltration - Dropbox Download,
SVM,FGSM_eps0.15,7,0,,0.14285714285714285,FGSM,0.15,1,Infiltration - Dropbox Download - Attempted,
SVM,FGSM_eps0.15,6048,5078,0.886569515557306,0.8961640211640212,FGSM,0.15,1,Infiltration - NMAP Portscan,
SVM,FGSM_eps0.15,5985,5985,0.030576441102756893,0.030576441102756893,FGSM,0.15,1,SSH-BruteForce,
SVM,FGSM_eps0.15,24,24,0.0,0.0,FGSM,0.15,1,Web Attack - Brute Force,
SVM,FGSM_eps0.15,30,0,,0.9333333333333333,FGSM,0.15,1,Web Attack - Brute Force - Attempted,
SVM,FGSM_eps0.15,8,4,0.75,0.5,FGSM,0.15,1,Web Attack - SQL,
SVM,FGSM_eps0.15,3,0,,0.3333333333333333,FGSM,0.15,1,Web Attack - SQL - Attempted,
SVM,FGSM_eps0.15,18,17,1.0,1.0,FGSM,0.15,1,Web Attack - XSS,
SVM,FGSM_eps0.15,1,1,0.0,0.0,FGSM,0.15,1,Web Attack - XSS - Attempted,
RF,FGSM_eps0.15,60000,0,,,FGSM,0.15,1,Benign,
RF,FGSM_eps0.15,5986,5986,1.0,1.0,FGSM,0.15,1,Botnet Ares,
RF,FGSM_eps0.15,52,52,1.0,1.0,FGSM,0.15,1,Botnet Ares - Attempted,
RF,FGSM_eps0.15,5940,5940,1.0,1.0,FGSM,0.15,1,DDoS-HOIC,
RF,FGSM_eps0.15,5944,5944,1.0,1.0,FGSM,0.15,1,DDoS-LOIC-HTTP,
RF,FGSM_eps0.15,485,485,0.5835051546391753,0.5835051546391753,FGSM,0.15,1,DDoS-LOIC-UDP,
RF,FGSM_eps0.15,67,65,1.0,1.0,FGSM,0.15,1,DDoS-LOIC-UDP - Attempted,
RF,FGSM_eps0.15,4542,4542,1.0,1.0,FGSM,0.15,1,DoS GoldenEye,
RF,FGSM_eps0.15,851,851,1.0,1.0,FGSM,0.15,1,DoS GoldenEye - Attempted,
RF,FGSM_eps0.15,6058,6058,1.0,1.0,FGSM,0.15,1,DoS Hulk,
RF,FGSM_eps0.15,20,20,1.0,1.0,FGSM,0.15,1,DoS Hulk - Attempted,
RF,FGSM_eps0.15,1707,1707,0.9103690685413005,0.9103690685413005,FGSM,0.15,1,DoS Slowloris,
RF,FGSM_eps0.15,475,475,1.0,1.0,FGSM,0.15,1,DoS Slowloris - Attempted,
RF,FGSM_eps0.15,5992,5992,1.0,1.0,FGSM,0.15,1,FTP-BruteForce - Attempted,
RF,FGSM_eps0.15,41,41,0.7073170731707317,0.7073170731707317,FGSM,0.15,1,Infiltration - Communication Victim Attacker,
RF,FGSM_eps0.15,19,11,1.0,1.0,FGSM,0.15,1,Infiltration - Dropbox Download,
RF,FGSM_eps0.15,7,0,,1.0,FGSM,0.15,1,Infiltration - Dropbox Download - Attempted,
RF,FGSM_eps0.15,6048,6046,0.9857757194839564,0.9857804232804233,FGSM,0.15,1,Infiltration - NMAP Portscan,
RF,FGSM_eps0.15,5985,5985,1.0,1.0,FGSM,0.15,1,SSH-BruteForce,
RF,FGSM_eps0.15,24,24,1.0,1.0,FGSM,0.15,1,Web Attack - Brute Force,
RF,FGSM_eps0.15,30,29,1.0,1.0,FGSM,0.15,1,Web Attack - Brute Force - Attempted,
RF,FGSM_eps0.15,8,7,0.42857142857142855,0.375,FGSM,0.15,1,Web Attack - SQL,
RF,FGSM_eps0.15,3,3,0.6666666666666666,0.6666666666666666,FGSM,0.15,1,Web Attack - SQL - Attempted,
RF,FGSM_eps0.15,18,18,0.0,0.0,FGSM,0.15,1,Web Attack - XSS,
RF,FGSM_eps0.15,1,1,1.0,1.0,FGSM,0.15,1,Web Attack - XSS - Attempted,
MLP,FGSM_eps0.15,60000,0,,,FGSM,0.15,1,Benign,
MLP,FGSM_eps0.15,5986,5986,0.9943200801871033,0.9943200801871033,FGSM,0.15,1,Botnet Ares,
MLP,FGSM_eps0.15,52,52,1.0,1.0,FGSM,0.15,1,Botnet Ares - Attempted,
MLP,FGSM_eps0.15,5940,5940,1.0,1.0,FGSM,0.15,1,DDoS-HOIC,
MLP,FGSM_eps0.15,5944,5943,1.0,0.9998317631224765,FGSM,0.15,1,DDoS-LOIC-HTTP,
MLP,FGSM_eps0.15,485,485,0.002061855670103093,0.002061855670103093,FGSM,0.15,1,DDoS-LOIC-UDP,
MLP,FGSM_eps0.15,67,52,1.0,0.7761194029850746,FGSM,0.15,1,DDoS-LOIC-UDP - Attempted,
MLP,FGSM_eps0.15,4542,4542,1.0,1.0,FGSM,0.15,1,DoS GoldenEye,
MLP,FGSM_eps0.15,851,851,1.0,1.0,FGSM,0.15,1,DoS GoldenEye - Attempted,
MLP,FGSM_eps0.15,6058,6058,1.0,1.0,FGSM,0.15,1,DoS Hulk,
MLP,FGSM_eps0.15,20,20,1.0,1.0,FGSM,0.15,1,DoS Hulk - Attempted,
MLP,FGSM_eps0.15,1707,1707,1.0,1.0,FGSM,0.15,1,DoS Slowloris,
MLP,FGSM_eps0.15,475,475,1.0,1.0,FGSM,0.15,1,DoS Slowloris - Attempted,
MLP,FGSM_eps0.15,5992,5992,1.0,1.0,FGSM,0.15,1,FTP-BruteForce - Attempted,
MLP,FGSM_eps0.15,41,39,0.6153846153846154,0.6097560975609756,FGSM,0.15,1,Infiltration - Communication Victim Attacker,
MLP,FGSM_eps0.15,19,4,1.0,0.47368421052631576,FGSM,0.15,1,Infiltration - Dropbox Download,
MLP,FGSM_eps0.15,7,0,,0.2857142857142857,FGSM,0.15,1,Infiltration - Dropbox Download - Attempted,
MLP,FGSM_eps0.15,6048,5997,0.991162247790562,0.9829695767195767,FGSM,0.15,1,Infiltration - NMAP Portscan,
MLP,FGSM_eps0.15,5985,5985,1.0,1.0,FGSM,0.15,1,SSH-BruteForce,
MLP,FGSM_eps0.15,24,24,1.0,1.0,FGSM,0.15,1,Web Attack - Brute Force,
MLP,FGSM_eps0.15,30,28,1.0,0.9333333333333333,FGSM,0.15,1,Web Attack - Brute Force - Attempted,
MLP,FGSM_eps0.15,8,4,1.0,0.5,FGSM,0.15,1,Web Attack - SQL,
MLP,FGSM_eps0.15,3,1,1.0,0.3333333333333333,FGSM,0.15,1,Web Attack - SQL - Attempted,
MLP,FGSM_eps0.15,18,18,0.0,0.0,FGSM,0.15,1,Web Attack - XSS,
MLP,FGSM_eps0.15,1,0,,0.0,FGSM,0.15,1,Web Attack - XSS - Attempted,
LR,FGSM_eps0.3,60000,0,,,FGSM,0.3,1,Benign,
LR,FGSM_eps0.3,5986,5986,1.0,1.0,FGSM,0.3,1,Botnet Ares,
LR,FGSM_eps0.3,52,52,1.0,1.0,FGSM,0.3,1,Botnet Ares - Attempted,
LR,FGSM_eps0.3,5940,5940,1.0,1.0,FGSM,0.3,1,DDoS-HOIC,
LR,FGSM_eps0.3,5944,5944,0.9998317631224765,0.9998317631224765,FGSM,0.3,1,DDoS-LOIC-HTTP,
LR,FGSM_eps0.3,485,482,0.01867219917012448,0.024742268041237112,FGSM,0.3,1,DDoS-LOIC-UDP,
LR,FGSM_eps0.3,67,0,,0.7761194029850746,FGSM,0.3,1,DDoS-LOIC-UDP - Attempted,
LR,FGSM_eps0.3,4542,4542,1.0,1.0,FGSM,0.3,1,DoS GoldenEye,
LR,FGSM_eps0.3,851,851,1.0,1.0,FGSM,0.3,1,DoS GoldenEye - Attempted,
LR,FGSM_eps0.3,6058,6052,1.0,1.0,FGSM,0.3,1,DoS Hulk,
LR,FGSM_eps0.3,20,20,1.0,1.0,FGSM,0.3,1,DoS Hulk - Attempted,
LR,FGSM_eps0.3,1707,1656,1.0,1.0,FGSM,0.3,1,DoS Slowloris,
LR,FGSM_eps0.3,475,475,1.0,1.0,FGSM,0.3,1,DoS Slowloris - Attempted,
LR,FGSM_eps0.3,5992,5992,1.0,1.0,FGSM,0.3,1,FTP-BruteForce - Attempted,
LR,FGSM_eps0.3,41,40,0.775,0.7804878048780488,FGSM,0.3,1,Infiltration - Communication Victim Attacker,
LR,FGSM_eps0.3,19,9,0.4444444444444444,0.21052631578947367,FGSM,0.3,1,Infiltration - Dropbox Download,
LR,FGSM_eps0.3,7,0,,0.14285714285714285,FGSM,0.3,1,Infiltration - Dropbox Download - Attempted,
LR,FGSM_eps0.3,6048,4996,0.9091273018414732,0.921957671957672,FGSM,0.3,1,Infiltration - NMAP Portscan,
LR,FGSM_eps0.3,5985,5985,1.0,1.0,FGSM,0.3,1,SSH-BruteForce,
LR,FGSM_eps0.3,24,24,0.0,0.0,FGSM,0.3,1,Web Attack - Brute Force,
LR,FGSM_eps0.3,30,0,,0.9333333333333333,FGSM,0.3,1,Web Attack - Brute Force - Attempted,
LR,FGSM_eps0.3,8,3,1.0,0.5,FGSM,0.3,1,Web Attack - SQL,
LR,FGSM_eps0.3,3,0,,0.3333333333333333,FGSM,0.3,1,Web Attack - SQL - Attempted,
LR,FGSM_eps0.3,18,0,,1.0,FGSM,0.3,1,Web Attack - XSS,
LR,FGSM_eps0.3,1,0,,0.0,FGSM,0.3,1,Web Attack - XSS - Attempted,
SVM,FGSM_eps0.3,60000,0,,,FGSM,0.3,1,Benign,
SVM,FGSM_eps0.3,5986,5983,1.0,1.0,FGSM,0.3,1,Botnet Ares,
SVM,FGSM_eps0.3,52,52,1.0,1.0,FGSM,0.3,1,Botnet Ares - Attempted,
SVM,FGSM_eps0.3,5940,5940,1.0,1.0,FGSM,0.3,1,DDoS-HOIC,
SVM,FGSM_eps0.3,5944,5944,0.9998317631224765,0.9998317631224765,FGSM,0.3,1,DDoS-LOIC-HTTP,
SVM,FGSM_eps0.3,485,484,0.01652892561983471,0.018556701030927835,FGSM,0.3,1,DDoS-LOIC-UDP,
SVM,FGSM_eps0.3,67,0,,0.7761194029850746,FGSM,0.3,1,DDoS-LOIC-UDP - Attempted,
SVM,FGSM_eps0.3,4542,4542,0.9988991633641567,0.9988991633641567,FGSM,0.3,1,DoS GoldenEye,
SVM,FGSM_eps0.3,851,851,1.0,1.0,FGSM,0.3,1,DoS GoldenEye - Attempted,
SVM,FGSM_eps0.3,6058,6052,1.0,1.0,FGSM,0.3,1,DoS Hulk,
SVM,FGSM_eps0.3,20,20,1.0,1.0,FGSM,0.3,1,DoS Hulk - Attempted,
SVM,FGSM_eps0.3,1707,1656,1.0,1.0,FGSM,0.3,1,DoS Slowloris,
SVM,FGSM_eps0.3,475,475,1.0,1.0,FGSM,0.3,1,DoS Slowloris - Attempted,
SVM,FGSM_eps0.3,5992,5992,1.0,1.0,FGSM,0.3,1,FTP-BruteForce - Attempted,
SVM,FGSM_eps0.3,41,39,0.9487179487179487,0.9512195121951219,FGSM,0.3,1,Infiltration - Communication Victim Attacker,
SVM,FGSM_eps0.3,19,4,0.5,0.21052631578947367,FGSM,0.3,1,Infiltration - Dropbox Download,
SVM,FGSM_eps0.3,7,0,,0.0,FGSM,0.3,1,Infiltration - Dropbox Download - Attempted,
SVM,FGSM_eps0.3,6048,5078,0.9907443875541552,0.9836309523809523,FGSM,0.3,1,Infiltration - NMAP Portscan,
SVM,FGSM_eps0.3,5985,5985,0.030576441102756893,0.030576441102756893,FGSM,0.3,1,SSH-BruteForce,
SVM,FGSM_eps0.3,24,24,1.0,1.0,FGSM,0.3,1,Web Attack - Brute Force,
SVM,FGSM_eps0.3,30,0,,0.9333333333333333,FGSM,0.3,1,Web Attack - Brute Force - Attempted,
SVM,FGSM_eps0.3,8,4,0.75,0.5,FGSM,0.3,1,Web Attack - SQL,
SVM,FGSM_eps0.3,3,0,,0.3333333333333333,FGSM,0.3,1,Web Attack - SQL - Attempted,
SVM,FGSM_eps0.3,18,17,1.0,1.0,FGSM,0.3,1,Web Attack - XSS,
SVM,FGSM_eps0.3,1,1,0.0,0.0,FGSM,0.3,1,Web Attack - XSS - Attempted,
RF,FGSM_eps0.3,60000,0,,,FGSM,0.3,1,Benign,
RF,FGSM_eps0.3,5986,5986,1.0,1.0,FGSM,0.3,1,Botnet Ares,
RF,FGSM_eps0.3,52,52,1.0,1.0,FGSM,0.3,1,Botnet Ares - Attempted,
RF,FGSM_eps0.3,5940,5940,1.0,1.0,FGSM,0.3,1,DDoS-HOIC,
RF,FGSM_eps0.3,5944,5944,1.0,1.0,FGSM,0.3,1,DDoS-LOIC-HTTP,
RF,FGSM_eps0.3,485,485,0.5814432989690722,0.5814432989690722,FGSM,0.3,1,DDoS-LOIC-UDP,
RF,FGSM_eps0.3,67,65,1.0,1.0,FGSM,0.3,1,DDoS-LOIC-UDP - Attempted,
RF,FGSM_eps0.3,4542,4542,1.0,1.0,FGSM,0.3,1,DoS GoldenEye,
RF,FGSM_eps0.3,851,851,1.0,1.0,FGSM,0.3,1,DoS GoldenEye - Attempted,
RF,FGSM_eps0.3,6058,6058,1.0,1.0,FGSM,0.3,1,DoS Hulk,
RF,FGSM_eps0.3,20,20,1.0,1.0,FGSM,0.3,1,DoS Hulk - Attempted,
RF,FGSM_eps0.3,1707,1707,1.0,1.0,FGSM,0.3,1,DoS Slowloris,
RF,FGSM_eps0.3,475,475,1.0,1.0,FGSM,0.3,1,DoS Slowloris - Attempted,
RF,FGSM_eps0.3,5992,5992,1.0,1.0,FGSM,0.3,1,FTP-BruteForce - Attempted,
RF,FGSM_eps0.3,41,41,0.926829268292683,0.926829268292683,FGSM,0.3,1,Infiltration - Communication Victim Attacker,
RF,FGSM_eps0.3,19,11,1.0,1.0,FGSM,0.3,1,Infiltration - Dropbox Download,
RF,FGSM_eps0.3,7,0,,1.0,FGSM,0.3,1,Infiltration - Dropbox Download - Attempted,
RF,FGSM_eps0.3,6048,6046,0.9968574263976182,0.9968584656084656,FGSM,0.3,1,Infiltration - NMAP Portscan,
RF,FGSM_eps0.3,5985,5985,1.0,1.0,FGSM,0.3,1,SSH-BruteForce,
RF,FGSM_eps0.3,24,24,1.0,1.0,FGSM,0.3,1,Web Attack - Brute Force,
RF,FGSM_eps0.3,30,29,1.0,1.0,FGSM,0.3,1,Web Attack - Brute Force - Attempted,
RF,FGSM_eps0.3,8,7,0.7142857142857143,0.75,FGSM,0.3,1,Web Attack - SQL,
RF,FGSM_eps0.3,3,3,0.6666666666666666,0.6666666666666666,FGSM,0.3,1,Web Attack - SQL - Attempted,
RF,FGSM_eps0.3,18,18,0.9444444444444444,0.9444444444444444,FGSM,0.3,1,Web Attack - XSS,
RF,FGSM_eps0.3,1,1,1.0,1.0,FGSM,0.3,1,Web Attack - XSS - Attempted,
MLP,FGSM_eps0.3,60000,0,,,FGSM,0.3,1,Benign,
MLP,FGSM_eps0.3,5986,5986,0.9943200801871033,0.9943200801871033,FGSM,0.3,1,Botnet Ares,
MLP,FGSM_eps0.3,52,52,1.0,1.0,FGSM,0.3,1,Botnet Ares - Attempted,
MLP,FGSM_eps0.3,5940,5940,1.0,1.0,FGSM,0.3,1,DDoS-HOIC,
MLP,FGSM_eps0.3,5944,5943,1.0,0.9998317631224765,FGSM,0.3,1,DDoS-LOIC-HTTP,
MLP,FGSM_eps0.3,485,485,0.004123711340206186,0.004123711340206186,FGSM,0.3,1,DDoS-LOIC-UDP,
MLP,FGSM_eps0.3,67,52,1.0,0.7761194029850746,FGSM,0.3,1,DDoS-LOIC-UDP - Attempted,
MLP,FGSM_eps0.3,4542,4542,1.0,1.0,FGSM,0.3,1,DoS GoldenEye,
MLP,FGSM_eps0.3,851,851,1.0,1.0,FGSM,0.3,1,DoS GoldenEye - Attempted,
MLP,FGSM_eps0.3,6058,6058,1.0,1.0,FGSM,0.3,1,DoS Hulk,
MLP,FGSM_eps0.3,20,20,1.0,1.0,FGSM,0.3,1,DoS Hulk - Attempted,
MLP,FGSM_eps0.3,1707,1707,1.0,1.0,FGSM,0.3,1,DoS Slowloris,
MLP,FGSM_eps0.3,475,475,1.0,1.0,FGSM,0.3,1,DoS Slowloris - Attempted,
MLP,FGSM_eps0.3,5992,5992,1.0,1.0,FGSM,0.3,1,FTP-BruteForce - Attempted,
MLP,FGSM_eps0.3,41,39,0.8205128205128205,0.8048780487804879,FGSM,0.3,1,Infiltration - Communication Victim Attacker,
MLP,FGSM_eps0.3,19,4,1.0,0.3157894736842105,FGSM,0.3,1,Infiltration - Dropbox Download,
MLP,FGSM_eps0.3,7,0,,0.14285714285714285,FGSM,0.3,1,Infiltration - Dropbox Download - Attempted,
MLP,FGSM_eps0.3,6048,5997,0.9998332499583125,0.9965277777777778,FGSM,0.3,1,Infiltration - NMAP Portscan,
MLP,FGSM_eps0.3,5985,5985,1.0,1.0,FGSM,0.3,1,SSH-BruteForce,
MLP,FGSM_eps0.3,24,24,1.0,1.0,FGSM,0.3,1,Web Attack - Brute Force,
MLP,FGSM_eps0.3,30,28,1.0,0.9333333333333333,FGSM,0.3,1,Web Attack - Brute Force - Attempted,
MLP,FGSM_eps0.3,8,4,1.0,0.5,FGSM,0.3,1,Web Attack - SQL,
MLP,FGSM_eps0.3,3,1,1.0,0.3333333333333333,FGSM,0.3,1,Web Attack - SQL - Attempted,
MLP,FGSM_eps0.3,18,18,0.05555555555555555,0.05555555555555555,FGSM,0.3,1,Web Attack - XSS,
MLP,FGSM_eps0.3,1,0,,0.0,FGSM,0.3,1,Web Attack - XSS - Attempted,
LR,FGSM_eps0.5,60000,0,,,FGSM,0.5,1,Benign,
LR,FGSM_eps0.5,5986,5986,1.0,1.0,FGSM,0.5,1,Botnet Ares,
LR,FGSM_eps0.5,52,52,1.0,1.0,FGSM,0.5,1,Botnet Ares - Attempted,
LR,FGSM_eps0.5,5940,5940,1.0,1.0,FGSM,0.5,1,DDoS-HOIC,
LR,FGSM_eps0.5,5944,5944,0.9998317631224765,0.9998317631224765,FGSM,0.5,1,DDoS-LOIC-HTTP,
LR,FGSM_eps0.5,485,482,0.024896265560165973,0.030927835051546393,FGSM,0.5,1,DDoS-LOIC-UDP,
LR,FGSM_eps0.5,67,0,,0.7761194029850746,FGSM,0.5,1,DDoS-LOIC-UDP - Attempted,
LR,FGSM_eps0.5,4542,4542,1.0,1.0,FGSM,0.5,1,DoS GoldenEye,
LR,FGSM_eps0.5,851,851,1.0,1.0,FGSM,0.5,1,DoS GoldenEye - Attempted,
LR,FGSM_eps0.5,6058,6052,1.0,1.0,FGSM,0.5,1,DoS Hulk,
LR,FGSM_eps0.5,20,20,1.0,1.0,FGSM,0.5,1,DoS Hulk - Attempted,
LR,FGSM_eps0.5,1707,1656,1.0,1.0,FGSM,0.5,1,DoS Slowloris,
LR,FGSM_eps0.5,475,475,1.0,1.0,FGSM,0.5,1,DoS Slowloris - Attempted,
LR,FGSM_eps0.5,5992,5992,1.0,1.0,FGSM,0.5,1,FTP-BruteForce - Attempted,
LR,FGSM_eps0.5,41,40,0.875,0.8780487804878049,FGSM,0.5,1,Infiltration - Communication Victim Attacker,
LR,FGSM_eps0.5,19,9,0.4444444444444444,0.21052631578947367,FGSM,0.5,1,Infiltration - Dropbox Download,
LR,FGSM_eps0.5,7,0,,0.0,FGSM,0.5,1,Infiltration - Dropbox Download - Attempted,
LR,FGSM_eps0.5,6048,4996,0.9795836669335468,0.9751984126984127,FGSM,0.5,1,Infiltration - NMAP Portscan,
LR,FGSM_eps0.5,5985,5985,1.0,1.0,FGSM,0.5,1,SSH-BruteForce,
LR,FGSM_eps0.5,24,24,1.0,1.0,FGSM,0.5,1,Web Attack - Brute Force,
LR,FGSM_eps0.5,30,0,,0.9333333333333333,FGSM,0.5,1,Web Attack - Brute Force - Attempted,
LR,FGSM_eps0.5,8,3,1.0,0.5,FGSM,0.5,1,Web Attack - SQL,
LR,FGSM_eps0.5,3,0,,0.3333333333333333,FGSM,0.5,1,Web Attack - SQL - Attempted,
LR,FGSM_eps0.5,18,0,,1.0,FGSM,0.5,1,Web Attack - XSS,
LR,FGSM_eps0.5,1,0,,0.0,FGSM,0.5,1,Web Attack - XSS - Attempted,
SVM,FGSM_eps0.5,60000,0,,,FGSM,0.5,1,Benign,
SVM,FGSM_eps0.5,5986,5983,1.0,1.0,FGSM,0.5,1,Botnet Ares,
SVM,FGSM_eps0.5,52,52,1.0,1.0,FGSM,0.5,1,Botnet Ares - Attempted,
SVM,FGSM_eps0.5,5940,5940,1.0,1.0,FGSM,0.5,1,DDoS-HOIC,
SVM,FGSM_eps0.5,5944,5944,0.9998317631224765,0.9998317631224765,FGSM,0.5,1,DDoS-LOIC-HTTP,
SVM,FGSM_eps0.5,485,484,0.022727272727272728,0.024742268041237112,FGSM,0.5,1,DDoS-LOIC-UDP,
SVM,FGSM_eps0.5,67,0,,0.7761194029850746,FGSM,0.5,1,DDoS-LOIC-UDP - Attempted,
SVM,FGSM_eps0.5,4542,4542,0.9988991633641567,0.9988991633641567,FGSM,0.5,1,DoS GoldenEye,
SVM,FGSM_eps0.5,851,851,1.0,1.0,FGSM,0.5,1,DoS GoldenEye - Attempted,
SVM,FGSM_eps0.5,6058,6052,1.0,1.0,FGSM,0.5,1,DoS Hulk,
SVM,FGSM_eps0.5,20,20,1.0,1.0,FGSM,0.5,1,DoS Hulk - Attempted,
SVM,FGSM_eps0.5,1707,1656,1.0,1.0,FGSM,0.5,1,DoS Slowloris,
SVM,FGSM_eps0.5,475,475,1.0,1.0,FGSM,0.5,1,DoS Slowloris - Attempted,
SVM,FGSM_eps0.5,5992,5992,1.0,1.0,FGSM,0.5,1,FTP-BruteForce - Attempted,
SVM,FGSM_eps0.5,41,39,0.9487179487179487,0.9512195121951219,FGSM,0.5,1,Infiltration - Communication Victim Attacker,
SVM,FGSM_eps0.5,19,4,0.5,0.21052631578947367,FGSM,0.5,1,Infiltration - Dropbox Download,
SVM,FGSM_eps0.5,7,0,,0.0,FGSM,0.5,1,Infiltration - Dropbox Download - Attempted,
SVM,FGSM_eps0.5,6048,5078,0.9986215045293423,0.990244708994709,FGSM,0.5,1,Infiltration - NMAP Portscan,
SVM,FGSM_eps0.5,5985,5985,0.030576441102756893,0.030576441102756893,FGSM,0.5,1,SSH-BruteForce,
SVM,FGSM_eps0.5,24,24,1.0,1.0,FGSM,0.5,1,Web Attack - Brute Force,
SVM,FGSM_eps0.5,30,0,,0.9333333333333333,FGSM,0.5,1,Web Attack - Brute Force - Attempted,
SVM,FGSM_eps0.5,8,4,0.75,0.5,FGSM,0.5,1,Web Attack - SQL,
SVM,FGSM_eps0.5,3,0,,0.3333333333333333,FGSM,0.5,1,Web Attack - SQL - Attempted,
SVM,FGSM_eps0.5,18,17,1.0,1.0,FGSM,0.5,1,Web Attack - XSS,
SVM,FGSM_eps0.5,1,1,0.0,0.0,FGSM,0.5,1,Web Attack - XSS - Attempted,
RF,FGSM_eps0.5,60000,0,,,FGSM,0.5,1,Benign,
RF,FGSM_eps0.5,5986,5986,1.0,1.0,FGSM,0.5,1,Botnet Ares,
RF,FGSM_eps0.5,52,52,1.0,1.0,FGSM,0.5,1,Botnet Ares - Attempted,
RF,FGSM_eps0.5,5940,5940,1.0,1.0,FGSM,0.5,1,DDoS-HOIC,
RF,FGSM_eps0.5,5944,5944,1.0,1.0,FGSM,0.5,1,DDoS-LOIC-HTTP,
RF,FGSM_eps0.5,485,485,0.5835051546391753,0.5835051546391753,FGSM,0.5,1,DDoS-LOIC-UDP,
RF,FGSM_eps0.5,67,65,1.0,1.0,FGSM,0.5,1,DDoS-LOIC-UDP - Attempted,
RF,FGSM_eps0.5,4542,4542,1.0,1.0,FGSM,0.5,1,DoS GoldenEye,
RF,FGSM_eps0.5,851,851,1.0,1.0,FGSM,0.5,1,DoS GoldenEye - Attempted,
RF,FGSM_eps0.5,6058,6058,1.0,1.0,FGSM,0.5,1,DoS Hulk,
RF,FGSM_eps0.5,20,20,1.0,1.0,FGSM,0.5,1,DoS Hulk - Attempted,
RF,FGSM_eps0.5,1707,1707,1.0,1.0,FGSM,0.5,1,DoS Slowloris,
RF,FGSM_eps0.5,475,475,1.0,1.0,FGSM,0.5,1,DoS Slowloris - Attempted,
RF,FGSM_eps0.5,5992,5992,1.0,1.0,FGSM,0.5,1,FTP-BruteForce - Attempted,
RF,FGSM_eps0.5,41,41,0.975609756097561,0.975609756097561,FGSM,0.5,1,Infiltration - Communication Victim Attacker,
RF,FGSM_eps0.5,19,11,1.0,1.0,FGSM,0.5,1,Infiltration - Dropbox Download,
RF,FGSM_eps0.5,7,0,,1.0,FGSM,0.5,1,Infiltration - Dropbox Download - Attempted,
RF,FGSM_eps0.5,6048,6046,0.9978498180615283,0.9978505291005291,FGSM,0.5,1,Infiltration - NMAP Portscan,
RF,FGSM_eps0.5,5985,5985,1.0,1.0,FGSM,0.5,1,SSH-BruteForce,
RF,FGSM_eps0.5,24,24,1.0,1.0,FGSM,0.5,1,Web Attack - Brute Force,
RF,FGSM_eps0.5,30,29,1.0,1.0,FGSM,0.5,1,Web Attack - Brute Force - Attempted,
RF,FGSM_eps0.5,8,7,0.8571428571428571,0.875,FGSM,0.5,1,Web Attack - SQL,
RF,FGSM_eps0.5,3,3,0.6666666666666666,0.6666666666666666,FGSM,0.5,1,Web Attack - SQL - Attempted,
RF,FGSM_eps0.5,18,18,0.9444444444444444,0.9444444444444444,FGSM,0.5,1,Web Attack - XSS,
RF,FGSM_eps0.5,1,1,1.0,1.0,FGSM,0.5,1,Web Attack - XSS - Attempted,
MLP,FGSM_eps0.5,60000,0,,,FGSM,0.5,1,Benign,
MLP,FGSM_eps0.5,5986,5986,0.9959906448379552,0.9959906448379552,FGSM,0.5,1,Botnet Ares,
MLP,FGSM_eps0.5,52,52,1.0,1.0,FGSM,0.5,1,Botnet Ares - Attempted,
MLP,FGSM_eps0.5,5940,5940,1.0,1.0,FGSM,0.5,1,DDoS-HOIC,
MLP,FGSM_eps0.5,5944,5943,1.0,0.9998317631224765,FGSM,0.5,1,DDoS-LOIC-HTTP,
MLP,FGSM_eps0.5,485,485,0.04536082474226804,0.04536082474226804,FGSM,0.5,1,DDoS-LOIC-UDP,
MLP,FGSM_eps0.5,67,52,1.0,0.7761194029850746,FGSM,0.5,1,DDoS-LOIC-UDP - Attempted,
MLP,FGSM_eps0.5,4542,4542,1.0,1.0,FGSM,0.5,1,DoS GoldenEye,
MLP,FGSM_eps0.5,851,851,1.0,1.0,FGSM,0.5,1,DoS GoldenEye - Attempted,
MLP,FGSM_eps0.5,6058,6058,1.0,1.0,FGSM,0.5,1,DoS Hulk,
MLP,FGSM_eps0.5,20,20,1.0,1.0,FGSM,0.5,1,DoS Hulk - Attempted,
MLP,FGSM_eps0.5,1707,1707,1.0,1.0,FGSM,0.5,1,DoS Slowloris,
MLP,FGSM_eps0.5,475,475,1.0,1.0,FGSM,0.5,1,DoS Slowloris - Attempted,
MLP,FGSM_eps0.5,5992,5992,1.0,1.0,FGSM,0.5,1,FTP-BruteForce - Attempted,
MLP,FGSM_eps0.5,41,39,0.9743589743589743,0.9512195121951219,FGSM,0.5,1,Infiltration - Communication Victim Attacker,
MLP,FGSM_eps0.5,19,4,1.0,0.3157894736842105,FGSM,0.5,1,Infiltration - Dropbox Download,
MLP,FGSM_eps0.5,7,0,,0.14285714285714285,FGSM,0.5,1,Infiltration - Dropbox Download - Attempted,
MLP,FGSM_eps0.5,6048,5997,1.0,0.9965277777777778,FGSM,0.5,1,Infiltration - NMAP Portscan,
MLP,FGSM_eps0.5,5985,5985,1.0,1.0,FGSM,0.5,1,SSH-BruteForce,
MLP,FGSM_eps0.5,24,24,1.0,1.0,FGSM,0.5,1,Web Attack - Brute Force,
MLP,FGSM_eps0.5,30,28,1.0,0.9333333333333333,FGSM,0.5,1,Web Attack - Brute Force - Attempted,
MLP,FGSM_eps0.5,8,4,1.0,0.5,FGSM,0.5,1,Web Attack - SQL,
MLP,FGSM_eps0.5,3,1,1.0,0.3333333333333333,FGSM,0.5,1,Web Attack - SQL - Attempted,
MLP,FGSM_eps0.5,18,18,1.0,1.0,FGSM,0.5,1,Web Attack - XSS,
MLP,FGSM_eps0.5,1,0,,0.0,FGSM,0.5,1,Web Attack - XSS - Attempted,
LR,FGSM_eps0.75,60000,0,,,FGSM,0.75,1,Benign,
LR,FGSM_eps0.75,5986,5986,1.0,1.0,FGSM,0.75,1,Botnet Ares,
LR,FGSM_eps0.75,52,52,1.0,1.0,FGSM,0.75,1,Botnet Ares - Attempted,
LR,FGSM_eps0.75,5940,5940,1.0,1.0,FGSM,0.75,1,DDoS-HOIC,
LR,FGSM_eps0.75,5944,5944,0.9998317631224765,0.9998317631224765,FGSM,0.75,1,DDoS-LOIC-HTTP,
LR,FGSM_eps0.75,485,482,0.026970954356846474,0.032989690721649485,FGSM,0.75,1,DDoS-LOIC-UDP,
LR,FGSM_eps0.75,67,0,,0.7761194029850746,FGSM,0.75,1,DDoS-LOIC-UDP - Attempted,
LR,FGSM_eps0.75,4542,4542,1.0,1.0,FGSM,0.75,1,DoS GoldenEye,
LR,FGSM_eps0.75,851,851,1.0,1.0,FGSM,0.75,1,DoS GoldenEye - Attempted,
LR,FGSM_eps0.75,6058,6052,1.0,1.0,FGSM,0.75,1,DoS Hulk,
LR,FGSM_eps0.75,20,20,1.0,1.0,FGSM,0.75,1,DoS Hulk - Attempted,
LR,FGSM_eps0.75,1707,1656,1.0,1.0,FGSM,0.75,1,DoS Slowloris,
LR,FGSM_eps0.75,475,475,1.0,1.0,FGSM,0.75,1,DoS Slowloris - Attempted,
LR,FGSM_eps0.75,5992,5992,1.0,1.0,FGSM,0.75,1,FTP-BruteForce - Attempted,
LR,FGSM_eps0.75,41,40,0.9,0.9024390243902439,FGSM,0.75,1,Infiltration - Communication Victim Attacker,
LR,FGSM_eps0.75,19,9,0.4444444444444444,0.21052631578947367,FGSM,0.75,1,Infiltration - Dropbox Download,
LR,FGSM_eps0.75,7,0,,0.0,FGSM,0.75,1,Infiltration - Dropbox Download - Attempted,
LR,FGSM_eps0.75,6048,4996,0.9991993594875901,0.9914021164021164,FGSM,0.75,1,Infiltration - NMAP Portscan,
LR,FGSM_eps0.75,5985,5985,1.0,1.0,FGSM,0.75,1,SSH-BruteForce,
LR,FGSM_eps0.75,24,24,1.0,1.0,FGSM,0.75,1,Web Attack - Brute Force,
LR,FGSM_eps0.75,30,0,,0.9333333333333333,FGSM,0.75,1,Web Attack - Brute Force - Attempted,
LR,FGSM_eps0.75,8,3,1.0,0.5,FGSM,0.75,1,Web Attack - SQL,
LR,FGSM_eps0.75,3,0,,0.3333333333333333,FGSM,0.75,1,Web Attack - SQL - Attempted,
LR,FGSM_eps0.75,18,0,,1.0,FGSM,0.75,1,Web Attack - XSS,
LR,FGSM_eps0.75,1,0,,0.0,FGSM,0.75,1,Web Attack - XSS - Attempted,
SVM,FGSM_eps0.75,60000,0,,,FGSM,0.75,1,Benign,
SVM,FGSM_eps0.75,5986,5983,1.0,1.0,FGSM,0.75,1,Botnet Ares,
SVM,FGSM_eps0.75,52,52,1.0,1.0,FGSM,0.75,1,Botnet Ares - Attempted,
SVM,FGSM_eps0.75,5940,5940,1.0,1.0,FGSM,0.75,1,DDoS-HOIC,
SVM,FGSM_eps0.75,5944,5944,0.9998317631224765,0.9998317631224765,FGSM,0.75,1,DDoS-LOIC-HTTP,
SVM,FGSM_eps0.75,485,484,0.024793388429752067,0.026804123711340205,FGSM,0.75,1,DDoS-LOIC-UDP,
SVM,FGSM_eps0.75,67,0,,0.7761194029850746,FGSM,0.75,1,DDoS-LOIC-UDP - Attempted,
SVM,FGSM_eps0.75,4542,4542,0.9988991633641567,0.9988991633641567,FGSM,0.75,1,DoS GoldenEye,
SVM,FGSM_eps0.75,851,851,1.0,1.0,FGSM,0.75,1,DoS GoldenEye - Attempted,
SVM,FGSM_eps0.75,6058,6052,1.0,1.0,FGSM,0.75,1,DoS Hulk,
SVM,FGSM_eps0.75,20,20,1.0,1.0,FGSM,0.75,1,DoS Hulk - Attempted,
SVM,FGSM_eps0.75,1707,1656,1.0,1.0,FGSM,0.75,1,DoS Slowloris,
SVM,FGSM_eps0.75,475,475,1.0,1.0,FGSM,0.75,1,DoS Slowloris - Attempted,
SVM,FGSM_eps0.75,5992,5992,1.0,1.0,FGSM,0.75,1,FTP-BruteForce - Attempted,
SVM,FGSM_eps0.75,41,39,0.9487179487179487,0.9512195121951219,FGSM,0.75,1,Infiltration - Communication Victim Attacker,
SVM,FGSM_eps0.75,19,4,0.5,0.21052631578947367,FGSM,0.75,1,Infiltration - Dropbox Download,
SVM,FGSM_eps0.75,7,0,,0.0,FGSM,0.75,1,Infiltration - Dropbox Download - Attempted,
SVM,FGSM_eps0.75,6048,5078,0.9986215045293423,0.990244708994709,FGSM,0.75,1,Infiltration - NMAP Portscan,
SVM,FGSM_eps0.75,5985,5985,0.030576441102756893,0.030576441102756893,FGSM,0.75,1,SSH-BruteForce,
SVM,FGSM_eps0.75,24,24,1.0,1.0,FGSM,0.75,1,Web Attack - Brute Force,
SVM,FGSM_eps0.75,30,0,,0.9333333333333333,FGSM,0.75,1,Web Attack - Brute Force - Attempted,
SVM,FGSM_eps0.75,8,4,0.75,0.5,FGSM,0.75,1,Web Attack - SQL,
SVM,FGSM_eps0.75,3,0,,0.3333333333333333,FGSM,0.75,1,Web Attack - SQL - Attempted,
SVM,FGSM_eps0.75,18,17,1.0,1.0,FGSM,0.75,1,Web Attack - XSS,
SVM,FGSM_eps0.75,1,1,0.0,0.0,FGSM,0.75,1,Web Attack - XSS - Attempted,
RF,FGSM_eps0.75,60000,0,,,FGSM,0.75,1,Benign,
RF,FGSM_eps0.75,5986,5986,1.0,1.0,FGSM,0.75,1,Botnet Ares,
RF,FGSM_eps0.75,52,52,1.0,1.0,FGSM,0.75,1,Botnet Ares - Attempted,
RF,FGSM_eps0.75,5940,5940,1.0,1.0,FGSM,0.75,1,DDoS-HOIC,
RF,FGSM_eps0.75,5944,5944,1.0,1.0,FGSM,0.75,1,DDoS-LOIC-HTTP,
RF,FGSM_eps0.75,485,485,0.5835051546391753,0.5835051546391753,FGSM,0.75,1,DDoS-LOIC-UDP,
RF,FGSM_eps0.75,67,65,1.0,1.0,FGSM,0.75,1,DDoS-LOIC-UDP - Attempted,
RF,FGSM_eps0.75,4542,4542,1.0,1.0,FGSM,0.75,1,DoS GoldenEye,
RF,FGSM_eps0.75,851,851,1.0,1.0,FGSM,0.75,1,DoS GoldenEye - Attempted,
RF,FGSM_eps0.75,6058,6058,1.0,1.0,FGSM,0.75,1,DoS Hulk,
RF,FGSM_eps0.75,20,20,1.0,1.0,FGSM,0.75,1,DoS Hulk - Attempted,
RF,FGSM_eps0.75,1707,1707,1.0,1.0,FGSM,0.75,1,DoS Slowloris,
RF,FGSM_eps0.75,475,475,1.0,1.0,FGSM,0.75,1,DoS Slowloris - Attempted,
RF,FGSM_eps0.75,5992,5992,1.0,1.0,FGSM,0.75,1,FTP-BruteForce - Attempted,
RF,FGSM_eps0.75,41,41,0.975609756097561,0.975609756097561,FGSM,0.75,1,Infiltration - Communication Victim Attacker,
RF,FGSM_eps0.75,19,11,1.0,1.0,FGSM,0.75,1,Infiltration - Dropbox Download,
RF,FGSM_eps0.75,7,0,,1.0,FGSM,0.75,1,Infiltration - Dropbox Download - Attempted,
RF,FGSM_eps0.75,6048,6046,1.0,1.0,FGSM,0.75,1,Infiltration - NMAP Portscan,
RF,FGSM_eps0.75,5985,5985,1.0,1.0,FGSM,0.75,1,SSH-BruteForce,
RF,FGSM_eps0.75,24,24,1.0,1.0,FGSM,0.75,1,Web Attack - Brute Force,
RF,FGSM_eps0.75,30,29,1.0,1.0,FGSM,0.75,1,Web Attack - Brute Force - Attempted,
RF,FGSM_eps0.75,8,7,0.8571428571428571,0.75,FGSM,0.75,1,Web Attack - SQL,
RF,FGSM_eps0.75,3,3,1.0,1.0,FGSM,0.75,1,Web Attack - SQL - Attempted,
RF,FGSM_eps0.75,18,18,1.0,1.0,FGSM,0.75,1,Web Attack - XSS,
RF,FGSM_eps0.75,1,1,1.0,1.0,FGSM,0.75,1,Web Attack - XSS - Attempted,
MLP,FGSM_eps0.75,60000,0,,,FGSM,0.75,1,Benign,
MLP,FGSM_eps0.75,5986,5986,0.9981623788840628,0.9981623788840628,FGSM,0.75,1,Botnet Ares,
MLP,FGSM_eps0.75,52,52,1.0,1.0,FGSM,0.75,1,Botnet Ares - Attempted,
MLP,FGSM_eps0.75,5940,5940,1.0,1.0,FGSM,0.75,1,DDoS-HOIC,
MLP,FGSM_eps0.75,5944,5943,1.0,0.9998317631224765,FGSM,0.75,1,DDoS-LOIC-HTTP,
MLP,FGSM_eps0.75,485,485,0.3319587628865979,0.3319587628865979,FGSM,0.75,1,DDoS-LOIC-UDP,
MLP,FGSM_eps0.75,67,52,1.0,0.7761194029850746,FGSM,0.75,1,DDoS-LOIC-UDP - Attempted,
MLP,FGSM_eps0.75,4542,4542,1.0,1.0,FGSM,0.75,1,DoS GoldenEye,
MLP,FGSM_eps0.75,851,851,1.0,1.0,FGSM,0.75,1,DoS GoldenEye - Attempted,
MLP,FGSM_eps0.75,6058,6058,1.0,1.0,FGSM,0.75,1,DoS Hulk,
MLP,FGSM_eps0.75,20,20,1.0,1.0,FGSM,0.75,1,DoS Hulk - Attempted,
MLP,FGSM_eps0.75,1707,1707,1.0,1.0,FGSM,0.75,1,DoS Slowloris,
MLP,FGSM_eps0.75,475,475,1.0,1.0,FGSM,0.75,1,DoS Slowloris - Attempted,
MLP,FGSM_eps0.75,5992,5992,1.0,1.0,FGSM,0.75,1,FTP-BruteForce - Attempted,
MLP,FGSM_eps0.75,41,39,0.9743589743589743,0.9512195121951219,FGSM,0.75,1,Infiltration - Communication Victim Attacker,
MLP,FGSM_eps0.75,19,4,1.0,0.3157894736842105,FGSM,0.75,1,Infiltration - Dropbox Download,
MLP,FGSM_eps0.75,7,0,,0.14285714285714285,FGSM,0.75,1,Infiltration - Dropbox Download - Attempted,
MLP,FGSM_eps0.75,6048,5997,1.0,0.9915674603174603,FGSM,0.75,1,Infiltration - NMAP Portscan,
MLP,FGSM_eps0.75,5985,5985,1.0,1.0,FGSM,0.75,1,SSH-BruteForce,
MLP,FGSM_eps0.75,24,24,1.0,1.0,FGSM,0.75,1,Web Attack - Brute Force,
MLP,FGSM_eps0.75,30,28,1.0,0.9333333333333333,FGSM,0.75,1,Web Attack - Brute Force - Attempted,
MLP,FGSM_eps0.75,8,4,1.0,0.5,FGSM,0.75,1,Web Attack - SQL,
MLP,FGSM_eps0.75,3,1,1.0,0.3333333333333333,FGSM,0.75,1,Web Attack - SQL - Attempted,
MLP,FGSM_eps0.75,18,18,1.0,1.0,FGSM,0.75,1,Web Attack - XSS,
MLP,FGSM_eps0.75,1,0,,0.0,FGSM,0.75,1,Web Attack - XSS - Attempted,
LR,PGD_eps0.15_it10,60000,0,,,PGD,0.15,10,Benign,
LR,PGD_eps0.15_it10,5986,5986,0.999164717674574,0.999164717674574,PGD,0.15,10,Botnet Ares,
LR,PGD_eps0.15_it10,52,52,0.34615384615384615,0.34615384615384615,PGD,0.15,10,Botnet Ares - Attempted,
LR,PGD_eps0.15_it10,5940,5940,1.0,1.0,PGD,0.15,10,DDoS-HOIC,
LR,PGD_eps0.15_it10,5944,5944,0.9998317631224765,0.9998317631224765,PGD,0.15,10,DDoS-LOIC-HTTP,
LR,PGD_eps0.15_it10,485,482,0.016597510373443983,0.02268041237113402,PGD,0.15,10,DDoS-LOIC-UDP,
LR,PGD_eps0.15_it10,67,0,,0.7910447761194029,PGD,0.15,10,DDoS-LOIC-UDP - Attempted,
LR,PGD_eps0.15_it10,4542,4542,0.9927344782034346,0.9927344782034346,PGD,0.15,10,DoS GoldenEye,
LR,PGD_eps0.15_it10,851,851,1.0,1.0,PGD,0.15,10,DoS GoldenEye - Attempted,
LR,PGD_eps0.15_it10,6058,6052,1.0,1.0,PGD,0.15,10,DoS Hulk,
LR,PGD_eps0.15_it10,20,20,1.0,1.0,PGD,0.15,10,DoS Hulk - Attempted,
LR,PGD_eps0.15_it10,1707,1656,1.0,1.0,PGD,0.15,10,DoS Slowloris,
LR,PGD_eps0.15_it10,475,475,1.0,1.0,PGD,0.15,10,DoS Slowloris - Attempted,
LR,PGD_eps0.15_it10,5992,5992,1.0,1.0,PGD,0.15,10,FTP-BruteForce - Attempted,
LR,PGD_eps0.15_it10,41,40,0.675,0.6829268292682927,PGD,0.15,10,Infiltration - Communication Victim Attacker,
LR,PGD_eps0.15_it10,19,9,0.4444444444444444,0.3157894736842105,PGD,0.15,10,Infiltration - Dropbox Download,
LR,PGD_eps0.15_it10,7,0,,0.14285714285714285,PGD,0.15,10,Infiltration - Dropbox Download - Attempted,
LR,PGD_eps0.15_it10,6048,4996,0.855084067253803,0.8764880952380952,PGD,0.15,10,Infiltration - NMAP Portscan,
LR,PGD_eps0.15_it10,5985,5985,1.0,1.0,PGD,0.15,10,SSH-BruteForce,
LR,PGD_eps0.15_it10,24,24,0.0,0.0,PGD,0.15,10,Web Attack - Brute Force,
LR,PGD_eps0.15_it10,30,0,,0.9333333333333333,PGD,0.15,10,Web Attack - Brute Force - Attempted,
LR,PGD_eps0.15_it10,8,3,1.0,0.5,PGD,0.15,10,Web Attack - SQL,
LR,PGD_eps0.15_it10,3,0,,0.3333333333333333,PGD,0.15,10,Web Attack - SQL - Attempted,
LR,PGD_eps0.15_it10,18,0,,1.0,PGD,0.15,10,Web Attack - XSS,
LR,PGD_eps0.15_it10,1,0,,0.0,PGD,0.15,10,Web Attack - XSS - Attempted,
SVM,PGD_eps0.15_it10,60000,0,,,PGD,0.15,10,Benign,
SVM,PGD_eps0.15_it10,5986,5983,1.0,1.0,PGD,0.15,10,Botnet Ares,
SVM,PGD_eps0.15_it10,52,52,1.0,1.0,PGD,0.15,10,Botnet Ares - Attempted,
SVM,PGD_eps0.15_it10,5940,5940,1.0,1.0,PGD,0.15,10,DDoS-HOIC,
SVM,PGD_eps0.15_it10,5944,5944,0.9998317631224765,0.9998317631224765,PGD,0.15,10,DDoS-LOIC-HTTP,
SVM,PGD_eps0.15_it10,485,484,0.01652892561983471,0.018556701030927835,PGD,0.15,10,DDoS-LOIC-UDP,
SVM,PGD_eps0.15_it10,67,0,,0.7761194029850746,PGD,0.15,10,DDoS-LOIC-UDP - Attempted,
SVM,PGD_eps0.15_it10,4542,4542,0.9986789960369881,0.9986789960369881,PGD,0.15,10,DoS GoldenEye,
SVM,PGD_eps0.15_it10,851,851,1.0,1.0,PGD,0.15,10,DoS GoldenEye - Attempted,
SVM,PGD_eps0.15_it10,6058,6052,1.0,1.0,PGD,0.15,10,DoS Hulk,
SVM,PGD_eps0.15_it10,20,20,1.0,1.0,PGD,0.15,10,DoS Hulk - Attempted,
SVM,PGD_eps0.15_it10,1707,1656,1.0,1.0,PGD,0.15,10,DoS Slowloris,
SVM,PGD_eps0.15_it10,475,475,1.0,1.0,PGD,0.15,10,DoS Slowloris - Attempted,
SVM,PGD_eps0.15_it10,5992,5992,1.0,1.0,PGD,0.15,10,FTP-BruteForce - Attempted,
SVM,PGD_eps0.15_it10,41,39,0.9230769230769231,0.926829268292683,PGD,0.15,10,Infiltration - Communication Victim Attacker,
SVM,PGD_eps0.15_it10,19,4,0.5,0.2631578947368421,PGD,0.15,10,Infiltration - Dropbox Download,
SVM,PGD_eps0.15_it10,7,0,,0.14285714285714285,PGD,0.15,10,Infiltration - Dropbox Download - Attempted,
SVM,PGD_eps0.15_it10,6048,5078,0.9111855061047657,0.9173280423280423,PGD,0.15,10,Infiltration - NMAP Portscan,
SVM,PGD_eps0.15_it10,5985,5985,1.0,1.0,PGD,0.15,10,SSH-BruteForce,
SVM,PGD_eps0.15_it10,24,24,0.0,0.0,PGD,0.15,10,Web Attack - Brute Force,
SVM,PGD_eps0.15_it10,30,0,,0.9333333333333333,PGD,0.15,10,Web Attack - Brute Force - Attempted,
SVM,PGD_eps0.15_it10,8,4,0.75,0.5,PGD,0.15,10,Web Attack - SQL,
SVM,PGD_eps0.15_it10,3,0,,0.3333333333333333,PGD,0.15,10,Web Attack - SQL - Attempted,
SVM,PGD_eps0.15_it10,18,17,1.0,1.0,PGD,0.15,10,Web Attack - XSS,
SVM,PGD_eps0.15_it10,1,1,0.0,0.0,PGD,0.15,10,Web Attack - XSS - Attempted,
RF,PGD_eps0.15_it10,60000,0,,,PGD,0.15,10,Benign,
RF,PGD_eps0.15_it10,5986,5986,1.0,1.0,PGD,0.15,10,Botnet Ares,
RF,PGD_eps0.15_it10,52,52,1.0,1.0,PGD,0.15,10,Botnet Ares - Attempted,
RF,PGD_eps0.15_it10,5940,5940,1.0,1.0,PGD,0.15,10,DDoS-HOIC,
RF,PGD_eps0.15_it10,5944,5944,1.0,1.0,PGD,0.15,10,DDoS-LOIC-HTTP,
RF,PGD_eps0.15_it10,485,485,0.5876288659793815,0.5876288659793815,PGD,0.15,10,DDoS-LOIC-UDP,
RF,PGD_eps0.15_it10,67,65,1.0,1.0,PGD,0.15,10,DDoS-LOIC-UDP - Attempted,
RF,PGD_eps0.15_it10,4542,4542,1.0,1.0,PGD,0.15,10,DoS GoldenEye,
RF,PGD_eps0.15_it10,851,851,1.0,1.0,PGD,0.15,10,DoS GoldenEye - Attempted,
RF,PGD_eps0.15_it10,6058,6058,1.0,1.0,PGD,0.15,10,DoS Hulk,
RF,PGD_eps0.15_it10,20,20,1.0,1.0,PGD,0.15,10,DoS Hulk - Attempted,
RF,PGD_eps0.15_it10,1707,1707,0.9103690685413005,0.9103690685413005,PGD,0.15,10,DoS Slowloris,
RF,PGD_eps0.15_it10,475,475,1.0,1.0,PGD,0.15,10,DoS Slowloris - Attempted,
RF,PGD_eps0.15_it10,5992,5992,1.0,1.0,PGD,0.15,10,FTP-BruteForce - Attempted,
RF,PGD_eps0.15_it10,41,41,0.7560975609756098,0.7560975609756098,PGD,0.15,10,Infiltration - Communication Victim Attacker,
RF,PGD_eps0.15_it10,19,11,1.0,1.0,PGD,0.15,10,Infiltration - Dropbox Download,
RF,PGD_eps0.15_it10,7,0,,1.0,PGD,0.15,10,Infiltration - Dropbox Download - Attempted,
RF,PGD_eps0.15_it10,6048,6046,0.7813430367184916,0.781415343915344,PGD,0.15,10,Infiltration - NMAP Portscan,
RF,PGD_eps0.15_it10,5985,5985,1.0,1.0,PGD,0.15,10,SSH-BruteForce,
RF,PGD_eps0.15_it10,24,24,1.0,1.0,PGD,0.15,10,Web Attack - Brute Force,
RF,PGD_eps0.15_it10,30,29,1.0,1.0,PGD,0.15,10,Web Attack - Brute Force - Attempted,
RF,PGD_eps0.15_it10,8,7,0.42857142857142855,0.375,PGD,0.15,10,Web Attack - SQL,
RF,PGD_eps0.15_it10,3,3,0.6666666666666666,0.6666666666666666,PGD,0.15,10,Web Attack - SQL - Attempted,
RF,PGD_eps0.15_it10,18,18,0.0,0.0,PGD,0.15,10,Web Attack - XSS,
RF,PGD_eps0.15_it10,1,1,1.0,1.0,PGD,0.15,10,Web Attack - XSS - Attempted,
MLP,PGD_eps0.15_it10,60000,0,,,PGD,0.15,10,Benign,
MLP,PGD_eps0.15_it10,5986,5986,0.9943200801871033,0.9943200801871033,PGD,0.15,10,Botnet Ares,
MLP,PGD_eps0.15_it10,52,52,1.0,1.0,PGD,0.15,10,Botnet Ares - Attempted,
MLP,PGD_eps0.15_it10,5940,5940,1.0,1.0,PGD,0.15,10,DDoS-HOIC,
MLP,PGD_eps0.15_it10,5944,5943,1.0,0.9998317631224765,PGD,0.15,10,DDoS-LOIC-HTTP,
MLP,PGD_eps0.15_it10,485,485,0.002061855670103093,0.002061855670103093,PGD,0.15,10,DDoS-LOIC-UDP,
MLP,PGD_eps0.15_it10,67,52,1.0,0.7761194029850746,PGD,0.15,10,DDoS-LOIC-UDP - Attempted,
MLP,PGD_eps0.15_it10,4542,4542,1.0,1.0,PGD,0.15,10,DoS GoldenEye,
MLP,PGD_eps0.15_it10,851,851,1.0,1.0,PGD,0.15,10,DoS GoldenEye - Attempted,
MLP,PGD_eps0.15_it10,6058,6058,1.0,1.0,PGD,0.15,10,DoS Hulk,
MLP,PGD_eps0.15_it10,20,20,1.0,1.0,PGD,0.15,10,DoS Hulk - Attempted,
MLP,PGD_eps0.15_it10,1707,1707,1.0,1.0,PGD,0.15,10,DoS Slowloris,
MLP,PGD_eps0.15_it10,475,475,1.0,1.0,PGD,0.15,10,DoS Slowloris - Attempted,
MLP,PGD_eps0.15_it10,5992,5992,1.0,1.0,PGD,0.15,10,FTP-BruteForce - Attempted,
MLP,PGD_eps0.15_it10,41,39,0.6666666666666666,0.6585365853658537,PGD,0.15,10,Infiltration - Communication Victim Attacker,
MLP,PGD_eps0.15_it10,19,4,1.0,0.3684210526315789,PGD,0.15,10,Infiltration - Dropbox Download,
MLP,PGD_eps0.15_it10,7,0,,0.14285714285714285,PGD,0.15,10,Infiltration - Dropbox Download - Attempted,
MLP,PGD_eps0.15_it10,6048,5997,0.991829247957312,0.9836309523809523,PGD,0.15,10,Infiltration - NMAP Portscan,
MLP,PGD_eps0.15_it10,5985,5985,1.0,1.0,PGD,0.15,10,SSH-BruteForce,
MLP,PGD_eps0.15_it10,24,24,1.0,1.0,PGD,0.15,10,Web Attack - Brute Force,
MLP,PGD_eps0.15_it10,30,28,1.0,0.9333333333333333,PGD,0.15,10,Web Attack - Brute Force - Attempted,
MLP,PGD_eps0.15_it10,8,4,1.0,0.5,PGD,0.15,10,Web Attack - SQL,
MLP,PGD_eps0.15_it10,3,1,1.0,0.3333333333333333,PGD,0.15,10,Web Attack - SQL - Attempted,
MLP,PGD_eps0.15_it10,18,18,0.0,0.0,PGD,0.15,10,Web Attack - XSS,
MLP,PGD_eps0.15_it10,1,0,,0.0,PGD,0.15,10,Web Attack - XSS - Attempted,
LR,PGD_eps0.15_it25,60000,0,,,PGD,0.15,25,Benign,
LR,PGD_eps0.15_it25,5986,5986,0.999164717674574,0.999164717674574,PGD,0.15,25,Botnet Ares,
LR,PGD_eps0.15_it25,52,52,0.34615384615384615,0.34615384615384615,PGD,0.15,25,Botnet Ares - Attempted,
LR,PGD_eps0.15_it25,5940,5940,1.0,1.0,PGD,0.15,25,DDoS-HOIC,
LR,PGD_eps0.15_it25,5944,5944,0.9998317631224765,0.9998317631224765,PGD,0.15,25,DDoS-LOIC-HTTP,
LR,PGD_eps0.15_it25,485,482,0.016597510373443983,0.02268041237113402,PGD,0.15,25,DDoS-LOIC-UDP,
LR,PGD_eps0.15_it25,67,0,,0.7910447761194029,PGD,0.15,25,DDoS-LOIC-UDP - Attempted,
LR,PGD_eps0.15_it25,4542,4542,0.9953764861294584,0.9953764861294584,PGD,0.15,25,DoS GoldenEye,
LR,PGD_eps0.15_it25,851,851,1.0,1.0,PGD,0.15,25,DoS GoldenEye - Attempted,
LR,PGD_eps0.15_it25,6058,6052,1.0,1.0,PGD,0.15,25,DoS Hulk,
LR,PGD_eps0.15_it25,20,20,1.0,1.0,PGD,0.15,25,DoS Hulk - Attempted,
LR,PGD_eps0.15_it25,1707,1656,1.0,1.0,PGD,0.15,25,DoS Slowloris,
LR,PGD_eps0.15_it25,475,475,1.0,1.0,PGD,0.15,25,DoS Slowloris - Attempted,
LR,PGD_eps0.15_it25,5992,5992,1.0,1.0,PGD,0.15,25,FTP-BruteForce - Attempted,
LR,PGD_eps0.15_it25,41,40,0.675,0.6829268292682927,PGD,0.15,25,Infiltration - Communication Victim Attacker,
LR,PGD_eps0.15_it25,19,9,0.4444444444444444,0.3157894736842105,PGD,0.15,25,Infiltration - Dropbox Download,
LR,PGD_eps0.15_it25,7,0,,0.14285714285714285,PGD,0.15,25,Infiltration - Dropbox Download - Attempted,
LR,PGD_eps0.15_it25,6048,4996,0.8520816653322658,0.8718584656084656,PGD,0.15,25,Infiltration - NMAP Portscan,
LR,PGD_eps0.15_it25,5985,5985,1.0,1.0,PGD,0.15,25,SSH-BruteForce,
LR,PGD_eps0.15_it25,24,24,0.0,0.0,PGD,0.15,25,Web Attack - Brute Force,
LR,PGD_eps0.15_it25,30,0,,0.9333333333333333,PGD,0.15,25,Web Attack - Brute Force - Attempted,
LR,PGD_eps0.15_it25,8,3,1.0,0.5,PGD,0.15,25,Web Attack - SQL,
LR,PGD_eps0.15_it25,3,0,,0.3333333333333333,PGD,0.15,25,Web Attack - SQL - Attempted,
LR,PGD_eps0.15_it25,18,0,,1.0,PGD,0.15,25,Web Attack - XSS,
LR,PGD_eps0.15_it25,1,0,,0.0,PGD,0.15,25,Web Attack - XSS - Attempted,
SVM,PGD_eps0.15_it25,60000,0,,,PGD,0.15,25,Benign,
SVM,PGD_eps0.15_it25,5986,5983,1.0,1.0,PGD,0.15,25,Botnet Ares,
SVM,PGD_eps0.15_it25,52,52,1.0,1.0,PGD,0.15,25,Botnet Ares - Attempted,
SVM,PGD_eps0.15_it25,5940,5940,1.0,1.0,PGD,0.15,25,DDoS-HOIC,
SVM,PGD_eps0.15_it25,5944,5944,0.9998317631224765,0.9998317631224765,PGD,0.15,25,DDoS-LOIC-HTTP,
SVM,PGD_eps0.15_it25,485,484,0.01652892561983471,0.018556701030927835,PGD,0.15,25,DDoS-LOIC-UDP,
SVM,PGD_eps0.15_it25,67,0,,0.7761194029850746,PGD,0.15,25,DDoS-LOIC-UDP - Attempted,
SVM,PGD_eps0.15_it25,4542,4542,0.9986789960369881,0.9986789960369881,PGD,0.15,25,DoS GoldenEye,
SVM,PGD_eps0.15_it25,851,851,1.0,1.0,PGD,0.15,25,DoS GoldenEye - Attempted,
SVM,PGD_eps0.15_it25,6058,6052,1.0,1.0,PGD,0.15,25,DoS Hulk,
SVM,PGD_eps0.15_it25,20,20,1.0,1.0,PGD,0.15,25,DoS Hulk - Attempted,
SVM,PGD_eps0.15_it25,1707,1656,1.0,1.0,PGD,0.15,25,DoS Slowloris,
SVM,PGD_eps0.15_it25,475,475,1.0,1.0,PGD,0.15,25,DoS Slowloris - Attempted,
SVM,PGD_eps0.15_it25,5992,5992,1.0,1.0,PGD,0.15,25,FTP-BruteForce - Attempted,
SVM,PGD_eps0.15_it25,41,39,0.9230769230769231,0.926829268292683,PGD,0.15,25,Infiltration - Communication Victim Attacker,
SVM,PGD_eps0.15_it25,19,4,0.5,0.2631578947368421,PGD,0.15,25,Infiltration - Dropbox Download,
SVM,PGD_eps0.15_it25,7,0,,0.14285714285714285,PGD,0.15,25,Infiltration - Dropbox Download - Attempted,
SVM,PGD_eps0.15_it25,6048,5078,0.9163056321386372,0.9216269841269841,PGD,0.15,25,Infiltration - NMAP Portscan,
SVM,PGD_eps0.15_it25,5985,5985,1.0,1.0,PGD,0.15,25,SSH-BruteForce,
SVM,PGD_eps0.15_it25,24,24,0.0,0.0,PGD,0.15,25,Web Attack - Brute Force,
SVM,PGD_eps0.15_it25,30,0,,0.9333333333333333,PGD,0.15,25,Web Attack - Brute Force - Attempted,
SVM,PGD_eps0.15_it25,8,4,0.75,0.5,PGD,0.15,25,Web Attack - SQL,
SVM,PGD_eps0.15_it25,3,0,,0.3333333333333333,PGD,0.15,25,Web Attack - SQL - Attempted,
SVM,PGD_eps0.15_it25,18,17,1.0,1.0,PGD,0.15,25,Web Attack - XSS,
SVM,PGD_eps0.15_it25,1,1,0.0,0.0,PGD,0.15,25,Web Attack - XSS - Attempted,
RF,PGD_eps0.15_it25,60000,0,,,PGD,0.15,25,Benign,
RF,PGD_eps0.15_it25,5986,5986,1.0,1.0,PGD,0.15,25,Botnet Ares,
RF,PGD_eps0.15_it25,52,52,1.0,1.0,PGD,0.15,25,Botnet Ares - Attempted,
RF,PGD_eps0.15_it25,5940,5940,1.0,1.0,PGD,0.15,25,DDoS-HOIC,
RF,PGD_eps0.15_it25,5944,5944,1.0,1.0,PGD,0.15,25,DDoS-LOIC-HTTP,
RF,PGD_eps0.15_it25,485,485,0.5876288659793815,0.5876288659793815,PGD,0.15,25,DDoS-LOIC-UDP,
RF,PGD_eps0.15_it25,67,65,1.0,1.0,PGD,0.15,25,DDoS-LOIC-UDP - Attempted,
RF,PGD_eps0.15_it25,4542,4542,1.0,1.0,PGD,0.15,25,DoS GoldenEye,
RF,PGD_eps0.15_it25,851,851,1.0,1.0,PGD,0.15,25,DoS GoldenEye - Attempted,
RF,PGD_eps0.15_it25,6058,6058,1.0,1.0,PGD,0.15,25,DoS Hulk,
RF,PGD_eps0.15_it25,20,20,1.0,1.0,PGD,0.15,25,DoS Hulk - Attempted,
RF,PGD_eps0.15_it25,1707,1707,0.9103690685413005,0.9103690685413005,PGD,0.15,25,DoS Slowloris,
RF,PGD_eps0.15_it25,475,475,1.0,1.0,PGD,0.15,25,DoS Slowloris - Attempted,
RF,PGD_eps0.15_it25,5992,5992,1.0,1.0,PGD,0.15,25,FTP-BruteForce - Attempted,
RF,PGD_eps0.15_it25,41,41,0.7560975609756098,0.7560975609756098,PGD,0.15,25,Infiltration - Communication Victim Attacker,
RF,PGD_eps0.15_it25,19,11,1.0,1.0,PGD,0.15,25,Infiltration - Dropbox Download,
RF,PGD_eps0.15_it25,7,0,,1.0,PGD,0.15,25,Infiltration - Dropbox Download - Attempted,
RF,PGD_eps0.15_it25,6048,6046,0.8499834601389349,0.8500330687830688,PGD,0.15,25,Infiltration - NMAP Portscan,
RF,PGD_eps0.15_it25,5985,5985,1.0,1.0,PGD,0.15,25,SSH-BruteForce,
RF,PGD_eps0.15_it25,24,24,1.0,1.0,PGD,0.15,25,Web Attack - Brute Force,
RF,PGD_eps0.15_it25,30,29,1.0,1.0,PGD,0.15,25,Web Attack - Brute Force - Attempted,
RF,PGD_eps0.15_it25,8,7,0.42857142857142855,0.375,PGD,0.15,25,Web Attack - SQL,
RF,PGD_eps0.15_it25,3,3,0.6666666666666666,0.6666666666666666,PGD,0.15,25,Web Attack - SQL - Attempted,
RF,PGD_eps0.15_it25,18,18,0.0,0.0,PGD,0.15,25,Web Attack - XSS,
RF,PGD_eps0.15_it25,1,1,1.0,1.0,PGD,0.15,25,Web Attack - XSS - Attempted,
MLP,PGD_eps0.15_it25,60000,0,,,PGD,0.15,25,Benign,
MLP,PGD_eps0.15_it25,5986,5986,0.9943200801871033,0.9943200801871033,PGD,0.15,25,Botnet Ares,
MLP,PGD_eps0.15_it25,52,52,1.0,1.0,PGD,0.15,25,Botnet Ares - Attempted,
MLP,PGD_eps0.15_it25,5940,5940,1.0,1.0,PGD,0.15,25,DDoS-HOIC,
MLP,PGD_eps0.15_it25,5944,5943,1.0,0.9998317631224765,PGD,0.15,25,DDoS-LOIC-HTTP,
MLP,PGD_eps0.15_it25,485,485,0.002061855670103093,0.002061855670103093,PGD,0.15,25,DDoS-LOIC-UDP,
MLP,PGD_eps0.15_it25,67,52,1.0,0.7761194029850746,PGD,0.15,25,DDoS-LOIC-UDP - Attempted,
MLP,PGD_eps0.15_it25,4542,4542,1.0,1.0,PGD,0.15,25,DoS GoldenEye,
MLP,PGD_eps0.15_it25,851,851,1.0,1.0,PGD,0.15,25,DoS GoldenEye - Attempted,
MLP,PGD_eps0.15_it25,6058,6058,1.0,1.0,PGD,0.15,25,DoS Hulk,
MLP,PGD_eps0.15_it25,20,20,1.0,1.0,PGD,0.15,25,DoS Hulk - Attempted,
MLP,PGD_eps0.15_it25,1707,1707,1.0,1.0,PGD,0.15,25,DoS Slowloris,
MLP,PGD_eps0.15_it25,475,475,1.0,1.0,PGD,0.15,25,DoS Slowloris - Attempted,
MLP,PGD_eps0.15_it25,5992,5992,1.0,1.0,PGD,0.15,25,FTP-BruteForce - Attempted,
MLP,PGD_eps0.15_it25,41,39,0.6923076923076923,0.6829268292682927,PGD,0.15,25,Infiltration - Communication Victim Attacker,
MLP,PGD_eps0.15_it25,19,4,1.0,0.3684210526315789,PGD,0.15,25,Infiltration - Dropbox Download,
MLP,PGD_eps0.15_it25,7,0,,0.14285714285714285,PGD,0.15,25,Infiltration - Dropbox Download - Attempted,
MLP,PGD_eps0.15_it25,6048,5997,0.991829247957312,0.9836309523809523,PGD,0.15,25,Infiltration - NMAP Portscan,
MLP,PGD_eps0.15_it25,5985,5985,1.0,1.0,PGD,0.15,25,SSH-BruteForce,
MLP,PGD_eps0.15_it25,24,24,1.0,1.0,PGD,0.15,25,Web Attack - Brute Force,
MLP,PGD_eps0.15_it25,30,28,1.0,0.9333333333333333,PGD,0.15,25,Web Attack - Brute Force - Attempted,
MLP,PGD_eps0.15_it25,8,4,1.0,0.5,PGD,0.15,25,Web Attack - SQL,
MLP,PGD_eps0.15_it25,3,1,1.0,0.3333333333333333,PGD,0.15,25,Web Attack - SQL - Attempted,
MLP,PGD_eps0.15_it25,18,18,0.0,0.0,PGD,0.15,25,Web Attack - XSS,
MLP,PGD_eps0.15_it25,1,0,,0.0,PGD,0.15,25,Web Attack - XSS - Attempted,
LR,PGD_eps0.3_it10,60000,0,,,PGD,0.3,10,Benign,
LR,PGD_eps0.3_it10,5986,5986,1.0,1.0,PGD,0.3,10,Botnet Ares,
LR,PGD_eps0.3_it10,52,52,1.0,1.0,PGD,0.3,10,Botnet Ares - Attempted,
LR,PGD_eps0.3_it10,5940,5940,1.0,1.0,PGD,0.3,10,DDoS-HOIC,
LR,PGD_eps0.3_it10,5944,5944,0.9998317631224765,0.9998317631224765,PGD,0.3,10,DDoS-LOIC-HTTP,
LR,PGD_eps0.3_it10,485,482,0.01867219917012448,0.024742268041237112,PGD,0.3,10,DDoS-LOIC-UDP,
LR,PGD_eps0.3_it10,67,0,,0.7761194029850746,PGD,0.3,10,DDoS-LOIC-UDP - Attempted,
LR,PGD_eps0.3_it10,4542,4542,1.0,1.0,PGD,0.3,10,DoS GoldenEye,
LR,PGD_eps0.3_it10,851,851,1.0,1.0,PGD,0.3,10,DoS GoldenEye - Attempted,
LR,PGD_eps0.3_it10,6058,6052,1.0,1.0,PGD,0.3,10,DoS Hulk,
LR,PGD_eps0.3_it10,20,20,1.0,1.0,PGD,0.3,10,DoS Hulk - Attempted,
LR,PGD_eps0.3_it10,1707,1656,1.0,1.0,PGD,0.3,10,DoS Slowloris,
LR,PGD_eps0.3_it10,475,475,1.0,1.0,PGD,0.3,10,DoS Slowloris - Attempted,
LR,PGD_eps0.3_it10,5992,5992,1.0,1.0,PGD,0.3,10,FTP-BruteForce - Attempted,
LR,PGD_eps0.3_it10,41,40,0.775,0.7804878048780488,PGD,0.3,10,Infiltration - Communication Victim Attacker,
LR,PGD_eps0.3_it10,19,9,0.4444444444444444,0.21052631578947367,PGD,0.3,10,Infiltration - Dropbox Download,
LR,PGD_eps0.3_it10,7,0,,0.14285714285714285,PGD,0.3,10,Infiltration - Dropbox Download - Attempted,
LR,PGD_eps0.3_it10,6048,4996,0.921937550040032,0.9275793650793651,PGD,0.3,10,Infiltration - NMAP Portscan,
LR,PGD_eps0.3_it10,5985,5985,1.0,1.0,PGD,0.3,10,SSH-BruteForce,
LR,PGD_eps0.3_it10,24,24,0.0,0.0,PGD,0.3,10,Web Attack - Brute Force,
LR,PGD_eps0.3_it10,30,0,,0.9333333333333333,PGD,0.3,10,Web Attack - Brute Force - Attempted,
LR,PGD_eps0.3_it10,8,3,1.0,0.5,PGD,0.3,10,Web Attack - SQL,
LR,PGD_eps0.3_it10,3,0,,0.3333333333333333,PGD,0.3,10,Web Attack - SQL - Attempted,
LR,PGD_eps0.3_it10,18,0,,1.0,PGD,0.3,10,Web Attack - XSS,
LR,PGD_eps0.3_it10,1,0,,0.0,PGD,0.3,10,Web Attack - XSS - Attempted,
SVM,PGD_eps0.3_it10,60000,0,,,PGD,0.3,10,Benign,
SVM,PGD_eps0.3_it10,5986,5983,1.0,1.0,PGD,0.3,10,Botnet Ares,
SVM,PGD_eps0.3_it10,52,52,1.0,1.0,PGD,0.3,10,Botnet Ares - Attempted,
SVM,PGD_eps0.3_it10,5940,5940,1.0,1.0,PGD,0.3,10,DDoS-HOIC,
SVM,PGD_eps0.3_it10,5944,5944,0.9998317631224765,0.9998317631224765,PGD,0.3,10,DDoS-LOIC-HTTP,
SVM,PGD_eps0.3_it10,485,484,0.01859504132231405,0.020618556701030927,PGD,0.3,10,DDoS-LOIC-UDP,
SVM,PGD_eps0.3_it10,67,0,,0.7761194029850746,PGD,0.3,10,DDoS-LOIC-UDP - Attempted,
SVM,PGD_eps0.3_it10,4542,4542,1.0,1.0,PGD,0.3,10,DoS GoldenEye,
SVM,PGD_eps0.3_it10,851,851,1.0,1.0,PGD,0.3,10,DoS GoldenEye - Attempted,
SVM,PGD_eps0.3_it10,6058,6052,1.0,1.0,PGD,0.3,10,DoS Hulk,
SVM,PGD_eps0.3_it10,20,20,1.0,1.0,PGD,0.3,10,DoS Hulk - Attempted,
SVM,PGD_eps0.3_it10,1707,1656,1.0,1.0,PGD,0.3,10,DoS Slowloris,
SVM,PGD_eps0.3_it10,475,475,1.0,1.0,PGD,0.3,10,DoS Slowloris - Attempted,
SVM,PGD_eps0.3_it10,5992,5992,1.0,1.0,PGD,0.3,10,FTP-BruteForce - Attempted,
SVM,PGD_eps0.3_it10,41,39,0.9743589743589743,0.975609756097561,PGD,0.3,10,Infiltration - Communication Victim Attacker,
SVM,PGD_eps0.3_it10,19,4,0.5,0.21052631578947367,PGD,0.3,10,Infiltration - Dropbox Download,
SVM,PGD_eps0.3_it10,7,0,,0.0,PGD,0.3,10,Infiltration - Dropbox Download - Attempted,
SVM,PGD_eps0.3_it10,6048,5078,0.9789287120913746,0.9742063492063492,PGD,0.3,10,Infiltration - NMAP Portscan,
SVM,PGD_eps0.3_it10,5985,5985,1.0,1.0,PGD,0.3,10,SSH-BruteForce,
SVM,PGD_eps0.3_it10,24,24,1.0,1.0,PGD,0.3,10,Web Attack - Brute Force,
SVM,PGD_eps0.3_it10,30,0,,0.9333333333333333,PGD,0.3,10,Web Attack - Brute Force - Attempted,
SVM,PGD_eps0.3_it10,8,4,0.75,0.5,PGD,0.3,10,Web Attack - SQL,
SVM,PGD_eps0.3_it10,3,0,,0.3333333333333333,PGD,0.3,10,Web Attack - SQL - Attempted,
SVM,PGD_eps0.3_it10,18,17,1.0,1.0,PGD,0.3,10,Web Attack - XSS,
SVM,PGD_eps0.3_it10,1,1,0.0,0.0,PGD,0.3,10,Web Attack - XSS - Attempted,
RF,PGD_eps0.3_it10,60000,0,,,PGD,0.3,10,Benign,
RF,PGD_eps0.3_it10,5986,5986,1.0,1.0,PGD,0.3,10,Botnet Ares,
RF,PGD_eps0.3_it10,52,52,1.0,1.0,PGD,0.3,10,Botnet Ares - Attempted,
RF,PGD_eps0.3_it10,5940,5940,1.0,1.0,PGD,0.3,10,DDoS-HOIC,
RF,PGD_eps0.3_it10,5944,5944,1.0,1.0,PGD,0.3,10,DDoS-LOIC-HTTP,
RF,PGD_eps0.3_it10,485,485,0.5896907216494846,0.5896907216494846,PGD,0.3,10,DDoS-LOIC-UDP,
RF,PGD_eps0.3_it10,67,65,1.0,1.0,PGD,0.3,10,DDoS-LOIC-UDP - Attempted,
RF,PGD_eps0.3_it10,4542,4542,1.0,1.0,PGD,0.3,10,DoS GoldenEye,
RF,PGD_eps0.3_it10,851,851,1.0,1.0,PGD,0.3,10,DoS GoldenEye - Attempted,
RF,PGD_eps0.3_it10,6058,6058,1.0,1.0,PGD,0.3,10,DoS Hulk,
RF,PGD_eps0.3_it10,20,20,1.0,1.0,PGD,0.3,10,DoS Hulk - Attempted,
RF,PGD_eps0.3_it10,1707,1707,0.705916813122437,0.705916813122437,PGD,0.3,10,DoS Slowloris,
RF,PGD_eps0.3_it10,475,475,1.0,1.0,PGD,0.3,10,DoS Slowloris - Attempted,
RF,PGD_eps0.3_it10,5992,5992,1.0,1.0,PGD,0.3,10,FTP-BruteForce - Attempted,
RF,PGD_eps0.3_it10,41,41,0.9024390243902439,0.9024390243902439,PGD,0.3,10,Infiltration - Communication Victim Attacker,
RF,PGD_eps0.3_it10,19,11,1.0,0.9473684210526315,PGD,0.3,10,Infiltration - Dropbox Download,
RF,PGD_eps0.3_it10,7,0,,1.0,PGD,0.3,10,Infiltration - Dropbox Download - Attempted,
RF,PGD_eps0.3_it10,6048,6046,0.8706582864703937,0.8707010582010583,PGD,0.3,10,Infiltration - NMAP Portscan,
RF,PGD_eps0.3_it10,5985,5985,1.0,1.0,PGD,0.3,10,SSH-BruteForce,
RF,PGD_eps0.3_it10,24,24,1.0,1.0,PGD,0.3,10,Web Attack - Brute Force,
RF,PGD_eps0.3_it10,30,29,0.9655172413793104,0.9666666666666667,PGD,0.3,10,Web Attack - Brute Force - Attempted,
RF,PGD_eps0.3_it10,8,7,0.2857142857142857,0.375,PGD,0.3,10,Web Attack - SQL,
RF,PGD_eps0.3_it10,3,3,0.3333333333333333,0.3333333333333333,PGD,0.3,10,Web Attack - SQL - Attempted,
RF,PGD_eps0.3_it10,18,18,0.9444444444444444,0.9444444444444444,PGD,0.3,10,Web Attack - XSS,
RF,PGD_eps0.3_it10,1,1,0.0,0.0,PGD,0.3,10,Web Attack - XSS - Attempted,
MLP,PGD_eps0.3_it10,60000,0,,,PGD,0.3,10,Benign,
MLP,PGD_eps0.3_it10,5986,5986,0.9943200801871033,0.9943200801871033,PGD,0.3,10,Botnet Ares,
MLP,PGD_eps0.3_it10,52,52,1.0,1.0,PGD,0.3,10,Botnet Ares - Attempted,
MLP,PGD_eps0.3_it10,5940,5940,1.0,1.0,PGD,0.3,10,DDoS-HOIC,
MLP,PGD_eps0.3_it10,5944,5943,1.0,0.9998317631224765,PGD,0.3,10,DDoS-LOIC-HTTP,
MLP,PGD_eps0.3_it10,485,485,0.008247422680412371,0.008247422680412371,PGD,0.3,10,DDoS-LOIC-UDP,
MLP,PGD_eps0.3_it10,67,52,1.0,0.7761194029850746,PGD,0.3,10,DDoS-LOIC-UDP - Attempted,
MLP,PGD_eps0.3_it10,4542,4542,1.0,1.0,PGD,0.3,10,DoS GoldenEye,
MLP,PGD_eps0.3_it10,851,851,1.0,1.0,PGD,0.3,10,DoS GoldenEye - Attempted,
MLP,PGD_eps0.3_it10,6058,6058,1.0,1.0,PGD,0.3,10,DoS Hulk,
MLP,PGD_eps0.3_it10,20,20,1.0,1.0,PGD,0.3,10,DoS Hulk - Attempted,
MLP,PGD_eps0.3_it10,1707,1707,1.0,1.0,PGD,0.3,10,DoS Slowloris,
MLP,PGD_eps0.3_it10,475,475,1.0,1.0,PGD,0.3,10,DoS Slowloris - Attempted,
MLP,PGD_eps0.3_it10,5992,5992,1.0,1.0,PGD,0.3,10,FTP-BruteForce - Attempted,
MLP,PGD_eps0.3_it10,41,39,0.8205128205128205,0.8048780487804879,PGD,0.3,10,Infiltration - Communication Victim Attacker,
MLP,PGD_eps0.3_it10,19,4,1.0,0.3157894736842105,PGD,0.3,10,Infiltration - Dropbox Download,
MLP,PGD_eps0.3_it10,7,0,,0.14285714285714285,PGD,0.3,10,Infiltration - Dropbox Download - Attempted,
MLP,PGD_eps0.3_it10,6048,5997,1.0,0.9917328042328042,PGD,0.3,10,Infiltration - NMAP Portscan,
MLP,PGD_eps0.3_it10,5985,5985,1.0,1.0,PGD,0.3,10,SSH-BruteForce,
MLP,PGD_eps0.3_it10,24,24,1.0,1.0,PGD,0.3,10,Web Attack - Brute Force,
MLP,PGD_eps0.3_it10,30,28,1.0,0.9333333333333333,PGD,0.3,10,Web Attack - Brute Force - Attempted,
MLP,PGD_eps0.3_it10,8,4,1.0,0.5,PGD,0.3,10,Web Attack - SQL,
MLP,PGD_eps0.3_it10,3,1,1.0,0.3333333333333333,PGD,0.3,10,Web Attack - SQL - Attempted,
MLP,PGD_eps0.3_it10,18,18,0.05555555555555555,0.05555555555555555,PGD,0.3,10,Web Attack - XSS,
MLP,PGD_eps0.3_it10,1,0,,0.0,PGD,0.3,10,Web Attack - XSS - Attempted,
LR,PGD_eps0.3_it25,60000,0,,,PGD,0.3,25,Benign,
LR,PGD_eps0.3_it25,5986,5986,1.0,1.0,PGD,0.3,25,Botnet Ares,
LR,PGD_eps0.3_it25,52,52,1.0,1.0,PGD,0.3,25,Botnet Ares - Attempted,
LR,PGD_eps0.3_it25,5940,5940,1.0,1.0,PGD,0.3,25,DDoS-HOIC,
LR,PGD_eps0.3_it25,5944,5944,0.9998317631224765,0.9998317631224765,PGD,0.3,25,DDoS-LOIC-HTTP,
LR,PGD_eps0.3_it25,485,482,0.01867219917012448,0.024742268041237112,PGD,0.3,25,DDoS-LOIC-UDP,
LR,PGD_eps0.3_it25,67,0,,0.7761194029850746,PGD,0.3,25,DDoS-LOIC-UDP - Attempted,
LR,PGD_eps0.3_it25,4542,4542,1.0,1.0,PGD,0.3,25,DoS GoldenEye,
LR,PGD_eps0.3_it25,851,851,1.0,1.0,PGD,0.3,25,DoS GoldenEye - Attempted,
LR,PGD_eps0.3_it25,6058,6052,1.0,1.0,PGD,0.3,25,DoS Hulk,
LR,PGD_eps0.3_it25,20,20,1.0,1.0,PGD,0.3,25,DoS Hulk - Attempted,
LR,PGD_eps0.3_it25,1707,1656,1.0,1.0,PGD,0.3,25,DoS Slowloris,
LR,PGD_eps0.3_it25,475,475,1.0,1.0,PGD,0.3,25,DoS Slowloris - Attempted,
LR,PGD_eps0.3_it25,5992,5992,1.0,1.0,PGD,0.3,25,FTP-BruteForce - Attempted,
LR,PGD_eps0.3_it25,41,40,0.775,0.7804878048780488,PGD,0.3,25,Infiltration - Communication Victim Attacker,
LR,PGD_eps0.3_it25,19,9,0.4444444444444444,0.21052631578947367,PGD,0.3,25,Infiltration - Dropbox Download,
LR,PGD_eps0.3_it25,7,0,,0.14285714285714285,PGD,0.3,25,Infiltration - Dropbox Download - Attempted,
LR,PGD_eps0.3_it25,6048,4996,0.9459567654123299,0.9474206349206349,PGD,0.3,25,Infiltration - NMAP Portscan,
LR,PGD_eps0.3_it25,5985,5985,1.0,1.0,PGD,0.3,25,SSH-BruteForce,
LR,PGD_eps0.3_it25,24,24,0.0,0.0,PGD,0.3,25,Web Attack - Brute Force,
LR,PGD_eps0.3_it25,30,0,,0.9333333333333333,PGD,0.3,25,Web Attack - Brute Force - Attempted,
LR,PGD_eps0.3_it25,8,3,1.0,0.5,PGD,0.3,25,Web Attack - SQL,
LR,PGD_eps0.3_it25,3,0,,0.3333333333333333,PGD,0.3,25,Web Attack - SQL - Attempted,
LR,PGD_eps0.3_it25,18,0,,1.0,PGD,0.3,25,Web Attack - XSS,
LR,PGD_eps0.3_it25,1,0,,0.0,PGD,0.3,25,Web Attack - XSS - Attempted,
SVM,PGD_eps0.3_it25,60000,0,,,PGD,0.3,25,Benign,
SVM,PGD_eps0.3_it25,5986,5983,1.0,1.0,PGD,0.3,25,Botnet Ares,
SVM,PGD_eps0.3_it25,52,52,1.0,1.0,PGD,0.3,25,Botnet Ares - Attempted,
SVM,PGD_eps0.3_it25,5940,5940,1.0,1.0,PGD,0.3,25,DDoS-HOIC,
SVM,PGD_eps0.3_it25,5944,5944,0.9998317631224765,0.9998317631224765,PGD,0.3,25,DDoS-LOIC-HTTP,
SVM,PGD_eps0.3_it25,485,484,0.01859504132231405,0.020618556701030927,PGD,0.3,25,DDoS-LOIC-UDP,
SVM,PGD_eps0.3_it25,67,0,,0.7761194029850746,PGD,0.3,25,DDoS-LOIC-UDP - Attempted,
SVM,PGD_eps0.3_it25,4542,4542,1.0,1.0,PGD,0.3,25,DoS GoldenEye,
SVM,PGD_eps0.3_it25,851,851,1.0,1.0,PGD,0.3,25,DoS GoldenEye - Attempted,
SVM,PGD_eps0.3_it25,6058,6052,1.0,1.0,PGD,0.3,25,DoS Hulk,
SVM,PGD_eps0.3_it25,20,20,1.0,1.0,PGD,0.3,25,DoS Hulk - Attempted,
SVM,PGD_eps0.3_it25,1707,1656,1.0,1.0,PGD,0.3,25,DoS Slowloris,
SVM,PGD_eps0.3_it25,475,475,1.0,1.0,PGD,0.3,25,DoS Slowloris - Attempted,
SVM,PGD_eps0.3_it25,5992,5992,1.0,1.0,PGD,0.3,25,FTP-BruteForce - Attempted,
SVM,PGD_eps0.3_it25,41,39,0.9487179487179487,0.9512195121951219,PGD,0.3,25,Infiltration - Communication Victim Attacker,
SVM,PGD_eps0.3_it25,19,4,0.5,0.21052631578947367,PGD,0.3,25,Infiltration - Dropbox Download,
SVM,PGD_eps0.3_it25,7,0,,0.0,PGD,0.3,25,Infiltration - Dropbox Download - Attempted,
SVM,PGD_eps0.3_it25,6048,5078,0.9789287120913746,0.9742063492063492,PGD,0.3,25,Infiltration - NMAP Portscan,
SVM,PGD_eps0.3_it25,5985,5985,1.0,1.0,PGD,0.3,25,SSH-BruteForce,
SVM,PGD_eps0.3_it25,24,24,1.0,1.0,PGD,0.3,25,Web Attack - Brute Force,
SVM,PGD_eps0.3_it25,30,0,,0.9333333333333333,PGD,0.3,25,Web Attack - Brute Force - Attempted,
SVM,PGD_eps0.3_it25,8,4,0.75,0.5,PGD,0.3,25,Web Attack - SQL,
SVM,PGD_eps0.3_it25,3,0,,0.3333333333333333,PGD,0.3,25,Web Attack - SQL - Attempted,
SVM,PGD_eps0.3_it25,18,17,1.0,1.0,PGD,0.3,25,Web Attack - XSS,
SVM,PGD_eps0.3_it25,1,1,0.0,0.0,PGD,0.3,25,Web Attack - XSS - Attempted,
RF,PGD_eps0.3_it25,60000,0,,,PGD,0.3,25,Benign,
RF,PGD_eps0.3_it25,5986,5986,1.0,1.0,PGD,0.3,25,Botnet Ares,
RF,PGD_eps0.3_it25,52,52,1.0,1.0,PGD,0.3,25,Botnet Ares - Attempted,
RF,PGD_eps0.3_it25,5940,5940,1.0,1.0,PGD,0.3,25,DDoS-HOIC,
RF,PGD_eps0.3_it25,5944,5944,1.0,1.0,PGD,0.3,25,DDoS-LOIC-HTTP,
RF,PGD_eps0.3_it25,485,485,0.5896907216494846,0.5896907216494846,PGD,0.3,25,DDoS-LOIC-UDP,
RF,PGD_eps0.3_it25,67,65,1.0,1.0,PGD,0.3,25,DDoS-LOIC-UDP - Attempted,
RF,PGD_eps0.3_it25,4542,4542,1.0,1.0,PGD,0.3,25,DoS GoldenEye,
RF,PGD_eps0.3_it25,851,851,1.0,1.0,PGD,0.3,25,DoS GoldenEye - Attempted,
RF,PGD_eps0.3_it25,6058,6058,1.0,1.0,PGD,0.3,25,DoS Hulk,
RF,PGD_eps0.3_it25,20,20,1.0,1.0,PGD,0.3,25,DoS Hulk - Attempted,
RF,PGD_eps0.3_it25,1707,1707,0.9173989455184535,0.9173989455184535,PGD,0.3,25,DoS Slowloris,
RF,PGD_eps0.3_it25,475,475,1.0,1.0,PGD,0.3,25,DoS Slowloris - Attempted,
RF,PGD_eps0.3_it25,5992,5992,1.0,1.0,PGD,0.3,25,FTP-BruteForce - Attempted,
RF,PGD_eps0.3_it25,41,41,0.926829268292683,0.926829268292683,PGD,0.3,25,Infiltration - Communication Victim Attacker,
RF,PGD_eps0.3_it25,19,11,1.0,1.0,PGD,0.3,25,Infiltration - Dropbox Download,
RF,PGD_eps0.3_it25,7,0,,1.0,PGD,0.3,25,Infiltration - Dropbox Download - Attempted,
RF,PGD_eps0.3_it25,6048,6046,0.9890836916969897,0.9890873015873016,PGD,0.3,25,Infiltration - NMAP Portscan,
RF,PGD_eps0.3_it25,5985,5985,1.0,1.0,PGD,0.3,25,SSH-BruteForce,
RF,PGD_eps0.3_it25,24,24,1.0,1.0,PGD,0.3,25,Web Attack - Brute Force,
RF,PGD_eps0.3_it25,30,29,0.9655172413793104,0.9666666666666667,PGD,0.3,25,Web Attack - Brute Force - Attempted,
RF,PGD_eps0.3_it25,8,7,0.14285714285714285,0.25,PGD,0.3,25,Web Attack - SQL,
RF,PGD_eps0.3_it25,3,3,0.3333333333333333,0.3333333333333333,PGD,0.3,25,Web Attack - SQL - Attempted,
RF,PGD_eps0.3_it25,18,18,0.9444444444444444,0.9444444444444444,PGD,0.3,25,Web Attack - XSS,
RF,PGD_eps0.3_it25,1,1,0.0,0.0,PGD,0.3,25,Web Attack - XSS - Attempted,
MLP,PGD_eps0.3_it25,60000,0,,,PGD,0.3,25,Benign,
MLP,PGD_eps0.3_it25,5986,5986,0.9943200801871033,0.9943200801871033,PGD,0.3,25,Botnet Ares,
MLP,PGD_eps0.3_it25,52,52,1.0,1.0,PGD,0.3,25,Botnet Ares - Attempted,
MLP,PGD_eps0.3_it25,5940,5940,1.0,1.0,PGD,0.3,25,DDoS-HOIC,
MLP,PGD_eps0.3_it25,5944,5943,1.0,0.9998317631224765,PGD,0.3,25,DDoS-LOIC-HTTP,
MLP,PGD_eps0.3_it25,485,485,0.008247422680412371,0.008247422680412371,PGD,0.3,25,DDoS-LOIC-UDP,
MLP,PGD_eps0.3_it25,67,52,1.0,0.7761194029850746,PGD,0.3,25,DDoS-LOIC-UDP - Attempted,
MLP,PGD_eps0.3_it25,4542,4542,1.0,1.0,PGD,0.3,25,DoS GoldenEye,
MLP,PGD_eps0.3_it25,851,851,1.0,1.0,PGD,0.3,25,DoS GoldenEye - Attempted,
MLP,PGD_eps0.3_it25,6058,6058,1.0,1.0,PGD,0.3,25,DoS Hulk,
MLP,PGD_eps0.3_it25,20,20,1.0,1.0,PGD,0.3,25,DoS Hulk - Attempted,
MLP,PGD_eps0.3_it25,1707,1707,1.0,1.0,PGD,0.3,25,DoS Slowloris,
MLP,PGD_eps0.3_it25,475,475,1.0,1.0,PGD,0.3,25,DoS Slowloris - Attempted,
MLP,PGD_eps0.3_it25,5992,5992,1.0,1.0,PGD,0.3,25,FTP-BruteForce - Attempted,
MLP,PGD_eps0.3_it25,41,39,0.8205128205128205,0.8048780487804879,PGD,0.3,25,Infiltration - Communication Victim Attacker,
MLP,PGD_eps0.3_it25,19,4,1.0,0.3157894736842105,PGD,0.3,25,Infiltration - Dropbox Download,
MLP,PGD_eps0.3_it25,7,0,,0.14285714285714285,PGD,0.3,25,Infiltration - Dropbox Download - Attempted,
MLP,PGD_eps0.3_it25,6048,5997,1.0,0.9917328042328042,PGD,0.3,25,Infiltration - NMAP Portscan,
MLP,PGD_eps0.3_it25,5985,5985,1.0,1.0,PGD,0.3,25,SSH-BruteForce,
MLP,PGD_eps0.3_it25,24,24,1.0,1.0,PGD,0.3,25,Web Attack - Brute Force,
MLP,PGD_eps0.3_it25,30,28,1.0,0.9333333333333333,PGD,0.3,25,Web Attack - Brute Force - Attempted,
MLP,PGD_eps0.3_it25,8,4,1.0,0.5,PGD,0.3,25,Web Attack - SQL,
MLP,PGD_eps0.3_it25,3,1,1.0,0.3333333333333333,PGD,0.3,25,Web Attack - SQL - Attempted,
MLP,PGD_eps0.3_it25,18,18,0.05555555555555555,0.05555555555555555,PGD,0.3,25,Web Attack - XSS,
MLP,PGD_eps0.3_it25,1,0,,0.0,PGD,0.3,25,Web Attack - XSS - Attempted,
LR,PGD_eps0.5_it10,60000,0,,,PGD,0.5,10,Benign,
LR,PGD_eps0.5_it10,5986,5986,1.0,1.0,PGD,0.5,10,Botnet Ares,
LR,PGD_eps0.5_it10,52,52,1.0,1.0,PGD,0.5,10,Botnet Ares - Attempted,
LR,PGD_eps0.5_it10,5940,5940,1.0,1.0,PGD,0.5,10,DDoS-HOIC,
LR,PGD_eps0.5_it10,5944,5944,0.9998317631224765,0.9998317631224765,PGD,0.5,10,DDoS-LOIC-HTTP,
LR,PGD_eps0.5_it10,485,482,0.022821576763485476,0.0288659793814433,PGD,0.5,10,DDoS-LOIC-UDP,
LR,PGD_eps0.5_it10,67,0,,0.7761194029850746,PGD,0.5,10,DDoS-LOIC-UDP - Attempted,
LR,PGD_eps0.5_it10,4542,4542,1.0,1.0,PGD,0.5,10,DoS GoldenEye,
LR,PGD_eps0.5_it10,851,851,1.0,1.0,PGD,0.5,10,DoS GoldenEye - Attempted,
LR,PGD_eps0.5_it10,6058,6052,1.0,1.0,PGD,0.5,10,DoS Hulk,
LR,PGD_eps0.5_it10,20,20,1.0,1.0,PGD,0.5,10,DoS Hulk - Attempted,
LR,PGD_eps0.5_it10,1707,1656,1.0,1.0,PGD,0.5,10,DoS Slowloris,
LR,PGD_eps0.5_it10,475,475,1.0,1.0,PGD,0.5,10,DoS Slowloris - Attempted,
LR,PGD_eps0.5_it10,5992,5992,1.0,1.0,PGD,0.5,10,FTP-BruteForce - Attempted,
LR,PGD_eps0.5_it10,41,40,0.825,0.8292682926829268,PGD,0.5,10,Infiltration - Communication Victim Attacker,
LR,PGD_eps0.5_it10,19,9,0.4444444444444444,0.21052631578947367,PGD,0.5,10,Infiltration - Dropbox Download,
LR,PGD_eps0.5_it10,7,0,,0.14285714285714285,PGD,0.5,10,Infiltration - Dropbox Download - Attempted,
LR,PGD_eps0.5_it10,6048,4996,0.9765812650120096,0.972718253968254,PGD,0.5,10,Infiltration - NMAP Portscan,
LR,PGD_eps0.5_it10,5985,5985,1.0,1.0,PGD,0.5,10,SSH-BruteForce,
LR,PGD_eps0.5_it10,24,24,1.0,1.0,PGD,0.5,10,Web Attack - Brute Force,
LR,PGD_eps0.5_it10,30,0,,0.9333333333333333,PGD,0.5,10,Web Attack - Brute Force - Attempted,
LR,PGD_eps0.5_it10,8,3,1.0,0.5,PGD,0.5,10,Web Attack - SQL,
LR,PGD_eps0.5_it10,3,0,,0.3333333333333333,PGD,0.5,10,Web Attack - SQL - Attempted,
LR,PGD_eps0.5_it10,18,0,,1.0,PGD,0.5,10,Web Attack - XSS,
LR,PGD_eps0.5_it10,1,0,,0.0,PGD,0.5,10,Web Attack - XSS - Attempted,
SVM,PGD_eps0.5_it10,60000,0,,,PGD,0.5,10,Benign,
SVM,PGD_eps0.5_it10,5986,5983,1.0,1.0,PGD,0.5,10,Botnet Ares,
SVM,PGD_eps0.5_it10,52,52,1.0,1.0,PGD,0.5,10,Botnet Ares - Attempted,
SVM,PGD_eps0.5_it10,5940,5940,1.0,1.0,PGD,0.5,10,DDoS-HOIC,
SVM,PGD_eps0.5_it10,5944,5944,0.9998317631224765,0.9998317631224765,PGD,0.5,10,DDoS-LOIC-HTTP,
SVM,PGD_eps0.5_it10,485,484,0.022727272727272728,0.024742268041237112,PGD,0.5,10,DDoS-LOIC-UDP,
SVM,PGD_eps0.5_it10,67,0,,0.7761194029850746,PGD,0.5,10,DDoS-LOIC-UDP - Attempted,
SVM,PGD_eps0.5_it10,4542,4542,1.0,1.0,PGD,0.5,10,DoS GoldenEye,
SVM,PGD_eps0.5_it10,851,851,1.0,1.0,PGD,0.5,10,DoS GoldenEye - Attempted,
SVM,PGD_eps0.5_it10,6058,6052,1.0,1.0,PGD,0.5,10,DoS Hulk,
SVM,PGD_eps0.5_it10,20,20,1.0,1.0,PGD,0.5,10,DoS Hulk - Attempted,
SVM,PGD_eps0.5_it10,1707,1656,1.0,1.0,PGD,0.5,10,DoS Slowloris,
SVM,PGD_eps0.5_it10,475,475,1.0,1.0,PGD,0.5,10,DoS Slowloris - Attempted,
SVM,PGD_eps0.5_it10,5992,5992,1.0,1.0,PGD,0.5,10,FTP-BruteForce - Attempted,
SVM,PGD_eps0.5_it10,41,39,0.9743589743589743,0.975609756097561,PGD,0.5,10,Infiltration - Communication Victim Attacker,
SVM,PGD_eps0.5_it10,19,4,0.5,0.21052631578947367,PGD,0.5,10,Infiltration - Dropbox Download,
SVM,PGD_eps0.5_it10,7,0,,0.0,PGD,0.5,10,Infiltration - Dropbox Download - Attempted,
SVM,PGD_eps0.5_it10,6048,5078,0.9830641985033478,0.9776785714285714,PGD,0.5,10,Infiltration - NMAP Portscan,
SVM,PGD_eps0.5_it10,5985,5985,1.0,1.0,PGD,0.5,10,SSH-BruteForce,
SVM,PGD_eps0.5_it10,24,24,1.0,1.0,PGD,0.5,10,Web Attack - Brute Force,
SVM,PGD_eps0.5_it10,30,0,,0.9333333333333333,PGD,0.5,10,Web Attack - Brute Force - Attempted,
SVM,PGD_eps0.5_it10,8,4,0.75,0.5,PGD,0.5,10,Web Attack - SQL,
SVM,PGD_eps0.5_it10,3,0,,0.3333333333333333,PGD,0.5,10,Web Attack - SQL - Attempted,
SVM,PGD_eps0.5_it10,18,17,1.0,1.0,PGD,0.5,10,Web Attack - XSS,
SVM,PGD_eps0.5_it10,1,1,0.0,0.0,PGD,0.5,10,Web Attack - XSS - Attempted,
RF,PGD_eps0.5_it10,60000,0,,,PGD,0.5,10,Benign,
RF,PGD_eps0.5_it10,5986,5986,1.0,1.0,PGD,0.5,10,Botnet Ares,
RF,PGD_eps0.5_it10,52,52,1.0,1.0,PGD,0.5,10,Botnet Ares - Attempted,
RF,PGD_eps0.5_it10,5940,5940,1.0,1.0,PGD,0.5,10,DDoS-HOIC,
RF,PGD_eps0.5_it10,5944,5944,1.0,1.0,PGD,0.5,10,DDoS-LOIC-HTTP,
RF,PGD_eps0.5_it10,485,485,0.5896907216494846,0.5896907216494846,PGD,0.5,10,DDoS-LOIC-UDP,
RF,PGD_eps0.5_it10,67,65,1.0,1.0,PGD,0.5,10,DDoS-LOIC-UDP - Attempted,
RF,PGD_eps0.5_it10,4542,4542,1.0,1.0,PGD,0.5,10,DoS GoldenEye,
RF,PGD_eps0.5_it10,851,851,1.0,1.0,PGD,0.5,10,DoS GoldenEye - Attempted,
RF,PGD_eps0.5_it10,6058,6058,1.0,1.0,PGD,0.5,10,DoS Hulk,
RF,PGD_eps0.5_it10,20,20,0.35,0.35,PGD,0.5,10,DoS Hulk - Attempted,
RF,PGD_eps0.5_it10,1707,1707,0.705916813122437,0.705916813122437,PGD,0.5,10,DoS Slowloris,
RF,PGD_eps0.5_it10,475,475,1.0,1.0,PGD,0.5,10,DoS Slowloris - Attempted,
RF,PGD_eps0.5_it10,5992,5992,1.0,1.0,PGD,0.5,10,FTP-BruteForce - Attempted,
RF,PGD_eps0.5_it10,41,41,0.975609756097561,0.975609756097561,PGD,0.5,10,Infiltration - Communication Victim Attacker,
RF,PGD_eps0.5_it10,19,11,0.9090909090909091,0.8421052631578947,PGD,0.5,10,Infiltration - Dropbox Download,
RF,PGD_eps0.5_it10,7,0,,1.0,PGD,0.5,10,Infiltration - Dropbox Download - Attempted,
RF,PGD_eps0.5_it10,6048,6046,0.9768441945087661,0.9768518518518519,PGD,0.5,10,Infiltration - NMAP Portscan,
RF,PGD_eps0.5_it10,5985,5985,1.0,1.0,PGD,0.5,10,SSH-BruteForce,
RF,PGD_eps0.5_it10,24,24,1.0,1.0,PGD,0.5,10,Web Attack - Brute Force,
RF,PGD_eps0.5_it10,30,29,1.0,1.0,PGD,0.5,10,Web Attack - Brute Force - Attempted,
RF,PGD_eps0.5_it10,8,7,0.2857142857142857,0.375,PGD,0.5,10,Web Attack - SQL,
RF,PGD_eps0.5_it10,3,3,0.3333333333333333,0.3333333333333333,PGD,0.5,10,Web Attack - SQL - Attempted,
RF,PGD_eps0.5_it10,18,18,0.9444444444444444,0.9444444444444444,PGD,0.5,10,Web Attack - XSS,
RF,PGD_eps0.5_it10,1,1,0.0,0.0,PGD,0.5,10,Web Attack - XSS - Attempted,
MLP,PGD_eps0.5_it10,60000,0,,,PGD,0.5,10,Benign,
MLP,PGD_eps0.5_it10,5986,5986,0.9959906448379552,0.9959906448379552,PGD,0.5,10,Botnet Ares,
MLP,PGD_eps0.5_it10,52,52,1.0,1.0,PGD,0.5,10,Botnet Ares - Attempted,
MLP,PGD_eps0.5_it10,5940,5940,1.0,1.0,PGD,0.5,10,DDoS-HOIC,
MLP,PGD_eps0.5_it10,5944,5943,1.0,0.9998317631224765,PGD,0.5,10,DDoS-LOIC-HTTP,
MLP,PGD_eps0.5_it10,485,485,0.07835051546391752,0.07835051546391752,PGD,0.5,10,DDoS-LOIC-UDP,
MLP,PGD_eps0.5_it10,67,52,1.0,0.7761194029850746,PGD,0.5,10,DDoS-LOIC-UDP - Attempted,
MLP,PGD_eps0.5_it10,4542,4542,1.0,1.0,PGD,0.5,10,DoS GoldenEye,
MLP,PGD_eps0.5_it10,851,851,1.0,1.0,PGD,0.5,10,DoS GoldenEye - Attempted,
MLP,PGD_eps0.5_it10,6058,6058,1.0,1.0,PGD,0.5,10,DoS Hulk,
MLP,PGD_eps0.5_it10,20,20,1.0,1.0,PGD,0.5,10,DoS Hulk - Attempted,
MLP,PGD_eps0.5_it10,1707,1707,1.0,1.0,PGD,0.5,10,DoS Slowloris,
MLP,PGD_eps0.5_it10,475,475,1.0,1.0,PGD,0.5,10,DoS Slowloris - Attempted,
MLP,PGD_eps0.5_it10,5992,5992,1.0,1.0,PGD,0.5,10,FTP-BruteForce - Attempted,
MLP,PGD_eps0.5_it10,41,39,1.0,0.975609756097561,PGD,0.5,10,Infiltration - Communication Victim Attacker,
MLP,PGD_eps0.5_it10,19,4,1.0,0.3157894736842105,PGD,0.5,10,Infiltration - Dropbox Download,
MLP,PGD_eps0.5_it10,7,0,,0.14285714285714285,PGD,0.5,10,Infiltration - Dropbox Download - Attempted,
MLP,PGD_eps0.5_it10,6048,5997,1.0,0.9917328042328042,PGD,0.5,10,Infiltration - NMAP Portscan,
MLP,PGD_eps0.5_it10,5985,5985,1.0,1.0,PGD,0.5,10,SSH-BruteForce,
MLP,PGD_eps0.5_it10,24,24,1.0,1.0,PGD,0.5,10,Web Attack - Brute Force,
MLP,PGD_eps0.5_it10,30,28,1.0,0.9333333333333333,PGD,0.5,10,Web Attack - Brute Force - Attempted,
MLP,PGD_eps0.5_it10,8,4,1.0,0.5,PGD,0.5,10,Web Attack - SQL,
MLP,PGD_eps0.5_it10,3,1,1.0,0.3333333333333333,PGD,0.5,10,Web Attack - SQL - Attempted,
MLP,PGD_eps0.5_it10,18,18,0.9444444444444444,0.9444444444444444,PGD,0.5,10,Web Attack - XSS,
MLP,PGD_eps0.5_it10,1,0,,0.0,PGD,0.5,10,Web Attack - XSS - Attempted,
LR,PGD_eps0.5_it25,60000,0,,,PGD,0.5,25,Benign,
LR,PGD_eps0.5_it25,5986,5986,1.0,1.0,PGD,0.5,25,Botnet Ares,
LR,PGD_eps0.5_it25,52,52,1.0,1.0,PGD,0.5,25,Botnet Ares - Attempted,
LR,PGD_eps0.5_it25,5940,5940,1.0,1.0,PGD,0.5,25,DDoS-HOIC,
LR,PGD_eps0.5_it25,5944,5944,0.9998317631224765,0.9998317631224765,PGD,0.5,25,DDoS-LOIC-HTTP,
LR,PGD_eps0.5_it25,485,482,0.022821576763485476,0.0288659793814433,PGD,0.5,25,DDoS-LOIC-UDP,
LR,PGD_eps0.5_it25,67,0,,0.7761194029850746,PGD,0.5,25,DDoS-LOIC-UDP - Attempted,
LR,PGD_eps0.5_it25,4542,4542,1.0,1.0,PGD,0.5,25,DoS GoldenEye,
LR,PGD_eps0.5_it25,851,851,1.0,1.0,PGD,0.5,25,DoS GoldenEye - Attempted,
LR,PGD_eps0.5_it25,6058,6052,1.0,1.0,PGD,0.5,25,DoS Hulk,
LR,PGD_eps0.5_it25,20,20,1.0,1.0,PGD,0.5,25,DoS Hulk - Attempted,
LR,PGD_eps0.5_it25,1707,1656,1.0,1.0,PGD,0.5,25,DoS Slowloris,
LR,PGD_eps0.5_it25,475,475,1.0,1.0,PGD,0.5,25,DoS Slowloris - Attempted,
LR,PGD_eps0.5_it25,5992,5992,1.0,1.0,PGD,0.5,25,FTP-BruteForce - Attempted,
LR,PGD_eps0.5_it25,41,40,0.825,0.8292682926829268,PGD,0.5,25,Infiltration - Communication Victim Attacker,
LR,PGD_eps0.5_it25,19,9,0.4444444444444444,0.21052631578947367,PGD,0.5,25,Infiltration - Dropbox Download,
LR,PGD_eps0.5_it25,7,0,,0.14285714285714285,PGD,0.5,25,Infiltration - Dropbox Download - Attempted,
LR,PGD_eps0.5_it25,6048,4996,0.9769815852682145,0.9730489417989417,PGD,0.5,25,Infiltration - NMAP Portscan,
LR,PGD_eps0.5_it25,5985,5985,1.0,1.0,PGD,0.5,25,SSH-BruteForce,
LR,PGD_eps0.5_it25,24,24,1.0,1.0,PGD,0.5,25,Web Attack - Brute Force,
LR,PGD_eps0.5_it25,30,0,,0.9333333333333333,PGD,0.5,25,Web Attack - Brute Force - Attempted,
LR,PGD_eps0.5_it25,8,3,1.0,0.5,PGD,0.5,25,Web Attack - SQL,
LR,PGD_eps0.5_it25,3,0,,0.3333333333333333,PGD,0.5,25,Web Attack - SQL - Attempted,
LR,PGD_eps0.5_it25,18,0,,1.0,PGD,0.5,25,Web Attack - XSS,
LR,PGD_eps0.5_it25,1,0,,0.0,PGD,0.5,25,Web Attack - XSS - Attempted,
SVM,PGD_eps0.5_it25,60000,0,,,PGD,0.5,25,Benign,
SVM,PGD_eps0.5_it25,5986,5983,1.0,1.0,PGD,0.5,25,Botnet Ares,
SVM,PGD_eps0.5_it25,52,52,1.0,1.0,PGD,0.5,25,Botnet Ares - Attempted,
SVM,PGD_eps0.5_it25,5940,5940,1.0,1.0,PGD,0.5,25,DDoS-HOIC,
SVM,PGD_eps0.5_it25,5944,5944,0.9998317631224765,0.9998317631224765,PGD,0.5,25,DDoS-LOIC-HTTP,
SVM,PGD_eps0.5_it25,485,484,0.022727272727272728,0.024742268041237112,PGD,0.5,25,DDoS-LOIC-UDP,
SVM,PGD_eps0.5_it25,67,0,,0.7761194029850746,PGD,0.5,25,DDoS-LOIC-UDP - Attempted,
SVM,PGD_eps0.5_it25,4542,4542,1.0,1.0,PGD,0.5,25,DoS GoldenEye,
SVM,PGD_eps0.5_it25,851,851,1.0,1.0,PGD,0.5,25,DoS GoldenEye - Attempted,
SVM,PGD_eps0.5_it25,6058,6052,1.0,1.0,PGD,0.5,25,DoS Hulk,
SVM,PGD_eps0.5_it25,20,20,1.0,1.0,PGD,0.5,25,DoS Hulk - Attempted,
SVM,PGD_eps0.5_it25,1707,1656,1.0,1.0,PGD,0.5,25,DoS Slowloris,
SVM,PGD_eps0.5_it25,475,475,1.0,1.0,PGD,0.5,25,DoS Slowloris - Attempted,
SVM,PGD_eps0.5_it25,5992,5992,1.0,1.0,PGD,0.5,25,FTP-BruteForce - Attempted,
SVM,PGD_eps0.5_it25,41,39,0.9743589743589743,0.975609756097561,PGD,0.5,25,Infiltration - Communication Victim Attacker,
SVM,PGD_eps0.5_it25,19,4,0.5,0.21052631578947367,PGD,0.5,25,Infiltration - Dropbox Download,
SVM,PGD_eps0.5_it25,7,0,,0.0,PGD,0.5,25,Infiltration - Dropbox Download - Attempted,
SVM,PGD_eps0.5_it25,6048,5078,0.9830641985033478,0.9776785714285714,PGD,0.5,25,Infiltration - NMAP Portscan,
SVM,PGD_eps0.5_it25,5985,5985,1.0,1.0,PGD,0.5,25,SSH-BruteForce,
SVM,PGD_eps0.5_it25,24,24,1.0,1.0,PGD,0.5,25,Web Attack - Brute Force,
SVM,PGD_eps0.5_it25,30,0,,0.9333333333333333,PGD,0.5,25,Web Attack - Brute Force - Attempted,
SVM,PGD_eps0.5_it25,8,4,0.75,0.5,PGD,0.5,25,Web Attack - SQL,
SVM,PGD_eps0.5_it25,3,0,,0.3333333333333333,PGD,0.5,25,Web Attack - SQL - Attempted,
SVM,PGD_eps0.5_it25,18,17,1.0,1.0,PGD,0.5,25,Web Attack - XSS,
SVM,PGD_eps0.5_it25,1,1,0.0,0.0,PGD,0.5,25,Web Attack - XSS - Attempted,
RF,PGD_eps0.5_it25,60000,0,,,PGD,0.5,25,Benign,
RF,PGD_eps0.5_it25,5986,5986,1.0,1.0,PGD,0.5,25,Botnet Ares,
RF,PGD_eps0.5_it25,52,52,1.0,1.0,PGD,0.5,25,Botnet Ares - Attempted,
RF,PGD_eps0.5_it25,5940,5940,1.0,1.0,PGD,0.5,25,DDoS-HOIC,
RF,PGD_eps0.5_it25,5944,5944,1.0,1.0,PGD,0.5,25,DDoS-LOIC-HTTP,
RF,PGD_eps0.5_it25,485,485,0.5896907216494846,0.5896907216494846,PGD,0.5,25,DDoS-LOIC-UDP,
RF,PGD_eps0.5_it25,67,65,1.0,1.0,PGD,0.5,25,DDoS-LOIC-UDP - Attempted,
RF,PGD_eps0.5_it25,4542,4542,1.0,1.0,PGD,0.5,25,DoS GoldenEye,
RF,PGD_eps0.5_it25,851,851,1.0,1.0,PGD,0.5,25,DoS GoldenEye - Attempted,
RF,PGD_eps0.5_it25,6058,6058,1.0,1.0,PGD,0.5,25,DoS Hulk,
RF,PGD_eps0.5_it25,20,20,1.0,1.0,PGD,0.5,25,DoS Hulk - Attempted,
RF,PGD_eps0.5_it25,1707,1707,0.7709431751611013,0.7709431751611013,PGD,0.5,25,DoS Slowloris,
RF,PGD_eps0.5_it25,475,475,1.0,1.0,PGD,0.5,25,DoS Slowloris - Attempted,
RF,PGD_eps0.5_it25,5992,5992,1.0,1.0,PGD,0.5,25,FTP-BruteForce - Attempted,
RF,PGD_eps0.5_it25,41,41,0.975609756097561,0.975609756097561,PGD,0.5,25,Infiltration - Communication Victim Attacker,
RF,PGD_eps0.5_it25,19,11,1.0,0.9473684210526315,PGD,0.5,25,Infiltration - Dropbox Download,
RF,PGD_eps0.5_it25,7,0,,1.0,PGD,0.5,25,Infiltration - Dropbox Download - Attempted,
RF,PGD_eps0.5_it25,6048,6046,0.9928878597419781,0.9928902116402116,PGD,0.5,25,Infiltration - NMAP Portscan,
RF,PGD_eps0.5_it25,5985,5985,1.0,1.0,PGD,0.5,25,SSH-BruteForce,
RF,PGD_eps0.5_it25,24,24,1.0,1.0,PGD,0.5,25,Web Attack - Brute Force,
RF,PGD_eps0.5_it25,30,29,1.0,1.0,PGD,0.5,25,Web Attack - Brute Force - Attempted,
RF,PGD_eps0.5_it25,8,7,0.5714285714285714,0.625,PGD,0.5,25,Web Attack - SQL,
RF,PGD_eps0.5_it25,3,3,0.6666666666666666,0.6666666666666666,PGD,0.5,25,Web Attack - SQL - Attempted,
RF,PGD_eps0.5_it25,18,18,0.9444444444444444,0.9444444444444444,PGD,0.5,25,Web Attack - XSS,
RF,PGD_eps0.5_it25,1,1,0.0,0.0,PGD,0.5,25,Web Attack - XSS - Attempted,
MLP,PGD_eps0.5_it25,60000,0,,,PGD,0.5,25,Benign,
MLP,PGD_eps0.5_it25,5986,5986,0.9959906448379552,0.9959906448379552,PGD,0.5,25,Botnet Ares,
MLP,PGD_eps0.5_it25,52,52,1.0,1.0,PGD,0.5,25,Botnet Ares - Attempted,
MLP,PGD_eps0.5_it25,5940,5940,1.0,1.0,PGD,0.5,25,DDoS-HOIC,
MLP,PGD_eps0.5_it25,5944,5943,1.0,0.9998317631224765,PGD,0.5,25,DDoS-LOIC-HTTP,
MLP,PGD_eps0.5_it25,485,485,0.0865979381443299,0.0865979381443299,PGD,0.5,25,DDoS-LOIC-UDP,
MLP,PGD_eps0.5_it25,67,52,1.0,0.7761194029850746,PGD,0.5,25,DDoS-LOIC-UDP - Attempted,
MLP,PGD_eps0.5_it25,4542,4542,1.0,1.0,PGD,0.5,25,DoS GoldenEye,
MLP,PGD_eps0.5_it25,851,851,1.0,1.0,PGD,0.5,25,DoS GoldenEye - Attempted,
MLP,PGD_eps0.5_it25,6058,6058,1.0,1.0,PGD,0.5,25,DoS Hulk,
MLP,PGD_eps0.5_it25,20,20,1.0,1.0,PGD,0.5,25,DoS Hulk - Attempted,
MLP,PGD_eps0.5_it25,1707,1707,1.0,1.0,PGD,0.5,25,DoS Slowloris,
MLP,PGD_eps0.5_it25,475,475,1.0,1.0,PGD,0.5,25,DoS Slowloris - Attempted,
MLP,PGD_eps0.5_it25,5992,5992,1.0,1.0,PGD,0.5,25,FTP-BruteForce - Attempted,
MLP,PGD_eps0.5_it25,41,39,1.0,0.975609756097561,PGD,0.5,25,Infiltration - Communication Victim Attacker,
MLP,PGD_eps0.5_it25,19,4,1.0,0.3157894736842105,PGD,0.5,25,Infiltration - Dropbox Download,
MLP,PGD_eps0.5_it25,7,0,,0.14285714285714285,PGD,0.5,25,Infiltration - Dropbox Download - Attempted,
MLP,PGD_eps0.5_it25,6048,5997,1.0,0.9917328042328042,PGD,0.5,25,Infiltration - NMAP Portscan,
MLP,PGD_eps0.5_it25,5985,5985,1.0,1.0,PGD,0.5,25,SSH-BruteForce,
MLP,PGD_eps0.5_it25,24,24,1.0,1.0,PGD,0.5,25,Web Attack - Brute Force,
MLP,PGD_eps0.5_it25,30,28,1.0,0.9333333333333333,PGD,0.5,25,Web Attack - Brute Force - Attempted,
MLP,PGD_eps0.5_it25,8,4,1.0,0.5,PGD,0.5,25,Web Attack - SQL,
MLP,PGD_eps0.5_it25,3,1,1.0,0.3333333333333333,PGD,0.5,25,Web Attack - SQL - Attempted,
MLP,PGD_eps0.5_it25,18,18,1.0,1.0,PGD,0.5,25,Web Attack - XSS,
MLP,PGD_eps0.5_it25,1,0,,0.0,PGD,0.5,25,Web Attack - XSS - Attempted,
LR,PGD_eps0.75_it10,60000,0,,,PGD,0.75,10,Benign,
LR,PGD_eps0.75_it10,5986,5986,1.0,1.0,PGD,0.75,10,Botnet Ares,
LR,PGD_eps0.75_it10,52,52,1.0,1.0,PGD,0.75,10,Botnet Ares - Attempted,
LR,PGD_eps0.75_it10,5940,5940,1.0,1.0,PGD,0.75,10,DDoS-HOIC,
LR,PGD_eps0.75_it10,5944,5944,0.9998317631224765,0.9998317631224765,PGD,0.75,10,DDoS-LOIC-HTTP,
LR,PGD_eps0.75_it10,485,482,0.024896265560165973,0.030927835051546393,PGD,0.75,10,DDoS-LOIC-UDP,
LR,PGD_eps0.75_it10,67,0,,0.7761194029850746,PGD,0.75,10,DDoS-LOIC-UDP - Attempted,
LR,PGD_eps0.75_it10,4542,4542,1.0,1.0,PGD,0.75,10,DoS GoldenEye,
LR,PGD_eps0.75_it10,851,851,1.0,1.0,PGD,0.75,10,DoS GoldenEye - Attempted,
LR,PGD_eps0.75_it10,6058,6052,1.0,1.0,PGD,0.75,10,DoS Hulk,
LR,PGD_eps0.75_it10,20,20,1.0,1.0,PGD,0.75,10,DoS Hulk - Attempted,
LR,PGD_eps0.75_it10,1707,1656,1.0,1.0,PGD,0.75,10,DoS Slowloris,
LR,PGD_eps0.75_it10,475,475,1.0,1.0,PGD,0.75,10,DoS Slowloris - Attempted,
LR,PGD_eps0.75_it10,5992,5992,1.0,1.0,PGD,0.75,10,FTP-BruteForce - Attempted,
LR,PGD_eps0.75_it10,41,40,0.825,0.8292682926829268,PGD,0.75,10,Infiltration - Communication Victim Attacker,
LR,PGD_eps0.75_it10,19,9,0.4444444444444444,0.21052631578947367,PGD,0.75,10,Infiltration - Dropbox Download,
LR,PGD_eps0.75_it10,7,0,,0.14285714285714285,PGD,0.75,10,Infiltration - Dropbox Download - Attempted,
LR,PGD_eps0.75_it10,6048,4996,0.9835868694955965,0.978505291005291,PGD,0.75,10,Infiltration - NMAP Portscan,
LR,PGD_eps0.75_it10,5985,5985,1.0,1.0,PGD,0.75,10,SSH-BruteForce,
LR,PGD_eps0.75_it10,24,24,1.0,1.0,PGD,0.75,10,Web Attack - Brute Force,
LR,PGD_eps0.75_it10,30,0,,0.9333333333333333,PGD,0.75,10,Web Attack - Brute Force - Attempted,
LR,PGD_eps0.75_it10,8,3,1.0,0.5,PGD,0.75,10,Web Attack - SQL,
LR,PGD_eps0.75_it10,3,0,,0.3333333333333333,PGD,0.75,10,Web Attack - SQL - Attempted,
LR,PGD_eps0.75_it10,18,0,,1.0,PGD,0.75,10,Web Attack - XSS,
LR,PGD_eps0.75_it10,1,0,,0.0,PGD,0.75,10,Web Attack - XSS - Attempted,
SVM,PGD_eps0.75_it10,60000,0,,,PGD,0.75,10,Benign,
SVM,PGD_eps0.75_it10,5986,5983,1.0,1.0,PGD,0.75,10,Botnet Ares,
SVM,PGD_eps0.75_it10,52,52,1.0,1.0,PGD,0.75,10,Botnet Ares - Attempted,
SVM,PGD_eps0.75_it10,5940,5940,1.0,1.0,PGD,0.75,10,DDoS-HOIC,
SVM,PGD_eps0.75_it10,5944,5944,0.9998317631224765,0.9998317631224765,PGD,0.75,10,DDoS-LOIC-HTTP,
SVM,PGD_eps0.75_it10,485,484,0.024793388429752067,0.026804123711340205,PGD,0.75,10,DDoS-LOIC-UDP,
SVM,PGD_eps0.75_it10,67,0,,0.7761194029850746,PGD,0.75,10,DDoS-LOIC-UDP - Attempted,
SVM,PGD_eps0.75_it10,4542,4542,1.0,1.0,PGD,0.75,10,DoS GoldenEye,
SVM,PGD_eps0.75_it10,851,851,1.0,1.0,PGD,0.75,10,DoS GoldenEye - Attempted,
SVM,PGD_eps0.75_it10,6058,6052,1.0,1.0,PGD,0.75,10,DoS Hulk,
SVM,PGD_eps0.75_it10,20,20,1.0,1.0,PGD,0.75,10,DoS Hulk - Attempted,
SVM,PGD_eps0.75_it10,1707,1656,1.0,1.0,PGD,0.75,10,DoS Slowloris,
SVM,PGD_eps0.75_it10,475,475,1.0,1.0,PGD,0.75,10,DoS Slowloris - Attempted,
SVM,PGD_eps0.75_it10,5992,5992,1.0,1.0,PGD,0.75,10,FTP-BruteForce - Attempted,
SVM,PGD_eps0.75_it10,41,39,0.9743589743589743,0.975609756097561,PGD,0.75,10,Infiltration - Communication Victim Attacker,
SVM,PGD_eps0.75_it10,19,4,0.5,0.21052631578947367,PGD,0.75,10,Infiltration - Dropbox Download,
SVM,PGD_eps0.75_it10,7,0,,0.0,PGD,0.75,10,Infiltration - Dropbox Download - Attempted,
SVM,PGD_eps0.75_it10,6048,5078,0.9846396218983852,0.9790013227513228,PGD,0.75,10,Infiltration - NMAP Portscan,
SVM,PGD_eps0.75_it10,5985,5985,1.0,1.0,PGD,0.75,10,SSH-BruteForce,
SVM,PGD_eps0.75_it10,24,24,1.0,1.0,PGD,0.75,10,Web Attack - Brute Force,
SVM,PGD_eps0.75_it10,30,0,,0.9333333333333333,PGD,0.75,10,Web Attack - Brute Force - Attempted,
SVM,PGD_eps0.75_it10,8,4,0.75,0.5,PGD,0.75,10,Web Attack - SQL,
SVM,PGD_eps0.75_it10,3,0,,0.3333333333333333,PGD,0.75,10,Web Attack - SQL - Attempted,
SVM,PGD_eps0.75_it10,18,17,1.0,1.0,PGD,0.75,10,Web Attack - XSS,
SVM,PGD_eps0.75_it10,1,1,0.0,0.0,PGD,0.75,10,Web Attack - XSS - Attempted,
RF,PGD_eps0.75_it10,60000,0,,,PGD,0.75,10,Benign,
RF,PGD_eps0.75_it10,5986,5986,1.0,1.0,PGD,0.75,10,Botnet Ares,
RF,PGD_eps0.75_it10,52,52,1.0,1.0,PGD,0.75,10,Botnet Ares - Attempted,
RF,PGD_eps0.75_it10,5940,5940,1.0,1.0,PGD,0.75,10,DDoS-HOIC,
RF,PGD_eps0.75_it10,5944,5944,0.9700538358008075,0.9700538358008075,PGD,0.75,10,DDoS-LOIC-HTTP,
RF,PGD_eps0.75_it10,485,485,0.5938144329896907,0.5938144329896907,PGD,0.75,10,DDoS-LOIC-UDP,
RF,PGD_eps0.75_it10,67,65,1.0,1.0,PGD,0.75,10,DDoS-LOIC-UDP - Attempted,
RF,PGD_eps0.75_it10,4542,4542,1.0,1.0,PGD,0.75,10,DoS GoldenEye,
RF,PGD_eps0.75_it10,851,851,1.0,1.0,PGD,0.75,10,DoS GoldenEye - Attempted,
RF,PGD_eps0.75_it10,6058,6058,1.0,1.0,PGD,0.75,10,DoS Hulk,
RF,PGD_eps0.75_it10,20,20,1.0,1.0,PGD,0.75,10,DoS Hulk - Attempted,
RF,PGD_eps0.75_it10,1707,1707,0.7346221441124781,0.7346221441124781,PGD,0.75,10,DoS Slowloris,
RF,PGD_eps0.75_it10,475,475,1.0,1.0,PGD,0.75,10,DoS Slowloris - Attempted,
RF,PGD_eps0.75_it10,5992,5992,1.0,1.0,PGD,0.75,10,FTP-BruteForce - Attempted,
RF,PGD_eps0.75_it10,41,41,0.975609756097561,0.975609756097561,PGD,0.75,10,Infiltration - Communication Victim Attacker,
RF,PGD_eps0.75_it10,19,11,0.8181818181818182,0.7894736842105263,PGD,0.75,10,Infiltration - Dropbox Download,
RF,PGD_eps0.75_it10,7,0,,1.0,PGD,0.75,10,Infiltration - Dropbox Download - Attempted,
RF,PGD_eps0.75_it10,6048,6046,0.9917300694674165,0.9917328042328042,PGD,0.75,10,Infiltration - NMAP Portscan,
RF,PGD_eps0.75_it10,5985,5985,1.0,1.0,PGD,0.75,10,SSH-BruteForce,
RF,PGD_eps0.75_it10,24,24,1.0,1.0,PGD,0.75,10,Web Attack - Brute Force,
RF,PGD_eps0.75_it10,30,29,1.0,0.9666666666666667,PGD,0.75,10,Web Attack - Brute Force - Attempted,
RF,PGD_eps0.75_it10,8,7,0.5714285714285714,0.625,PGD,0.75,10,Web Attack - SQL,
RF,PGD_eps0.75_it10,3,3,0.3333333333333333,0.3333333333333333,PGD,0.75,10,Web Attack - SQL - Attempted,
RF,PGD_eps0.75_it10,18,18,0.9444444444444444,0.9444444444444444,PGD,0.75,10,Web Attack - XSS,
RF,PGD_eps0.75_it10,1,1,0.0,0.0,PGD,0.75,10,Web Attack - XSS - Attempted,
MLP,PGD_eps0.75_it10,60000,0,,,PGD,0.75,10,Benign,
MLP,PGD_eps0.75_it10,5986,5986,0.9989976612094889,0.9989976612094889,PGD,0.75,10,Botnet Ares,
MLP,PGD_eps0.75_it10,52,52,1.0,1.0,PGD,0.75,10,Botnet Ares - Attempted,
MLP,PGD_eps0.75_it10,5940,5940,1.0,1.0,PGD,0.75,10,DDoS-HOIC,
MLP,PGD_eps0.75_it10,5944,5943,1.0,0.9998317631224765,PGD,0.75,10,DDoS-LOIC-HTTP,
MLP,PGD_eps0.75_it10,485,485,0.5463917525773195,0.5463917525773195,PGD,0.75,10,DDoS-LOIC-UDP,
MLP,PGD_eps0.75_it10,67,52,1.0,0.7761194029850746,PGD,0.75,10,DDoS-LOIC-UDP - Attempted,
MLP,PGD_eps0.75_it10,4542,4542,1.0,1.0,PGD,0.75,10,DoS GoldenEye,
MLP,PGD_eps0.75_it10,851,851,1.0,1.0,PGD,0.75,10,DoS GoldenEye - Attempted,
MLP,PGD_eps0.75_it10,6058,6058,1.0,1.0,PGD,0.75,10,DoS Hulk,
MLP,PGD_eps0.75_it10,20,20,1.0,1.0,PGD,0.75,10,DoS Hulk - Attempted,
MLP,PGD_eps0.75_it10,1707,1707,1.0,1.0,PGD,0.75,10,DoS Slowloris,
MLP,PGD_eps0.75_it10,475,475,1.0,1.0,PGD,0.75,10,DoS Slowloris - Attempted,
MLP,PGD_eps0.75_it10,5992,5992,1.0,1.0,PGD,0.75,10,FTP-BruteForce - Attempted,
MLP,PGD_eps0.75_it10,41,39,1.0,0.975609756097561,PGD,0.75,10,Infiltration - Communication Victim Attacker,
MLP,PGD_eps0.75_it10,19,4,1.0,0.3157894736842105,PGD,0.75,10,Infiltration - Dropbox Download,
MLP,PGD_eps0.75_it10,7,0,,0.14285714285714285,PGD,0.75,10,Infiltration - Dropbox Download - Attempted,
MLP,PGD_eps0.75_it10,6048,5997,1.0,0.9917328042328042,PGD,0.75,10,Infiltration - NMAP Portscan,
MLP,PGD_eps0.75_it10,5985,5985,1.0,1.0,PGD,0.75,10,SSH-BruteForce,
MLP,PGD_eps0.75_it10,24,24,1.0,1.0,PGD,0.75,10,Web Attack - Brute Force,
MLP,PGD_eps0.75_it10,30,28,1.0,0.9333333333333333,PGD,0.75,10,Web Attack - Brute Force - Attempted,
MLP,PGD_eps0.75_it10,8,4,1.0,0.5,PGD,0.75,10,Web Attack - SQL,
MLP,PGD_eps0.75_it10,3,1,1.0,0.3333333333333333,PGD,0.75,10,Web Attack - SQL - Attempted,
MLP,PGD_eps0.75_it10,18,18,1.0,1.0,PGD,0.75,10,Web Attack - XSS,
MLP,PGD_eps0.75_it10,1,0,,0.0,PGD,0.75,10,Web Attack - XSS - Attempted,
LR,PGD_eps0.75_it25,60000,0,,,PGD,0.75,25,Benign,
LR,PGD_eps0.75_it25,5986,5986,1.0,1.0,PGD,0.75,25,Botnet Ares,
LR,PGD_eps0.75_it25,52,52,1.0,1.0,PGD,0.75,25,Botnet Ares - Attempted,
LR,PGD_eps0.75_it25,5940,5940,1.0,1.0,PGD,0.75,25,DDoS-HOIC,
LR,PGD_eps0.75_it25,5944,5944,0.9998317631224765,0.9998317631224765,PGD,0.75,25,DDoS-LOIC-HTTP,
LR,PGD_eps0.75_it25,485,482,0.026970954356846474,0.032989690721649485,PGD,0.75,25,DDoS-LOIC-UDP,
LR,PGD_eps0.75_it25,67,0,,0.7761194029850746,PGD,0.75,25,DDoS-LOIC-UDP - Attempted,
LR,PGD_eps0.75_it25,4542,4542,1.0,1.0,PGD,0.75,25,DoS GoldenEye,
LR,PGD_eps0.75_it25,851,851,1.0,1.0,PGD,0.75,25,DoS GoldenEye - Attempted,
LR,PGD_eps0.75_it25,6058,6052,1.0,1.0,PGD,0.75,25,DoS Hulk,
LR,PGD_eps0.75_it25,20,20,1.0,1.0,PGD,0.75,25,DoS Hulk - Attempted,
LR,PGD_eps0.75_it25,1707,1656,1.0,1.0,PGD,0.75,25,DoS Slowloris,
LR,PGD_eps0.75_it25,475,475,1.0,1.0,PGD,0.75,25,DoS Slowloris - Attempted,
LR,PGD_eps0.75_it25,5992,5992,1.0,1.0,PGD,0.75,25,FTP-BruteForce - Attempted,
LR,PGD_eps0.75_it25,41,40,0.825,0.8292682926829268,PGD,0.75,25,Infiltration - Communication Victim Attacker,
LR,PGD_eps0.75_it25,19,9,0.4444444444444444,0.21052631578947367,PGD,0.75,25,Infiltration - Dropbox Download,
LR,PGD_eps0.75_it25,7,0,,0.14285714285714285,PGD,0.75,25,Infiltration - Dropbox Download - Attempted,
LR,PGD_eps0.75_it25,6048,4996,0.9835868694955965,0.978505291005291,PGD,0.75,25,Infiltration - NMAP Portscan,
LR,PGD_eps0.75_it25,5985,5985,1.0,1.0,PGD,0.75,25,SSH-BruteForce,
LR,PGD_eps0.75_it25,24,24,1.0,1.0,PGD,0.75,25,Web Attack - Brute Force,
LR,PGD_eps0.75_it25,30,0,,0.9333333333333333,PGD,0.75,25,Web Attack - Brute Force - Attempted,
LR,PGD_eps0.75_it25,8,3,1.0,0.5,PGD,0.75,25,Web Attack - SQL,
LR,PGD_eps0.75_it25,3,0,,0.3333333333333333,PGD,0.75,25,Web Attack - SQL - Attempted,
LR,PGD_eps0.75_it25,18,0,,1.0,PGD,0.75,25,Web Attack - XSS,
LR,PGD_eps0.75_it25,1,0,,0.0,PGD,0.75,25,Web Attack - XSS - Attempted,
SVM,PGD_eps0.75_it25,60000,0,,,PGD,0.75,25,Benign,
SVM,PGD_eps0.75_it25,5986,5983,1.0,1.0,PGD,0.75,25,Botnet Ares,
SVM,PGD_eps0.75_it25,52,52,1.0,1.0,PGD,0.75,25,Botnet Ares - Attempted,
SVM,PGD_eps0.75_it25,5940,5940,1.0,1.0,PGD,0.75,25,DDoS-HOIC,
SVM,PGD_eps0.75_it25,5944,5944,0.9998317631224765,0.9998317631224765,PGD,0.75,25,DDoS-LOIC-HTTP,
SVM,PGD_eps0.75_it25,485,484,0.022727272727272728,0.024742268041237112,PGD,0.75,25,DDoS-LOIC-UDP,
SVM,PGD_eps0.75_it25,67,0,,0.7761194029850746,PGD,0.75,25,DDoS-LOIC-UDP - Attempted,
SVM,PGD_eps0.75_it25,4542,4542,1.0,1.0,PGD,0.75,25,DoS GoldenEye,
SVM,PGD_eps0.75_it25,851,851,1.0,1.0,PGD,0.75,25,DoS GoldenEye - Attempted,
SVM,PGD_eps0.75_it25,6058,6052,1.0,1.0,PGD,0.75,25,DoS Hulk,
SVM,PGD_eps0.75_it25,20,20,1.0,1.0,PGD,0.75,25,DoS Hulk - Attempted,
SVM,PGD_eps0.75_it25,1707,1656,1.0,1.0,PGD,0.75,25,DoS Slowloris,
SVM,PGD_eps0.75_it25,475,475,1.0,1.0,PGD,0.75,25,DoS Slowloris - Attempted,
SVM,PGD_eps0.75_it25,5992,5992,1.0,1.0,PGD,0.75,25,FTP-BruteForce - Attempted,
SVM,PGD_eps0.75_it25,41,39,0.9743589743589743,0.975609756097561,PGD,0.75,25,Infiltration - Communication Victim Attacker,
SVM,PGD_eps0.75_it25,19,4,0.5,0.21052631578947367,PGD,0.75,25,Infiltration - Dropbox Download,
SVM,PGD_eps0.75_it25,7,0,,0.0,PGD,0.75,25,Infiltration - Dropbox Download - Attempted,
SVM,PGD_eps0.75_it25,6048,5078,0.9846396218983852,0.9790013227513228,PGD,0.75,25,Infiltration - NMAP Portscan,
SVM,PGD_eps0.75_it25,5985,5985,1.0,1.0,PGD,0.75,25,SSH-BruteForce,
SVM,PGD_eps0.75_it25,24,24,1.0,1.0,PGD,0.75,25,Web Attack - Brute Force,
SVM,PGD_eps0.75_it25,30,0,,0.9333333333333333,PGD,0.75,25,Web Attack - Brute Force - Attempted,
SVM,PGD_eps0.75_it25,8,4,0.75,0.5,PGD,0.75,25,Web Attack - SQL,
SVM,PGD_eps0.75_it25,3,0,,0.3333333333333333,PGD,0.75,25,Web Attack - SQL - Attempted,
SVM,PGD_eps0.75_it25,18,17,1.0,1.0,PGD,0.75,25,Web Attack - XSS,
SVM,PGD_eps0.75_it25,1,1,0.0,0.0,PGD,0.75,25,Web Attack - XSS - Attempted,
RF,PGD_eps0.75_it25,60000,0,,,PGD,0.75,25,Benign,
RF,PGD_eps0.75_it25,5986,5986,1.0,1.0,PGD,0.75,25,Botnet Ares,
RF,PGD_eps0.75_it25,52,52,1.0,1.0,PGD,0.75,25,Botnet Ares - Attempted,
RF,PGD_eps0.75_it25,5940,5940,1.0,1.0,PGD,0.75,25,DDoS-HOIC,
RF,PGD_eps0.75_it25,5944,5944,1.0,1.0,PGD,0.75,25,DDoS-LOIC-HTTP,
RF,PGD_eps0.75_it25,485,485,0.5938144329896907,0.5938144329896907,PGD,0.75,25,DDoS-LOIC-UDP,
RF,PGD_eps0.75_it25,67,65,1.0,1.0,PGD,0.75,25,DDoS-LOIC-UDP - Attempted,
RF,PGD_eps0.75_it25,4542,4542,1.0,1.0,PGD,0.75,25,DoS GoldenEye,
RF,PGD_eps0.75_it25,851,851,1.0,1.0,PGD,0.75,25,DoS GoldenEye - Attempted,
RF,PGD_eps0.75_it25,6058,6058,1.0,1.0,PGD,0.75,25,DoS Hulk,
RF,PGD_eps0.75_it25,20,20,1.0,1.0,PGD,0.75,25,DoS Hulk - Attempted,
RF,PGD_eps0.75_it25,1707,1707,0.6549502050380785,0.6549502050380785,PGD,0.75,25,DoS Slowloris,
RF,PGD_eps0.75_it25,475,475,1.0,1.0,PGD,0.75,25,DoS Slowloris - Attempted,
RF,PGD_eps0.75_it25,5992,5992,1.0,1.0,PGD,0.75,25,FTP-BruteForce - Attempted,
RF,PGD_eps0.75_it25,41,41,0.975609756097561,0.975609756097561,PGD,0.75,25,Infiltration - Communication Victim Attacker,
RF,PGD_eps0.75_it25,19,11,0.7272727272727273,0.7368421052631579,PGD,0.75,25,Infiltration - Dropbox Download,
RF,PGD_eps0.75_it25,7,0,,0.7142857142857143,PGD,0.75,25,Infiltration - Dropbox Download - Attempted,
RF,PGD_eps0.75_it25,6048,6046,0.9879259014224281,0.9879298941798942,PGD,0.75,25,Infiltration - NMAP Portscan,
RF,PGD_eps0.75_it25,5985,5985,1.0,1.0,PGD,0.75,25,SSH-BruteForce,
RF,PGD_eps0.75_it25,24,24,1.0,1.0,PGD,0.75,25,Web Attack - Brute Force,
RF,PGD_eps0.75_it25,30,29,1.0,1.0,PGD,0.75,25,Web Attack - Brute Force - Attempted,
RF,PGD_eps0.75_it25,8,7,0.8571428571428571,0.75,PGD,0.75,25,Web Attack - SQL,
RF,PGD_eps0.75_it25,3,3,0.6666666666666666,0.6666666666666666,PGD,0.75,25,Web Attack - SQL - Attempted,
RF,PGD_eps0.75_it25,18,18,0.9444444444444444,0.9444444444444444,PGD,0.75,25,Web Attack - XSS,
RF,PGD_eps0.75_it25,1,1,1.0,1.0,PGD,0.75,25,Web Attack - XSS - Attempted,
MLP,PGD_eps0.75_it25,60000,0,,,PGD,0.75,25,Benign,
MLP,PGD_eps0.75_it25,5986,5986,0.9989976612094889,0.9989976612094889,PGD,0.75,25,Botnet Ares,
MLP,PGD_eps0.75_it25,52,52,1.0,1.0,PGD,0.75,25,Botnet Ares - Attempted,
MLP,PGD_eps0.75_it25,5940,5940,1.0,1.0,PGD,0.75,25,DDoS-HOIC,
MLP,PGD_eps0.75_it25,5944,5943,1.0,0.9998317631224765,PGD,0.75,25,DDoS-LOIC-HTTP,
MLP,PGD_eps0.75_it25,485,485,0.5649484536082474,0.5649484536082474,PGD,0.75,25,DDoS-LOIC-UDP,
MLP,PGD_eps0.75_it25,67,52,1.0,0.7761194029850746,PGD,0.75,25,DDoS-LOIC-UDP - Attempted,
MLP,PGD_eps0.75_it25,4542,4542,1.0,1.0,PGD,0.75,25,DoS GoldenEye,
MLP,PGD_eps0.75_it25,851,851,1.0,1.0,PGD,0.75,25,DoS GoldenEye - Attempted,
MLP,PGD_eps0.75_it25,6058,6058,1.0,1.0,PGD,0.75,25,DoS Hulk,
MLP,PGD_eps0.75_it25,20,20,1.0,1.0,PGD,0.75,25,DoS Hulk - Attempted,
MLP,PGD_eps0.75_it25,1707,1707,1.0,1.0,PGD,0.75,25,DoS Slowloris,
MLP,PGD_eps0.75_it25,475,475,1.0,1.0,PGD,0.75,25,DoS Slowloris - Attempted,
MLP,PGD_eps0.75_it25,5992,5992,1.0,1.0,PGD,0.75,25,FTP-BruteForce - Attempted,
MLP,PGD_eps0.75_it25,41,39,1.0,0.975609756097561,PGD,0.75,25,Infiltration - Communication Victim Attacker,
MLP,PGD_eps0.75_it25,19,4,1.0,0.3157894736842105,PGD,0.75,25,Infiltration - Dropbox Download,
MLP,PGD_eps0.75_it25,7,0,,0.14285714285714285,PGD,0.75,25,Infiltration - Dropbox Download - Attempted,
MLP,PGD_eps0.75_it25,6048,5997,1.0,0.9917328042328042,PGD,0.75,25,Infiltration - NMAP Portscan,
MLP,PGD_eps0.75_it25,5985,5985,1.0,1.0,PGD,0.75,25,SSH-BruteForce,
MLP,PGD_eps0.75_it25,24,24,1.0,1.0,PGD,0.75,25,Web Attack - Brute Force,
MLP,PGD_eps0.75_it25,30,28,1.0,0.9333333333333333,PGD,0.75,25,Web Attack - Brute Force - Attempted,
MLP,PGD_eps0.75_it25,8,4,1.0,0.5,PGD,0.75,25,Web Attack - SQL,
MLP,PGD_eps0.75_it25,3,1,1.0,0.3333333333333333,PGD,0.75,25,Web Attack - SQL - Attempted,
MLP,PGD_eps0.75_it25,18,18,1.0,1.0,PGD,0.75,25,Web Attack - XSS,
MLP,PGD_eps0.75_it25,1,0,,0.0,PGD,0.75,25,Web Attack - XSS - Attempted,
LR,CW_c0.0_it10,60000,0,,,CW,,10,Benign,0.0
LR,CW_c0.0_it10,5986,5986,1.0,1.0,CW,,10,Botnet Ares,0.0
LR,CW_c0.0_it10,52,52,0.0,0.0,CW,,10,Botnet Ares - Attempted,0.0
LR,CW_c0.0_it10,5940,5940,1.0,1.0,CW,,10,DDoS-HOIC,0.0
LR,CW_c0.0_it10,5944,5944,0.7464670255720054,0.7464670255720054,CW,,10,DDoS-LOIC-HTTP,0.0
LR,CW_c0.0_it10,485,482,0.12033195020746888,0.12577319587628866,CW,,10,DDoS-LOIC-UDP,0.0
LR,CW_c0.0_it10,67,0,,1.0,CW,,10,DDoS-LOIC-UDP - Attempted,0.0
LR,CW_c0.0_it10,4542,4542,0.10215763980625275,0.10215763980625275,CW,,10,DoS GoldenEye,0.0
LR,CW_c0.0_it10,851,851,0.13160987074030553,0.13160987074030553,CW,,10,DoS GoldenEye - Attempted,0.0
LR,CW_c0.0_it10,6058,6052,0.0009914077990746861,0.0019808517662594917,CW,,10,DoS Hulk,0.0
LR,CW_c0.0_it10,20,20,0.0,0.0,CW,,10,DoS Hulk - Attempted,0.0
LR,CW_c0.0_it10,1707,1656,0.9704106280193237,0.971294669009959,CW,,10,DoS Slowloris,0.0
LR,CW_c0.0_it10,475,475,1.0,1.0,CW,,10,DoS Slowloris - Attempted,0.0
LR,CW_c0.0_it10,5992,5992,0.0,0.0,CW,,10,FTP-BruteForce - Attempted,0.0
LR,CW_c0.0_it10,41,40,0.75,0.7560975609756098,CW,,10,Infiltration - Communication Victim Attacker,0.0
LR,CW_c0.0_it10,19,9,0.3333333333333333,0.21052631578947367,CW,,10,Infiltration - Dropbox Download,0.0
LR,CW_c0.0_it10,7,0,,0.14285714285714285,CW,,10,Infiltration - Dropbox Download - Attempted,0.0
LR,CW_c0.0_it10,6048,4996,0.6401120896717374,0.6975859788359788,CW,,10,Infiltration - NMAP Portscan,0.0
LR,CW_c0.0_it10,5985,5985,1.0,1.0,CW,,10,SSH-BruteForce,0.0
LR,CW_c0.0_it10,24,24,0.0,0.0,CW,,10,Web Attack - Brute Force,0.0
LR,CW_c0.0_it10,30,0,,1.0,CW,,10,Web Attack - Brute Force - Attempted,0.0
LR,CW_c0.0_it10,8,3,1.0,0.75,CW,,10,Web Attack - SQL,0.0
LR,CW_c0.0_it10,3,0,,1.0,CW,,10,Web Attack - SQL - Attempted,0.0
LR,CW_c0.0_it10,18,0,,1.0,CW,,10,Web Attack - XSS,0.0
LR,CW_c0.0_it10,1,0,,0.0,CW,,10,Web Attack - XSS - Attempted,0.0
SVM,CW_c0.0_it10,60000,0,,,CW,,10,Benign,0.0
SVM,CW_c0.0_it10,5986,5983,1.0,1.0,CW,,10,Botnet Ares,0.0
SVM,CW_c0.0_it10,52,52,0.0,0.0,CW,,10,Botnet Ares - Attempted,0.0
SVM,CW_c0.0_it10,5940,5940,1.0,1.0,CW,,10,DDoS-HOIC,0.0
SVM,CW_c0.0_it10,5944,5944,0.9998317631224765,0.9998317631224765,CW,,10,DDoS-LOIC-HTTP,0.0
SVM,CW_c0.0_it10,485,484,0.02066115702479339,0.02268041237113402,CW,,10,DDoS-LOIC-UDP,0.0
SVM,CW_c0.0_it10,67,0,,1.0,CW,,10,DDoS-LOIC-UDP - Attempted,0.0
SVM,CW_c0.0_it10,4542,4542,0.8837516512549538,0.8837516512549538,CW,,10,DoS GoldenEye,0.0
SVM,CW_c0.0_it10,851,851,0.7391304347826086,0.7391304347826086,CW,,10,DoS GoldenEye - Attempted,0.0
SVM,CW_c0.0_it10,6058,6052,0.9657964309319234,0.9658303070320238,CW,,10,DoS Hulk,0.0
SVM,CW_c0.0_it10,20,20,0.0,0.0,CW,,10,DoS Hulk - Attempted,0.0
SVM,CW_c0.0_it10,1707,1656,0.9867149758454107,0.987111892208553,CW,,10,DoS Slowloris,0.0
SVM,CW_c0.0_it10,475,475,1.0,1.0,CW,,10,DoS Slowloris - Attempted,0.0
SVM,CW_c0.0_it10,5992,5992,0.0,0.0,CW,,10,FTP-BruteForce - Attempted,0.0
SVM,CW_c0.0_it10,41,39,0.8205128205128205,0.8292682926829268,CW,,10,Infiltration - Communication Victim Attacker,0.0
SVM,CW_c0.0_it10,19,4,0.25,0.2631578947368421,CW,,10,Infiltration - Dropbox Download,0.0
SVM,CW_c0.0_it10,7,0,,0.14285714285714285,CW,,10,Infiltration - Dropbox Download - Attempted,0.0
SVM,CW_c0.0_it10,6048,5078,0.8625443087829854,0.8766534391534392,CW,,10,Infiltration - NMAP Portscan,0.0
SVM,CW_c0.0_it10,5985,5985,1.0,1.0,CW,,10,SSH-BruteForce,0.0
SVM,CW_c0.0_it10,24,24,0.0,0.0,CW,,10,Web Attack - Brute Force,0.0
SVM,CW_c0.0_it10,30,0,,0.9666666666666667,CW,,10,Web Attack - Brute Force - Attempted,0.0
SVM,CW_c0.0_it10,8,4,0.75,0.75,CW,,10,Web Attack - SQL,0.0
SVM,CW_c0.0_it10,3,0,,0.6666666666666666,CW,,10,Web Attack - SQL - Attempted,0.0
SVM,CW_c0.0_it10,18,17,1.0,1.0,CW,,10,Web Attack - XSS,0.0
SVM,CW_c0.0_it10,1,1,0.0,0.0,CW,,10,Web Attack - XSS - Attempted,0.0
RF,CW_c0.0_it10,60000,0,,,CW,,10,Benign,0.0
RF,CW_c0.0_it10,5986,5986,0.005679919812896759,0.005679919812896759,CW,,10,Botnet Ares,0.0
RF,CW_c0.0_it10,52,52,0.40384615384615385,0.40384615384615385,CW,,10,Botnet Ares - Attempted,0.0
RF,CW_c0.0_it10,5940,5940,1.0,1.0,CW,,10,DDoS-HOIC,0.0
RF,CW_c0.0_it10,5944,5944,0.9989905787348586,0.9989905787348586,CW,,10,DDoS-LOIC-HTTP,0.0
RF,CW_c0.0_it10,485,485,0.954639175257732,0.954639175257732,CW,,10,DDoS-LOIC-UDP,0.0
RF,CW_c0.0_it10,67,65,0.8307692307692308,0.835820895522388,CW,,10,DDoS-LOIC-UDP - Attempted,0.0
RF,CW_c0.0_it10,4542,4542,1.0,1.0,CW,,10,DoS GoldenEye,0.0
RF,CW_c0.0_it10,851,851,1.0,1.0,CW,,10,DoS GoldenEye - Attempted,0.0
RF,CW_c0.0_it10,6058,6058,1.0,1.0,CW,,10,DoS Hulk,0.0
RF,CW_c0.0_it10,20,20,0.0,0.0,CW,,10,DoS Hulk - Attempted,0.0
RF,CW_c0.0_it10,1707,1707,0.6174575278265964,0.6174575278265964,CW,,10,DoS Slowloris,0.0
RF,CW_c0.0_it10,475,475,0.5768421052631579,0.5768421052631579,CW,,10,DoS Slowloris - Attempted,0.0
RF,CW_c0.0_it10,5992,5992,0.0,0.0,CW,,10,FTP-BruteForce - Attempted,0.0
RF,CW_c0.0_it10,41,41,0.7560975609756098,0.7560975609756098,CW,,10,Infiltration - Communication Victim Attacker,0.0
RF,CW_c0.0_it10,19,11,0.8181818181818182,0.8947368421052632,CW,,10,Infiltration - Dropbox Download,0.0
RF,CW_c0.0_it10,7,0,,1.0,CW,,10,Infiltration - Dropbox Download - Attempted,0.0
RF,CW_c0.0_it10,6048,6046,0.512570294409527,0.5127314814814815,CW,,10,Infiltration - NMAP Portscan,0.0
RF,CW_c0.0_it10,5985,5985,1.0,1.0,CW,,10,SSH-BruteForce,0.0
RF,CW_c0.0_it10,24,24,0.9166666666666666,0.9166666666666666,CW,,10,Web Attack - Brute Force,0.0
RF,CW_c0.0_it10,30,29,1.0,1.0,CW,,10,Web Attack - Brute Force - Attempted,0.0
RF,CW_c0.0_it10,8,7,0.42857142857142855,0.5,CW,,10,Web Attack - SQL,0.0
RF,CW_c0.0_it10,3,3,0.6666666666666666,0.6666666666666666,CW,,10,Web Attack - SQL - Attempted,0.0
RF,CW_c0.0_it10,18,18,1.0,1.0,CW,,10,Web Attack - XSS,0.0
RF,CW_c0.0_it10,1,1,1.0,1.0,CW,,10,Web Attack - XSS - Attempted,0.0
MLP,CW_c0.0_it10,60000,0,,,CW,,10,Benign,0.0
MLP,CW_c0.0_it10,5986,5986,1.0,1.0,CW,,10,Botnet Ares,0.0
MLP,CW_c0.0_it10,52,52,0.9038461538461539,0.9038461538461539,CW,,10,Botnet Ares - Attempted,0.0
MLP,CW_c0.0_it10,5940,5940,1.0,1.0,CW,,10,DDoS-HOIC,0.0
MLP,CW_c0.0_it10,5944,5943,0.9860339895675585,0.9858681022880216,CW,,10,DDoS-LOIC-HTTP,0.0
MLP,CW_c0.0_it10,485,485,0.954639175257732,0.954639175257732,CW,,10,DDoS-LOIC-UDP,0.0
MLP,CW_c0.0_it10,67,52,0.9615384615384616,0.746268656716418,CW,,10,DDoS-LOIC-UDP - Attempted,0.0
MLP,CW_c0.0_it10,4542,4542,0.9955966534566271,0.9955966534566271,CW,,10,DoS GoldenEye,0.0
MLP,CW_c0.0_it10,851,851,0.9988249118683902,0.9988249118683902,CW,,10,DoS GoldenEye - Attempted,0.0
MLP,CW_c0.0_it10,6058,6058,0.9990095741168703,0.9990095741168703,CW,,10,DoS Hulk,0.0
MLP,CW_c0.0_it10,20,20,1.0,1.0,CW,,10,DoS Hulk - Attempted,0.0
MLP,CW_c0.0_it10,1707,1707,0.9847685998828354,0.9847685998828354,CW,,10,DoS Slowloris,0.0
MLP,CW_c0.0_it10,475,475,0.9978947368421053,0.9978947368421053,CW,,10,DoS Slowloris - Attempted,0.0
MLP,CW_c0.0_it10,5992,5992,1.0,1.0,CW,,10,FTP-BruteForce - Attempted,0.0
MLP,CW_c0.0_it10,41,39,0.9743589743589743,0.9512195121951219,CW,,10,Infiltration - Communication Victim Attacker,0.0
MLP,CW_c0.0_it10,19,4,1.0,0.3684210526315789,CW,,10,Infiltration - Dropbox Download,0.0
MLP,CW_c0.0_it10,7,0,,0.14285714285714285,CW,,10,Infiltration - Dropbox Download - Attempted,0.0
MLP,CW_c0.0_it10,6048,5997,0.9874937468734367,0.9791666666666666,CW,,10,Infiltration - NMAP Portscan,0.0
MLP,CW_c0.0_it10,5985,5985,0.9883040935672515,0.9883040935672515,CW,,10,SSH-BruteForce,0.0
MLP,CW_c0.0_it10,24,24,0.9166666666666666,0.9166666666666666,CW,,10,Web Attack - Brute Force,0.0
MLP,CW_c0.0_it10,30,28,1.0,0.9333333333333333,CW,,10,Web Attack - Brute Force - Attempted,0.0
MLP,CW_c0.0_it10,8,4,1.0,0.5,CW,,10,Web Attack - SQL,0.0
MLP,CW_c0.0_it10,3,1,1.0,0.3333333333333333,CW,,10,Web Attack - SQL - Attempted,0.0
MLP,CW_c0.0_it10,18,18,1.0,1.0,CW,,10,Web Attack - XSS,0.0
MLP,CW_c0.0_it10,1,0,,0.0,CW,,10,Web Attack - XSS - Attempted,0.0
LR,CW_c0.5_it10,60000,0,,,CW,,10,Benign,0.5
LR,CW_c0.5_it10,5986,5986,1.0,1.0,CW,,10,Botnet Ares,0.5
LR,CW_c0.5_it10,52,52,0.0,0.0,CW,,10,Botnet Ares - Attempted,0.5
LR,CW_c0.5_it10,5940,5940,1.0,1.0,CW,,10,DDoS-HOIC,0.5
LR,CW_c0.5_it10,5944,5944,0.8620457604306864,0.8620457604306864,CW,,10,DDoS-LOIC-HTTP,0.5
LR,CW_c0.5_it10,485,482,0.11825726141078838,0.12371134020618557,CW,,10,DDoS-LOIC-UDP,0.5
LR,CW_c0.5_it10,67,0,,1.0,CW,,10,DDoS-LOIC-UDP - Attempted,0.5
LR,CW_c0.5_it10,4542,4542,0.142668428005284,0.142668428005284,CW,,10,DoS GoldenEye,0.5
LR,CW_c0.5_it10,851,851,0.21034077555816685,0.21034077555816685,CW,,10,DoS GoldenEye - Attempted,0.5
LR,CW_c0.5_it10,6058,6052,0.0009914077990746861,0.0019808517662594917,CW,,10,DoS Hulk,0.5
LR,CW_c0.5_it10,20,20,0.0,0.0,CW,,10,DoS Hulk - Attempted,0.5
LR,CW_c0.5_it10,1707,1656,0.9722222222222222,0.9730521382542472,CW,,10,DoS Slowloris,0.5
LR,CW_c0.5_it10,475,475,1.0,1.0,CW,,10,DoS Slowloris - Attempted,0.5
LR,CW_c0.5_it10,5992,5992,0.0,0.0,CW,,10,FTP-BruteForce - Attempted,0.5
LR,CW_c0.5_it10,41,40,0.75,0.7560975609756098,CW,,10,Infiltration - Communication Victim Attacker,0.5
LR,CW_c0.5_it10,19,9,0.3333333333333333,0.21052631578947367,CW,,10,Infiltration - Dropbox Download,0.5
LR,CW_c0.5_it10,7,0,,0.14285714285714285,CW,,10,Infiltration - Dropbox Download - Attempted,0.5
LR,CW_c0.5_it10,6048,4996,0.6721377101681345,0.7240410052910053,CW,,10,Infiltration - NMAP Portscan,0.5
LR,CW_c0.5_it10,5985,5985,1.0,1.0,CW,,10,SSH-BruteForce,0.5
LR,CW_c0.5_it10,24,24,0.0,0.0,CW,,10,Web Attack - Brute Force,0.5
LR,CW_c0.5_it10,30,0,,1.0,CW,,10,Web Attack - Brute Force - Attempted,0.5
LR,CW_c0.5_it10,8,3,1.0,0.75,CW,,10,Web Attack - SQL,0.5
LR,CW_c0.5_it10,3,0,,1.0,CW,,10,Web Attack - SQL - Attempted,0.5
LR,CW_c0.5_it10,18,0,,1.0,CW,,10,Web Attack - XSS,0.5
LR,CW_c0.5_it10,1,0,,0.0,CW,,10,Web Attack - XSS - Attempted,0.5
SVM,CW_c0.5_it10,60000,0,,,CW,,10,Benign,0.5
SVM,CW_c0.5_it10,5986,5983,1.0,1.0,CW,,10,Botnet Ares,0.5
SVM,CW_c0.5_it10,52,52,0.0,0.0,CW,,10,Botnet Ares - Attempted,0.5
SVM,CW_c0.5_it10,5940,5940,1.0,1.0,CW,,10,DDoS-HOIC,0.5
SVM,CW_c0.5_it10,5944,5944,0.9998317631224765,0.9998317631224765,CW,,10,DDoS-LOIC-HTTP,0.5
SVM,CW_c0.5_it10,485,484,0.02066115702479339,0.02268041237113402,CW,,10,DDoS-LOIC-UDP,0.5
SVM,CW_c0.5_it10,67,0,,1.0,CW,,10,DDoS-LOIC-UDP - Attempted,0.5
SVM,CW_c0.5_it10,4542,4542,0.9319682959048877,0.9319682959048877,CW,,10,DoS GoldenEye,0.5
SVM,CW_c0.5_it10,851,851,0.9377203290246768,0.9377203290246768,CW,,10,DoS GoldenEye - Attempted,0.5
SVM,CW_c0.5_it10,6058,6052,0.9887640449438202,0.9887751733245296,CW,,10,DoS Hulk,0.5
SVM,CW_c0.5_it10,20,20,0.0,0.0,CW,,10,DoS Hulk - Attempted,0.5
SVM,CW_c0.5_it10,1707,1656,0.9867149758454107,0.987111892208553,CW,,10,DoS Slowloris,0.5
SVM,CW_c0.5_it10,475,475,1.0,1.0,CW,,10,DoS Slowloris - Attempted,0.5
SVM,CW_c0.5_it10,5992,5992,0.0,0.0,CW,,10,FTP-BruteForce - Attempted,0.5
SVM,CW_c0.5_it10,41,39,0.7948717948717948,0.8048780487804879,CW,,10,Infiltration - Communication Victim Attacker,0.5
SVM,CW_c0.5_it10,19,4,0.25,0.2631578947368421,CW,,10,Infiltration - Dropbox Download,0.5
SVM,CW_c0.5_it10,7,0,,0.14285714285714285,CW,,10,Infiltration - Dropbox Download - Attempted,0.5
SVM,CW_c0.5_it10,6048,5078,0.8660890114218196,0.8796296296296297,CW,,10,Infiltration - NMAP Portscan,0.5
SVM,CW_c0.5_it10,5985,5985,1.0,1.0,CW,,10,SSH-BruteForce,0.5
SVM,CW_c0.5_it10,24,24,0.0,0.0,CW,,10,Web Attack - Brute Force,0.5
SVM,CW_c0.5_it10,30,0,,0.9666666666666667,CW,,10,Web Attack - Brute Force - Attempted,0.5
SVM,CW_c0.5_it10,8,4,0.75,0.75,CW,,10,Web Attack - SQL,0.5
SVM,CW_c0.5_it10,3,0,,0.6666666666666666,CW,,10,Web Attack - SQL - Attempted,0.5
SVM,CW_c0.5_it10,18,17,1.0,1.0,CW,,10,Web Attack - XSS,0.5
SVM,CW_c0.5_it10,1,1,0.0,0.0,CW,,10,Web Attack - XSS - Attempted,0.5
RF,CW_c0.5_it10,60000,0,,,CW,,10,Benign,0.5
RF,CW_c0.5_it10,5986,5986,0.005679919812896759,0.005679919812896759,CW,,10,Botnet Ares,0.5
RF,CW_c0.5_it10,52,52,0.3269230769230769,0.3269230769230769,CW,,10,Botnet Ares - Attempted,0.5
RF,CW_c0.5_it10,5940,5940,1.0,1.0,CW,,10,DDoS-HOIC,0.5
RF,CW_c0.5_it10,5944,5944,0.998485868102288,0.998485868102288,CW,,10,DDoS-LOIC-HTTP,0.5
RF,CW_c0.5_it10,485,485,0.9587628865979382,0.9587628865979382,CW,,10,DDoS-LOIC-UDP,0.5
RF,CW_c0.5_it10,67,65,1.0,1.0,CW,,10,DDoS-LOIC-UDP - Attempted,0.5
RF,CW_c0.5_it10,4542,4542,1.0,1.0,CW,,10,DoS GoldenEye,0.5
RF,CW_c0.5_it10,851,851,1.0,1.0,CW,,10,DoS GoldenEye - Attempted,0.5
RF,CW_c0.5_it10,6058,6058,1.0,1.0,CW,,10,DoS Hulk,0.5
RF,CW_c0.5_it10,20,20,0.0,0.0,CW,,10,DoS Hulk - Attempted,0.5
RF,CW_c0.5_it10,1707,1707,0.6174575278265964,0.6174575278265964,CW,,10,DoS Slowloris,0.5
RF,CW_c0.5_it10,475,475,0.5747368421052632,0.5747368421052632,CW,,10,DoS Slowloris - Attempted,0.5
RF,CW_c0.5_it10,5992,5992,0.0,0.0,CW,,10,FTP-BruteForce - Attempted,0.5
RF,CW_c0.5_it10,41,41,0.7804878048780488,0.7804878048780488,CW,,10,Infiltration - Communication Victim Attacker,0.5
RF,CW_c0.5_it10,19,11,0.8181818181818182,0.8947368421052632,CW,,10,Infiltration - Dropbox Download,0.5
RF,CW_c0.5_it10,7,0,,1.0,CW,,10,Infiltration - Dropbox Download - Attempted,0.5
RF,CW_c0.5_it10,6048,6046,0.49933840555739334,0.49950396825396826,CW,,10,Infiltration - NMAP Portscan,0.5
RF,CW_c0.5_it10,5985,5985,1.0,1.0,CW,,10,SSH-BruteForce,0.5
RF,CW_c0.5_it10,24,24,0.9583333333333334,0.9583333333333334,CW,,10,Web Attack - Brute Force,0.5
RF,CW_c0.5_it10,30,29,1.0,1.0,CW,,10,Web Attack - Brute Force - Attempted,0.5
RF,CW_c0.5_it10,8,7,0.42857142857142855,0.5,CW,,10,Web Attack - SQL,0.5
RF,CW_c0.5_it10,3,3,0.6666666666666666,0.6666666666666666,CW,,10,Web Attack - SQL - Attempted,0.5
RF,CW_c0.5_it10,18,18,1.0,1.0,CW,,10,Web Attack - XSS,0.5
RF,CW_c0.5_it10,1,1,1.0,1.0,CW,,10,Web Attack - XSS - Attempted,0.5
MLP,CW_c0.5_it10,60000,0,,,CW,,10,Benign,0.5
MLP,CW_c0.5_it10,5986,5986,1.0,1.0,CW,,10,Botnet Ares,0.5
MLP,CW_c0.5_it10,52,52,1.0,1.0,CW,,10,Botnet Ares - Attempted,0.5
MLP,CW_c0.5_it10,5940,5940,1.0,1.0,CW,,10,DDoS-HOIC,0.5
MLP,CW_c0.5_it10,5944,5943,1.0,0.9998317631224765,CW,,10,DDoS-LOIC-HTTP,0.5
MLP,CW_c0.5_it10,485,485,0.9587628865979382,0.9587628865979382,CW,,10,DDoS-LOIC-UDP,0.5
MLP,CW_c0.5_it10,67,52,1.0,0.7761194029850746,CW,,10,DDoS-LOIC-UDP - Attempted,0.5
MLP,CW_c0.5_it10,4542,4542,1.0,1.0,CW,,10,DoS GoldenEye,0.5
MLP,CW_c0.5_it10,851,851,1.0,1.0,CW,,10,DoS GoldenEye - Attempted,0.5
MLP,CW_c0.5_it10,6058,6058,1.0,1.0,CW,,10,DoS Hulk,0.5
MLP,CW_c0.5_it10,20,20,1.0,1.0,CW,,10,DoS Hulk - Attempted,0.5
MLP,CW_c0.5_it10,1707,1707,1.0,1.0,CW,,10,DoS Slowloris,0.5
MLP,CW_c0.5_it10,475,475,1.0,1.0,CW,,10,DoS Slowloris - Attempted,0.5
MLP,CW_c0.5_it10,5992,5992,1.0,1.0,CW,,10,FTP-BruteForce - Attempted,0.5
MLP,CW_c0.5_it10,41,39,1.0,0.975609756097561,CW,,10,Infiltration - Communication Victim Attacker,0.5
MLP,CW_c0.5_it10,19,4,1.0,0.3157894736842105,CW,,10,Infiltration - Dropbox Download,0.5
MLP,CW_c0.5_it10,7,0,,0.14285714285714285,CW,,10,Infiltration - Dropbox Download - Attempted,0.5
MLP,CW_c0.5_it10,6048,5997,1.0,0.9915674603174603,CW,,10,Infiltration - NMAP Portscan,0.5
MLP,CW_c0.5_it10,5985,5985,1.0,1.0,CW,,10,SSH-BruteForce,0.5
MLP,CW_c0.5_it10,24,24,0.9583333333333334,0.9583333333333334,CW,,10,Web Attack - Brute Force,0.5
MLP,CW_c0.5_it10,30,28,1.0,0.9333333333333333,CW,,10,Web Attack - Brute Force - Attempted,0.5
MLP,CW_c0.5_it10,8,4,1.0,0.5,CW,,10,Web Attack - SQL,0.5
MLP,CW_c0.5_it10,3,1,1.0,0.3333333333333333,CW,,10,Web Attack - SQL - Attempted,0.5
MLP,CW_c0.5_it10,18,18,1.0,1.0,CW,,10,Web Attack - XSS,0.5
MLP,CW_c0.5_it10,1,0,,0.0,CW,,10,Web Attack - XSS - Attempted,0.5
