accuracy,precision,recall,f1,fpr,fnr,model,defense_attack,ratio,eval_attack,adv_train_s,family,epsilon,iters,confidence,retrain_s,seed
0.8772299746499562,0.9263068235591028,0.9116396038374368,0.9189146898666832,0.2336,0.0883603961625632,MLP,FGSM,0.3,FGSM_eps0.15,80.90899682044983,FGSM,0.15,1,,,42
0.814802530266057,0.8568794990343536,0.9091558260113632,0.8822439479987346,0.4891,0.0908441739886367,MLP,FGSM,0.3,FGSM_eps0.3,80.90899682044983,FGSM,0.3,1,,,42
0.7801890592053827,0.8240397931209903,0.9052438759352976,0.862735234939046,0.6226,0.0947561240647024,MLP,FGSM,0.3,FGSM_eps0.5,80.90899682044983,FGSM,0.5,1,,,42
0.7677746452178446,0.8169037988289537,0.8966437952125182,0.854918445279891,0.6473,0.1033562047874817,MLP,FGSM,0.3,FGSM_eps0.75,80.90899682044983,FGSM,0.75,1,,,42
0.8601009263427232,0.9358141692623766,0.8768046198267565,0.905348870758331,0.1937,0.1231953801732435,MLP,FGSM,0.3,PGD_eps0.15_it10,80.90899682044983,PGD,0.15,10,,,42
0.8517851643014523,0.9311272799760788,0.870129466919184,0.8995955575528022,0.2073,0.1298705330808159,MLP,FGSM,0.3,PGD_eps0.15_it25,80.90899682044983,PGD,0.15,25,,,42
0.8245871733516549,0.8911843557798454,0.8772392809463193,0.8841568357480364,0.345,0.1227607190536806,MLP,FGSM,0.3,PGD_eps0.3_it10,80.90899682044983,PGD,0.3,10,,,42
0.8420715961050961,0.9004232638344568,0.8916451923375454,0.8960127293148633,0.3176,0.1083548076624545,MLP,FGSM,0.3,PGD_eps0.3_it25,80.90899682044983,PGD,0.3,25,,,42
0.6925063375109574,0.8740371897611453,0.6975690024527306,0.7758957092290426,0.3238,0.3024309975472694,MLP,FGSM,0.3,PGD_eps0.5_it10,80.90899682044983,PGD,0.5,10,,,42
0.6672747518301784,0.8694926976119768,0.6635722934583501,0.7527029406585667,0.3208,0.3364277065416498,MLP,FGSM,0.3,PGD_eps0.5_it25,80.90899682044983,PGD,0.5,25,,,42
0.6638157738870857,0.8990565619878638,0.630196528920488,0.7409922242908772,0.2279,0.3698034710795119,MLP,FGSM,0.3,PGD_eps0.75_it10,80.90899682044983,PGD,0.75,10,,,42
0.6391527873202397,0.8539147836237806,0.6359092179204571,0.7289616513924726,0.3504,0.364090782079543,MLP,FGSM,0.3,PGD_eps0.75_it25,80.90899682044983,PGD,0.75,25,,,42
0.9502712691606056,0.990902569453502,0.9434940544568288,0.96661736405999,0.0279,0.0565059455431711,MLP,FGSM,0.3,CW_c0.0_it10,80.90899682044983,CW,,10,0.0,,42
0.939846952071833,0.9909000661813367,0.9297090875221212,0.959329798651268,0.0275,0.0702909124778788,MLP,FGSM,0.3,CW_c0.5_it10,80.90899682044983,CW,,10,0.5,,42
0.964509938638679,0.9921476875741162,0.9610978297991244,0.9763759659359722,0.0245,0.0389021702008755,MLP,FGSM,0.3,Clean,80.90899682044983,Clean,0.0,0,,,42
0.9040962827832928,0.9679306104815392,0.904281412027694,0.935024077046549,0.0965,0.0957185879723058,LR,FGSM,0.3,Clean,,Clean,0.0,0,,0.4656810760498047,42
0.9011822123243858,0.9692709379393452,0.899003384147288,0.9328157466617272,0.0918,0.1009966158527119,LR,FGSM,0.3,FGSM_eps0.15,,FGSM,0.15,1,,0.4656810760498047,42
0.7461441872586415,0.989612756264237,0.6744077742245956,0.8021566129359848,0.0228,0.3255922257754043,LR,FGSM,0.3,FGSM_eps0.3,,FGSM,0.3,1,,0.4656810760498047,42
0.6698097562131299,0.9437105390966488,0.603278586730417,0.7360366673611243,0.1159,0.396721413269583,LR,FGSM,0.3,FGSM_eps0.5,,FGSM,0.5,1,,0.4656810760498047,42
0.6562107607382311,0.9417873190214678,0.5856748113881214,0.722219031757882,0.1166,0.4143251886118786,LR,FGSM,0.3,FGSM_eps0.75,,FGSM,0.75,1,,0.4656810760498047,42
0.8616171906465446,0.9512595837897044,0.8628644167779193,0.9049084249084248,0.1424,0.1371355832220807,LR,FGSM,0.3,PGD_eps0.15_it10,,PGD,0.15,10,,0.4656810760498047,42
0.9099718069606008,0.9542387515589524,0.9264491291253998,0.9401386263390044,0.1431,0.0735508708746002,LR,FGSM,0.3,PGD_eps0.15_it25,,PGD,0.15,25,,0.4656810760498047,42
0.7994740458196119,0.9437156631909408,0.783973423577261,0.8564596547162772,0.1506,0.2160265764227389,LR,FGSM,0.3,PGD_eps0.3_it10,,PGD,0.3,10,,0.4656810760498047,42
0.7991186713734038,0.9423277661795408,0.7847806513707349,0.856368471871665,0.1547,0.2152193486292651,LR,FGSM,0.3,PGD_eps0.3_it25,,PGD,0.3,25,,0.4656810760498047,42
0.6976237295363548,0.9075020955574182,0.6722655158496073,0.7723697586901853,0.2207,0.3277344841503927,LR,FGSM,0.3,PGD_eps0.5_it10,,PGD,0.5,10,,0.4656810760498047,42
0.6338932455163591,0.8517507767234864,0.629855009469403,0.7241865529119889,0.3531,0.370144990530597,LR,FGSM,0.3,PGD_eps0.5_it25,,PGD,0.5,25,,0.4656810760498047,42
0.7026226634130162,0.9267138453523206,0.6627029712192244,0.7727815792331921,0.1688,0.3372970287807755,LR,FGSM,0.3,PGD_eps0.75_it10,,PGD,0.75,10,,0.4656810760498047,42
0.6382051221303513,0.860720674674163,0.6274022788661554,0.7257708262251513,0.327,0.3725977211338446,LR,FGSM,0.3,PGD_eps0.75_it25,,PGD,0.75,25,,0.4656810760498047,42
0.903575066928854,0.9672855292437476,0.9042193175820424,0.9346898167463654,0.0985,0.0957806824179577,LR,FGSM,0.3,CW_c0.0_it10,,CW,,10,0.0,0.4656810760498047,42
0.9033855338908764,0.9671837114292358,0.9040640814679128,0.9345593427049232,0.0988,0.0959359185320873,LR,FGSM,0.3,CW_c0.5_it10,,CW,,10,0.5,0.4656810760498047,42
0.9049728730839396,0.9690910300771892,0.90431245925052,0.9355817875210792,0.0929,0.0956875407494799,SVM,FGSM,0.3,Clean,,Clean,0.0,0,,1.1433415412902832,42
0.9014428202516052,0.9692194452808726,0.8994069980440249,0.9330091146252696,0.092,0.100593001955975,SVM,FGSM,0.3,FGSM_eps0.15,,FGSM,0.15,1,,1.1433415412902832,42
0.8719704328460754,0.9679807255839938,0.8606911111801049,0.9111885353668157,0.0917,0.139308888819895,SVM,FGSM,0.3,FGSM_eps0.3,,FGSM,0.3,1,,1.1433415412902832,42
0.649316496481793,0.941600284134152,0.5761743612033904,0.7148965676643938,0.1151,0.4238256387966096,SVM,FGSM,0.3,FGSM_eps0.5,,FGSM,0.5,1,,1.1433415412902832,42
0.6234215451680921,0.9117201695941852,0.5608059859045609,0.6944503181407509,0.1749,0.4391940140954392,SVM,FGSM,0.3,FGSM_eps0.75,,FGSM,0.75,1,,1.1433415412902832,42
0.9076500272453742,0.9620092039557426,0.9151168927939396,0.9379773421588594,0.1164,0.0848831072060604,SVM,FGSM,0.3,PGD_eps0.15_it10,,PGD,0.15,10,,1.1433415412902832,42
0.9076026439858798,0.9627014481383414,0.9143407122232916,0.9378980891719744,0.1141,0.0856592877767083,SVM,FGSM,0.3,PGD_eps0.15_it25,,PGD,0.15,25,,1.1433415412902832,42
0.8123386007723471,0.944542060180101,0.8011114905771679,0.8669343323197877,0.1515,0.1988885094228321,SVM,FGSM,0.3,PGD_eps0.3_it10,,PGD,0.3,10,,1.1433415412902832,42
0.8719230495865811,0.9482856664994146,0.8801577198919557,0.9129524668298338,0.1546,0.1198422801080443,SVM,FGSM,0.3,PGD_eps0.3_it25,,PGD,0.3,25,,1.1433415412902832,42
0.6843801085076643,0.8976377952755905,0.6618646962029247,0.7619285892991172,0.2431,0.3381353037970753,SVM,FGSM,0.3,PGD_eps0.5_it10,,PGD,0.5,10,,1.1433415412902832,42
0.6202468667819659,0.8446659850034083,0.6155422397466547,0.7121280149422604,0.3646,0.3844577602533453,SVM,FGSM,0.3,PGD_eps0.5_it25,,PGD,0.5,25,,1.1433415412902832,42
0.6713023288872042,0.915175943118518,0.6274022788661554,0.7444464910664947,0.1873,0.3725977211338446,SVM,FGSM,0.3,PGD_eps0.75_it10,,PGD,0.75,10,,1.1433415412902832,42
0.5454760832997702,0.7970531885776845,0.5424881244372691,0.6455820140030666,0.4449,0.4575118755627309,SVM,FGSM,0.3,PGD_eps0.75_it25,,PGD,0.75,25,,1.1433415412902832,42
0.9049017981946978,0.9694003263077282,0.9039088453537832,0.9355097843899618,0.0919,0.0960911546462169,SVM,FGSM,0.3,CW_c0.0_it10,,CW,,10,0.0,1.1433415412902832,42
0.9048781065649506,0.9693055463080098,0.903970939799435,0.9354988995453596,0.0922,0.096029060200565,SVM,FGSM,0.3,CW_c0.5_it10,,CW,,10,0.5,1.1433415412902832,42
0.9986969603639034,0.9995028894550426,0.9987891583097892,0.9991458964205296,0.0016,0.0012108416902108,RF,FGSM,0.3,Clean,,Clean,0.0,0,,9.057205438613892,42
0.6081878272406359,0.9169371574522428,0.5350057437362228,0.6757382063448493,0.1561,0.4649942562637772,RF,FGSM,0.3,FGSM_eps0.15,,FGSM,0.15,1,,9.057205438613892,42
0.9290435689071052,0.9545086813118426,0.9524046074078674,0.9534554835501268,0.1462,0.0475953925921326,RF,FGSM,0.3,FGSM_eps0.3,,FGSM,0.3,1,,9.057205438613892,42
0.3904380582340259,0.7841108383023501,0.2776242665093607,0.4100612202783574,0.2462,0.7223757334906392,RF,FGSM,0.3,FGSM_eps0.5,,FGSM,0.5,1,,9.057205438613892,42
0.3087019356061503,0.6647455415397999,0.189791673134838,0.2952783480256007,0.3083,0.8102083268651619,RF,FGSM,0.3,FGSM_eps0.75,,FGSM,0.75,1,,9.057205438613892,42
0.4877869648653131,0.9054292059116318,0.367102362693657,0.5223999293098878,0.1235,0.632897637306343,RF,FGSM,0.3,PGD_eps0.15_it10,,PGD,0.15,10,,9.057205438613892,42
0.4530313440261556,0.8276580459770115,0.3576950541774038,0.499512237421145,0.2399,0.6423049458225961,RF,FGSM,0.3,PGD_eps0.15_it25,,PGD,0.15,25,,9.057205438613892,42
0.8703594020232652,0.9959562233351884,0.8334937439846006,0.90751132445406,0.0109,0.1665062560153994,RF,FGSM,0.3,PGD_eps0.3_it10,,PGD,0.3,10,,9.057205438613892,42
0.7754981165154351,0.9951644521890656,0.7092427582352758,0.8282213037488217,0.0111,0.2907572417647242,RF,FGSM,0.3,PGD_eps0.3_it25,,PGD,0.3,25,,9.057205438613892,42
0.4798502688999976,0.9684758771929824,0.3290695147319072,0.4912288832757862,0.0345,0.6709304852680927,RF,FGSM,0.3,PGD_eps0.5_it10,,PGD,0.5,10,,9.057205438613892,42
0.4919330000710749,0.984952243647504,0.3393771927101121,0.5048144641743829,0.0167,0.6606228072898879,RF,FGSM,0.3,PGD_eps0.5_it25,,PGD,0.5,25,,9.057205438613892,42
0.5022388590111114,0.9916586179647028,0.3506473345959204,0.5180971604202027,0.0095,0.6493526654040797,RF,FGSM,0.3,PGD_eps0.75_it10,,PGD,0.75,10,,9.057205438613892,42
0.4969082423179891,0.9921076233183856,0.3434443789003074,0.5102516201941927,0.0088,0.6565556210996927,RF,FGSM,0.3,PGD_eps0.75_it25,,PGD,0.75,25,,9.057205438613892,42
0.463218744817456,0.8979336777203799,0.3345959203949207,0.487525728891,0.1225,0.6654040796050793,RF,FGSM,0.3,CW_c0.0_it10,,CW,,10,0.0,9.057205438613892,42
0.4139638465730058,0.8665751005592073,0.2742401192213357,0.4166312909768407,0.136,0.7257598807786644,RF,FGSM,0.3,CW_c0.5_it10,,CW,,10,0.5,9.057205438613892,42
0.8979838423085124,0.9685957075202364,0.8953398118538297,0.930528217869704,0.0935,0.1046601881461703,MLP,FGSM,0.5,FGSM_eps0.15,83.31255459785461,FGSM,0.15,1,,,42
0.8879859745551897,0.9323495170070168,0.9199602595547828,0.9261134552273792,0.215,0.0800397404452171,MLP,FGSM,0.5,FGSM_eps0.3,83.31255459785461,FGSM,0.3,1,,,42
0.8488474022127982,0.9304402893044028,0.8667142724083331,0.8974474377933518,0.2087,0.1332857275916669,MLP,FGSM,0.5,FGSM_eps0.5,83.31255459785461,FGSM,0.5,1,,,42
0.7081428131441162,0.8718313018769162,0.7239591418547611,0.791044016622848,0.3428,0.2760408581452389,MLP,FGSM,0.5,FGSM_eps0.75,83.31255459785461,FGSM,0.75,1,,,42
0.8353668648866356,0.9661892809685516,0.8126921046912353,0.8828181649550598,0.0916,0.1873078953087646,MLP,FGSM,0.5,PGD_eps0.15_it10,83.31255459785461,PGD,0.15,10,,,42
0.8433983273709399,0.9661313230634764,0.8236517743487844,0.8892203526178186,0.093,0.1763482256512155,MLP,FGSM,0.5,PGD_eps0.15_it25,83.31255459785461,PGD,0.15,25,,,42
0.8286858252979222,0.9874326750448832,0.785494737495731,0.8749632550016427,0.0322,0.214505262504269,MLP,FGSM,0.5,PGD_eps0.3_it10,83.31255459785461,PGD,0.3,10,,,42
0.8331398516903978,0.984595239929138,0.7937532987674253,0.8789342501074344,0.04,0.2062467012325747,MLP,FGSM,0.5,PGD_eps0.3_it25,83.31255459785461,PGD,0.3,25,,,42
0.8156080456774621,0.9473954135834128,0.8029432767238971,0.8692086645268624,0.1436,0.1970567232761029,MLP,FGSM,0.5,PGD_eps0.5_it10,83.31255459785461,PGD,0.5,10,,,42
0.8232367504560639,0.971534181845896,0.791548945946785,0.872354621819986,0.0747,0.2084510540532149,MLP,FGSM,0.5,PGD_eps0.5_it25,83.31255459785461,PGD,0.5,25,,,42
0.8211518870383093,0.9722328609728074,0.788133751435934,0.8705567653766354,0.0725,0.2118662485640659,MLP,FGSM,0.5,PGD_eps0.75_it10,83.31255459785461,PGD,0.75,10,,,42
0.8047809708829871,0.9716264609814648,0.7665559315719209,0.8569940992710864,0.0721,0.2334440684280791,MLP,FGSM,0.5,PGD_eps0.75_it25,83.31255459785461,PGD,0.75,25,,,42
0.9079106351725936,0.9924537487828629,0.8860566922288802,0.936242106126466,0.0217,0.1139433077711198,MLP,FGSM,0.5,CW_c0.0_it10,83.31255459785461,CW,,10,0.0,,42
0.8966097277831742,0.992187223813059,0.8713713558322208,0.9278629992065592,0.0221,0.1286286441677792,MLP,FGSM,0.5,CW_c0.5_it10,83.31255459785461,CW,,10,0.5,,42
0.9586107228316236,0.9939036253972372,0.9515973796143936,0.9722905134264912,0.0188,0.0484026203856065,MLP,FGSM,0.5,Clean,83.31255459785461,Clean,0.0,0,,,42
0.9051150228624228,0.9684427318628752,0.9051507342668198,0.9357276972702324,0.095,0.0948492657331801,LR,FGSM,0.5,Clean,,Clean,0.0,0,,0.5226662158966064,42
0.9004477718022222,0.9675157747137182,0.8997485174951101,0.9324024323541712,0.0973,0.1002514825048899,LR,FGSM,0.5,FGSM_eps0.15,,FGSM,0.15,1,,0.5226662158966064,42
0.8744343623397853,0.9662150455663744,0.8657207612779036,0.9132115019322722,0.0975,0.1342792387220963,LR,FGSM,0.5,FGSM_eps0.3,,FGSM,0.3,1,,0.5226662158966064,42
0.6601909545357625,0.9296777296777295,0.6000807227793474,0.7293722523066473,0.1462,0.3999192772206526,LR,FGSM,0.5,FGSM_eps0.5,,FGSM,0.5,1,,0.5226662158966064,42
0.565850884882371,0.7826547231270359,0.5967897171598,0.6772005848262256,0.5338,0.4032102828401999,LR,FGSM,0.5,FGSM_eps0.75,,FGSM,0.75,1,,0.5226662158966064,42
0.9094032078466676,0.9566294520768316,0.9231270762830264,0.939579712434824,0.1348,0.0768729237169735,LR,FGSM,0.5,PGD_eps0.15_it10,,PGD,0.15,10,,0.5226662158966064,42
0.9098296571821176,0.9565077630267768,0.9238411624080226,0.9398907103825136,0.1353,0.0761588375919773,LR,FGSM,0.5,PGD_eps0.15_it25,,PGD,0.15,25,,0.5226662158966064,42
0.8244450235731716,0.9183790532105138,0.8450433108758422,0.8801862691200725,0.2419,0.1549566891241578,LR,FGSM,0.5,PGD_eps0.3_it10,,PGD,0.3,10,,0.5226662158966064,42
0.8206780544433652,0.9193328795098706,0.8385854885280511,0.8771046777833704,0.237,0.1614145114719488,LR,FGSM,0.5,PGD_eps0.3_it25,,PGD,0.3,25,,0.5226662158966064,42
0.7542467246321874,0.8639818642485665,0.8046198267564967,0.8332449160035367,0.408,0.1953801732435033,LR,FGSM,0.5,PGD_eps0.5_it10,,PGD,0.5,10,,0.5226662158966064,42
0.7116965576061978,0.8252824308531359,0.789282498680493,0.8068811197689366,0.5382,0.2107175013195069,LR,FGSM,0.5,PGD_eps0.5_it25,,PGD,0.5,25,,0.5226662158966064,42
0.7290625222109028,0.8770465023414528,0.7501009034741842,0.8086217283620055,0.3387,0.2498990965258157,LR,FGSM,0.5,PGD_eps0.75_it10,,PGD,0.75,10,,0.5226662158966064,42
0.6711364874789737,0.8064063126922563,0.7487969201154957,0.7765346040536407,0.579,0.2512030798845043,LR,FGSM,0.5,PGD_eps0.75_it25,,PGD,0.75,25,,0.5226662158966064,42
0.9033855338908764,0.9672147483806676,0.9040330342450869,0.9345572423532432,0.0987,0.0959669657549132,LR,FGSM,0.5,CW_c0.0_it10,,CW,,10,0.0,0.5226662158966064,42
0.9033855338908764,0.9671837114292358,0.9040640814679128,0.9345593427049232,0.0988,0.0959359185320873,LR,FGSM,0.5,CW_c0.5_it10,,CW,,10,0.5,0.5226662158966064,42
0.9062285294605416,0.9707087873637908,0.9044056009189978,0.936384968980038,0.0879,0.0955943990810022,SVM,FGSM,0.5,Clean,,Clean,0.0,0,,1.655141830444336,42
0.9020351109952852,0.9686498397435898,0.9007730758483654,0.9334791911327038,0.0939,0.0992269241516346,SVM,FGSM,0.5,FGSM_eps0.15,,FGSM,0.15,1,,1.655141830444336,42
0.8640100452510128,0.950658902850138,0.866776366853985,0.9067818630635311,0.1449,0.1332236331460151,SVM,FGSM,0.5,FGSM_eps0.3,,FGSM,0.3,1,,1.655141830444336,42
0.6462365846146556,0.9064985177168132,0.5980937005184886,0.7206883651328095,0.1987,0.4019062994815113,SVM,FGSM,0.5,FGSM_eps0.5,,FGSM,0.5,1,,1.655141830444336,42
0.5707076689805491,0.7970232322806425,0.5868856530783322,0.6760004291385044,0.4814,0.4131143469216679,SVM,FGSM,0.5,FGSM_eps0.75,,FGSM,0.75,1,,1.655141830444336,42
0.901324362102869,0.9671819817418538,0.90126983141358,0.9330633367082912,0.0985,0.0987301685864199,SVM,FGSM,0.5,PGD_eps0.15_it10,,PGD,0.15,10,,1.655141830444336,42
0.901324362102869,0.9671819817418538,0.90126983141358,0.9330633367082912,0.0985,0.0987301685864199,SVM,FGSM,0.5,PGD_eps0.15_it25,,PGD,0.15,25,,1.655141830444336,42
0.7229737733658699,0.9205822058220582,0.6971032941103418,0.7934062439265711,0.1937,0.3028967058896581,SVM,FGSM,0.5,PGD_eps0.3_it10,,PGD,0.3,10,,1.655141830444336,42
0.7770854557084982,0.9278636841315118,0.7675494427023503,0.8401270963247413,0.1922,0.2324505572976497,SVM,FGSM,0.5,PGD_eps0.3_it25,,PGD,0.3,25,,1.655141830444336,42
0.6441754128266484,0.8826803205699021,0.6155111925238288,0.7252739212350693,0.2635,0.3844888074761712,SVM,FGSM,0.5,PGD_eps0.5_it10,,PGD,0.5,10,,1.655141830444336,42
0.5733848231419839,0.8349844324936315,0.5495358440187526,0.66283445990226,0.3498,0.4504641559812475,SVM,FGSM,0.5,PGD_eps0.5_it25,,PGD,0.5,25,,1.655141830444336,42
0.6040654836646213,0.9048962742331608,0.5376447576764258,0.6745218712265805,0.182,0.4623552423235741,SVM,FGSM,0.5,PGD_eps0.75_it10,,PGD,0.75,10,,1.655141830444336,42
0.4971688502452083,0.7872195785180149,0.4673848924213729,0.5865347151874075,0.4069,0.5326151075786271,SVM,FGSM,0.5,PGD_eps0.75_it25,,PGD,0.75,25,,1.655141830444336,42
0.9046411902674784,0.9691390904853852,0.9038157036853054,0.9353382492328948,0.0927,0.0961842963146946,SVM,FGSM,0.5,CW_c0.0_it10,,CW,,10,0.0,1.655141830444336,42
0.9045701153782368,0.9690110841127716,0.9038467509081312,0.9352952515581828,0.0931,0.0961532490918687,SVM,FGSM,0.5,CW_c0.5_it10,,CW,,10,0.5,1.655141830444336,42
0.9987917268828924,0.9995650282731624,0.9988512527554412,0.999208013044491,0.0014,0.0011487472445589,RF,FGSM,0.5,Clean,,Clean,0.0,0,,11.886046171188354,42
0.6900187163875003,0.931151088867848,0.6411872458008631,0.7594322276972861,0.1527,0.3588127541991369,RF,FGSM,0.5,FGSM_eps0.15,,FGSM,0.15,1,,11.886046171188354,42
0.9383543793977588,0.9557587512699732,0.9638299854078052,0.95977739990725,0.1437,0.0361700145921947,RF,FGSM,0.5,FGSM_eps0.3,,FGSM,0.3,1,,11.886046171188354,42
0.701130090738942,0.9243697478991596,0.6625477351050949,0.7718600235102632,0.1746,0.3374522648949051,RF,FGSM,0.5,FGSM_eps0.5,,FGSM,0.5,1,,11.886046171188354,42
0.507711625482717,0.7898073022312373,0.4835604955136763,0.5998574977372951,0.4145,0.5164395044863237,RF,FGSM,0.5,FGSM_eps0.75,,FGSM,0.75,1,,11.886046171188354,42
0.501409651969959,0.93718671679198,0.3715110683349374,0.5320941814705293,0.0802,0.6284889316650626,RF,FGSM,0.5,PGD_eps0.15_it10,,PGD,0.15,10,,11.886046171188354,42
0.4654457580136937,0.9147746818025456,0.3302493091992921,0.4852978077879417,0.0991,0.6697506908007079,RF,FGSM,0.5,PGD_eps0.15_it25,,PGD,0.15,25,,11.886046171188354,42
0.6986187779857377,0.9605785592739648,0.63094166226831,0.7616227864705332,0.0834,0.3690583377316899,RF,FGSM,0.5,PGD_eps0.3_it10,,PGD,0.3,10,,11.886046171188354,42
0.6895922670520505,0.9591042337450142,0.6196404731596759,0.7528763816062469,0.0851,0.3803595268403241,RF,FGSM,0.5,PGD_eps0.3_it25,,PGD,0.3,25,,11.886046171188354,42
0.3698026487242057,0.8511330912733192,0.211059020770592,0.338242611205095,0.1189,0.788940979229408,RF,FGSM,0.5,PGD_eps0.5_it10,,PGD,0.5,10,,11.886046171188354,42
0.3992987277594825,0.8701663426225966,0.2501164270855971,0.3885499312706489,0.1202,0.7498835729144028,RF,FGSM,0.5,PGD_eps0.5_it25,,PGD,0.5,25,,11.886046171188354,42
0.3675282522684735,0.8012239099551961,0.2276382377596324,0.3545454545454545,0.1819,0.7723617622403676,RF,FGSM,0.5,PGD_eps0.75_it10,,PGD,0.75,10,,11.886046171188354,42
0.3581937501480727,0.7253676146869772,0.2557670216399143,0.3781848230271312,0.3119,0.7442329783600857,RF,FGSM,0.5,PGD_eps0.75_it25,,PGD,0.75,25,,11.886046171188354,42
0.6156269989812599,0.9313974199816484,0.5357508770840448,0.6802270577105014,0.1271,0.4642491229159551,RF,FGSM,0.5,CW_c0.0_it10,,CW,,10,0.0,11.886046171188354,42
0.5144163567011775,0.9157379143891532,0.4005091744543451,0.5572835666148264,0.1187,0.5994908255456549,RF,FGSM,0.5,CW_c0.5_it10,,CW,,10,0.5,11.886046171188354,42
0.9273614631950532,0.994032886929988,0.9102735260330964,0.9503111629716064,0.0176,0.0897264739669036,MLP,PGD,0.3,FGSM_eps0.15,472.8533887863159,FGSM,0.15,1,,,42
0.928688194460897,0.990788987124752,0.9150547983482876,0.9514171347407838,0.0274,0.0849452016517122,MLP,PGD,0.3,FGSM_eps0.3,472.8533887863159,FGSM,0.3,1,,,42
0.8610012082731171,0.9468077888594884,0.8665279890713775,0.904890819783747,0.1568,0.1334720109286224,MLP,PGD,0.3,FGSM_eps0.5,472.8533887863159,FGSM,0.5,1,,,42
0.6825084697576346,0.9147115893455636,0.6439814958551957,0.7558349275758404,0.1934,0.3560185041448042,MLP,PGD,0.3,FGSM_eps0.75,472.8533887863159,FGSM,0.75,1,,,42
0.9109905470397308,0.9706544034936808,0.9108944704896148,0.9398254184351724,0.0887,0.0891055295103852,MLP,PGD,0.3,PGD_eps0.15_it10,472.8533887863159,PGD,0.15,10,,,42
0.9111800800777086,0.97066216841966,0.911142848272222,0.9399612446551254,0.0887,0.0888571517277779,MLP,PGD,0.3,PGD_eps0.15_it25,472.8533887863159,PGD,0.15,25,,,42
0.9272430050463172,0.9905387205387204,0.913378248315688,0.950394934500638,0.0281,0.0866217516843118,MLP,PGD,0.3,PGD_eps0.3_it10,472.8533887863159,PGD,0.3,10,,,42
0.9274799213437892,0.9901789317906632,0.9140302399950324,0.9505820054568056,0.0292,0.0859697600049675,MLP,PGD,0.3,PGD_eps0.3_it25,472.8533887863159,PGD,0.3,25,,,42
0.8572579307730579,0.9544255466851788,0.8537054860442733,0.9012602631967092,0.1313,0.1462945139557266,MLP,PGD,0.3,PGD_eps0.5_it10,472.8533887863159,PGD,0.5,10,,,42
0.8579923712952214,0.950816852966466,0.8583004750225093,0.9021930683375758,0.143,0.1416995249774907,MLP,PGD,0.3,PGD_eps0.5_it25,472.8533887863159,PGD,0.5,25,,,42
0.732450425264754,0.9028505392912172,0.7276848085938713,0.8058587907648403,0.2522,0.2723151914061287,MLP,PGD,0.3,PGD_eps0.75_it10,472.8533887863159,PGD,0.75,10,,,42
0.6503115449311758,0.8440667271364909,0.6645037101431277,0.7435986519820728,0.3954,0.3354962898568723,MLP,PGD,0.3,PGD_eps0.75_it25,472.8533887863159,PGD,0.75,25,,,42
0.9406287758534908,0.9933889239560147,0.9283740569406068,0.959781736478896,0.0199,0.0716259430593933,MLP,PGD,0.3,CW_c0.0_it10,472.8533887863159,CW,,10,0.0,,42
0.9404629344452604,0.9932890365448503,0.928249868049303,0.9596687476929496,0.0202,0.071750131950697,MLP,PGD,0.3,CW_c0.5_it10,472.8533887863159,CW,,10,0.5,,42
0.9413632163756545,0.9940844134263876,0.9286845291688658,0.9602722355093982,0.0178,0.0713154708311341,MLP,PGD,0.3,Clean,472.8533887863159,Clean,0.0,0,,,42
0.9043805823402592,0.968036681396817,0.9045608370331274,0.9352229319808686,0.0962,0.0954391629668726,LR,PGD,0.3,Clean,,Clean,0.0,0,,0.5096299648284912,42
0.8992868819446089,0.967869335296874,0.8978235896799032,0.9315315605521284,0.096,0.1021764103200968,LR,PGD,0.3,FGSM_eps0.15,,FGSM,0.15,1,,0.5096299648284912,42
0.6943305930014926,0.9553752535496958,0.6287994038933218,0.7584257040143799,0.0946,0.3712005961066782,LR,PGD,0.3,FGSM_eps0.3,,FGSM,0.3,1,,0.5096299648284912,42
0.6767040204695681,0.9766343141786062,0.5904560837033127,0.7359622305638327,0.0455,0.4095439162966872,LR,PGD,0.3,FGSM_eps0.5,,FGSM,0.5,1,,0.5096299648284912,42
0.5808713781421024,0.8631679007404442,0.535657735415567,0.6610724754296224,0.2735,0.4643422645844329,LR,PGD,0.3,FGSM_eps0.75,,FGSM,0.75,1,,0.5096299648284912,42
0.912340969935322,0.9519355759170604,0.9321928653481946,0.9419607843137257,0.1516,0.0678071346518053,LR,PGD,0.3,PGD_eps0.15_it10,,PGD,0.15,10,,0.5096299648284912,42
0.9116302210429056,0.9530399923642264,0.9300195597503804,0.9413890634820868,0.1476,0.0699804402496196,LR,PGD,0.3,PGD_eps0.15_it25,,PGD,0.15,25,,0.5096299648284912,42
0.7960387595062665,0.9086721618064696,0.8145859852836164,0.8590606224317732,0.2637,0.1854140147163836,LR,PGD,0.3,PGD_eps0.3_it10,,PGD,0.3,10,,0.5096299648284912,42
0.7839560283351892,0.8999515000346429,0.8065447545717036,0.8506917724109702,0.2888,0.1934552454282964,LR,PGD,0.3,PGD_eps0.3_it25,,PGD,0.3,25,,0.5096299648284912,42
0.6858726811817385,0.8057832569547537,0.7751870595175262,0.7901890972387056,0.6018,0.2248129404824738,LR,PGD,0.3,PGD_eps0.5_it10,,PGD,0.5,10,,0.5096299648284912,42
0.662607500769978,0.786315252724839,0.7660281287838803,0.7760391274946137,0.6705,0.2339718712161197,LR,PGD,0.3,PGD_eps0.5_it25,,PGD,0.5,25,,0.5096299648284912,42
0.6834798265772702,0.8304639012588099,0.7353224254090471,0.7800026346989857,0.4835,0.2646775745909528,LR,PGD,0.3,PGD_eps0.75_it10,,PGD,0.75,10,,0.5096299648284912,42
0.5396479423819565,0.7404229698201249,0.610885156322767,0.6694452477757175,0.6898,0.3891148436772331,LR,PGD,0.3,PGD_eps0.75_it25,,PGD,0.75,25,,0.5096299648284912,42
0.9031723092231516,0.9672670477203243,0.9036915147940016,0.9343991268197942,0.0985,0.0963084852059983,LR,PGD,0.3,CW_c0.0_it10,,CW,,10,0.0,0.5096299648284912,42
0.903124925963657,0.9671717171717172,0.9037225620168275,0.9343712382633818,0.0988,0.0962774379831724,LR,PGD,0.3,CW_c0.5_it10,,CW,,10,0.5,0.5096299648284912,42
0.9057546968655974,0.9701248959200666,0.904343506473346,0.9360799562939872,0.0897,0.095656493526654,SVM,PGD,0.3,Clean,,Clean,0.0,0,,1.205925703048706,42
0.9008979127674192,0.9686308608119858,0.8992517619298954,0.9326528312215228,0.0938,0.1007482380701046,SVM,PGD,0.3,FGSM_eps0.15,,FGSM,0.15,1,,1.205925703048706,42
0.678267668032884,0.9162532957947892,0.6365612095998013,0.7512182610925878,0.1874,0.3634387904001987,SVM,PGD,0.3,FGSM_eps0.3,,FGSM,0.3,1,,1.205925703048706,42
0.6153900826837878,0.8820490744726647,0.5725418361327579,0.6943670457112734,0.2466,0.427458163867242,SVM,PGD,0.3,FGSM_eps0.5,,FGSM,0.5,1,,1.205925703048706,42
0.5344594754673174,0.872869782079449,0.4563941755409978,0.599388379204893,0.2141,0.5436058244590022,SVM,PGD,0.3,FGSM_eps0.75,,FGSM,0.75,1,,1.205925703048706,42
0.9092847496979316,0.9566812564366632,0.922909745723245,0.939492106635483,0.1346,0.0770902542767549,SVM,PGD,0.3,PGD_eps0.15_it10,,PGD,0.15,10,,1.205925703048706,42
0.9097822739226232,0.9565343192412796,0.9237480207395448,0.9398553242568785,0.1352,0.0762519792604551,SVM,PGD,0.3,PGD_eps0.15_it25,,PGD,0.15,25,,1.205925703048706,42
0.791371508446066,0.916556904346588,0.7993728460989165,0.8539635157545605,0.2344,0.2006271539010835,SVM,PGD,0.3,PGD_eps0.3_it10,,PGD,0.3,10,,1.205925703048706,42
0.78021275083513,0.9184366104663894,0.7813654568598839,0.8443743604368321,0.2235,0.2186345431401161,SVM,PGD,0.3,PGD_eps0.3_it25,,PGD,0.3,25,,1.205925703048706,42
0.6264777654054823,0.8318198329095532,0.6398832624421745,0.7233355561014986,0.4167,0.3601167375578255,SVM,PGD,0.3,PGD_eps0.5_it10,,PGD,0.5,10,,1.205925703048706,42
0.5567296074296951,0.7800506203062113,0.5836877891272626,0.667732196767892,0.5301,0.4163122108727374,SVM,PGD,0.3,PGD_eps0.5_it25,,PGD,0.5,25,,1.205925703048706,42
0.5904191049302282,0.8583505451750805,0.5548138718991587,0.673983555857283,0.2949,0.4451861281008414,SVM,PGD,0.3,PGD_eps0.75_it10,,PGD,0.75,10,,1.205925703048706,42
0.4726953967163401,0.7064387653501494,0.5286721102797355,0.604762665814288,0.7076,0.4713278897202645,SVM,PGD,0.3,PGD_eps0.75_it25,,PGD,0.75,25,,1.205925703048706,42
0.9044516572295008,0.969224620303757,0.9034741842342202,0.9351951536965918,0.0924,0.0965258157657797,SVM,PGD,0.3,CW_c0.0_it10,,CW,,10,0.0,1.205925703048706,42
0.9043805823402592,0.9690965400113224,0.9035052314570462,0.9351521578456892,0.0928,0.0964947685429538,SVM,PGD,0.3,CW_c0.5_it10,,CW,,10,0.5,1.205925703048706,42
0.9987680352531452,0.9995029357855169,0.9988822999782668,0.9991925215068792,0.0016,0.001117700021733,RF,PGD,0.3,Clean,,Clean,0.0,0,,9.39423394203186,42
0.90310123433391,0.946801411002002,0.9249899096525817,0.9357685784282932,0.1674,0.0750100903474184,RF,PGD,0.3,FGSM_eps0.15,,FGSM,0.15,1,,9.39423394203186,42
0.913146485346727,0.9484931334653216,0.9370672793318636,0.9427455880056224,0.1639,0.0629327206681362,RF,PGD,0.3,FGSM_eps0.3,,FGSM,0.3,1,,9.39423394203186,42
0.6797128574474638,0.8921527486361729,0.6600639572790213,0.7587572940273738,0.257,0.3399360427209786,RF,PGD,0.3,FGSM_eps0.5,,FGSM,0.5,1,,9.39423394203186,42
0.5922907436802578,0.8405375953505267,0.5747461889533981,0.6826839747017499,0.3512,0.4252538110466018,RF,PGD,0.3,FGSM_eps0.75,,FGSM,0.75,1,,9.39423394203186,42
0.8458859484943969,0.942775442706539,0.8496072526312521,0.8937699028333469,0.1661,0.1503927473687478,RF,PGD,0.3,PGD_eps0.15_it10,,PGD,0.15,10,,9.39423394203186,42
0.855694283209742,0.9419588466224448,0.8641373529137819,0.9013715044448404,0.1715,0.1358626470862181,RF,PGD,0.3,PGD_eps0.15_it25,,PGD,0.15,25,,9.39423394203186,42
0.9052808642706532,0.944561757382836,0.9304852680927692,0.9374706747161312,0.1759,0.0695147319072309,RF,PGD,0.3,PGD_eps0.3_it10,,PGD,0.3,10,,9.39423394203186,42
0.8997844061693003,0.939962889580778,0.9279393958210438,0.9339124457082147,0.1909,0.0720606041789562,RF,PGD,0.3,PGD_eps0.3_it25,,PGD,0.3,25,,9.39423394203186,42
0.8207491293326068,0.918486567265564,0.8396100468813065,0.8772789203918769,0.24,0.1603899531186935,RF,PGD,0.3,PGD_eps0.5_it10,,PGD,0.5,10,,9.39423394203186,42
0.7754270416261935,0.9003734235186359,0.793504920984818,0.8435679511510851,0.2828,0.2064950790151821,RF,PGD,0.3,PGD_eps0.5_it25,,PGD,0.5,25,,9.39423394203186,42
0.748679191641593,0.8779702537182852,0.7789127262566363,0.8254803895762043,0.3487,0.2210872737433636,RF,PGD,0.3,PGD_eps0.75_it10,,PGD,0.75,10,,9.39423394203186,42
0.6957994740458197,0.8875195070225281,0.6886274022788662,0.7755244755244756,0.2811,0.3113725977211338,RF,PGD,0.3,PGD_eps0.75_it25,,PGD,0.75,25,,9.39423394203186,42
0.7642919756450046,0.9368474762540232,0.741066161631842,0.8275347998682545,0.1609,0.258933838368158,RF,PGD,0.3,CW_c0.0_it10,,CW,,10,0.0,9.39423394203186,42
0.7541282664834514,0.9345861368794044,0.7288025086156044,0.8189652164811778,0.1643,0.2711974913843956,RF,PGD,0.3,CW_c0.5_it10,,CW,,10,0.5,9.39423394203186,42
0.9270771636380868,0.9938629505306344,0.910056195473315,0.9501150692035916,0.0181,0.089943804526685,MLP,PGD,0.5,FGSM_eps0.15,477.33135509490967,FGSM,0.15,1,,,42
0.9237840271032244,0.9939685135964016,0.9056164426092086,0.9477377954674682,0.0177,0.0943835573907913,MLP,PGD,0.5,FGSM_eps0.3,477.33135509490967,FGSM,0.3,1,,,42
0.6255301002155939,0.9402071815790888,0.5438542022416095,0.6891030684500393,0.1114,0.4561457977583905,MLP,PGD,0.5,FGSM_eps0.5,477.33135509490967,FGSM,0.5,1,,,42
0.5622497571607951,0.9156677563869718,0.4695892452420131,0.6208057134648142,0.1393,0.5304107547579869,MLP,PGD,0.5,FGSM_eps0.75,477.33135509490967,FGSM,0.75,1,,,42
0.9229074368025776,0.9722104439153266,0.9254245707721444,0.9482407584144557,0.0852,0.0745754292278555,MLP,PGD,0.5,PGD_eps0.15_it10,477.33135509490967,PGD,0.15,10,,,42
0.922954820062072,0.972212256612635,0.9254866652177964,0.948274216637506,0.0852,0.0745133347822037,MLP,PGD,0.5,PGD_eps0.15_it25,477.33135509490967,PGD,0.15,25,,,42
0.9224572958373808,0.9715775749674056,0.9254556179949704,0.94795592233936,0.0872,0.0745443820050296,MLP,PGD,0.5,PGD_eps0.3_it10,477.33135509490967,PGD,0.3,10,,,42
0.9366485820559596,0.9932859003908208,0.9232202179515042,0.9569722910565442,0.0201,0.0767797820484957,MLP,PGD,0.5,PGD_eps0.3_it25,477.33135509490967,PGD,0.3,25,,,42
0.8455305740481888,0.958781297996214,0.8334006023161228,0.8917051456665449,0.1154,0.1665993976838772,MLP,PGD,0.5,PGD_eps0.5_it10,477.33135509490967,PGD,0.5,10,,,42
0.8128124333672914,0.9196533388578136,0.8269427799683319,0.8708374883523238,0.2327,0.1730572200316681,MLP,PGD,0.5,PGD_eps0.5_it25,477.33135509490967,PGD,0.5,25,,,42
0.7380890331445901,0.9040724327628362,0.7347325281753547,0.8106534212554595,0.2511,0.2652674718246453,MLP,PGD,0.5,PGD_eps0.75_it10,477.33135509490967,PGD,0.75,10,,,42
0.695278258191381,0.8394329625600898,0.7427427116644416,0.7881333596890031,0.4576,0.2572572883355584,MLP,PGD,0.5,PGD_eps0.75_it25,477.33135509490967,PGD,0.75,25,,,42
0.9495842118979364,0.9921790634510292,0.9413517960818404,0.9660973744583228,0.0239,0.0586482039181595,MLP,PGD,0.5,CW_c0.0_it10,477.33135509490967,CW,,10,0.0,,42
0.9474519652206876,0.9921236585605986,0.9385885932503336,0.9646139119336312,0.024,0.0614114067496662,MLP,PGD,0.5,CW_c0.5_it10,477.33135509490967,CW,,10,0.5,,42
0.9535407140657206,0.9927668447803988,0.9460088795057282,0.9688240250552456,0.0222,0.0539911204942717,MLP,PGD,0.5,Clean,477.33135509490967,Clean,0.0,0,,,42
0.9042147409320288,0.9680603562882212,0.90431245925052,0.9351012087259418,0.0961,0.0956875407494799,LR,PGD,0.5,Clean,,Clean,0.0,0,,0.5235943794250488,42
0.9012769788433748,0.9680218973229188,0.9003694619516285,0.9329708687889072,0.0958,0.0996305380483715,LR,PGD,0.5,FGSM_eps0.15,,FGSM,0.15,1,,0.5235943794250488,42
0.8948328555521334,0.99115670321896,0.8699431835822286,0.9266026223978572,0.025,0.1300568164177714,LR,PGD,0.5,FGSM_eps0.3,,FGSM,0.3,1,,0.5235943794250488,42
0.727498874647587,0.9889030552013978,0.6501909404203794,0.7845502566215862,0.0235,0.3498090595796206,LR,PGD,0.5,FGSM_eps0.5,,FGSM,0.5,1,,0.5235943794250488,42
0.6444834040133621,0.9404024371511956,0.57024434164364,0.709972941631233,0.1164,0.42975565835636,LR,PGD,0.5,FGSM_eps0.75,,FGSM,0.75,1,,0.5235943794250488,42
0.9107536307422588,0.9568555641223336,0.9247415318699742,0.9405244959502344,0.1343,0.0752584681300257,LR,PGD,0.5,PGD_eps0.15_it10,,PGD,0.15,10,,0.5235943794250488,42
0.9120092871188608,0.9567531176866604,0.9265733180167034,0.9414214062647868,0.1349,0.0734266819832965,LR,PGD,0.5,PGD_eps0.15_it25,,PGD,0.15,25,,0.5235943794250488,42
0.8134284157407188,0.956993689903846,0.7910521903815704,0.8661465504053847,0.1145,0.2089478096184296,LR,PGD,0.5,PGD_eps0.3_it10,,PGD,0.3,10,,0.5235943794250488,42
0.8133810324812244,0.9555530592376243,0.792294079294607,0.8662989052024103,0.1187,0.2077059207053929,LR,PGD,0.5,PGD_eps0.3_it25,,PGD,0.3,25,,0.5235943794250488,42
0.7209362932076098,0.9325091032263528,0.6837840355180229,0.7890089025023734,0.1594,0.3162159644819771,LR,PGD,0.5,PGD_eps0.5_it10,,PGD,0.5,10,,0.5235943794250488,42
0.6747376152005496,0.90830755634114,0.6381756651867491,0.7496489724466164,0.2075,0.3618243348132509,LR,PGD,0.5,PGD_eps0.5_it25,,PGD,0.5,25,,0.5235943794250488,42
0.6970551304224217,0.923617169778398,0.6573628488931665,0.7680699399633614,0.1751,0.3426371511068335,LR,PGD,0.5,PGD_eps0.75_it10,,PGD,0.75,10,,0.5235943794250488,42
0.6563766021464617,0.9011646349753024,0.6174050731162097,0.7327732331048714,0.2181,0.3825949268837902,LR,PGD,0.5,PGD_eps0.75_it25,,PGD,0.75,25,,0.5235943794250488,42
0.9037172167073372,0.9673541230779448,0.904343506473346,0.9347881899871632,0.0983,0.095656493526654,LR,PGD,0.5,CW_c0.0_it10,,CW,,10,0.0,0.5235943794250488,42
0.9035987585586012,0.9672555791710946,0.904281412027694,0.9347090065948878,0.0986,0.0957185879723058,LR,PGD,0.5,CW_c0.5_it10,,CW,,10,0.5,0.5235943794250488,42
0.904807031675709,0.968990184661454,0.9041882703592165,0.9354683284080688,0.0932,0.0958117296407836,SVM,PGD,0.5,Clean,,Clean,0.0,0,,1.3921661376953125,42
0.900187163875003,0.9680353082787214,0.8988791952559844,0.9321763768372588,0.0956,0.1011208047440156,SVM,PGD,0.5,FGSM_eps0.15,,FGSM,0.15,1,,1.3921661376953125,42
0.8626596223554218,0.9662806298990184,0.849669347076904,0.904230889957212,0.0955,0.150330652923096,SVM,PGD,0.5,FGSM_eps0.3,,FGSM,0.3,1,,1.3921661376953125,42
0.6289416948991922,0.907140396634024,0.5723245055729765,0.7018465638682657,0.1887,0.4276754944270235,SVM,PGD,0.5,FGSM_eps0.5,,FGSM,0.5,1,,1.3921661376953125,42
0.6183278447724418,0.9101238090385692,0.5545965413393772,0.68921213056563,0.1764,0.4454034586606228,SVM,PGD,0.5,FGSM_eps0.75,,FGSM,0.75,1,,1.3921661376953125,42
0.9089530668814708,0.9579001743397688,0.9211711012449936,0.9391766772707848,0.1304,0.0788288987550063,SVM,PGD,0.5,PGD_eps0.15_it10,,PGD,0.15,10,,1.3921661376953125,42
0.9090715250302068,0.9579661016949153,0.9212642429134714,0.9392567738668016,0.1302,0.0787357570865286,SVM,PGD,0.5,PGD_eps0.15_it25,,PGD,0.15,25,,1.3921661376953125,42
0.7276884076855646,0.9483572139734212,0.6801825576702164,0.792189477490508,0.1193,0.3198174423297836,SVM,PGD,0.5,PGD_eps0.3_it10,,PGD,0.3,10,,1.3921661376953125,42
0.7175957734132531,0.9475054038554854,0.6668632990778974,0.7827909180363716,0.119,0.3331367009221025,SVM,PGD,0.5,PGD_eps0.3_it25,,PGD,0.3,25,,1.3921661376953125,42
0.6670378355327063,0.916303600091722,0.6203235120618461,0.7398081978746252,0.1825,0.3796764879381539,SVM,PGD,0.5,PGD_eps0.5_it10,,PGD,0.5,10,,1.3921661376953125,42
0.5865810609111801,0.8606264966036261,0.5467726411872458,0.6687044349939246,0.2852,0.4532273588127542,SVM,PGD,0.5,PGD_eps0.5_it25,,PGD,0.5,25,,1.3921661376953125,42
0.5943045322087707,0.8717898161384138,0.5491011828991896,0.6738037183785431,0.2601,0.4508988171008103,SVM,PGD,0.5,PGD_eps0.75_it10,,PGD,0.75,10,,1.3921661376953125,42
0.4948233789002345,0.7710117506472814,0.4807662454593436,0.5922398791425239,0.4599,0.5192337545406563,SVM,PGD,0.5,PGD_eps0.75_it25,,PGD,0.75,25,,1.3921661376953125,42
0.9044990404889952,0.9690392169918104,0.9037225620168275,0.9352418590454158,0.093,0.0962774379831724,SVM,PGD,0.5,CW_c0.0_it10,,CW,,10,0.0,1.3921661376953125,42
0.904356890710512,0.9687520798668884,0.9038157036853054,0.9351579691289612,0.0939,0.0961842963146946,SVM,PGD,0.5,CW_c0.5_it10,,CW,,10,0.5,1.3921661376953125,42
0.9987443436233978,0.9995029203429848,0.9988512527554412,0.9991769802941132,0.0016,0.0011487472445589,RF,PGD,0.5,Clean,,Clean,0.0,0,,12.437585830688477,42
0.8212703451870454,0.8666131573471269,0.905088639821168,0.8854331186976067,0.4487,0.094911360178832,RF,PGD,0.5,FGSM_eps0.15,,FGSM,0.15,1,,12.437585830688477,42
0.8593664858205596,0.9055101095848124,0.9107392343754852,0.90811714444926,0.3061,0.0892607656245148,RF,PGD,0.5,FGSM_eps0.3,,FGSM,0.3,1,,12.437585830688477,42
0.3168044729796962,0.7116495104192819,0.1760067062001304,0.2822153080273802,0.2297,0.8239932937998696,RF,PGD,0.5,FGSM_eps0.5,,FGSM,0.5,1,,12.437585830688477,42
0.5310004975242247,0.8691488728959733,0.4536930671551429,0.59618130635225,0.22,0.546306932844857,RF,PGD,0.5,FGSM_eps0.75,,FGSM,0.75,1,,12.437585830688477,42
0.8109407946172618,0.8666505251051724,0.8890372256201683,0.8777011494252873,0.4406,0.1109627743798317,RF,PGD,0.5,PGD_eps0.15_it10,,PGD,0.15,10,,12.437585830688477,42
0.8087137814210239,0.8662256077205548,0.8861808811201838,0.8760896255371393,0.4408,0.1138191188798162,RF,PGD,0.5,PGD_eps0.15_it25,,PGD,0.15,25,,12.437585830688477,42
0.8668056575611837,0.8936132413466379,0.937005184886212,0.914794944075657,0.3593,0.062994815113788,RF,PGD,0.5,PGD_eps0.3_it10,,PGD,0.3,10,,12.437585830688477,42
0.83643298822526,0.8705954717202191,0.9228166040547672,0.8959457422758101,0.4418,0.0771833959452327,RF,PGD,0.5,PGD_eps0.3_it25,,PGD,0.3,25,,12.437585830688477,42
0.6559027695515175,0.9194535363597552,0.6017883200347729,0.7274535560142615,0.1698,0.3982116799652271,RF,PGD,0.5,PGD_eps0.5_it10,,PGD,0.5,10,,12.437585830688477,42
0.6783150512923785,0.9761795225681132,0.5929088143065603,0.7377346828401452,0.0466,0.4070911856934397,RF,PGD,0.5,PGD_eps0.5_it25,,PGD,0.5,25,,12.437585830688477,42
0.5929541093131796,0.9268833087149188,0.5065354404048558,0.6550761879906045,0.1287,0.4934645595951442,RF,PGD,0.5,PGD_eps0.75_it10,,PGD,0.75,10,,12.437585830688477,42
0.5600938188537989,0.9686018550326349,0.437703747399795,0.6029424343512103,0.0457,0.5622962526002049,RF,PGD,0.5,PGD_eps0.75_it25,,PGD,0.75,25,,12.437585830688477,42
0.6923878793622213,0.8697542024079702,0.7020087553168369,0.776930213380064,0.3386,0.297991244683163,RF,PGD,0.5,CW_c0.0_it10,,CW,,10,0.0,12.437585830688477,42
0.6936198441090763,0.8651638567910589,0.7089943804526685,0.7793324687734625,0.3559,0.2910056195473315,RF,PGD,0.5,CW_c0.5_it10,,CW,,10,0.5,12.437585830688477,42
0.6799734653746832,0.8520121974174604,0.7026607469961812,0.7701626624923433,0.3931,0.2973392530038188,MLP,FGSM,0.3,FGSM_eps0.15,75.54462170600891,FGSM,0.15,1,,,7
0.8415266886209102,0.9271844660194176,0.8598528361638051,0.8922501973292095,0.2175,0.1401471638361948,MLP,FGSM,0.3,FGSM_eps0.3,75.54462170600891,FGSM,0.3,1,,,7
0.8895496221185055,0.985992025687167,0.8675835946474588,0.9230057803468208,0.0397,0.1324164053525412,MLP,FGSM,0.3,FGSM_eps0.5,75.54462170600891,FGSM,0.5,1,,,7
0.7657608566893317,0.9881046094638328,0.7014809525287963,0.8204811620517476,0.0272,0.2985190474712037,MLP,FGSM,0.3,FGSM_eps0.75,75.54462170600891,FGSM,0.75,1,,,7
0.6902556326849724,0.8628864024274606,0.7063243192896396,0.7767951650903131,0.3615,0.2936756807103604,MLP,FGSM,0.3,PGD_eps0.15_it10,75.54462170600891,PGD,0.15,10,,,7
0.6216209813073041,0.8455775942793905,0.6167841286596913,0.7132829470585067,0.3628,0.3832158713403086,MLP,FGSM,0.3,PGD_eps0.15_it25,75.54462170600891,PGD,0.15,25,,,7
0.5644530787272857,0.9045946736903716,0.4798348287745661,0.6270540025155191,0.163,0.5201651712254339,MLP,FGSM,0.3,PGD_eps0.3_it10,75.54462170600891,PGD,0.3,10,,,7
0.6259565495510436,0.9482937482937482,0.5392281660405477,0.6875148444303697,0.0947,0.4607718339594523,MLP,FGSM,0.3,PGD_eps0.3_it25,75.54462170600891,PGD,0.3,25,,,7
0.5512568409580895,0.939163246392162,0.4404669502313018,0.5996829758004861,0.0919,0.5595330497686982,MLP,FGSM,0.3,PGD_eps0.5_it10,75.54462170600891,PGD,0.5,10,,,7
0.5980951929683243,0.982833977323114,0.4817287093669471,0.6465538794899575,0.0271,0.5182712906330529,MLP,FGSM,0.3,PGD_eps0.5_it25,75.54462170600891,PGD,0.5,25,,,7
0.5527967968916582,0.9830447069052968,0.4212176720792325,0.5897413605737883,0.0234,0.5787823279207674,MLP,FGSM,0.3,PGD_eps0.75_it10,75.54462170600891,PGD,0.75,10,,,7
0.5662536425880736,0.972469580585956,0.4441615697475861,0.6098039215686275,0.0405,0.555838430252414,MLP,FGSM,0.3,PGD_eps0.75_it25,75.54462170600891,PGD,0.75,25,,,7
0.8647444857731763,0.9142437316325892,0.9079139370983266,0.9110678401744684,0.2743,0.0920860629016734,MLP,FGSM,0.3,CW_c0.0_it10,75.54462170600891,CW,,10,0.0,,7
0.8555521334312587,0.9119911644051752,0.8972957868918625,0.9045837963035416,0.2789,0.1027042131081374,MLP,FGSM,0.3,CW_c0.5_it10,75.54462170600891,CW,,10,0.5,,7
0.964059797673482,0.9967950793136936,0.955975038032848,0.9759584145549056,0.0099,0.044024961967152,MLP,FGSM,0.3,Clean,75.54462170600891,Clean,0.0,0,,,7
0.902888009666185,0.9661073157790012,0.9044676953646495,0.934271924057534,0.1022,0.0955323046353503,LR,FGSM,0.3,Clean,,Clean,0.0,0,,0.4908726215362549,7
0.9087635338434932,0.9470050441361916,0.9326275264677576,0.9397612976896244,0.1681,0.0673724735322425,LR,FGSM,0.3,FGSM_eps0.15,,FGSM,0.15,1,,0.4908726215362549,7
0.6233741619085977,0.8067780034604679,0.66593188239312,0.7296198656348329,0.5137,0.33406811760688,LR,FGSM,0.3,FGSM_eps0.3,,FGSM,0.3,1,,0.4908726215362549,7
0.3432443317775829,0.649003984063745,0.3034555559005247,0.4135479912839281,0.5286,0.6965444440994754,LR,FGSM,0.3,FGSM_eps0.5,,FGSM,0.5,1,,0.4908726215362549,7
0.2892274159539434,0.5749185667752443,0.2630320717811791,0.3609330067099797,0.6264,0.7369679282188208,LR,FGSM,0.3,FGSM_eps0.75,,FGSM,0.75,1,,0.4908726215362549,7
0.8523774550451325,0.9472180140476518,0.8541401471638362,0.8982743702349273,0.1533,0.1458598528361638,LR,FGSM,0.3,PGD_eps0.15_it10,,PGD,0.15,10,,0.4908726215362549,7
0.8834608732734724,0.949677036646454,0.8946878201744853,0.9213626844435918,0.1527,0.1053121798255146,LR,FGSM,0.3,PGD_eps0.15_it25,,PGD,0.15,25,,0.4908726215362549,7
0.6366888578265298,0.9182115594329336,0.5751187556273092,0.7072523528625699,0.165,0.4248812443726908,LR,FGSM,0.3,PGD_eps0.3_it10,,PGD,0.3,10,,0.4908726215362549,7
0.698879385912957,0.9305745705074416,0.6541960321649228,0.7682855684387078,0.1572,0.3458039678350771,LR,FGSM,0.3,PGD_eps0.3_it25,,PGD,0.3,25,,0.4908726215362549,7
0.5791892724300505,0.8697722037368825,0.5275233630351766,0.6567331478045764,0.2544,0.4724766369648235,LR,FGSM,0.3,PGD_eps0.5_it10,,PGD,0.5,10,,0.4908726215362549,7
0.5788338979838423,0.8750519750519751,0.5227110434971591,0.6544733619701063,0.2404,0.4772889565028408,LR,FGSM,0.3,PGD_eps0.5_it25,,PGD,0.5,25,,0.4908726215362549,7
0.4004833092468431,0.7792880258899676,0.2990468502592443,0.4322286791267473,0.2728,0.7009531497407557,LR,FGSM,0.3,PGD_eps0.75_it10,,PGD,0.75,10,,0.4908726215362549,7
0.4642848681560804,0.8211632420855365,0.3809183768511907,0.520424178154825,0.2672,0.6190816231488093,LR,FGSM,0.3,PGD_eps0.75_it25,,PGD,0.75,25,,0.4908726215362549,7
0.8996896396503116,0.9626566996328516,0.903598373125524,0.9321930751737612,0.1129,0.096401626874476,LR,FGSM,0.3,CW_c0.0_it10,,CW,,10,0.0,0.4908726215362549,7
0.8995948731313227,0.9626517582453936,0.9034741842342202,0.932124667670329,0.1129,0.0965258157657797,LR,FGSM,0.3,CW_c0.5_it10,,CW,,10,0.5,0.4908726215362549,7
0.9044516572295008,0.9689122620157103,0.9037846564624794,0.9352159735273802,0.0934,0.0962153435375205,SVM,FGSM,0.3,Clean,,Clean,0.0,0,,1.0193150043487549,7
0.9098296571821176,0.9518309948776684,0.9288397652829954,0.9401948460087995,0.1514,0.0711602347170045,SVM,FGSM,0.3,FGSM_eps0.15,,FGSM,0.15,1,,1.0193150043487549,7
0.906512829017508,0.950866222122962,0.9253003818808408,0.937909113796576,0.154,0.0746996181191592,SVM,FGSM,0.3,FGSM_eps0.3,,FGSM,0.3,1,,1.0193150043487549,7
0.8257717548390153,0.9183920816079184,0.8469371914682232,0.8812185036826463,0.2424,0.1530628085317768,SVM,FGSM,0.3,FGSM_eps0.5,,FGSM,0.5,1,,1.0193150043487549,7
0.7428747423535265,0.8439412484700123,0.8134682852618833,0.828424630463995,0.4845,0.1865317147381166,SVM,FGSM,0.3,FGSM_eps0.75,,FGSM,0.75,1,,1.0193150043487549,7
0.901205903954133,0.9668342712530386,0.9014561147505356,0.9330012853470436,0.0996,0.0985438852494644,SVM,FGSM,0.3,PGD_eps0.15_it10,,PGD,0.15,10,,1.0193150043487549,7
0.9004951550617167,0.966801106629779,0.900524698065758,0.9324867384664844,0.0996,0.0994753019342419,SVM,FGSM,0.3,PGD_eps0.15_it25,,PGD,0.15,25,,1.0193150043487549,7
0.8365277547442489,0.9600465336096268,0.8198950603868485,0.8844530779020698,0.1099,0.1801049396131516,SVM,FGSM,0.3,PGD_eps0.3_it10,,PGD,0.3,10,,1.0193150043487549,7
0.7944040370537089,0.957890640202374,0.7641652954143252,0.8501312517269964,0.1082,0.2358347045856748,SVM,FGSM,0.3,PGD_eps0.3_it25,,PGD,0.3,25,,1.0193150043487549,7
0.6123101708166505,0.9196461676995604,0.5390418827035922,0.6796899467585343,0.1517,0.4609581172964078,SVM,FGSM,0.3,PGD_eps0.5_it10,,PGD,0.5,10,,1.0193150043487549,7
0.6114809637754981,0.9316841415465268,0.5296966686329908,0.675402307951149,0.1251,0.4703033313670092,SVM,FGSM,0.3,PGD_eps0.5_it25,,PGD,0.5,25,,1.0193150043487549,7
0.4187021725224478,0.8527816091954022,0.2879319444875656,0.430507845139727,0.1601,0.7120680555124345,SVM,FGSM,0.3,PGD_eps0.75_it10,,PGD,0.75,10,,1.0193150043487549,7
0.3822170627117439,0.8422051110367147,0.2343133906672048,0.3666261841146466,0.1414,0.7656866093327952,SVM,FGSM,0.3,PGD_eps0.75_it25,,PGD,0.75,25,,1.0193150043487549,7
0.896586036153427,0.9586545430585754,0.9034431370113944,0.9302303278295478,0.1255,0.0965568629886056,SVM,FGSM,0.3,CW_c0.0_it10,,CW,,10,0.0,1.0193150043487549,7
0.8963017365964605,0.9582757030889812,0.9034431370113944,0.9300519376747902,0.1267,0.0965568629886056,SVM,FGSM,0.3,CW_c0.5_it10,,CW,,10,0.5,1.0193150043487549,7
0.998649577104409,0.999316685302522,0.9989133472010928,0.9991149755453768,0.0022,0.0010866527989071,RF,FGSM,0.3,Clean,,Clean,0.0,0,,8.7664053440094,7
0.2754151958113198,0.6416739319965127,0.114253779999379,0.1939700611427366,0.2055,0.885746220000621,RF,FGSM,0.3,FGSM_eps0.15,,FGSM,0.15,1,,8.7664053440094,7
0.8873699921817622,0.9966354328714592,0.8552888944083952,0.9205680868838764,0.0093,0.1447111055916048,RF,FGSM,0.3,FGSM_eps0.3,,FGSM,0.3,1,,8.7664053440094,7
0.2920230282641143,0.6794199321197162,0.1367319693253438,0.2276498410483058,0.2078,0.8632680306746562,RF,FGSM,0.3,FGSM_eps0.5,,FGSM,0.5,1,,8.7664053440094,7
0.2972825700679949,0.7056165267914783,0.1357384581949144,0.2276786876708761,0.1824,0.8642615418050855,RF,FGSM,0.3,FGSM_eps0.75,,FGSM,0.75,1,,8.7664053440094,7
0.5629368144234642,0.9785103275610264,0.4368344251606694,0.6040182021121319,0.0309,0.5631655748393306,RF,FGSM,0.3,PGD_eps0.15_it10,,PGD,0.15,10,,8.7664053440094,7
0.4189390888199199,0.9502989098581645,0.251699835449719,0.397987236131566,0.0424,0.748300164550281,RF,FGSM,0.3,PGD_eps0.15_it25,,PGD,0.15,25,,8.7664053440094,7
0.8073396668956857,0.94247803874003,0.796112887702195,0.8631345092231049,0.1565,0.2038871122978049,RF,FGSM,0.3,PGD_eps0.3_it10,,PGD,0.3,10,,8.7664053440094,7
0.8202989883674098,0.943547806037899,0.8131578130336241,0.8735137659045809,0.1567,0.1868421869663758,RF,FGSM,0.3,PGD_eps0.3_it25,,PGD,0.3,25,,8.7664053440094,7
0.5429647705465659,0.8232409168251427,0.5107268154863548,0.6303768849035274,0.3532,0.4892731845136452,RF,FGSM,0.3,PGD_eps0.5_it10,,PGD,0.5,10,,8.7664053440094,7
0.597265985927172,0.8427837374921121,0.5805209723990189,0.6874896589760088,0.3488,0.4194790276009811,RF,FGSM,0.3,PGD_eps0.5_it25,,PGD,0.5,25,,8.7664053440094,7
0.6373996067189462,0.8624045965183089,0.6244527926976932,0.7243881795753723,0.3209,0.3755472073023068,RF,FGSM,0.3,PGD_eps0.75_it10,,PGD,0.75,10,,8.7664053440094,7
0.5704707526830771,0.8453274466519499,0.5350057437362228,0.6552838726850971,0.3153,0.4649942562637772,RF,FGSM,0.3,PGD_eps0.75_it25,,PGD,0.75,25,,8.7664053440094,7
0.2591627378047336,0.6785850133130468,0.0553882455214381,0.1024169010850221,0.0845,0.944611754478562,RF,FGSM,0.3,CW_c0.0_it10,,CW,,10,0.0,8.7664053440094,7
0.2612476012224881,0.6859833393697935,0.0588034400322891,0.108321418358593,0.0867,0.9411965599677108,RF,FGSM,0.3,CW_c0.5_it10,,CW,,10,0.5,8.7664053440094,7
0.7294889715463527,0.9328031974686708,0.6956130274146978,0.7969339119299993,0.1614,0.3043869725853022,MLP,FGSM,0.5,FGSM_eps0.15,77.41159129142761,FGSM,0.15,1,,,7
0.8160108033831647,0.8972791990378052,0.8569964916638206,0.8766753477736137,0.316,0.1430035083361793,MLP,FGSM,0.5,FGSM_eps0.3,77.41159129142761,FGSM,0.3,1,,,7
0.850624274443839,0.8927704997573993,0.9140302399950324,0.90327529339572,0.3536,0.0859697600049675,MLP,FGSM,0.5,FGSM_eps0.5,77.41159129142761,FGSM,0.5,1,,,7
0.7830794380345424,0.9005734144222415,0.8045577323108448,0.849862258953168,0.2861,0.1954422676891552,MLP,FGSM,0.5,FGSM_eps0.75,77.41159129142761,FGSM,0.75,1,,,7
0.8291359662631193,0.8751163000090039,0.9052749231581236,0.8899401782444146,0.4161,0.0947250768418764,MLP,FGSM,0.5,PGD_eps0.15_it10,77.41159129142761,PGD,0.15,10,,,7
0.8137837901869269,0.876511520024741,0.8799403893321742,0.878222607833416,0.3993,0.1200596106678257,MLP,FGSM,0.5,PGD_eps0.15_it25,77.41159129142761,PGD,0.15,25,,,7
0.8341112085100334,0.9168237589707974,0.8606911111801049,0.88787112064824,0.2515,0.139308888819895,MLP,FGSM,0.5,PGD_eps0.3_it10,77.41159129142761,PGD,0.3,10,,,7
0.9022483356630102,0.9253324447944749,0.9484305628861498,0.9367391371009782,0.2465,0.0515694371138501,MLP,FGSM,0.5,PGD_eps0.3_it25,77.41159129142761,PGD,0.3,25,,,7
0.856144424174939,0.896339429229976,0.917600670620013,0.9068454481298518,0.3418,0.0823993293799869,MLP,FGSM,0.5,PGD_eps0.5_it10,77.41159129142761,PGD,0.5,10,,,7
0.8867540098083347,0.9193395505274424,0.9334968487068832,0.9263641125181008,0.2638,0.0665031512931168,MLP,FGSM,0.5,PGD_eps0.5_it25,77.41159129142761,PGD,0.5,25,,,7
0.8794332962164467,0.8962131837307152,0.9522804185165636,0.9233965047491458,0.3552,0.0477195814834363,MLP,FGSM,0.5,PGD_eps0.75_it10,77.41159129142761,PGD,0.75,10,,,7
0.8918714018337321,0.9359447440628252,0.9213573845819492,0.9285937793353776,0.2031,0.0786426154180508,MLP,FGSM,0.5,PGD_eps0.75_it25,77.41159129142761,PGD,0.75,25,,,7
0.947286123812457,0.970972606182458,0.9596075631034804,0.965256632469824,0.0924,0.0403924368965196,MLP,FGSM,0.5,CW_c0.0_it10,77.41159129142761,CW,,10,0.0,,7
0.944229903575067,0.968460693550918,0.9581172964078364,0.9632612292037332,0.1005,0.0418827035921636,MLP,FGSM,0.5,CW_c0.5_it10,77.41159129142761,CW,,10,0.5,,7
0.9623540003316828,0.9937117059013222,0.95672017138067,0.9748651512994512,0.0195,0.04327982861933,MLP,FGSM,0.5,Clean,77.41159129142761,Clean,0.0,0,,,7
0.9029827761851738,0.9681609271964298,0.9025427675494428,0.9342010122921186,0.0956,0.0974572324505573,LR,FGSM,0.5,Clean,,Clean,0.0,0,,0.3853406906127929,7
0.906607595536497,0.9512755835116063,0.9249899096525817,0.9379486210804684,0.1526,0.0750100903474184,LR,FGSM,0.5,FGSM_eps0.15,,FGSM,0.15,1,,0.3853406906127929,7
0.8528039043805823,0.9472199284338012,0.8547300443975286,0.8986013415370555,0.1534,0.1452699556024713,LR,FGSM,0.5,FGSM_eps0.3,,FGSM,0.3,1,,0.3853406906127929,7
0.755431306119548,0.8471763959390863,0.8290539911204943,0.8380172292049146,0.4817,0.1709460088795057,LR,FGSM,0.5,FGSM_eps0.5,,FGSM,0.5,1,,0.3853406906127929,7
0.7099196853751569,0.8195115705918126,0.7949330932348101,0.8070352392359579,0.5639,0.2050669067651898,LR,FGSM,0.5,FGSM_eps0.75,,FGSM,0.75,1,,0.3853406906127929,7
0.8834845649032197,0.9650976515900336,0.8791021143158745,0.9200948852927796,0.1024,0.1208978856841255,LR,FGSM,0.5,PGD_eps0.15_it10,,PGD,0.15,10,,0.3853406906127929,7
0.8988604326091592,0.9622766379880874,0.902853239777702,0.9316183184097134,0.114,0.0971467602222981,LR,FGSM,0.5,PGD_eps0.15_it25,,PGD,0.15,25,,0.3853406906127929,7
0.7052998175744509,0.9456315931836624,0.6512465459964606,0.7713040760419922,0.1206,0.3487534540035394,LR,FGSM,0.5,PGD_eps0.3_it10,,PGD,0.3,10,,0.3853406906127929,7
0.7224999407709256,0.951056338028169,0.670868390822441,0.7867610915909629,0.1112,0.329131609177559,LR,FGSM,0.5,PGD_eps0.3_it25,,PGD,0.3,25,,0.3853406906127929,7
0.6091591840602715,0.9342730790491984,0.5247291129808439,0.6720213125509453,0.1189,0.4752708870191561,LR,FGSM,0.5,PGD_eps0.5_it10,,PGD,0.5,10,,0.3853406906127929,7
0.6077139946456916,0.9353546592489568,0.521996957372163,0.6700542005420054,0.1162,0.4780030426278369,LR,FGSM,0.5,PGD_eps0.5_it25,,PGD,0.5,25,,0.3853406906127929,7
0.5144874315904191,0.9057348663249758,0.4060045328945326,0.5606791433532703,0.1361,0.5939954671054675,LR,FGSM,0.5,PGD_eps0.75_it10,,PGD,0.75,10,,0.3853406906127929,7
0.5003672202610817,0.8987378083763626,0.3890837964544071,0.5430632894936407,0.1412,0.6109162035455928,LR,FGSM,0.5,PGD_eps0.75_it25,,PGD,0.75,25,,0.3853406906127929,7
0.9003766969129806,0.9649664607823604,0.9022012480983576,0.9325289219068402,0.1055,0.0977987519016424,LR,FGSM,0.5,CW_c0.0_it10,,CW,,10,0.0,0.3853406906127929,7
0.899855481058542,0.9642620122113088,0.9022012480983576,0.932199855641992,0.1077,0.0977987519016424,LR,FGSM,0.5,CW_c0.5_it10,,CW,,10,0.5,0.3853406906127929,7
0.9037409083370844,0.96888118877857,0.902853239777702,0.9347026019317616,0.0934,0.0971467602222981,SVM,FGSM,0.5,Clean,,Clean,0.0,0,,1.133392572402954,7
0.9060626880523112,0.9547269448737764,0.9205501567884752,0.9373271160989488,0.1406,0.0794498432115247,SVM,FGSM,0.5,FGSM_eps0.15,,FGSM,0.15,1,,1.133392572402954,7
0.8762112345708262,0.9492242125590996,0.8851252755441026,0.9160548174091866,0.1525,0.1148747244558974,SVM,FGSM,0.5,FGSM_eps0.3,,FGSM,0.3,1,,1.133392572402954,7
0.7657608566893317,0.8511957205789805,0.8398584246639138,0.845489068433637,0.4729,0.1601415753360862,SVM,FGSM,0.5,FGSM_eps0.5,,FGSM,0.5,1,,1.133392572402954,7
0.7516643369897416,0.8436837609541586,0.8279673383215871,0.8357516688081732,0.4941,0.1720326616784128,SVM,FGSM,0.5,FGSM_eps0.75,,FGSM,0.75,1,,1.133392572402954,7
0.9018692695870548,0.9676742093511514,0.9015182091961874,0.9334254854056834,0.097,0.0984817908038126,SVM,FGSM,0.5,PGD_eps0.15_it10,,PGD,0.15,10,,1.133392572402954,7
0.9010400625459024,0.9674804882929758,0.9005867925114098,0.9328359408917688,0.0975,0.0994132074885901,SVM,FGSM,0.5,PGD_eps0.15_it25,,PGD,0.15,25,,1.133392572402954,7
0.7776777464521785,0.9558982143570488,0.7429289950013971,0.8360644282170434,0.1104,0.2570710049986028,SVM,FGSM,0.5,PGD_eps0.3_it10,,PGD,0.3,10,,1.133392572402954,7
0.7896894027340141,0.9593998582342286,0.7564034897078457,0.8458934430498412,0.1031,0.2435965102921543,SVM,FGSM,0.5,PGD_eps0.3_it25,,PGD,0.3,25,,1.133392572402954,7
0.616314056243929,0.9368248772504092,0.5331429103666677,0.6795544035299471,0.1158,0.4668570896333323,SVM,FGSM,0.5,PGD_eps0.5_it10,,PGD,0.5,10,,1.133392572402954,7
0.6119784880001895,0.9438183347350716,0.5226179018286814,0.6727279993605627,0.1002,0.4773820981713186,SVM,FGSM,0.5,PGD_eps0.5_it25,,PGD,0.5,25,,1.133392572402954,7
0.4875026653083465,0.9022590705103826,0.3682821571610419,0.5230619984125584,0.1285,0.631717842838958,SVM,FGSM,0.5,PGD_eps0.75_it10,,PGD,0.75,10,,1.133392572402954,7
0.4188206306711838,0.867579471466871,0.281318886025645,0.4248704663212435,0.1383,0.718681113974355,SVM,FGSM,0.5,PGD_eps0.75_it25,,PGD,0.75,25,,1.133392572402954,7
0.8981023004572485,0.9616249834590446,0.9024806731037908,0.9311145634799878,0.116,0.0975193268962091,SVM,FGSM,0.5,CW_c0.0_it10,,CW,,10,0.0,1.133392572402954,7
0.898054917197754,0.9615002976781108,0.9025427675494428,0.9310891533078168,0.1164,0.0974572324505573,SVM,FGSM,0.5,CW_c0.5_it10,,CW,,10,0.5,1.133392572402954,7
0.998649577104409,0.9992856699173862,0.9989443944239188,0.9991150030276212,0.0023,0.0010556055760812,RF,FGSM,0.5,Clean,,Clean,0.0,0,,10.775952100753784,7
0.5378947617806629,0.8832046332046332,0.4545313421714427,0.6001844829353284,0.1936,0.5454686578285572,RF,FGSM,0.5,FGSM_eps0.15,,FGSM,0.15,1,,10.775952100753784,7
0.9063469876092776,0.9426342502663074,0.9341177931634016,0.9383566984265598,0.1831,0.0658822068365984,RF,FGSM,0.5,FGSM_eps0.3,,FGSM,0.3,1,,10.775952100753784,7
0.2798692222037954,0.6002654573609114,0.1684932782762581,0.2631272727272727,0.3614,0.8315067217237418,RF,FGSM,0.5,FGSM_eps0.5,,FGSM,0.5,1,,10.775952100753784,7
0.2492122533109052,0.5376250543714659,0.1151231022385047,0.1896384186569835,0.3189,0.8848768977614953,RF,FGSM,0.5,FGSM_eps0.75,,FGSM,0.75,1,,10.775952100753784,7
0.5807529199933663,0.8859635125791181,0.5171535906113198,0.6530876298764948,0.2144,0.4828464093886802,RF,FGSM,0.5,PGD_eps0.15_it10,,PGD,0.15,10,,10.775952100753784,7
0.5999905233481011,0.8928077100528016,0.5407184327361918,0.6735246345425013,0.2091,0.4592815672638082,RF,FGSM,0.5,PGD_eps0.15_it25,,PGD,0.15,25,,10.775952100753784,7
0.8926532256153901,0.919312810568416,0.9420037877611848,0.930519988345882,0.2663,0.0579962122388152,RF,FGSM,0.5,PGD_eps0.3_it10,,PGD,0.3,10,,10.775952100753784,7
0.858276670852188,0.9172951471758154,0.8949672451799187,0.9059936511927584,0.2599,0.1050327548200813,RF,FGSM,0.5,PGD_eps0.3_it25,,PGD,0.3,25,,10.775952100753784,7
0.7654528655026179,0.8926673003133031,0.7872954764196343,0.8366767850072588,0.3049,0.2127045235803657,RF,FGSM,0.5,PGD_eps0.5_it10,,PGD,0.5,10,,10.775952100753784,7
0.7824160724016205,0.8897389891330106,0.8159831103107827,0.8512664377793613,0.3257,0.1840168896892173,RF,FGSM,0.5,PGD_eps0.5_it25,,PGD,0.5,25,,10.775952100753784,7
0.7950437110568837,0.9132692442635604,0.8081592101586513,0.8575052296947835,0.2472,0.1918407898413487,RF,FGSM,0.5,PGD_eps0.75_it10,,PGD,0.75,10,,10.775952100753784,7
0.6650477386339406,0.8486052702650565,0.6828836660560713,0.7567781447839251,0.3924,0.3171163339439287,RF,FGSM,0.5,PGD_eps0.75_it25,,PGD,0.75,25,,10.775952100753784,7
0.4163330095477268,0.8453260373917009,0.287776708373436,0.4293787927919581,0.1696,0.7122232916265641,RF,FGSM,0.5,CW_c0.0_it10,,CW,,10,0.0,10.775952100753784,7
0.4289132649434954,0.8941634241245137,0.2853860722158403,0.4326766927910753,0.1088,0.7146139277841597,RF,FGSM,0.5,CW_c0.5_it10,,CW,,10,0.5,10.775952100753784,7
0.9252055248880572,0.9926405751882248,0.9087211648918004,0.948828916443796,0.0217,0.0912788351081995,MLP,PGD,0.3,FGSM_eps0.15,430.296658039093,FGSM,0.15,1,,,7
0.924873842071596,0.9924365757699092,0.9084727871091932,0.948600327427747,0.0223,0.0915272128908069,MLP,PGD,0.3,FGSM_eps0.3,430.296658039093,FGSM,0.3,1,,,7
0.8653367765168566,0.9495610318294296,0.8697258530224471,0.9078917517420192,0.1488,0.1302741469775528,MLP,PGD,0.3,FGSM_eps0.5,430.296658039093,FGSM,0.5,1,,,7
0.656755668222417,0.8386135208468682,0.6813002576919495,0.7518158147183774,0.4223,0.3186997423080505,MLP,PGD,0.3,FGSM_eps0.75,430.296658039093,FGSM,0.75,1,,,7
0.9245421592551352,0.9927004821076932,0.9077897482070229,0.94834828016801,0.0215,0.0922102517929771,MLP,PGD,0.3,PGD_eps0.15_it10,430.296658039093,PGD,0.15,10,,,7
0.924518467625388,0.9927002342715512,0.907758700984197,0.9483312250656808,0.0215,0.092241299015803,MLP,PGD,0.3,PGD_eps0.15_it25,430.296658039093,PGD,0.15,25,,,7
0.923855101992466,0.9918241340706312,0.9076966065385452,0.9478974159452712,0.0241,0.0923033934614548,MLP,PGD,0.3,PGD_eps0.3_it10,430.296658039093,PGD,0.3,10,,,7
0.9238787936222131,0.9918577826027954,0.9076966065385452,0.9479127826862284,0.024,0.0923033934614548,MLP,PGD,0.3,PGD_eps0.3_it25,430.296658039093,PGD,0.3,25,,,7
0.8396550498708806,0.9478576206738724,0.8358533329193704,0.8883389427836073,0.1481,0.1641466670806296,MLP,PGD,0.3,PGD_eps0.5_it10,430.296658039093,PGD,0.5,10,,,7
0.8368594375607098,0.9491008406342,0.8307615883759197,0.8859971524121718,0.1435,0.1692384116240802,MLP,PGD,0.3,PGD_eps0.5_it25,430.296658039093,PGD,0.5,25,,,7
0.7019356061503471,0.8722218008040659,0.7139929833276414,0.7852155356380709,0.3369,0.2860070166723586,MLP,PGD,0.3,PGD_eps0.75_it10,430.296658039093,PGD,0.75,10,,,7
0.5974792105948968,0.8251784111790095,0.5995218727684809,0.6944794101780255,0.4091,0.4004781272315191,MLP,PGD,0.3,PGD_eps0.75_it25,430.296658039093,PGD,0.75,25,,,7
0.9285460446824138,0.9923100273196398,0.91344034276134,0.9512431698406026,0.0228,0.08655965723866,MLP,PGD,0.3,CW_c0.0_it10,430.296658039093,CW,,10,0.0,,7
0.9275983794925252,0.992266387491135,0.9122295010711292,0.9505661598188287,0.0229,0.0877704989288708,MLP,PGD,0.3,CW_c0.5_it10,430.296658039093,CW,,10,0.5,,7
0.9304413750621904,0.992728496886046,0.9155515539135024,0.952579384307265,0.0216,0.0844484460864975,MLP,PGD,0.3,Clean,430.296658039093,Clean,0.0,0,,,7
0.9026984766282072,0.966283931771421,0.9040330342450869,0.934122515759588,0.1016,0.0959669657549132,LR,PGD,0.3,Clean,,Clean,0.0,0,,0.468127965927124,7
0.9013480537326164,0.9469322709163348,0.9224129901580304,0.9345118268746856,0.1665,0.0775870098419696,LR,PGD,0.3,FGSM_eps0.15,,FGSM,0.15,1,,0.468127965927124,7
0.7746215262147883,0.8554024428437207,0.8479927970443044,0.8516815042329939,0.4617,0.1520072029556956,LR,PGD,0.3,FGSM_eps0.3,,FGSM,0.3,1,,0.468127965927124,7
0.72356606410955,0.8289823504916878,0.8035021267347636,0.8160433877782682,0.5339,0.1964978732652364,LR,PGD,0.3,FGSM_eps0.5,,FGSM,0.5,1,,0.468127965927124,7
0.4573195290104006,0.7036469506589028,0.4989909652581576,0.583905540417802,0.6769,0.5010090347418423,LR,PGD,0.3,FGSM_eps0.75,,FGSM,0.75,1,,0.468127965927124,7
0.7624677201544694,0.9412419938735728,0.7345772920612251,0.8251665329752729,0.1477,0.2654227079387748,LR,PGD,0.3,PGD_eps0.15_it10,,PGD,0.15,10,,0.468127965927124,7
0.8172190765002725,0.9462867137963704,0.8062342823434444,0.8706643643861796,0.1474,0.1937657176565556,LR,PGD,0.3,PGD_eps0.15_it25,,PGD,0.15,25,,0.468127965927124,7
0.6263593072567462,0.9151848858355224,0.5624825359371605,0.6967406980098068,0.1679,0.4375174640628396,LR,PGD,0.3,PGD_eps0.3_it10,,PGD,0.3,10,,0.468127965927124,7
0.6251747257693857,0.9167429559556504,0.559626191437176,0.6949933488847333,0.1637,0.440373808562824,LR,PGD,0.3,PGD_eps0.3_it25,,PGD,0.3,25,,0.468127965927124,7
0.5932621004998934,0.909903526462092,0.5183023378558788,0.6604161721655194,0.1653,0.4816976621441212,LR,PGD,0.3,PGD_eps0.5_it10,,PGD,0.5,10,,0.468127965927124,7
0.5637660214646165,0.8805163283318623,0.4955757707473066,0.6342054552317381,0.2166,0.5044242292526934,LR,PGD,0.3,PGD_eps0.5_it25,,PGD,0.5,25,,0.468127965927124,7
0.3816958468573053,0.8143195144532456,0.2457698158899686,0.3775816837586453,0.1805,0.7542301841100314,LR,PGD,0.3,PGD_eps0.75_it10,,PGD,0.75,10,,0.468127965927124,7
0.3705370892463692,0.8401688781664656,0.2162439069825204,0.343959110101484,0.1325,0.7837560930174796,LR,PGD,0.3,PGD_eps0.75_it25,,PGD,0.75,25,,0.468127965927124,7
0.9006136132104527,0.9640230570463127,0.9034741842342202,0.932767048641718,0.1086,0.0965258157657797,LR,PGD,0.3,CW_c0.0_it10,,CW,,10,0.0,0.468127965927124,7
0.9004477718022222,0.9640454650893064,0.9032258064516128,0.932645144744013,0.1085,0.0967741935483871,LR,PGD,0.3,CW_c0.5_it10,,CW,,10,0.5,0.468127965927124,7
0.9046648818972256,0.9690152095051088,0.903970939799435,0.9353636597275764,0.0931,0.096029060200565,SVM,PGD,0.3,Clean,,Clean,0.0,0,,0.9755959510803224,7
0.9089530668814708,0.9516591299917204,0.9278152069297402,0.9395859206740972,0.1518,0.0721847930702598,SVM,PGD,0.3,FGSM_eps0.15,,FGSM,0.15,1,,0.9755959510803224,7
0.8748608116752351,0.94505966744901,0.887609053370176,0.9154338776817162,0.1662,0.1123909466298239,SVM,PGD,0.3,FGSM_eps0.3,,FGSM,0.3,1,,0.9755959510803224,7
0.7499822312776896,0.8288586527364393,0.8473097581421342,0.8379826514162892,0.5635,0.1526902418578658,SVM,PGD,0.3,FGSM_eps0.5,,FGSM,0.5,1,,0.9755959510803224,7
0.728849297543178,0.8177644466209598,0.8295196994628831,0.8236001294677949,0.5954,0.1704803005371169,SVM,PGD,0.3,FGSM_eps0.75,,FGSM,0.75,1,,0.9755959510803224,7
0.9010163709161552,0.9650287003550218,0.9030084758918316,0.9329890293193044,0.1054,0.0969915241081685,SVM,PGD,0.3,PGD_eps0.15_it10,,PGD,0.15,10,,0.9755959510803224,7
0.9037882915965788,0.9560005184033178,0.9160793567015432,0.93561428820573,0.1358,0.0839206432984569,SVM,PGD,0.3,PGD_eps0.15_it25,,PGD,0.15,25,,0.9755959510803224,7
0.6939989101850317,0.9409828571428572,0.6390760346487007,0.7611863027882553,0.1291,0.3609239653512993,SVM,PGD,0.3,PGD_eps0.3_it10,,PGD,0.3,10,,0.9755959510803224,7
0.7002298088085479,0.9427639920304292,0.6464031792356174,0.7669496988562061,0.1264,0.3535968207643826,SVM,PGD,0.3,PGD_eps0.3_it25,,PGD,0.3,25,,0.9755959510803224,7
0.6077613779051861,0.9224831309041835,0.5305659908721165,0.6736705168131825,0.1436,0.4694340091278835,SVM,PGD,0.3,PGD_eps0.5_it10,,PGD,0.5,10,,0.9755959510803224,7
0.6038285673671492,0.9349059253018815,0.5168120711602348,0.6656536169872436,0.1159,0.4831879288397653,SVM,PGD,0.3,PGD_eps0.5_it25,,PGD,0.5,25,,0.9755959510803224,7
0.4382951503233907,0.8625661149974407,0.3139184699928591,0.4603127631968314,0.1611,0.6860815300071409,SVM,PGD,0.3,PGD_eps0.75_it10,,PGD,0.75,10,,0.9755959510803224,7
0.3864104811770001,0.8465509666080844,0.2392809463193517,0.3731028973930724,0.1397,0.7607190536806483,SVM,PGD,0.3,PGD_eps0.75_it25,,PGD,0.75,25,,0.9755959510803224,7
0.901892961216802,0.9658125331917152,0.9034120897885684,0.9335707525225788,0.103,0.0965879102114316,SVM,PGD,0.3,CW_c0.0_it10,,CW,,10,0.0,0.9755959510803224,7
0.9018692695870548,0.9657804772810248,0.9034120897885684,0.9335557765728768,0.1031,0.0965879102114316,SVM,PGD,0.3,CW_c0.5_it10,,CW,,10,0.5,0.9755959510803224,7
0.9987680352531452,0.9993478058324792,0.9990375360923964,0.9991926468761644,0.0021,0.0009624639076034,RF,PGD,0.3,Clean,,Clean,0.0,0,,9.159502983093262,7
0.4173043663673624,0.8013774540848638,0.3142910366667701,0.4515064338440266,0.2509,0.6857089633332298,RF,PGD,0.3,FGSM_eps0.15,,FGSM,0.15,1,,9.159502983093262,7
0.7456229714042029,0.9002087527026019,0.7497593840230992,0.8181248411959008,0.2677,0.2502406159769009,RF,PGD,0.3,FGSM_eps0.3,,FGSM,0.3,1,,9.159502983093262,7
0.6838115093937311,0.8633509265323419,0.6957682635288274,0.7705532441632569,0.3547,0.3042317364711726,RF,PGD,0.3,FGSM_eps0.5,,FGSM,0.5,1,,9.159502983093262,7
0.4474875026653083,0.8056396148555708,0.363687168182806,0.5011444095060857,0.2826,0.636312831817194,RF,PGD,0.3,FGSM_eps0.75,,FGSM,0.75,1,,9.159502983093262,7
0.6537705228742685,0.9105417891642168,0.6057934117793163,0.727543905440173,0.1917,0.3942065882206836,RF,PGD,0.3,PGD_eps0.15_it10,,PGD,0.15,10,,9.159502983093262,7
0.6565187519249449,0.9073179706545236,0.6124375174640628,0.7312696941612604,0.2015,0.3875624825359371,RF,PGD,0.3,PGD_eps0.15_it25,,PGD,0.15,25,,9.159502983093262,7
0.813452107370466,0.9057050448467874,0.8433357136204167,0.8734083601286173,0.2828,0.1566642863795833,RF,PGD,0.3,PGD_eps0.3_it10,,PGD,0.3,10,,9.159502983093262,7
0.8026724158354853,0.8947629438603452,0.8402309913378249,0.866639980786166,0.3183,0.1597690086621751,RF,PGD,0.3,PGD_eps0.3_it25,,PGD,0.3,25,,9.159502983093262,7
0.6728422848207728,0.8235563058310473,0.727032816914527,0.7722902890688126,0.5017,0.272967183085473,RF,PGD,0.3,PGD_eps0.5_it10,,PGD,0.5,10,,9.159502983093262,7
0.6119311047406951,0.7736782046405477,0.6946505635070943,0.732037691401649,0.6545,0.3053494364929057,RF,PGD,0.3,PGD_eps0.5_it25,,PGD,0.5,25,,9.159502983093262,7
0.7201544694259518,0.8021509199182295,0.8406035580117358,0.8209272005093842,0.6678,0.1593964419882641,RF,PGD,0.3,PGD_eps0.75_it10,,PGD,0.75,10,,9.159502983093262,7
0.7134497382074912,0.8059070446526342,0.8225961687727033,0.8141660904970424,0.6381,0.1774038312272967,RF,PGD,0.3,PGD_eps0.75_it25,,PGD,0.75,25,,9.159502983093262,7
0.1964983771233623,0.3757646373434314,0.080101834890869,0.1320537428023032,0.4286,0.919898165109131,RF,PGD,0.3,CW_c0.0_it10,,CW,,10,0.0,9.159502983093262,7
0.1985832405411168,0.3793617655830599,0.0789841348691359,0.1307464987793909,0.4162,0.921015865130864,RF,PGD,0.3,CW_c0.5_it10,,CW,,10,0.5,9.159502983093262,7
0.9260584235589566,0.993418374270593,0.9091247787885374,0.9494042311745156,0.0194,0.0908752212114626,MLP,PGD,0.5,FGSM_eps0.15,434.1372067928314,FGSM,0.15,1,,,7
0.92577412400199,0.9930809930809932,0.9090626843428856,0.9492162806153048,0.0204,0.0909373156571144,MLP,PGD,0.5,FGSM_eps0.3,434.1372067928314,FGSM,0.3,1,,,7
0.8891942476722974,0.9536048504020034,0.8985066285820733,0.9252361845996452,0.1408,0.1014933714179266,MLP,PGD,0.5,FGSM_eps0.5,434.1372067928314,FGSM,0.5,1,,,7
0.7205809187614016,0.9149221576358684,0.6988108913657674,0.7923957049815173,0.2093,0.3011891086342326,MLP,PGD,0.5,FGSM_eps0.75,434.1372067928314,FGSM,0.75,1,,,7
0.9258215072614844,0.9929142934635204,0.909280014902667,0.9492585689976502,0.0209,0.090719985097333,MLP,PGD,0.5,PGD_eps0.15_it10,434.1372067928314,PGD,0.15,10,,,7
0.9257978156317374,0.9929140532293608,0.9092489676798412,0.9492415402567096,0.0209,0.0907510323201589,MLP,PGD,0.5,PGD_eps0.15_it25,434.1372067928314,PGD,0.15,25,,,7
0.9244947759956408,0.9920984807379272,0.9082865037722376,0.9483443279251828,0.0233,0.0917134962277624,MLP,PGD,0.5,PGD_eps0.3_it10,434.1372067928314,PGD,0.3,10,,,7
0.9245658508848824,0.992065913945682,0.9084106926635412,0.9483971346147612,0.0234,0.0915893073364587,MLP,PGD,0.5,PGD_eps0.3_it25,434.1372067928314,PGD,0.3,25,,,7
0.854794001279348,0.9450511945392492,0.8596976000496755,0.9003560454567624,0.161,0.1403023999503244,MLP,PGD,0.5,PGD_eps0.5_it10,434.1372067928314,PGD,0.5,10,,,7
0.8563102655831695,0.9448679553498502,0.8619950945387935,0.9015310181351776,0.162,0.1380049054612065,MLP,PGD,0.5,PGD_eps0.5_it25,434.1372067928314,PGD,0.5,25,,,7
0.7453149802174892,0.8696386123264547,0.7837250457946536,0.8244496701286824,0.3784,0.2162749542053463,MLP,PGD,0.5,PGD_eps0.75_it10,434.1372067928314,PGD,0.75,10,,,7
0.6743348574948471,0.8358252391865837,0.713340991648297,0.7697410298502463,0.4513,0.2866590083517029,MLP,PGD,0.5,PGD_eps0.75_it25,434.1372067928314,PGD,0.75,25,,,7
0.9266980975621312,0.992989942090826,0.910366667701574,0.9498849978943276,0.0207,0.0896333322984259,MLP,PGD,0.5,CW_c0.0_it10,434.1372067928314,CW,,10,0.0,,7
0.9266980975621312,0.992989942090826,0.910366667701574,0.9498849978943276,0.0207,0.0896333322984259,MLP,PGD,0.5,CW_c0.5_it10,434.1372067928314,CW,,10,0.5,,7
0.9267454808216256,0.9930572018830224,0.910366667701574,0.9499157703770896,0.0205,0.0896333322984259,MLP,PGD,0.5,Clean,434.1372067928314,Clean,0.0,0,,,7
0.9028169347769434,0.9662895251999072,0.9041882703592165,0.9342079938410214,0.1016,0.0958117296407836,LR,PGD,0.5,Clean,,Clean,0.0,0,,0.6042492389678955,7
0.9067497453149802,0.950278706800446,0.9262628457884442,0.9381170995534872,0.1561,0.0737371542115557,LR,PGD,0.5,FGSM_eps0.15,,FGSM,0.15,1,,0.6042492389678955,7
0.8470942216115046,0.9419031604955218,0.8521841721258033,0.89480032599837,0.1693,0.1478158278741966,LR,PGD,0.5,FGSM_eps0.3,,FGSM,0.3,1,,0.6042492389678955,7
0.7401502049325973,0.8233914923418897,0.8395479524356546,0.831391237509608,0.58,0.1604520475643453,LR,PGD,0.5,FGSM_eps0.5,,FGSM,0.5,1,,0.6042492389678955,7
0.7027885048212467,0.8046415070954949,0.8062653295662703,0.8054525999100538,0.6305,0.1937346704337297,LR,PGD,0.5,FGSM_eps0.75,,FGSM,0.75,1,,0.6042492389678955,7
0.8177639839844583,0.9577996041378796,0.7962681238163246,0.8695961753636456,0.113,0.2037318761836753,LR,PGD,0.5,PGD_eps0.15_it10,,PGD,0.15,10,,0.6042492389678955,7
0.8956146793337914,0.9508935811358696,0.9102114315874446,0.9301078680203044,0.1514,0.0897885684125555,LR,PGD,0.5,PGD_eps0.15_it25,,PGD,0.15,25,,0.6042492389678955,7
0.6248904262124192,0.9281978872502876,0.5510571579372225,0.6915509146519647,0.1373,0.4489428420627774,LR,PGD,0.5,PGD_eps0.3_it10,,PGD,0.3,10,,0.6042492389678955,7
0.6237295363548059,0.934067102674536,0.5454065633829054,0.6886859024619727,0.124,0.4545934366170946,LR,PGD,0.5,PGD_eps0.3_it25,,PGD,0.3,25,,0.6042492389678955,7
0.439337582032268,0.8462473658615659,0.3241640535254121,0.4687633286192111,0.1897,0.6758359464745879,LR,PGD,0.5,PGD_eps0.5_it10,,PGD,0.5,10,,0.6042492389678955,7
0.3831410362718851,0.8139369277721261,0.2484088298301716,0.3806465424962534,0.1829,0.7515911701698283,LR,PGD,0.5,PGD_eps0.5_it25,,PGD,0.5,25,,0.6042492389678955,7
0.3200502262550641,0.7739266198282592,0.1539010835480766,0.2567462578339462,0.1448,0.8460989164519234,LR,PGD,0.5,PGD_eps0.75_it10,,PGD,0.75,10,,0.6042492389678955,7
0.291762420336895,0.7425099518122774,0.1100313576950541,0.1916608079606295,0.1229,0.8899686423049458,LR,PGD,0.5,PGD_eps0.75_it25,,PGD,0.75,25,,0.6042492389678955,7
0.9022009524035158,0.9661675354427438,0.9034741842342202,0.9337697343088178,0.1019,0.0965258157657797,LR,PGD,0.5,CW_c0.0_it10,,CW,,10,0.0,0.6042492389678955,7
0.9020351109952852,0.9661596705632306,0.9032568536744388,0.9336499735241732,0.1019,0.0967431463255611,LR,PGD,0.5,CW_c0.5_it10,,CW,,10,0.5,0.6042492389678955,7
0.9043331990807648,0.9683146590417928,0.9042193175820424,0.9351700221558616,0.0953,0.0957806824179577,SVM,PGD,0.5,Clean,,Clean,0.0,0,,1.589371919631958,7
0.907626335615627,0.9509685230024212,0.926728554130833,0.9386920766702832,0.1539,0.073271445869167,SVM,PGD,0.5,FGSM_eps0.15,,FGSM,0.15,1,,1.589371919631958,7
0.8686772963112133,0.9433692471401968,0.8807786643484741,0.9110001445063504,0.1703,0.1192213356515259,SVM,PGD,0.5,FGSM_eps0.3,,FGSM,0.3,1,,1.589371919631958,7
0.7443910066573479,0.8238193142649816,0.8459436803377938,0.8347349233337928,0.5827,0.1540563196622062,SVM,PGD,0.5,FGSM_eps0.5,,FGSM,0.5,1,,1.589371919631958,7
0.7151318439195432,0.8072766022225605,0.8232171132292216,0.8151689365757678,0.633,0.1767828867707783,SVM,PGD,0.5,FGSM_eps0.75,,FGSM,0.75,1,,1.589371919631958,7
0.823473666753536,0.960802561048243,0.8013598683597752,0.8738679261253026,0.1053,0.1986401316402248,SVM,PGD,0.5,PGD_eps0.15_it10,,PGD,0.15,10,,1.589371919631958,7
0.8976047762325571,0.9564605362228696,0.9071067093048528,0.9311300911466632,0.133,0.0928932906951473,SVM,PGD,0.5,PGD_eps0.15_it25,,PGD,0.15,25,,1.589371919631958,7
0.6406690516240612,0.9332418141142972,0.569871774969729,0.7076353682749581,0.1313,0.430128225030271,SVM,PGD,0.5,PGD_eps0.3_it10,,PGD,0.3,10,,1.589371919631958,7
0.6593380558648629,0.9339889007886282,0.595672017138067,0.7274174897158348,0.1356,0.404327982861933,SVM,PGD,0.5,PGD_eps0.3_it25,,PGD,0.3,25,,1.589371919631958,7
0.4323959345163354,0.8727749164181802,0.2998851252755441,0.4463906091135964,0.1408,0.7001148747244559,SVM,PGD,0.5,PGD_eps0.5_it10,,PGD,0.5,10,,1.589371919631958,7
0.4164040844369684,0.8834784369305527,0.2709491136017883,0.4147123814954737,0.1151,0.7290508863982117,SVM,PGD,0.5,PGD_eps0.5_it25,,PGD,0.5,25,,1.589371919631958,7
0.3261626667298443,0.7658433309809457,0.1684622310534322,0.27617447956431,0.1659,0.8315377689465677,SVM,PGD,0.5,PGD_eps0.75_it10,,PGD,0.75,10,,1.589371919631958,7
0.294581724276813,0.7361272797826931,0.1177931634015337,0.2030886170810695,0.136,0.8822068365984662,SVM,PGD,0.5,PGD_eps0.75_it25,,PGD,0.75,25,,1.589371919631958,7
0.90310123433391,0.9670154459392128,0.9038467509081312,0.9343646692557048,0.0993,0.0961532490918687,SVM,PGD,0.5,CW_c0.0_it10,,CW,,10,0.0,1.589371919631958,7
0.90310123433391,0.9670154459392128,0.9038467509081312,0.9343646692557048,0.0993,0.0961532490918687,SVM,PGD,0.5,CW_c0.5_it10,,CW,,10,0.5,1.589371919631958,7
0.9987443436233978,0.9993788048204746,0.9989754416467448,0.9991770825246488,0.002,0.0010245583532553,RF,PGD,0.5,Clean,,Clean,0.0,0,,10.958239316940308,7
0.8871330758842901,0.9178720423886232,0.9358253904188272,0.9267617759193212,0.2697,0.0641746095811729,RF,PGD,0.5,FGSM_eps0.15,,FGSM,0.15,1,,10.958239316940308,7
0.9197564500461988,0.9676770299214644,0.9257660902232296,0.9462577154372214,0.0996,0.0742339097767704,RF,PGD,0.5,FGSM_eps0.3,,FGSM,0.3,1,,10.958239316940308,7
0.2329597953043189,0.4769017980636238,0.053525412151883,0.096248325145154,0.1891,0.946474587848117,RF,PGD,0.5,FGSM_eps0.5,,FGSM,0.5,1,,10.958239316940308,7
0.2926863938970361,0.7214070729872084,0.1190660995373963,0.2043970686209194,0.1481,0.8809339004626037,RF,PGD,0.5,FGSM_eps0.75,,FGSM,0.75,1,,10.958239316940308,7
0.9007320713591888,0.9661908089581046,0.9014561147505356,0.9327015740443302,0.1016,0.0985438852494644,RF,PGD,0.5,PGD_eps0.15_it10,,PGD,0.15,10,,10.958239316940308,7
0.8896917718969888,0.9574630582766064,0.895215622962526,0.9252936268532188,0.1281,0.104784377037474,RF,PGD,0.5,PGD_eps0.15_it25,,PGD,0.15,25,,10.958239316940308,7
0.909877040441612,0.9467459343839452,0.9344593126144868,0.9405625,0.1693,0.0655406873855133,RF,PGD,0.5,PGD_eps0.3_it10,,PGD,0.3,10,,10.958239316940308,7
0.9082897012485488,0.945846444304594,0.933248470924276,0.93950522746097,0.1721,0.0667515290757241,RF,PGD,0.5,PGD_eps0.3_it25,,PGD,0.3,25,,10.958239316940308,7
0.8346798076239664,0.874069681245367,0.9152100344624172,0.8941668941668942,0.4247,0.0847899655375826,RF,PGD,0.5,PGD_eps0.5_it10,,PGD,0.5,10,,10.958239316940308,7
0.8122201426236111,0.8572395327625268,0.9045608370331274,0.8802646685600338,0.4852,0.0954391629668726,RF,PGD,0.5,PGD_eps0.5_it25,,PGD,0.5,25,,10.958239316940308,7
0.7536781255182544,0.8602193156295416,0.8085938712782141,0.8336080659358246,0.4232,0.1914061287217858,RF,PGD,0.5,PGD_eps0.75_it10,,PGD,0.75,10,,10.958239316940308,7
0.7228316235873866,0.8596731200897868,0.7609984786860815,0.8073318950610168,0.4001,0.2390015213139184,RF,PGD,0.5,PGD_eps0.75_it25,,PGD,0.75,25,,10.958239316940308,7
0.6870335710393518,0.8920391234369196,0.6710857213822223,0.765946137491141,0.2616,0.3289142786177776,RF,PGD,0.5,CW_c0.0_it10,,CW,,10,0.0,10.958239316940308,7
0.6822715534601625,0.9125625493810904,0.6454717625508398,0.7561237293375279,0.1992,0.3545282374491602,RF,PGD,0.5,CW_c0.5_it10,,CW,,10,0.5,10.958239316940308,7
0.6487715889976071,0.8951986905519688,0.6112887702195039,0.7264911536261831,0.2305,0.3887112297804961,MLP,FGSM,0.3,FGSM_eps0.15,76.037602186203,FGSM,0.15,1,,,123
0.8716387500296146,0.9423438893108343,0.8859945977832283,0.913300902515522,0.1746,0.1140054022167717,MLP,FGSM,0.3,FGSM_eps0.3,76.037602186203,FGSM,0.3,1,,,123
0.8071264422279608,0.950374251497006,0.7884131764413673,0.8618507016918665,0.1326,0.2115868235586326,MLP,FGSM,0.3,FGSM_eps0.5,76.037602186203,FGSM,0.5,1,,,123
0.7798099931294273,0.947961058763733,0.7527709646372132,0.8391651957221472,0.1331,0.2472290353627868,MLP,FGSM,0.3,FGSM_eps0.75,76.037602186203,FGSM,0.75,1,,,123
0.6764907958018432,0.8809856262833675,0.6660250240615977,0.7585706960872717,0.2898,0.3339749759384023,MLP,FGSM,0.3,PGD_eps0.15_it10,76.037602186203,PGD,0.15,10,,,123
0.7381127247743372,0.8972769953051644,0.7417181533111863,0.8121154434510657,0.2735,0.2582818466888137,MLP,FGSM,0.3,PGD_eps0.15_it25,76.037602186203,PGD,0.15,25,,,123
0.6016015541709114,0.8468297958631877,0.5834394113446553,0.6908823529411765,0.3399,0.4165605886553448,MLP,FGSM,0.3,PGD_eps0.3_it10,76.037602186203,PGD,0.3,10,,,123
0.6040891752943685,0.8663483358547656,0.5689403582849514,0.6868312063117258,0.2827,0.4310596417150485,MLP,FGSM,0.3,PGD_eps0.3_it25,76.037602186203,PGD,0.3,25,,,123
0.5782652988699093,0.7874700718276137,0.6126858952466702,0.6891686601826468,0.5326,0.3873141047533298,MLP,FGSM,0.3,PGD_eps0.5_it10,76.037602186203,PGD,0.5,10,,,123
0.5961998625885475,0.8088217325785036,0.61656679809991,0.699728691730383,0.4694,0.38343320190009,MLP,FGSM,0.3,PGD_eps0.5_it25,76.037602186203,PGD,0.5,25,,,123
0.613376294155275,0.8138331489966819,0.6396659318823931,0.7163146458061712,0.4713,0.3603340681176069,MLP,FGSM,0.3,PGD_eps0.75_it10,76.037602186203,PGD,0.75,10,,,123
0.6479186903267076,0.858934039559712,0.6444472041975845,0.736390243902439,0.3409,0.3555527958024155,MLP,FGSM,0.3,PGD_eps0.75_it25,76.037602186203,PGD,0.75,25,,,123
0.9271956217868228,0.970877238347663,0.9325654320221056,0.9513357720873518,0.0901,0.0674345679778943,MLP,FGSM,0.3,CW_c0.0_it10,76.037602186203,CW,,10,0.0,,123
0.9190457011537824,0.9692919546225062,0.9231581235058524,0.9456627176592192,0.0942,0.0768418764941476,MLP,FGSM,0.3,CW_c0.5_it10,76.037602186203,CW,,10,0.5,,123
0.9610983439550806,0.9932548007100208,0.9555093296904592,0.9740165205557488,0.0209,0.0444906703095408,MLP,FGSM,0.3,Clean,76.037602186203,Clean,0.0,0,,,123
0.9033618422611293,0.9675553487135164,0.9036604675711758,0.9345170249313705,0.0976,0.0963395324288242,LR,FGSM,0.3,Clean,,Clean,0.0,0,,0.5901534557342529,123
0.9103508730365562,0.9493502798065068,0.9322549597938464,0.9407249600551396,0.1602,0.0677450402061535,LR,FGSM,0.3,FGSM_eps0.15,,FGSM,0.15,1,,0.5901534557342529,123
0.8620436399819944,0.926075442449296,0.890279114533205,0.90782454529625,0.2289,0.109720885466795,LR,FGSM,0.3,FGSM_eps0.3,,FGSM,0.3,1,,0.5901534557342529,123
0.8419294463266128,0.9199473770761388,0.8684218696637586,0.8934423611332929,0.2434,0.1315781303362414,LR,FGSM,0.3,FGSM_eps0.5,,FGSM,0.5,1,,0.5901534557342529,123
0.7818474732876874,0.9019326879390488,0.8012356794684715,0.8486074117917859,0.2806,0.1987643205315284,LR,FGSM,0.3,FGSM_eps0.75,,FGSM,0.75,1,,0.5901534557342529,123
0.91065886422327,0.9550662484798054,0.9265112235710516,0.940572058939406,0.1404,0.0734887764289484,LR,FGSM,0.3,PGD_eps0.15_it10,,PGD,0.15,10,,0.5901534557342529,123
0.9094742827359094,0.9568982166999292,0.922940792946071,0.9396128012643225,0.1339,0.077059207053929,LR,FGSM,0.3,PGD_eps0.15_it25,,PGD,0.15,25,,0.5901534557342529,123
0.8959463621502524,0.9534739656352906,0.9079449843211524,0.9301526717557252,0.1427,0.0920550156788475,LR,FGSM,0.3,PGD_eps0.3_it10,,PGD,0.3,10,,0.5901534557342529,123
0.8410291643962188,0.9490051065328404,0.8366295134900184,0.8892812355620091,0.1448,0.1633704865099816,LR,FGSM,0.3,PGD_eps0.3_it25,,PGD,0.3,25,,0.5901534557342529,123
0.8014167594588831,0.9399859659489604,0.7902139153652705,0.85861754883109,0.1625,0.2097860846347294,LR,FGSM,0.3,PGD_eps0.5_it10,,PGD,0.5,10,,0.5901534557342529,123
0.8307469970859296,0.9343268064460232,0.8370331273867553,0.8830079916153544,0.1895,0.1629668726132447,LR,FGSM,0.3,PGD_eps0.5_it25,,PGD,0.5,25,,0.5901534557342529,123
0.7059631832073728,0.8987673219465034,0.6926945884690614,0.782389143127663,0.2513,0.3073054115309385,LR,FGSM,0.3,PGD_eps0.75_it10,,PGD,0.75,10,,0.5901534557342529,123
0.6330640384752068,0.8345404345564403,0.6475208792573505,0.7292307692307692,0.4135,0.3524791207426496,LR,FGSM,0.3,PGD_eps0.75_it25,,PGD,0.75,25,,0.5901534557342529,123
0.9029827761851738,0.9673204787234042,0.9033810425657424,0.934258055194336,0.0983,0.0966189574342575,LR,FGSM,0.3,CW_c0.0_it10,,CW,,10,0.0,0.5901534557342529,123
0.9029590845554266,0.96731939226703,0.9033499953429166,0.9342409452864116,0.0983,0.0966500046570834,LR,FGSM,0.3,CW_c0.5_it10,,CW,,10,0.5,0.5901534557342529,123
0.9049017981946978,0.9694315873597282,0.9038777981309573,0.9355077120822622,0.0918,0.0961222018690428,SVM,FGSM,0.3,Clean,,Clean,0.0,0,,0.8988711833953857,123
0.9098533488118647,0.9542023794294486,0.926324940234096,0.9400570285300188,0.1432,0.0736750597659039,SVM,FGSM,0.3,FGSM_eps0.15,,FGSM,0.15,1,,0.8988711833953857,123
0.8694354284631239,0.9272500320061452,0.8994690924896768,0.9131483145004964,0.2273,0.1005309075103232,SVM,FGSM,0.3,FGSM_eps0.3,,FGSM,0.3,1,,0.8988711833953857,123
0.8393707503139141,0.9143555483135082,0.8710919308267876,0.8921995738862213,0.2628,0.1289080691732124,SVM,FGSM,0.3,FGSM_eps0.5,,FGSM,0.5,1,,0.8988711833953857,123
0.8266483451396621,0.9048796356538712,0.8636095501257413,0.8837630462755564,0.2924,0.1363904498742587,SVM,FGSM,0.3,FGSM_eps0.75,,FGSM,0.75,1,,0.8988711833953857,123
0.90369352507759,0.9676947620313746,0.903970939799435,0.934748061704416,0.0972,0.096029060200565,SVM,FGSM,0.3,PGD_eps0.15_it10,,PGD,0.15,10,,0.8988711833953857,123
0.9040962827832928,0.9684599261403334,0.9037536092396536,0.9349885973083224,0.0948,0.0962463907603464,SVM,FGSM,0.3,PGD_eps0.15_it25,,PGD,0.15,25,,0.8988711833953857,123
0.9033144590016348,0.9586485781372294,0.912664162190692,0.935091374675934,0.1268,0.0873358378093079,SVM,FGSM,0.3,PGD_eps0.3_it10,,PGD,0.3,10,,0.8988711833953857,123
0.8994290317230922,0.9635941644562336,0.9022943897668354,0.931937340666036,0.1098,0.0977056102331646,SVM,FGSM,0.3,PGD_eps0.3_it25,,PGD,0.3,25,,0.8988711833953857,123
0.8911369613115686,0.9493003579563944,0.9057095842776864,0.9269928025548548,0.1558,0.0942904157223136,SVM,FGSM,0.3,PGD_eps0.5_it10,,PGD,0.5,10,,0.8988711833953857,123
0.8735814636688858,0.9489758412136198,0.8817411282560775,0.9141238573451784,0.1527,0.1182588717439225,SVM,FGSM,0.3,PGD_eps0.5_it25,,PGD,0.5,25,,0.8988711833953857,123
0.8024354995380132,0.9164921831379118,0.8153932130770902,0.8629918672471864,0.2393,0.1846067869229097,SVM,FGSM,0.3,PGD_eps0.75_it10,,PGD,0.75,10,,0.8988711833953857,123
0.7300575706602858,0.912096614531776,0.7151727777950262,0.8017193373242378,0.222,0.2848272222049737,SVM,FGSM,0.3,PGD_eps0.75_it25,,PGD,0.75,25,,0.8988711833953857,123
0.9045701153782368,0.9691984948886152,0.9036604675711758,0.9352827763496144,0.0925,0.0963395324288242,SVM,FGSM,0.3,CW_c0.0_it10,,CW,,10,0.0,0.8988711833953857,123
0.904593807007984,0.9691682759539187,0.9037225620168275,0.935301961666372,0.0926,0.0962774379831724,SVM,FGSM,0.3,CW_c0.5_it10,,CW,,10,0.5,0.8988711833953857,123
0.9986021938449146,0.9992856255435458,0.9988822999782668,0.999083922055741,0.0023,0.001117700021733,RF,FGSM,0.3,Clean,,Clean,0.0,0,,8.62558102607727,123
0.3708687720628302,0.859394863971523,0.2098792263032071,0.3373674360573924,0.1106,0.7901207736967928,RF,FGSM,0.3,FGSM_eps0.15,,FGSM,0.15,1,,8.62558102607727,123
0.8789831552512497,0.9469309673801908,0.8913657673321121,0.9183085977482088,0.1609,0.1086342326678878,RF,FGSM,0.3,FGSM_eps0.3,,FGSM,0.3,1,,8.62558102607727,123
0.1162785187993082,0.0755251750583527,0.0140643919401409,0.0237129321852016,0.5545,0.985935608059859,RF,FGSM,0.3,FGSM_eps0.5,,FGSM,0.5,1,,8.62558102607727,123
0.1345210737046601,0.1513391416585995,0.0291222950107112,0.0488452625823417,0.526,0.9708777049892888,RF,FGSM,0.3,FGSM_eps0.75,,FGSM,0.75,1,,8.62558102607727,123
0.4112156175223294,0.9120645233561108,0.2527864882486261,0.3958576429404901,0.0785,0.7472135117513738,RF,FGSM,0.3,PGD_eps0.15_it10,,PGD,0.15,10,,8.62558102607727,123
0.3678599350849345,0.9823703962297085,0.1747337700642677,0.2966946069903526,0.0101,0.8252662299357323,RF,FGSM,0.3,PGD_eps0.15_it25,,PGD,0.15,25,,8.62558102607727,123
0.5641687791703192,0.9801849405548216,0.437703747399795,0.6051682692307693,0.0285,0.5622962526002049,RF,FGSM,0.3,PGD_eps0.3_it10,,PGD,0.3,10,,8.62558102607727,123
0.6017200123196474,0.9958140133951572,0.4800832065571734,0.6478412971070658,0.0065,0.5199167934428265,RF,FGSM,0.3,PGD_eps0.3_it25,,PGD,0.3,25,,8.62558102607727,123
0.4305716790258002,0.8321144157321632,0.3179235617374026,0.4600696394473773,0.2066,0.6820764382625975,RF,FGSM,0.3,PGD_eps0.5_it10,,PGD,0.5,10,,8.62558102607727,123
0.396076666113862,0.8224846390168971,0.2659815579496414,0.4019706744868035,0.1849,0.7340184420503586,RF,FGSM,0.3,PGD_eps0.5_it25,,PGD,0.5,25,,8.62558102607727,123
0.4291738728707148,0.8296368510845723,0.3170542394982769,0.4587807179118559,0.2097,0.6829457605017232,RF,FGSM,0.3,PGD_eps0.75_it10,,PGD,0.75,10,,8.62558102607727,123
0.3735222345945178,0.7892835641180012,0.2442174547486727,0.3730171902786011,0.21,0.7557825452513273,RF,FGSM,0.3,PGD_eps0.75_it25,,PGD,0.75,25,,8.62558102607727,123
0.2498993105735743,0.6918767507002801,0.0306746561520072,0.058744834557184,0.044,0.9693253438479928,RF,FGSM,0.3,CW_c0.0_it10,,CW,,10,0.0,8.62558102607727,123
0.2542348788173138,0.6972477064220184,0.0401130118910863,0.075861664024426,0.0561,0.9598869881089136,RF,FGSM,0.3,CW_c0.5_it10,,CW,,10,0.5,8.62558102607727,123
0.8525906797128574,0.9415202691222944,0.8602564500605421,0.8990557772802492,0.1721,0.1397435499394579,MLP,FGSM,0.5,FGSM_eps0.15,76.81924700737,FGSM,0.15,1,,,123
0.5996588405316402,0.8963499870566917,0.5375205687851222,0.672036332582874,0.2002,0.4624794312148778,MLP,FGSM,0.5,FGSM_eps0.3,76.81924700737,FGSM,0.3,1,,,123
0.5471818806415694,0.8788036561379151,0.4716383619485237,0.6138397817961411,0.2095,0.5283616380514763,MLP,FGSM,0.5,FGSM_eps0.5,76.81924700737,FGSM,0.5,1,,,123
0.6039233338861381,0.8739438999662048,0.5620168275947717,0.684101129964854,0.2611,0.4379831724052283,MLP,FGSM,0.5,FGSM_eps0.75,76.81924700737,FGSM,0.75,1,,,123
0.7103461347106067,0.9310954825904992,0.6699990685833153,0.7792582963203698,0.1597,0.3300009314166848,MLP,FGSM,0.5,PGD_eps0.15_it10,76.81924700737,PGD,0.15,10,,,123
0.7267644341254235,0.9340414812326812,0.6907075662082027,0.7941528191764685,0.1571,0.3092924337917973,MLP,FGSM,0.5,PGD_eps0.15_it25,76.81924700737,PGD,0.15,25,,,123
0.7295837380653415,0.9583021113412968,0.674997671458288,0.7920795686388807,0.0946,0.3250023285417119,MLP,FGSM,0.5,PGD_eps0.3_it10,76.81924700737,PGD,0.3,10,,,123
0.6895211921628088,0.9577782037764784,0.6204787481759757,0.7530852567121997,0.0881,0.3795212518240243,MLP,FGSM,0.5,PGD_eps0.3_it25,76.81924700737,PGD,0.3,25,,,123
0.5364969556255775,0.8594167472002728,0.4693719146822316,0.60714859437751,0.2473,0.5306280853177683,MLP,FGSM,0.5,PGD_eps0.5_it10,76.81924700737,PGD,0.5,10,,,123
0.5604491933000071,0.865681233933162,0.5018473097581422,0.6353648709734478,0.2508,0.4981526902418579,MLP,FGSM,0.5,PGD_eps0.5_it25,76.81924700737,PGD,0.5,25,,,123
0.5114075197232818,0.8150424189688927,0.4653047284920364,0.5924066644267447,0.3401,0.5346952715079636,MLP,FGSM,0.5,PGD_eps0.75_it10,76.81924700737,PGD,0.75,10,,,123
0.5023810087895947,0.8122735633465247,0.4524511782421062,0.5811764705882353,0.3368,0.5475488217578938,MLP,FGSM,0.5,PGD_eps0.75_it25,76.81924700737,PGD,0.75,25,,,123
0.9382359212490228,0.9960785628100282,0.9226924151634636,0.957982109759046,0.0117,0.0773075848365363,MLP,FGSM,0.5,CW_c0.0_it10,76.81924700737,CW,,10,0.0,,123
0.9216280887962284,0.9693092137312852,0.9266354124623551,0.9474920634920636,0.0945,0.0733645875376447,MLP,FGSM,0.5,CW_c0.5_it10,76.81924700737,CW,,10,0.5,,123
0.9589187140183372,0.99457950598851,0.9513490018317862,0.9724840521755688,0.0167,0.0486509981682138,MLP,FGSM,0.5,Clean,76.81924700737,Clean,0.0,0,,,123
0.9025800184794712,0.9666500581298788,0.9035052314570462,0.9340116185768848,0.1004,0.0964947685429538,LR,FGSM,0.5,Clean,,Clean,0.0,0,,0.4421110153198242,123
0.9112511549669502,0.9540567271799126,0.9284051041634326,0.941056143001007,0.144,0.0715948958365674,LR,FGSM,0.5,FGSM_eps0.15,,FGSM,0.15,1,,0.4421110153198242,123
0.8662133668175034,0.9307537623248572,0.8909621534353752,0.9104233752637172,0.2135,0.1090378465646248,LR,FGSM,0.5,FGSM_eps0.3,,FGSM,0.3,1,,0.4421110153198242,123
0.87609277642209,0.924906290358144,0.9116396038374368,0.9182250297079242,0.2384,0.0883603961625632,LR,FGSM,0.5,FGSM_eps0.5,,FGSM,0.5,1,,0.4421110153198242,123
0.8719941244758227,0.9222215221774194,0.908907448228756,0.9155160821228088,0.2469,0.091092551771244,LR,FGSM,0.5,FGSM_eps0.75,,FGSM,0.75,1,,0.4421110153198242,123
0.912246203416333,0.9555115216210168,0.9282188208264772,0.9416674540930424,0.1392,0.0717811791735229,LR,FGSM,0.5,PGD_eps0.15_it10,,PGD,0.15,10,,0.4421110153198242,123
0.911227463337203,0.955217196596507,0.92713216802757,0.940965165193553,0.14,0.07286783197243,LR,FGSM,0.5,PGD_eps0.15_it25,,PGD,0.15,25,,0.4421110153198242,123
0.8958752872610107,0.9498900103519669,0.9116396038374368,0.9303718255414204,0.1549,0.0883603961625632,LR,FGSM,0.5,PGD_eps0.3_it10,,PGD,0.3,10,,0.4421110153198242,123
0.8753820275296738,0.9503358844958392,0.8828277810549846,0.9153388057299212,0.1486,0.1171722189450153,LR,FGSM,0.5,PGD_eps0.3_it25,,PGD,0.3,25,,0.4421110153198242,123
0.7733658698381861,0.9407482384085336,0.7502561395883138,0.8347726958684538,0.1522,0.2497438604116861,LR,FGSM,0.5,PGD_eps0.5_it10,,PGD,0.5,10,,0.4421110153198242,123
0.7699542751545879,0.9409320738447068,0.7453196311589928,0.8317799106060081,0.1507,0.2546803688410072,LR,FGSM,0.5,PGD_eps0.5_it25,,PGD,0.5,25,,0.4421110153198242,123
0.7338956146793338,0.9354785135976748,0.6995249774907635,0.8004760720503074,0.1554,0.3004750225092365,LR,FGSM,0.5,PGD_eps0.75_it10,,PGD,0.75,10,,0.4421110153198242,123
0.7108910421947926,0.9399630541871922,0.6635101990126984,0.7779051779051779,0.1365,0.3364898009873017,LR,FGSM,0.5,PGD_eps0.75_it25,,PGD,0.75,25,,0.4421110153198242,123
0.903124925963657,0.9671406737989235,0.9037536092396536,0.9343733448890172,0.0989,0.0962463907603464,LR,FGSM,0.5,CW_c0.0_it10,,CW,,10,0.0,0.4421110153198242,123
0.9031486175934044,0.9671107272183648,0.9038157036853054,0.9343925533622212,0.099,0.0961842963146946,LR,FGSM,0.5,CW_c0.5_it10,,CW,,10,0.5,0.4421110153198242,123
0.9040015162643038,0.9685180871243636,0.903567325902698,0.9349159947316008,0.0946,0.096432674097302,SVM,FGSM,0.5,Clean,,Clean,0.0,0,,1.4880375862121582,123
0.9112985382264446,0.9541176095210746,0.9284051041634326,0.9410857592446892,0.1438,0.0715948958365674,SVM,FGSM,0.5,FGSM_eps0.15,,FGSM,0.15,1,,1.4880375862121582,123
0.8968466440806463,0.9530004878842088,0.909683628799404,0.9308383899355084,0.1445,0.0903163712005961,SVM,FGSM,0.5,FGSM_eps0.3,,FGSM,0.3,1,,1.4880375862121582,123
0.8664265914852283,0.926022126022126,0.8965817007668664,0.9110641385620092,0.2307,0.1034182992331336,SVM,FGSM,0.5,FGSM_eps0.5,,FGSM,0.5,1,,1.4880375862121582,123
0.8693880452036296,0.9217910636415344,0.9056785370548605,0.913663769477723,0.2475,0.0943214629451395,SVM,FGSM,0.5,FGSM_eps0.75,,FGSM,0.75,1,,1.4880375862121582,123
0.9059916131630696,0.96863695197637,0.9061442453972492,0.9363490535771576,0.0945,0.0938557546027507,SVM,FGSM,0.5,PGD_eps0.15_it10,,PGD,0.15,10,,1.4880375862121582,123
0.9061100713118057,0.9674013767540376,0.9075413704244156,0.9365158189827794,0.0985,0.0924586295755844,SVM,FGSM,0.5,PGD_eps0.15_it25,,PGD,0.15,25,,1.4880375862121582,123
0.9092847496979316,0.9519971969166082,0.927908348598218,0.9397984371806362,0.1507,0.0720916514017821,SVM,FGSM,0.5,PGD_eps0.3_it10,,PGD,0.3,10,,1.4880375862121582,123
0.9091662915491956,0.9530576401085742,0.9266043652395292,0.939644858636106,0.147,0.0733956347604706,SVM,FGSM,0.5,PGD_eps0.3_it25,,PGD,0.3,25,,1.4880375862121582,123
0.84093439787723,0.9481455440323432,0.8373435996150145,0.8893065585122168,0.1475,0.1626564003849855,SVM,FGSM,0.5,PGD_eps0.5_it10,,PGD,0.5,10,,1.4880375862121582,123
0.8984339832737094,0.9527500324296276,0.9121363594026516,0.9320009517011658,0.1457,0.0878636405973485,SVM,FGSM,0.5,PGD_eps0.5_it25,,PGD,0.5,25,,1.4880375862121582,123
0.8237816579402497,0.947307595073856,0.8143686547238349,0.8758222311262479,0.1459,0.185631345276165,SVM,FGSM,0.5,PGD_eps0.75_it10,,PGD,0.75,10,,1.4880375862121582,123
0.7894998696960364,0.9503746041554028,0.7640411065230215,0.8470819062699,0.1285,0.2359588934769785,SVM,FGSM,0.5,PGD_eps0.75_it25,,PGD,0.75,25,,1.4880375862121582,123
0.9041436660427872,0.9682439397466166,0.9040330342450869,0.9350374104877812,0.0955,0.0959669657549132,SVM,FGSM,0.5,CW_c0.0_it10,,CW,,10,0.0,1.4880375862121582,123
0.9043095074510176,0.9684070502161622,0.9040951286907386,0.9351466786557266,0.095,0.0959048713092613,SVM,FGSM,0.5,CW_c0.5_it10,,CW,,10,0.5,1.4880375862121582,123
0.9986969603639034,0.9994097912524852,0.9988822999782668,0.9991459759941616,0.0019,0.001117700021733,RF,FGSM,0.5,Clean,,Clean,0.0,0,,10.154215335845947,123
0.4151958113198607,0.7598950058713821,0.3415504983079263,0.4712761855802596,0.3476,0.6584495016920736,RF,FGSM,0.5,FGSM_eps0.15,,FGSM,0.15,1,,10.154215335845947,123
0.8841479305361416,0.9125864620775064,0.9380297432394672,0.9251331986037112,0.2894,0.0619702567605327,RF,FGSM,0.5,FGSM_eps0.3,,FGSM,0.3,1,,10.154215335845947,123
0.2006444123291241,0.3573159366262814,0.0595175261572852,0.1020386437430137,0.3448,0.9404824738427148,RF,FGSM,0.5,FGSM_eps0.5,,FGSM,0.5,1,,10.154215335845947,123
0.214717240398967,0.4509680795395081,0.1337824831568816,0.2063499664783066,0.5246,0.8662175168431184,RF,FGSM,0.5,FGSM_eps0.75,,FGSM,0.75,1,,10.154215335845947,123
0.3760098557179748,0.7820697607379649,0.2526933465801484,0.3819692134409611,0.2268,0.7473066534198516,RF,FGSM,0.5,PGD_eps0.15_it10,,PGD,0.15,10,,10.154215335845947,123
0.3882821199270297,0.8003761165961448,0.2642739606942159,0.3973485202128652,0.2123,0.7357260393057841,RF,FGSM,0.5,PGD_eps0.15_it25,,PGD,0.15,25,,10.154215335845947,123
0.5273519865431543,0.8148985358335474,0.4924710484647148,0.613925765375237,0.3603,0.5075289515352852,RF,FGSM,0.5,PGD_eps0.3_it10,,PGD,0.3,10,,10.154215335845947,123
0.6074533867184724,0.884464110127827,0.5585395386382688,0.6846942853336886,0.235,0.4414604613617311,RF,FGSM,0.5,PGD_eps0.3_it25,,PGD,0.3,25,,10.154215335845947,123
0.3748015826008671,0.7576589339472286,0.2656710857213822,0.3933981564489805,0.2737,0.7343289142786178,RF,FGSM,0.5,PGD_eps0.5_it10,,PGD,0.5,10,,10.154215335845947,123
0.4346703309720676,0.7673092935374367,0.3719457294545003,0.501024633014094,0.3633,0.6280542705454997,RF,FGSM,0.5,PGD_eps0.5_it25,,PGD,0.5,25,,10.154215335845947,123
0.3188419531379564,0.6200027762354248,0.2773448415039274,0.3832507454362142,0.5475,0.7226551584960725,RF,FGSM,0.5,PGD_eps0.75_it10,,PGD,0.75,10,,10.154215335845947,123
0.4176597408135705,0.7058887029740379,0.4060355801173585,0.5155313781141596,0.5449,0.5939644198826415,RF,FGSM,0.5,PGD_eps0.75_it25,,PGD,0.75,25,,10.154215335845947,123
0.2711980857163164,0.6781580891406057,0.0855040516625787,0.1518610421836228,0.1307,0.9144959483374212,RF,FGSM,0.5,CW_c0.0_it10,,CW,,10,0.0,10.154215335845947,123
0.2613423677414769,0.633861334718255,0.0757862709180663,0.1353854686633389,0.141,0.9242137290819336,RF,FGSM,0.5,CW_c0.5_it10,,CW,,10,0.5,10.154215335845947,123
0.9267691724513728,0.9692818463125322,0.9336210375981868,0.9511172963484256,0.0953,0.0663789624018131,MLP,PGD,0.3,FGSM_eps0.15,430.3538029193878,FGSM,0.15,1,,,123
0.9282143618659529,0.9673874739708472,0.9375329876742524,0.9522262865792128,0.1018,0.0624670123257474,MLP,PGD,0.3,FGSM_eps0.3,430.3538029193878,FGSM,0.3,1,,,123
0.6963917647894998,0.9142246903032892,0.6644726629203018,0.7695931246516479,0.2008,0.3355273370796982,MLP,PGD,0.3,FGSM_eps0.5,430.3538029193878,FGSM,0.5,1,,,123
0.3930204458764718,0.7030258211622604,0.354186717998075,0.4710545874969031,0.4819,0.6458132820019249,MLP,PGD,0.3,FGSM_eps0.75,430.3538029193878,FGSM,0.75,1,,,123
0.9499158947143974,0.9912506937416344,0.942686826663355,0.9663590070019096,0.0268,0.057313173336645,MLP,PGD,0.3,PGD_eps0.15_it10,430.3538029193878,PGD,0.15,10,,,123
0.9535407140657206,0.9901795553250794,0.9485237045546276,0.9689041117612546,0.0303,0.0514762954453724,MLP,PGD,0.3,PGD_eps0.15_it25,430.3538029193878,PGD,0.15,25,,,123
0.9523087493188656,0.9899402907580478,0.9471265795274612,0.9680602935343118,0.031,0.0528734204725387,MLP,PGD,0.3,PGD_eps0.3_it10,430.3538029193878,PGD,0.3,10,,,123
0.945935700916866,0.9898517039316465,0.9387748765872892,0.9636369430811396,0.031,0.0612251234127107,MLP,PGD,0.3,PGD_eps0.3_it25,430.3538029193878,PGD,0.3,25,,,123
0.9164633135113364,0.9865318723072226,0.902853239777702,0.9428395421975811,0.0397,0.0971467602222981,MLP,PGD,0.3,PGD_eps0.5_it10,430.3538029193878,PGD,0.5,10,,,123
0.897818000900282,0.9854517611026034,0.8790710670930485,0.92922662903464,0.0418,0.1209289329069514,MLP,PGD,0.3,PGD_eps0.5_it25,430.3538029193878,PGD,0.5,25,,,123
0.8336847591745836,0.9422381403841428,0.8331211773106896,0.884326390719747,0.1645,0.1668788226893104,MLP,PGD,0.3,PGD_eps0.75_it10,430.3538029193878,PGD,0.75,10,,,123
0.7690539932241939,0.8946203310024948,0.790462293147878,0.8393222126986221,0.2999,0.209537706852122,MLP,PGD,0.3,PGD_eps0.75_it25,430.3538029193878,PGD,0.75,25,,,123
0.9411736833376768,0.9934594953519256,0.929026048619951,0.9601630059843732,0.0197,0.070973951380049,MLP,PGD,0.3,CW_c0.0_it10,430.3538029193878,CW,,10,0.0,,123
0.9411736833376768,0.9934594953519256,0.929026048619951,0.9601630059843732,0.0197,0.070973951380049,MLP,PGD,0.3,CW_c0.5_it10,430.3538029193878,CW,,10,0.5,,123
0.941197374967424,0.9934269495070212,0.9290881430656028,0.9601809664377848,0.0198,0.0709118569343972,MLP,PGD,0.3,Clean,430.3538029193878,Clean,0.0,0,,,123
0.9036461418180955,0.9667617594374046,0.9048402620385606,0.9347766819020128,0.1002,0.0951597379614393,LR,PGD,0.3,Clean,,Clean,0.0,0,,0.502166748046875,123
0.9120803620081024,0.9488722278225806,0.9351733987394828,0.9419730114302692,0.1623,0.0648266012605172,LR,PGD,0.3,FGSM_eps0.15,,FGSM,0.15,1,,0.502166748046875,123
0.9115354545239168,0.948467571739062,0.9348629265112236,0.941616111076365,0.1636,0.0651370734887764,LR,PGD,0.3,FGSM_eps0.3,,FGSM,0.3,1,,0.502166748046875,123
0.8862801772133905,0.9246955282159348,0.9264180819025738,0.9255560035981264,0.243,0.0735819180974261,LR,PGD,0.3,FGSM_eps0.5,,FGSM,0.5,1,,0.502166748046875,123
0.8842190054253832,0.9157840272705138,0.9341798876090532,0.9248904941212632,0.2767,0.0658201123909466,LR,PGD,0.3,FGSM_eps0.75,,FGSM,0.75,1,,0.502166748046875,123
0.9117012959321472,0.9509214109302768,0.932410195907976,0.9415748303052156,0.155,0.0675898040920239,LR,PGD,0.3,PGD_eps0.15_it10,,PGD,0.15,10,,0.502166748046875,123
0.9114169963751808,0.9500189681335356,0.9330000931416684,0.94143262166946,0.1581,0.0669999068583315,LR,PGD,0.3,PGD_eps0.15_it25,,PGD,0.15,25,,0.502166748046875,123
0.8953540714065721,0.9410588459341078,0.9205191095656492,0.9306756650710194,0.1857,0.0794808904343506,LR,PGD,0.3,PGD_eps0.3_it10,,PGD,0.3,10,,0.502166748046875,123
0.8272880191428368,0.9391632300588628,0.827253252196591,0.8796632551997359,0.1726,0.1727467478034089,LR,PGD,0.3,PGD_eps0.3_it25,,PGD,0.3,25,,0.502166748046875,123
0.8673268734156223,0.931278161366657,0.8919556645658046,0.9111928700561388,0.212,0.1080443354341954,LR,PGD,0.3,PGD_eps0.5_it10,,PGD,0.5,10,,0.502166748046875,123
0.7480632092681656,0.8665352859230063,0.7917973237293924,0.8274821544451655,0.3928,0.2082026762706076,LR,PGD,0.3,PGD_eps0.5_it25,,PGD,0.5,25,,0.502166748046875,123
0.8256059134307849,0.9113362468547213,0.8546058555062249,0.8820598272795732,0.2678,0.145394144493775,LR,PGD,0.3,PGD_eps0.75_it10,,PGD,0.75,10,,0.502166748046875,123
0.6396029282854367,0.7965179163322983,0.708777049892887,0.7500903564974536,0.5832,0.2912229501071129,LR,PGD,0.3,PGD_eps0.75_it25,,PGD,0.75,25,,0.502166748046875,123
0.9032907673718876,0.9668381742738588,0.904281412027694,0.934514069368242,0.0999,0.0957185879723058,LR,PGD,0.3,CW_c0.0_it10,,CW,,10,0.0,0.502166748046875,123
0.9034803004098652,0.9668469783957788,0.9045297898103016,0.9346507972153604,0.0999,0.0954702101896985,LR,PGD,0.3,CW_c0.5_it10,,CW,,10,0.5,0.502166748046875,123
0.9038830581155678,0.9672996480977358,0.9046229314787791,0.9349120020535528,0.0985,0.0953770685212207,SVM,PGD,0.3,Clean,,Clean,0.0,0,,1.0195612907409668,123
0.912577886232794,0.9495853958444996,0.935080257071005,0.9422770077902576,0.1599,0.064919742928995,SVM,PGD,0.3,FGSM_eps0.15,,FGSM,0.15,1,,1.0195612907409668,123
0.9134307849036936,0.94854073073419,0.9374087987829488,0.942941911305434,0.1638,0.0625912012170511,SVM,PGD,0.3,FGSM_eps0.3,,FGSM,0.3,1,,1.0195612907409668,123
0.928001137198228,0.9459426404940988,0.960538979788258,0.9531849341446508,0.1768,0.039461020211742,SVM,PGD,0.3,FGSM_eps0.5,,FGSM,0.5,1,,1.0195612907409668,123
0.9150181240967566,0.9446895780249828,0.9438976683535658,0.944293457160162,0.178,0.0561023316464342,SVM,PGD,0.3,FGSM_eps0.75,,FGSM,0.75,1,,1.0195612907409668,123
0.9114643796346752,0.9564283424174416,0.9261697041199664,0.941055852615972,0.1359,0.0738302958800335,SVM,PGD,0.3,PGD_eps0.15_it10,,PGD,0.15,10,,1.0195612907409668,123
0.9116302210429056,0.9539933046389288,0.928995001397125,0.9413282159373328,0.1443,0.0710049986028749,SVM,PGD,0.3,PGD_eps0.15_it25,,PGD,0.15,25,,1.0195612907409668,123
0.9096875074036342,0.95053149293987,0.9300506069732064,0.9401795241981044,0.1559,0.0699493930267937,SVM,PGD,0.3,PGD_eps0.3_it10,,PGD,0.3,10,,1.0195612907409668,123
0.9037172167073372,0.950593961128366,0.9217299512558602,0.9359394703657,0.1543,0.0782700487441398,SVM,PGD,0.3,PGD_eps0.3_it25,,PGD,0.3,25,,1.0195612907409668,123
0.8980312255680069,0.94789894385413,0.9167623956037132,0.932070707070707,0.1623,0.0832376043962867,SVM,PGD,0.3,PGD_eps0.5_it10,,PGD,0.5,10,,1.0195612907409668,123
0.852543296453363,0.9448115306925948,0.8568102083268652,0.898661630141001,0.1612,0.1431897916731348,SVM,PGD,0.3,PGD_eps0.5_it25,,PGD,0.5,25,,1.0195612907409668,123
0.883295031865242,0.9473649690092808,0.8968921729951256,0.9214379126662626,0.1605,0.1031078270048744,SVM,PGD,0.3,PGD_eps0.75_it10,,PGD,0.75,10,,1.0195612907409668,123
0.7912767419270772,0.9396490173236632,0.7763358067620851,0.8502210132607957,0.1606,0.2236641932379148,SVM,PGD,0.3,PGD_eps0.75_it25,,PGD,0.75,25,,1.0195612907409668,123
0.904356890710512,0.9671973466003316,0.9053680648266011,0.9352619509613688,0.0989,0.0946319351733987,SVM,PGD,0.3,CW_c0.0_it10,,CW,,10,0.0,1.0195612907409668,123
0.9044990404889952,0.9672038731927312,0.9055543481635568,0.9353643870760844,0.0989,0.0944456518364432,SVM,PGD,0.3,CW_c0.5_it10,,CW,,10,0.5,1.0195612907409668,123
0.998649577104409,0.9993477045412188,0.9988822999782668,0.9991149480614258,0.0021,0.001117700021733,RF,PGD,0.3,Clean,,Clean,0.0,0,,8.893249273300171,123
0.8817787675614206,0.91699604743083,0.9291812847340806,0.9230484532584894,0.2709,0.0708187152659194,RF,PGD,0.3,FGSM_eps0.15,,FGSM,0.15,1,,8.893249273300171,123
0.7982894643322515,0.9289619464861146,0.7965785960445838,0.8576920505448954,0.1962,0.2034214039554162,RF,PGD,0.3,FGSM_eps0.3,,FGSM,0.3,1,,8.893249273300171,123
0.2398303679310099,0.5059403071573457,0.1626253531621596,0.2461350500446407,0.5115,0.8373746468378404,RF,PGD,0.3,FGSM_eps0.5,,FGSM,0.5,1,,8.893249273300171,123
0.2626217157478263,0.5436338775838494,0.2098481790803812,0.3028090139330675,0.5674,0.7901518209196188,RF,PGD,0.3,FGSM_eps0.75,,FGSM,0.75,1,,8.893249273300171,123
0.8729891729252055,0.9107711138310892,0.92408954019063,0.9173819907842624,0.2916,0.07591045980937,RF,PGD,0.3,PGD_eps0.15_it10,,PGD,0.15,10,,8.893249273300171,123
0.8521405387476605,0.91080807441625,0.8937564034897079,0.902201676721774,0.2819,0.1062435965102921,RF,PGD,0.3,PGD_eps0.15_it25,,PGD,0.15,25,,8.893249273300171,123
0.8922741595394347,0.9286555507345192,0.9302989847558136,0.9294765412950756,0.2302,0.0697010152441864,RF,PGD,0.3,PGD_eps0.3_it10,,PGD,0.3,10,,8.893249273300171,123
0.85749484707053,0.9215320244608948,0.8889440839516906,0.9049447684065804,0.2438,0.1110559160483094,RF,PGD,0.3,PGD_eps0.3_it25,,PGD,0.3,25,,8.893249273300171,123
0.6686251747257694,0.7762918486171762,0.7947778571206806,0.7854260949604971,0.7377,0.2052221428793194,RF,PGD,0.3,PGD_eps0.5_it10,,PGD,0.5,10,,8.893249273300171,123
0.6435594304532208,0.7864868473761517,0.7314725697786333,0.7579827877422988,0.6396,0.2685274302213667,RF,PGD,0.3,PGD_eps0.5_it25,,PGD,0.5,25,,8.893249273300171,123
0.6464735009121277,0.7693098613491198,0.7665869787947468,0.7679460064692709,0.7404,0.2334130212052532,RF,PGD,0.3,PGD_eps0.75_it10,,PGD,0.75,10,,8.893249273300171,123
0.5549764268284015,0.7351550183920126,0.6515259710018939,0.690818711525167,0.756,0.3484740289981061,RF,PGD,0.3,PGD_eps0.75_it25,,PGD,0.75,25,,8.893249273300171,123
0.5139425241062333,0.8817499183806725,0.4192616970411996,0.5683023314535813,0.1811,0.5807383029588004,RF,PGD,0.3,CW_c0.0_it10,,CW,,10,0.0,8.893249273300171,123
0.5267360041697269,0.8919074774139809,0.4321773417367816,0.5822318889074787,0.1687,0.5678226582632183,RF,PGD,0.3,CW_c0.5_it10,,CW,,10,0.5,8.893249273300171,123
0.925892582150726,0.9927479751940086,0.9095283926852744,0.9493178651284876,0.0214,0.0904716073147257,MLP,PGD,0.5,FGSM_eps0.15,435.3901193141937,FGSM,0.15,1,,,123
0.9256082825937596,0.9927784370232244,0.9091247787885374,0.9491118890185402,0.0213,0.0908752212114626,MLP,PGD,0.5,FGSM_eps0.3,435.3901193141937,FGSM,0.3,1,,,123
0.8868487763273235,0.9572014266191128,0.8915830978918936,0.9232277768847452,0.1284,0.1084169021081064,MLP,PGD,0.5,FGSM_eps0.5,435.3901193141937,FGSM,0.5,1,,,123
0.6498140207064844,0.9350474288567148,0.5814834363066224,0.7170504795267904,0.1301,0.4185165636933776,MLP,PGD,0.5,FGSM_eps0.75,435.3901193141937,FGSM,0.75,1,,,123
0.9252529081475516,0.992741333695136,0.9086901176689746,0.948858018187418,0.0214,0.0913098823310255,MLP,PGD,0.5,PGD_eps0.15_it10,435.3901193141937,PGD,0.15,10,,,123
0.9252765997772988,0.9927750076320342,0.9086901176689746,0.9488733992543362,0.0213,0.0913098823310255,MLP,PGD,0.5,PGD_eps0.15_it25,435.3901193141937,PGD,0.15,25,,,123
0.9249923002203322,0.9927051877990024,0.9083796454407154,0.9486722220420868,0.0215,0.0916203545592846,MLP,PGD,0.5,PGD_eps0.3_it10,435.3901193141937,PGD,0.3,10,,,123
0.9250633751095738,0.9927728013029316,0.9084106926635412,0.9487200272369124,0.0213,0.0915893073364587,MLP,PGD,0.5,PGD_eps0.3_it25,435.3901193141937,PGD,0.3,25,,,123
0.877893340282878,0.9664816028138902,0.87016051414201,0.9157953208730883,0.0972,0.12983948585799,MLP,PGD,0.5,PGD_eps0.5_it10,435.3901193141937,PGD,0.5,10,,,123
0.8488000189533038,0.9649994598682078,0.8320345245117824,0.8935978659553184,0.0972,0.1679654754882175,MLP,PGD,0.5,PGD_eps0.5_it25,435.3901193141937,PGD,0.5,25,,,123
0.79677320002843,0.9629353916075696,0.7630475953925921,0.8514168918450773,0.0946,0.2369524046074078,MLP,PGD,0.5,PGD_eps0.75_it10,435.3901193141937,PGD,0.75,10,,,123
0.5867705939491578,0.9441203007518796,0.4873172094756124,0.6428308145963878,0.0929,0.5126827905243876,MLP,PGD,0.5,PGD_eps0.75_it25,435.3901193141937,PGD,0.75,25,,,123
0.9266033310431424,0.9927553403974406,0.910459809370052,0.9498283345209562,0.0214,0.0895401906299481,MLP,PGD,0.5,CW_c0.0_it10,435.3901193141937,CW,,10,0.0,,123
0.9266033310431424,0.9927553403974406,0.910459809370052,0.9498283345209562,0.0214,0.0895401906299481,MLP,PGD,0.5,CW_c0.5_it10,435.3901193141937,CW,,10,0.5,,123
0.9262953398564288,0.9927187753996208,0.9100872426961408,0.9496088245298604,0.0215,0.0899127573038591,MLP,PGD,0.5,Clean,435.3901193141937,Clean,0.0,0,,,123
0.9030538510744154,0.9667961616362852,0.9040019870222608,0.9343452170843628,0.1,0.0959980129777391,LR,PGD,0.5,Clean,,Clean,0.0,0,,0.6010293960571289,123
0.889383780710275,0.952722251446607,0.8996864230494582,0.9254451097804391,0.1438,0.1003135769505417,LR,PGD,0.5,FGSM_eps0.15,,FGSM,0.15,1,,0.6010293960571289,123
0.8662370584472506,0.9311195507514526,0.8905895867614642,0.9104037069950488,0.2122,0.1094104132385358,LR,PGD,0.5,FGSM_eps0.3,,FGSM,0.3,1,,0.6010293960571289,123
0.8404368736525386,0.921030014544493,0.8650687695985594,0.8921727157746434,0.2389,0.1349312304014406,LR,PGD,0.5,FGSM_eps0.5,,FGSM,0.5,1,,0.6010293960571289,123
0.7603591651069677,0.9025874635568512,0.7689465677295166,0.8304246508742812,0.2673,0.2310534322704834,LR,PGD,0.5,FGSM_eps0.75,,FGSM,0.75,1,,0.6010293960571289,123
0.9114643796346752,0.955406269993602,0.9272563569188736,0.9411208621531773,0.1394,0.0727436430811264,LR,PGD,0.5,PGD_eps0.15_it10,,PGD,0.15,10,,0.6010293960571289,123
0.911132696818214,0.9548040657162948,0.9274426402558292,0.9409244822426964,0.1414,0.0725573597441708,LR,PGD,0.5,PGD_eps0.15_it25,,PGD,0.15,25,,0.6010293960571289,123
0.9039067497453148,0.9517055482463176,0.9207985345710826,0.935996970270782,0.1505,0.0792014654289173,LR,PGD,0.5,PGD_eps0.3_it10,,PGD,0.3,10,,0.6010293960571289,123
0.9072709611694189,0.9527344875036,0.9243379179732372,0.9383214094361624,0.1477,0.0756620820267627,LR,PGD,0.5,PGD_eps0.3_it25,,PGD,0.3,25,,0.6010293960571289,123
0.8792200715487218,0.9481897834352786,0.8903722562016828,0.9183719217343964,0.1567,0.1096277437983172,LR,PGD,0.5,PGD_eps0.5_it10,,PGD,0.5,10,,0.6010293960571289,123
0.8865407851406099,0.9498621866386664,0.8987550063646806,0.9236021376724894,0.1528,0.1012449936353193,LR,PGD,0.5,PGD_eps0.5_it25,,PGD,0.5,25,,0.6010293960571289,123
0.7682247861830416,0.938899326757476,0.7447297339253004,0.8306179337569473,0.1561,0.2552702660746996,LR,PGD,0.5,PGD_eps0.75_it10,,PGD,0.75,10,,0.6010293960571289,123
0.8070079840792248,0.9468523676880224,0.7915178987239592,0.862245070517807,0.1431,0.2084821012760408,LR,PGD,0.5,PGD_eps0.75_it25,,PGD,0.75,25,,0.6010293960571289,123
0.9026984766282072,0.9669037017345652,0.9034120897885684,0.9340802208561384,0.0996,0.0965879102114316,LR,PGD,0.5,CW_c0.0_it10,,CW,,10,0.0,0.6010293960571289,123
0.9026984766282072,0.9669347334839824,0.9033810425657424,0.934078104685318,0.0995,0.0966189574342575,LR,PGD,0.5,CW_c0.5_it10,,CW,,10,0.5,0.6010293960571289,123
0.9035987585586012,0.9673176564368274,0.9042193175820424,0.9347048157003708,0.0984,0.0957806824179577,SVM,PGD,0.5,Clean,,Clean,0.0,0,,1.2523808479309082,123
0.9117723708213888,0.9542627499760789,0.9289018597286473,0.9414115351939838,0.1434,0.0710981402713527,SVM,PGD,0.5,FGSM_eps0.15,,FGSM,0.15,1,,1.2523808479309082,123
0.8911606529413159,0.9499169083384926,0.905088639821168,0.9269611116410696,0.1537,0.094911360178832,SVM,PGD,0.5,FGSM_eps0.3,,FGSM,0.3,1,,1.2523808479309082,123
0.8657869174820536,0.9270819925344316,0.894470489614704,0.910484316978747,0.2266,0.105529510385296,SVM,PGD,0.5,FGSM_eps0.5,,FGSM,0.5,1,,1.2523808479309082,123
0.8462650145703523,0.9157237990560548,0.8794746809897854,0.8972332641781353,0.2607,0.1205253190102145,SVM,PGD,0.5,FGSM_eps0.75,,FGSM,0.75,1,,1.2523808479309082,123
0.9076026439858798,0.9642494014234642,0.9127573038591698,0.93779705891735,0.109,0.0872426961408302,SVM,PGD,0.5,PGD_eps0.15_it10,,PGD,0.15,10,,1.2523808479309082,123
0.9084555426567794,0.9637446418638134,0.9144338538917692,0.9384419308586904,0.1108,0.0855661461082306,SVM,PGD,0.5,PGD_eps0.15_it25,,PGD,0.15,25,,1.2523808479309082,123
0.9094032078466676,0.9519760517180982,0.9280946319351734,0.9398836660902374,0.1508,0.0719053680648266,SVM,PGD,0.5,PGD_eps0.3_it10,,PGD,0.3,10,,1.2523808479309082,123
0.9092847496979316,0.9531230042150978,0.9266975069080072,0.939724517906336,0.1468,0.0733024930919929,SVM,PGD,0.5,PGD_eps0.3_it25,,PGD,0.3,25,,1.2523808479309082,123
0.8895022388590111,0.9490398095921228,0.9037225620168275,0.9258269720101782,0.1563,0.0962774379831724,SVM,PGD,0.5,PGD_eps0.5_it10,,PGD,0.5,10,,1.2523808479309082,123
0.8857589613589519,0.951052406205738,0.8964264646527368,0.92293185014704,0.1486,0.1035735353472631,SVM,PGD,0.5,PGD_eps0.5_it25,,PGD,0.5,25,,1.2523808479309082,123
0.8172664597597669,0.9422938032644808,0.8101462324195101,0.871237541944208,0.1598,0.1898537675804899,SVM,PGD,0.5,PGD_eps0.75_it10,,PGD,0.75,10,,1.2523808479309082,123
0.7406951124167831,0.9434434434434434,0.7022881803222701,0.8051971166681499,0.1356,0.2977118196777298,SVM,PGD,0.5,PGD_eps0.75_it25,,PGD,0.75,25,,1.2523808479309082,123
0.9037172167073372,0.967198964177816,0.9044987425874756,0.9347986523343494,0.0988,0.0955012574125244,SVM,PGD,0.5,CW_c0.0_it10,,CW,,10,0.0,1.2523808479309082,123
0.9035987585586012,0.9671935183955372,0.904343506473346,0.9347131969514642,0.0988,0.095656493526654,SVM,PGD,0.5,CW_c0.5_it10,,CW,,10,0.5,1.2523808479309082,123
0.9986258854746618,0.999316664078273,0.9988822999782668,0.9990994348177132,0.0022,0.001117700021733,RF,PGD,0.5,Clean,,Clean,0.0,0,,10.634905576705933,123
0.8596744770072733,0.9075348837209304,0.9086901176689746,0.9081121332940318,0.2982,0.0913098823310255,RF,PGD,0.5,FGSM_eps0.15,,FGSM,0.15,1,,10.634905576705933,123
0.8868250846975764,0.937233025183296,0.9128193983048216,0.9248651284229068,0.1969,0.0871806016951783,RF,PGD,0.5,FGSM_eps0.3,,FGSM,0.3,1,,10.634905576705933,123
0.5136108412897723,0.8972719232600858,0.4094818218510354,0.5623347829794492,0.151,0.5905181781489646,RF,PGD,0.5,FGSM_eps0.5,,FGSM,0.5,1,,10.634905576705933,123
0.3052429576630576,0.8020527859237536,0.1188798162004408,0.2070681123759565,0.0945,0.8811201837995591,RF,PGD,0.5,FGSM_eps0.75,,FGSM,0.75,1,,10.634905576705933,123
0.8439669264848729,0.9335679718433788,0.8564686888757801,0.8933579455293241,0.1963,0.1435313111242199,RF,PGD,0.5,PGD_eps0.15_it10,,PGD,0.15,10,,10.634905576705933,123
0.822123243857945,0.9374490844047746,0.8217268465335775,0.8757817411733563,0.1766,0.1782731534664224,RF,PGD,0.5,PGD_eps0.15_it25,,PGD,0.15,25,,10.634905576705933,123
0.8783197896183278,0.926494218469391,0.9129746344189512,0.9196847438543816,0.2333,0.0870253655810487,RF,PGD,0.5,PGD_eps0.3_it10,,PGD,0.3,10,,10.634905576705933,123
0.8465493141273188,0.9144707170929708,0.8813375143593406,0.8975984569413923,0.2655,0.1186624856406594,RF,PGD,0.5,PGD_eps0.3_it25,,PGD,0.3,25,,10.634905576705933,123
0.7357672534293634,0.8884297520661157,0.7476171256481108,0.811963650464485,0.3024,0.2523828743518892,RF,PGD,0.5,PGD_eps0.5_it10,,PGD,0.5,10,,10.634905576705933,123
0.7170508659290673,0.883071223347951,0.7252320779906237,0.796406471079593,0.3093,0.2747679220093763,RF,PGD,0.5,PGD_eps0.5_it25,,PGD,0.5,25,,10.634905576705933,123
0.6797602407069583,0.8797334633512108,0.6722344686267814,0.7621125992150789,0.296,0.3277655313732187,RF,PGD,0.5,PGD_eps0.75_it10,,PGD,0.75,10,,10.634905576705933,123
0.6541495889502239,0.8467414845442016,0.6676084324257195,0.7465800986042636,0.3892,0.3323915675742804,RF,PGD,0.5,PGD_eps0.75_it25,,PGD,0.75,25,,10.634905576705933,123
0.5693809377147054,0.9217406984432288,0.4761091620354559,0.6278917413913114,0.1302,0.523890837964544,RF,PGD,0.5,CW_c0.0_it10,,CW,,10,0.0,10.634905576705933,123
0.5863678362434552,0.9274371160310652,0.4968176596603433,0.6470290924529446,0.1252,0.5031823403396566,RF,PGD,0.5,CW_c0.5_it10,,CW,,10,0.5,10.634905576705933,123
0.8073870501551802,0.8841453686863853,0.8603185445061939,0.8720692368214005,0.3631,0.1396814554938061,MLP,FGSM,0.3,FGSM_eps0.15,75.9679365158081,FGSM,0.15,1,,,31
0.8788410054727664,0.9081186925741828,0.9359185320873048,0.9218090636658308,0.305,0.0640814679126952,MLP,FGSM,0.3,FGSM_eps0.3,75.9679365158081,FGSM,0.3,1,,,31
0.8015826008671136,0.913669813940572,0.8171939520009935,0.8627431699362472,0.2487,0.1828060479990065,MLP,FGSM,0.3,FGSM_eps0.5,75.9679365158081,FGSM,0.5,1,,,31
0.7529910682555853,0.9533402705515088,0.711105591604831,0.8145961517942881,0.1121,0.288894408395169,MLP,FGSM,0.3,FGSM_eps0.75,75.9679365158081,FGSM,0.75,1,,,31
0.6293918358643891,0.8315056431601697,0.645037101431277,0.7264970714223271,0.421,0.354962898568723,MLP,FGSM,0.3,PGD_eps0.15_it10,75.9679365158081,PGD,0.15,10,,,31
0.6470894832855553,0.8566896040215913,0.6455028097736657,0.7362512836856829,0.3478,0.3544971902263342,MLP,FGSM,0.3,PGD_eps0.15_it25,75.9679365158081,PGD,0.15,25,,,31
0.7001113506598119,0.8663019447671151,0.7177807445124034,0.7850787829394187,0.3568,0.2822192554875966,MLP,FGSM,0.3,PGD_eps0.3_it10,75.9679365158081,PGD,0.3,10,,,31
0.710369826340354,0.8668673814069614,0.7330249309199293,0.7943477163764825,0.3626,0.2669750690800708,MLP,FGSM,0.3,PGD_eps0.3_it25,75.9679365158081,PGD,0.3,25,,,31
0.6963443815300054,0.8580502215657312,0.7214132695830358,0.7838216195247011,0.3844,0.2785867304169642,MLP,FGSM,0.3,PGD_eps0.5_it10,75.9679365158081,PGD,0.5,10,,,31
0.7620412708190196,0.8890644198701071,0.7862709180663789,0.8345141200118628,0.316,0.213729081933621,MLP,FGSM,0.3,PGD_eps0.5_it25,75.9679365158081,PGD,0.5,25,,,31
0.6364282498993106,0.8334849503619033,0.6542581266105747,0.7330759062130383,0.421,0.3457418733894253,MLP,FGSM,0.3,PGD_eps0.75_it10,75.9679365158081,PGD,0.75,10,,,31
0.7401028216731029,0.8833339349528931,0.7597565897730448,0.8168981172386166,0.3232,0.2402434102269552,MLP,FGSM,0.3,PGD_eps0.75_it25,75.9679365158081,PGD,0.75,25,,,31
0.7272145750906205,0.9810329598809912,0.6551895432953523,0.7856664184661206,0.0408,0.3448104567046477,MLP,FGSM,0.3,CW_c0.0_it10,75.9679365158081,CW,,10,0.0,,31
0.6637683906275913,0.9762118729185388,0.5733490639262318,0.7224112975785315,0.045,0.4266509360737682,MLP,FGSM,0.3,CW_c0.5_it10,75.9679365158081,CW,,10,0.5,,31
0.9641545641924708,0.9937588469952388,0.959048713092614,0.9760953027980978,0.0194,0.0409512869073861,MLP,FGSM,0.3,Clean,75.9679365158081,Clean,0.0,0,,,31
0.9038593664858204,0.9672054967305076,0.904685025924431,0.934901180698152,0.0988,0.0953149740755689,LR,FGSM,0.3,Clean,,Clean,0.0,0,,0.5418837070465088,31
0.9011822123243858,0.9687374615487496,0.8995311869353286,0.9328525202440556,0.0935,0.1004688130646713,LR,FGSM,0.3,FGSM_eps0.15,,FGSM,0.15,1,,0.5418837070465088,31
0.9045227321187423,0.969728288048008,0.9030705703374832,0.9352131695710888,0.0908,0.0969294296625166,LR,FGSM,0.3,FGSM_eps0.3,,FGSM,0.3,1,,0.5418837070465088,31
0.8234973583832832,0.926776295376978,0.8346424912291596,0.8782997909043387,0.2124,0.1653575087708404,LR,FGSM,0.3,FGSM_eps0.5,,FGSM,0.5,1,,0.5418837070465088,31
0.8053969532564145,0.9101849635884988,0.8265391660715949,0.8663477496827101,0.2627,0.1734608339284051,LR,FGSM,0.3,FGSM_eps0.75,,FGSM,0.75,1,,0.5418837070465088,31
0.9060153047928168,0.9695105732145232,0.9053059703809494,0.93630890262503,0.0917,0.0946940296190505,LR,FGSM,0.3,PGD_eps0.15_it10,,PGD,0.15,10,,0.5418837070465088,31
0.9055888554573668,0.969398616285258,0.9048402620385606,0.9360075795288488,0.092,0.0951597379614393,LR,FGSM,0.3,PGD_eps0.15_it25,,PGD,0.15,25,,0.5418837070465088,31
0.8248714729086214,0.9646856158484064,0.7997764599956534,0.8745247148288974,0.0943,0.2002235400043466,LR,FGSM,0.3,PGD_eps0.3_it10,,PGD,0.3,10,,0.5418837070465088,31
0.8097799047596485,0.9648569670870502,0.7790990095935919,0.8620849580019582,0.0914,0.2209009904064081,LR,FGSM,0.3,PGD_eps0.3_it25,,PGD,0.3,25,,0.5418837070465088,31
0.7126916060555806,0.9576155318567132,0.6523642460181936,0.7760521504681354,0.093,0.3476357539818063,LR,FGSM,0.3,PGD_eps0.5_it10,,PGD,0.5,10,,0.5418837070465088,31
0.707337297732711,0.9466840637091696,0.6532646154801452,0.7730687976485717,0.1185,0.3467353845198547,LR,FGSM,0.3,PGD_eps0.5_it25,,PGD,0.5,25,,0.5418837070465088,31
0.6991873770996707,0.9273324572930356,0.6573007544475147,0.7693090354112538,0.1659,0.3426992455524853,LR,FGSM,0.3,PGD_eps0.75_it10,,PGD,0.75,10,,0.5418837070465088,31
0.6731739676372338,0.8871415356151712,0.6550343071812227,0.753621117679627,0.2684,0.3449656928187773,LR,FGSM,0.3,PGD_eps0.75_it25,,PGD,0.75,25,,0.5418837070465088,31
0.902437868700988,0.9675132310355158,0.902449625880965,0.933849514875024,0.0976,0.097550374119035,LR,FGSM,0.3,CW_c0.0_it10,,CW,,10,0.0,0.5418837070465088,31
0.9019640361060436,0.9674915897811678,0.9018286814244466,0.93350687749068,0.0976,0.0981713185755534,LR,FGSM,0.3,CW_c0.5_it10,,CW,,10,0.5,0.5418837070465088,31
0.9057310052358502,0.9698422208907528,0.9045918842559532,0.9360813480907936,0.0906,0.0954081157440467,SVM,FGSM,0.3,Clean,,Clean,0.0,0,,1.4193379878997805,31
0.9014665118813524,0.9696604380148685,0.899003384147288,0.9329960851283208,0.0906,0.1009966158527119,SVM,FGSM,0.3,FGSM_eps0.15,,FGSM,0.15,1,,1.4193379878997805,31
0.9030775427041626,0.969760759155306,0.9010835480766244,0.9341616106345656,0.0905,0.0989164519233754,SVM,FGSM,0.3,FGSM_eps0.3,,FGSM,0.3,1,,1.4193379878997805,31
0.8912791110900519,0.9535899625566576,0.9013940203048836,0.9267576410501956,0.1413,0.0986059796951162,SVM,FGSM,0.3,FGSM_eps0.5,,FGSM,0.5,1,,1.4193379878997805,31
0.7897367859935085,0.8851511950349927,0.8324691856313453,0.8580022719636485,0.3479,0.1675308143686547,SVM,FGSM,0.3,FGSM_eps0.75,,FGSM,0.75,1,,1.4193379878997805,31
0.9058968466440808,0.9699430815830644,0.904716073147257,0.936194821049926,0.0903,0.095283926852743,SVM,FGSM,0.3,PGD_eps0.15_it10,,PGD,0.15,10,,1.4193379878997805,31
0.9059679215333224,0.9699460826732345,0.9048092148157348,0.9362460846518352,0.0903,0.0951907851842652,SVM,FGSM,0.3,PGD_eps0.15_it25,,PGD,0.15,25,,1.4193379878997805,31
0.8532303537160322,0.9674405232516352,0.8357912384737185,0.8968101940534688,0.0906,0.1642087615262814,SVM,FGSM,0.3,PGD_eps0.3_it10,,PGD,0.3,10,,1.4193379878997805,31
0.8522353052666493,0.967424951407386,0.8344562078922041,0.8960344051607742,0.0905,0.1655437921077959,SVM,FGSM,0.3,PGD_eps0.3_it25,,PGD,0.3,25,,1.4193379878997805,31
0.7259826103437655,0.9579395714095568,0.6703405880344003,0.7887411412289034,0.0948,0.3296594119655996,SVM,FGSM,0.3,PGD_eps0.5_it10,,PGD,0.5,10,,1.4193379878997805,31
0.7134497382074912,0.9588884832998722,0.6524573876866714,0.7765357967667437,0.0901,0.3475426123133285,SVM,FGSM,0.3,PGD_eps0.5_it25,,PGD,0.5,25,,1.4193379878997805,31
0.6953019498211281,0.922925592375623,0.6554379210779596,0.766515984968139,0.1763,0.3445620789220404,SVM,FGSM,0.3,PGD_eps0.75_it10,,PGD,0.75,10,,1.4193379878997805,31
0.6790258001847947,0.8989950823177251,0.6527057654692787,0.7563046371910638,0.2362,0.3472942345307212,SVM,FGSM,0.3,PGD_eps0.75_it25,,PGD,0.75,25,,1.4193379878997805,31
0.903575066928854,0.9693744787322768,0.9021391536527058,0.9345490801492344,0.0918,0.0978608463472942,SVM,FGSM,0.3,CW_c0.0_it10,,CW,,10,0.0,1.4193379878997805,31
0.9034329171503708,0.969368347292202,0.9019528703157502,0.934446267168452,0.0918,0.0980471296842497,SVM,FGSM,0.3,CW_c0.5_it10,,CW,,10,0.5,1.4193379878997805,31
0.9987917268828924,0.9993478260869564,0.9990685833152224,0.9992081851915106,0.0021,0.0009314166847775,RF,FGSM,0.3,Clean,,Clean,0.0,0,,8.402344942092896,31
0.6396740031746784,0.9387323216682152,0.5646558415349747,0.7051547990617064,0.1187,0.4353441584650253,RF,FGSM,0.3,FGSM_eps0.15,,FGSM,0.15,1,,8.402344942092896,31
0.9545594541448508,0.9748549929456028,0.9653512993262752,0.9700798702109072,0.0802,0.0346487006737247,RF,FGSM,0.3,FGSM_eps0.3,,FGSM,0.3,1,,8.402344942092896,31
0.6267620649624488,0.8513773222293401,0.6189263870346797,0.7167769308212283,0.348,0.3810736129653203,RF,FGSM,0.3,FGSM_eps0.5,,FGSM,0.5,1,,8.402344942092896,31
0.4136321637565448,0.7437422390693419,0.3533173957589494,0.4790570406230267,0.3921,0.6466826042410506,RF,FGSM,0.3,FGSM_eps0.75,,FGSM,0.75,1,,8.402344942092896,31
0.6604515624629819,0.9937033968516984,0.5585705858610948,0.7151488651270024,0.0114,0.4414294141389053,RF,FGSM,0.3,PGD_eps0.15_it10,,PGD,0.15,10,,8.402344942092896,31
0.5714658011324599,0.9507757134648536,0.4623552423235741,0.6221590909090909,0.0771,0.5376447576764258,RF,FGSM,0.3,PGD_eps0.15_it25,,PGD,0.15,25,,8.402344942092896,31
0.8254163803928072,0.9728546409807356,0.7933496848706884,0.8739803334758444,0.0713,0.2066503151293116,RF,FGSM,0.3,PGD_eps0.3_it10,,PGD,0.3,10,,8.402344942092896,31
0.8402236489848137,0.9715566090144808,0.8144617963923128,0.8861003208917413,0.0768,0.1855382036076873,RF,FGSM,0.3,PGD_eps0.3_it25,,PGD,0.3,25,,8.402344942092896,31
0.7032149541566964,0.942849428494285,0.6505014126486386,0.7698554132755231,0.127,0.3494985873513614,RF,FGSM,0.3,PGD_eps0.5_it10,,PGD,0.5,10,,8.402344942092896,31
0.6941410599635149,0.9852164730728616,0.6083082368282157,0.7521882678132679,0.0294,0.3916917631717843,RF,FGSM,0.3,PGD_eps0.5_it25,,PGD,0.5,25,,8.402344942092896,31
0.6808500556753299,0.935321996097017,0.6249805954857338,0.7492881204518806,0.1392,0.3750194045142662,RF,FGSM,0.3,PGD_eps0.75_it10,,PGD,0.75,10,,8.402344942092896,31
0.6546471131749153,0.9452525252525252,0.5810798224098854,0.7197215866484646,0.1084,0.4189201775901146,RF,FGSM,0.3,PGD_eps0.75_it25,,PGD,0.75,25,,8.402344942092896,31
0.3885664194839963,0.8658968789299188,0.2351516656835046,0.3698603379236253,0.1173,0.7648483343164953,RF,FGSM,0.3,CW_c0.0_it10,,CW,,10,0.0,8.402344942092896,31
0.3799189746262645,0.8048484848484848,0.2473842714769163,0.3784464128808568,0.1932,0.7526157285230836,RF,FGSM,0.3,CW_c0.5_it10,,CW,,10,0.5,8.402344942092896,31
0.7980525480347793,0.950850877526935,0.7754354373001335,0.8542307955400507,0.1291,0.2245645626998665,MLP,FGSM,0.5,FGSM_eps0.15,77.2593514919281,FGSM,0.15,1,,,31
0.9072709611694189,0.9550059498922588,0.9219162345928156,0.9381694101292218,0.1399,0.0780837654071843,MLP,FGSM,0.5,FGSM_eps0.3,77.2593514919281,FGSM,0.3,1,,,31
0.8603141510104481,0.9072337264369952,0.9099941010276632,0.9086118172236344,0.2997,0.0900058989723369,MLP,FGSM,0.5,FGSM_eps0.5,77.2593514919281,FGSM,0.5,1,,,31
0.6886919851216565,0.867942731447536,0.6982830885777267,0.7739238154227315,0.3422,0.3017169114222733,MLP,FGSM,0.5,FGSM_eps0.75,77.2593514919281,FGSM,0.75,1,,,31
0.8408870146177355,0.9385817018201836,0.8469061442453972,0.8903903903903904,0.1785,0.1530938557546027,MLP,FGSM,0.5,PGD_eps0.15_it10,77.2593514919281,PGD,0.15,10,,,31
0.7438697908029094,0.9300932625824088,0.7183395945232699,0.8106157484453008,0.1739,0.2816604054767301,MLP,FGSM,0.5,PGD_eps0.15_it25,77.2593514919281,PGD,0.15,25,,,31
0.8593191025610651,0.9238762141405016,0.8888819895060387,0.9060413304218488,0.2359,0.1111180104939613,MLP,FGSM,0.5,PGD_eps0.3_it10,77.2593514919281,PGD,0.3,10,,,31
0.8666161245232059,0.9410573827619396,0.8803440032289112,0.9096888033365416,0.1776,0.1196559967710888,MLP,FGSM,0.5,PGD_eps0.3_it25,77.2593514919281,PGD,0.3,25,,,31
0.7704044161197848,0.9175257731958762,0.7681703871588687,0.8362315166877905,0.2224,0.2318296128411313,MLP,FGSM,0.5,PGD_eps0.5_it10,77.2593514919281,PGD,0.5,10,,,31
0.7881494468004454,0.9163296711162008,0.7949641404576361,0.8513432637318792,0.2338,0.2050358595423639,MLP,FGSM,0.5,PGD_eps0.5_it25,77.2593514919281,PGD,0.5,25,,,31
0.7492004074960317,0.8999667048943806,0.7552857896861126,0.8213031735313977,0.2704,0.2447142103138874,MLP,FGSM,0.5,PGD_eps0.75_it10,77.2593514919281,PGD,0.75,10,,,31
0.8316472790163235,0.9471977767484948,0.8253904188270359,0.8821089654257084,0.1482,0.174609581172964,MLP,FGSM,0.5,PGD_eps0.75_it25,77.2593514919281,PGD,0.75,25,,,31
0.9252765997772988,0.9813777792504722,0.91952559843522,0.9494454061678528,0.0562,0.08047440156478,MLP,FGSM,0.5,CW_c0.0_it10,77.2593514919281,CW,,10,0.0,,31
0.9085740008055154,0.9807692307692308,0.8977925424570772,0.93744833287407,0.0567,0.1022074575429227,MLP,FGSM,0.5,CW_c0.5_it10,77.2593514919281,CW,,10,0.5,,31
0.960814044398114,0.9930611586251412,0.9553230463535036,0.9738266291103586,0.0215,0.0446769536464963,MLP,FGSM,0.5,Clean,77.2593514919281,Clean,0.0,0,,,31
0.9054467056788836,0.9673401788671746,0.9067030954081158,0.93604064167695,0.0986,0.0932969045918842,LR,FGSM,0.5,Clean,,Clean,0.0,0,,0.4949955940246582,31
0.8985287497926983,0.9668962749949844,0.8977614952342513,0.93104725106657,0.099,0.1022385047657487,LR,FGSM,0.5,FGSM_eps0.15,,FGSM,0.15,1,,0.4949955940246582,31
0.8681086971972802,0.9276404494382022,0.8971405507777329,0.912135608200887,0.2254,0.102859449222267,LR,FGSM,0.5,FGSM_eps0.3,,FGSM,0.3,1,,0.4949955940246582,31
0.7776540548224312,0.8807807807807808,0.8195535409357633,0.849064796796346,0.3573,0.1804464590642367,LR,FGSM,0.5,FGSM_eps0.5,,FGSM,0.5,1,,0.4949955940246582,31
0.7459309625909166,0.8384850489964395,0.8261976466205098,0.8322959997497889,0.5126,0.1738023533794902,LR,FGSM,0.5,FGSM_eps0.75,,FGSM,0.75,1,,0.4949955940246582,31
0.903006467814921,0.967166262337576,0.903567325902698,0.9342857142857144,0.0988,0.096432674097302,LR,FGSM,0.5,PGD_eps0.15_it10,,PGD,0.15,10,,0.4949955940246582,31
0.9024141770712408,0.967138960952571,0.90279114533205,0.9338578883982336,0.0988,0.0972088546679499,LR,FGSM,0.5,PGD_eps0.15_it25,,PGD,0.15,25,,0.4949955940246582,31
0.7878888388732261,0.9614651956504484,0.7521810674035208,0.8440434093403244,0.0971,0.2478189325964792,LR,FGSM,0.5,PGD_eps0.3_it10,,PGD,0.3,10,,0.4949955940246582,31
0.7682484778127887,0.9366457692457458,0.7468098978546369,0.8310243565382622,0.1627,0.2531901021453631,LR,FGSM,0.5,PGD_eps0.3_it25,,PGD,0.3,25,,0.4949955940246582,31
0.6846407164348836,0.9272858822465406,0.6366543512682791,0.7549656683172873,0.1608,0.3633456487317209,LR,FGSM,0.5,PGD_eps0.5_it10,,PGD,0.5,10,,0.4949955940246582,31
0.6987609277642209,0.9520033388981636,0.6373684373932752,0.763543042047124,0.1035,0.3626315626067248,LR,FGSM,0.5,PGD_eps0.5_it25,,PGD,0.5,25,,0.4949955940246582,31
0.6821767869411737,0.9238228396175356,0.635940265143283,0.753314576782332,0.1689,0.364059734856717,LR,FGSM,0.5,PGD_eps0.75_it10,,PGD,0.75,10,,0.4949955940246582,31
0.6832666019095454,0.92701722574796,0.6349157067900276,0.7536530984539976,0.161,0.3650842932099724,LR,FGSM,0.5,PGD_eps0.75_it25,,PGD,0.75,25,,0.4949955940246582,31
0.9046411902674784,0.9666843290502052,0.9062684342885527,0.9355019629837352,0.1006,0.0937315657114471,LR,FGSM,0.5,CW_c0.0_it10,,CW,,10,0.0,0.4949955940246582,31
0.9037172167073372,0.9666412441555856,0.905057592598342,0.9348362890036238,0.1006,0.0949424074016579,LR,FGSM,0.5,CW_c0.5_it10,,CW,,10,0.5,0.4949955940246582,31
0.9055177805681252,0.9680254734817076,0.9061131981744232,0.9360466980980788,0.0964,0.0938868018255767,SVM,FGSM,0.5,Clean,,Clean,0.0,0,,1.899144411087036,31
0.9006846880996944,0.9677764049821352,0.899810611940762,0.9325567925863956,0.0965,0.1001893880592381,SVM,FGSM,0.5,FGSM_eps0.15,,FGSM,0.15,1,,1.899144411087036,31
0.8779644151721196,0.9388542883093292,0.898599770250551,0.9182860859495215,0.1885,0.1014002297494489,SVM,FGSM,0.5,FGSM_eps0.3,,FGSM,0.3,1,,1.899144411087036,31
0.8295861072283163,0.8923462986198244,0.8832313949517215,0.8877654511694675,0.3432,0.1167686050482784,SVM,FGSM,0.5,FGSM_eps0.5,,FGSM,0.5,1,,1.899144411087036,31
0.7626809448221943,0.8640419947506561,0.8176596603433823,0.8402112013271866,0.4144,0.1823403396566177,SVM,FGSM,0.5,FGSM_eps0.75,,FGSM,0.75,1,,1.899144411087036,31
0.9043331990807648,0.967972357885644,0.9045608370331274,0.935192912627592,0.0964,0.0954391629668726,SVM,FGSM,0.5,PGD_eps0.15_it10,,PGD,0.15,10,,1.899144411087036,31
0.9036224501883484,0.9680026609013804,0.903567325902698,0.9346757876481356,0.0962,0.096432674097302,SVM,FGSM,0.5,PGD_eps0.15_it25,,PGD,0.15,25,,1.899144411087036,31
0.8098746712786372,0.9634370688333588,0.7804650873979323,0.8623522752611448,0.0954,0.2195349126020677,SVM,FGSM,0.5,PGD_eps0.3_it10,,PGD,0.3,10,,1.899144411087036,31
0.8019379753133218,0.9628177760527848,0.7701884566425533,0.8557974264325388,0.0958,0.2298115433574466,SVM,FGSM,0.5,PGD_eps0.3_it25,,PGD,0.3,25,,1.899144411087036,31
0.6886446018621621,0.930659077562452,0.6396348846595672,0.7581790748169138,0.1535,0.3603651153404328,SVM,FGSM,0.5,PGD_eps0.5_it10,,PGD,0.5,10,,1.899144411087036,31
0.7024094387452913,0.9585511575802838,0.6375857679530565,0.765797177111107,0.0888,0.3624142320469434,SVM,FGSM,0.5,PGD_eps0.5_it25,,PGD,0.5,25,,1.899144411087036,31
0.6858963728114857,0.9283486280005424,0.6375857679530565,0.7559727590649733,0.1585,0.3624142320469434,SVM,FGSM,0.5,PGD_eps0.75_it10,,PGD,0.75,10,,1.899144411087036,31
0.6843327252481698,0.9277850767906493,0.6358160762519792,0.7545411001805387,0.1594,0.3641839237480207,SVM,FGSM,0.5,PGD_eps0.75_it25,,PGD,0.75,25,,1.899144411087036,31
0.9044042739700064,0.9673235138004246,0.9053059703809494,0.9352877968983048,0.0985,0.0946940296190505,SVM,FGSM,0.5,CW_c0.0_it10,,CW,,10,0.0,1.899144411087036,31
0.9035039920396124,0.967313313845336,0.9040951286907386,0.9346364322051578,0.0984,0.0959048713092613,SVM,FGSM,0.5,CW_c0.5_it10,,CW,,10,0.5,1.899144411087036,31
0.998649577104409,0.9991926468761644,0.9990375360923964,0.9991150854641144,0.0026,0.0009624639076034,RF,FGSM,0.5,Clean,,Clean,0.0,0,,10.283613681793211,31
0.6196071927787913,0.828861109980048,0.6319972678443914,0.7171645997745209,0.4203,0.3680027321556087,RF,FGSM,0.5,FGSM_eps0.15,,FGSM,0.15,1,,10.283613681793211,31
0.8893363974507806,0.8929060609519461,0.9714986494458072,0.9305458492557952,0.3753,0.0285013505541929,RF,FGSM,0.5,FGSM_eps0.3,,FGSM,0.3,1,,10.283613681793211,31
0.2500414603520576,0.5191430545957153,0.2332267378682976,0.3218577947256796,0.6958,0.7667732621317023,RF,FGSM,0.5,FGSM_eps0.5,,FGSM,0.5,1,,10.283613681793211,31
0.2221564121395911,0.4811566148448369,0.2469496103573535,0.3263848994665572,0.8577,0.7530503896426465,RF,FGSM,0.5,FGSM_eps0.75,,FGSM,0.75,1,,10.283613681793211,31
0.6805657561183633,0.8419149868536372,0.7157937222515446,0.7737485946335979,0.4329,0.2842062777484554,RF,FGSM,0.5,PGD_eps0.15_it10,,PGD,0.15,10,,10.283613681793211,31
0.5974318273354025,0.8224350553036403,0.6025334533825949,0.6955166111170842,0.419,0.397466546617405,RF,FGSM,0.5,PGD_eps0.15_it25,,PGD,0.15,25,,10.283613681793211,31
0.8082162571963325,0.9165054580627332,0.8237138687944363,0.8676357571496313,0.2417,0.1762861312055636,RF,FGSM,0.5,PGD_eps0.3_it10,,PGD,0.3,10,,10.283613681793211,31
0.7955886185410694,0.8976693986306452,0.8263218355118135,0.8605192537747745,0.3034,0.1736781644881865,RF,FGSM,0.5,PGD_eps0.3_it25,,PGD,0.3,25,,10.283613681793211,31
0.5859887701674998,0.860385480872713,0.5460585550622497,0.6680974720328199,0.2854,0.4539414449377503,RF,FGSM,0.5,PGD_eps0.5_it10,,PGD,0.5,10,,10.283613681793211,31
0.5058873699921818,0.8475053565962657,0.4298177528020118,0.5703691496374423,0.2491,0.5701822471979882,RF,FGSM,0.5,PGD_eps0.5_it25,,PGD,0.5,25,,10.283613681793211,31
0.5649742945817243,0.8772818919949866,0.4998292402744574,0.6368275316455696,0.2252,0.5001707597255426,RF,FGSM,0.5,PGD_eps0.75_it10,,PGD,0.75,10,,10.283613681793211,31
0.4293634059086925,0.81952639446149,0.3234189201775901,0.4638023152270703,0.2294,0.6765810798224099,RF,FGSM,0.5,PGD_eps0.75_it25,,PGD,0.75,25,,10.283613681793211,31
0.4576512118268616,0.7986792331858691,0.3867552547424633,0.5211479730577752,0.314,0.6132447452575367,RF,FGSM,0.5,CW_c0.0_it10,,CW,,10,0.0,10.283613681793211,31
0.4551635907034045,0.7924073133570341,0.3875314353131112,0.5205062446571173,0.327,0.6124685646868887,RF,FGSM,0.5,CW_c0.5_it10,,CW,,10,0.5,10.283613681793211,31
0.9167949963277974,0.9726586948644464,0.9167313483808872,0.9438672761563788,0.083,0.0832686516191126,MLP,PGD,0.3,FGSM_eps0.15,430.4766802787781,FGSM,0.15,1,,,31
0.9326683882584283,0.9682985169829372,0.9426247322177032,0.9552891573846832,0.0994,0.0573752677822968,MLP,PGD,0.3,FGSM_eps0.3,430.4766802787781,FGSM,0.3,1,,,31
0.8986472079414343,0.9494416374344286,0.9159551678102392,0.932397838247843,0.1571,0.0840448321897606,MLP,PGD,0.3,FGSM_eps0.5,430.4766802787781,FGSM,0.5,1,,,31
0.7293942050273639,0.9257362880432556,0.7016672358657519,0.7982762883684786,0.1813,0.2983327641342482,MLP,PGD,0.3,FGSM_eps0.75,430.4766802787781,FGSM,0.75,1,,,31
0.9277168376412612,0.9939020258825124,0.9108634232667888,0.9505726829426344,0.018,0.0891365767332112,MLP,PGD,0.3,PGD_eps0.15_it10,430.4766802787781,PGD,0.15,10,,,31
0.9273614631950532,0.993932409070879,0.910366667701574,0.9503159941662616,0.0179,0.0896333322984259,MLP,PGD,0.3,PGD_eps0.15_it25,430.4766802787781,PGD,0.15,25,,,31
0.9274325380842948,0.993698760078596,0.9106771399298332,0.9503782785490952,0.0186,0.0893228600701667,MLP,PGD,0.3,PGD_eps0.3_it10,430.4766802787781,PGD,0.3,10,,,31
0.9270771636380868,0.9936955563840966,0.9102114315874446,0.9501231527093597,0.0186,0.0897885684125555,MLP,PGD,0.3,PGD_eps0.3_it25,430.4766802787781,PGD,0.3,25,,,31
0.8162003364211424,0.9571818555775776,0.7946847154522028,0.8683969465648855,0.1145,0.2053152845477972,MLP,PGD,0.3,PGD_eps0.5_it10,430.4766802787781,PGD,0.5,10,,,31
0.8265772702504205,0.950316627465171,0.8153621658542644,0.8776819731301384,0.1373,0.1846378341457356,MLP,PGD,0.3,PGD_eps0.5_it25,430.4766802787781,PGD,0.5,25,,,31
0.7901158520694639,0.946736052651718,0.7681703871588687,0.8481565911934593,0.1392,0.2318296128411313,MLP,PGD,0.3,PGD_eps0.75_it10,430.4766802787781,PGD,0.75,10,,,31
0.7536781255182544,0.8965529779652389,0.7655313732186656,0.8258779789318551,0.2845,0.2344686267813344,MLP,PGD,0.3,PGD_eps0.75_it25,430.4766802787781,PGD,0.75,25,,,31
0.9407946172617214,0.9929974777645028,0.9289639541742992,0.9599140212701112,0.0211,0.0710360458257008,MLP,PGD,0.3,CW_c0.0_it10,430.4766802787781,CW,,10,0.0,,31
0.9407709256319742,0.9929972453619196,0.9289329069514732,0.9598973371831888,0.0211,0.0710670930485268,MLP,PGD,0.3,CW_c0.5_it10,430.4766802787781,CW,,10,0.5,,31
0.9427373309009928,0.9940957940825262,0.9304852680927692,0.9612393155539876,0.0178,0.0695147319072309,MLP,PGD,0.3,Clean,430.4766802787781,Clean,0.0,0,,,31
0.9043805823402592,0.9672604239227784,0.9053370176037754,0.935274873308102,0.0987,0.0946629823962246,LR,PGD,0.3,Clean,,Clean,0.0,0,,0.6069424152374268,31
0.9037882915965788,0.9696029362696028,0.9022012480983576,0.934688560446453,0.0911,0.0977987519016424,LR,PGD,0.3,FGSM_eps0.15,,FGSM,0.15,1,,0.6069424152374268,31
0.8459333317538914,0.9469365046248,0.845477971995405,0.8933357390063477,0.1526,0.154522028004595,LR,PGD,0.3,FGSM_eps0.3,,FGSM,0.3,1,,0.6069424152374268,31
0.8140680897438934,0.9003977515532033,0.850414480424726,0.8746926393102347,0.303,0.149585519575274,LR,PGD,0.3,FGSM_eps0.5,,FGSM,0.5,1,,0.6069424152374268,31
0.7988343718164372,0.8868915568315281,0.8440187525225868,0.8649241978333148,0.3467,0.1559812474774131,LR,PGD,0.3,FGSM_eps0.75,,FGSM,0.75,1,,0.6069424152374268,31
0.914259991944846,0.9561845800357416,0.9302679375329876,0.94304823353529,0.1373,0.0697320624670123,LR,PGD,0.3,PGD_eps0.15_it10,,PGD,0.15,10,,0.6069424152374268,31
0.9108483972612476,0.9647431708273428,0.9166692539352356,0.9400920191680068,0.1079,0.0833307460647645,LR,PGD,0.3,PGD_eps0.15_it25,,PGD,0.15,25,,0.6069424152374268,31
0.7850932265630552,0.916420704052984,0.790462293147878,0.8487939857645314,0.2322,0.209537706852122,LR,PGD,0.3,PGD_eps0.3_it10,,PGD,0.3,10,,0.6069424152374268,31
0.7962993674334857,0.9085654957605122,0.815082740848831,0.8592890809112333,0.2642,0.1849172591511689,LR,PGD,0.3,PGD_eps0.3_it25,,PGD,0.3,25,,0.6069424152374268,31
0.6874600203748016,0.8824357478984837,0.6811760688006457,0.7688533781889543,0.2923,0.3188239311993542,LR,PGD,0.3,PGD_eps0.5_it10,,PGD,0.5,10,,0.6069424152374268,31
0.6911796062451137,0.8883577736368792,0.6808655965723867,0.7708937516477722,0.2756,0.3191344034276134,LR,PGD,0.3,PGD_eps0.5_it25,,PGD,0.5,25,,0.6069424152374268,31
0.681987253903196,0.8875319745853618,0.6678878574311528,0.7622017113398409,0.2726,0.3321121425688472,LR,PGD,0.3,PGD_eps0.75_it10,,PGD,0.75,10,,0.6069424152374268,31
0.6272595891871402,0.8117856331844675,0.66593188239312,0.7316607255547407,0.4973,0.33406811760688,LR,PGD,0.3,PGD_eps0.75_it25,,PGD,0.75,25,,0.6069424152374268,31
0.904356890710512,0.9685961410512308,0.903970939799435,0.9351683823411328,0.0944,0.096029060200565,LR,PGD,0.3,CW_c0.0_it10,,CW,,10,0.0,0.6069424152374268,31
0.9040015162643038,0.9685804626393744,0.9035052314570462,0.9349118128955568,0.0944,0.0964947685429538,LR,PGD,0.3,CW_c0.5_it10,,CW,,10,0.5,0.6069424152374268,31
0.9056362387168614,0.969431878658861,0.9048713092613866,0.9360396961765132,0.0919,0.0951286907386134,SVM,PGD,0.3,Clean,,Clean,0.0,0,,1.8169422149658203,31
0.9042858158212704,0.9697808612121008,0.9026980036635724,0.9350377874256312,0.0906,0.0973019963364277,SVM,PGD,0.3,FGSM_eps0.15,,FGSM,0.15,1,,1.8169422149658203,31
0.8469520718330213,0.9673648673176752,0.8273463938650688,0.8918937010509405,0.0899,0.1726536061349312,SVM,PGD,0.3,FGSM_eps0.3,,FGSM,0.3,1,,1.8169422149658203,31
0.8420715961050961,0.9661641785596964,0.8218199882020554,0.8881656209106465,0.0927,0.1781800117979446,SVM,PGD,0.3,FGSM_eps0.5,,FGSM,0.5,1,,1.8169422149658203,31
0.7943329621644672,0.9005174996595396,0.821199043745537,0.8590311946866729,0.2922,0.178800956254463,SVM,PGD,0.3,FGSM_eps0.75,,FGSM,0.75,1,,1.8169422149658203,31
0.9081238598403184,0.97003683180144,0.9076345120928933,0.9377987360857152,0.0903,0.0923654879071067,SVM,PGD,0.3,PGD_eps0.15_it10,,PGD,0.15,10,,1.8169422149658203,31
0.9079817100618351,0.9699372863921424,0.9075413704244156,0.9377024989574312,0.0906,0.0924586295755844,SVM,PGD,0.3,PGD_eps0.15_it25,,PGD,0.15,25,,1.8169422149658203,31
0.8426638868487764,0.9529478458049888,0.8350461051258965,0.8901097082719706,0.1328,0.1649538948741035,SVM,PGD,0.3,PGD_eps0.3_it10,,PGD,0.3,10,,1.8169422149658203,31
0.8229050676396029,0.9479823226834746,0.8125058213542798,0.8750313466521775,0.1436,0.1874941786457201,SVM,PGD,0.3,PGD_eps0.3_it25,,PGD,0.3,25,,1.8169422149658203,31
0.6574664171148333,0.8522443147993809,0.666708062963768,0.7481447932271887,0.3723,0.3332919370362321,SVM,PGD,0.3,PGD_eps0.5_it10,,PGD,0.5,10,,1.8169422149658203,31
0.6456679855007226,0.8343475059106236,0.6683535657735415,0.742182382347871,0.4274,0.3316464342264584,SVM,PGD,0.3,PGD_eps0.5_it25,,PGD,0.5,25,,1.8169422149658203,31
0.6417114833329385,0.8312267369727047,0.6656214101648608,0.7392631161531698,0.4353,0.3343785898351392,SVM,PGD,0.3,PGD_eps0.75_it10,,PGD,0.75,10,,1.8169422149658203,31
0.607406003458978,0.7855316973415133,0.6678568102083269,0.721930428070411,0.5873,0.3321431897916731,SVM,PGD,0.3,PGD_eps0.75_it25,,PGD,0.75,25,,1.8169422149658203,31
0.9035039920396124,0.9694653941133284,0.9019528703157502,0.9344913550462404,0.0915,0.0980471296842497,SVM,PGD,0.3,CW_c0.0_it10,,CW,,10,0.0,1.8169422149658203,31
0.90369352507759,0.9695048712131322,0.9021702008755316,0.9346263328026246,0.0914,0.0978297991244683,SVM,PGD,0.3,CW_c0.5_it10,,CW,,10,0.5,1.8169422149658203,31
0.9987443436233978,0.9992547509626132,0.9990996305380484,0.9991771847297906,0.0024,0.0009003694619516,RF,PGD,0.3,Clean,,Clean,0.0,0,,8.795111656188965,31
0.9187377099670686,0.9408953028771028,0.9533981185382968,0.9471054498349936,0.1929,0.0466018814617032,RF,PGD,0.3,FGSM_eps0.15,,FGSM,0.15,1,,8.795111656188965,31
0.923073278210808,0.9357546942705826,0.9654754882175788,0.95038278754909,0.2135,0.034524511782421,RF,PGD,0.3,FGSM_eps0.3,,FGSM,0.3,1,,8.795111656188965,31
0.8179298253926888,0.9076191742570308,0.8476823248160452,0.8766274421666052,0.2779,0.1523176751839547,RF,PGD,0.3,FGSM_eps0.5,,FGSM,0.5,1,,8.795111656188965,31
0.8174323011679974,0.9132737392477652,0.8405725107889099,0.8754163029068451,0.2571,0.15942748921109,RF,PGD,0.3,FGSM_eps0.75,,FGSM,0.75,1,,8.795111656188965,31
0.9112985382264446,0.9506665400082328,0.9321307709025428,0.941307414955322,0.1558,0.0678692290974572,RF,PGD,0.3,PGD_eps0.15_it10,,PGD,0.15,10,,8.795111656188965,31
0.9275509962330308,0.9640844397745726,0.9400788599459778,0.9519303319919518,0.1128,0.0599211400540221,RF,PGD,0.3,PGD_eps0.15_it25,,PGD,0.15,25,,8.795111656188965,31
0.91023241488782,0.9439792538898956,0.9380297432394672,0.9409950946040644,0.1793,0.0619702567605327,RF,PGD,0.3,PGD_eps0.3_it10,,PGD,0.3,10,,8.795111656188965,31
0.9160131725461396,0.9388511237675302,0.9519388990654786,0.9453497155718624,0.1997,0.0480611009345214,RF,PGD,0.3,PGD_eps0.3_it25,,PGD,0.3,25,,8.795111656188965,31
0.833613684285342,0.8977574226152875,0.8824552143810737,0.8900405517543722,0.3237,0.1175447856189263,RF,PGD,0.3,PGD_eps0.5_it10,,PGD,0.5,10,,8.795111656188965,31
0.7668980549171978,0.8963781983131335,0.7853084541587755,0.8371754348221822,0.2924,0.2146915458412245,RF,PGD,0.3,PGD_eps0.5_it25,,PGD,0.5,25,,8.795111656188965,31
0.8361723802980408,0.9245954475256832,0.8550405166257878,0.8884587466731187,0.2246,0.1449594833742122,RF,PGD,0.3,PGD_eps0.75_it10,,PGD,0.75,10,,8.795111656188965,31
0.8297519486365467,0.9205122172554028,0.8503213387562483,0.8840256931667796,0.2365,0.1496786612437517,RF,PGD,0.3,PGD_eps0.75_it25,,PGD,0.75,25,,8.795111656188965,31
0.7444383899168424,0.959581223719214,0.6943400912788351,0.8056921552733496,0.0942,0.3056599087211649,RF,PGD,0.3,CW_c0.0_it10,,CW,,10,0.0,8.795111656188965,31
0.6563529105167144,0.9613299979153638,0.5726970722468875,0.717785084732572,0.0742,0.4273029277531124,RF,PGD,0.3,CW_c0.5_it10,,CW,,10,0.5,8.795111656188965,31
0.9324314719609562,0.9938099243061396,0.91716600950045,0.9539509800755644,0.0184,0.0828339904995498,MLP,PGD,0.5,FGSM_eps0.15,435.0243103504181,FGSM,0.15,1,,,31
0.9276220711222724,0.99373391139412,0.9108944704896148,0.9505126917531952,0.0185,0.0891055295103852,MLP,PGD,0.5,FGSM_eps0.3,435.0243103504181,FGSM,0.3,1,,,31
0.8995237982420811,0.970556565044754,0.8954950479679593,0.9315161399712564,0.0875,0.1045049520320407,MLP,PGD,0.5,FGSM_eps0.5,435.0243103504181,FGSM,0.5,1,,,31
0.7426141344263072,0.8867268181324057,0.7597565897730448,0.8183459853526402,0.3126,0.2402434102269552,MLP,PGD,0.5,FGSM_eps0.75,435.0243103504181,FGSM,0.75,1,,,31
0.9394441943661304,0.9939038608881042,0.926324940234096,0.9589252426560392,0.0183,0.0736750597659039,MLP,PGD,0.5,PGD_eps0.15_it10,435.0243103504181,PGD,0.15,10,,,31
0.9395626525148664,0.9939048760991208,0.9264801763482255,0.9590088859608248,0.0183,0.0735198236517743,MLP,PGD,0.5,PGD_eps0.15_it25,435.0243103504181,PGD,0.15,25,,,31
0.9383543793977588,0.993071978150085,0.9256729485547518,0.9581887132022112,0.0208,0.0743270514452482,MLP,PGD,0.5,PGD_eps0.3_it10,435.0243103504181,PGD,0.3,10,,,31
0.9380937714705394,0.9931351639562784,0.9252693346580148,0.9580018322966392,0.0206,0.0747306653419851,MLP,PGD,0.5,PGD_eps0.3_it25,435.0243103504181,PGD,0.3,25,,,31
0.7790518609775167,0.935021482072925,0.7635133037349809,0.8406084430011964,0.1709,0.2364866962650191,MLP,PGD,0.5,PGD_eps0.5_it10,435.0243103504181,PGD,0.5,10,,,31
0.7760904072591154,0.9285552877372704,0.7654692787730137,0.839162029237079,0.1897,0.2345307212269862,MLP,PGD,0.5,PGD_eps0.5_it25,435.0243103504181,PGD,0.5,25,,,31
0.7394631476699283,0.8858130229174245,0.7560309230339346,0.8157925593393525,0.3139,0.2439690769660653,MLP,PGD,0.5,PGD_eps0.75_it10,435.0243103504181,PGD,0.75,10,,,31
0.7147053945840934,0.8550653192013803,0.7539197118817722,0.8013133579725449,0.4116,0.2460802881182278,MLP,PGD,0.5,PGD_eps0.75_it25,435.0243103504181,PGD,0.75,25,,,31
0.9405103177047548,0.993223942071348,0.9283740569406068,0.9597047259889272,0.0204,0.0716259430593933,MLP,PGD,0.5,CW_c0.0_it10,435.0243103504181,CW,,10,0.0,,31
0.9404629344452604,0.9932234918947648,0.9283119624949548,0.9596713366392244,0.0204,0.0716880375050451,MLP,PGD,0.5,CW_c0.5_it10,435.0243103504181,CW,,10,0.5,,31
0.9409367670402048,0.9940808725724928,0.9281256791579992,0.9599717409803952,0.0178,0.0718743208420006,MLP,PGD,0.5,Clean,435.0243103504181,Clean,0.0,0,,,31
0.9035987585586012,0.9679393375016628,0.903598373125524,0.9346628771456555,0.0964,0.096401626874476,LR,PGD,0.5,Clean,,Clean,0.0,0,,0.4576375484466553,31
0.899855481058542,0.969496644295302,0.8969853146636033,0.9318324759309132,0.0909,0.1030146853363966,LR,PGD,0.5,FGSM_eps0.15,,FGSM,0.15,1,,0.4576375484466553,31
0.8485394110260844,0.967038135899848,0.8297991244683163,0.8931776028873628,0.0911,0.1702008755316837,LR,PGD,0.5,FGSM_eps0.3,,FGSM,0.3,1,,0.4576375484466553,31
0.7785780283825724,0.8997726875327855,0.7988139960880499,0.8462930070390106,0.2866,0.20118600391195,LR,PGD,0.5,FGSM_eps0.5,,FGSM,0.5,1,,0.4576375484466553,31
0.7462152621478831,0.8554750801997553,0.8030985128380267,0.8284597892579189,0.437,0.1969014871619733,LR,PGD,0.5,FGSM_eps0.75,,FGSM,0.75,1,,0.4576375484466553,31
0.9026274017389656,0.969521772549544,0.9007109814027136,0.9338505118135584,0.0912,0.0992890185972864,LR,PGD,0.5,PGD_eps0.15_it10,,PGD,0.15,10,,0.4576375484466553,31
0.9017034281788244,0.9693877551020408,0.8995932813809805,0.933187329908694,0.0915,0.1004067186190195,LR,PGD,0.5,PGD_eps0.15_it25,,PGD,0.15,25,,0.4576375484466553,31
0.792958847639129,0.9627730893603595,0.7579868980719675,0.8481942779717546,0.0944,0.2420131019280325,LR,PGD,0.5,PGD_eps0.3_it10,,PGD,0.3,10,,0.4576375484466553,31
0.7895235613257836,0.9631836053854402,0.7529572479741687,0.8451941172370531,0.0927,0.2470427520258312,LR,PGD,0.5,PGD_eps0.3_it25,,PGD,0.3,25,,0.4576375484466553,31
0.6911796062451137,0.9263162575595874,0.6467446986867025,0.7616871126387188,0.1657,0.3532553013132975,LR,PGD,0.5,PGD_eps0.5_it10,,PGD,0.5,10,,0.4576375484466553,31
0.6839773508019616,0.9215440979358414,0.6403800180073892,0.7556556941620414,0.1756,0.3596199819926107,LR,PGD,0.5,PGD_eps0.5_it25,,PGD,0.5,25,,0.4576375484466553,31
0.689094742827359,0.9166521131680055,0.6518364432301531,0.7618892094424183,0.1909,0.3481635567698469,LR,PGD,0.5,PGD_eps0.75_it10,,PGD,0.75,10,,0.4576375484466553,31
0.6575611836338222,0.8649237472766884,0.6532646154801452,0.7443398896278477,0.3286,0.3467353845198547,LR,PGD,0.5,PGD_eps0.75_it25,,PGD,0.75,25,,0.4576375484466553,31
0.9026037101092184,0.9697405376487896,0.9004626036201062,0.9338184393966223,0.0905,0.0995373963798938,LR,PGD,0.5,CW_c0.0_it10,,CW,,10,0.0,0.4576375484466553,31
0.9022246440332632,0.9697557711609234,0.8999348008320656,0.9335416029243628,0.0904,0.1000651991679344,LR,PGD,0.5,CW_c0.5_it10,,CW,,10,0.5,0.4576375484466553,31
0.9053282475301476,0.9698877452449952,0.9040019870222608,0.9357865981038084,0.0904,0.0959980129777391,SVM,PGD,0.5,Clean,,Clean,0.0,0,,1.3858580589294434,31
0.9008268378781776,0.969727446444735,0.8980719674625105,0.9325252264740964,0.0903,0.1019280325374895,SVM,PGD,0.5,FGSM_eps0.15,,FGSM,0.15,1,,1.3858580589294434,31
0.9026510933687129,0.9696483487097204,0.9006178397342358,0.9338591549295776,0.0908,0.0993821602657642,SVM,PGD,0.5,FGSM_eps0.3,,FGSM,0.3,1,,1.3858580589294434,31
0.8297519486365467,0.949423470670642,0.8206091465118445,0.8803290700772716,0.1408,0.1793908534881554,SVM,PGD,0.5,FGSM_eps0.5,,FGSM,0.5,1,,1.3858580589294434,31
0.7488213414200763,0.8662824207492795,0.7932875904250365,0.8281796966161027,0.3944,0.2067124095749635,SVM,PGD,0.5,FGSM_eps0.75,,FGSM,0.75,1,,1.3858580589294434,31
0.904688573526973,0.969891971192318,0.9031326647831353,0.9353225832382116,0.0903,0.0968673352168648,SVM,PGD,0.5,PGD_eps0.15_it10,,PGD,0.15,10,,1.3858580589294434,31
0.9033144590016348,0.9698336339947884,0.901331925859232,0.9343288866002608,0.0903,0.0986680741407681,SVM,PGD,0.5,PGD_eps0.15_it25,,PGD,0.15,25,,1.3858580589294434,31
0.8457437987159137,0.9668289492806278,0.8261976466205098,0.8909982756600204,0.0913,0.1738023533794902,SVM,PGD,0.5,PGD_eps0.3_it10,,PGD,0.3,10,,1.3858580589294434,31
0.8364092965955128,0.9666568309235762,0.8136856158216648,0.8835993998752549,0.0904,0.1863143841783352,SVM,PGD,0.5,PGD_eps0.3_it25,,PGD,0.3,25,,1.3858580589294434,31
0.7048259849795068,0.9548176123802504,0.6436399764041106,0.7689397451827674,0.0981,0.3563600235958893,SVM,PGD,0.5,PGD_eps0.5_it10,,PGD,0.5,10,,1.3858580589294434,31
0.7048496766092539,0.9582385968168532,0.6411561985780372,0.768266369047619,0.09,0.3588438014219628,SVM,PGD,0.5,PGD_eps0.5_it25,,PGD,0.5,25,,1.3858580589294434,31
0.6865834300741548,0.916739855963464,0.6481418237138687,0.7593896073188919,0.1896,0.3518581762861312,SVM,PGD,0.5,PGD_eps0.75_it10,,PGD,0.75,10,,1.3858580589294434,31
0.643346205785496,0.843663608317641,0.65376137104536,0.7366708648194794,0.3902,0.34623862895464,SVM,PGD,0.5,PGD_eps0.75_it25,,PGD,0.75,25,,1.3858580589294434,31
0.9025326352199768,0.9693608206087742,0.9007420286255394,0.9337925263124014,0.0917,0.0992579713744605,SVM,PGD,0.5,CW_c0.0_it10,,CW,,10,0.0,1.3858580589294434,31
0.9022246440332632,0.9693475063511164,0.9003384147288025,0.933569416498994,0.0917,0.0996615852711974,SVM,PGD,0.5,CW_c0.5_it10,,CW,,10,0.5,1.3858580589294434,31
0.9988154185126394,0.999285825182425,0.9991617249837004,0.9992237712298568,0.0023,0.0008382750162997,RF,PGD,0.5,Clean,,Clean,0.0,0,,10.940829515457152,31
0.7837664952972115,0.8929519918283964,0.8142444658325313,0.8517838873641989,0.3144,0.1857555341674687,RF,PGD,0.5,FGSM_eps0.15,,FGSM,0.15,1,,10.940829515457152,31
0.8964912696344381,0.9076134699853587,0.9623086714893352,0.9341611537244384,0.3155,0.0376913285106647,RF,PGD,0.5,FGSM_eps0.3,,FGSM,0.3,1,,10.940829515457152,31
0.5529152550403942,0.7865183021137653,0.5683815082740848,0.6598900603766784,0.4969,0.4316184917259151,RF,PGD,0.5,FGSM_eps0.5,,FGSM,0.5,1,,10.940829515457152,31
0.4892795375393873,0.743685944363104,0.5046415598124748,0.6012762415610838,0.5602,0.4953584401875252,RF,PGD,0.5,FGSM_eps0.75,,FGSM,0.75,1,,10.940829515457152,31
0.7659266980975621,0.8883709604480468,0.7928839765282996,0.8379158737449964,0.3209,0.2071160234717004,RF,PGD,0.5,PGD_eps0.15_it10,,PGD,0.15,10,,10.940829515457152,31
0.8109407946172618,0.9005985251810456,0.8455711136638827,0.8722177742193755,0.3006,0.1544288863361172,RF,PGD,0.5,PGD_eps0.15_it25,,PGD,0.15,25,,10.940829515457152,31
0.8600535430832287,0.8973832114582704,0.9220404234841192,0.9095447376077668,0.3396,0.0779595765158806,RF,PGD,0.5,PGD_eps0.3_it10,,PGD,0.3,10,,10.940829515457152,31
0.7511431211353029,0.8780700226441387,0.7825452513272688,0.8275601667925272,0.35,0.2174547486727312,RF,PGD,0.5,PGD_eps0.3_it25,,PGD,0.3,25,,10.940829515457152,31
0.7999004951550617,0.8785966924768187,0.8560650749790432,0.867184551515914,0.381,0.1439349250209568,RF,PGD,0.5,PGD_eps0.5_it10,,PGD,0.5,10,,10.940829515457152,31
0.7627757113411832,0.8921831931585271,0.7838492346859574,0.834515014791677,0.3051,0.2161507653140426,RF,PGD,0.5,PGD_eps0.5_it25,,PGD,0.5,25,,10.940829515457152,31
0.7657845483190788,0.8612486649189242,0.8261665993976839,0.8433429467879441,0.4287,0.1738334006023161,RF,PGD,0.5,PGD_eps0.75_it10,,PGD,0.75,10,,10.940829515457152,31
0.7104645928593428,0.9146199800862927,0.6844670744201932,0.7829808392378315,0.2058,0.3155329255798069,RF,PGD,0.5,PGD_eps0.75_it25,,PGD,0.75,25,,10.940829515457152,31
0.3448790542301405,0.678775990584543,0.2685895246670185,0.3848823241535792,0.4094,0.7314104753329814,RF,PGD,0.5,CW_c0.0_it10,,CW,,10,0.0,10.940829515457152,31
0.3498306048473074,0.6795238812716589,0.2800459498897824,0.3966317085504474,0.4254,0.7199540501102176,RF,PGD,0.5,CW_c0.5_it10,,CW,,10,0.5,10.940829515457152,31
0.7670875879551754,0.8988095238095238,0.7829178180011798,0.8368704886750187,0.2839,0.2170821819988202,MLP,FGSM,0.3,FGSM_eps0.15,75.22552561759949,FGSM,0.15,1,,,99
0.792390248525196,0.9255172413793104,0.7916420876152628,0.8533610000167339,0.2052,0.2083579123847372,MLP,FGSM,0.3,FGSM_eps0.3,75.22552561759949,FGSM,0.3,1,,,99
0.7116017910872089,0.9631958572221194,0.6467757459095284,0.7738915615654661,0.0796,0.3532242540904716,MLP,FGSM,0.3,FGSM_eps0.5,75.22552561759949,FGSM,0.5,1,,,99
0.3777630363192684,0.8612225057722688,0.2200316681672824,0.3505118947524606,0.1142,0.7799683318327175,MLP,FGSM,0.3,FGSM_eps0.75,75.22552561759949,FGSM,0.75,1,,,99
0.4901324362102869,0.800562429696288,0.4419261697041199,0.5694852867630879,0.3546,0.55807383029588,MLP,FGSM,0.3,PGD_eps0.15_it10,75.22552561759949,PGD,0.15,10,,,99
0.6103674571773793,0.8449989056686364,0.5993355894315253,0.7012751117085044,0.3541,0.4006644105684746,MLP,FGSM,0.3,PGD_eps0.15_it25,75.22552561759949,PGD,0.15,25,,,99
0.5254092729038831,0.848412017167382,0.4603061256170636,0.5968118508976733,0.2649,0.5396938743829365,MLP,FGSM,0.3,PGD_eps0.3_it10,75.22552561759949,PGD,0.3,10,,,99
0.5400743917174062,0.8474152910512598,0.4845229594212797,0.6165333333333334,0.281,0.5154770405787202,MLP,FGSM,0.3,PGD_eps0.3_it25,75.22552561759949,PGD,0.3,25,,,99
0.4859864010045251,0.9802649611694838,0.3331056536992766,0.4972424340733188,0.0216,0.6668943463007234,MLP,FGSM,0.3,PGD_eps0.5_it10,75.22552561759949,PGD,0.5,10,,,99
0.4643796346750693,0.9835801349853932,0.3031450836722655,0.4634516802734004,0.0163,0.6968549163277344,MLP,FGSM,0.3,PGD_eps0.5_it25,75.22552561759949,PGD,0.5,25,,,99
0.489350612428629,0.9706687869953176,0.3411158371883635,0.5048244807939717,0.0332,0.6588841628116365,MLP,FGSM,0.3,PGD_eps0.75_it10,75.22552561759949,PGD,0.75,10,,,99
0.5912720036011277,0.9878661360819362,0.4701480952528796,0.6370903277378097,0.0186,0.5298519047471204,MLP,FGSM,0.3,PGD_eps0.75_it25,75.22552561759949,PGD,0.75,25,,,99
0.7529199933663436,0.9232742537313432,0.7374957310068614,0.8199941315566909,0.1974,0.2625042689931385,MLP,FGSM,0.3,CW_c0.0_it10,75.22552561759949,CW,,10,0.0,,99
0.7155346016252458,0.9157816744875278,0.6907386134310286,0.7874980089552767,0.2046,0.3092613865689714,MLP,FGSM,0.3,CW_c0.5_it10,75.22552561759949,CW,,10,0.5,,99
0.962496150110166,0.9956305023303988,0.9550436213480704,0.9749148244988513,0.0135,0.0449563786519295,MLP,FGSM,0.3,Clean,75.22552561759949,Clean,0.0,0,,,99
0.9066312871662442,0.969100564221706,0.9065478592939862,0.9367811482378609,0.0931,0.0934521407060138,LR,FGSM,0.3,Clean,,Clean,0.0,0,,0.5951805114746094,99
0.9107536307422588,0.9585052875935002,0.9230028873917228,0.9404191379992092,0.1287,0.0769971126082771,LR,FGSM,0.3,FGSM_eps0.15,,FGSM,0.15,1,,0.5951805114746094,99
0.8334715345068587,0.957718316003781,0.8178769909031637,0.8822908816880181,0.1163,0.1821230090968363,LR,FGSM,0.3,FGSM_eps0.3,,FGSM,0.3,1,,0.5951805114746094,99
0.8261034376554763,0.9544607287745333,0.8107982240988544,0.8767836159140507,0.1246,0.1892017759011456,LR,FGSM,0.3,FGSM_eps0.5,,FGSM,0.5,1,,0.5951805114746094,99
0.7517827951384776,0.9482303440310206,0.7136825110993822,0.8144054135444899,0.1255,0.2863174889006178,LR,FGSM,0.3,FGSM_eps0.75,,FGSM,0.75,1,,0.5951805114746094,99
0.9092847496979316,0.9565049543173336,0.9230960290602006,0.9395035785947892,0.1352,0.0769039709397994,LR,FGSM,0.3,PGD_eps0.15_it10,,PGD,0.15,10,,0.5951805114746094,99
0.9073420360586604,0.9549810277188244,0.9220404234841192,0.9382216816465794,0.14,0.0779595765158806,LR,FGSM,0.3,PGD_eps0.15_it25,,PGD,0.15,25,,0.5951805114746094,99
0.8080504157881021,0.9747902469767992,0.7683256232729982,0.8593305090631294,0.064,0.2316743767270017,LR,FGSM,0.3,PGD_eps0.3_it10,,PGD,0.3,10,,0.5951805114746094,99
0.8045914378450093,0.9743437462881578,0.7640411065230215,0.8564716528033968,0.0648,0.2359588934769785,LR,FGSM,0.3,PGD_eps0.3_it25,,PGD,0.3,25,,0.5951805114746094,99
0.4794238195645478,0.9432703966741728,0.3381353037970753,0.4978173922980231,0.0655,0.6618646962029247,LR,FGSM,0.3,PGD_eps0.5_it10,,PGD,0.5,10,,0.5951805114746094,99
0.4665592646118126,0.8929063640048642,0.3419541122046633,0.4945222701149425,0.1321,0.6580458877953367,LR,FGSM,0.3,PGD_eps0.5_it25,,PGD,0.5,25,,0.5951805114746094,99
0.3660356795943993,0.8240960989533778,0.2151262069607873,0.341187187630795,0.1479,0.7848737930392127,LR,FGSM,0.3,PGD_eps0.75_it10,,PGD,0.75,10,,0.5951805114746094,99
0.3559193536923405,0.8154754427835699,0.2015585705858611,0.3232262882748319,0.1469,0.7984414294141389,LR,FGSM,0.3,PGD_eps0.75_it25,,PGD,0.75,25,,0.5951805114746094,99
0.9052334810111587,0.9668354681759508,0.9069204259678972,0.9359200281951876,0.1002,0.0930795740321028,LR,FGSM,0.3,CW_c0.0_it10,,CW,,10,0.0,0.5951805114746094,99
0.905920538273828,0.9677953747266582,0.9068893787450713,0.9363529996313572,0.0972,0.0931106212549287,LR,FGSM,0.3,CW_c0.5_it10,,CW,,10,0.5,0.5951805114746094,99
0.9070340448719468,0.9697724630460056,0.9064236704026823,0.9370285971049844,0.091,0.0935763295973175,SVM,FGSM,0.3,Clean,,Clean,0.0,0,,1.1200017929077148,99
0.9060153047928168,0.9699480830670928,0.9048713092613866,0.936280257641711,0.0903,0.0951286907386134,SVM,FGSM,0.3,FGSM_eps0.15,,FGSM,0.15,1,,1.1200017929077148,99
0.8205832879243763,0.9647600362209476,0.7938774876587289,0.8710166402670618,0.0934,0.206122512341271,SVM,FGSM,0.3,FGSM_eps0.3,,FGSM,0.3,1,,1.1200017929077148,99
0.8220521689687034,0.9702589489718204,0.7910521903815704,0.8715387641314201,0.0781,0.2089478096184296,SVM,FGSM,0.3,FGSM_eps0.5,,FGSM,0.5,1,,1.1200017929077148,99
0.785969816863702,0.9301384609673709,0.7779502623490329,0.8472644890782444,0.1882,0.2220497376509671,SVM,FGSM,0.3,FGSM_eps0.75,,FGSM,0.75,1,,1.1200017929077148,99
0.9057310052358502,0.9654728927582114,0.9089695426744078,0.9363695968528616,0.1047,0.0910304573255922,SVM,FGSM,0.3,PGD_eps0.15_it10,,PGD,0.15,10,,1.1200017929077148,99
0.9053045559004004,0.9654523856662048,0.9084106926635412,0.9360633447972486,0.1047,0.0915893073364587,SVM,FGSM,0.3,PGD_eps0.15_it25,,PGD,0.15,25,,1.1200017929077148,99
0.8675164064536,0.967210812708443,0.8553820360768729,0.907865686888325,0.0934,0.144617963923127,SVM,FGSM,0.3,PGD_eps0.3_it10,,PGD,0.3,10,,1.1200017929077148,99
0.8689615958681798,0.9673136210762332,0.857244869446428,0.9089592283508632,0.0933,0.1427551305535719,SVM,FGSM,0.3,PGD_eps0.3_it25,,PGD,0.3,25,,1.1200017929077148,99
0.7842166362624085,0.9580805076343446,0.7500388090285324,0.8413903594315966,0.1057,0.2499611909714676,SVM,FGSM,0.3,PGD_eps0.5_it10,,PGD,0.5,10,,1.1200017929077148,99
0.8145182307090905,0.9367297219833765,0.8117606880064578,0.8697792784551155,0.1766,0.1882393119935421,SVM,FGSM,0.3,PGD_eps0.5_it25,,PGD,0.5,25,,1.1200017929077148,99
0.4437679167949963,0.8872527277565865,0.310534322704834,0.4600524354905478,0.1271,0.689465677295166,SVM,FGSM,0.3,PGD_eps0.75_it10,,PGD,0.75,10,,1.1200017929077148,99
0.5348859248027672,0.919485024347942,0.4279549194324568,0.5840677966101695,0.1207,0.5720450805675432,SVM,FGSM,0.3,PGD_eps0.75_it25,,PGD,0.75,25,,1.1200017929077148,99
0.9061100713118057,0.9683934730697796,0.9065478592939862,0.9364506662818108,0.0953,0.0934521407060138,SVM,FGSM,0.3,CW_c0.0_it10,,CW,,10,0.0,1.1200017929077148,99
0.906275912720036,0.9686183446674408,0.9065478592939862,0.936555794335568,0.0946,0.0934521407060138,SVM,FGSM,0.3,CW_c0.5_it10,,CW,,10,0.5,1.1200017929077148,99
0.9985785022151674,0.9992856033545582,0.9988512527554412,0.9990683808459102,0.0023,0.0011487472445589,RF,FGSM,0.3,Clean,,Clean,0.0,0,,8.272302865982056,99
0.619583501149044,0.8712762044869438,0.5884069669968022,0.7024332388206297,0.28,0.4115930330031979,RF,FGSM,0.3,FGSM_eps0.15,,FGSM,0.15,1,,8.272302865982056,99
0.9568101589708355,0.9846251993620416,0.9583656741904436,0.9713179880111392,0.0482,0.0416343258095563,RF,FGSM,0.3,FGSM_eps0.3,,FGSM,0.3,1,,8.272302865982056,99
0.2714823852732829,0.5625267849490014,0.2037629234065013,0.2991612726775458,0.5104,0.7962370765934987,RF,FGSM,0.3,FGSM_eps0.5,,FGSM,0.5,1,,8.272302865982056,99
0.6478002321779716,0.8086711992311252,0.7053308081592101,0.7534741799608636,0.5375,0.2946691918407898,RF,FGSM,0.3,FGSM_eps0.75,,FGSM,0.75,1,,8.272302865982056,99
0.4919093084413277,0.829567027987017,0.4205656803998882,0.558160616424245,0.2783,0.5794343196001118,RF,FGSM,0.3,PGD_eps0.15_it10,,PGD,0.15,10,,8.272302865982056,99
0.4816271411310384,0.824709210939956,0.4072464218075693,0.5452467057405329,0.2788,0.5927535781924307,RF,FGSM,0.3,PGD_eps0.15_it25,,PGD,0.15,25,,8.272302865982056,99
0.8866118600298515,0.9711369961859602,0.8774876587289266,0.9219402400835072,0.084,0.1225123412710733,RF,FGSM,0.3,PGD_eps0.3_it10,,PGD,0.3,10,,8.272302865982056,99
0.8647444857731763,0.9709269263576912,0.848148033158434,0.9053939845886154,0.0818,0.151851966841566,RF,FGSM,0.3,PGD_eps0.3_it25,,PGD,0.3,25,,8.272302865982056,99
0.4911748679191641,0.7913454229558041,0.4525132726877581,0.5757797222825765,0.3843,0.5474867273122419,RF,FGSM,0.3,PGD_eps0.5_it10,,PGD,0.5,10,,8.272302865982056,99
0.5166433698974152,0.8033191183270821,0.4854233288832314,0.6051633379780151,0.3828,0.5145766711167686,RF,FGSM,0.3,PGD_eps0.5_it25,,PGD,0.5,25,,8.272302865982056,99
0.3685706839773508,0.6839944374544732,0.3206867645689093,0.4366518706404566,0.4772,0.6793132354310907,RF,FGSM,0.3,PGD_eps0.75_it10,,PGD,0.75,10,,8.272302865982056,99
0.3710109218413134,0.7163939440281388,0.2908814306560278,0.4137611235012255,0.3709,0.7091185693439722,RF,FGSM,0.3,PGD_eps0.75_it25,,PGD,0.75,25,,8.272302865982056,99
0.3065696889289014,0.6770657672849916,0.1745164395044863,0.2775048752190763,0.2681,0.8254835604955136,RF,FGSM,0.3,CW_c0.0_it10,,CW,,10,0.0,8.272302865982056,99
0.2985382264445971,0.6712761754247333,0.1582476947437051,0.2561177830259786,0.2496,0.8417523052562949,RF,FGSM,0.3,CW_c0.5_it10,,CW,,10,0.5,8.272302865982056,99
0.8678243976403137,0.9175813836793576,0.9083796454407154,0.9129573289648178,0.2628,0.0916203545592846,MLP,FGSM,0.5,FGSM_eps0.15,77.46838808059692,FGSM,0.15,1,,,99
0.8614039659788196,0.9116664063720132,0.9061752926200752,0.9089125560538116,0.2828,0.0938247073799248,MLP,FGSM,0.5,FGSM_eps0.3,77.46838808059692,FGSM,0.3,1,,,99
0.8235447416427776,0.9075348102307516,0.8559719333105654,0.8809995526298972,0.2809,0.1440280666894346,MLP,FGSM,0.5,FGSM_eps0.5,77.46838808059692,FGSM,0.5,1,,,99
0.7151792271790376,0.8837686779970343,0.7216616473656431,0.7945308494274483,0.3057,0.2783383526343568,MLP,FGSM,0.5,FGSM_eps0.75,77.46838808059692,FGSM,0.75,1,,,99
0.6608780117984316,0.8350998089959177,0.6922909745723245,0.75701918180275,0.4403,0.3077090254276755,MLP,FGSM,0.5,PGD_eps0.15_it10,77.46838808059692,PGD,0.15,10,,,99
0.7044469189035514,0.8426279602750191,0.7533919090937315,0.7955152687396528,0.4532,0.2466080909062684,MLP,FGSM,0.5,PGD_eps0.15_it25,77.46838808059692,PGD,0.15,25,,,99
0.7112464166410007,0.8583240863371157,0.7444813561426931,0.7973597579223889,0.3958,0.2555186438573069,MLP,FGSM,0.5,PGD_eps0.3_it10,77.46838808059692,PGD,0.3,10,,,99
0.6369968490132436,0.841165299608065,0.6463410847899655,0.7309947680747217,0.3931,0.3536589152100344,MLP,FGSM,0.5,PGD_eps0.3_it25,77.46838808059692,PGD,0.3,25,,,99
0.7605250065151982,0.8095638288931843,0.8972336924462107,0.851147174034695,0.6798,0.1027663075537893,MLP,FGSM,0.5,PGD_eps0.5_it10,77.46838808059692,PGD,0.5,10,,,99
0.7624440285247223,0.808993146486878,0.9015492564190132,0.852767132138085,0.6856,0.0984507435809866,MLP,FGSM,0.5,PGD_eps0.5_it25,77.46838808059692,PGD,0.5,25,,,99
0.7420455353123742,0.7834108733218131,0.914899562234158,0.8440650779101742,0.8147,0.0851004377658418,MLP,FGSM,0.5,PGD_eps0.75_it10,77.46838808059692,PGD,0.75,10,,,99
0.7587481342841574,0.7756695869837297,0.9620913409295538,0.8588810820549065,0.8962,0.0379086590704461,MLP,FGSM,0.5,PGD_eps0.75_it25,77.46838808059692,PGD,0.75,25,,,99
0.8959226705205051,0.9391260419297802,0.9234685957341116,0.9312315085862776,0.1928,0.0765314042658884,MLP,FGSM,0.5,CW_c0.0_it10,77.46838808059692,CW,,10,0.0,,99
0.8881281243336729,0.9382633374788736,0.913502437206992,0.9257173420588976,0.1936,0.0864975627930081,MLP,FGSM,0.5,CW_c0.5_it10,77.46838808059692,CW,,10,0.5,,99
0.9635622734487904,0.9925802203449716,0.9594212797665248,0.9757191121214992,0.0231,0.0405787202334751,MLP,FGSM,0.5,Clean,77.46838808059692,Clean,0.0,0,,,99
0.9095690492548982,0.969351319182702,0.9102735260330964,0.9388839964774638,0.0927,0.0897264739669036,LR,FGSM,0.5,Clean,,Clean,0.0,0,,0.4127378463745117,99
0.9110616219289724,0.9553528564570332,0.9267596013536588,0.9408390330002836,0.1395,0.073240398646341,LR,FGSM,0.5,FGSM_eps0.15,,FGSM,0.15,1,,0.4127378463745117,99
0.7174299320050226,0.9126047684921474,0.6963892079853458,0.7899695352809621,0.2148,0.3036107920146543,LR,FGSM,0.5,FGSM_eps0.3,,FGSM,0.3,1,,0.4127378463745117,99
0.5017650264161672,0.8529393193155269,0.4193858859325033,0.56229446780169,0.2329,0.5806141140674966,LR,FGSM,0.5,FGSM_eps0.5,,FGSM,0.5,1,,0.4127378463745117,99
0.2366083062853893,0.4992812119871724,0.1401782110590207,0.2188984776495685,0.4528,0.8598217889409793,LR,FGSM,0.5,FGSM_eps0.75,,FGSM,0.75,1,,0.4127378463745117,99
0.9098296571821176,0.9654245731327632,0.9145890900058988,0.9393195370045598,0.1055,0.085410909994101,LR,FGSM,0.5,PGD_eps0.15_it10,,PGD,0.15,10,,0.4127378463745117,99
0.9092610580681844,0.9653973564236282,0.9138439566580768,0.9389135219624232,0.1055,0.086156043341923,LR,FGSM,0.5,PGD_eps0.15_it25,,PGD,0.15,25,,0.4127378463745117,99
0.7869648653130848,0.9343035654158404,0.7753422956316558,0.8474328955851912,0.1756,0.2246577043683442,LR,FGSM,0.5,PGD_eps0.3_it10,,PGD,0.3,10,,0.4127378463745117,99
0.801393067829136,0.9357351865398684,0.7942811015554658,0.8592251759055568,0.1757,0.2057188984445341,LR,FGSM,0.5,PGD_eps0.3_it25,,PGD,0.3,25,,0.4127378463745117,99
0.7124073064986141,0.920754716981132,0.6817970132571641,0.7834602829162133,0.189,0.3182029867428358,LR,FGSM,0.5,PGD_eps0.5_it10,,PGD,0.5,10,,0.4127378463745117,99
0.7080006633656329,0.9130452845866224,0.6823248160452048,0.7810017946303239,0.2093,0.3176751839547952,LR,FGSM,0.5,PGD_eps0.5_it25,,PGD,0.5,25,,0.4127378463745117,99
0.5981188845980715,0.882296890672016,0.5462137911763792,0.6747205123779938,0.2347,0.4537862088236207,LR,FGSM,0.5,PGD_eps0.75_it10,,PGD,0.75,10,,0.4127378463745117,99
0.6789310336658059,0.9027675834376754,0.6491663820671241,0.7552465233881163,0.2252,0.3508336179328759,LR,FGSM,0.5,PGD_eps0.75_it25,,PGD,0.75,25,,0.4127378463745117,99
0.9085740008055154,0.968595041322314,0.909683628799404,0.9382154693478922,0.095,0.0903163712005961,LR,FGSM,0.5,CW_c0.0_it10,,CW,,10,0.0,0.4127378463745117,99
0.908858300362482,0.968762395874653,0.9099009593591854,0.9384095675701638,0.0945,0.0900990406408146,LR,FGSM,0.5,CW_c0.5_it10,,CW,,10,0.5,0.4127378463745117,99
0.90964012414414,0.969261279127417,0.910459809370052,0.9389408299180328,0.093,0.0895401906299481,SVM,FGSM,0.5,Clean,,Clean,0.0,0,,1.3125629425048828,99
0.9089056836219764,0.9658083163633976,0.9129435871961252,0.9386321921634346,0.1041,0.0870564128038746,SVM,FGSM,0.5,FGSM_eps0.15,,FGSM,0.15,1,,1.3125629425048828,99
0.8157265038261982,0.933804467488192,0.8163867242075197,0.8711569043201697,0.1864,0.1836132757924803,SVM,FGSM,0.5,FGSM_eps0.3,,FGSM,0.3,1,,1.3125629425048828,99
0.7304840199957355,0.9178466845842193,0.7103915054798349,0.8009030767615247,0.2048,0.2896084945201652,SVM,FGSM,0.5,FGSM_eps0.5,,FGSM,0.5,1,,1.3125629425048828,99
0.693027553365396,0.9089904826648538,0.6642242851376944,0.767566597901157,0.2142,0.3357757148623055,SVM,FGSM,0.5,FGSM_eps0.75,,FGSM,0.75,1,,1.3125629425048828,99
0.9113459214859392,0.9655883026397566,0.91648297059828,0.9403950302644154,0.1052,0.08351702940172,SVM,FGSM,0.5,PGD_eps0.15_it10,,PGD,0.15,10,,1.3125629425048828,99
0.9112037717074556,0.9656424855207616,0.9162345928156728,0.9402899474271148,0.105,0.0837654071843273,SVM,FGSM,0.5,PGD_eps0.15_it25,,PGD,0.15,25,,1.3125629425048828,99
0.9069392783529578,0.9682439815887944,0.9078207954298488,0.9370593513652096,0.0959,0.0921792045701512,SVM,FGSM,0.5,PGD_eps0.3_it10,,PGD,0.3,10,,1.3125629425048828,99
0.900187163875003,0.9687248861505492,0.8981961563538141,0.9321283005493533,0.0934,0.1018038436461858,SVM,FGSM,0.5,PGD_eps0.3_it25,,PGD,0.3,25,,1.3125629425048828,99
0.8913501859792935,0.9648614991080744,0.8900307367505976,0.92593669250646,0.1044,0.1099692632494023,SVM,FGSM,0.5,PGD_eps0.5_it10,,PGD,0.5,10,,1.3125629425048828,99
0.8796702125139189,0.94651086240948,0.8927628923592784,0.9188515553851316,0.1625,0.1072371076407215,SVM,FGSM,0.5,PGD_eps0.5_it25,,PGD,0.5,25,,1.3125629425048828,99
0.8622568646497193,0.9431814365828268,0.8720233475115651,0.9062076530941472,0.1692,0.1279766524884349,SVM,FGSM,0.5,PGD_eps0.75_it10,,PGD,0.75,10,,1.3125629425048828,99
0.8717808998080978,0.9459774323469692,0.8823620727125958,0.9130630341193856,0.1623,0.1176379272874041,SVM,FGSM,0.5,PGD_eps0.75_it25,,PGD,0.75,25,,1.3125629425048828,99
0.9091899831789428,0.9687458702259812,0.910366667701574,0.9386494229876594,0.0946,0.0896333322984259,SVM,FGSM,0.5,CW_c0.0_it10,,CW,,10,0.0,1.3125629425048828,99
0.9091899831789428,0.9689007865688412,0.9102114315874446,0.9386396017097028,0.0941,0.0897885684125555,SVM,FGSM,0.5,CW_c0.5_it10,,CW,,10,0.5,1.3125629425048828,99
0.9987443436233978,0.9992547509626132,0.9990996305380484,0.9991771847297906,0.0024,0.0009003694619516,RF,FGSM,0.5,Clean,,Clean,0.0,0,,10.384338140487673,99
0.8049231206614703,0.8862325611367078,0.8539849110497066,0.8698099484552383,0.3531,0.1460150889502934,RF,FGSM,0.5,FGSM_eps0.15,,FGSM,0.15,1,,10.384338140487673,99
0.9361984410907628,0.942147522320091,0.9763420162066504,0.9589400338481712,0.1931,0.0236579837933496,RF,FGSM,0.5,FGSM_eps0.3,,FGSM,0.3,1,,10.384338140487673,99
0.6459049017981947,0.9251760996995222,0.5831289391163961,0.7153685012378594,0.1519,0.416871060883604,RF,FGSM,0.5,FGSM_eps0.5,,FGSM,0.5,1,,10.384338140487673,99
0.6501930867824398,0.9046205232881795,0.6054208451054053,0.7253789640100438,0.2056,0.3945791548945946,RF,FGSM,0.5,FGSM_eps0.75,,FGSM,0.75,1,,10.384338140487673,99
0.6759932715771518,0.8811962647579086,0.6650625601539942,0.7580239923564174,0.2888,0.3349374398460057,RF,FGSM,0.5,PGD_eps0.15_it10,,PGD,0.15,10,,10.384338140487673,99
0.6977421876850909,0.9075214749633356,0.6724207519637369,0.7724792238827264,0.2207,0.3275792480362631,RF,FGSM,0.5,PGD_eps0.15_it25,,PGD,0.15,25,,10.384338140487673,99
0.9668554099836528,0.9922983510162342,0.9640473159675867,0.977968850884238,0.0241,0.0359526840324133,RF,FGSM,0.5,PGD_eps0.3_it10,,PGD,0.3,10,,10.384338140487673,99
0.9644388637494372,0.99493907549481,0.958272532521966,0.976261643813952,0.0157,0.041727467478034,RF,FGSM,0.5,PGD_eps0.3_it25,,PGD,0.3,25,,10.384338140487673,99
0.4312113530289748,0.7857690431388947,0.3500574373622279,0.4843421109154173,0.3074,0.6499425626377721,RF,FGSM,0.5,PGD_eps0.5_it10,,PGD,0.5,10,,10.384338140487673,99
0.5730057570660285,0.8597950694937608,0.5262504268993139,0.6528898561331202,0.2764,0.4737495731006861,RF,FGSM,0.5,PGD_eps0.5_it25,,PGD,0.5,25,,10.384338140487673,99
0.4107891681868795,0.8074570590699623,0.2992020863733739,0.4366165277274375,0.2298,0.7007979136266261,RF,FGSM,0.5,PGD_eps0.75_it10,,PGD,0.75,10,,10.384338140487673,99
0.5367101802933024,0.8772808586762075,0.4567667422149088,0.60074725902938,0.2058,0.5432332577850911,RF,FGSM,0.5,PGD_eps0.75_it25,,PGD,0.75,25,,10.384338140487673,99
0.2695633632637589,0.6254095376774663,0.106678257629855,0.1822666631302548,0.2058,0.8933217423701449,RF,FGSM,0.5,CW_c0.0_it10,,CW,,10,0.0,10.384338140487673,99
0.263261389751001,0.6151615575807788,0.0922102517929771,0.1603801603801603,0.1858,0.9077897482070229,RF,FGSM,0.5,CW_c0.5_it10,,CW,,10,0.5,10.384338140487673,99
0.7694330593001493,0.992419927266354,0.7032195970070477,0.8231574356737899,0.0173,0.2967804029929523,MLP,PGD,0.3,FGSM_eps0.15,428.9342963695526,FGSM,0.15,1,,,99
0.7623729536354806,0.9905773059057732,0.6952094135179608,0.8170175502608823,0.0213,0.3047905864820391,MLP,PGD,0.3,FGSM_eps0.3,428.9342963695526,FGSM,0.3,1,,,99
0.7539150418157265,0.9571009635525763,0.7093048526809277,0.8147791508407782,0.1024,0.2906951473190723,MLP,PGD,0.3,FGSM_eps0.5,428.9342963695526,FGSM,0.5,1,,,99
0.5167855196758985,0.8650720069225539,0.4345369306715514,0.5784905348433496,0.2183,0.5654630693284486,MLP,PGD,0.3,FGSM_eps0.75,428.9342963695526,FGSM,0.75,1,,,99
0.8963728114857021,0.9935108684089216,0.8698810891365767,0.9275947690779672,0.0183,0.1301189108634232,MLP,PGD,0.3,PGD_eps0.15_it10,428.9342963695526,PGD,0.15,10,,,99
0.819422398066763,0.9930614045642322,0.7687292371697352,0.8666129991949879,0.0173,0.2312707628302648,MLP,PGD,0.3,PGD_eps0.15_it25,428.9342963695526,PGD,0.15,25,,,99
0.7209126015778625,0.944553248901075,0.6738178769909031,0.7865400645091146,0.1274,0.3261821230090968,MLP,PGD,0.3,PGD_eps0.3_it10,428.9342963695526,PGD,0.3,10,,,99
0.7594114999170793,0.9786024305555556,0.7000217330559781,0.816195768249199,0.0493,0.2999782669440218,MLP,PGD,0.3,PGD_eps0.3_it25,428.9342963695526,PGD,0.3,25,,,99
0.5808476865123552,0.8637069699854688,0.5351609798503524,0.6608518958708738,0.272,0.4648390201496476,MLP,PGD,0.3,PGD_eps0.5_it10,428.9342963695526,PGD,0.5,10,,,99
0.6010329550569784,0.8959653733189056,0.5398491104970661,0.6737445753254805,0.2019,0.460150889502934,MLP,PGD,0.3,PGD_eps0.5_it25,428.9342963695526,PGD,0.5,25,,,99
0.6094197919874909,0.9275575134605972,0.5295103852960352,0.674163965530872,0.1332,0.4704896147039647,MLP,PGD,0.3,PGD_eps0.75_it10,428.9342963695526,PGD,0.75,10,,,99
0.5614679333791371,0.915751138088012,0.4684094507746282,0.619792950456002,0.1388,0.5315905492253717,MLP,PGD,0.3,PGD_eps0.75_it25,428.9342963695526,PGD,0.75,25,,,99
0.9297069345400272,0.9937525327569904,0.9136266260982956,0.9520065996991314,0.0185,0.0863733739017044,MLP,PGD,0.3,CW_c0.0_it10,428.9342963695526,CW,,10,0.0,,99
0.9298253926887632,0.9938202816330666,0.9137197677667732,0.9520882533725858,0.0183,0.0862802322332267,MLP,PGD,0.3,CW_c0.5_it10,428.9342963695526,CW,,10,0.5,,99
0.9298964675780048,0.993954336665766,0.9136887205439472,0.9521329084232492,0.0179,0.0863112794560526,MLP,PGD,0.3,Clean,428.9342963695526,Clean,0.0,0,,,99
0.9067971285744746,0.9698248645774484,0.9060511037287716,0.9368539325842696,0.0908,0.0939488962712285,LR,PGD,0.3,Clean,,Clean,0.0,0,,0.4896273612976074,99
0.8968466440806463,0.9532953620829944,0.9093731565711448,0.9308164108431056,0.1435,0.0906268434288552,LR,PGD,0.3,FGSM_eps0.15,,FGSM,0.15,1,,0.4896273612976074,99
0.7535596673695184,0.915260692386792,0.7461268589524667,0.8220846303834707,0.2225,0.2538731410475333,LR,PGD,0.3,FGSM_eps0.3,,FGSM,0.3,1,,0.4896273612976074,99
0.7190409628278329,0.910480877844118,0.7007047719581484,0.791936417706195,0.2219,0.2992952280418516,LR,PGD,0.3,FGSM_eps0.5,,FGSM,0.5,1,,0.4896273612976074,99
0.6909426899476415,0.8790348101265822,0.6899313856375547,0.7730870253439789,0.3058,0.3100686143624452,LR,PGD,0.3,FGSM_eps0.75,,FGSM,0.75,1,,0.4896273612976074,99
0.9087872254732404,0.9654051925033644,0.9131919649787328,0.9385729784925648,0.1054,0.0868080350212673,LR,PGD,0.3,PGD_eps0.15_it10,,PGD,0.15,10,,0.4896273612976074,99
0.9071288113909356,0.9653561441026484,0.9109876121580924,0.9373841927033416,0.1053,0.0890123878419075,LR,PGD,0.3,PGD_eps0.15_it25,,PGD,0.15,25,,0.4896273612976074,99
0.8921083181312043,0.9429477528269852,0.9139060511037288,0.9281997918834548,0.1781,0.0860939488962712,LR,PGD,0.3,PGD_eps0.3_it10,,PGD,0.3,10,,0.4896273612976074,99
0.8906868203463716,0.941026050823078,0.9140302399950324,0.9273317163826504,0.1845,0.0859697600049675,LR,PGD,0.3,PGD_eps0.3_it25,,PGD,0.3,25,,0.4896273612976074,99
0.8797649790329076,0.9345055085831412,0.9059269148374678,0.9199943247205712,0.2045,0.0940730851625322,LR,PGD,0.3,PGD_eps0.5_it10,,PGD,0.5,10,,0.4896273612976074,99
0.884195313795636,0.936591134264438,0.9098388649135336,0.923021197518032,0.1984,0.0901611350864665,LR,PGD,0.3,PGD_eps0.5_it25,,PGD,0.5,25,,0.4896273612976074,99
0.8804283446658295,0.9354001025904078,0.905864820391816,0.920395577356824,0.2015,0.094135179608184,LR,PGD,0.3,PGD_eps0.75_it10,,PGD,0.75,10,,0.4896273612976074,99
0.8108223364685256,0.9323243860651056,0.810953460212984,0.8674138646741386,0.1896,0.189046539787016,LR,PGD,0.3,PGD_eps0.75_it25,,PGD,0.75,25,,0.4896273612976074,99
0.9057546968655974,0.9686887804230168,0.9057716787233382,0.9361743092770272,0.0943,0.0942283212766618,LR,PGD,0.3,CW_c0.0_it10,,CW,,10,0.0,0.4896273612976074,99
0.9058968466440808,0.968819525153578,0.90583377316899,0.9362685321866376,0.0939,0.0941662268310099,LR,PGD,0.3,CW_c0.5_it10,,CW,,10,0.5,0.4896273612976074,99
0.9076500272453742,0.9714571190674438,0.9055853953863828,0.9373654272584118,0.0857,0.0944146046136173,SVM,PGD,0.3,Clean,,Clean,0.0,0,,1.4361107349395752,99
0.9054703973086308,0.9699876752939608,0.9040951286907386,0.935883014623172,0.0901,0.0959048713092613,SVM,PGD,0.3,FGSM_eps0.15,,FGSM,0.15,1,,1.4361107349395752,99
0.8139496315951574,0.9361123048273886,0.8115744046695023,0.869406149701495,0.1784,0.1884255953304976,SVM,PGD,0.3,FGSM_eps0.3,,FGSM,0.3,1,,1.4361107349395752,99
0.8127413584780497,0.923535357055728,0.822720357664007,0.8702177268398411,0.2194,0.177279642335993,SVM,PGD,0.3,FGSM_eps0.5,,FGSM,0.5,1,,1.4361107349395752,99
0.7172640905967922,0.9001065635237006,0.7080629637678909,0.7926180794494839,0.2531,0.291937036232109,SVM,PGD,0.3,FGSM_eps0.75,,FGSM,0.75,1,,1.4361107349395752,99
0.90717619465043,0.9655115674466056,0.9108944704896148,0.9374081410952776,0.1048,0.0891055295103852,SVM,PGD,0.3,PGD_eps0.15_it10,,PGD,0.15,10,,1.4361107349395752,99
0.9065839039067496,0.9655138339920948,0.9100872426961408,0.936981572344132,0.1047,0.0899127573038591,SVM,PGD,0.3,PGD_eps0.15_it25,,PGD,0.15,25,,1.4361107349395752,99
0.9084792342865264,0.9692424844391472,0.908907448228756,0.9381058433339208,0.0929,0.091092551771244,SVM,PGD,0.3,PGD_eps0.3_it10,,PGD,0.3,10,,1.4361107349395752,99
0.907839560283352,0.9692460646230324,0.9080381259896302,0.9376442677609644,0.0928,0.0919618740103697,SVM,PGD,0.3,PGD_eps0.3_it25,,PGD,0.3,25,,1.4361107349395752,99
0.8910421947925797,0.9437479909996784,0.911546462168959,0.9273677727064548,0.175,0.088453537831041,SVM,PGD,0.3,PGD_eps0.5_it10,,PGD,0.5,10,,1.4361107349395752,99
0.8877964415172119,0.9469334634781194,0.903598373125524,0.9247585155058464,0.1631,0.096401626874476,SVM,PGD,0.3,PGD_eps0.5_it25,,PGD,0.5,25,,1.4361107349395752,99
0.8890757895235614,0.9445431349116632,0.9079449843211524,0.9258825391799904,0.1717,0.0920550156788475,SVM,PGD,0.3,PGD_eps0.75_it10,,PGD,0.75,10,,1.4361107349395752,99
0.8766613755360231,0.9326710463066816,0.903598373125524,0.9179045636610212,0.2101,0.096401626874476,SVM,PGD,0.3,PGD_eps0.75_it25,,PGD,0.75,25,,1.4361107349395752,99
0.9071288113909356,0.9708712007723294,0.905461206495079,0.9370260891916206,0.0875,0.0945387935049209,SVM,PGD,0.3,CW_c0.0_it10,,CW,,10,0.0,1.4361107349395752,99
0.9072235779099244,0.9710318649485564,0.9054301592722532,0.9370842839240384,0.087,0.0945698407277469,SVM,PGD,0.3,CW_c0.5_it10,,CW,,10,0.5,1.4361107349395752,99
0.998649577104409,0.9992856699173862,0.9989443944239188,0.9991150030276212,0.0023,0.0010556055760812,RF,PGD,0.3,Clean,,Clean,0.0,0,,8.648565530776978,99
0.8122675258831055,0.8863961813842482,0.864820391815952,0.8754753747996354,0.357,0.1351796081840479,RF,PGD,0.3,FGSM_eps0.15,,FGSM,0.15,1,,8.648565530776978,99
0.8073870501551802,0.8929725495316121,0.8493899220714707,0.8706361582280495,0.3279,0.1506100779285293,RF,PGD,0.3,FGSM_eps0.3,,FGSM,0.3,1,,8.648565530776978,99
0.8108697197280201,0.908174956193557,0.836753702381322,0.8710026662357598,0.2725,0.163246297618678,RF,PGD,0.3,FGSM_eps0.5,,FGSM,0.5,1,,8.648565530776978,99
0.6507143026368784,0.8649699097291875,0.6425843708280294,0.7373746370486488,0.3231,0.3574156291719705,RF,PGD,0.3,FGSM_eps0.75,,FGSM,0.75,1,,8.648565530776978,99
0.7675614205501197,0.8924241362394001,0.7907106709304853,0.8384940820122805,0.307,0.2092893290695147,RF,PGD,0.3,PGD_eps0.15_it10,,PGD,0.15,10,,8.648565530776978,99
0.7979814731455377,0.8791789419751505,0.8524015026855848,0.8655831770102621,0.3773,0.1475984973144152,RF,PGD,0.3,PGD_eps0.15_it25,,PGD,0.15,25,,8.648565530776978,99
0.8687957544599493,0.9076015527096004,0.9219162345928156,0.9147028925237964,0.3023,0.0780837654071843,RF,PGD,0.3,PGD_eps0.3_it10,,PGD,0.3,10,,8.648565530776978,99
0.8591058778933403,0.9071122961493148,0.9083796454407154,0.9077455284426724,0.2996,0.0916203545592846,RF,PGD,0.3,PGD_eps0.3_it25,,PGD,0.3,25,,8.648565530776978,99
0.6739794830486389,0.9559565002471576,0.6004222422304325,0.7375808081771201,0.0891,0.3995777577695675,RF,PGD,0.3,PGD_eps0.5_it10,,PGD,0.5,10,,8.648565530776978,99
0.6625601175104835,0.952544080604534,0.5870408891924618,0.7264065771528458,0.0942,0.4129591108075383,RF,PGD,0.3,PGD_eps0.5_it25,,PGD,0.5,25,,8.648565530776978,99
0.5113364448340402,0.9313323899605273,0.3882455214381073,0.5480322552370935,0.0922,0.6117544785618927,RF,PGD,0.3,PGD_eps0.75_it10,,PGD,0.75,10,,8.648565530776978,99
0.5128527091378616,0.905451507345262,0.4037691328510664,0.5584900798763205,0.1358,0.5962308671489335,RF,PGD,0.3,PGD_eps0.75_it25,,PGD,0.75,25,,8.648565530776978,99
0.3679310099741761,0.7401424352961612,0.2645844329224751,0.389817716076207,0.2992,0.7354155670775249,RF,PGD,0.3,CW_c0.0_it10,,CW,,10,0.0,8.648565530776978,99
0.3862920230282641,0.7488357407845924,0.2945450029494861,0.422790676946388,0.3182,0.7054549970505138,RF,PGD,0.3,CW_c0.5_it10,,CW,,10,0.5,8.648565530776978,99
0.911132696818214,0.970131500693848,0.9116085566146108,0.9399599839935976,0.0904,0.0883914433853891,MLP,PGD,0.5,FGSM_eps0.15,435.04531240463257,FGSM,0.15,1,,,99
0.9089293752517236,0.9699148470892284,0.908845353783104,0.9383875621093124,0.0908,0.0911546462168959,MLP,PGD,0.5,FGSM_eps0.3,435.04531240463257,FGSM,0.3,1,,,99
0.747210310597266,0.9623095084782142,0.6959855940886088,0.8077616027673681,0.0878,0.3040144059113912,MLP,PGD,0.5,FGSM_eps0.5,435.04531240463257,FGSM,0.5,1,,,99
0.4794948944537894,0.9130961026385864,0.3513303734980906,0.5074211918748038,0.1077,0.6486696265019094,MLP,PGD,0.5,FGSM_eps0.75,435.04531240463257,FGSM,0.75,1,,,99
0.9113696131156862,0.97014136609856,0.91191902884287,0.9401296311114667,0.0904,0.08808097115713,MLP,PGD,0.5,PGD_eps0.15_it10,435.04531240463257,PGD,0.15,10,,,99
0.9113933047454336,0.9700802483405436,0.9120121705113478,0.9401504240678508,0.0906,0.0879878294886522,MLP,PGD,0.5,PGD_eps0.15_it25,435.04531240463257,PGD,0.15,25,,,99
0.926555947783648,0.992421423013161,0.9107081871526592,0.9498105753974678,0.0224,0.0892918128473408,MLP,PGD,0.5,PGD_eps0.3_it10,435.04531240463257,PGD,0.3,10,,,99
0.9267928640811202,0.9931244707874682,0.910366667701574,0.9499465448537272,0.0203,0.0896333322984259,MLP,PGD,0.5,PGD_eps0.3_it25,435.04531240463257,PGD,0.3,25,,,99
0.8537515695704707,0.9667288111286392,0.8371573162780589,0.8972895625696744,0.0928,0.162842683721941,MLP,PGD,0.5,PGD_eps0.5_it10,435.04531240463257,PGD,0.5,10,,,99
0.866853040820678,0.9675728906552246,0.8541401471638362,0.9073249563009136,0.0922,0.1458598528361638,MLP,PGD,0.5,PGD_eps0.5_it25,435.04531240463257,PGD,0.5,25,,,99
0.8401288824658248,0.9650071227672864,0.8202365798379335,0.8867519215923203,0.0958,0.1797634201620665,MLP,PGD,0.5,PGD_eps0.75_it10,435.04531240463257,PGD,0.75,10,,,99
0.7471866189675188,0.9555799983078096,0.7012946691918408,0.8089243826884166,0.105,0.2987053308081592,MLP,PGD,0.5,PGD_eps0.75_it25,435.04531240463257,PGD,0.75,25,,,99
0.932289322182473,0.9922847271141524,0.9184078984134868,0.953918090938407,0.023,0.081592101586513,MLP,PGD,0.5,CW_c0.0_it10,435.04531240463257,CW,,10,0.0,,99
0.9322656305527256,0.9922184208760984,0.9184389456363128,0.953904196830208,0.0232,0.0815610543636871,MLP,PGD,0.5,CW_c0.5_it10,435.04531240463257,CW,,10,0.5,,99
0.9433296216446728,0.9934138672844612,0.9319134403427614,0.961681404587979,0.0199,0.0680865596572386,MLP,PGD,0.5,Clean,435.04531240463257,Clean,0.0,0,,,99
0.9091662915491956,0.9693030333101784,0.9097767704678816,0.9385970531710442,0.0928,0.0902232295321183,LR,PGD,0.5,Clean,,Clean,0.0,0,,0.4749336242675781,99
0.9052808642706532,0.9689484357857642,0.9048713092613866,0.9358142820446956,0.0934,0.0951286907386134,LR,PGD,0.5,FGSM_eps0.15,,FGSM,0.15,1,,0.4749336242675781,99
0.8202042218484209,0.9581999553338792,0.7992486572076127,0.8715361828184511,0.1123,0.2007513427923872,LR,PGD,0.5,FGSM_eps0.3,,FGSM,0.3,1,,0.4749336242675781,99
0.5656613518443934,0.8880313199105145,0.4929678040299295,0.6339914951386532,0.2002,0.5070321959700704,LR,PGD,0.5,FGSM_eps0.5,,FGSM,0.5,1,,0.4749336242675781,99
0.3405908692458954,0.7614097968936678,0.1978639510695768,0.3141033539515513,0.1997,0.8021360489304232,LR,PGD,0.5,FGSM_eps0.75,,FGSM,0.75,1,,0.4749336242675781,99
0.9078158686536046,0.9653585749030434,0.91191902884287,0.9378781831244511,0.1054,0.08808097115713,LR,PGD,0.5,PGD_eps0.15_it10,,PGD,0.15,10,,0.4749336242675781,99
0.9072235779099244,0.9654219443987498,0.9110497066037444,0.9374480863842566,0.1051,0.0889502933962557,LR,PGD,0.5,PGD_eps0.15_it25,,PGD,0.15,25,,0.4749336242675781,99
0.8278803098865171,0.9379828627616238,0.8292713216802757,0.8802834308313422,0.1766,0.1707286783197243,LR,PGD,0.5,PGD_eps0.3_it10,,PGD,0.3,10,,0.4749336242675781,99
0.8262218958042123,0.9371221706734147,0.8278121022074575,0.8790821120654128,0.1789,0.1721878977925424,LR,PGD,0.5,PGD_eps0.3_it25,,PGD,0.3,25,,0.4749336242675781,99
0.6809448221943187,0.9027765838562708,0.6521158682355863,0.7572420009013069,0.2262,0.3478841317644137,LR,PGD,0.5,PGD_eps0.5_it10,,PGD,0.5,10,,0.4749336242675781,99
0.684474875026653,0.9007934824118472,0.6591014933714179,0.7612234652897304,0.2338,0.340898506628582,LR,PGD,0.5,PGD_eps0.5_it25,,PGD,0.5,25,,0.4749336242675781,99
0.5752090786325191,0.8676932584848329,0.5230836101710702,0.6526943788013791,0.2569,0.4769163898289298,LR,PGD,0.5,PGD_eps0.75_it10,,PGD,0.75,10,,0.4749336242675781,99
0.6213366817503376,0.89410278830273,0.5714551833338508,0.6972629983899991,0.218,0.4285448166661492,LR,PGD,0.5,PGD_eps0.75_it25,,PGD,0.75,25,,0.4749336242675781,99
0.908645075694757,0.9683195137260084,0.910056195473315,0.9382842509603072,0.0959,0.089943804526685,LR,PGD,0.5,CW_c0.0_it10,,CW,,10,0.0,0.4749336242675781,99
0.9086213840650098,0.968473231989425,0.9098699121363594,0.9382573756583266,0.0954,0.0901300878636406,LR,PGD,0.5,CW_c0.5_it10,,CW,,10,0.5,0.4749336242675781,99
0.9093795162169206,0.9692500991932284,0.9101182899189668,0.9387539429651096,0.093,0.0898817100810332,SVM,PGD,0.5,Clean,,Clean,0.0,0,,1.1055848598480225,99
0.9070340448719468,0.969024640997579,0.9071688037505046,0.937077066162086,0.0934,0.0928311962494954,SVM,PGD,0.5,FGSM_eps0.15,,FGSM,0.15,1,,1.1055848598480225,99
0.8281409178137364,0.9623179813998296,0.806358471234748,0.8774620764215008,0.1017,0.1936415287652519,SVM,PGD,0.5,FGSM_eps0.3,,FGSM,0.3,1,,1.1055848598480225,99
0.7215996588405317,0.9252161622879946,0.6910180384364618,0.7911490269261531,0.1799,0.3089819615635381,SVM,PGD,0.5,FGSM_eps0.5,,FGSM,0.5,1,,1.1055848598480225,99
0.6426354568930797,0.9016370373844927,0.5967897171598,0.7182035570168883,0.2097,0.4032102828401999,SVM,PGD,0.5,FGSM_eps0.75,,FGSM,0.75,1,,1.1055848598480225,99
0.9101376483688312,0.9655918206842312,0.9148374677885064,0.9395296931048226,0.105,0.0851625322114936,SVM,PGD,0.5,PGD_eps0.15_it10,,PGD,0.15,10,,1.1055848598480225,99
0.9092847496979316,0.9655511811023622,0.9137197677667732,0.9389207037917338,0.105,0.0862802322332267,SVM,PGD,0.5,PGD_eps0.15_it25,,PGD,0.15,25,,1.1055848598480225,99
0.9000923973560141,0.968689304132342,0.8981030146853364,0.9320616713118848,0.0935,0.1018969853146636,SVM,PGD,0.5,PGD_eps0.3_it10,,PGD,0.3,10,,1.1055848598480225,99
0.8979127674192707,0.9685925428283508,0.8952466701853519,0.9304764517013828,0.0935,0.104753329814648,SVM,PGD,0.5,PGD_eps0.3_it25,,PGD,0.3,25,,1.1055848598480225,99
0.881707692672179,0.9658678534748374,0.8759352975876308,0.9187059379019522,0.0997,0.1240647024123692,SVM,PGD,0.5,PGD_eps0.5_it10,,PGD,0.5,10,,1.1055848598480225,99
0.8712359923239119,0.9454612005856516,0.8821447421528145,0.912706188464689,0.1639,0.1178552578471855,SVM,PGD,0.5,PGD_eps0.5_it25,,PGD,0.5,25,,1.1055848598480225,99
0.7909687507403634,0.937284966342558,0.7781365456859883,0.8503282498430847,0.1677,0.2218634543140116,SVM,PGD,0.5,PGD_eps0.75_it10,,PGD,0.75,10,,1.1055848598480225,99
0.8471652965007462,0.9337824183226676,0.8607532056257567,0.8957818381557052,0.1966,0.1392467943742432,SVM,PGD,0.5,PGD_eps0.75_it25,,PGD,0.75,25,,1.1055848598480225,99
0.908526617546021,0.9680050188205772,0.9102114315874446,0.938219057524602,0.0969,0.0897885684125555,SVM,PGD,0.5,CW_c0.0_it10,,CW,,10,0.0,1.1055848598480225,99
0.9085976924352628,0.9681936783697196,0.9101182899189668,0.938258169830042,0.0963,0.0898817100810332,SVM,PGD,0.5,CW_c0.5_it10,,CW,,10,0.5,1.1055848598480225,99
0.998862801772134,0.9994099195627192,0.9990996305380484,0.9992547509626132,0.0019,0.0009003694619516,RF,PGD,0.5,Clean,,Clean,0.0,0,,11.089284896850586,99
0.7233528394418252,0.8973217741311247,0.719829861218914,0.7988354264647614,0.2653,0.280170138781086,RF,PGD,0.5,FGSM_eps0.15,,FGSM,0.15,1,,11.089284896850586,99
0.7453623634769836,0.9003171050177206,0.7492626284578845,0.8178737248788424,0.2672,0.2507373715421155,RF,PGD,0.5,FGSM_eps0.3,,FGSM,0.3,1,,11.089284896850586,99
0.431116586509986,0.8276964899656193,0.3214008506939054,0.4630110027730566,0.2155,0.6785991493060946,RF,PGD,0.5,FGSM_eps0.5,,FGSM,0.5,1,,11.089284896850586,99
0.4310928948802388,0.731420826744974,0.4021236300412928,0.5189414427950397,0.4756,0.5978763699587072,RF,PGD,0.5,FGSM_eps0.75,,FGSM,0.75,1,,11.089284896850586,99
0.7718496055343647,0.8953598319033444,0.7937843459902512,0.841518004081364,0.2988,0.2062156540097488,RF,PGD,0.5,PGD_eps0.15_it10,,PGD,0.15,10,,11.089284896850586,99
0.7292046719893861,0.8886104357583692,0.7375888726753392,0.8060871335504886,0.2978,0.2624111273246608,RF,PGD,0.5,PGD_eps0.15_it25,,PGD,0.15,25,,11.089284896850586,99
0.7575398611670496,0.8944534194938072,0.7735415567077525,0.8296150772509323,0.294,0.2264584432922475,RF,PGD,0.5,PGD_eps0.3_it10,,PGD,0.3,10,,11.089284896850586,99
0.833495226136606,0.9118715038110504,0.8654413362724704,0.8880499538054732,0.2694,0.1345586637275295,RF,PGD,0.5,PGD_eps0.3_it25,,PGD,0.3,25,,11.089284896850586,99
0.6094671752469852,0.8622771045477584,0.5810177279642336,0.6942424692090815,0.2989,0.4189822720357664,RF,PGD,0.5,PGD_eps0.5_it10,,PGD,0.5,10,,11.089284896850586,99
0.718377597194911,0.8843913142165393,0.7258219752243162,0.7972989103558822,0.3056,0.2741780247756838,RF,PGD,0.5,PGD_eps0.5_it25,,PGD,0.5,25,,11.089284896850586,99
0.4809637754981165,0.7904799503694095,0.4351578751280698,0.5613135762915499,0.3715,0.5648421248719302,RF,PGD,0.5,PGD_eps0.75_it10,,PGD,0.75,10,,11.089284896850586,99
0.5985690255632685,0.8800478016232635,0.5487286162252787,0.6759733802493689,0.2409,0.4512713837747213,RF,PGD,0.5,PGD_eps0.75_it25,,PGD,0.75,25,,11.089284896850586,99
0.3521286929327868,0.6930527987296546,0.2710112080474401,0.3896527095795018,0.3866,0.7289887919525598,RF,PGD,0.5,CW_c0.0_it10,,CW,,10,0.0,11.089284896850586,99
0.3452581203060959,0.6956447334645333,0.2524139215747151,0.3704209950792783,0.3557,0.7475860784252849,RF,PGD,0.5,CW_c0.5_it10,,CW,,10,0.5,11.089284896850586,99
