accuracy,precision,recall,f1,fpr,fnr,model,sigma,eval_attack,smooth_s_per_sample,n0,n,family,epsilon,iters,confidence,seed
0.915,0.9708029197080292,0.910958904109589,0.939929328621908,0.074074074074074,0.0890410958904109,LR,0.1,Clean,0.000155564546585,50,200,,,,,42
0.77,0.9545454545454546,0.7191780821917808,0.8203125,0.0925925925925925,0.2808219178082192,LR,0.1,FGSM_eps0.15,,50,200,FGSM,0.15,1.0,,42
0.595,0.8571428571428571,0.5342465753424658,0.6582278481012658,0.2407407407407407,0.4657534246575342,LR,0.1,FGSM_eps0.3,,50,200,FGSM,0.3,1.0,,42
0.505,0.7764705882352941,0.4520547945205479,0.5714285714285714,0.3518518518518518,0.547945205479452,LR,0.1,FGSM_eps0.5,,50,200,FGSM,0.5,1.0,,42
0.39,0.6224489795918368,0.4178082191780822,0.5,0.6851851851851852,0.5821917808219178,LR,0.1,FGSM_eps0.75,,50,200,FGSM,0.75,1.0,,42
0.82,0.9508196721311476,0.7945205479452054,0.8656716417910447,0.1111111111111111,0.2054794520547945,LR,0.1,PGD_eps0.15_it10,,50,200,PGD,0.15,10.0,,42
0.82,0.9508196721311476,0.7945205479452054,0.8656716417910447,0.1111111111111111,0.2054794520547945,LR,0.1,PGD_eps0.15_it25,,50,200,PGD,0.15,25.0,,42
0.705,0.8717948717948718,0.6986301369863014,0.7756653992395437,0.2777777777777778,0.3013698630136986,LR,0.1,PGD_eps0.3_it10,,50,200,PGD,0.3,10.0,,42
0.735,0.8780487804878049,0.7397260273972602,0.8029739776951673,0.2777777777777778,0.2602739726027397,LR,0.1,PGD_eps0.3_it25,,50,200,PGD,0.3,25.0,,42
0.53,0.7241379310344828,0.5753424657534246,0.6412213740458015,0.5925925925925926,0.4246575342465753,LR,0.1,PGD_eps0.5_it10,,50,200,PGD,0.5,10.0,,42
0.515,0.7094017094017094,0.5684931506849316,0.6311787072243346,0.6296296296296297,0.4315068493150685,LR,0.1,PGD_eps0.5_it25,,50,200,PGD,0.5,25.0,,42
0.46,0.6637931034482759,0.5273972602739726,0.5877862595419847,0.7222222222222222,0.4726027397260274,LR,0.1,PGD_eps0.75_it10,,50,200,PGD,0.75,10.0,,42
0.385,0.5966386554621849,0.4863013698630137,0.5358490566037736,0.8888888888888888,0.5136986301369864,LR,0.1,PGD_eps0.75_it25,,50,200,PGD,0.75,25.0,,42
0.915,0.9708029197080292,0.910958904109589,0.939929328621908,0.074074074074074,0.0890410958904109,LR,0.1,CW_c0.0_it10,,50,200,CW,,10.0,0.0,42
0.915,0.9708029197080292,0.910958904109589,0.939929328621908,0.074074074074074,0.0890410958904109,LR,0.1,CW_c0.5_it10,,50,200,CW,,10.0,0.5,42
0.92,0.9710144927536232,0.9178082191780822,0.943661971830986,0.074074074074074,0.0821917808219178,SVM,0.1,Clean,0.0001516449451446,50,200,,,,,42
0.61,0.8695652173913043,0.547945205479452,0.6722689075630253,0.2222222222222222,0.4520547945205479,SVM,0.1,FGSM_eps0.15,,50,200,FGSM,0.15,1.0,,42
0.41,0.6590909090909091,0.3972602739726027,0.4957264957264957,0.5555555555555556,0.6027397260273972,SVM,0.1,FGSM_eps0.3,,50,200,FGSM,0.3,1.0,,42
0.27,0.5,0.3219178082191781,0.3916666666666666,0.8703703703703703,0.678082191780822,SVM,0.1,FGSM_eps0.5,,50,200,FGSM,0.5,1.0,,42
0.245,0.4747474747474747,0.3219178082191781,0.3836734693877551,0.9629629629629628,0.678082191780822,SVM,0.1,FGSM_eps0.75,,50,200,FGSM,0.75,1.0,,42
0.79,0.9262295081967212,0.773972602739726,0.8432835820895522,0.1666666666666666,0.2260273972602739,SVM,0.1,PGD_eps0.15_it10,,50,200,PGD,0.15,10.0,,42
0.785,0.9401709401709402,0.7534246575342466,0.8365019011406845,0.1296296296296296,0.2465753424657534,SVM,0.1,PGD_eps0.15_it25,,50,200,PGD,0.15,25.0,,42
0.495,0.6923076923076923,0.5547945205479452,0.6159695817490495,0.6666666666666666,0.4452054794520548,SVM,0.1,PGD_eps0.3_it10,,50,200,PGD,0.3,10.0,,42
0.48,0.6842105263157895,0.5342465753424658,0.6,0.6666666666666666,0.4657534246575342,SVM,0.1,PGD_eps0.3_it25,,50,200,PGD,0.3,25.0,,42
0.39,0.603448275862069,0.4794520547945205,0.5343511450381679,0.8518518518518519,0.5205479452054794,SVM,0.1,PGD_eps0.5_it10,,50,200,PGD,0.5,10.0,,42
0.37,0.5877192982456141,0.4589041095890411,0.5153846153846153,0.8703703703703703,0.541095890410959,SVM,0.1,PGD_eps0.5_it25,,50,200,PGD,0.5,25.0,,42
0.365,0.5811965811965812,0.4657534246575342,0.5171102661596958,0.9074074074074074,0.5342465753424658,SVM,0.1,PGD_eps0.75_it10,,50,200,PGD,0.75,10.0,,42
0.36,0.576271186440678,0.4657534246575342,0.5151515151515151,0.925925925925926,0.5342465753424658,SVM,0.1,PGD_eps0.75_it25,,50,200,PGD,0.75,25.0,,42
0.915,0.9708029197080292,0.910958904109589,0.939929328621908,0.074074074074074,0.0890410958904109,SVM,0.1,CW_c0.0_it10,,50,200,CW,,10.0,0.0,42
0.915,0.9708029197080292,0.910958904109589,0.939929328621908,0.074074074074074,0.0890410958904109,SVM,0.1,CW_c0.5_it10,,50,200,CW,,10.0,0.5,42
0.31,1.0,0.0547945205479452,0.1038961038961039,0.0,0.9452054794520548,RF,0.1,Clean,0.0053225648403167,50,200,,,,,42
0.17,0.1875,0.0410958904109589,0.0674157303370786,0.4814814814814814,0.958904109589041,RF,0.1,FGSM_eps0.15,,50,200,FGSM,0.15,1.0,,42
0.185,0.282051282051282,0.0753424657534246,0.1189189189189189,0.5185185185185185,0.9246575342465754,RF,0.1,FGSM_eps0.3,,50,200,FGSM,0.3,1.0,,42
0.2,0.3409090909090909,0.1027397260273972,0.1578947368421052,0.5370370370370371,0.8972602739726028,RF,0.1,FGSM_eps0.5,,50,200,FGSM,0.5,1.0,,42
0.205,0.3617021276595745,0.1164383561643835,0.1761658031088082,0.5555555555555556,0.8835616438356164,RF,0.1,FGSM_eps0.75,,50,200,FGSM,0.75,1.0,,42
0.21,0.1666666666666666,0.0205479452054794,0.0365853658536585,0.2777777777777778,0.9794520547945206,RF,0.1,PGD_eps0.15_it10,,50,200,PGD,0.15,10.0,,42
0.205,0.1176470588235294,0.0136986301369863,0.0245398773006134,0.2777777777777778,0.9863013698630136,RF,0.1,PGD_eps0.15_it25,,50,200,PGD,0.15,25.0,,42
0.215,0.1333333333333333,0.0136986301369863,0.0248447204968944,0.2407407407407407,0.9863013698630136,RF,0.1,PGD_eps0.3_it10,,50,200,PGD,0.3,10.0,,42
0.215,0.1333333333333333,0.0136986301369863,0.0248447204968944,0.2407407407407407,0.9863013698630136,RF,0.1,PGD_eps0.3_it25,,50,200,PGD,0.3,25.0,,42
0.255,0.2,0.0068493150684931,0.0132450331125827,0.074074074074074,0.9931506849315068,RF,0.1,PGD_eps0.5_it10,,50,200,PGD,0.5,10.0,,42
0.26,0.3333333333333333,0.0136986301369863,0.0263157894736842,0.074074074074074,0.9863013698630136,RF,0.1,PGD_eps0.5_it25,,50,200,PGD,0.5,25.0,,42
0.265,0.4,0.0136986301369863,0.0264900662251655,0.0555555555555555,0.9863013698630136,RF,0.1,PGD_eps0.75_it10,,50,200,PGD,0.75,10.0,,42
0.25,0.25,0.0136986301369863,0.0259740259740259,0.1111111111111111,0.9863013698630136,RF,0.1,PGD_eps0.75_it25,,50,200,PGD,0.75,25.0,,42
0.265,0.0,0.0,0.0,0.0185185185185185,1.0,RF,0.1,CW_c0.0_it10,,50,200,CW,,10.0,0.0,42
0.265,0.3333333333333333,0.0068493150684931,0.0134228187919463,0.037037037037037,0.9931506849315068,RF,0.1,CW_c0.5_it10,,50,200,CW,,10.0,0.5,42
0.96,0.9662162162162162,0.9794520547945206,0.9727891156462584,0.0925925925925925,0.0205479452054794,MLP,0.1,Clean,0.0024353432655334,50,200,,,,,42
0.045,0.1052631578947368,0.0410958904109589,0.0591133004926108,0.9444444444444444,0.958904109589041,MLP,0.1,FGSM_eps0.15,,50,200,FGSM,0.15,1.0,,42
0.03,0.1,0.0410958904109589,0.058252427184466,1.0,0.958904109589041,MLP,0.1,FGSM_eps0.3,,50,200,FGSM,0.3,1.0,,42
0.05,0.15625,0.0684931506849315,0.0952380952380952,1.0,0.9315068493150684,MLP,0.1,FGSM_eps0.5,,50,200,FGSM,0.5,1.0,,42
0.04,0.1290322580645161,0.0547945205479452,0.0769230769230769,1.0,0.9452054794520548,MLP,0.1,FGSM_eps0.75,,50,200,FGSM,0.75,1.0,,42
0.035,0.087719298245614,0.0342465753424657,0.0492610837438423,0.9629629629629628,0.9657534246575342,MLP,0.1,PGD_eps0.15_it10,,50,200,PGD,0.15,10.0,,42
0.035,0.087719298245614,0.0342465753424657,0.0492610837438423,0.9629629629629628,0.9657534246575342,MLP,0.1,PGD_eps0.15_it25,,50,200,PGD,0.15,25.0,,42
0.025,0.0847457627118644,0.0342465753424657,0.048780487804878,1.0,0.9657534246575342,MLP,0.1,PGD_eps0.3_it10,,50,200,PGD,0.3,10.0,,42
0.025,0.0847457627118644,0.0342465753424657,0.048780487804878,1.0,0.9657534246575342,MLP,0.1,PGD_eps0.3_it25,,50,200,PGD,0.3,25.0,,42
0.025,0.0847457627118644,0.0342465753424657,0.048780487804878,1.0,0.9657534246575342,MLP,0.1,PGD_eps0.5_it10,,50,200,PGD,0.5,10.0,,42
0.025,0.0847457627118644,0.0342465753424657,0.048780487804878,1.0,0.9657534246575342,MLP,0.1,PGD_eps0.5_it25,,50,200,PGD,0.5,25.0,,42
0.025,0.0847457627118644,0.0342465753424657,0.048780487804878,1.0,0.9657534246575342,MLP,0.1,PGD_eps0.75_it10,,50,200,PGD,0.75,10.0,,42
0.025,0.0847457627118644,0.0342465753424657,0.048780487804878,1.0,0.9657534246575342,MLP,0.1,PGD_eps0.75_it25,,50,200,PGD,0.75,25.0,,42
0.665,0.7615894039735099,0.7876712328767124,0.7744107744107744,0.6666666666666666,0.2123287671232876,MLP,0.1,CW_c0.0_it10,,50,200,CW,,10.0,0.0,42
0.46,0.6532258064516129,0.5547945205479452,0.6,0.7962962962962963,0.4452054794520548,MLP,0.1,CW_c0.5_it10,,50,200,CW,,10.0,0.5,42
0.915,0.9708029197080292,0.910958904109589,0.939929328621908,0.074074074074074,0.0890410958904109,LR,0.25,Clean,0.0001529920101165,50,200,,,,,42
0.755,0.944954128440367,0.7054794520547946,0.807843137254902,0.1111111111111111,0.2945205479452055,LR,0.25,FGSM_eps0.15,,50,200,FGSM,0.15,1.0,,42
0.595,0.8571428571428571,0.5342465753424658,0.6582278481012658,0.2407407407407407,0.4657534246575342,LR,0.25,FGSM_eps0.3,,50,200,FGSM,0.3,1.0,,42
0.485,0.7415730337078652,0.4520547945205479,0.5617021276595745,0.4259259259259259,0.547945205479452,LR,0.25,FGSM_eps0.5,,50,200,FGSM,0.5,1.0,,42
0.385,0.6161616161616161,0.4178082191780822,0.4979591836734693,0.7037037037037037,0.5821917808219178,LR,0.25,FGSM_eps0.75,,50,200,FGSM,0.75,1.0,,42
0.815,0.950413223140496,0.7876712328767124,0.8614232209737828,0.1111111111111111,0.2123287671232876,LR,0.25,PGD_eps0.15_it10,,50,200,PGD,0.15,10.0,,42
0.825,0.951219512195122,0.8013698630136986,0.8698884758364313,0.1111111111111111,0.1986301369863013,LR,0.25,PGD_eps0.15_it25,,50,200,PGD,0.15,25.0,,42
0.725,0.9026548672566372,0.6986301369863014,0.7876447876447876,0.2037037037037037,0.3013698630136986,LR,0.25,PGD_eps0.3_it10,,50,200,PGD,0.3,10.0,,42
0.725,0.8699186991869918,0.7328767123287672,0.7955390334572491,0.2962962962962963,0.2671232876712329,LR,0.25,PGD_eps0.3_it25,,50,200,PGD,0.3,25.0,,42
0.53,0.7241379310344828,0.5753424657534246,0.6412213740458015,0.5925925925925926,0.4246575342465753,LR,0.25,PGD_eps0.5_it10,,50,200,PGD,0.5,10.0,,42
0.51,0.7068965517241379,0.5616438356164384,0.6259541984732825,0.6296296296296297,0.4383561643835616,LR,0.25,PGD_eps0.5_it25,,50,200,PGD,0.5,25.0,,42
0.47,0.6754385964912281,0.5273972602739726,0.5923076923076923,0.6851851851851852,0.4726027397260274,LR,0.25,PGD_eps0.75_it10,,50,200,PGD,0.75,10.0,,42
0.385,0.5966386554621849,0.4863013698630137,0.5358490566037736,0.8888888888888888,0.5136986301369864,LR,0.25,PGD_eps0.75_it25,,50,200,PGD,0.75,25.0,,42
0.915,0.9708029197080292,0.910958904109589,0.939929328621908,0.074074074074074,0.0890410958904109,LR,0.25,CW_c0.0_it10,,50,200,CW,,10.0,0.0,42
0.915,0.9708029197080292,0.910958904109589,0.939929328621908,0.074074074074074,0.0890410958904109,LR,0.25,CW_c0.5_it10,,50,200,CW,,10.0,0.5,42
0.92,0.9710144927536232,0.9178082191780822,0.943661971830986,0.074074074074074,0.0821917808219178,SVM,0.25,Clean,0.0001545894145965,50,200,,,,,42
0.605,0.8681318681318682,0.541095890410959,0.6666666666666666,0.2222222222222222,0.4589041095890411,SVM,0.25,FGSM_eps0.15,,50,200,FGSM,0.15,1.0,,42
0.395,0.6404494382022472,0.3904109589041096,0.4851063829787234,0.5925925925925926,0.6095890410958904,SVM,0.25,FGSM_eps0.3,,50,200,FGSM,0.3,1.0,,42
0.26,0.4895833333333333,0.3219178082191781,0.3884297520661157,0.9074074074074074,0.678082191780822,SVM,0.25,FGSM_eps0.5,,50,200,FGSM,0.5,1.0,,42
0.245,0.4747474747474747,0.3219178082191781,0.3836734693877551,0.9629629629629628,0.678082191780822,SVM,0.25,FGSM_eps0.75,,50,200,FGSM,0.75,1.0,,42
0.76,0.9083333333333332,0.7465753424657534,0.8195488721804511,0.2037037037037037,0.2534246575342466,SVM,0.25,PGD_eps0.15_it10,,50,200,PGD,0.15,10.0,,42
0.755,0.907563025210084,0.7397260273972602,0.8150943396226416,0.2037037037037037,0.2602739726027397,SVM,0.25,PGD_eps0.15_it25,,50,200,PGD,0.15,25.0,,42
0.465,0.672566371681416,0.5205479452054794,0.5868725868725869,0.6851851851851852,0.4794520547945205,SVM,0.25,PGD_eps0.3_it10,,50,200,PGD,0.3,10.0,,42
0.47,0.6785714285714286,0.5205479452054794,0.5891472868217055,0.6666666666666666,0.4794520547945205,SVM,0.25,PGD_eps0.3_it25,,50,200,PGD,0.3,25.0,,42
0.385,0.6,0.4726027397260274,0.5287356321839081,0.8518518518518519,0.5273972602739726,SVM,0.25,PGD_eps0.5_it10,,50,200,PGD,0.5,10.0,,42
0.36,0.5803571428571429,0.4452054794520548,0.5038759689922481,0.8703703703703703,0.5547945205479452,SVM,0.25,PGD_eps0.5_it25,,50,200,PGD,0.5,25.0,,42
0.36,0.5775862068965517,0.4589041095890411,0.5114503816793893,0.9074074074074074,0.541095890410959,SVM,0.25,PGD_eps0.75_it10,,50,200,PGD,0.75,10.0,,42
0.36,0.576271186440678,0.4657534246575342,0.5151515151515151,0.925925925925926,0.5342465753424658,SVM,0.25,PGD_eps0.75_it25,,50,200,PGD,0.75,25.0,,42
0.915,0.9708029197080292,0.910958904109589,0.939929328621908,0.074074074074074,0.0890410958904109,SVM,0.25,CW_c0.0_it10,,50,200,CW,,10.0,0.0,42
0.91,0.9637681159420288,0.910958904109589,0.9366197183098592,0.0925925925925925,0.0890410958904109,SVM,0.25,CW_c0.5_it10,,50,200,CW,,10.0,0.5,42
0.275,1.0,0.0068493150684931,0.0136054421768707,0.0,0.9931506849315068,RF,0.25,Clean,0.0053461289405822,50,200,,,,,42
0.265,0.0,0.0,0.0,0.0185185185185185,1.0,RF,0.25,FGSM_eps0.15,,50,200,FGSM,0.15,1.0,,42
0.19,0.1923076923076923,0.0342465753424657,0.0581395348837209,0.3888888888888889,0.9657534246575342,RF,0.25,FGSM_eps0.3,,50,200,FGSM,0.3,1.0,,42
0.2,0.3333333333333333,0.0958904109589041,0.1489361702127659,0.5185185185185185,0.9041095890410958,RF,0.25,FGSM_eps0.5,,50,200,FGSM,0.5,1.0,,42
0.19,0.3333333333333333,0.1095890410958904,0.1649484536082474,0.5925925925925926,0.8904109589041096,RF,0.25,FGSM_eps0.75,,50,200,FGSM,0.75,1.0,,42
0.275,1.0,0.0068493150684931,0.0136054421768707,0.0,0.9931506849315068,RF,0.25,PGD_eps0.15_it10,,50,200,PGD,0.15,10.0,,42
0.275,1.0,0.0068493150684931,0.0136054421768707,0.0,0.9931506849315068,RF,0.25,PGD_eps0.15_it25,,50,200,PGD,0.15,25.0,,42
0.23,0.0,0.0,0.0,0.1481481481481481,1.0,RF,0.25,PGD_eps0.3_it10,,50,200,PGD,0.3,10.0,,42
0.235,0.1111111111111111,0.0068493150684931,0.0129032258064516,0.1481481481481481,0.9931506849315068,RF,0.25,PGD_eps0.3_it25,,50,200,PGD,0.3,25.0,,42
0.27,0.5,0.0068493150684931,0.0135135135135135,0.0185185185185185,0.9931506849315068,RF,0.25,PGD_eps0.5_it10,,50,200,PGD,0.5,10.0,,42
0.255,0.0,0.0,0.0,0.0555555555555555,1.0,RF,0.25,PGD_eps0.5_it25,,50,200,PGD,0.5,25.0,,42
0.26,0.25,0.0068493150684931,0.0133333333333333,0.0555555555555555,0.9931506849315068,RF,0.25,PGD_eps0.75_it10,,50,200,PGD,0.75,10.0,,42
0.245,0.1428571428571428,0.0068493150684931,0.0130718954248366,0.1111111111111111,0.9931506849315068,RF,0.25,PGD_eps0.75_it25,,50,200,PGD,0.75,25.0,,42
0.265,0.0,0.0,0.0,0.0185185185185185,1.0,RF,0.25,CW_c0.0_it10,,50,200,CW,,10.0,0.0,42
0.27,0.0,0.0,0.0,0.0,1.0,RF,0.25,CW_c0.5_it10,,50,200,CW,,10.0,0.5,42
0.925,0.9171974522292994,0.9863013698630136,0.9504950495049505,0.2407407407407407,0.0136986301369863,MLP,0.25,Clean,0.0025272142887115,50,200,,,,,42
0.085,0.1967213114754098,0.0821917808219178,0.1159420289855072,0.9074074074074074,0.9178082191780822,MLP,0.25,FGSM_eps0.15,,50,200,FGSM,0.15,1.0,,42
0.04,0.1290322580645161,0.0547945205479452,0.0769230769230769,1.0,0.9452054794520548,MLP,0.25,FGSM_eps0.3,,50,200,FGSM,0.3,1.0,,42
0.04,0.1290322580645161,0.0547945205479452,0.0769230769230769,1.0,0.9452054794520548,MLP,0.25,FGSM_eps0.5,,50,200,FGSM,0.5,1.0,,42
0.04,0.1290322580645161,0.0547945205479452,0.0769230769230769,1.0,0.9452054794520548,MLP,0.25,FGSM_eps0.75,,50,200,FGSM,0.75,1.0,,42
0.115,0.2876712328767123,0.1438356164383561,0.1917808219178082,0.9629629629629628,0.8561643835616438,MLP,0.25,PGD_eps0.15_it10,,50,200,PGD,0.15,10.0,,42
0.1,0.2571428571428571,0.1232876712328767,0.1666666666666666,0.9629629629629628,0.8767123287671232,MLP,0.25,PGD_eps0.15_it25,,50,200,PGD,0.15,25.0,,42
0.085,0.2394366197183098,0.1164383561643835,0.1566820276497695,1.0,0.8835616438356164,MLP,0.25,PGD_eps0.3_it10,,50,200,PGD,0.3,10.0,,42
0.095,0.2602739726027397,0.1301369863013698,0.1735159817351598,1.0,0.8698630136986302,MLP,0.25,PGD_eps0.3_it25,,50,200,PGD,0.3,25.0,,42
0.095,0.2602739726027397,0.1301369863013698,0.1735159817351598,1.0,0.8698630136986302,MLP,0.25,PGD_eps0.5_it10,,50,200,PGD,0.5,10.0,,42
0.075,0.217391304347826,0.1027397260273972,0.1395348837209302,1.0,0.8972602739726028,MLP,0.25,PGD_eps0.5_it25,,50,200,PGD,0.5,25.0,,42
0.1,0.2702702702702703,0.136986301369863,0.1818181818181818,1.0,0.863013698630137,MLP,0.25,PGD_eps0.75_it10,,50,200,PGD,0.75,10.0,,42
0.095,0.2602739726027397,0.1301369863013698,0.1735159817351598,1.0,0.8698630136986302,MLP,0.25,PGD_eps0.75_it25,,50,200,PGD,0.75,25.0,,42
0.69,0.7413793103448276,0.8835616438356164,0.80625,0.8333333333333334,0.1164383561643835,MLP,0.25,CW_c0.0_it10,,50,200,CW,,10.0,0.0,42
0.615,0.7197452229299363,0.773972602739726,0.7458745874587459,0.8148148148148148,0.2260273972602739,MLP,0.25,CW_c0.5_it10,,50,200,CW,,10.0,0.5,42
0.92,0.9710144927536232,0.9178082191780822,0.943661971830986,0.074074074074074,0.0821917808219178,LR,0.5,Clean,0.0001530146598815,50,200,,,,,42
0.8,0.9491525423728814,0.7671232876712328,0.8484848484848485,0.1111111111111111,0.2328767123287671,LR,0.5,FGSM_eps0.15,,50,200,FGSM,0.15,1.0,,42
0.59,0.8555555555555555,0.5273972602739726,0.652542372881356,0.2407407407407407,0.4726027397260274,LR,0.5,FGSM_eps0.3,,50,200,FGSM,0.3,1.0,,42
0.48,0.7282608695652174,0.4589041095890411,0.5630252100840336,0.4629629629629629,0.541095890410959,LR,0.5,FGSM_eps0.5,,50,200,FGSM,0.5,1.0,,42
0.38,0.6122448979591837,0.410958904109589,0.4918032786885246,0.7037037037037037,0.589041095890411,LR,0.5,FGSM_eps0.75,,50,200,FGSM,0.75,1.0,,42
0.815,0.943089430894309,0.7945205479452054,0.862453531598513,0.1296296296296296,0.2054794520547945,LR,0.5,PGD_eps0.15_it10,,50,200,PGD,0.15,10.0,,42
0.815,0.950413223140496,0.7876712328767124,0.8614232209737828,0.1111111111111111,0.2123287671232876,LR,0.5,PGD_eps0.15_it25,,50,200,PGD,0.15,25.0,,42
0.725,0.8823529411764706,0.7191780821917808,0.7924528301886793,0.2592592592592592,0.2808219178082192,LR,0.5,PGD_eps0.3_it10,,50,200,PGD,0.3,10.0,,42
0.7,0.8771929824561403,0.684931506849315,0.7692307692307693,0.2592592592592592,0.3150684931506849,LR,0.5,PGD_eps0.3_it25,,50,200,PGD,0.3,25.0,,42
0.505,0.7043478260869566,0.5547945205479452,0.6206896551724138,0.6296296296296297,0.4452054794520548,LR,0.5,PGD_eps0.5_it10,,50,200,PGD,0.5,10.0,,42
0.51,0.7068965517241379,0.5616438356164384,0.6259541984732825,0.6296296296296297,0.4383561643835616,LR,0.5,PGD_eps0.5_it25,,50,200,PGD,0.5,25.0,,42
0.465,0.6822429906542056,0.5,0.5770750988142292,0.6296296296296297,0.5,LR,0.5,PGD_eps0.75_it10,,50,200,PGD,0.75,10.0,,42
0.38,0.5932203389830508,0.4794520547945205,0.5303030303030303,0.8888888888888888,0.5205479452054794,LR,0.5,PGD_eps0.75_it25,,50,200,PGD,0.75,25.0,,42
0.91,0.9637681159420288,0.910958904109589,0.9366197183098592,0.0925925925925925,0.0890410958904109,LR,0.5,CW_c0.0_it10,,50,200,CW,,10.0,0.0,42
0.915,0.9708029197080292,0.910958904109589,0.939929328621908,0.074074074074074,0.0890410958904109,LR,0.5,CW_c0.5_it10,,50,200,CW,,10.0,0.5,42
0.92,0.9710144927536232,0.9178082191780822,0.943661971830986,0.074074074074074,0.0821917808219178,SVM,0.5,Clean,0.0001531982421875,50,200,,,,,42
0.635,0.8842105263157894,0.5753424657534246,0.6970954356846473,0.2037037037037037,0.4246575342465753,SVM,0.5,FGSM_eps0.15,,50,200,FGSM,0.15,1.0,,42
0.415,0.6705882352941176,0.3904109589041096,0.4935064935064935,0.5185185185185185,0.6095890410958904,SVM,0.5,FGSM_eps0.3,,50,200,FGSM,0.3,1.0,,42
0.27,0.5,0.3219178082191781,0.3916666666666666,0.8703703703703703,0.678082191780822,SVM,0.5,FGSM_eps0.5,,50,200,FGSM,0.5,1.0,,42
0.25,0.4795918367346938,0.3219178082191781,0.3852459016393442,0.9444444444444444,0.678082191780822,SVM,0.5,FGSM_eps0.75,,50,200,FGSM,0.75,1.0,,42
0.765,0.9090909090909092,0.7534246575342466,0.8239700374531835,0.2037037037037037,0.2465753424657534,SVM,0.5,PGD_eps0.15_it10,,50,200,PGD,0.15,10.0,,42
0.72,0.9245283018867924,0.6712328767123288,0.7777777777777778,0.1481481481481481,0.3287671232876712,SVM,0.5,PGD_eps0.15_it25,,50,200,PGD,0.15,25.0,,42
0.495,0.7027027027027027,0.5342465753424658,0.6070038910505836,0.6111111111111112,0.4657534246575342,SVM,0.5,PGD_eps0.3_it10,,50,200,PGD,0.3,10.0,,42
0.465,0.6756756756756757,0.5136986301369864,0.5836575875486382,0.6666666666666666,0.4863013698630137,SVM,0.5,PGD_eps0.3_it25,,50,200,PGD,0.3,25.0,,42
0.36,0.5803571428571429,0.4452054794520548,0.5038759689922481,0.8703703703703703,0.5547945205479452,SVM,0.5,PGD_eps0.5_it10,,50,200,PGD,0.5,10.0,,42
0.33,0.5566037735849056,0.4041095890410959,0.4682539682539682,0.8703703703703703,0.5958904109589042,SVM,0.5,PGD_eps0.5_it25,,50,200,PGD,0.5,25.0,,42
0.33,0.5545454545454546,0.4178082191780822,0.4765625,0.9074074074074074,0.5821917808219178,SVM,0.5,PGD_eps0.75_it10,,50,200,PGD,0.75,10.0,,42
0.315,0.5420560747663551,0.3972602739726027,0.458498023715415,0.9074074074074074,0.6027397260273972,SVM,0.5,PGD_eps0.75_it25,,50,200,PGD,0.75,25.0,,42
0.91,0.9637681159420288,0.910958904109589,0.9366197183098592,0.0925925925925925,0.0890410958904109,SVM,0.5,CW_c0.0_it10,,50,200,CW,,10.0,0.0,42
0.91,0.9637681159420288,0.910958904109589,0.9366197183098592,0.0925925925925925,0.0890410958904109,SVM,0.5,CW_c0.5_it10,,50,200,CW,,10.0,0.5,42
0.27,0.0,0.0,0.0,0.0,1.0,RF,0.5,Clean,0.0053673064708709,50,200,,,,,42
0.27,0.0,0.0,0.0,0.0,1.0,RF,0.5,FGSM_eps0.15,,50,200,FGSM,0.15,1.0,,42
0.245,0.0,0.0,0.0,0.0925925925925925,1.0,RF,0.5,FGSM_eps0.3,,50,200,FGSM,0.3,1.0,,42
0.18,0.0909090909090909,0.0136986301369863,0.0238095238095238,0.3703703703703703,0.9863013698630136,RF,0.5,FGSM_eps0.5,,50,200,FGSM,0.5,1.0,,42
0.175,0.2564102564102564,0.0684931506849315,0.1081081081081081,0.5370370370370371,0.9315068493150684,RF,0.5,FGSM_eps0.75,,50,200,FGSM,0.75,1.0,,42
0.27,0.0,0.0,0.0,0.0,1.0,RF,0.5,PGD_eps0.15_it10,,50,200,PGD,0.15,10.0,,42
0.27,0.0,0.0,0.0,0.0,1.0,RF,0.5,PGD_eps0.15_it25,,50,200,PGD,0.15,25.0,,42
0.27,0.0,0.0,0.0,0.0,1.0,RF,0.5,PGD_eps0.3_it10,,50,200,PGD,0.3,10.0,,42
0.265,0.0,0.0,0.0,0.0185185185185185,1.0,RF,0.5,PGD_eps0.3_it25,,50,200,PGD,0.3,25.0,,42
0.275,1.0,0.0068493150684931,0.0136054421768707,0.0,0.9931506849315068,RF,0.5,PGD_eps0.5_it10,,50,200,PGD,0.5,10.0,,42
0.275,1.0,0.0068493150684931,0.0136054421768707,0.0,0.9931506849315068,RF,0.5,PGD_eps0.5_it25,,50,200,PGD,0.5,25.0,,42
0.265,0.0,0.0,0.0,0.0185185185185185,1.0,RF,0.5,PGD_eps0.75_it10,,50,200,PGD,0.75,10.0,,42
0.26,0.0,0.0,0.0,0.037037037037037,1.0,RF,0.5,PGD_eps0.75_it25,,50,200,PGD,0.75,25.0,,42
0.27,0.0,0.0,0.0,0.0,1.0,RF,0.5,CW_c0.0_it10,,50,200,CW,,10.0,0.0,42
0.27,0.0,0.0,0.0,0.0,1.0,RF,0.5,CW_c0.5_it10,,50,200,CW,,10.0,0.5,42
0.82,0.8089887640449438,0.9863013698630136,0.8888888888888888,0.6296296296296297,0.0136986301369863,MLP,0.5,Clean,0.0021857178211212,50,200,,,,,42
0.215,0.4382022471910112,0.2671232876712329,0.3319148936170212,0.925925925925926,0.7328767123287672,MLP,0.5,FGSM_eps0.15,,50,200,FGSM,0.15,1.0,,42
0.06,0.1818181818181818,0.0821917808219178,0.1132075471698113,1.0,0.9178082191780822,MLP,0.5,FGSM_eps0.3,,50,200,FGSM,0.3,1.0,,42
0.04,0.1290322580645161,0.0547945205479452,0.0769230769230769,1.0,0.9452054794520548,MLP,0.5,FGSM_eps0.5,,50,200,FGSM,0.5,1.0,,42
0.03,0.1,0.0410958904109589,0.058252427184466,1.0,0.958904109589041,MLP,0.5,FGSM_eps0.75,,50,200,FGSM,0.75,1.0,,42
0.305,0.5315315315315315,0.4041095890410959,0.4591439688715953,0.9629629629629628,0.5958904109589042,MLP,0.5,PGD_eps0.15_it10,,50,200,PGD,0.15,10.0,,42
0.32,0.5446428571428571,0.4178082191780822,0.4728682170542636,0.9444444444444444,0.5821917808219178,MLP,0.5,PGD_eps0.15_it25,,50,200,PGD,0.15,25.0,,42
0.22,0.4489795918367347,0.3013698630136986,0.360655737704918,1.0,0.6986301369863014,MLP,0.5,PGD_eps0.3_it10,,50,200,PGD,0.3,10.0,,42
0.21,0.4375,0.2876712328767123,0.3471074380165289,1.0,0.7123287671232876,MLP,0.5,PGD_eps0.3_it25,,50,200,PGD,0.3,25.0,,42
0.195,0.4193548387096774,0.2671232876712329,0.3263598326359833,1.0,0.7328767123287672,MLP,0.5,PGD_eps0.5_it10,,50,200,PGD,0.5,10.0,,42
0.225,0.4545454545454545,0.3082191780821918,0.3673469387755102,1.0,0.6917808219178082,MLP,0.5,PGD_eps0.5_it25,,50,200,PGD,0.5,25.0,,42
0.24,0.4705882352941176,0.3287671232876712,0.3870967741935484,1.0,0.6712328767123288,MLP,0.5,PGD_eps0.75_it10,,50,200,PGD,0.75,10.0,,42
0.235,0.4653465346534653,0.3219178082191781,0.3805668016194332,1.0,0.678082191780822,MLP,0.5,PGD_eps0.75_it25,,50,200,PGD,0.75,25.0,,42
0.715,0.7542857142857143,0.9041095890410958,0.822429906542056,0.7962962962962963,0.0958904109589041,MLP,0.5,CW_c0.0_it10,,50,200,CW,,10.0,0.0,42
0.71,0.75,0.9041095890410958,0.8198757763975155,0.8148148148148148,0.0958904109589041,MLP,0.5,CW_c0.5_it10,,50,200,CW,,10.0,0.5,42
0.935,0.9620253164556962,0.9559748427672956,0.9589905362776026,0.1463414634146341,0.0440251572327044,LR,0.1,Clean,0.0001532328128814,50,200,,,,,7
0.61,0.7682119205298014,0.7295597484276729,0.7483870967741936,0.8536585365853658,0.270440251572327,LR,0.1,FGSM_eps0.15,,50,200,FGSM,0.15,1.0,,7
0.085,0.2777777777777778,0.0943396226415094,0.1408450704225352,0.951219512195122,0.9056603773584906,LR,0.1,FGSM_eps0.3,,50,200,FGSM,0.3,1.0,,7
0.045,0.1521739130434782,0.0440251572327044,0.0682926829268292,0.951219512195122,0.9559748427672956,LR,0.1,FGSM_eps0.5,,50,200,FGSM,0.5,1.0,,7
0.035,0.1458333333333333,0.0440251572327044,0.0676328502415458,1.0,0.9559748427672956,LR,0.1,FGSM_eps0.75,,50,200,FGSM,0.75,1.0,,7
0.58,0.8099173553719008,0.6163522012578616,0.7,0.5609756097560976,0.3836477987421384,LR,0.1,PGD_eps0.15_it10,,50,200,PGD,0.15,10.0,,7
0.59,0.8130081300813008,0.6289308176100629,0.7092198581560284,0.5609756097560976,0.3710691823899371,LR,0.1,PGD_eps0.15_it25,,50,200,PGD,0.15,25.0,,7
0.06,0.2264150943396226,0.0754716981132075,0.1132075471698113,1.0,0.9245283018867924,LR,0.1,PGD_eps0.3_it10,,50,200,PGD,0.3,10.0,,7
0.08,0.2807017543859649,0.10062893081761,0.1481481481481481,1.0,0.89937106918239,LR,0.1,PGD_eps0.3_it25,,50,200,PGD,0.3,25.0,,7
0.03,0.1276595744680851,0.0377358490566037,0.058252427184466,1.0,0.9622641509433962,LR,0.1,PGD_eps0.5_it10,,50,200,PGD,0.5,10.0,,7
0.03,0.1276595744680851,0.0377358490566037,0.058252427184466,1.0,0.9622641509433962,LR,0.1,PGD_eps0.5_it25,,50,200,PGD,0.5,25.0,,7
0.03,0.1276595744680851,0.0377358490566037,0.058252427184466,1.0,0.9622641509433962,LR,0.1,PGD_eps0.75_it10,,50,200,PGD,0.75,10.0,,7
0.03,0.1276595744680851,0.0377358490566037,0.058252427184466,1.0,0.9622641509433962,LR,0.1,PGD_eps0.75_it25,,50,200,PGD,0.75,25.0,,7
0.925,0.9556962025316456,0.949685534591195,0.9526813880126184,0.1707317073170731,0.050314465408805,LR,0.1,CW_c0.0_it10,,50,200,CW,,10.0,0.0,7
0.925,0.95,0.9559748427672956,0.9529780564263324,0.1951219512195122,0.0440251572327044,LR,0.1,CW_c0.5_it10,,50,200,CW,,10.0,0.5,7
0.935,0.9620253164556962,0.9559748427672956,0.9589905362776026,0.1463414634146341,0.0440251572327044,SVM,0.1,Clean,0.000152291059494,50,200,,,,,7
0.055,0.2,0.0628930817610062,0.0956937799043062,0.975609756097561,0.9371069182389936,SVM,0.1,FGSM_eps0.15,,50,200,FGSM,0.15,1.0,,7
0.03,0.1276595744680851,0.0377358490566037,0.058252427184466,1.0,0.9622641509433962,SVM,0.1,FGSM_eps0.3,,50,200,FGSM,0.3,1.0,,7
0.03,0.1276595744680851,0.0377358490566037,0.058252427184466,1.0,0.9622641509433962,SVM,0.1,FGSM_eps0.5,,50,200,FGSM,0.5,1.0,,7
0.03,0.1276595744680851,0.0377358490566037,0.058252427184466,1.0,0.9622641509433962,SVM,0.1,FGSM_eps0.75,,50,200,FGSM,0.75,1.0,,7
0.045,0.18,0.0566037735849056,0.0861244019138756,1.0,0.9433962264150944,SVM,0.1,PGD_eps0.15_it10,,50,200,PGD,0.15,10.0,,7
0.03,0.1276595744680851,0.0377358490566037,0.058252427184466,1.0,0.9622641509433962,SVM,0.1,PGD_eps0.15_it25,,50,200,PGD,0.15,25.0,,7
0.03,0.1276595744680851,0.0377358490566037,0.058252427184466,1.0,0.9622641509433962,SVM,0.1,PGD_eps0.3_it10,,50,200,PGD,0.3,10.0,,7
0.03,0.1276595744680851,0.0377358490566037,0.058252427184466,1.0,0.9622641509433962,SVM,0.1,PGD_eps0.3_it25,,50,200,PGD,0.3,25.0,,7
0.03,0.1276595744680851,0.0377358490566037,0.058252427184466,1.0,0.9622641509433962,SVM,0.1,PGD_eps0.5_it10,,50,200,PGD,0.5,10.0,,7
0.03,0.1276595744680851,0.0377358490566037,0.058252427184466,1.0,0.9622641509433962,SVM,0.1,PGD_eps0.5_it25,,50,200,PGD,0.5,25.0,,7
0.03,0.1276595744680851,0.0377358490566037,0.058252427184466,1.0,0.9622641509433962,SVM,0.1,PGD_eps0.75_it10,,50,200,PGD,0.75,10.0,,7
0.03,0.1276595744680851,0.0377358490566037,0.058252427184466,1.0,0.9622641509433962,SVM,0.1,PGD_eps0.75_it25,,50,200,PGD,0.75,25.0,,7
0.865,0.952054794520548,0.8742138364779874,0.9114754098360656,0.1707317073170731,0.1257861635220125,SVM,0.1,CW_c0.0_it10,,50,200,CW,,10.0,0.0,7
0.82,0.9361702127659576,0.8301886792452831,0.88,0.2195121951219512,0.1698113207547169,SVM,0.1,CW_c0.5_it10,,50,200,CW,,10.0,0.5,7
0.285,1.0,0.10062893081761,0.1828571428571428,0.0,0.89937106918239,RF,0.1,Clean,0.0053342449665069,50,200,,,,,7
0.105,0.1153846153846153,0.0188679245283018,0.0324324324324324,0.5609756097560976,0.981132075471698,RF,0.1,FGSM_eps0.15,,50,200,FGSM,0.15,1.0,,7
0.105,0.1428571428571428,0.0251572327044025,0.0427807486631016,0.5853658536585366,0.9748427672955976,RF,0.1,FGSM_eps0.3,,50,200,FGSM,0.3,1.0,,7
0.12,0.2258064516129032,0.0440251572327044,0.0736842105263157,0.5853658536585366,0.9559748427672956,RF,0.1,FGSM_eps0.5,,50,200,FGSM,0.5,1.0,,7
0.17,0.4102564102564102,0.10062893081761,0.1616161616161616,0.5609756097560976,0.89937106918239,RF,0.1,FGSM_eps0.75,,50,200,FGSM,0.75,1.0,,7
0.12,0.2571428571428571,0.0566037735849056,0.0927835051546391,0.6341463414634146,0.9433962264150944,RF,0.1,PGD_eps0.15_it10,,50,200,PGD,0.15,10.0,,7
0.115,0.2352941176470588,0.050314465408805,0.082901554404145,0.6341463414634146,0.949685534591195,RF,0.1,PGD_eps0.15_it25,,50,200,PGD,0.15,25.0,,7
0.1,0.1379310344827586,0.0251572327044025,0.0425531914893617,0.6097560975609756,0.9748427672955976,RF,0.1,PGD_eps0.3_it10,,50,200,PGD,0.3,10.0,,7
0.095,0.1071428571428571,0.0188679245283018,0.0320855614973262,0.6097560975609756,0.981132075471698,RF,0.1,PGD_eps0.3_it25,,50,200,PGD,0.3,25.0,,7
0.12,0.1304347826086956,0.0188679245283018,0.0329670329670329,0.4878048780487805,0.981132075471698,RF,0.1,PGD_eps0.5_it10,,50,200,PGD,0.5,10.0,,7
0.13,0.1428571428571428,0.0188679245283018,0.0333333333333333,0.4390243902439024,0.981132075471698,RF,0.1,PGD_eps0.5_it25,,50,200,PGD,0.5,25.0,,7
0.145,0.1666666666666666,0.0188679245283018,0.0338983050847457,0.3658536585365853,0.981132075471698,RF,0.1,PGD_eps0.75_it10,,50,200,PGD,0.75,10.0,,7
0.135,0.15,0.0188679245283018,0.0335195530726257,0.4146341463414634,0.981132075471698,RF,0.1,PGD_eps0.75_it25,,50,200,PGD,0.75,25.0,,7
0.21,1.0,0.0062893081761006,0.0125,0.0,0.9937106918238994,RF,0.1,CW_c0.0_it10,,50,200,CW,,10.0,0.0,7
0.205,0.0,0.0,0.0,0.0,1.0,RF,0.1,CW_c0.5_it10,,50,200,CW,,10.0,0.5,7
0.975,0.9873417721518988,0.981132075471698,0.9842271293375394,0.048780487804878,0.0188679245283018,MLP,0.1,Clean,0.0021585881710052,50,200,,,,,7
0.065,0.1956521739130435,0.0566037735849056,0.0878048780487804,0.902439024390244,0.9433962264150944,MLP,0.1,FGSM_eps0.15,,50,200,FGSM,0.15,1.0,,7
0.09,0.2982456140350877,0.1069182389937107,0.1574074074074074,0.975609756097561,0.8930817610062893,MLP,0.1,FGSM_eps0.3,,50,200,FGSM,0.3,1.0,,7
0.13,0.3846153846153846,0.1572327044025157,0.2232142857142857,0.975609756097561,0.8427672955974843,MLP,0.1,FGSM_eps0.5,,50,200,FGSM,0.5,1.0,,7
0.205,0.5,0.2515723270440251,0.3347280334728033,0.975609756097561,0.7484276729559748,MLP,0.1,FGSM_eps0.75,,50,200,FGSM,0.75,1.0,,7
0.03,0.1276595744680851,0.0377358490566037,0.058252427184466,1.0,0.9622641509433962,MLP,0.1,PGD_eps0.15_it10,,50,200,PGD,0.15,10.0,,7
0.03,0.1276595744680851,0.0377358490566037,0.058252427184466,1.0,0.9622641509433962,MLP,0.1,PGD_eps0.15_it25,,50,200,PGD,0.15,25.0,,7
0.03,0.1276595744680851,0.0377358490566037,0.058252427184466,1.0,0.9622641509433962,MLP,0.1,PGD_eps0.3_it10,,50,200,PGD,0.3,10.0,,7
0.03,0.1276595744680851,0.0377358490566037,0.058252427184466,1.0,0.9622641509433962,MLP,0.1,PGD_eps0.3_it25,,50,200,PGD,0.3,25.0,,7
0.03,0.1276595744680851,0.0377358490566037,0.058252427184466,1.0,0.9622641509433962,MLP,0.1,PGD_eps0.5_it10,,50,200,PGD,0.5,10.0,,7
0.03,0.1276595744680851,0.0377358490566037,0.058252427184466,1.0,0.9622641509433962,MLP,0.1,PGD_eps0.5_it25,,50,200,PGD,0.5,25.0,,7
0.03,0.1276595744680851,0.0377358490566037,0.058252427184466,1.0,0.9622641509433962,MLP,0.1,PGD_eps0.75_it10,,50,200,PGD,0.75,10.0,,7
0.03,0.1276595744680851,0.0377358490566037,0.058252427184466,1.0,0.9622641509433962,MLP,0.1,PGD_eps0.75_it25,,50,200,PGD,0.75,25.0,,7
0.77,0.8265895953757225,0.89937106918239,0.8614457831325302,0.7317073170731707,0.10062893081761,MLP,0.1,CW_c0.0_it10,,50,200,CW,,10.0,0.0,7
0.68,0.7914110429447853,0.8113207547169812,0.8012422360248447,0.8292682926829268,0.1886792452830188,MLP,0.1,CW_c0.5_it10,,50,200,CW,,10.0,0.5,7
0.935,0.9620253164556962,0.9559748427672956,0.9589905362776026,0.1463414634146341,0.0440251572327044,LR,0.25,Clean,0.0001531648635864,50,200,,,,,7
0.605,0.773972602739726,0.710691823899371,0.740983606557377,0.8048780487804879,0.2893081761006289,LR,0.25,FGSM_eps0.15,,50,200,FGSM,0.15,1.0,,7
0.06,0.2040816326530612,0.0628930817610062,0.0961538461538461,0.951219512195122,0.9371069182389936,LR,0.25,FGSM_eps0.3,,50,200,FGSM,0.3,1.0,,7
0.04,0.1489361702127659,0.0440251572327044,0.0679611650485436,0.975609756097561,0.9559748427672956,LR,0.25,FGSM_eps0.5,,50,200,FGSM,0.5,1.0,,7
0.035,0.1458333333333333,0.0440251572327044,0.0676328502415458,1.0,0.9559748427672956,LR,0.25,FGSM_eps0.75,,50,200,FGSM,0.75,1.0,,7
0.565,0.8103448275862069,0.5911949685534591,0.6836363636363636,0.5365853658536586,0.4088050314465409,LR,0.25,PGD_eps0.15_it10,,50,200,PGD,0.15,10.0,,7
0.57,0.811965811965812,0.5974842767295597,0.6884057971014492,0.5365853658536586,0.4025157232704403,LR,0.25,PGD_eps0.15_it25,,50,200,PGD,0.15,25.0,,7
0.06,0.2264150943396226,0.0754716981132075,0.1132075471698113,1.0,0.9245283018867924,LR,0.25,PGD_eps0.3_it10,,50,200,PGD,0.3,10.0,,7
0.09,0.3050847457627119,0.1132075471698113,0.1651376146788991,1.0,0.8867924528301887,LR,0.25,PGD_eps0.3_it25,,50,200,PGD,0.3,25.0,,7
0.03,0.1276595744680851,0.0377358490566037,0.058252427184466,1.0,0.9622641509433962,LR,0.25,PGD_eps0.5_it10,,50,200,PGD,0.5,10.0,,7
0.03,0.1276595744680851,0.0377358490566037,0.058252427184466,1.0,0.9622641509433962,LR,0.25,PGD_eps0.5_it25,,50,200,PGD,0.5,25.0,,7
0.03,0.1276595744680851,0.0377358490566037,0.058252427184466,1.0,0.9622641509433962,LR,0.25,PGD_eps0.75_it10,,50,200,PGD,0.75,10.0,,7
0.03,0.1276595744680851,0.0377358490566037,0.058252427184466,1.0,0.9622641509433962,LR,0.25,PGD_eps0.75_it25,,50,200,PGD,0.75,25.0,,7
0.93,0.961783439490446,0.949685534591195,0.9556962025316456,0.1463414634146341,0.050314465408805,LR,0.25,CW_c0.0_it10,,50,200,CW,,10.0,0.0,7
0.93,0.9559748427672956,0.9559748427672956,0.9559748427672956,0.1707317073170731,0.0440251572327044,LR,0.25,CW_c0.5_it10,,50,200,CW,,10.0,0.5,7
0.935,0.9620253164556962,0.9559748427672956,0.9589905362776026,0.1463414634146341,0.0440251572327044,SVM,0.25,Clean,0.0001518642902374,50,200,,,,,7
0.095,0.3035714285714285,0.1069182389937107,0.1581395348837209,0.951219512195122,0.8930817610062893,SVM,0.25,FGSM_eps0.15,,50,200,FGSM,0.15,1.0,,7
0.03,0.1276595744680851,0.0377358490566037,0.058252427184466,1.0,0.9622641509433962,SVM,0.25,FGSM_eps0.3,,50,200,FGSM,0.3,1.0,,7
0.03,0.1276595744680851,0.0377358490566037,0.058252427184466,1.0,0.9622641509433962,SVM,0.25,FGSM_eps0.5,,50,200,FGSM,0.5,1.0,,7
0.03,0.1276595744680851,0.0377358490566037,0.058252427184466,1.0,0.9622641509433962,SVM,0.25,FGSM_eps0.75,,50,200,FGSM,0.75,1.0,,7
0.045,0.18,0.0566037735849056,0.0861244019138756,1.0,0.9433962264150944,SVM,0.25,PGD_eps0.15_it10,,50,200,PGD,0.15,10.0,,7
0.055,0.2115384615384615,0.0691823899371069,0.1042654028436018,1.0,0.9308176100628932,SVM,0.25,PGD_eps0.15_it25,,50,200,PGD,0.15,25.0,,7
0.03,0.1276595744680851,0.0377358490566037,0.058252427184466,1.0,0.9622641509433962,SVM,0.25,PGD_eps0.3_it10,,50,200,PGD,0.3,10.0,,7
0.03,0.1276595744680851,0.0377358490566037,0.058252427184466,1.0,0.9622641509433962,SVM,0.25,PGD_eps0.3_it25,,50,200,PGD,0.3,25.0,,7
0.03,0.1276595744680851,0.0377358490566037,0.058252427184466,1.0,0.9622641509433962,SVM,0.25,PGD_eps0.5_it10,,50,200,PGD,0.5,10.0,,7
0.03,0.1276595744680851,0.0377358490566037,0.058252427184466,1.0,0.9622641509433962,SVM,0.25,PGD_eps0.5_it25,,50,200,PGD,0.5,25.0,,7
0.03,0.1276595744680851,0.0377358490566037,0.058252427184466,1.0,0.9622641509433962,SVM,0.25,PGD_eps0.75_it10,,50,200,PGD,0.75,10.0,,7
0.03,0.1276595744680851,0.0377358490566037,0.058252427184466,1.0,0.9622641509433962,SVM,0.25,PGD_eps0.75_it25,,50,200,PGD,0.75,25.0,,7
0.855,0.9391891891891893,0.8742138364779874,0.9055374592833876,0.2195121951219512,0.1257861635220125,SVM,0.25,CW_c0.0_it10,,50,200,CW,,10.0,0.0,7
0.8,0.9280575539568344,0.8113207547169812,0.8657718120805369,0.2439024390243902,0.1886792452830188,SVM,0.25,CW_c0.5_it10,,50,200,CW,,10.0,0.5,7
0.205,0.0,0.0,0.0,0.0,1.0,RF,0.25,Clean,0.005338852405548,50,200,,,,,7
0.195,0.0,0.0,0.0,0.048780487804878,1.0,RF,0.25,FGSM_eps0.15,,50,200,FGSM,0.15,1.0,,7
0.155,0.1875,0.0188679245283018,0.0342857142857142,0.3170731707317073,0.981132075471698,RF,0.25,FGSM_eps0.3,,50,200,FGSM,0.3,1.0,,7
0.125,0.25,0.050314465408805,0.0837696335078534,0.5853658536585366,0.949685534591195,RF,0.25,FGSM_eps0.5,,50,200,FGSM,0.5,1.0,,7
0.16,0.3783783783783784,0.0880503144654088,0.1428571428571428,0.5609756097560976,0.9119496855345912,RF,0.25,FGSM_eps0.75,,50,200,FGSM,0.75,1.0,,7
0.18,0.0,0.0,0.0,0.1219512195121951,1.0,RF,0.25,PGD_eps0.15_it10,,50,200,PGD,0.15,10.0,,7
0.18,0.0,0.0,0.0,0.1219512195121951,1.0,RF,0.25,PGD_eps0.15_it25,,50,200,PGD,0.15,25.0,,7
0.165,0.25,0.0251572327044025,0.0457142857142857,0.2926829268292683,0.9748427672955976,RF,0.25,PGD_eps0.3_it10,,50,200,PGD,0.3,10.0,,7
0.135,0.15,0.0188679245283018,0.0335195530726257,0.4146341463414634,0.981132075471698,RF,0.25,PGD_eps0.3_it25,,50,200,PGD,0.3,25.0,,7
0.125,0.1363636363636363,0.0188679245283018,0.0331491712707182,0.4634146341463415,0.981132075471698,RF,0.25,PGD_eps0.5_it10,,50,200,PGD,0.5,10.0,,7
0.135,0.15,0.0188679245283018,0.0335195530726257,0.4146341463414634,0.981132075471698,RF,0.25,PGD_eps0.5_it25,,50,200,PGD,0.5,25.0,,7
0.145,0.1666666666666666,0.0188679245283018,0.0338983050847457,0.3658536585365853,0.981132075471698,RF,0.25,PGD_eps0.75_it10,,50,200,PGD,0.75,10.0,,7
0.13,0.1428571428571428,0.0188679245283018,0.0333333333333333,0.4390243902439024,0.981132075471698,RF,0.25,PGD_eps0.75_it25,,50,200,PGD,0.75,25.0,,7
0.205,0.0,0.0,0.0,0.0,1.0,RF,0.25,CW_c0.0_it10,,50,200,CW,,10.0,0.0,7
0.205,0.0,0.0,0.0,0.0,1.0,RF,0.25,CW_c0.5_it10,,50,200,CW,,10.0,0.5,7
0.94,0.9298245614035088,1.0,0.9636363636363636,0.2926829268292683,0.0,MLP,0.25,Clean,0.0021589648723602,50,200,,,,,7
0.17,0.4492753623188406,0.1949685534591195,0.2719298245614035,0.926829268292683,0.8050314465408805,MLP,0.25,FGSM_eps0.15,,50,200,FGSM,0.15,1.0,,7
0.085,0.2857142857142857,0.10062893081761,0.1488372093023255,0.975609756097561,0.89937106918239,MLP,0.25,FGSM_eps0.3,,50,200,FGSM,0.3,1.0,,7
0.095,0.3103448275862069,0.1132075471698113,0.1658986175115207,0.975609756097561,0.8867924528301887,MLP,0.25,FGSM_eps0.5,,50,200,FGSM,0.5,1.0,,7
0.185,0.4736842105263157,0.2264150943396226,0.3063829787234042,0.975609756097561,0.7735849056603774,MLP,0.25,FGSM_eps0.75,,50,200,FGSM,0.75,1.0,,7
0.14,0.4057971014492754,0.1761006289308176,0.2456140350877192,1.0,0.8238993710691824,MLP,0.25,PGD_eps0.15_it10,,50,200,PGD,0.15,10.0,,7
0.18,0.4675324675324675,0.2264150943396226,0.3050847457627119,1.0,0.7735849056603774,MLP,0.25,PGD_eps0.15_it25,,50,200,PGD,0.15,25.0,,7
0.03,0.1276595744680851,0.0377358490566037,0.058252427184466,1.0,0.9622641509433962,MLP,0.25,PGD_eps0.3_it10,,50,200,PGD,0.3,10.0,,7
0.03,0.1276595744680851,0.0377358490566037,0.058252427184466,1.0,0.9622641509433962,MLP,0.25,PGD_eps0.3_it25,,50,200,PGD,0.3,25.0,,7
0.03,0.1276595744680851,0.0377358490566037,0.058252427184466,1.0,0.9622641509433962,MLP,0.25,PGD_eps0.5_it10,,50,200,PGD,0.5,10.0,,7
0.03,0.1276595744680851,0.0377358490566037,0.058252427184466,1.0,0.9622641509433962,MLP,0.25,PGD_eps0.5_it25,,50,200,PGD,0.5,25.0,,7
0.03,0.1276595744680851,0.0377358490566037,0.058252427184466,1.0,0.9622641509433962,MLP,0.25,PGD_eps0.75_it10,,50,200,PGD,0.75,10.0,,7
0.03,0.1276595744680851,0.0377358490566037,0.058252427184466,1.0,0.9622641509433962,MLP,0.25,PGD_eps0.75_it25,,50,200,PGD,0.75,25.0,,7
0.795,0.8072916666666666,0.9748427672955976,0.8831908831908832,0.902439024390244,0.0251572327044025,MLP,0.25,CW_c0.0_it10,,50,200,CW,,10.0,0.0,7
0.78,0.7979274611398963,0.9685534591194968,0.875,0.951219512195122,0.0314465408805031,MLP,0.25,CW_c0.5_it10,,50,200,CW,,10.0,0.5,7
0.935,0.9620253164556962,0.9559748427672956,0.9589905362776026,0.1463414634146341,0.0440251572327044,LR,0.5,Clean,0.0001533377170562,50,200,,,,,7
0.575,0.7803030303030303,0.6477987421383647,0.7079037800687286,0.7073170731707317,0.3522012578616352,LR,0.5,FGSM_eps0.15,,50,200,FGSM,0.15,1.0,,7
0.09,0.2909090909090909,0.10062893081761,0.1495327102803738,0.951219512195122,0.89937106918239,LR,0.5,FGSM_eps0.3,,50,200,FGSM,0.3,1.0,,7
0.04,0.1489361702127659,0.0440251572327044,0.0679611650485436,0.975609756097561,0.9559748427672956,LR,0.5,FGSM_eps0.5,,50,200,FGSM,0.5,1.0,,7
0.035,0.1458333333333333,0.0440251572327044,0.0676328502415458,1.0,0.9559748427672956,LR,0.5,FGSM_eps0.75,,50,200,FGSM,0.75,1.0,,7
0.535,0.8055555555555556,0.5471698113207547,0.651685393258427,0.5121951219512195,0.4528301886792453,LR,0.5,PGD_eps0.15_it10,,50,200,PGD,0.15,10.0,,7
0.53,0.7981651376146789,0.5471698113207547,0.6492537313432836,0.5365853658536586,0.4528301886792453,LR,0.5,PGD_eps0.15_it25,,50,200,PGD,0.15,25.0,,7
0.08,0.2807017543859649,0.10062893081761,0.1481481481481481,1.0,0.89937106918239,LR,0.5,PGD_eps0.3_it10,,50,200,PGD,0.3,10.0,,7
0.08,0.2807017543859649,0.10062893081761,0.1481481481481481,1.0,0.89937106918239,LR,0.5,PGD_eps0.3_it25,,50,200,PGD,0.3,25.0,,7
0.03,0.1276595744680851,0.0377358490566037,0.058252427184466,1.0,0.9622641509433962,LR,0.5,PGD_eps0.5_it10,,50,200,PGD,0.5,10.0,,7
0.03,0.1276595744680851,0.0377358490566037,0.058252427184466,1.0,0.9622641509433962,LR,0.5,PGD_eps0.5_it25,,50,200,PGD,0.5,25.0,,7
0.03,0.1276595744680851,0.0377358490566037,0.058252427184466,1.0,0.9622641509433962,LR,0.5,PGD_eps0.75_it10,,50,200,PGD,0.75,10.0,,7
0.03,0.1276595744680851,0.0377358490566037,0.058252427184466,1.0,0.9622641509433962,LR,0.5,PGD_eps0.75_it25,,50,200,PGD,0.75,25.0,,7
0.9,0.9483870967741936,0.9245283018867924,0.9363057324840764,0.1951219512195122,0.0754716981132075,LR,0.5,CW_c0.0_it10,,50,200,CW,,10.0,0.0,7
0.885,0.9594594594594594,0.8930817610062893,0.9250814332247556,0.1463414634146341,0.1069182389937107,LR,0.5,CW_c0.5_it10,,50,200,CW,,10.0,0.5,7
0.91,0.9548387096774194,0.9308176100628932,0.9426751592356688,0.1707317073170731,0.0691823899371069,SVM,0.5,Clean,0.0001523387432098,50,200,,,,,7
0.14,0.4029850746268656,0.1698113207547169,0.2389380530973451,0.975609756097561,0.8301886792452831,SVM,0.5,FGSM_eps0.15,,50,200,FGSM,0.15,1.0,,7
0.03,0.1276595744680851,0.0377358490566037,0.058252427184466,1.0,0.9622641509433962,SVM,0.5,FGSM_eps0.3,,50,200,FGSM,0.3,1.0,,7
0.03,0.1276595744680851,0.0377358490566037,0.058252427184466,1.0,0.9622641509433962,SVM,0.5,FGSM_eps0.5,,50,200,FGSM,0.5,1.0,,7
0.03,0.1276595744680851,0.0377358490566037,0.058252427184466,1.0,0.9622641509433962,SVM,0.5,FGSM_eps0.75,,50,200,FGSM,0.75,1.0,,7
0.095,0.3103448275862069,0.1132075471698113,0.1658986175115207,0.975609756097561,0.8867924528301887,SVM,0.5,PGD_eps0.15_it10,,50,200,PGD,0.15,10.0,,7
0.1,0.3220338983050847,0.1194968553459119,0.1743119266055046,0.975609756097561,0.8805031446540881,SVM,0.5,PGD_eps0.15_it25,,50,200,PGD,0.15,25.0,,7
0.03,0.1276595744680851,0.0377358490566037,0.058252427184466,1.0,0.9622641509433962,SVM,0.5,PGD_eps0.3_it10,,50,200,PGD,0.3,10.0,,7
0.03,0.1276595744680851,0.0377358490566037,0.058252427184466,1.0,0.9622641509433962,SVM,0.5,PGD_eps0.3_it25,,50,200,PGD,0.3,25.0,,7
0.03,0.1276595744680851,0.0377358490566037,0.058252427184466,1.0,0.9622641509433962,SVM,0.5,PGD_eps0.5_it10,,50,200,PGD,0.5,10.0,,7
0.03,0.1276595744680851,0.0377358490566037,0.058252427184466,1.0,0.9622641509433962,SVM,0.5,PGD_eps0.5_it25,,50,200,PGD,0.5,25.0,,7
0.03,0.1276595744680851,0.0377358490566037,0.058252427184466,1.0,0.9622641509433962,SVM,0.5,PGD_eps0.75_it10,,50,200,PGD,0.75,10.0,,7
0.03,0.1276595744680851,0.0377358490566037,0.058252427184466,1.0,0.9622641509433962,SVM,0.5,PGD_eps0.75_it25,,50,200,PGD,0.75,25.0,,7
0.755,0.9104477611940298,0.7672955974842768,0.8327645051194539,0.2926829268292683,0.2327044025157232,SVM,0.5,CW_c0.0_it10,,50,200,CW,,10.0,0.0,7
0.71,0.904,0.710691823899371,0.795774647887324,0.2926829268292683,0.2893081761006289,SVM,0.5,CW_c0.5_it10,,50,200,CW,,10.0,0.5,7
0.205,0.0,0.0,0.0,0.0,1.0,RF,0.5,Clean,0.005340871810913,50,200,,,,,7
0.205,0.0,0.0,0.0,0.0,1.0,RF,0.5,FGSM_eps0.15,,50,200,FGSM,0.15,1.0,,7
0.19,0.0,0.0,0.0,0.073170731707317,1.0,RF,0.5,FGSM_eps0.3,,50,200,FGSM,0.3,1.0,,7
0.175,0.25,0.0188679245283018,0.0350877192982456,0.2195121951219512,0.981132075471698,RF,0.5,FGSM_eps0.5,,50,200,FGSM,0.5,1.0,,7
0.155,0.3214285714285714,0.0566037735849056,0.0962566844919786,0.4634146341463415,0.9433962264150944,RF,0.5,FGSM_eps0.75,,50,200,FGSM,0.75,1.0,,7
0.195,0.0,0.0,0.0,0.048780487804878,1.0,RF,0.5,PGD_eps0.15_it10,,50,200,PGD,0.15,10.0,,7
0.205,0.0,0.0,0.0,0.0,1.0,RF,0.5,PGD_eps0.15_it25,,50,200,PGD,0.15,25.0,,7
0.185,0.0,0.0,0.0,0.0975609756097561,1.0,RF,0.5,PGD_eps0.3_it10,,50,200,PGD,0.3,10.0,,7
0.185,0.0,0.0,0.0,0.0975609756097561,1.0,RF,0.5,PGD_eps0.3_it25,,50,200,PGD,0.3,25.0,,7
0.18,0.2222222222222222,0.0125786163522012,0.0238095238095238,0.1707317073170731,0.9874213836477987,RF,0.5,PGD_eps0.5_it10,,50,200,PGD,0.5,10.0,,7
0.18,0.2222222222222222,0.0125786163522012,0.0238095238095238,0.1707317073170731,0.9874213836477987,RF,0.5,PGD_eps0.5_it25,,50,200,PGD,0.5,25.0,,7
0.17,0.2307692307692307,0.0188679245283018,0.0348837209302325,0.2439024390243902,0.981132075471698,RF,0.5,PGD_eps0.75_it10,,50,200,PGD,0.75,10.0,,7
0.16,0.2,0.0188679245283018,0.0344827586206896,0.2926829268292683,0.981132075471698,RF,0.5,PGD_eps0.75_it25,,50,200,PGD,0.75,25.0,,7
0.205,0.0,0.0,0.0,0.0,1.0,RF,0.5,CW_c0.0_it10,,50,200,CW,,10.0,0.0,7
0.205,0.0,0.0,0.0,0.0,1.0,RF,0.5,CW_c0.5_it10,,50,200,CW,,10.0,0.5,7
0.89,0.8784530386740331,1.0,0.9352941176470588,0.5365853658536586,0.0,MLP,0.5,Clean,0.0025488126277923,50,200,,,,,7
0.54,0.7278911564625851,0.6729559748427673,0.6993464052287581,0.975609756097561,0.3270440251572327,MLP,0.5,FGSM_eps0.15,,50,200,FGSM,0.15,1.0,,7
0.14,0.4029850746268656,0.1698113207547169,0.2389380530973451,0.975609756097561,0.8301886792452831,MLP,0.5,FGSM_eps0.3,,50,200,FGSM,0.3,1.0,,7
0.105,0.3333333333333333,0.1257861635220125,0.182648401826484,0.975609756097561,0.8742138364779874,MLP,0.5,FGSM_eps0.5,,50,200,FGSM,0.5,1.0,,7
0.165,0.4444444444444444,0.2012578616352201,0.277056277056277,0.975609756097561,0.7987421383647799,MLP,0.5,FGSM_eps0.75,,50,200,FGSM,0.75,1.0,,7
0.63,0.7544910179640718,0.7924528301886793,0.7730061349693251,1.0,0.2075471698113207,MLP,0.5,PGD_eps0.15_it10,,50,200,PGD,0.15,10.0,,7
0.65,0.7602339181286549,0.8176100628930818,0.7878787878787878,1.0,0.1823899371069182,MLP,0.5,PGD_eps0.15_it25,,50,200,PGD,0.15,25.0,,7
0.15,0.4225352112676056,0.1886792452830188,0.2608695652173913,1.0,0.8113207547169812,MLP,0.5,PGD_eps0.3_it10,,50,200,PGD,0.3,10.0,,7
0.23,0.5287356321839081,0.2893081761006289,0.3739837398373983,1.0,0.710691823899371,MLP,0.5,PGD_eps0.3_it25,,50,200,PGD,0.3,25.0,,7
0.03,0.1276595744680851,0.0377358490566037,0.058252427184466,1.0,0.9622641509433962,MLP,0.5,PGD_eps0.5_it10,,50,200,PGD,0.5,10.0,,7
0.03,0.1276595744680851,0.0377358490566037,0.058252427184466,1.0,0.9622641509433962,MLP,0.5,PGD_eps0.5_it25,,50,200,PGD,0.5,25.0,,7
0.03,0.1276595744680851,0.0377358490566037,0.058252427184466,1.0,0.9622641509433962,MLP,0.5,PGD_eps0.75_it10,,50,200,PGD,0.75,10.0,,7
0.03,0.1276595744680851,0.0377358490566037,0.058252427184466,1.0,0.9622641509433962,MLP,0.5,PGD_eps0.75_it25,,50,200,PGD,0.75,25.0,,7
0.79,0.8,0.981132075471698,0.8813559322033898,0.951219512195122,0.0188679245283018,MLP,0.5,CW_c0.0_it10,,50,200,CW,,10.0,0.0,7
0.79,0.7969543147208121,0.9874213836477987,0.8820224719101124,0.975609756097561,0.0125786163522012,MLP,0.5,CW_c0.5_it10,,50,200,CW,,10.0,0.5,7
0.865,0.9565217391304348,0.8627450980392157,0.9072164948453608,0.1276595744680851,0.1372549019607843,LR,0.1,Clean,0.0001536118984222,50,200,,,,,123
0.82,0.9148936170212766,0.8431372549019608,0.8775510204081632,0.2553191489361702,0.1568627450980392,LR,0.1,FGSM_eps0.15,,50,200,FGSM,0.15,1.0,,123
0.555,0.8555555555555555,0.5032679738562091,0.6337448559670782,0.2765957446808511,0.4967320261437908,LR,0.1,FGSM_eps0.3,,50,200,FGSM,0.3,1.0,,123
0.255,0.5555555555555556,0.130718954248366,0.2116402116402116,0.3404255319148936,0.869281045751634,LR,0.1,FGSM_eps0.5,,50,200,FGSM,0.5,1.0,,123
0.175,0.3,0.0588235294117647,0.0983606557377049,0.4468085106382978,0.9411764705882352,LR,0.1,FGSM_eps0.75,,50,200,FGSM,0.75,1.0,,123
0.765,0.9140625,0.7647058823529411,0.8327402135231317,0.2340425531914893,0.2352941176470588,LR,0.1,PGD_eps0.15_it10,,50,200,PGD,0.15,10.0,,123
0.78,0.9224806201550388,0.7777777777777778,0.8439716312056738,0.2127659574468085,0.2222222222222222,LR,0.1,PGD_eps0.15_it25,,50,200,PGD,0.15,25.0,,123
0.6,0.8288288288288288,0.6013071895424836,0.696969696969697,0.4042553191489361,0.3986928104575163,LR,0.1,PGD_eps0.3_it10,,50,200,PGD,0.3,10.0,,123
0.515,0.7857142857142857,0.5032679738562091,0.6135458167330677,0.4468085106382978,0.4967320261437908,LR,0.1,PGD_eps0.3_it25,,50,200,PGD,0.3,25.0,,123
0.53,0.7565217391304347,0.5686274509803921,0.6492537313432836,0.5957446808510638,0.4313725490196078,LR,0.1,PGD_eps0.5_it10,,50,200,PGD,0.5,10.0,,123
0.465,0.7346938775510204,0.4705882352941176,0.5737051792828686,0.5531914893617021,0.5294117647058824,LR,0.1,PGD_eps0.5_it25,,50,200,PGD,0.5,25.0,,123
0.475,0.7181818181818181,0.5163398692810458,0.6007604562737643,0.6595744680851063,0.4836601307189542,LR,0.1,PGD_eps0.75_it10,,50,200,PGD,0.75,10.0,,123
0.405,0.6770833333333334,0.4248366013071895,0.5220883534136547,0.6595744680851063,0.5751633986928104,LR,0.1,PGD_eps0.75_it25,,50,200,PGD,0.75,25.0,,123
0.865,0.9565217391304348,0.8627450980392157,0.9072164948453608,0.1276595744680851,0.1372549019607843,LR,0.1,CW_c0.0_it10,,50,200,CW,,10.0,0.0,123
0.865,0.9565217391304348,0.8627450980392157,0.9072164948453608,0.1276595744680851,0.1372549019607843,LR,0.1,CW_c0.5_it10,,50,200,CW,,10.0,0.5,123
0.87,0.9635036496350364,0.8627450980392157,0.9103448275862068,0.1063829787234042,0.1372549019607843,SVM,0.1,Clean,0.0001545441150665,50,200,,,,,123
0.795,0.9117647058823528,0.8104575163398693,0.8581314878892734,0.2553191489361702,0.1895424836601307,SVM,0.1,FGSM_eps0.15,,50,200,FGSM,0.15,1.0,,123
0.595,0.8214285714285714,0.6013071895424836,0.6943396226415094,0.425531914893617,0.3986928104575163,SVM,0.1,FGSM_eps0.3,,50,200,FGSM,0.3,1.0,,123
0.275,0.58,0.1895424836601307,0.2857142857142857,0.4468085106382978,0.8104575163398693,SVM,0.1,FGSM_eps0.5,,50,200,FGSM,0.5,1.0,,123
0.2,0.4,0.0915032679738562,0.1489361702127659,0.4468085106382978,0.9084967320261438,SVM,0.1,FGSM_eps0.75,,50,200,FGSM,0.75,1.0,,123
0.82,0.927007299270073,0.8300653594771242,0.8758620689655172,0.2127659574468085,0.1699346405228758,SVM,0.1,PGD_eps0.15_it10,,50,200,PGD,0.15,10.0,,123
0.81,0.925925925925926,0.8169934640522876,0.8680555555555556,0.2127659574468085,0.1830065359477124,SVM,0.1,PGD_eps0.15_it25,,50,200,PGD,0.15,25.0,,123
0.61,0.8640776699029126,0.5816993464052288,0.6953125,0.2978723404255319,0.4183006535947712,SVM,0.1,PGD_eps0.3_it10,,50,200,PGD,0.3,10.0,,123
0.585,0.85,0.5555555555555556,0.6719367588932806,0.3191489361702128,0.4444444444444444,SVM,0.1,PGD_eps0.3_it25,,50,200,PGD,0.3,25.0,,123
0.47,0.7281553398058253,0.4901960784313725,0.5859375,0.5957446808510638,0.5098039215686274,SVM,0.1,PGD_eps0.5_it10,,50,200,PGD,0.5,10.0,,123
0.49,0.7428571428571429,0.5098039215686274,0.6046511627906976,0.574468085106383,0.4901960784313725,SVM,0.1,PGD_eps0.5_it25,,50,200,PGD,0.5,25.0,,123
0.375,0.625,0.457516339869281,0.5283018867924528,0.8936170212765957,0.5424836601307189,SVM,0.1,PGD_eps0.75_it10,,50,200,PGD,0.75,10.0,,123
0.41,0.6804123711340206,0.4313725490196078,0.528,0.6595744680851063,0.5686274509803921,SVM,0.1,PGD_eps0.75_it25,,50,200,PGD,0.75,25.0,,123
0.87,0.9635036496350364,0.8627450980392157,0.9103448275862068,0.1063829787234042,0.1372549019607843,SVM,0.1,CW_c0.0_it10,,50,200,CW,,10.0,0.0,123
0.865,0.9565217391304348,0.8627450980392157,0.9072164948453608,0.1276595744680851,0.1372549019607843,SVM,0.1,CW_c0.5_it10,,50,200,CW,,10.0,0.5,123
0.245,1.0,0.0130718954248366,0.0258064516129032,0.0,0.9869281045751634,RF,0.1,Clean,0.0052980601787567,50,200,,,,,123
0.135,0.0454545454545454,0.0065359477124183,0.0114285714285714,0.4468085106382978,0.9934640522875816,RF,0.1,FGSM_eps0.15,,50,200,FGSM,0.15,1.0,,123
0.135,0.0454545454545454,0.0065359477124183,0.0114285714285714,0.4468085106382978,0.9934640522875816,RF,0.1,FGSM_eps0.3,,50,200,FGSM,0.3,1.0,,123
0.135,0.0454545454545454,0.0065359477124183,0.0114285714285714,0.4468085106382978,0.9934640522875816,RF,0.1,FGSM_eps0.5,,50,200,FGSM,0.5,1.0,,123
0.15,0.1851851851851851,0.0326797385620915,0.0555555555555555,0.4680851063829787,0.9673202614379084,RF,0.1,FGSM_eps0.75,,50,200,FGSM,0.75,1.0,,123
0.155,0.0555555555555555,0.0065359477124183,0.0116959064327485,0.3617021276595745,0.9934640522875816,RF,0.1,PGD_eps0.15_it10,,50,200,PGD,0.15,10.0,,123
0.155,0.0555555555555555,0.0065359477124183,0.0116959064327485,0.3617021276595745,0.9934640522875816,RF,0.1,PGD_eps0.15_it25,,50,200,PGD,0.15,25.0,,123
0.155,0.1,0.0130718954248366,0.0231213872832369,0.3829787234042553,0.9869281045751634,RF,0.1,PGD_eps0.3_it10,,50,200,PGD,0.3,10.0,,123
0.15,0.0952380952380952,0.0130718954248366,0.0229885057471264,0.4042553191489361,0.9869281045751634,RF,0.1,PGD_eps0.3_it25,,50,200,PGD,0.3,25.0,,123
0.155,0.0555555555555555,0.0065359477124183,0.0116959064327485,0.3617021276595745,0.9934640522875816,RF,0.1,PGD_eps0.5_it10,,50,200,PGD,0.5,10.0,,123
0.145,0.0909090909090909,0.0130718954248366,0.0228571428571428,0.425531914893617,0.9869281045751634,RF,0.1,PGD_eps0.5_it25,,50,200,PGD,0.5,25.0,,123
0.14,0.0476190476190476,0.0065359477124183,0.0114942528735632,0.425531914893617,0.9934640522875816,RF,0.1,PGD_eps0.75_it10,,50,200,PGD,0.75,10.0,,123
0.145,0.125,0.0196078431372549,0.0338983050847457,0.4468085106382978,0.9803921568627452,RF,0.1,PGD_eps0.75_it25,,50,200,PGD,0.75,25.0,,123
0.24,1.0,0.0065359477124183,0.0129870129870129,0.0,0.9934640522875816,RF,0.1,CW_c0.0_it10,,50,200,CW,,10.0,0.0,123
0.235,0.0,0.0,0.0,0.0,1.0,RF,0.1,CW_c0.5_it10,,50,200,CW,,10.0,0.5,123
0.905,0.971830985915493,0.9019607843137256,0.9355932203389832,0.0851063829787234,0.0980392156862745,MLP,0.1,Clean,0.0024304974079132,50,200,,,,,123
0.06,0.1276595744680851,0.0392156862745098,0.06,0.8723404255319149,0.9607843137254902,MLP,0.1,FGSM_eps0.15,,50,200,FGSM,0.15,1.0,,123
0.185,0.4305555555555556,0.2026143790849673,0.2755555555555555,0.8723404255319149,0.7973856209150327,MLP,0.1,FGSM_eps0.3,,50,200,FGSM,0.3,1.0,,123
0.27,0.5384615384615384,0.3202614379084967,0.4016393442622951,0.8936170212765957,0.6797385620915033,MLP,0.1,FGSM_eps0.5,,50,200,FGSM,0.5,1.0,,123
0.32,0.5841584158415841,0.3856209150326797,0.4645669291338583,0.8936170212765957,0.6143790849673203,MLP,0.1,FGSM_eps0.75,,50,200,FGSM,0.75,1.0,,123
0.09,0.2542372881355932,0.0980392156862745,0.1415094339622641,0.9361702127659576,0.9019607843137256,MLP,0.1,PGD_eps0.15_it10,,50,200,PGD,0.15,10.0,,123
0.135,0.3387096774193548,0.1372549019607843,0.1953488372093023,0.8723404255319149,0.8627450980392157,MLP,0.1,PGD_eps0.15_it25,,50,200,PGD,0.15,25.0,,123
0.065,0.1964285714285714,0.0718954248366013,0.1052631578947368,0.9574468085106383,0.9281045751633988,MLP,0.1,PGD_eps0.3_it10,,50,200,PGD,0.3,10.0,,123
0.06,0.1698113207547169,0.0588235294117647,0.087378640776699,0.9361702127659576,0.9411764705882352,MLP,0.1,PGD_eps0.3_it25,,50,200,PGD,0.3,25.0,,123
0.06,0.1818181818181818,0.065359477124183,0.0961538461538461,0.9574468085106383,0.934640522875817,MLP,0.1,PGD_eps0.5_it10,,50,200,PGD,0.5,10.0,,123
0.065,0.1964285714285714,0.0718954248366013,0.1052631578947368,0.9574468085106383,0.9281045751633988,MLP,0.1,PGD_eps0.5_it25,,50,200,PGD,0.5,25.0,,123
0.065,0.1964285714285714,0.0718954248366013,0.1052631578947368,0.9574468085106383,0.9281045751633988,MLP,0.1,PGD_eps0.75_it10,,50,200,PGD,0.75,10.0,,123
0.065,0.1964285714285714,0.0718954248366013,0.1052631578947368,0.9574468085106383,0.9281045751633988,MLP,0.1,PGD_eps0.75_it25,,50,200,PGD,0.75,25.0,,123
0.615,0.7638888888888888,0.7189542483660131,0.7407407407407407,0.723404255319149,0.2810457516339869,MLP,0.1,CW_c0.0_it10,,50,200,CW,,10.0,0.0,123
0.53,0.7153284671532847,0.6405228758169934,0.6758620689655173,0.8297872340425532,0.3594771241830065,MLP,0.1,CW_c0.5_it10,,50,200,CW,,10.0,0.5,123
0.865,0.9565217391304348,0.8627450980392157,0.9072164948453608,0.1276595744680851,0.1372549019607843,LR,0.25,Clean,0.0001531314849853,50,200,,,,,123
0.81,0.9136690647482014,0.8300653594771242,0.8698630136986302,0.2553191489361702,0.1699346405228758,LR,0.25,FGSM_eps0.15,,50,200,FGSM,0.15,1.0,,123
0.535,0.8488372093023255,0.477124183006536,0.6108786610878661,0.2765957446808511,0.5228758169934641,LR,0.25,FGSM_eps0.3,,50,200,FGSM,0.3,1.0,,123
0.255,0.5555555555555556,0.130718954248366,0.2116402116402116,0.3404255319148936,0.869281045751634,LR,0.25,FGSM_eps0.5,,50,200,FGSM,0.5,1.0,,123
0.185,0.3333333333333333,0.065359477124183,0.1092896174863388,0.425531914893617,0.934640522875817,LR,0.25,FGSM_eps0.75,,50,200,FGSM,0.75,1.0,,123
0.78,0.9224806201550388,0.7777777777777778,0.8439716312056738,0.2127659574468085,0.2222222222222222,LR,0.25,PGD_eps0.15_it10,,50,200,PGD,0.15,10.0,,123
0.77,0.9212598425196852,0.7647058823529411,0.8357142857142857,0.2127659574468085,0.2352941176470588,LR,0.25,PGD_eps0.15_it25,,50,200,PGD,0.15,25.0,,123
0.585,0.8017241379310345,0.6078431372549019,0.6914498141263941,0.4893617021276595,0.392156862745098,LR,0.25,PGD_eps0.3_it10,,50,200,PGD,0.3,10.0,,123
0.55,0.8,0.5490196078431373,0.6511627906976745,0.4468085106382978,0.4509803921568627,LR,0.25,PGD_eps0.3_it25,,50,200,PGD,0.3,25.0,,123
0.525,0.7543859649122807,0.5620915032679739,0.6441947565543071,0.5957446808510638,0.4379084967320261,LR,0.25,PGD_eps0.5_it10,,50,200,PGD,0.5,10.0,,123
0.455,0.7291666666666666,0.457516339869281,0.5622489959839357,0.5531914893617021,0.5424836601307189,LR,0.25,PGD_eps0.5_it25,,50,200,PGD,0.5,25.0,,123
0.465,0.7090909090909091,0.5098039215686274,0.5931558935361216,0.6808510638297872,0.4901960784313725,LR,0.25,PGD_eps0.75_it10,,50,200,PGD,0.75,10.0,,123
0.405,0.6770833333333334,0.4248366013071895,0.5220883534136547,0.6595744680851063,0.5751633986928104,LR,0.25,PGD_eps0.75_it25,,50,200,PGD,0.75,25.0,,123
0.865,0.9565217391304348,0.8627450980392157,0.9072164948453608,0.1276595744680851,0.1372549019607843,LR,0.25,CW_c0.0_it10,,50,200,CW,,10.0,0.0,123
0.865,0.9565217391304348,0.8627450980392157,0.9072164948453608,0.1276595744680851,0.1372549019607843,LR,0.25,CW_c0.5_it10,,50,200,CW,,10.0,0.5,123
0.87,0.9635036496350364,0.8627450980392157,0.9103448275862068,0.1063829787234042,0.1372549019607843,SVM,0.25,Clean,0.0001524305343627,50,200,,,,,123
0.78,0.9097744360902256,0.7908496732026143,0.8461538461538461,0.2553191489361702,0.2091503267973856,SVM,0.25,FGSM_eps0.15,,50,200,FGSM,0.15,1.0,,123
0.545,0.81,0.5294117647058824,0.6403162055335968,0.4042553191489361,0.4705882352941176,SVM,0.25,FGSM_eps0.3,,50,200,FGSM,0.3,1.0,,123
0.275,0.58,0.1895424836601307,0.2857142857142857,0.4468085106382978,0.8104575163398693,SVM,0.25,FGSM_eps0.5,,50,200,FGSM,0.5,1.0,,123
0.205,0.4166666666666667,0.0980392156862745,0.1587301587301587,0.4468085106382978,0.9019607843137256,SVM,0.25,FGSM_eps0.75,,50,200,FGSM,0.75,1.0,,123
0.815,0.9264705882352942,0.8235294117647058,0.8719723183391004,0.2127659574468085,0.1764705882352941,SVM,0.25,PGD_eps0.15_it10,,50,200,PGD,0.15,10.0,,123
0.795,0.9117647058823528,0.8104575163398693,0.8581314878892734,0.2553191489361702,0.1895424836601307,SVM,0.25,PGD_eps0.15_it25,,50,200,PGD,0.15,25.0,,123
0.605,0.8557692307692307,0.5816993464052288,0.6926070038910506,0.3191489361702128,0.4183006535947712,SVM,0.25,PGD_eps0.3_it10,,50,200,PGD,0.3,10.0,,123
0.565,0.8367346938775511,0.5359477124183006,0.6533864541832669,0.3404255319148936,0.4640522875816993,SVM,0.25,PGD_eps0.3_it25,,50,200,PGD,0.3,25.0,,123
0.485,0.75,0.4901960784313725,0.5928853754940712,0.5319148936170213,0.5098039215686274,SVM,0.25,PGD_eps0.5_it10,,50,200,PGD,0.5,10.0,,123
0.47,0.7281553398058253,0.4901960784313725,0.5859375,0.5957446808510638,0.5098039215686274,SVM,0.25,PGD_eps0.5_it25,,50,200,PGD,0.5,25.0,,123
0.38,0.6306306306306306,0.457516339869281,0.5303030303030303,0.8723404255319149,0.5424836601307189,SVM,0.25,PGD_eps0.75_it10,,50,200,PGD,0.75,10.0,,123
0.415,0.6836734693877551,0.4379084967320261,0.5338645418326693,0.6595744680851063,0.5620915032679739,SVM,0.25,PGD_eps0.75_it25,,50,200,PGD,0.75,25.0,,123
0.865,0.9565217391304348,0.8627450980392157,0.9072164948453608,0.1276595744680851,0.1372549019607843,SVM,0.25,CW_c0.0_it10,,50,200,CW,,10.0,0.0,123
0.87,0.9635036496350364,0.8627450980392157,0.9103448275862068,0.1063829787234042,0.1372549019607843,SVM,0.25,CW_c0.5_it10,,50,200,CW,,10.0,0.5,123
0.235,0.0,0.0,0.0,0.0,1.0,RF,0.25,Clean,0.0053115081787109,50,200,,,,,123
0.225,0.0,0.0,0.0,0.0425531914893617,1.0,RF,0.25,FGSM_eps0.15,,50,200,FGSM,0.15,1.0,,123
0.15,0.0,0.0,0.0,0.3617021276595745,1.0,RF,0.25,FGSM_eps0.3,,50,200,FGSM,0.3,1.0,,123
0.13,0.0,0.0,0.0,0.4468085106382978,1.0,RF,0.25,FGSM_eps0.5,,50,200,FGSM,0.5,1.0,,123
0.13,0.08,0.0130718954248366,0.0224719101123595,0.4893617021276595,0.9869281045751634,RF,0.25,FGSM_eps0.75,,50,200,FGSM,0.75,1.0,,123
0.235,0.0,0.0,0.0,0.0,1.0,RF,0.25,PGD_eps0.15_it10,,50,200,PGD,0.15,10.0,,123
0.235,0.0,0.0,0.0,0.0,1.0,RF,0.25,PGD_eps0.15_it25,,50,200,PGD,0.15,25.0,,123
0.16,0.0,0.0,0.0,0.3191489361702128,1.0,RF,0.25,PGD_eps0.3_it10,,50,200,PGD,0.3,10.0,,123
0.17,0.0,0.0,0.0,0.2765957446808511,1.0,RF,0.25,PGD_eps0.3_it25,,50,200,PGD,0.3,25.0,,123
0.155,0.0,0.0,0.0,0.3404255319148936,1.0,RF,0.25,PGD_eps0.5_it10,,50,200,PGD,0.5,10.0,,123
0.135,0.0,0.0,0.0,0.425531914893617,1.0,RF,0.25,PGD_eps0.5_it25,,50,200,PGD,0.5,25.0,,123
0.14,0.0,0.0,0.0,0.4042553191489361,1.0,RF,0.25,PGD_eps0.75_it10,,50,200,PGD,0.75,10.0,,123
0.13,0.0,0.0,0.0,0.4468085106382978,1.0,RF,0.25,PGD_eps0.75_it25,,50,200,PGD,0.75,25.0,,123
0.235,0.0,0.0,0.0,0.0,1.0,RF,0.25,CW_c0.0_it10,,50,200,CW,,10.0,0.0,123
0.235,0.0,0.0,0.0,0.0,1.0,RF,0.25,CW_c0.5_it10,,50,200,CW,,10.0,0.5,123
0.84,0.8954248366013072,0.8954248366013072,0.8954248366013072,0.3404255319148936,0.1045751633986928,MLP,0.25,Clean,0.0023762929439544,50,200,,,,,123
0.06,0.1111111111111111,0.0326797385620915,0.0505050505050505,0.851063829787234,0.9673202614379084,MLP,0.25,FGSM_eps0.15,,50,200,FGSM,0.15,1.0,,123
0.075,0.18,0.0588235294117647,0.0886699507389162,0.8723404255319149,0.9411764705882352,MLP,0.25,FGSM_eps0.3,,50,200,FGSM,0.3,1.0,,123
0.255,0.5227272727272727,0.3006535947712418,0.3817427385892116,0.8936170212765957,0.6993464052287581,MLP,0.25,FGSM_eps0.5,,50,200,FGSM,0.5,1.0,,123
0.325,0.5882352941176471,0.392156862745098,0.4705882352941176,0.8936170212765957,0.6078431372549019,MLP,0.25,FGSM_eps0.75,,50,200,FGSM,0.75,1.0,,123
0.25,0.5176470588235295,0.2875816993464052,0.3697478991596639,0.8723404255319149,0.7124183006535948,MLP,0.25,PGD_eps0.15_it10,,50,200,PGD,0.15,10.0,,123
0.205,0.4583333333333333,0.2156862745098039,0.2933333333333333,0.8297872340425532,0.7843137254901961,MLP,0.25,PGD_eps0.15_it25,,50,200,PGD,0.15,25.0,,123
0.075,0.2241379310344827,0.0849673202614379,0.1232227488151658,0.9574468085106383,0.915032679738562,MLP,0.25,PGD_eps0.3_it10,,50,200,PGD,0.3,10.0,,123
0.1,0.2711864406779661,0.1045751633986928,0.1509433962264151,0.9148936170212766,0.8954248366013072,MLP,0.25,PGD_eps0.3_it25,,50,200,PGD,0.3,25.0,,123
0.065,0.1964285714285714,0.0718954248366013,0.1052631578947368,0.9574468085106383,0.9281045751633988,MLP,0.25,PGD_eps0.5_it10,,50,200,PGD,0.5,10.0,,123
0.07,0.2,0.0718954248366013,0.1057692307692307,0.9361702127659576,0.9281045751633988,MLP,0.25,PGD_eps0.5_it25,,50,200,PGD,0.5,25.0,,123
0.07,0.2105263157894736,0.0784313725490196,0.1142857142857142,0.9574468085106383,0.9215686274509804,MLP,0.25,PGD_eps0.75_it10,,50,200,PGD,0.75,10.0,,123
0.07,0.2105263157894736,0.0784313725490196,0.1142857142857142,0.9574468085106383,0.9215686274509804,MLP,0.25,PGD_eps0.75_it25,,50,200,PGD,0.75,25.0,,123
0.7,0.7784431137724551,0.8496732026143791,0.8125,0.7872340425531915,0.1503267973856209,MLP,0.25,CW_c0.0_it10,,50,200,CW,,10.0,0.0,123
0.695,0.7738095238095238,0.8496732026143791,0.8099688473520249,0.8085106382978723,0.1503267973856209,MLP,0.25,CW_c0.5_it10,,50,200,CW,,10.0,0.5,123
0.875,0.9637681159420288,0.869281045751634,0.9140893470790378,0.1063829787234042,0.130718954248366,LR,0.5,Clean,0.0001542603969573,50,200,,,,,123
0.765,0.9076923076923076,0.7712418300653595,0.833922261484099,0.2553191489361702,0.2287581699346405,LR,0.5,FGSM_eps0.15,,50,200,FGSM,0.15,1.0,,123
0.495,0.8421052631578947,0.4183006535947712,0.5589519650655022,0.2553191489361702,0.5816993464052288,LR,0.5,FGSM_eps0.3,,50,200,FGSM,0.3,1.0,,123
0.245,0.525,0.1372549019607843,0.2176165803108808,0.4042553191489361,0.8627450980392157,LR,0.5,FGSM_eps0.5,,50,200,FGSM,0.5,1.0,,123
0.185,0.34375,0.0718954248366013,0.1189189189189189,0.4468085106382978,0.9281045751633988,LR,0.5,FGSM_eps0.75,,50,200,FGSM,0.75,1.0,,123
0.73,0.902439024390244,0.7254901960784313,0.8043478260869565,0.2553191489361702,0.2745098039215686,LR,0.5,PGD_eps0.15_it10,,50,200,PGD,0.15,10.0,,123
0.745,0.9112903225806452,0.738562091503268,0.8158844765342961,0.2340425531914893,0.261437908496732,LR,0.5,PGD_eps0.15_it25,,50,200,PGD,0.15,25.0,,123
0.595,0.8214285714285714,0.6013071895424836,0.6943396226415094,0.425531914893617,0.3986928104575163,LR,0.5,PGD_eps0.3_it10,,50,200,PGD,0.3,10.0,,123
0.54,0.801980198019802,0.5294117647058824,0.6377952755905512,0.425531914893617,0.4705882352941176,LR,0.5,PGD_eps0.3_it25,,50,200,PGD,0.3,25.0,,123
0.51,0.7477477477477478,0.5424836601307189,0.6287878787878788,0.5957446808510638,0.457516339869281,LR,0.5,PGD_eps0.5_it10,,50,200,PGD,0.5,10.0,,123
0.47,0.7326732673267327,0.4836601307189542,0.5826771653543307,0.574468085106383,0.5163398692810458,LR,0.5,PGD_eps0.5_it25,,50,200,PGD,0.5,25.0,,123
0.455,0.7075471698113207,0.4901960784313725,0.5791505791505791,0.6595744680851063,0.5098039215686274,LR,0.5,PGD_eps0.75_it10,,50,200,PGD,0.75,10.0,,123
0.41,0.6842105263157895,0.4248366013071895,0.5241935483870968,0.6382978723404256,0.5751633986928104,LR,0.5,PGD_eps0.75_it25,,50,200,PGD,0.75,25.0,,123
0.875,0.9637681159420288,0.869281045751634,0.9140893470790378,0.1063829787234042,0.130718954248366,LR,0.5,CW_c0.0_it10,,50,200,CW,,10.0,0.0,123
0.86,0.9562043795620438,0.8562091503267973,0.903448275862069,0.1276595744680851,0.1437908496732026,LR,0.5,CW_c0.5_it10,,50,200,CW,,10.0,0.5,123
0.86,0.9496402877697842,0.8627450980392157,0.9041095890410958,0.1489361702127659,0.1372549019607843,SVM,0.5,Clean,0.000152336359024,50,200,,,,,123
0.745,0.9047619047619048,0.7450980392156863,0.8172043010752689,0.2553191489361702,0.2549019607843137,SVM,0.5,FGSM_eps0.15,,50,200,FGSM,0.15,1.0,,123
0.55,0.8118811881188119,0.5359477124183006,0.6456692913385826,0.4042553191489361,0.4640522875816993,SVM,0.5,FGSM_eps0.3,,50,200,FGSM,0.3,1.0,,123
0.255,0.5434782608695652,0.1633986928104575,0.2512562814070351,0.4468085106382978,0.8366013071895425,SVM,0.5,FGSM_eps0.5,,50,200,FGSM,0.5,1.0,,123
0.205,0.4166666666666667,0.0980392156862745,0.1587301587301587,0.4468085106382978,0.9019607843137256,SVM,0.5,FGSM_eps0.75,,50,200,FGSM,0.75,1.0,,123
0.78,0.9097744360902256,0.7908496732026143,0.8461538461538461,0.2553191489361702,0.2091503267973856,SVM,0.5,PGD_eps0.15_it10,,50,200,PGD,0.15,10.0,,123
0.795,0.9242424242424242,0.7973856209150327,0.856140350877193,0.2127659574468085,0.2026143790849673,SVM,0.5,PGD_eps0.15_it25,,50,200,PGD,0.15,25.0,,123
0.63,0.8691588785046729,0.6078431372549019,0.7153846153846154,0.2978723404255319,0.392156862745098,SVM,0.5,PGD_eps0.3_it10,,50,200,PGD,0.3,10.0,,123
0.54,0.8210526315789474,0.5098039215686274,0.6290322580645161,0.3617021276595745,0.4901960784313725,SVM,0.5,PGD_eps0.3_it25,,50,200,PGD,0.3,25.0,,123
0.485,0.7358490566037735,0.5098039215686274,0.6023166023166023,0.5957446808510638,0.4901960784313725,SVM,0.5,PGD_eps0.5_it10,,50,200,PGD,0.5,10.0,,123
0.475,0.7448979591836735,0.477124183006536,0.5816733067729084,0.5319148936170213,0.5228758169934641,SVM,0.5,PGD_eps0.5_it25,,50,200,PGD,0.5,25.0,,123
0.365,0.6226415094339622,0.4313725490196078,0.5096525096525096,0.851063829787234,0.5686274509803921,SVM,0.5,PGD_eps0.75_it10,,50,200,PGD,0.75,10.0,,123
0.4,0.6736842105263158,0.4183006535947712,0.5161290322580645,0.6595744680851063,0.5816993464052288,SVM,0.5,PGD_eps0.75_it25,,50,200,PGD,0.75,25.0,,123
0.865,0.9565217391304348,0.8627450980392157,0.9072164948453608,0.1276595744680851,0.1372549019607843,SVM,0.5,CW_c0.0_it10,,50,200,CW,,10.0,0.0,123
0.86,0.9562043795620438,0.8562091503267973,0.903448275862069,0.1276595744680851,0.1437908496732026,SVM,0.5,CW_c0.5_it10,,50,200,CW,,10.0,0.5,123
0.235,0.0,0.0,0.0,0.0,1.0,RF,0.5,Clean,0.0053155410289764,50,200,,,,,123
0.235,0.0,0.0,0.0,0.0,1.0,RF,0.5,FGSM_eps0.15,,50,200,FGSM,0.15,1.0,,123
0.215,0.0,0.0,0.0,0.0851063829787234,1.0,RF,0.5,FGSM_eps0.3,,50,200,FGSM,0.3,1.0,,123
0.19,0.0,0.0,0.0,0.1914893617021276,1.0,RF,0.5,FGSM_eps0.5,,50,200,FGSM,0.5,1.0,,123
0.125,0.0,0.0,0.0,0.4680851063829787,1.0,RF,0.5,FGSM_eps0.75,,50,200,FGSM,0.75,1.0,,123
0.235,0.0,0.0,0.0,0.0,1.0,RF,0.5,PGD_eps0.15_it10,,50,200,PGD,0.15,10.0,,123
0.235,0.0,0.0,0.0,0.0,1.0,RF,0.5,PGD_eps0.15_it25,,50,200,PGD,0.15,25.0,,123
0.19,0.0,0.0,0.0,0.1914893617021276,1.0,RF,0.5,PGD_eps0.3_it10,,50,200,PGD,0.3,10.0,,123
0.19,0.0,0.0,0.0,0.1914893617021276,1.0,RF,0.5,PGD_eps0.3_it25,,50,200,PGD,0.3,25.0,,123
0.175,0.0,0.0,0.0,0.2553191489361702,1.0,RF,0.5,PGD_eps0.5_it10,,50,200,PGD,0.5,10.0,,123
0.17,0.0,0.0,0.0,0.2765957446808511,1.0,RF,0.5,PGD_eps0.5_it25,,50,200,PGD,0.5,25.0,,123
0.17,0.0,0.0,0.0,0.2765957446808511,1.0,RF,0.5,PGD_eps0.75_it10,,50,200,PGD,0.75,10.0,,123
0.15,0.0,0.0,0.0,0.3617021276595745,1.0,RF,0.5,PGD_eps0.75_it25,,50,200,PGD,0.75,25.0,,123
0.235,0.0,0.0,0.0,0.0,1.0,RF,0.5,CW_c0.0_it10,,50,200,CW,,10.0,0.0,123
0.235,0.0,0.0,0.0,0.0,1.0,RF,0.5,CW_c0.5_it10,,50,200,CW,,10.0,0.5,123
0.795,0.8373493975903614,0.9084967320261438,0.8714733542319749,0.574468085106383,0.0915032679738562,MLP,0.5,Clean,0.002084789276123,50,200,,,,,123
0.245,0.5121951219512195,0.2745098039215686,0.3574468085106383,0.851063829787234,0.7254901960784313,MLP,0.5,FGSM_eps0.15,,50,200,FGSM,0.15,1.0,,123
0.06,0.1428571428571428,0.0457516339869281,0.0693069306930693,0.8936170212765957,0.954248366013072,MLP,0.5,FGSM_eps0.3,,50,200,FGSM,0.3,1.0,,123
0.145,0.359375,0.1503267973856209,0.2119815668202765,0.8723404255319149,0.8496732026143791,MLP,0.5,FGSM_eps0.5,,50,200,FGSM,0.5,1.0,,123
0.28,0.5483870967741935,0.3333333333333333,0.4146341463414634,0.8936170212765957,0.6666666666666666,MLP,0.5,FGSM_eps0.75,,50,200,FGSM,0.75,1.0,,123
0.475,0.6846153846153846,0.5816993464052288,0.6289752650176679,0.8723404255319149,0.4183006535947712,MLP,0.5,PGD_eps0.15_it10,,50,200,PGD,0.15,10.0,,123
0.495,0.6911764705882353,0.6143790849673203,0.6505190311418685,0.8936170212765957,0.3856209150326797,MLP,0.5,PGD_eps0.15_it25,,50,200,PGD,0.15,25.0,,123
0.305,0.5714285714285714,0.3660130718954248,0.446215139442231,0.8936170212765957,0.6339869281045751,MLP,0.5,PGD_eps0.3_it10,,50,200,PGD,0.3,10.0,,123
0.235,0.5,0.2745098039215686,0.3544303797468354,0.8936170212765957,0.7254901960784313,MLP,0.5,PGD_eps0.3_it25,,50,200,PGD,0.3,25.0,,123
0.15,0.3768115942028985,0.1699346405228758,0.2342342342342342,0.9148936170212766,0.8300653594771242,MLP,0.5,PGD_eps0.5_it10,,50,200,PGD,0.5,10.0,,123
0.185,0.4324324324324324,0.2091503267973856,0.2819383259911894,0.8936170212765957,0.7908496732026143,MLP,0.5,PGD_eps0.5_it25,,50,200,PGD,0.5,25.0,,123
0.095,0.2666666666666666,0.1045751633986928,0.1502347417840375,0.9361702127659576,0.8954248366013072,MLP,0.5,PGD_eps0.75_it10,,50,200,PGD,0.75,10.0,,123
0.105,0.2903225806451613,0.1176470588235294,0.1674418604651162,0.9361702127659576,0.8823529411764706,MLP,0.5,PGD_eps0.75_it25,,50,200,PGD,0.75,25.0,,123
0.735,0.7906976744186046,0.8888888888888888,0.8369230769230769,0.7659574468085106,0.1111111111111111,MLP,0.5,CW_c0.0_it10,,50,200,CW,,10.0,0.0,123
0.74,0.7885714285714286,0.9019607843137256,0.8414634146341463,0.7872340425531915,0.0980392156862745,MLP,0.5,CW_c0.5_it10,,50,200,CW,,10.0,0.5,123
0.885,0.9855072463768116,0.8662420382165605,0.9220338983050848,0.0465116279069767,0.1337579617834395,LR,0.1,Clean,0.0001531708240509,50,200,,,,,31
0.865,0.9850746268656716,0.8407643312101911,0.9072164948453608,0.0465116279069767,0.1592356687898089,LR,0.1,FGSM_eps0.15,,50,200,FGSM,0.15,1.0,,31
0.815,0.9838709677419356,0.7770700636942676,0.8683274021352313,0.0465116279069767,0.2229299363057325,LR,0.1,FGSM_eps0.3,,50,200,FGSM,0.3,1.0,,31
0.795,0.967741935483871,0.7643312101910829,0.8540925266903915,0.0930232558139534,0.2356687898089172,LR,0.1,FGSM_eps0.5,,50,200,FGSM,0.5,1.0,,31
0.79,0.9389312977099236,0.7834394904458599,0.8541666666666666,0.1860465116279069,0.2165605095541401,LR,0.1,FGSM_eps0.75,,50,200,FGSM,0.75,1.0,,31
0.89,0.9856115107913668,0.8726114649681529,0.9256756756756755,0.0465116279069767,0.1273885350318471,LR,0.1,PGD_eps0.15_it10,,50,200,PGD,0.15,10.0,,31
0.89,0.9856115107913668,0.8726114649681529,0.9256756756756755,0.0465116279069767,0.1273885350318471,LR,0.1,PGD_eps0.15_it25,,50,200,PGD,0.15,25.0,,31
0.805,0.953846153846154,0.7898089171974523,0.8641114982578397,0.1395348837209302,0.2101910828025477,LR,0.1,PGD_eps0.3_it10,,50,200,PGD,0.3,10.0,,31
0.805,0.953846153846154,0.7898089171974523,0.8641114982578397,0.1395348837209302,0.2101910828025477,LR,0.1,PGD_eps0.3_it25,,50,200,PGD,0.3,25.0,,31
0.65,0.8849557522123894,0.6369426751592356,0.7407407407407407,0.3023255813953488,0.3630573248407643,LR,0.1,PGD_eps0.5_it10,,50,200,PGD,0.5,10.0,,31
0.64,0.8695652173913043,0.6369426751592356,0.7352941176470589,0.3488372093023256,0.3630573248407643,LR,0.1,PGD_eps0.5_it25,,50,200,PGD,0.5,25.0,,31
0.64,0.8695652173913043,0.6369426751592356,0.7352941176470589,0.3488372093023256,0.3630573248407643,LR,0.1,PGD_eps0.75_it10,,50,200,PGD,0.75,10.0,,31
0.585,0.7890625,0.643312101910828,0.7087719298245614,0.627906976744186,0.3566878980891719,LR,0.1,PGD_eps0.75_it25,,50,200,PGD,0.75,25.0,,31
0.885,0.9855072463768116,0.8662420382165605,0.9220338983050848,0.0465116279069767,0.1337579617834395,LR,0.1,CW_c0.0_it10,,50,200,CW,,10.0,0.0,31
0.89,0.9856115107913668,0.8726114649681529,0.9256756756756755,0.0465116279069767,0.1273885350318471,LR,0.1,CW_c0.5_it10,,50,200,CW,,10.0,0.5,31
0.885,0.9855072463768116,0.8662420382165605,0.9220338983050848,0.0465116279069767,0.1337579617834395,SVM,0.1,Clean,0.0001516580581665,50,200,,,,,31
0.875,0.9852941176470588,0.8535031847133758,0.9146757679180888,0.0465116279069767,0.1464968152866242,SVM,0.1,FGSM_eps0.15,,50,200,FGSM,0.15,1.0,,31
0.785,0.9672131147540984,0.7515923566878981,0.8458781362007168,0.0930232558139534,0.2484076433121019,SVM,0.1,FGSM_eps0.3,,50,200,FGSM,0.3,1.0,,31
0.715,0.8731343283582089,0.7452229299363057,0.8041237113402062,0.3953488372093023,0.2547770700636942,SVM,0.1,FGSM_eps0.5,,50,200,FGSM,0.5,1.0,,31
0.7,0.8646616541353384,0.732484076433121,0.7931034482758621,0.4186046511627907,0.267515923566879,SVM,0.1,FGSM_eps0.75,,50,200,FGSM,0.75,1.0,,31
0.895,0.9857142857142858,0.8789808917197452,0.9292929292929292,0.0465116279069767,0.1210191082802547,SVM,0.1,PGD_eps0.15_it10,,50,200,PGD,0.15,10.0,,31
0.89,0.9856115107913668,0.8726114649681529,0.9256756756756755,0.0465116279069767,0.1273885350318471,SVM,0.1,PGD_eps0.15_it25,,50,200,PGD,0.15,25.0,,31
0.8,0.9148936170212766,0.821656050955414,0.8657718120805369,0.2790697674418604,0.1783439490445859,SVM,0.1,PGD_eps0.3_it10,,50,200,PGD,0.3,10.0,,31
0.84,0.9032258064516128,0.89171974522293,0.8974358974358975,0.3488372093023256,0.10828025477707,SVM,0.1,PGD_eps0.3_it25,,50,200,PGD,0.3,25.0,,31
0.695,0.8,0.8152866242038217,0.807570977917981,0.7441860465116279,0.1847133757961783,SVM,0.1,PGD_eps0.5_it10,,50,200,PGD,0.5,10.0,,31
0.745,0.8354430379746836,0.8407643312101911,0.8380952380952381,0.6046511627906976,0.1592356687898089,SVM,0.1,PGD_eps0.5_it25,,50,200,PGD,0.5,25.0,,31
0.64,0.7777777777777778,0.7579617834394905,0.7677419354838709,0.7906976744186046,0.2420382165605095,SVM,0.1,PGD_eps0.75_it10,,50,200,PGD,0.75,10.0,,31
0.6,0.7655172413793103,0.7070063694267515,0.7350993377483444,0.7906976744186046,0.2929936305732484,SVM,0.1,PGD_eps0.75_it25,,50,200,PGD,0.75,25.0,,31
0.885,0.9855072463768116,0.8662420382165605,0.9220338983050848,0.0465116279069767,0.1337579617834395,SVM,0.1,CW_c0.0_it10,,50,200,CW,,10.0,0.0,31
0.885,0.9855072463768116,0.8662420382165605,0.9220338983050848,0.0465116279069767,0.1337579617834395,SVM,0.1,CW_c0.5_it10,,50,200,CW,,10.0,0.5,31
0.475,1.0,0.3312101910828025,0.4976076555023923,0.0,0.6687898089171974,RF,0.1,Clean,0.0053262674808502,50,200,,,,,31
0.2,0.4444444444444444,0.0764331210191082,0.1304347826086956,0.3488372093023256,0.9235668789808916,RF,0.1,FGSM_eps0.15,,50,200,FGSM,0.15,1.0,,31
0.275,0.6153846153846154,0.2038216560509554,0.3062200956937799,0.4651162790697674,0.7961783439490446,RF,0.1,FGSM_eps0.3,,50,200,FGSM,0.3,1.0,,31
0.34,0.7358490566037735,0.2484076433121019,0.3714285714285714,0.3255813953488372,0.7515923566878981,RF,0.1,FGSM_eps0.5,,50,200,FGSM,0.5,1.0,,31
0.36,0.7457627118644068,0.2802547770700637,0.4074074074074074,0.3488372093023256,0.7197452229299363,RF,0.1,FGSM_eps0.75,,50,200,FGSM,0.75,1.0,,31
0.29,0.7272727272727273,0.1528662420382165,0.2526315789473684,0.2093023255813953,0.8471337579617835,RF,0.1,PGD_eps0.15_it10,,50,200,PGD,0.15,10.0,,31
0.275,0.6875,0.1401273885350318,0.2328042328042328,0.2325581395348837,0.8598726114649682,RF,0.1,PGD_eps0.15_it25,,50,200,PGD,0.15,25.0,,31
0.18,0.2666666666666666,0.0254777070063694,0.0465116279069767,0.2558139534883721,0.9745222929936306,RF,0.1,PGD_eps0.3_it10,,50,200,PGD,0.3,10.0,,31
0.18,0.3793103448275862,0.0700636942675159,0.1182795698924731,0.4186046511627907,0.929936305732484,RF,0.1,PGD_eps0.3_it25,,50,200,PGD,0.3,25.0,,31
0.195,0.3888888888888889,0.0445859872611464,0.08,0.2558139534883721,0.9554140127388536,RF,0.1,PGD_eps0.5_it10,,50,200,PGD,0.5,10.0,,31
0.205,0.45,0.0573248407643312,0.1016949152542373,0.2558139534883721,0.9426751592356688,RF,0.1,PGD_eps0.5_it25,,50,200,PGD,0.5,25.0,,31
0.19,0.3333333333333333,0.0318471337579617,0.0581395348837209,0.2325581395348837,0.9681528662420382,RF,0.1,PGD_eps0.75_it10,,50,200,PGD,0.75,10.0,,31
0.21,0.4761904761904761,0.0636942675159235,0.1123595505617977,0.2558139534883721,0.9363057324840764,RF,0.1,PGD_eps0.75_it25,,50,200,PGD,0.75,25.0,,31
0.3,0.84,0.1337579617834395,0.2307692307692307,0.0930232558139534,0.8662420382165605,RF,0.1,CW_c0.0_it10,,50,200,CW,,10.0,0.0,31
0.275,0.75,0.1146496815286624,0.1988950276243093,0.1395348837209302,0.8853503184713376,RF,0.1,CW_c0.5_it10,,50,200,CW,,10.0,0.5,31
0.935,0.9931506849315068,0.9235668789808916,0.9570957095709572,0.0232558139534883,0.0764331210191082,MLP,0.1,Clean,0.0021296739578247,50,200,,,,,31
0.225,0.5125,0.2611464968152866,0.3459915611814346,0.9069767441860463,0.7388535031847133,MLP,0.1,FGSM_eps0.15,,50,200,FGSM,0.15,1.0,,31
0.385,0.6517857142857143,0.464968152866242,0.5427509293680297,0.9069767441860463,0.535031847133758,MLP,0.1,FGSM_eps0.3,,50,200,FGSM,0.3,1.0,,31
0.54,0.7241379310344828,0.6687898089171974,0.695364238410596,0.9302325581395348,0.3312101910828025,MLP,0.1,FGSM_eps0.5,,50,200,FGSM,0.5,1.0,,31
0.59,0.7388535031847133,0.7388535031847133,0.7388535031847133,0.9534883720930232,0.2611464968152866,MLP,0.1,FGSM_eps0.75,,50,200,FGSM,0.75,1.0,,31
0.185,0.4583333333333333,0.2101910828025477,0.2882096069868995,0.9069767441860463,0.7898089171974523,MLP,0.1,PGD_eps0.15_it10,,50,200,PGD,0.15,10.0,,31
0.12,0.3389830508474576,0.1273885350318471,0.1851851851851851,0.9069767441860463,0.8726114649681529,MLP,0.1,PGD_eps0.15_it25,,50,200,PGD,0.15,25.0,,31
0.09,0.2641509433962264,0.0891719745222929,0.1333333333333333,0.9069767441860463,0.910828025477707,MLP,0.1,PGD_eps0.3_it10,,50,200,PGD,0.3,10.0,,31
0.075,0.22,0.0700636942675159,0.1062801932367149,0.9069767441860463,0.929936305732484,MLP,0.1,PGD_eps0.3_it25,,50,200,PGD,0.3,25.0,,31
0.075,0.2307692307692307,0.0764331210191082,0.1148325358851674,0.9302325581395348,0.9235668789808916,MLP,0.1,PGD_eps0.5_it10,,50,200,PGD,0.5,10.0,,31
0.07,0.2156862745098039,0.0700636942675159,0.1057692307692307,0.9302325581395348,0.929936305732484,MLP,0.1,PGD_eps0.5_it25,,50,200,PGD,0.5,25.0,,31
0.065,0.2115384615384615,0.0700636942675159,0.1052631578947368,0.9534883720930232,0.929936305732484,MLP,0.1,PGD_eps0.75_it10,,50,200,PGD,0.75,10.0,,31
0.055,0.18,0.0573248407643312,0.0869565217391304,0.9534883720930232,0.9426751592356688,MLP,0.1,PGD_eps0.75_it25,,50,200,PGD,0.75,25.0,,31
0.655,0.7857142857142857,0.7707006369426752,0.7781350482315113,0.7674418604651163,0.2292993630573248,MLP,0.1,CW_c0.0_it10,,50,200,CW,,10.0,0.0,31
0.575,0.75,0.6878980891719745,0.717607973421927,0.8372093023255814,0.3121019108280254,MLP,0.1,CW_c0.5_it10,,50,200,CW,,10.0,0.5,31
0.885,0.9855072463768116,0.8662420382165605,0.9220338983050848,0.0465116279069767,0.1337579617834395,LR,0.25,Clean,0.0001530575752258,50,200,,,,,31
0.88,0.9854014598540146,0.8598726114649682,0.9183673469387756,0.0465116279069767,0.1401273885350318,LR,0.25,FGSM_eps0.15,,50,200,FGSM,0.15,1.0,,31
0.825,0.984126984126984,0.7898089171974523,0.8763250883392226,0.0465116279069767,0.2101910828025477,LR,0.25,FGSM_eps0.3,,50,200,FGSM,0.3,1.0,,31
0.8,0.968,0.7707006369426752,0.8581560283687943,0.0930232558139534,0.2292993630573248,LR,0.25,FGSM_eps0.5,,50,200,FGSM,0.5,1.0,,31
0.785,0.9318181818181818,0.7834394904458599,0.8512110726643599,0.2093023255813953,0.2165605095541401,LR,0.25,FGSM_eps0.75,,50,200,FGSM,0.75,1.0,,31
0.89,0.9856115107913668,0.8726114649681529,0.9256756756756755,0.0465116279069767,0.1273885350318471,LR,0.25,PGD_eps0.15_it10,,50,200,PGD,0.15,10.0,,31
0.89,0.9856115107913668,0.8726114649681529,0.9256756756756755,0.0465116279069767,0.1273885350318471,LR,0.25,PGD_eps0.15_it25,,50,200,PGD,0.15,25.0,,31
0.79,0.952755905511811,0.7707006369426752,0.852112676056338,0.1395348837209302,0.2292993630573248,LR,0.25,PGD_eps0.3_it10,,50,200,PGD,0.3,10.0,,31
0.8,0.9534883720930232,0.7834394904458599,0.8601398601398601,0.1395348837209302,0.2165605095541401,LR,0.25,PGD_eps0.3_it25,,50,200,PGD,0.3,25.0,,31
0.66,0.9009009009009008,0.6369426751592356,0.746268656716418,0.2558139534883721,0.3630573248407643,LR,0.25,PGD_eps0.5_it10,,50,200,PGD,0.5,10.0,,31
0.645,0.8771929824561403,0.6369426751592356,0.7380073800738007,0.3255813953488372,0.3630573248407643,LR,0.25,PGD_eps0.5_it25,,50,200,PGD,0.5,25.0,,31
0.64,0.8695652173913043,0.6369426751592356,0.7352941176470589,0.3488372093023256,0.3630573248407643,LR,0.25,PGD_eps0.75_it10,,50,200,PGD,0.75,10.0,,31
0.585,0.7890625,0.643312101910828,0.7087719298245614,0.627906976744186,0.3566878980891719,LR,0.25,PGD_eps0.75_it25,,50,200,PGD,0.75,25.0,,31
0.885,0.9855072463768116,0.8662420382165605,0.9220338983050848,0.0465116279069767,0.1337579617834395,LR,0.25,CW_c0.0_it10,,50,200,CW,,10.0,0.0,31
0.89,0.9856115107913668,0.8726114649681529,0.9256756756756755,0.0465116279069767,0.1273885350318471,LR,0.25,CW_c0.5_it10,,50,200,CW,,10.0,0.5,31
0.885,0.9855072463768116,0.8662420382165605,0.9220338983050848,0.0465116279069767,0.1337579617834395,SVM,0.25,Clean,0.000152359008789,50,200,,,,,31
0.85,0.9847328244274808,0.821656050955414,0.8958333333333334,0.0465116279069767,0.1783439490445859,SVM,0.25,FGSM_eps0.15,,50,200,FGSM,0.15,1.0,,31
0.795,0.967741935483871,0.7643312101910829,0.8540925266903915,0.0930232558139534,0.2356687898089172,SVM,0.25,FGSM_eps0.3,,50,200,FGSM,0.3,1.0,,31
0.725,0.8805970149253731,0.7515923566878981,0.8109965635738832,0.3720930232558139,0.2484076433121019,SVM,0.25,FGSM_eps0.5,,50,200,FGSM,0.5,1.0,,31
0.7,0.8646616541353384,0.732484076433121,0.7931034482758621,0.4186046511627907,0.267515923566879,SVM,0.25,FGSM_eps0.75,,50,200,FGSM,0.75,1.0,,31
0.89,0.9856115107913668,0.8726114649681529,0.9256756756756755,0.0465116279069767,0.1273885350318471,SVM,0.25,PGD_eps0.15_it10,,50,200,PGD,0.15,10.0,,31
0.89,0.9856115107913668,0.8726114649681529,0.9256756756756755,0.0465116279069767,0.1273885350318471,SVM,0.25,PGD_eps0.15_it25,,50,200,PGD,0.15,25.0,,31
0.81,0.9103448275862068,0.8407643312101911,0.8741721854304636,0.3023255813953488,0.1592356687898089,SVM,0.25,PGD_eps0.3_it10,,50,200,PGD,0.3,10.0,,31
0.845,0.9090909090909092,0.89171974522293,0.9003215434083601,0.3255813953488372,0.10828025477707,SVM,0.25,PGD_eps0.3_it25,,50,200,PGD,0.3,25.0,,31
0.7,0.8050314465408805,0.8152866242038217,0.810126582278481,0.7209302325581395,0.1847133757961783,SVM,0.25,PGD_eps0.5_it10,,50,200,PGD,0.5,10.0,,31
0.75,0.8451612903225807,0.8343949044585988,0.8397435897435898,0.5581395348837209,0.1656050955414012,SVM,0.25,PGD_eps0.5_it25,,50,200,PGD,0.5,25.0,,31
0.64,0.7777777777777778,0.7579617834394905,0.7677419354838709,0.7906976744186046,0.2420382165605095,SVM,0.25,PGD_eps0.75_it10,,50,200,PGD,0.75,10.0,,31
0.595,0.7638888888888888,0.7006369426751592,0.7308970099667774,0.7906976744186046,0.2993630573248407,SVM,0.25,PGD_eps0.75_it25,,50,200,PGD,0.75,25.0,,31
0.885,0.9855072463768116,0.8662420382165605,0.9220338983050848,0.0465116279069767,0.1337579617834395,SVM,0.25,CW_c0.0_it10,,50,200,CW,,10.0,0.0,31
0.885,0.9855072463768116,0.8662420382165605,0.9220338983050848,0.0465116279069767,0.1337579617834395,SVM,0.25,CW_c0.5_it10,,50,200,CW,,10.0,0.5,31
0.425,1.0,0.267515923566879,0.4221105527638191,0.0,0.732484076433121,RF,0.25,Clean,0.0053317248821258,50,200,,,,,31
0.215,0.5,0.0063694267515923,0.0125786163522012,0.0232558139534883,0.9936305732484076,RF,0.25,FGSM_eps0.15,,50,200,FGSM,0.15,1.0,,31
0.215,0.5,0.1273885350318471,0.2030456852791878,0.4651162790697674,0.8726114649681529,RF,0.25,FGSM_eps0.3,,50,200,FGSM,0.3,1.0,,31
0.315,0.6851851851851852,0.2356687898089172,0.3507109004739336,0.3953488372093023,0.7643312101910829,RF,0.25,FGSM_eps0.5,,50,200,FGSM,0.5,1.0,,31
0.34,0.7272727272727273,0.2547770700636942,0.3773584905660377,0.3488372093023256,0.7452229299363057,RF,0.25,FGSM_eps0.75,,50,200,FGSM,0.75,1.0,,31
0.225,0.75,0.019108280254777,0.0372670807453416,0.0232558139534883,0.9808917197452228,RF,0.25,PGD_eps0.15_it10,,50,200,PGD,0.15,10.0,,31
0.225,0.6666666666666666,0.0254777070063694,0.0490797546012269,0.0465116279069767,0.9745222929936306,RF,0.25,PGD_eps0.15_it25,,50,200,PGD,0.15,25.0,,31
0.205,0.375,0.019108280254777,0.0363636363636363,0.1162790697674418,0.9808917197452228,RF,0.25,PGD_eps0.3_it10,,50,200,PGD,0.3,10.0,,31
0.195,0.3,0.019108280254777,0.0359281437125748,0.1627906976744186,0.9808917197452228,RF,0.25,PGD_eps0.3_it25,,50,200,PGD,0.3,25.0,,31
0.18,0.1818181818181818,0.0127388535031847,0.0238095238095238,0.2093023255813953,0.9872611464968152,RF,0.25,PGD_eps0.5_it10,,50,200,PGD,0.5,10.0,,31
0.195,0.3333333333333333,0.0254777070063694,0.0473372781065088,0.1860465116279069,0.9745222929936306,RF,0.25,PGD_eps0.5_it25,,50,200,PGD,0.5,25.0,,31
0.18,0.2307692307692307,0.019108280254777,0.0352941176470588,0.2325581395348837,0.9808917197452228,RF,0.25,PGD_eps0.75_it10,,50,200,PGD,0.75,10.0,,31
0.185,0.2857142857142857,0.0254777070063694,0.0467836257309941,0.2325581395348837,0.9745222929936306,RF,0.25,PGD_eps0.75_it25,,50,200,PGD,0.75,25.0,,31
0.285,1.0,0.0891719745222929,0.1637426900584795,0.0,0.910828025477707,RF,0.25,CW_c0.0_it10,,50,200,CW,,10.0,0.0,31
0.24,0.8571428571428571,0.0382165605095541,0.073170731707317,0.0232558139534883,0.961783439490446,RF,0.25,CW_c0.5_it10,,50,200,CW,,10.0,0.5,31
0.915,0.972972972972973,0.9171974522292994,0.9442622950819672,0.0930232558139534,0.0828025477707006,MLP,0.25,Clean,0.0026899170875549,50,200,,,,,31
0.445,0.6854838709677419,0.5414012738853503,0.604982206405694,0.9069767441860463,0.4585987261146497,MLP,0.25,FGSM_eps0.15,,50,200,FGSM,0.15,1.0,,31
0.395,0.6578947368421053,0.4777070063694267,0.5535055350553506,0.9069767441860463,0.5222929936305732,MLP,0.25,FGSM_eps0.3,,50,200,FGSM,0.3,1.0,,31
0.51,0.7122302158273381,0.6305732484076433,0.668918918918919,0.9302325581395348,0.3694267515923566,MLP,0.25,FGSM_eps0.5,,50,200,FGSM,0.5,1.0,,31
0.595,0.740506329113924,0.7452229299363057,0.7428571428571429,0.9534883720930232,0.2547770700636942,MLP,0.25,FGSM_eps0.75,,50,200,FGSM,0.75,1.0,,31
0.52,0.7194244604316546,0.6369426751592356,0.6756756756756757,0.9069767441860463,0.3630573248407643,MLP,0.25,PGD_eps0.15_it10,,50,200,PGD,0.15,10.0,,31
0.515,0.717391304347826,0.6305732484076433,0.6711864406779661,0.9069767441860463,0.3694267515923566,MLP,0.25,PGD_eps0.15_it25,,50,200,PGD,0.15,25.0,,31
0.285,0.5760869565217391,0.3375796178343949,0.4257028112449799,0.9069767441860463,0.6624203821656051,MLP,0.25,PGD_eps0.3_it10,,50,200,PGD,0.3,10.0,,31
0.28,0.5714285714285714,0.3312101910828025,0.4193548387096774,0.9069767441860463,0.6687898089171974,MLP,0.25,PGD_eps0.3_it25,,50,200,PGD,0.3,25.0,,31
0.235,0.5238095238095238,0.2802547770700637,0.3651452282157676,0.9302325581395348,0.7197452229299363,MLP,0.25,PGD_eps0.5_it10,,50,200,PGD,0.5,10.0,,31
0.21,0.4936708860759494,0.2484076433121019,0.3305084745762712,0.9302325581395348,0.7515923566878981,MLP,0.25,PGD_eps0.5_it25,,50,200,PGD,0.5,25.0,,31
0.205,0.4875,0.2484076433121019,0.3291139240506329,0.9534883720930232,0.7515923566878981,MLP,0.25,PGD_eps0.75_it10,,50,200,PGD,0.75,10.0,,31
0.2,0.4810126582278481,0.2420382165605095,0.3220338983050847,0.9534883720930232,0.7579617834394905,MLP,0.25,PGD_eps0.75_it25,,50,200,PGD,0.75,25.0,,31
0.705,0.80625,0.821656050955414,0.8138801261829653,0.7209302325581395,0.1783439490445859,MLP,0.25,CW_c0.0_it10,,50,200,CW,,10.0,0.0,31
0.715,0.8125,0.8280254777070064,0.8201892744479495,0.6976744186046512,0.1719745222929936,MLP,0.25,CW_c0.5_it10,,50,200,CW,,10.0,0.5,31
0.885,0.9855072463768116,0.8662420382165605,0.9220338983050848,0.0465116279069767,0.1337579617834395,LR,0.5,Clean,0.0001536285877227,50,200,,,,,31
0.865,0.9850746268656716,0.8407643312101911,0.9072164948453608,0.0465116279069767,0.1592356687898089,LR,0.5,FGSM_eps0.15,,50,200,FGSM,0.15,1.0,,31
0.815,0.9838709677419356,0.7770700636942676,0.8683274021352313,0.0465116279069767,0.2229299363057325,LR,0.5,FGSM_eps0.3,,50,200,FGSM,0.3,1.0,,31
0.79,0.967479674796748,0.7579617834394905,0.85,0.0930232558139534,0.2420382165605095,LR,0.5,FGSM_eps0.5,,50,200,FGSM,0.5,1.0,,31
0.79,0.9323308270676692,0.7898089171974523,0.8551724137931035,0.2093023255813953,0.2101910828025477,LR,0.5,FGSM_eps0.75,,50,200,FGSM,0.75,1.0,,31
0.895,0.9857142857142858,0.8789808917197452,0.9292929292929292,0.0465116279069767,0.1210191082802547,LR,0.5,PGD_eps0.15_it10,,50,200,PGD,0.15,10.0,,31
0.895,0.9857142857142858,0.8789808917197452,0.9292929292929292,0.0465116279069767,0.1210191082802547,LR,0.5,PGD_eps0.15_it25,,50,200,PGD,0.15,25.0,,31
0.815,0.96875,0.7898089171974523,0.8701754385964913,0.0930232558139534,0.2101910828025477,LR,0.5,PGD_eps0.3_it10,,50,200,PGD,0.3,10.0,,31
0.825,0.9621212121212122,0.8089171974522293,0.8788927335640139,0.1162790697674418,0.1910828025477707,LR,0.5,PGD_eps0.3_it25,,50,200,PGD,0.3,25.0,,31
0.67,0.9174311926605504,0.6369426751592356,0.7518796992481203,0.2093023255813953,0.3630573248407643,LR,0.5,PGD_eps0.5_it10,,50,200,PGD,0.5,10.0,,31
0.65,0.8849557522123894,0.6369426751592356,0.7407407407407407,0.3023255813953488,0.3630573248407643,LR,0.5,PGD_eps0.5_it25,,50,200,PGD,0.5,25.0,,31
0.64,0.8695652173913043,0.6369426751592356,0.7352941176470589,0.3488372093023256,0.3630573248407643,LR,0.5,PGD_eps0.75_it10,,50,200,PGD,0.75,10.0,,31
0.58,0.7874015748031497,0.6369426751592356,0.704225352112676,0.627906976744186,0.3630573248407643,LR,0.5,PGD_eps0.75_it25,,50,200,PGD,0.75,25.0,,31
0.89,0.9856115107913668,0.8726114649681529,0.9256756756756755,0.0465116279069767,0.1273885350318471,LR,0.5,CW_c0.0_it10,,50,200,CW,,10.0,0.0,31
0.89,0.9856115107913668,0.8726114649681529,0.9256756756756755,0.0465116279069767,0.1273885350318471,LR,0.5,CW_c0.5_it10,,50,200,CW,,10.0,0.5,31
0.885,0.9855072463768116,0.8662420382165605,0.9220338983050848,0.0465116279069767,0.1337579617834395,SVM,0.5,Clean,0.0001519548892974,50,200,,,,,31
0.865,0.9850746268656716,0.8407643312101911,0.9072164948453608,0.0465116279069767,0.1592356687898089,SVM,0.5,FGSM_eps0.15,,50,200,FGSM,0.15,1.0,,31
0.785,0.9596774193548387,0.7579617834394905,0.8469750889679716,0.1162790697674418,0.2420382165605095,SVM,0.5,FGSM_eps0.3,,50,200,FGSM,0.3,1.0,,31
0.72,0.8796992481203008,0.7452229299363057,0.8068965517241379,0.3720930232558139,0.2547770700636942,SVM,0.5,FGSM_eps0.5,,50,200,FGSM,0.5,1.0,,31
0.685,0.8507462686567164,0.7261146496815286,0.7835051546391752,0.4651162790697674,0.2738853503184713,SVM,0.5,FGSM_eps0.75,,50,200,FGSM,0.75,1.0,,31
0.9,0.9858156028368794,0.8853503184713376,0.9328859060402684,0.0465116279069767,0.1146496815286624,SVM,0.5,PGD_eps0.15_it10,,50,200,PGD,0.15,10.0,,31
0.89,0.9856115107913668,0.8726114649681529,0.9256756756756755,0.0465116279069767,0.1273885350318471,SVM,0.5,PGD_eps0.15_it25,,50,200,PGD,0.15,25.0,,31
0.79,0.902097902097902,0.821656050955414,0.86,0.3255813953488372,0.1783439490445859,SVM,0.5,PGD_eps0.3_it10,,50,200,PGD,0.3,10.0,,31
0.825,0.9013157894736842,0.8726114649681529,0.8867313915857605,0.3488372093023256,0.1273885350318471,SVM,0.5,PGD_eps0.3_it25,,50,200,PGD,0.3,25.0,,31
0.705,0.80625,0.821656050955414,0.8138801261829653,0.7209302325581395,0.1783439490445859,SVM,0.5,PGD_eps0.5_it10,,50,200,PGD,0.5,10.0,,31
0.72,0.8258064516129032,0.8152866242038217,0.8205128205128205,0.627906976744186,0.1847133757961783,SVM,0.5,PGD_eps0.5_it25,,50,200,PGD,0.5,25.0,,31
0.625,0.7733333333333333,0.7388535031847133,0.755700325732899,0.7906976744186046,0.2611464968152866,SVM,0.5,PGD_eps0.75_it10,,50,200,PGD,0.75,10.0,,31
0.615,0.7702702702702703,0.7261146496815286,0.7475409836065574,0.7906976744186046,0.2738853503184713,SVM,0.5,PGD_eps0.75_it25,,50,200,PGD,0.75,25.0,,31
0.89,0.9856115107913668,0.8726114649681529,0.9256756756756755,0.0465116279069767,0.1273885350318471,SVM,0.5,CW_c0.0_it10,,50,200,CW,,10.0,0.0,31
0.885,0.9855072463768116,0.8662420382165605,0.9220338983050848,0.0465116279069767,0.1337579617834395,SVM,0.5,CW_c0.5_it10,,50,200,CW,,10.0,0.5,31
0.355,1.0,0.1783439490445859,0.3027027027027027,0.0,0.821656050955414,RF,0.5,Clean,0.0053332614898681,50,200,,,,,31
0.225,0.6,0.0382165605095541,0.0718562874251497,0.0930232558139534,0.961783439490446,RF,0.5,FGSM_eps0.15,,50,200,FGSM,0.15,1.0,,31
0.235,0.7,0.0445859872611464,0.0838323353293413,0.0697674418604651,0.9554140127388536,RF,0.5,FGSM_eps0.3,,50,200,FGSM,0.3,1.0,,31
0.27,0.6341463414634146,0.1656050955414012,0.2626262626262626,0.3488372093023256,0.8343949044585988,RF,0.5,FGSM_eps0.5,,50,200,FGSM,0.5,1.0,,31
0.315,0.6923076923076923,0.2292993630573248,0.3444976076555024,0.3720930232558139,0.7707006369426752,RF,0.5,FGSM_eps0.75,,50,200,FGSM,0.75,1.0,,31
0.21,0.4,0.0127388535031847,0.0246913580246913,0.0697674418604651,0.9872611464968152,RF,0.5,PGD_eps0.15_it10,,50,200,PGD,0.15,10.0,,31
0.22,0.5714285714285714,0.0254777070063694,0.048780487804878,0.0697674418604651,0.9745222929936306,RF,0.5,PGD_eps0.15_it25,,50,200,PGD,0.15,25.0,,31
0.23,0.8,0.0254777070063694,0.0493827160493827,0.0232558139534883,0.9745222929936306,RF,0.5,PGD_eps0.3_it10,,50,200,PGD,0.3,10.0,,31
0.205,0.3333333333333333,0.0127388535031847,0.0245398773006134,0.0930232558139534,0.9872611464968152,RF,0.5,PGD_eps0.3_it25,,50,200,PGD,0.3,25.0,,31
0.185,0.125,0.0063694267515923,0.0121212121212121,0.1627906976744186,0.9936305732484076,RF,0.5,PGD_eps0.5_it10,,50,200,PGD,0.5,10.0,,31
0.205,0.3333333333333333,0.0127388535031847,0.0245398773006134,0.0930232558139534,0.9872611464968152,RF,0.5,PGD_eps0.5_it25,,50,200,PGD,0.5,25.0,,31
0.185,0.2,0.0127388535031847,0.0239520958083832,0.1860465116279069,0.9872611464968152,RF,0.5,PGD_eps0.75_it10,,50,200,PGD,0.75,10.0,,31
0.185,0.2,0.0127388535031847,0.0239520958083832,0.1860465116279069,0.9872611464968152,RF,0.5,PGD_eps0.75_it25,,50,200,PGD,0.75,25.0,,31
0.225,0.6,0.0382165605095541,0.0718562874251497,0.0930232558139534,0.961783439490446,RF,0.5,CW_c0.0_it10,,50,200,CW,,10.0,0.0,31
0.23,0.6153846153846154,0.0509554140127388,0.0941176470588235,0.1162790697674418,0.9490445859872612,RF,0.5,CW_c0.5_it10,,50,200,CW,,10.0,0.5,31
0.845,0.8795180722891566,0.929936305732484,0.9040247678018576,0.4651162790697674,0.0700636942675159,MLP,0.5,Clean,0.002341125011444,50,200,,,,,31
0.65,0.7636363636363637,0.802547770700637,0.782608695652174,0.9069767441860463,0.197452229299363,MLP,0.5,FGSM_eps0.15,,50,200,FGSM,0.15,1.0,,31
0.52,0.7194244604316546,0.6369426751592356,0.6756756756756757,0.9069767441860463,0.3630573248407643,MLP,0.5,FGSM_eps0.3,,50,200,FGSM,0.3,1.0,,31
0.49,0.7037037037037037,0.6050955414012739,0.6506849315068494,0.9302325581395348,0.3949044585987261,MLP,0.5,FGSM_eps0.5,,50,200,FGSM,0.5,1.0,,31
0.56,0.7284768211920529,0.7006369426751592,0.7142857142857143,0.9534883720930232,0.2993630573248407,MLP,0.5,FGSM_eps0.75,,50,200,FGSM,0.75,1.0,,31
0.69,0.7745664739884393,0.8535031847133758,0.8121212121212121,0.9069767441860463,0.1464968152866242,MLP,0.5,PGD_eps0.15_it10,,50,200,PGD,0.15,10.0,,31
0.675,0.7705882352941177,0.8343949044585988,0.8012232415902141,0.9069767441860463,0.1656050955414012,MLP,0.5,PGD_eps0.15_it25,,50,200,PGD,0.15,25.0,,31
0.54,0.7272727272727273,0.6624203821656051,0.6933333333333334,0.9069767441860463,0.3375796178343949,MLP,0.5,PGD_eps0.3_it10,,50,200,PGD,0.3,10.0,,31
0.495,0.7089552238805971,0.6050955414012739,0.6529209621993127,0.9069767441860463,0.3949044585987261,MLP,0.5,PGD_eps0.3_it25,,50,200,PGD,0.3,25.0,,31
0.365,0.6363636363636364,0.445859872611465,0.5243445692883895,0.9302325581395348,0.554140127388535,MLP,0.5,PGD_eps0.5_it10,,50,200,PGD,0.5,10.0,,31
0.345,0.6226415094339622,0.4203821656050955,0.5019011406844106,0.9302325581395348,0.5796178343949044,MLP,0.5,PGD_eps0.5_it25,,50,200,PGD,0.5,25.0,,31
0.34,0.616822429906542,0.4203821656050955,0.5,0.9534883720930232,0.5796178343949044,MLP,0.5,PGD_eps0.75_it10,,50,200,PGD,0.75,10.0,,31
0.315,0.5980392156862745,0.3885350318471338,0.471042471042471,0.9534883720930232,0.6114649681528662,MLP,0.5,PGD_eps0.75_it25,,50,200,PGD,0.75,25.0,,31
0.775,0.8111111111111111,0.929936305732484,0.8664688427299704,0.7906976744186046,0.0700636942675159,MLP,0.5,CW_c0.0_it10,,50,200,CW,,10.0,0.0,31
0.77,0.8171428571428572,0.910828025477707,0.8614457831325302,0.7441860465116279,0.0891719745222929,MLP,0.5,CW_c0.5_it10,,50,200,CW,,10.0,0.5,31
0.91,0.951048951048951,0.9251700680272108,0.9379310344827586,0.1320754716981132,0.0748299319727891,LR,0.1,Clean,0.0001535129547119,50,200,,,,,99
0.84,0.9457364341085271,0.8299319727891157,0.8840579710144928,0.1320754716981132,0.1700680272108843,LR,0.1,FGSM_eps0.15,,50,200,FGSM,0.15,1.0,,99
0.82,0.9236641221374046,0.8231292517006803,0.8705035971223022,0.1886792452830188,0.1768707482993197,LR,0.1,FGSM_eps0.3,,50,200,FGSM,0.3,1.0,,99
0.825,0.9307692307692308,0.8231292517006803,0.8736462093862816,0.1698113207547169,0.1768707482993197,LR,0.1,FGSM_eps0.5,,50,200,FGSM,0.5,1.0,,99
0.74,0.9130434782608696,0.7142857142857143,0.8015267175572519,0.1886792452830188,0.2857142857142857,LR,0.1,FGSM_eps0.75,,50,200,FGSM,0.75,1.0,,99
0.915,0.9452054794520548,0.9387755102040816,0.9419795221843004,0.1509433962264151,0.0612244897959183,LR,0.1,PGD_eps0.15_it10,,50,200,PGD,0.15,10.0,,99
0.91,0.9448275862068966,0.9319727891156464,0.9383561643835616,0.1509433962264151,0.0680272108843537,LR,0.1,PGD_eps0.15_it25,,50,200,PGD,0.15,25.0,,99
0.9,0.9379310344827586,0.9251700680272108,0.9315068493150684,0.1698113207547169,0.0748299319727891,LR,0.1,PGD_eps0.3_it10,,50,200,PGD,0.3,10.0,,99
0.905,0.9444444444444444,0.9251700680272108,0.9347079037800688,0.1509433962264151,0.0748299319727891,LR,0.1,PGD_eps0.3_it25,,50,200,PGD,0.3,25.0,,99
0.885,0.9428571428571428,0.8979591836734694,0.9198606271777005,0.1509433962264151,0.1020408163265306,LR,0.1,PGD_eps0.5_it10,,50,200,PGD,0.5,10.0,,99
0.89,0.9432624113475178,0.9047619047619048,0.9236111111111112,0.1509433962264151,0.0952380952380952,LR,0.1,PGD_eps0.5_it25,,50,200,PGD,0.5,25.0,,99
0.87,0.9416058394160584,0.8775510204081632,0.908450704225352,0.1509433962264151,0.1224489795918367,LR,0.1,PGD_eps0.75_it10,,50,200,PGD,0.75,10.0,,99
0.885,0.9492753623188406,0.891156462585034,0.9192982456140352,0.1320754716981132,0.1088435374149659,LR,0.1,PGD_eps0.75_it25,,50,200,PGD,0.75,25.0,,99
0.905,0.9444444444444444,0.9251700680272108,0.9347079037800688,0.1509433962264151,0.0748299319727891,LR,0.1,CW_c0.0_it10,,50,200,CW,,10.0,0.0,99
0.905,0.9444444444444444,0.9251700680272108,0.9347079037800688,0.1509433962264151,0.0748299319727891,LR,0.1,CW_c0.5_it10,,50,200,CW,,10.0,0.5,99
0.915,0.9577464788732394,0.9251700680272108,0.9411764705882352,0.1132075471698113,0.0748299319727891,SVM,0.1,Clean,0.0001531195640563,50,200,,,,,99
0.915,0.9577464788732394,0.9251700680272108,0.9411764705882352,0.1132075471698113,0.0748299319727891,SVM,0.1,FGSM_eps0.15,,50,200,FGSM,0.15,1.0,,99
0.825,0.9444444444444444,0.8095238095238095,0.8717948717948718,0.1320754716981132,0.1904761904761904,SVM,0.1,FGSM_eps0.3,,50,200,FGSM,0.3,1.0,,99
0.82,0.944,0.8027210884353742,0.8676470588235294,0.1320754716981132,0.1972789115646258,SVM,0.1,FGSM_eps0.5,,50,200,FGSM,0.5,1.0,,99
0.815,0.9435483870967742,0.7959183673469388,0.8634686346863468,0.1320754716981132,0.2040816326530612,SVM,0.1,FGSM_eps0.75,,50,200,FGSM,0.75,1.0,,99
0.91,0.9448275862068966,0.9319727891156464,0.9383561643835616,0.1509433962264151,0.0680272108843537,SVM,0.1,PGD_eps0.15_it10,,50,200,PGD,0.15,10.0,,99
0.91,0.9448275862068966,0.9319727891156464,0.9383561643835616,0.1509433962264151,0.0680272108843537,SVM,0.1,PGD_eps0.15_it25,,50,200,PGD,0.15,25.0,,99
0.89,0.9496402877697842,0.8979591836734694,0.9230769230769232,0.1320754716981132,0.1020408163265306,SVM,0.1,PGD_eps0.3_it10,,50,200,PGD,0.3,10.0,,99
0.885,0.9492753623188406,0.891156462585034,0.9192982456140352,0.1320754716981132,0.1088435374149659,SVM,0.1,PGD_eps0.3_it25,,50,200,PGD,0.3,25.0,,99
0.885,0.9558823529411764,0.8843537414965986,0.9187279151943464,0.1132075471698113,0.1156462585034013,SVM,0.1,PGD_eps0.5_it10,,50,200,PGD,0.5,10.0,,99
0.885,0.9492753623188406,0.891156462585034,0.9192982456140352,0.1320754716981132,0.1088435374149659,SVM,0.1,PGD_eps0.5_it25,,50,200,PGD,0.5,25.0,,99
0.86,0.9473684210526316,0.8571428571428571,0.9,0.1320754716981132,0.1428571428571428,SVM,0.1,PGD_eps0.75_it10,,50,200,PGD,0.75,10.0,,99
0.875,0.9420289855072465,0.8843537414965986,0.912280701754386,0.1509433962264151,0.1156462585034013,SVM,0.1,PGD_eps0.75_it25,,50,200,PGD,0.75,25.0,,99
0.915,0.9577464788732394,0.9251700680272108,0.9411764705882352,0.1132075471698113,0.0748299319727891,SVM,0.1,CW_c0.0_it10,,50,200,CW,,10.0,0.0,99
0.91,0.951048951048951,0.9251700680272108,0.9379310344827586,0.1320754716981132,0.0748299319727891,SVM,0.1,CW_c0.5_it10,,50,200,CW,,10.0,0.5,99
0.43,1.0,0.2244897959183673,0.3666666666666666,0.0,0.7755102040816326,RF,0.1,Clean,0.005387225151062,50,200,,,,,99
0.19,0.2222222222222222,0.0408163265306122,0.0689655172413793,0.3962264150943396,0.9591836734693876,RF,0.1,FGSM_eps0.15,,50,200,FGSM,0.15,1.0,,99
0.265,0.5,0.1700680272108843,0.2538071065989847,0.4716981132075472,0.8299319727891157,RF,0.1,FGSM_eps0.3,,50,200,FGSM,0.3,1.0,,99
0.43,0.7088607594936709,0.3809523809523809,0.495575221238938,0.4339622641509434,0.6190476190476191,RF,0.1,FGSM_eps0.5,,50,200,FGSM,0.5,1.0,,99
0.44,0.7058823529411765,0.4081632653061224,0.5172413793103449,0.4716981132075472,0.5918367346938775,RF,0.1,FGSM_eps0.75,,50,200,FGSM,0.75,1.0,,99
0.15,0.0,0.0,0.0,0.4339622641509434,1.0,RF,0.1,PGD_eps0.15_it10,,50,200,PGD,0.15,10.0,,99
0.14,0.037037037037037,0.0068027210884353,0.0114942528735632,0.490566037735849,0.9931972789115646,RF,0.1,PGD_eps0.15_it25,,50,200,PGD,0.15,25.0,,99
0.155,0.0769230769230769,0.0136054421768707,0.0231213872832369,0.4528301886792453,0.9863945578231292,RF,0.1,PGD_eps0.3_it10,,50,200,PGD,0.3,10.0,,99
0.175,0.0909090909090909,0.0136054421768707,0.0236686390532544,0.3773584905660377,0.9863945578231292,RF,0.1,PGD_eps0.3_it25,,50,200,PGD,0.3,25.0,,99
0.255,0.4772727272727273,0.1428571428571428,0.2198952879581152,0.4339622641509434,0.8571428571428571,RF,0.1,PGD_eps0.5_it10,,50,200,PGD,0.5,10.0,,99
0.275,0.5238095238095238,0.1496598639455782,0.2328042328042328,0.3773584905660377,0.8503401360544217,RF,0.1,PGD_eps0.5_it25,,50,200,PGD,0.5,25.0,,99
0.26,0.4897959183673469,0.1632653061224489,0.2448979591836734,0.4716981132075472,0.8367346938775511,RF,0.1,PGD_eps0.75_it10,,50,200,PGD,0.75,10.0,,99
0.36,0.6666666666666666,0.2585034013605442,0.3725490196078431,0.3584905660377358,0.7414965986394558,RF,0.1,PGD_eps0.75_it25,,50,200,PGD,0.75,25.0,,99
0.235,0.0,0.0,0.0,0.1132075471698113,1.0,RF,0.1,CW_c0.0_it10,,50,200,CW,,10.0,0.0,99
0.22,0.0,0.0,0.0,0.1698113207547169,1.0,RF,0.1,CW_c0.5_it10,,50,200,CW,,10.0,0.5,99
0.96,0.986013986013986,0.9591836734693876,0.9724137931034482,0.0377358490566037,0.0408163265306122,MLP,0.1,Clean,0.002162662744522,50,200,,,,,99
0.055,0.0961538461538461,0.0340136054421768,0.050251256281407,0.8867924528301887,0.9659863945578232,MLP,0.1,FGSM_eps0.15,,50,200,FGSM,0.15,1.0,,99
0.07,0.1694915254237288,0.0680272108843537,0.0970873786407767,0.9245283018867924,0.9319727891156464,MLP,0.1,FGSM_eps0.3,,50,200,FGSM,0.3,1.0,,99
0.12,0.2957746478873239,0.1428571428571428,0.1926605504587156,0.9433962264150944,0.8571428571428571,MLP,0.1,FGSM_eps0.5,,50,200,FGSM,0.5,1.0,,99
0.125,0.3055555555555556,0.1496598639455782,0.2009132420091324,0.9433962264150944,0.8503401360544217,MLP,0.1,FGSM_eps0.75,,50,200,FGSM,0.75,1.0,,99
0.105,0.2333333333333333,0.0952380952380952,0.1352657004830917,0.8679245283018868,0.9047619047619048,MLP,0.1,PGD_eps0.15_it10,,50,200,PGD,0.15,10.0,,99
0.08,0.175438596491228,0.0680272108843537,0.0980392156862745,0.8867924528301887,0.9319727891156464,MLP,0.1,PGD_eps0.15_it25,,50,200,PGD,0.15,25.0,,99
0.04,0.0909090909090909,0.0340136054421768,0.0495049504950495,0.9433962264150944,0.9659863945578232,MLP,0.1,PGD_eps0.3_it10,,50,200,PGD,0.3,10.0,,99
0.035,0.074074074074074,0.0272108843537414,0.0398009950248756,0.9433962264150944,0.9727891156462584,MLP,0.1,PGD_eps0.3_it25,,50,200,PGD,0.3,25.0,,99
0.03,0.0727272727272727,0.0272108843537414,0.0396039603960396,0.9622641509433962,0.9727891156462584,MLP,0.1,PGD_eps0.5_it10,,50,200,PGD,0.5,10.0,,99
0.035,0.074074074074074,0.0272108843537414,0.0398009950248756,0.9433962264150944,0.9727891156462584,MLP,0.1,PGD_eps0.5_it25,,50,200,PGD,0.5,25.0,,99
0.025,0.0714285714285714,0.0272108843537414,0.0394088669950738,0.981132075471698,0.9727891156462584,MLP,0.1,PGD_eps0.75_it10,,50,200,PGD,0.75,10.0,,99
0.03,0.0727272727272727,0.0272108843537414,0.0396039603960396,0.9622641509433962,0.9727891156462584,MLP,0.1,PGD_eps0.75_it25,,50,200,PGD,0.75,25.0,,99
0.68,0.7455621301775148,0.8571428571428571,0.7974683544303798,0.8113207547169812,0.1428571428571428,MLP,0.1,CW_c0.0_it10,,50,200,CW,,10.0,0.0,99
0.58,0.7032258064516129,0.7414965986394558,0.7218543046357616,0.8679245283018868,0.2585034013605442,MLP,0.1,CW_c0.5_it10,,50,200,CW,,10.0,0.5,99
0.91,0.951048951048951,0.9251700680272108,0.9379310344827586,0.1320754716981132,0.0748299319727891,LR,0.25,Clean,0.0001534903049468,50,200,,,,,99
0.88,0.9555555555555556,0.8775510204081632,0.9148936170212766,0.1132075471698113,0.1224489795918367,LR,0.25,FGSM_eps0.15,,50,200,FGSM,0.15,1.0,,99
0.83,0.924812030075188,0.8367346938775511,0.8785714285714286,0.1886792452830188,0.1632653061224489,LR,0.25,FGSM_eps0.3,,50,200,FGSM,0.3,1.0,,99
0.81,0.9291338582677166,0.8027210884353742,0.8613138686131386,0.1698113207547169,0.1972789115646258,LR,0.25,FGSM_eps0.5,,50,200,FGSM,0.5,1.0,,99
0.74,0.9130434782608696,0.7142857142857143,0.8015267175572519,0.1886792452830188,0.2857142857142857,LR,0.25,FGSM_eps0.75,,50,200,FGSM,0.75,1.0,,99
0.915,0.9452054794520548,0.9387755102040816,0.9419795221843004,0.1509433962264151,0.0612244897959183,LR,0.25,PGD_eps0.15_it10,,50,200,PGD,0.15,10.0,,99
0.91,0.9448275862068966,0.9319727891156464,0.9383561643835616,0.1509433962264151,0.0680272108843537,LR,0.25,PGD_eps0.15_it25,,50,200,PGD,0.15,25.0,,99
0.9,0.9379310344827586,0.9251700680272108,0.9315068493150684,0.1698113207547169,0.0748299319727891,LR,0.25,PGD_eps0.3_it10,,50,200,PGD,0.3,10.0,,99
0.9,0.944055944055944,0.9183673469387756,0.9310344827586208,0.1509433962264151,0.0816326530612244,LR,0.25,PGD_eps0.3_it25,,50,200,PGD,0.3,25.0,,99
0.88,0.9424460431654677,0.891156462585034,0.916083916083916,0.1509433962264151,0.1088435374149659,LR,0.25,PGD_eps0.5_it10,,50,200,PGD,0.5,10.0,,99
0.88,0.9424460431654677,0.891156462585034,0.916083916083916,0.1509433962264151,0.1088435374149659,LR,0.25,PGD_eps0.5_it25,,50,200,PGD,0.5,25.0,,99
0.87,0.9416058394160584,0.8775510204081632,0.908450704225352,0.1509433962264151,0.1224489795918367,LR,0.25,PGD_eps0.75_it10,,50,200,PGD,0.75,10.0,,99
0.88,0.948905109489051,0.8843537414965986,0.9154929577464788,0.1320754716981132,0.1156462585034013,LR,0.25,PGD_eps0.75_it25,,50,200,PGD,0.75,25.0,,99
0.91,0.951048951048951,0.9251700680272108,0.9379310344827586,0.1320754716981132,0.0748299319727891,LR,0.25,CW_c0.0_it10,,50,200,CW,,10.0,0.0,99
0.905,0.9444444444444444,0.9251700680272108,0.9347079037800688,0.1509433962264151,0.0748299319727891,LR,0.25,CW_c0.5_it10,,50,200,CW,,10.0,0.5,99
0.915,0.9577464788732394,0.9251700680272108,0.9411764705882352,0.1132075471698113,0.0748299319727891,SVM,0.25,Clean,0.0001525282859802,50,200,,,,,99
0.91,0.9574468085106383,0.9183673469387756,0.9375,0.1132075471698113,0.0816326530612244,SVM,0.25,FGSM_eps0.15,,50,200,FGSM,0.15,1.0,,99
0.82,0.944,0.8027210884353742,0.8676470588235294,0.1320754716981132,0.1972789115646258,SVM,0.25,FGSM_eps0.3,,50,200,FGSM,0.3,1.0,,99
0.82,0.944,0.8027210884353742,0.8676470588235294,0.1320754716981132,0.1972789115646258,SVM,0.25,FGSM_eps0.5,,50,200,FGSM,0.5,1.0,,99
0.82,0.944,0.8027210884353742,0.8676470588235294,0.1320754716981132,0.1972789115646258,SVM,0.25,FGSM_eps0.75,,50,200,FGSM,0.75,1.0,,99
0.91,0.9448275862068966,0.9319727891156464,0.9383561643835616,0.1509433962264151,0.0680272108843537,SVM,0.25,PGD_eps0.15_it10,,50,200,PGD,0.15,10.0,,99
0.91,0.951048951048951,0.9251700680272108,0.9379310344827586,0.1320754716981132,0.0748299319727891,SVM,0.25,PGD_eps0.15_it25,,50,200,PGD,0.15,25.0,,99
0.895,0.95,0.9047619047619048,0.926829268292683,0.1320754716981132,0.0952380952380952,SVM,0.25,PGD_eps0.3_it10,,50,200,PGD,0.3,10.0,,99
0.885,0.9492753623188406,0.891156462585034,0.9192982456140352,0.1320754716981132,0.1088435374149659,SVM,0.25,PGD_eps0.3_it25,,50,200,PGD,0.3,25.0,,99
0.885,0.9558823529411764,0.8843537414965986,0.9187279151943464,0.1132075471698113,0.1156462585034013,SVM,0.25,PGD_eps0.5_it10,,50,200,PGD,0.5,10.0,,99
0.89,0.9562043795620438,0.891156462585034,0.9225352112676056,0.1132075471698113,0.1088435374149659,SVM,0.25,PGD_eps0.5_it25,,50,200,PGD,0.5,25.0,,99
0.86,0.9473684210526316,0.8571428571428571,0.9,0.1320754716981132,0.1428571428571428,SVM,0.25,PGD_eps0.75_it10,,50,200,PGD,0.75,10.0,,99
0.875,0.9420289855072465,0.8843537414965986,0.912280701754386,0.1509433962264151,0.1156462585034013,SVM,0.25,PGD_eps0.75_it25,,50,200,PGD,0.75,25.0,,99
0.915,0.9577464788732394,0.9251700680272108,0.9411764705882352,0.1132075471698113,0.0748299319727891,SVM,0.25,CW_c0.0_it10,,50,200,CW,,10.0,0.0,99
0.91,0.951048951048951,0.9251700680272108,0.9379310344827586,0.1320754716981132,0.0748299319727891,SVM,0.25,CW_c0.5_it10,,50,200,CW,,10.0,0.5,99
0.325,1.0,0.0816326530612244,0.1509433962264151,0.0,0.9183673469387756,RF,0.25,Clean,0.0053932154178619,50,200,,,,,99
0.215,0.1428571428571428,0.0136054421768707,0.0248447204968944,0.2264150943396226,0.9863945578231292,RF,0.25,FGSM_eps0.15,,50,200,FGSM,0.15,1.0,,99
0.18,0.1851851851851851,0.0340136054421768,0.057471264367816,0.4150943396226415,0.9659863945578232,RF,0.25,FGSM_eps0.3,,50,200,FGSM,0.3,1.0,,99
0.365,0.65625,0.2857142857142857,0.3981042654028436,0.4150943396226415,0.7142857142857143,RF,0.25,FGSM_eps0.5,,50,200,FGSM,0.5,1.0,,99
0.415,0.6973684210526315,0.3605442176870748,0.4753363228699551,0.4339622641509434,0.6394557823129252,RF,0.25,FGSM_eps0.75,,50,200,FGSM,0.75,1.0,,99
0.215,0.0,0.0,0.0,0.1886792452830188,1.0,RF,0.25,PGD_eps0.15_it10,,50,200,PGD,0.15,10.0,,99
0.2,0.0,0.0,0.0,0.2452830188679245,1.0,RF,0.25,PGD_eps0.15_it25,,50,200,PGD,0.15,25.0,,99
0.19,0.0588235294117647,0.0068027210884353,0.0121951219512195,0.3018867924528302,0.9931972789115646,RF,0.25,PGD_eps0.3_it10,,50,200,PGD,0.3,10.0,,99
0.19,0.0,0.0,0.0,0.2830188679245283,1.0,RF,0.25,PGD_eps0.3_it25,,50,200,PGD,0.3,25.0,,99
0.23,0.3870967741935484,0.0816326530612244,0.1348314606741573,0.3584905660377358,0.9183673469387756,RF,0.25,PGD_eps0.5_it10,,50,200,PGD,0.5,10.0,,99
0.205,0.25,0.0408163265306122,0.0701754385964912,0.3396226415094339,0.9591836734693876,RF,0.25,PGD_eps0.5_it25,,50,200,PGD,0.5,25.0,,99
0.215,0.3529411764705882,0.0816326530612244,0.1325966850828729,0.4150943396226415,0.9183673469387756,RF,0.25,PGD_eps0.75_it10,,50,200,PGD,0.75,10.0,,99
0.23,0.3793103448275862,0.0748299319727891,0.125,0.3396226415094339,0.9251700680272108,RF,0.25,PGD_eps0.75_it25,,50,200,PGD,0.75,25.0,,99
0.255,0.375,0.0204081632653061,0.0387096774193548,0.0943396226415094,0.979591836734694,RF,0.25,CW_c0.0_it10,,50,200,CW,,10.0,0.0,99
0.235,0.0,0.0,0.0,0.1132075471698113,1.0,RF,0.25,CW_c0.5_it10,,50,200,CW,,10.0,0.5,99
0.935,0.971830985915493,0.9387755102040816,0.9550173010380624,0.0754716981132075,0.0612244897959183,MLP,0.25,Clean,0.0023732554912567,50,200,,,,,99
0.09,0.1929824561403508,0.0748299319727891,0.1078431372549019,0.8679245283018868,0.9251700680272108,MLP,0.25,FGSM_eps0.15,,50,200,FGSM,0.15,1.0,,99
0.07,0.1694915254237288,0.0680272108843537,0.0970873786407767,0.9245283018867924,0.9319727891156464,MLP,0.25,FGSM_eps0.3,,50,200,FGSM,0.3,1.0,,99
0.115,0.2857142857142857,0.1360544217687075,0.184331797235023,0.9433962264150944,0.8639455782312925,MLP,0.25,FGSM_eps0.5,,50,200,FGSM,0.5,1.0,,99
0.125,0.3055555555555556,0.1496598639455782,0.2009132420091324,0.9433962264150944,0.8503401360544217,MLP,0.25,FGSM_eps0.75,,50,200,FGSM,0.75,1.0,,99
0.37,0.5929203539823009,0.4557823129251701,0.5153846153846153,0.8679245283018868,0.54421768707483,MLP,0.25,PGD_eps0.15_it10,,50,200,PGD,0.15,10.0,,99
0.265,0.5,0.3129251700680272,0.3849372384937238,0.8679245283018868,0.6870748299319728,MLP,0.25,PGD_eps0.15_it25,,50,200,PGD,0.15,25.0,,99
0.07,0.180327868852459,0.0748299319727891,0.1057692307692307,0.9433962264150944,0.9251700680272108,MLP,0.25,PGD_eps0.3_it10,,50,200,PGD,0.3,10.0,,99
0.055,0.1379310344827586,0.0544217687074829,0.0780487804878048,0.9433962264150944,0.9455782312925172,MLP,0.25,PGD_eps0.3_it25,,50,200,PGD,0.3,25.0,,99
0.035,0.074074074074074,0.0272108843537414,0.0398009950248756,0.9433962264150944,0.9727891156462584,MLP,0.25,PGD_eps0.5_it10,,50,200,PGD,0.5,10.0,,99
0.035,0.074074074074074,0.0272108843537414,0.0398009950248756,0.9433962264150944,0.9727891156462584,MLP,0.25,PGD_eps0.5_it25,,50,200,PGD,0.5,25.0,,99
0.025,0.0714285714285714,0.0272108843537414,0.0394088669950738,0.981132075471698,0.9727891156462584,MLP,0.25,PGD_eps0.75_it10,,50,200,PGD,0.75,10.0,,99
0.025,0.0714285714285714,0.0272108843537414,0.0394088669950738,0.981132075471698,0.9727891156462584,MLP,0.25,PGD_eps0.75_it25,,50,200,PGD,0.75,25.0,,99
0.685,0.7441860465116279,0.8707482993197279,0.8025078369905956,0.8301886792452831,0.1292517006802721,MLP,0.25,CW_c0.0_it10,,50,200,CW,,10.0,0.0,99
0.66,0.7393939393939394,0.8299319727891157,0.782051282051282,0.8113207547169812,0.1700680272108843,MLP,0.25,CW_c0.5_it10,,50,200,CW,,10.0,0.5,99
0.915,0.9513888888888888,0.9319727891156464,0.9415807560137456,0.1320754716981132,0.0680272108843537,LR,0.5,Clean,0.0001533651351928,50,200,,,,,99
0.86,0.9473684210526316,0.8571428571428571,0.9,0.1320754716981132,0.1428571428571428,LR,0.5,FGSM_eps0.15,,50,200,FGSM,0.15,1.0,,99
0.835,0.9384615384615383,0.8299319727891157,0.8808664259927798,0.1509433962264151,0.1700680272108843,LR,0.5,FGSM_eps0.3,,50,200,FGSM,0.3,1.0,,99
0.78,0.9256198347107438,0.7619047619047619,0.835820895522388,0.1698113207547169,0.238095238095238,LR,0.5,FGSM_eps0.5,,50,200,FGSM,0.5,1.0,,99
0.75,0.9145299145299144,0.7278911564625851,0.8106060606060606,0.1886792452830188,0.272108843537415,LR,0.5,FGSM_eps0.75,,50,200,FGSM,0.75,1.0,,99
0.905,0.9444444444444444,0.9251700680272108,0.9347079037800688,0.1509433962264151,0.0748299319727891,LR,0.5,PGD_eps0.15_it10,,50,200,PGD,0.15,10.0,,99
0.91,0.9448275862068966,0.9319727891156464,0.9383561643835616,0.1509433962264151,0.0680272108843537,LR,0.5,PGD_eps0.15_it25,,50,200,PGD,0.15,25.0,,99
0.9,0.9379310344827586,0.9251700680272108,0.9315068493150684,0.1698113207547169,0.0748299319727891,LR,0.5,PGD_eps0.3_it10,,50,200,PGD,0.3,10.0,,99
0.9,0.944055944055944,0.9183673469387756,0.9310344827586208,0.1509433962264151,0.0816326530612244,LR,0.5,PGD_eps0.3_it25,,50,200,PGD,0.3,25.0,,99
0.885,0.9428571428571428,0.8979591836734694,0.9198606271777005,0.1509433962264151,0.1020408163265306,LR,0.5,PGD_eps0.5_it10,,50,200,PGD,0.5,10.0,,99
0.875,0.9420289855072465,0.8843537414965986,0.912280701754386,0.1509433962264151,0.1156462585034013,LR,0.5,PGD_eps0.5_it25,,50,200,PGD,0.5,25.0,,99
0.865,0.9347826086956522,0.8775510204081632,0.9052631578947368,0.1698113207547169,0.1224489795918367,LR,0.5,PGD_eps0.75_it10,,50,200,PGD,0.75,10.0,,99
0.87,0.9481481481481482,0.8707482993197279,0.9078014184397164,0.1320754716981132,0.1292517006802721,LR,0.5,PGD_eps0.75_it25,,50,200,PGD,0.75,25.0,,99
0.91,0.951048951048951,0.9251700680272108,0.9379310344827586,0.1320754716981132,0.0748299319727891,LR,0.5,CW_c0.0_it10,,50,200,CW,,10.0,0.0,99
0.905,0.9444444444444444,0.9251700680272108,0.9347079037800688,0.1509433962264151,0.0748299319727891,LR,0.5,CW_c0.5_it10,,50,200,CW,,10.0,0.5,99
0.915,0.9577464788732394,0.9251700680272108,0.9411764705882352,0.1132075471698113,0.0748299319727891,SVM,0.5,Clean,0.0001541221141815,50,200,,,,,99
0.915,0.9577464788732394,0.9251700680272108,0.9411764705882352,0.1132075471698113,0.0748299319727891,SVM,0.5,FGSM_eps0.15,,50,200,FGSM,0.15,1.0,,99
0.82,0.944,0.8027210884353742,0.8676470588235294,0.1320754716981132,0.1972789115646258,SVM,0.5,FGSM_eps0.3,,50,200,FGSM,0.3,1.0,,99
0.82,0.944,0.8027210884353742,0.8676470588235294,0.1320754716981132,0.1972789115646258,SVM,0.5,FGSM_eps0.5,,50,200,FGSM,0.5,1.0,,99
0.815,0.9365079365079364,0.8027210884353742,0.8644688644688645,0.1509433962264151,0.1972789115646258,SVM,0.5,FGSM_eps0.75,,50,200,FGSM,0.75,1.0,,99
0.91,0.9448275862068966,0.9319727891156464,0.9383561643835616,0.1509433962264151,0.0680272108843537,SVM,0.5,PGD_eps0.15_it10,,50,200,PGD,0.15,10.0,,99
0.905,0.9444444444444444,0.9251700680272108,0.9347079037800688,0.1509433962264151,0.0748299319727891,SVM,0.5,PGD_eps0.15_it25,,50,200,PGD,0.15,25.0,,99
0.885,0.9428571428571428,0.8979591836734694,0.9198606271777005,0.1509433962264151,0.1020408163265306,SVM,0.5,PGD_eps0.3_it10,,50,200,PGD,0.3,10.0,,99
0.885,0.9492753623188406,0.891156462585034,0.9192982456140352,0.1320754716981132,0.1088435374149659,SVM,0.5,PGD_eps0.3_it25,,50,200,PGD,0.3,25.0,,99
0.87,0.9481481481481482,0.8707482993197279,0.9078014184397164,0.1320754716981132,0.1292517006802721,SVM,0.5,PGD_eps0.5_it10,,50,200,PGD,0.5,10.0,,99
0.88,0.9424460431654677,0.891156462585034,0.916083916083916,0.1509433962264151,0.1088435374149659,SVM,0.5,PGD_eps0.5_it25,,50,200,PGD,0.5,25.0,,99
0.855,0.946969696969697,0.8503401360544217,0.8960573476702509,0.1320754716981132,0.1496598639455782,SVM,0.5,PGD_eps0.75_it10,,50,200,PGD,0.75,10.0,,99
0.87,0.9416058394160584,0.8775510204081632,0.908450704225352,0.1509433962264151,0.1224489795918367,SVM,0.5,PGD_eps0.75_it25,,50,200,PGD,0.75,25.0,,99
0.915,0.9577464788732394,0.9251700680272108,0.9411764705882352,0.1132075471698113,0.0748299319727891,SVM,0.5,CW_c0.0_it10,,50,200,CW,,10.0,0.0,99
0.91,0.951048951048951,0.9251700680272108,0.9379310344827586,0.1320754716981132,0.0748299319727891,SVM,0.5,CW_c0.5_it10,,50,200,CW,,10.0,0.5,99
0.28,1.0,0.0204081632653061,0.04,0.0,0.979591836734694,RF,0.5,Clean,0.0053662848472595,50,200,,,,,99
0.23,0.0,0.0,0.0,0.1320754716981132,1.0,RF,0.5,FGSM_eps0.15,,50,200,FGSM,0.15,1.0,,99
0.215,0.1875,0.0204081632653061,0.0368098159509202,0.2452830188679245,0.979591836734694,RF,0.5,FGSM_eps0.3,,50,200,FGSM,0.3,1.0,,99
0.185,0.2142857142857142,0.0408163265306122,0.0685714285714285,0.4150943396226415,0.9591836734693876,RF,0.5,FGSM_eps0.5,,50,200,FGSM,0.5,1.0,,99
0.235,0.4210526315789473,0.1088435374149659,0.1729729729729729,0.4150943396226415,0.891156462585034,RF,0.5,FGSM_eps0.75,,50,200,FGSM,0.75,1.0,,99
0.225,0.0,0.0,0.0,0.1509433962264151,1.0,RF,0.5,PGD_eps0.15_it10,,50,200,PGD,0.15,10.0,,99
0.225,0.0,0.0,0.0,0.1509433962264151,1.0,RF,0.5,PGD_eps0.15_it25,,50,200,PGD,0.15,25.0,,99
0.2,0.0666666666666666,0.0068027210884353,0.0123456790123456,0.2641509433962264,0.9931972789115646,RF,0.5,PGD_eps0.3_it10,,50,200,PGD,0.3,10.0,,99
0.195,0.0,0.0,0.0,0.2641509433962264,1.0,RF,0.5,PGD_eps0.3_it25,,50,200,PGD,0.3,25.0,,99
0.195,0.0,0.0,0.0,0.2641509433962264,1.0,RF,0.5,PGD_eps0.5_it10,,50,200,PGD,0.5,10.0,,99
0.215,0.2222222222222222,0.0272108843537414,0.0484848484848484,0.2641509433962264,0.9727891156462584,RF,0.5,PGD_eps0.5_it25,,50,200,PGD,0.5,25.0,,99
0.195,0.1818181818181818,0.0272108843537414,0.0473372781065088,0.3396226415094339,0.9727891156462584,RF,0.5,PGD_eps0.75_it10,,50,200,PGD,0.75,10.0,,99
0.21,0.2608695652173913,0.0408163265306122,0.0705882352941176,0.320754716981132,0.9591836734693876,RF,0.5,PGD_eps0.75_it25,,50,200,PGD,0.75,25.0,,99
0.25,0.3333333333333333,0.0204081632653061,0.0384615384615384,0.1132075471698113,0.979591836734694,RF,0.5,CW_c0.0_it10,,50,200,CW,,10.0,0.0,99
0.255,0.3333333333333333,0.0136054421768707,0.0261437908496732,0.0754716981132075,0.9863945578231292,RF,0.5,CW_c0.5_it10,,50,200,CW,,10.0,0.5,99
0.815,0.8125,0.9727891156462584,0.8854489164086687,0.6226415094339622,0.0272108843537414,MLP,0.5,Clean,0.0024476885795593,50,200,,,,,99
0.47,0.6541353383458647,0.5918367346938775,0.6214285714285714,0.8679245283018868,0.4081632653061224,MLP,0.5,FGSM_eps0.15,,50,200,FGSM,0.15,1.0,,99
0.09,0.2131147540983606,0.0884353741496598,0.125,0.9056603773584906,0.91156462585034,MLP,0.5,FGSM_eps0.3,,50,200,FGSM,0.3,1.0,,99
0.11,0.2816901408450704,0.1360544217687075,0.1834862385321101,0.9622641509433962,0.8639455782312925,MLP,0.5,FGSM_eps0.5,,50,200,FGSM,0.5,1.0,,99
0.12,0.3013698630136986,0.1496598639455782,0.2,0.9622641509433962,0.8503401360544217,MLP,0.5,FGSM_eps0.75,,50,200,FGSM,0.75,1.0,,99
0.5,0.6643356643356644,0.6462585034013606,0.6551724137931034,0.9056603773584906,0.3537414965986394,MLP,0.5,PGD_eps0.15_it10,,50,200,PGD,0.15,10.0,,99
0.52,0.6783216783216783,0.6598639455782312,0.6689655172413793,0.8679245283018868,0.3401360544217687,MLP,0.5,PGD_eps0.15_it25,,50,200,PGD,0.15,25.0,,99
0.365,0.5833333333333334,0.4761904761904761,0.5243445692883895,0.9433962264150944,0.5238095238095238,MLP,0.5,PGD_eps0.3_it10,,50,200,PGD,0.3,10.0,,99
0.43,0.6222222222222222,0.5714285714285714,0.5957446808510638,0.9622641509433962,0.4285714285714285,MLP,0.5,PGD_eps0.3_it25,,50,200,PGD,0.3,25.0,,99
0.16,0.3670886075949367,0.1972789115646258,0.2566371681415929,0.9433962264150944,0.8027210884353742,MLP,0.5,PGD_eps0.5_it10,,50,200,PGD,0.5,10.0,,99
0.155,0.358974358974359,0.1904761904761904,0.2488888888888888,0.9433962264150944,0.8095238095238095,MLP,0.5,PGD_eps0.5_it25,,50,200,PGD,0.5,25.0,,99
0.065,0.1875,0.0816326530612244,0.1137440758293838,0.981132075471698,0.9183673469387756,MLP,0.5,PGD_eps0.75_it10,,50,200,PGD,0.75,10.0,,99
0.025,0.0714285714285714,0.0272108843537414,0.0394088669950738,0.981132075471698,0.9727891156462584,MLP,0.5,PGD_eps0.75_it25,,50,200,PGD,0.75,25.0,,99
0.725,0.7527472527472527,0.9319727891156464,0.8328267477203647,0.8490566037735849,0.0680272108843537,MLP,0.5,CW_c0.0_it10,,50,200,CW,,10.0,0.0,99
0.665,0.7272727272727273,0.8707482993197279,0.7925696594427245,0.9056603773584906,0.1292517006802721,MLP,0.5,CW_c0.5_it10,,50,200,CW,,10.0,0.5,99
