model,attack,n,n_detected_clean,asr,fnr_under_attack,family,epsilon,iters,traffic_family,confidence,seed
LR,FGSM_eps0.15,4053,4050,0.5079012345679013,0.5082654823587466,FGSM,0.15,1,backdoor,,42
LR,FGSM_eps0.15,4004,2956,0.0054127198917456,0.2597402597402597,FGSM,0.15,1,ddos,,42
LR,FGSM_eps0.15,4117,3608,0.0,0.1229050279329608,FGSM,0.15,1,dos,,42
LR,FGSM_eps0.15,3900,3740,0.0005347593582887,0.0415384615384615,FGSM,0.15,1,injection,,42
LR,FGSM_eps0.15,209,112,0.0178571428571428,0.4736842105263157,FGSM,0.15,1,mitm,,42
LR,FGSM_eps0.15,10000,0,,,FGSM,0.15,1,normal,,42
LR,FGSM_eps0.15,3980,3935,0.0,0.0113065326633165,FGSM,0.15,1,password,,42
LR,FGSM_eps0.15,3903,3336,0.6025179856115108,0.6602613374327441,FGSM,0.15,1,ransomware,,42
LR,FGSM_eps0.15,4041,3649,0.1030419292956974,0.1895570403365503,FGSM,0.15,1,scanning,,42
LR,FGSM_eps0.15,4002,3722,0.0037614185921547,0.0734632683658171,FGSM,0.15,1,xss,,42
SVM,FGSM_eps0.15,4053,4053,0.993091537132988,0.993091537132988,FGSM,0.15,1,backdoor,,42
SVM,FGSM_eps0.15,4004,2956,0.0081190798376184,0.0529470529470529,FGSM,0.15,1,ddos,,42
SVM,FGSM_eps0.15,4117,3609,0.0,0.1187758076269128,FGSM,0.15,1,dos,,42
SVM,FGSM_eps0.15,3900,3740,0.0045454545454545,0.0428205128205128,FGSM,0.15,1,injection,,42
SVM,FGSM_eps0.15,209,113,0.0442477876106194,0.4784688995215311,FGSM,0.15,1,mitm,,42
SVM,FGSM_eps0.15,10000,0,,,FGSM,0.15,1,normal,,42
SVM,FGSM_eps0.15,3980,3936,0.1171239837398374,0.1268844221105527,FGSM,0.15,1,password,,42
SVM,FGSM_eps0.15,3903,3328,0.6595552884615384,0.7097104791186267,FGSM,0.15,1,ransomware,,42
SVM,FGSM_eps0.15,4041,3653,0.6901177114700247,0.7097253155159614,FGSM,0.15,1,scanning,,42
SVM,FGSM_eps0.15,4002,3719,0.0416778703952675,0.1076961519240379,FGSM,0.15,1,xss,,42
RF,FGSM_eps0.15,4053,4053,0.999013076733284,0.999013076733284,FGSM,0.15,1,backdoor,,42
RF,FGSM_eps0.15,4004,3988,0.7484954864593781,0.7457542457542458,FGSM,0.15,1,ddos,,42
RF,FGSM_eps0.15,4117,4109,0.989048430275006,0.988826815642458,FGSM,0.15,1,dos,,42
RF,FGSM_eps0.15,3900,3895,0.9430038510911424,0.942051282051282,FGSM,0.15,1,injection,,42
RF,FGSM_eps0.15,209,200,0.875,0.8660287081339713,FGSM,0.15,1,mitm,,42
RF,FGSM_eps0.15,10000,0,,,FGSM,0.15,1,normal,,42
RF,FGSM_eps0.15,3980,3980,0.9977386934673368,0.9977386934673368,FGSM,0.15,1,password,,42
RF,FGSM_eps0.15,3903,3903,0.9994875736612862,0.9994875736612862,FGSM,0.15,1,ransomware,,42
RF,FGSM_eps0.15,4041,4041,0.9846572630536996,0.9846572630536996,FGSM,0.15,1,scanning,,42
RF,FGSM_eps0.15,4002,4002,0.9857571214392804,0.9857571214392804,FGSM,0.15,1,xss,,42
MLP,FGSM_eps0.15,4053,4049,0.9997530254383798,0.999753269183321,FGSM,0.15,1,backdoor,,42
MLP,FGSM_eps0.15,4004,2975,0.9946218487394958,0.7395104895104895,FGSM,0.15,1,ddos,,42
MLP,FGSM_eps0.15,4117,4066,1.0,0.9880981297060968,FGSM,0.15,1,dos,,42
MLP,FGSM_eps0.15,3900,3867,0.9932764416860616,0.9848717948717948,FGSM,0.15,1,injection,,42
MLP,FGSM_eps0.15,209,160,0.975,0.7511961722488039,FGSM,0.15,1,mitm,,42
MLP,FGSM_eps0.15,10000,0,,,FGSM,0.15,1,normal,,42
MLP,FGSM_eps0.15,3980,3970,0.9675062972292192,0.9660804020100504,FGSM,0.15,1,password,,42
MLP,FGSM_eps0.15,3903,3860,1.0,0.988982833717653,FGSM,0.15,1,ransomware,,42
MLP,FGSM_eps0.15,4041,3976,1.0,0.9841623360554318,FGSM,0.15,1,scanning,,42
MLP,FGSM_eps0.15,4002,3943,0.9989855440020288,0.9845077461269364,FGSM,0.15,1,xss,,42
LR,FGSM_eps0.3,4053,4050,0.9958024691358024,0.9958055761164568,FGSM,0.3,1,backdoor,,42
LR,FGSM_eps0.3,4004,2956,0.0108254397834912,0.0259740259740259,FGSM,0.3,1,ddos,,42
LR,FGSM_eps0.3,4117,3608,0.0,0.1180471216905513,FGSM,0.3,1,dos,,42
LR,FGSM_eps0.3,3900,3740,0.005614973262032,0.0435897435897435,FGSM,0.3,1,injection,,42
LR,FGSM_eps0.3,209,112,0.0535714285714285,0.492822966507177,FGSM,0.3,1,mitm,,42
LR,FGSM_eps0.3,10000,0,,,FGSM,0.3,1,normal,,42
LR,FGSM_eps0.3,3980,3935,0.1397712833545108,0.1492462311557789,FGSM,0.3,1,password,,42
LR,FGSM_eps0.3,3903,3336,0.742505995203837,0.7799128875224186,FGSM,0.3,1,ransomware,,42
LR,FGSM_eps0.3,4041,3649,0.6993696903261167,0.7159119029943083,FGSM,0.3,1,scanning,,42
LR,FGSM_eps0.3,4002,3722,0.0948414830736163,0.1554222888555722,FGSM,0.3,1,xss,,42
SVM,FGSM_eps0.3,4053,4053,0.995558845299778,0.995558845299778,FGSM,0.3,1,backdoor,,42
SVM,FGSM_eps0.3,4004,2956,0.5602165087956699,0.4230769230769231,FGSM,0.3,1,ddos,,42
SVM,FGSM_eps0.3,4117,3609,0.0149625935162094,0.1277629341753704,FGSM,0.3,1,dos,,42
SVM,FGSM_eps0.3,3900,3740,0.406951871657754,0.4266666666666667,FGSM,0.3,1,injection,,42
SVM,FGSM_eps0.3,209,113,0.2300884955752212,0.5454545454545454,FGSM,0.3,1,mitm,,42
SVM,FGSM_eps0.3,10000,0,,,FGSM,0.3,1,normal,,42
SVM,FGSM_eps0.3,3980,3936,0.4362296747967479,0.4414572864321608,FGSM,0.3,1,password,,42
SVM,FGSM_eps0.3,3903,3328,0.8064903846153846,0.8344862925954394,FGSM,0.3,1,ransomware,,42
SVM,FGSM_eps0.3,4041,3653,0.8713386257870244,0.8698341994555803,FGSM,0.3,1,scanning,,42
SVM,FGSM_eps0.3,4002,3719,0.3866630814735143,0.4222888555722139,FGSM,0.3,1,xss,,42
RF,FGSM_eps0.3,4053,4053,0.999013076733284,0.999013076733284,FGSM,0.3,1,backdoor,,42
RF,FGSM_eps0.3,4004,3988,0.746740220661986,0.7437562437562437,FGSM,0.3,1,ddos,,42
RF,FGSM_eps0.3,4117,4109,0.989291798491117,0.9890697109545786,FGSM,0.3,1,dos,,42
RF,FGSM_eps0.3,3900,3895,0.9912708600770218,0.9902564102564102,FGSM,0.3,1,injection,,42
RF,FGSM_eps0.3,209,200,0.905,0.8947368421052632,FGSM,0.3,1,mitm,,42
RF,FGSM_eps0.3,10000,0,,,FGSM,0.3,1,normal,,42
RF,FGSM_eps0.3,3980,3980,0.9977386934673368,0.9977386934673368,FGSM,0.3,1,password,,42
RF,FGSM_eps0.3,3903,3903,0.9994875736612862,0.9994875736612862,FGSM,0.3,1,ransomware,,42
RF,FGSM_eps0.3,4041,4041,0.9037366988369216,0.9037366988369216,FGSM,0.3,1,scanning,,42
RF,FGSM_eps0.3,4002,4002,0.9837581209395302,0.9837581209395302,FGSM,0.3,1,xss,,42
MLP,FGSM_eps0.3,4053,4049,1.0,1.0,FGSM,0.3,1,backdoor,,42
MLP,FGSM_eps0.3,4004,2975,0.9926050420168068,0.7387612387612388,FGSM,0.3,1,ddos,,42
MLP,FGSM_eps0.3,4117,4066,0.999508116084604,0.9876123390818558,FGSM,0.3,1,dos,,42
MLP,FGSM_eps0.3,3900,3867,0.9932764416860616,0.9848717948717948,FGSM,0.3,1,injection,,42
MLP,FGSM_eps0.3,209,160,0.925,0.7129186602870813,FGSM,0.3,1,mitm,,42
MLP,FGSM_eps0.3,10000,0,,,FGSM,0.3,1,normal,,42
MLP,FGSM_eps0.3,3980,3970,0.9675062972292192,0.9660804020100504,FGSM,0.3,1,password,,42
MLP,FGSM_eps0.3,3903,3860,1.0,0.988982833717653,FGSM,0.3,1,ransomware,,42
MLP,FGSM_eps0.3,4041,3976,1.0,0.9841623360554318,FGSM,0.3,1,scanning,,42
MLP,FGSM_eps0.3,4002,3943,0.9949277200101444,0.9805097451274364,FGSM,0.3,1,xss,,42
LR,FGSM_eps0.5,4053,4050,0.9960493827160494,0.996052306933136,FGSM,0.5,1,backdoor,,42
LR,FGSM_eps0.5,4004,2956,0.5463464140730717,0.4203296703296703,FGSM,0.5,1,ddos,,42
LR,FGSM_eps0.5,4117,3608,0.0013858093126385,0.1192615982511537,FGSM,0.5,1,dos,,42
LR,FGSM_eps0.5,3900,3740,0.2409090909090909,0.2692307692307692,FGSM,0.5,1,injection,,42
LR,FGSM_eps0.5,209,112,0.2232142857142857,0.5645933014354066,FGSM,0.5,1,mitm,,42
LR,FGSM_eps0.5,10000,0,,,FGSM,0.5,1,normal,,42
LR,FGSM_eps0.5,3980,3935,0.2383735705209657,0.2462311557788944,FGSM,0.5,1,password,,42
LR,FGSM_eps0.5,3903,3336,0.8069544364508393,0.8347425057647964,FGSM,0.5,1,ransomware,,42
LR,FGSM_eps0.5,4041,3649,0.8711975883803782,0.8708240534521158,FGSM,0.5,1,scanning,,42
LR,FGSM_eps0.5,4002,3722,0.3871574422353573,0.4272863568215892,FGSM,0.5,1,xss,,42
SVM,FGSM_eps0.5,4053,4053,0.995558845299778,0.995558845299778,FGSM,0.5,1,backdoor,,42
SVM,FGSM_eps0.5,4004,2956,0.5605548037889039,0.4218281718281718,FGSM,0.5,1,ddos,,42
SVM,FGSM_eps0.5,4117,3609,0.9936270435023552,0.983726014087928,FGSM,0.5,1,dos,,42
SVM,FGSM_eps0.5,3900,3740,0.4098930481283422,0.4274358974358974,FGSM,0.5,1,injection,,42
SVM,FGSM_eps0.5,209,113,0.2831858407079646,0.5598086124401914,FGSM,0.5,1,mitm,,42
SVM,FGSM_eps0.5,10000,0,,,FGSM,0.5,1,normal,,42
SVM,FGSM_eps0.5,3980,3936,0.4420731707317073,0.4469849246231155,FGSM,0.5,1,password,,42
SVM,FGSM_eps0.5,3903,3328,0.8512620192307693,0.8662567255956957,FGSM,0.5,1,ransomware,,42
SVM,FGSM_eps0.5,4041,3653,0.8724336162058582,0.8700816629547142,FGSM,0.5,1,scanning,,42
SVM,FGSM_eps0.5,4002,3719,0.4267276149502554,0.4560219890054972,FGSM,0.5,1,xss,,42
RF,FGSM_eps0.5,4053,4053,0.999013076733284,0.999013076733284,FGSM,0.5,1,backdoor,,42
RF,FGSM_eps0.5,4004,3988,0.7921263791374122,0.7892107892107892,FGSM,0.5,1,ddos,,42
RF,FGSM_eps0.5,4117,4109,0.990265271355561,0.9900412922030604,FGSM,0.5,1,dos,,42
RF,FGSM_eps0.5,3900,3895,0.9897304236200256,0.9887179487179488,FGSM,0.5,1,injection,,42
RF,FGSM_eps0.5,209,200,0.895,0.8851674641148325,FGSM,0.5,1,mitm,,42
RF,FGSM_eps0.5,10000,0,,,FGSM,0.5,1,normal,,42
RF,FGSM_eps0.5,3980,3980,0.9979899497487436,0.9979899497487436,FGSM,0.5,1,password,,42
RF,FGSM_eps0.5,3903,3903,0.9959005892902896,0.9959005892902896,FGSM,0.5,1,ransomware,,42
RF,FGSM_eps0.5,4041,4041,0.8158871566443949,0.8158871566443949,FGSM,0.5,1,scanning,,42
RF,FGSM_eps0.5,4002,4002,0.9822588705647176,0.9822588705647176,FGSM,0.5,1,xss,,42
MLP,FGSM_eps0.5,4053,4049,1.0,1.0,FGSM,0.5,1,backdoor,,42
MLP,FGSM_eps0.5,4004,2975,0.9677310924369747,0.7205294705294706,FGSM,0.5,1,ddos,,42
MLP,FGSM_eps0.5,4117,4066,0.99877029021151,0.9868836531454944,FGSM,0.5,1,dos,,42
MLP,FGSM_eps0.5,3900,3867,0.9084561675717612,0.9007692307692308,FGSM,0.5,1,injection,,42
MLP,FGSM_eps0.5,209,160,0.83125,0.6411483253588517,FGSM,0.5,1,mitm,,42
MLP,FGSM_eps0.5,10000,0,,,FGSM,0.5,1,normal,,42
MLP,FGSM_eps0.5,3980,3970,0.8292191435768262,0.828140703517588,FGSM,0.5,1,password,,42
MLP,FGSM_eps0.5,3903,3860,1.0,0.988982833717653,FGSM,0.5,1,ransomware,,42
MLP,FGSM_eps0.5,4041,3976,1.0,0.9841623360554318,FGSM,0.5,1,scanning,,42
MLP,FGSM_eps0.5,4002,3943,0.9885873700228252,0.9742628685657172,FGSM,0.5,1,xss,,42
LR,FGSM_eps0.75,4053,4050,0.9962962962962963,0.996299037749815,FGSM,0.75,1,backdoor,,42
LR,FGSM_eps0.75,4004,2956,0.5595399188092016,0.422077922077922,FGSM,0.75,1,ddos,,42
LR,FGSM_eps0.75,4117,3608,0.0024944567627494,0.1173184357541899,FGSM,0.75,1,dos,,42
LR,FGSM_eps0.75,3900,3740,0.4066844919786096,0.4251282051282051,FGSM,0.75,1,injection,,42
LR,FGSM_eps0.75,209,112,0.4017857142857143,0.6411483253588517,FGSM,0.75,1,mitm,,42
LR,FGSM_eps0.75,10000,0,,,FGSM,0.75,1,normal,,42
LR,FGSM_eps0.75,3980,3935,0.4363405336721728,0.4414572864321608,FGSM,0.75,1,password,,42
LR,FGSM_eps0.75,3903,3336,0.8087529976019184,0.8296182423776582,FGSM,0.75,1,ransomware,,42
LR,FGSM_eps0.75,4041,3649,0.8711975883803782,0.8695867359564464,FGSM,0.75,1,scanning,,42
LR,FGSM_eps0.75,4002,3722,0.4261149919398173,0.4575212393803098,FGSM,0.75,1,xss,,42
SVM,FGSM_eps0.75,4053,4053,0.995558845299778,0.995558845299778,FGSM,0.75,1,backdoor,,42
SVM,FGSM_eps0.75,4004,2956,0.560893098782138,0.4218281718281718,FGSM,0.75,1,ddos,,42
SVM,FGSM_eps0.75,4117,3609,0.9939041285674702,0.9839689094000486,FGSM,0.75,1,dos,,42
SVM,FGSM_eps0.75,3900,3740,0.4136363636363636,0.431025641025641,FGSM,0.75,1,injection,,42
SVM,FGSM_eps0.75,209,113,0.2831858407079646,0.5502392344497608,FGSM,0.75,1,mitm,,42
SVM,FGSM_eps0.75,10000,0,,,FGSM,0.75,1,normal,,42
SVM,FGSM_eps0.75,3980,3936,0.4420731707317073,0.4469849246231155,FGSM,0.75,1,password,,42
SVM,FGSM_eps0.75,3903,3328,0.8515625,0.8665129387650525,FGSM,0.75,1,ransomware,,42
SVM,FGSM_eps0.75,4041,3653,0.8724336162058582,0.8700816629547142,FGSM,0.75,1,scanning,,42
SVM,FGSM_eps0.75,4002,3719,0.4302231782737295,0.4590204897551224,FGSM,0.75,1,xss,,42
RF,FGSM_eps0.75,4053,4053,0.999013076733284,0.999013076733284,FGSM,0.75,1,backdoor,,42
RF,FGSM_eps0.75,4004,3988,0.8989468405215647,0.8961038961038961,FGSM,0.75,1,ddos,,42
RF,FGSM_eps0.75,4117,4109,0.9919688488683378,0.9917415593879038,FGSM,0.75,1,dos,,42
RF,FGSM_eps0.75,3900,3895,0.971245186136072,0.9702564102564104,FGSM,0.75,1,injection,,42
RF,FGSM_eps0.75,209,200,0.895,0.8851674641148325,FGSM,0.75,1,mitm,,42
RF,FGSM_eps0.75,10000,0,,,FGSM,0.75,1,normal,,42
RF,FGSM_eps0.75,3980,3980,0.9967336683417084,0.9967336683417084,FGSM,0.75,1,password,,42
RF,FGSM_eps0.75,3903,3903,0.9953881629515756,0.9953881629515756,FGSM,0.75,1,ransomware,,42
RF,FGSM_eps0.75,4041,4041,0.7050235090324177,0.7050235090324177,FGSM,0.75,1,scanning,,42
RF,FGSM_eps0.75,4002,4002,0.9842578710644676,0.9842578710644676,FGSM,0.75,1,xss,,42
MLP,FGSM_eps0.75,4053,4049,1.0,1.0,FGSM,0.75,1,backdoor,,42
MLP,FGSM_eps0.75,4004,2975,0.9932773109243698,0.7395104895104895,FGSM,0.75,1,ddos,,42
MLP,FGSM_eps0.75,4117,4066,0.999262174126906,0.9873694437697352,FGSM,0.75,1,dos,,42
MLP,FGSM_eps0.75,3900,3867,0.91336953710887,0.9056410256410256,FGSM,0.75,1,injection,,42
MLP,FGSM_eps0.75,209,160,0.91875,0.7272727272727273,FGSM,0.75,1,mitm,,42
MLP,FGSM_eps0.75,10000,0,,,FGSM,0.75,1,normal,,42
MLP,FGSM_eps0.75,3980,3970,0.9322418136020152,0.9309045226130652,FGSM,0.75,1,password,,42
MLP,FGSM_eps0.75,3903,3860,1.0,0.988982833717653,FGSM,0.75,1,ransomware,,42
MLP,FGSM_eps0.75,4041,3976,0.999748490945674,0.983914872556298,FGSM,0.75,1,scanning,,42
MLP,FGSM_eps0.75,4002,3943,0.9860512300278976,0.9717641179410296,FGSM,0.75,1,xss,,42
LR,PGD_eps0.15_it10,4053,4050,0.5079012345679013,0.5082654823587466,PGD,0.15,10,backdoor,,42
LR,PGD_eps0.15_it10,4004,2956,0.0043978349120433,0.0399600399600399,PGD,0.15,10,ddos,,42
LR,PGD_eps0.15_it10,4117,3608,0.0008314855875831,0.1204760748117561,PGD,0.15,10,dos,,42
LR,PGD_eps0.15_it10,3900,3740,0.0010695187165775,0.0392307692307692,PGD,0.15,10,injection,,42
LR,PGD_eps0.15_it10,209,112,0.0178571428571428,0.4688995215311005,PGD,0.15,10,mitm,,42
LR,PGD_eps0.15_it10,10000,0,,,PGD,0.15,10,normal,,42
LR,PGD_eps0.15_it10,3980,3935,0.041423125794155,0.0520100502512562,PGD,0.15,10,password,,42
LR,PGD_eps0.15_it10,3903,3336,0.2823741007194245,0.3866256725595696,PGD,0.15,10,ransomware,,42
LR,PGD_eps0.15_it10,4041,3649,0.0767333516031789,0.1561494679534768,PGD,0.15,10,scanning,,42
LR,PGD_eps0.15_it10,4002,3722,0.0029554003224073,0.0702148925537231,PGD,0.15,10,xss,,42
SVM,PGD_eps0.15_it10,4053,4053,0.5075252899087096,0.5075252899087096,PGD,0.15,10,backdoor,,42
SVM,PGD_eps0.15_it10,4004,2956,0.0209742895805142,0.0344655344655344,PGD,0.15,10,ddos,,42
SVM,PGD_eps0.15_it10,4117,3609,0.0138542532557495,0.1309205732329366,PGD,0.15,10,dos,,42
SVM,PGD_eps0.15_it10,3900,3740,0.0066844919786096,0.0446153846153846,PGD,0.15,10,injection,,42
SVM,PGD_eps0.15_it10,209,113,0.0265486725663716,0.4641148325358851,PGD,0.15,10,mitm,,42
SVM,PGD_eps0.15_it10,10000,0,,,PGD,0.15,10,normal,,42
SVM,PGD_eps0.15_it10,3980,3936,0.0703760162601626,0.0804020100502512,PGD,0.15,10,password,,42
SVM,PGD_eps0.15_it10,3903,3328,0.3257211538461538,0.4250576479631053,PGD,0.15,10,ransomware,,42
SVM,PGD_eps0.15_it10,4041,3653,0.1727347385710375,0.2400395941598614,PGD,0.15,10,scanning,,42
SVM,PGD_eps0.15_it10,4002,3719,0.0123689163753697,0.0794602698650674,PGD,0.15,10,xss,,42
RF,PGD_eps0.15_it10,4053,4053,0.999013076733284,0.999013076733284,PGD,0.15,10,backdoor,,42
RF,PGD_eps0.15_it10,4004,3988,0.7419759277833501,0.7402597402597403,PGD,0.15,10,ddos,,42
RF,PGD_eps0.15_it10,4117,4109,0.9929423217327816,0.9927131406363856,PGD,0.15,10,dos,,42
RF,PGD_eps0.15_it10,3900,3895,0.978433889602054,0.9774358974358974,PGD,0.15,10,injection,,42
RF,PGD_eps0.15_it10,209,200,0.85,0.84688995215311,PGD,0.15,10,mitm,,42
RF,PGD_eps0.15_it10,10000,0,,,PGD,0.15,10,normal,,42
RF,PGD_eps0.15_it10,3980,3980,0.9894472361809046,0.9894472361809046,PGD,0.15,10,password,,42
RF,PGD_eps0.15_it10,3903,3903,0.9928260312580066,0.9928260312580066,PGD,0.15,10,ransomware,,42
RF,PGD_eps0.15_it10,4041,4041,0.9772333580796831,0.9772333580796831,PGD,0.15,10,scanning,,42
RF,PGD_eps0.15_it10,4002,4002,0.9697651174412794,0.9697651174412794,PGD,0.15,10,xss,,42
MLP,PGD_eps0.15_it10,4053,4049,0.9997530254383798,0.999753269183321,PGD,0.15,10,backdoor,,42
MLP,PGD_eps0.15_it10,4004,2975,0.9952941176470588,0.74000999000999,PGD,0.15,10,ddos,,42
MLP,PGD_eps0.15_it10,4117,4066,1.0,0.9880981297060968,PGD,0.15,10,dos,,42
MLP,PGD_eps0.15_it10,3900,3867,0.99974140160331,0.9912820512820512,PGD,0.15,10,injection,,42
MLP,PGD_eps0.15_it10,209,160,0.98125,0.7559808612440191,PGD,0.15,10,mitm,,42
MLP,PGD_eps0.15_it10,10000,0,,,PGD,0.15,10,normal,,42
MLP,PGD_eps0.15_it10,3980,3970,1.0,0.9984924623115576,PGD,0.15,10,password,,42
MLP,PGD_eps0.15_it10,3903,3860,1.0,0.988982833717653,PGD,0.15,10,ransomware,,42
MLP,PGD_eps0.15_it10,4041,3976,1.0,0.9841623360554318,PGD,0.15,10,scanning,,42
MLP,PGD_eps0.15_it10,4002,3943,1.0,0.9855072463768116,PGD,0.15,10,xss,,42
LR,PGD_eps0.15_it25,4053,4050,0.5079012345679013,0.5082654823587466,PGD,0.15,25,backdoor,,42
LR,PGD_eps0.15_it25,4004,2956,0.0054127198917456,0.0716783216783216,PGD,0.15,25,ddos,,42
LR,PGD_eps0.15_it25,4117,3608,0.0011086474501108,0.1212047607481175,PGD,0.15,25,dos,,42
LR,PGD_eps0.15_it25,3900,3740,0.0008021390374331,0.0392307692307692,PGD,0.15,25,injection,,42
LR,PGD_eps0.15_it25,209,112,0.0089285714285714,0.4497607655502392,PGD,0.15,25,mitm,,42
LR,PGD_eps0.15_it25,10000,0,,,PGD,0.15,25,normal,,42
LR,PGD_eps0.15_it25,3980,3935,0.0378653113087674,0.0479899497487437,PGD,0.15,25,password,,42
LR,PGD_eps0.15_it25,3903,3336,0.2922661870503597,0.3950807071483474,PGD,0.15,25,ransomware,,42
LR,PGD_eps0.15_it25,4041,3649,0.0816662099205261,0.1623360554318238,PGD,0.15,25,scanning,,42
LR,PGD_eps0.15_it25,4002,3722,0.0024180548092423,0.0704647676161919,PGD,0.15,25,xss,,42
SVM,PGD_eps0.15_it25,4053,4053,0.5075252899087096,0.5075252899087096,PGD,0.15,25,backdoor,,42
SVM,PGD_eps0.15_it25,4004,2956,0.0294316644113667,0.0407092907092907,PGD,0.15,25,ddos,,42
SVM,PGD_eps0.15_it25,4117,3609,0.0157938487115544,0.1326208404177799,PGD,0.15,25,dos,,42
SVM,PGD_eps0.15_it25,3900,3740,0.010427807486631,0.0482051282051282,PGD,0.15,25,injection,,42
SVM,PGD_eps0.15_it25,209,113,0.0176991150442477,0.4449760765550239,PGD,0.15,25,mitm,,42
SVM,PGD_eps0.15_it25,10000,0,,,PGD,0.15,25,normal,,42
SVM,PGD_eps0.15_it25,3980,3936,0.0853658536585365,0.0947236180904522,PGD,0.15,25,password,,42
SVM,PGD_eps0.15_it25,3903,3328,0.3804086538461538,0.471688444786062,PGD,0.15,25,ransomware,,42
SVM,PGD_eps0.15_it25,4041,3653,0.1601423487544484,0.2284088097005691,PGD,0.15,25,scanning,,42
SVM,PGD_eps0.15_it25,4002,3719,0.0104866899704221,0.0777111444277861,PGD,0.15,25,xss,,42
RF,PGD_eps0.15_it25,4053,4053,0.999013076733284,0.999013076733284,PGD,0.15,25,backdoor,,42
RF,PGD_eps0.15_it25,4004,3988,0.7535105315947843,0.7517482517482518,PGD,0.15,25,ddos,,42
RF,PGD_eps0.15_it25,4117,4109,0.9931856899488928,0.9929560359485062,PGD,0.15,25,dos,,42
RF,PGD_eps0.15_it25,3900,3895,0.9779204107830552,0.9774358974358974,PGD,0.15,25,injection,,42
RF,PGD_eps0.15_it25,209,200,0.87,0.8660287081339713,PGD,0.15,25,mitm,,42
RF,PGD_eps0.15_it25,10000,0,,,PGD,0.15,25,normal,,42
RF,PGD_eps0.15_it25,3980,3980,0.9939698492462312,0.9939698492462312,PGD,0.15,25,password,,42
RF,PGD_eps0.15_it25,3903,3903,0.9930822444273636,0.9930822444273636,PGD,0.15,25,ransomware,,42
RF,PGD_eps0.15_it25,4041,4041,0.9774808215788172,0.9774808215788172,PGD,0.15,25,scanning,,42
RF,PGD_eps0.15_it25,4002,4002,0.9705147426286856,0.9705147426286856,PGD,0.15,25,xss,,42
MLP,PGD_eps0.15_it25,4053,4049,0.9997530254383798,0.999753269183321,PGD,0.15,25,backdoor,,42
MLP,PGD_eps0.15_it25,4004,2975,0.9952941176470588,0.74000999000999,PGD,0.15,25,ddos,,42
MLP,PGD_eps0.15_it25,4117,4066,1.0,0.9880981297060968,PGD,0.15,25,dos,,42
MLP,PGD_eps0.15_it25,3900,3867,0.99974140160331,0.9912820512820512,PGD,0.15,25,injection,,42
MLP,PGD_eps0.15_it25,209,160,0.98125,0.7559808612440191,PGD,0.15,25,mitm,,42
MLP,PGD_eps0.15_it25,10000,0,,,PGD,0.15,25,normal,,42
MLP,PGD_eps0.15_it25,3980,3970,1.0,0.9984924623115576,PGD,0.15,25,password,,42
MLP,PGD_eps0.15_it25,3903,3860,1.0,0.988982833717653,PGD,0.15,25,ransomware,,42
MLP,PGD_eps0.15_it25,4041,3976,1.0,0.9841623360554318,PGD,0.15,25,scanning,,42
MLP,PGD_eps0.15_it25,4002,3943,1.0,0.9855072463768116,PGD,0.15,25,xss,,42
LR,PGD_eps0.3_it10,4053,4050,0.5083950617283951,0.5087589439921046,PGD,0.3,10,backdoor,,42
LR,PGD_eps0.3_it10,4004,2956,0.0852503382949932,0.0959040959040959,PGD,0.3,10,ddos,,42
LR,PGD_eps0.3_it10,4117,3608,0.8747228381374723,0.8848676220548943,PGD,0.3,10,dos,,42
LR,PGD_eps0.3_it10,3900,3740,0.0064171122994652,0.0435897435897435,PGD,0.3,10,injection,,42
LR,PGD_eps0.3_it10,209,112,0.0357142857142857,0.4593301435406698,PGD,0.3,10,mitm,,42
LR,PGD_eps0.3_it10,10000,0,,,PGD,0.3,10,normal,,42
LR,PGD_eps0.3_it10,3980,3935,0.0752223634053367,0.0846733668341708,PGD,0.3,10,password,,42
LR,PGD_eps0.3_it10,3903,3336,0.4424460431654676,0.522931078657443,PGD,0.3,10,ransomware,,42
LR,PGD_eps0.3_it10,4041,3649,0.2417100575500137,0.3038851769364019,PGD,0.3,10,scanning,,42
LR,PGD_eps0.3_it10,4002,3722,0.0112842557764642,0.0772113943028485,PGD,0.3,10,xss,,42
SVM,PGD_eps0.3_it10,4053,4053,0.5082654823587466,0.5082654823587466,PGD,0.3,10,backdoor,,42
SVM,PGD_eps0.3_it10,4004,2956,0.2165087956698241,0.1718281718281718,PGD,0.3,10,ddos,,42
SVM,PGD_eps0.3_it10,4117,3609,0.9927957883070102,0.9873694437697352,PGD,0.3,10,dos,,42
SVM,PGD_eps0.3_it10,3900,3740,0.2179144385026738,0.2461538461538461,PGD,0.3,10,injection,,42
SVM,PGD_eps0.3_it10,209,113,0.3008849557522124,0.5933014354066986,PGD,0.3,10,mitm,,42
SVM,PGD_eps0.3_it10,10000,0,,,PGD,0.3,10,normal,,42
SVM,PGD_eps0.3_it10,3980,3936,0.2466971544715447,0.2540201005025125,PGD,0.3,10,password,,42
SVM,PGD_eps0.3_it10,3903,3328,0.4945913461538461,0.568537022802972,PGD,0.3,10,ransomware,,42
SVM,PGD_eps0.3_it10,4041,3653,0.3238434163701068,0.3758970551843603,PGD,0.3,10,scanning,,42
SVM,PGD_eps0.3_it10,4002,3719,0.2567894595321323,0.3043478260869565,PGD,0.3,10,xss,,42
RF,PGD_eps0.3_it10,4053,4053,0.999013076733284,0.999013076733284,PGD,0.3,10,backdoor,,42
RF,PGD_eps0.3_it10,4004,3988,0.7537612838515546,0.7542457542457542,PGD,0.3,10,ddos,,42
RF,PGD_eps0.3_it10,4117,4109,0.9956193721100024,0.995384989069711,PGD,0.3,10,dos,,42
RF,PGD_eps0.3_it10,3900,3895,0.980744544287548,0.98,PGD,0.3,10,injection,,42
RF,PGD_eps0.3_it10,209,200,0.905,0.8899521531100478,PGD,0.3,10,mitm,,42
RF,PGD_eps0.3_it10,10000,0,,,PGD,0.3,10,normal,,42
RF,PGD_eps0.3_it10,3980,3980,0.9904522613065326,0.9904522613065326,PGD,0.3,10,password,,42
RF,PGD_eps0.3_it10,3903,3903,0.9900076863950809,0.9900076863950809,PGD,0.3,10,ransomware,,42
RF,PGD_eps0.3_it10,4041,4041,0.9762435040831478,0.9762435040831478,PGD,0.3,10,scanning,,42
RF,PGD_eps0.3_it10,4002,4002,0.9705147426286856,0.9705147426286856,PGD,0.3,10,xss,,42
MLP,PGD_eps0.3_it10,4053,4049,1.0,1.0,PGD,0.3,10,backdoor,,42
MLP,PGD_eps0.3_it10,4004,2975,0.9963025210084032,0.7407592407592407,PGD,0.3,10,ddos,,42
MLP,PGD_eps0.3_it10,4117,4066,1.0,0.9880981297060968,PGD,0.3,10,dos,,42
MLP,PGD_eps0.3_it10,3900,3867,0.99974140160331,0.9912820512820512,PGD,0.3,10,injection,,42
MLP,PGD_eps0.3_it10,209,160,0.9875,0.7607655502392344,PGD,0.3,10,mitm,,42
MLP,PGD_eps0.3_it10,10000,0,,,PGD,0.3,10,normal,,42
MLP,PGD_eps0.3_it10,3980,3970,1.0,0.9984924623115576,PGD,0.3,10,password,,42
MLP,PGD_eps0.3_it10,3903,3860,1.0,0.988982833717653,PGD,0.3,10,ransomware,,42
MLP,PGD_eps0.3_it10,4041,3976,1.0,0.9841623360554318,PGD,0.3,10,scanning,,42
MLP,PGD_eps0.3_it10,4002,3943,1.0,0.9855072463768116,PGD,0.3,10,xss,,42
LR,PGD_eps0.3_it25,4053,4050,0.5083950617283951,0.5087589439921046,PGD,0.3,25,backdoor,,42
LR,PGD_eps0.3_it25,4004,2956,0.1315967523680649,0.1468531468531468,PGD,0.3,25,ddos,,42
LR,PGD_eps0.3_it25,4117,3608,0.0360310421286031,0.1498664075783337,PGD,0.3,25,dos,,42
LR,PGD_eps0.3_it25,3900,3740,0.0064171122994652,0.0435897435897435,PGD,0.3,25,injection,,42
LR,PGD_eps0.3_it25,209,112,0.0357142857142857,0.4593301435406698,PGD,0.3,25,mitm,,42
LR,PGD_eps0.3_it25,10000,0,,,PGD,0.3,25,normal,,42
LR,PGD_eps0.3_it25,3980,3935,0.0792884371029225,0.0889447236180904,PGD,0.3,25,password,,42
LR,PGD_eps0.3_it25,3903,3336,0.4493405275779376,0.5288239815526518,PGD,0.3,25,ransomware,,42
LR,PGD_eps0.3_it25,4041,3649,0.2419841052343107,0.3038851769364019,PGD,0.3,25,scanning,,42
LR,PGD_eps0.3_it25,4002,3722,0.0392262224610424,0.1031984007996002,PGD,0.3,25,xss,,42
SVM,PGD_eps0.3_it25,4053,4053,0.5080187515420677,0.5080187515420677,PGD,0.3,25,backdoor,,42
SVM,PGD_eps0.3_it25,4004,2956,0.2324086603518268,0.1818181818181818,PGD,0.3,25,ddos,,42
SVM,PGD_eps0.3_it25,4117,3609,0.9925187032418952,0.98469759533641,PGD,0.3,25,dos,,42
SVM,PGD_eps0.3_it25,3900,3740,0.2858288770053476,0.3087179487179487,PGD,0.3,25,injection,,42
SVM,PGD_eps0.3_it25,209,113,0.3008849557522124,0.5789473684210527,PGD,0.3,25,mitm,,42
SVM,PGD_eps0.3_it25,10000,0,,,PGD,0.3,25,normal,,42
SVM,PGD_eps0.3_it25,3980,3936,0.3391768292682927,0.3452261306532663,PGD,0.3,25,password,,42
SVM,PGD_eps0.3_it25,3903,3328,0.5066105769230769,0.5787855495772483,PGD,0.3,25,ransomware,,42
SVM,PGD_eps0.3_it25,4041,3653,0.3421845058855735,0.3909923286315268,PGD,0.3,25,scanning,,42
SVM,PGD_eps0.3_it25,4002,3719,0.3605808012906695,0.3948025987006496,PGD,0.3,25,xss,,42
RF,PGD_eps0.3_it25,4053,4053,0.999013076733284,0.999013076733284,PGD,0.3,25,backdoor,,42
RF,PGD_eps0.3_it25,4004,3988,0.7437311935807422,0.744005994005994,PGD,0.3,25,ddos,,42
RF,PGD_eps0.3_it25,4117,4109,0.9975663178388904,0.9975710468787952,PGD,0.3,25,dos,,42
RF,PGD_eps0.3_it25,3900,3895,0.9815147625160462,0.9812820512820511,PGD,0.3,25,injection,,42
RF,PGD_eps0.3_it25,209,200,0.945,0.9330143540669856,PGD,0.3,25,mitm,,42
RF,PGD_eps0.3_it25,10000,0,,,PGD,0.3,25,normal,,42
RF,PGD_eps0.3_it25,3980,3980,0.9957286432160803,0.9957286432160803,PGD,0.3,25,password,,42
RF,PGD_eps0.3_it25,3903,3903,0.9902638995644376,0.9902638995644376,PGD,0.3,25,ransomware,,42
RF,PGD_eps0.3_it25,4041,4041,0.979460529571888,0.979460529571888,PGD,0.3,25,scanning,,42
RF,PGD_eps0.3_it25,4002,4002,0.9642678660669664,0.9642678660669664,PGD,0.3,25,xss,,42
MLP,PGD_eps0.3_it25,4053,4049,1.0,1.0,PGD,0.3,25,backdoor,,42
MLP,PGD_eps0.3_it25,4004,2975,0.9963025210084032,0.7407592407592407,PGD,0.3,25,ddos,,42
MLP,PGD_eps0.3_it25,4117,4066,1.0,0.9880981297060968,PGD,0.3,25,dos,,42
MLP,PGD_eps0.3_it25,3900,3867,0.99974140160331,0.9912820512820512,PGD,0.3,25,injection,,42
MLP,PGD_eps0.3_it25,209,160,0.9875,0.7607655502392344,PGD,0.3,25,mitm,,42
MLP,PGD_eps0.3_it25,10000,0,,,PGD,0.3,25,normal,,42
MLP,PGD_eps0.3_it25,3980,3970,1.0,0.9984924623115576,PGD,0.3,25,password,,42
MLP,PGD_eps0.3_it25,3903,3860,1.0,0.988982833717653,PGD,0.3,25,ransomware,,42
MLP,PGD_eps0.3_it25,4041,3976,1.0,0.9841623360554318,PGD,0.3,25,scanning,,42
MLP,PGD_eps0.3_it25,4002,3943,1.0,0.9855072463768116,PGD,0.3,25,xss,,42
LR,PGD_eps0.5_it10,4053,4050,0.508641975308642,0.5090056748087837,PGD,0.5,10,backdoor,,42
LR,PGD_eps0.5_it10,4004,2956,0.2483085250338295,0.2187812187812187,PGD,0.5,10,ddos,,42
LR,PGD_eps0.5_it10,4117,3608,0.991130820399113,0.983726014087928,PGD,0.5,10,dos,,42
LR,PGD_eps0.5_it10,3900,3740,0.145187165775401,0.1743589743589743,PGD,0.5,10,injection,,42
LR,PGD_eps0.5_it10,209,112,0.1875,0.5215311004784688,PGD,0.5,10,mitm,,42
LR,PGD_eps0.5_it10,10000,0,,,PGD,0.5,10,normal,,42
LR,PGD_eps0.5_it10,3980,3935,0.1913595933926302,0.1992462311557788,PGD,0.5,10,password,,42
LR,PGD_eps0.5_it10,3903,3336,0.4601318944844125,0.5316423264155777,PGD,0.5,10,ransomware,,42
LR,PGD_eps0.5_it10,4041,3649,0.3757193751712798,0.4229151200197971,PGD,0.5,10,scanning,,42
LR,PGD_eps0.5_it10,4002,3722,0.1826974744760881,0.229135432283858,PGD,0.5,10,xss,,42
SVM,PGD_eps0.5_it10,4053,4053,0.5082654823587466,0.5082654823587466,PGD,0.5,10,backdoor,,42
SVM,PGD_eps0.5_it10,4004,2956,0.3129228687415426,0.2387612387612387,PGD,0.5,10,ddos,,42
SVM,PGD_eps0.5_it10,4117,3609,0.9941812136325852,0.9849404906485304,PGD,0.5,10,dos,,42
SVM,PGD_eps0.5_it10,3900,3740,0.4147058823529412,0.4323076923076923,PGD,0.5,10,injection,,42
SVM,PGD_eps0.5_it10,209,113,0.415929203539823,0.6363636363636364,PGD,0.5,10,mitm,,42
SVM,PGD_eps0.5_it10,10000,0,,,PGD,0.5,10,normal,,42
SVM,PGD_eps0.5_it10,3980,3936,0.4776422764227642,0.4821608040201005,PGD,0.5,10,password,,42
SVM,PGD_eps0.5_it10,3903,3328,0.5279447115384616,0.5905713553676659,PGD,0.5,10,ransomware,,42
SVM,PGD_eps0.5_it10,4041,3653,0.3952915411990145,0.4387527839643652,PGD,0.5,10,scanning,,42
SVM,PGD_eps0.5_it10,4002,3719,0.4283409518687819,0.4572713643178411,PGD,0.5,10,xss,,42
RF,PGD_eps0.5_it10,4053,4053,0.999013076733284,0.999013076733284,PGD,0.5,10,backdoor,,42
RF,PGD_eps0.5_it10,4004,3988,0.7760782347041123,0.7767232767232767,PGD,0.5,10,ddos,,42
RF,PGD_eps0.5_it10,4117,4109,0.998539790703334,0.9982997328151568,PGD,0.5,10,dos,,42
RF,PGD_eps0.5_it10,3900,3895,0.9802310654685494,0.9802564102564104,PGD,0.5,10,injection,,42
RF,PGD_eps0.5_it10,209,200,0.955,0.9569377990430622,PGD,0.5,10,mitm,,42
RF,PGD_eps0.5_it10,10000,0,,,PGD,0.5,10,normal,,42
RF,PGD_eps0.5_it10,3980,3980,0.99321608040201,0.99321608040201,PGD,0.5,10,password,,42
RF,PGD_eps0.5_it10,3903,3903,1.0,1.0,PGD,0.5,10,ransomware,,42
RF,PGD_eps0.5_it10,4041,4041,0.979955456570156,0.979955456570156,PGD,0.5,10,scanning,,42
RF,PGD_eps0.5_it10,4002,4002,0.9752623688155924,0.9752623688155924,PGD,0.5,10,xss,,42
MLP,PGD_eps0.5_it10,4053,4049,1.0,1.0,PGD,0.5,10,backdoor,,42
MLP,PGD_eps0.5_it10,4004,2975,0.9963025210084032,0.7407592407592407,PGD,0.5,10,ddos,,42
MLP,PGD_eps0.5_it10,4117,4066,1.0,0.9880981297060968,PGD,0.5,10,dos,,42
MLP,PGD_eps0.5_it10,3900,3867,0.99974140160331,0.9912820512820512,PGD,0.5,10,injection,,42
MLP,PGD_eps0.5_it10,209,160,0.99375,0.7655502392344498,PGD,0.5,10,mitm,,42
MLP,PGD_eps0.5_it10,10000,0,,,PGD,0.5,10,normal,,42
MLP,PGD_eps0.5_it10,3980,3970,1.0,0.9984924623115576,PGD,0.5,10,password,,42
MLP,PGD_eps0.5_it10,3903,3860,1.0,0.988982833717653,PGD,0.5,10,ransomware,,42
MLP,PGD_eps0.5_it10,4041,3976,1.0,0.9841623360554318,PGD,0.5,10,scanning,,42
MLP,PGD_eps0.5_it10,4002,3943,1.0,0.9855072463768116,PGD,0.5,10,xss,,42
LR,PGD_eps0.5_it25,4053,4050,0.508641975308642,0.5090056748087837,PGD,0.5,25,backdoor,,42
LR,PGD_eps0.5_it25,4004,2956,0.3078484438430311,0.262987012987013,PGD,0.5,25,ddos,,42
LR,PGD_eps0.5_it25,4117,3608,0.9930709534368072,0.9844547000242896,PGD,0.5,25,dos,,42
LR,PGD_eps0.5_it25,3900,3740,0.2144385026737968,0.24,PGD,0.5,25,injection,,42
LR,PGD_eps0.5_it25,209,112,0.2232142857142857,0.5358851674641149,PGD,0.5,25,mitm,,42
LR,PGD_eps0.5_it25,10000,0,,,PGD,0.5,25,normal,,42
LR,PGD_eps0.5_it25,3980,3935,0.3227445997458704,0.329145728643216,PGD,0.5,25,password,,42
LR,PGD_eps0.5_it25,3903,3336,0.4544364508393285,0.5267742761977966,PGD,0.5,25,ransomware,,42
LR,PGD_eps0.5_it25,4041,3649,0.3590024664291587,0.4073249195743628,PGD,0.5,25,scanning,,42
LR,PGD_eps0.5_it25,4002,3722,0.2428801719505642,0.2843578210894553,PGD,0.5,25,xss,,42
SVM,PGD_eps0.5_it25,4053,4053,0.5082654823587466,0.5082654823587466,PGD,0.5,25,backdoor,,42
SVM,PGD_eps0.5_it25,4004,2956,0.3697564276048714,0.2807192807192807,PGD,0.5,25,ddos,,42
SVM,PGD_eps0.5_it25,4117,3609,0.9947353837628152,0.9854262812727714,PGD,0.5,25,dos,,42
SVM,PGD_eps0.5_it25,3900,3740,0.4775401069518716,0.4923076923076923,PGD,0.5,25,injection,,42
SVM,PGD_eps0.5_it25,209,113,0.415929203539823,0.631578947368421,PGD,0.5,25,mitm,,42
SVM,PGD_eps0.5_it25,10000,0,,,PGD,0.5,25,normal,,42
SVM,PGD_eps0.5_it25,3980,3936,0.5818089430894309,0.5851758793969849,PGD,0.5,25,password,,42
SVM,PGD_eps0.5_it25,3903,3328,0.5279447115384616,0.5905713553676659,PGD,0.5,25,ransomware,,42
SVM,PGD_eps0.5_it25,4041,3653,0.411716397481522,0.4536005939123979,PGD,0.5,25,scanning,,42
SVM,PGD_eps0.5_it25,4002,3719,0.485345522990051,0.5102448775612194,PGD,0.5,25,xss,,42
RF,PGD_eps0.5_it25,4053,4053,0.999013076733284,0.999013076733284,PGD,0.5,25,backdoor,,42
RF,PGD_eps0.5_it25,4004,3988,0.779087261785356,0.77997002997003,PGD,0.5,25,ddos,,42
RF,PGD_eps0.5_it25,4117,4109,0.998539790703334,0.9982997328151568,PGD,0.5,25,dos,,42
RF,PGD_eps0.5_it25,3900,3895,0.9637997432605904,0.9638461538461538,PGD,0.5,25,injection,,42
RF,PGD_eps0.5_it25,209,200,0.98,0.9808612440191388,PGD,0.5,25,mitm,,42
RF,PGD_eps0.5_it25,10000,0,,,PGD,0.5,25,normal,,42
RF,PGD_eps0.5_it25,3980,3980,0.9942211055276382,0.9942211055276382,PGD,0.5,25,password,,42
RF,PGD_eps0.5_it25,3903,3903,0.9984627209838586,0.9984627209838586,PGD,0.5,25,ransomware,,42
RF,PGD_eps0.5_it25,4041,4041,0.979707993071022,0.979707993071022,PGD,0.5,25,scanning,,42
RF,PGD_eps0.5_it25,4002,4002,0.9580209895052474,0.9580209895052474,PGD,0.5,25,xss,,42
MLP,PGD_eps0.5_it25,4053,4049,1.0,1.0,PGD,0.5,25,backdoor,,42
MLP,PGD_eps0.5_it25,4004,2975,0.9963025210084032,0.7407592407592407,PGD,0.5,25,ddos,,42
MLP,PGD_eps0.5_it25,4117,4066,1.0,0.9880981297060968,PGD,0.5,25,dos,,42
MLP,PGD_eps0.5_it25,3900,3867,0.99974140160331,0.9912820512820512,PGD,0.5,25,injection,,42
MLP,PGD_eps0.5_it25,209,160,0.99375,0.7655502392344498,PGD,0.5,25,mitm,,42
MLP,PGD_eps0.5_it25,10000,0,,,PGD,0.5,25,normal,,42
MLP,PGD_eps0.5_it25,3980,3970,1.0,0.9984924623115576,PGD,0.5,25,password,,42
MLP,PGD_eps0.5_it25,3903,3860,1.0,0.988982833717653,PGD,0.5,25,ransomware,,42
MLP,PGD_eps0.5_it25,4041,3976,1.0,0.9841623360554318,PGD,0.5,25,scanning,,42
MLP,PGD_eps0.5_it25,4002,3943,1.0,0.9855072463768116,PGD,0.5,25,xss,,42
LR,PGD_eps0.75_it10,4053,4050,0.508641975308642,0.5090056748087837,PGD,0.75,10,backdoor,,42
LR,PGD_eps0.75_it10,4004,2956,0.2946549391069012,0.2335164835164835,PGD,0.75,10,ddos,,42
LR,PGD_eps0.75_it10,4117,3608,0.9930709534368072,0.9854262812727714,PGD,0.75,10,dos,,42
LR,PGD_eps0.75_it10,3900,3740,0.2254010695187165,0.2520512820512821,PGD,0.75,10,injection,,42
LR,PGD_eps0.75_it10,209,112,0.3392857142857143,0.6076555023923444,PGD,0.75,10,mitm,,42
LR,PGD_eps0.75_it10,10000,0,,,PGD,0.75,10,normal,,42
LR,PGD_eps0.75_it10,3980,3935,0.4208386277001271,0.4263819095477387,PGD,0.75,10,password,,42
LR,PGD_eps0.75_it10,3903,3336,0.5044964028776978,0.5695618754803997,PGD,0.75,10,ransomware,,42
LR,PGD_eps0.75_it10,4041,3649,0.412989860235681,0.4558277654046028,PGD,0.75,10,scanning,,42
LR,PGD_eps0.75_it10,4002,3722,0.3140784524449221,0.351824087956022,PGD,0.75,10,xss,,42
SVM,PGD_eps0.75_it10,4053,4053,0.5082654823587466,0.5082654823587466,PGD,0.75,10,backdoor,,42
SVM,PGD_eps0.75_it10,4004,2956,0.3169824086603518,0.2417582417582417,PGD,0.75,10,ddos,,42
SVM,PGD_eps0.75_it10,4117,3609,0.9939041285674702,0.98469759533641,PGD,0.75,10,dos,,42
SVM,PGD_eps0.75_it10,3900,3740,0.5454545454545454,0.5574358974358974,PGD,0.75,10,injection,,42
SVM,PGD_eps0.75_it10,209,113,0.4424778761061947,0.645933014354067,PGD,0.75,10,mitm,,42
SVM,PGD_eps0.75_it10,10000,0,,,PGD,0.75,10,normal,,42
SVM,PGD_eps0.75_it10,3980,3936,0.5294715447154471,0.5334170854271357,PGD,0.75,10,password,,42
SVM,PGD_eps0.75_it10,3903,3328,0.5279447115384616,0.5905713553676659,PGD,0.75,10,ransomware,,42
SVM,PGD_eps0.75_it10,4041,3653,0.4243087872981111,0.4649839148725563,PGD,0.75,10,scanning,,42
SVM,PGD_eps0.75_it10,4002,3719,0.541543425652057,0.5624687656171914,PGD,0.75,10,xss,,42
RF,PGD_eps0.75_it10,4053,4053,0.999013076733284,0.999013076733284,PGD,0.75,10,backdoor,,42
RF,PGD_eps0.75_it10,4004,3988,0.7783350050150452,0.7792207792207793,PGD,0.75,10,ddos,,42
RF,PGD_eps0.75_it10,4117,4109,0.9992698953516672,0.999028418751518,PGD,0.75,10,dos,,42
RF,PGD_eps0.75_it10,3900,3895,0.97997432605905,0.98,PGD,0.75,10,injection,,42
RF,PGD_eps0.75_it10,209,200,0.985,0.9808612440191388,PGD,0.75,10,mitm,,42
RF,PGD_eps0.75_it10,10000,0,,,PGD,0.75,10,normal,,42
RF,PGD_eps0.75_it10,3980,3980,0.9947236180904524,0.9947236180904524,PGD,0.75,10,password,,42
RF,PGD_eps0.75_it10,3903,3903,0.9992313604919292,0.9992313604919292,PGD,0.75,10,ransomware,,42
RF,PGD_eps0.75_it10,4041,4041,0.9806978470675576,0.9806978470675576,PGD,0.75,10,scanning,,42
RF,PGD_eps0.75_it10,4002,4002,0.9470264867566216,0.9470264867566216,PGD,0.75,10,xss,,42
MLP,PGD_eps0.75_it10,4053,4049,1.0,1.0,PGD,0.75,10,backdoor,,42
MLP,PGD_eps0.75_it10,4004,2975,0.997310924369748,0.7415084915084915,PGD,0.75,10,ddos,,42
MLP,PGD_eps0.75_it10,4117,4066,1.0,0.9880981297060968,PGD,0.75,10,dos,,42
MLP,PGD_eps0.75_it10,3900,3867,0.99974140160331,0.9912820512820512,PGD,0.75,10,injection,,42
MLP,PGD_eps0.75_it10,209,160,0.99375,0.7655502392344498,PGD,0.75,10,mitm,,42
MLP,PGD_eps0.75_it10,10000,0,,,PGD,0.75,10,normal,,42
MLP,PGD_eps0.75_it10,3980,3970,1.0,0.9984924623115576,PGD,0.75,10,password,,42
MLP,PGD_eps0.75_it10,3903,3860,1.0,0.988982833717653,PGD,0.75,10,ransomware,,42
MLP,PGD_eps0.75_it10,4041,3976,1.0,0.9841623360554318,PGD,0.75,10,scanning,,42
MLP,PGD_eps0.75_it10,4002,3943,1.0,0.9855072463768116,PGD,0.75,10,xss,,42
LR,PGD_eps0.75_it25,4053,4050,0.508641975308642,0.5090056748087837,PGD,0.75,25,backdoor,,42
LR,PGD_eps0.75_it25,4004,2956,0.304127198917456,0.2692307692307692,PGD,0.75,25,ddos,,42
LR,PGD_eps0.75_it25,4117,3608,0.9950110864745012,0.9859120718970124,PGD,0.75,25,dos,,42
LR,PGD_eps0.75_it25,3900,3740,0.441711229946524,0.4579487179487179,PGD,0.75,25,injection,,42
LR,PGD_eps0.75_it25,209,112,0.4375,0.6507177033492823,PGD,0.75,25,mitm,,42
LR,PGD_eps0.75_it25,10000,0,,,PGD,0.75,25,normal,,42
LR,PGD_eps0.75_it25,3980,3935,0.512833545108005,0.5170854271356784,PGD,0.75,25,password,,42
LR,PGD_eps0.75_it25,3903,3336,0.5086930455635491,0.5731488598513964,PGD,0.75,25,ransomware,,42
LR,PGD_eps0.75_it25,4041,3649,0.4173746231844341,0.4605295718881464,PGD,0.75,25,scanning,,42
LR,PGD_eps0.75_it25,4002,3722,0.5059108006448146,0.5292353823088456,PGD,0.75,25,xss,,42
SVM,PGD_eps0.75_it25,4053,4053,0.5082654823587466,0.5082654823587466,PGD,0.75,25,backdoor,,42
SVM,PGD_eps0.75_it25,4004,2956,0.3169824086603518,0.2417582417582417,PGD,0.75,25,ddos,,42
SVM,PGD_eps0.75_it25,4117,3609,0.9952895538930452,0.9859120718970124,PGD,0.75,25,dos,,42
SVM,PGD_eps0.75_it25,3900,3740,0.5636363636363636,0.5748717948717949,PGD,0.75,25,injection,,42
SVM,PGD_eps0.75_it25,209,113,0.495575221238938,0.6746411483253588,PGD,0.75,25,mitm,,42
SVM,PGD_eps0.75_it25,10000,0,,,PGD,0.75,25,normal,,42
SVM,PGD_eps0.75_it25,3980,3936,0.5698678861788617,0.5733668341708543,PGD,0.75,25,password,,42
SVM,PGD_eps0.75_it25,3903,3328,0.5279447115384616,0.5905713553676659,PGD,0.75,25,ransomware,,42
SVM,PGD_eps0.75_it25,4041,3653,0.4180125923898166,0.4592922543924771,PGD,0.75,25,scanning,,42
SVM,PGD_eps0.75_it25,4002,3719,0.5525678945953213,0.5727136431784108,PGD,0.75,25,xss,,42
RF,PGD_eps0.75_it25,4053,4053,0.999013076733284,0.999013076733284,PGD,0.75,25,backdoor,,42
RF,PGD_eps0.75_it25,4004,3988,0.7795887662988967,0.7804695304695305,PGD,0.75,25,ddos,,42
RF,PGD_eps0.75_it25,4117,4109,0.9970795814066684,0.9970852562545542,PGD,0.75,25,dos,,42
RF,PGD_eps0.75_it25,3900,3895,0.9745827984595636,0.9746153846153848,PGD,0.75,25,injection,,42
RF,PGD_eps0.75_it25,209,200,0.985,0.985645933014354,PGD,0.75,25,mitm,,42
RF,PGD_eps0.75_it25,10000,0,,,PGD,0.75,25,normal,,42
RF,PGD_eps0.75_it25,3980,3980,0.993718592964824,0.993718592964824,PGD,0.75,25,password,,42
RF,PGD_eps0.75_it25,3903,3903,1.0,1.0,PGD,0.75,25,ransomware,,42
RF,PGD_eps0.75_it25,4041,4041,0.979707993071022,0.979707993071022,PGD,0.75,25,scanning,,42
RF,PGD_eps0.75_it25,4002,4002,0.9760119940029984,0.9760119940029984,PGD,0.75,25,xss,,42
MLP,PGD_eps0.75_it25,4053,4049,1.0,1.0,PGD,0.75,25,backdoor,,42
MLP,PGD_eps0.75_it25,4004,2975,0.997310924369748,0.7415084915084915,PGD,0.75,25,ddos,,42
MLP,PGD_eps0.75_it25,4117,4066,1.0,0.9880981297060968,PGD,0.75,25,dos,,42
MLP,PGD_eps0.75_it25,3900,3867,0.99974140160331,0.9912820512820512,PGD,0.75,25,injection,,42
MLP,PGD_eps0.75_it25,209,160,0.99375,0.7655502392344498,PGD,0.75,25,mitm,,42
MLP,PGD_eps0.75_it25,10000,0,,,PGD,0.75,25,normal,,42
MLP,PGD_eps0.75_it25,3980,3970,1.0,0.9984924623115576,PGD,0.75,25,password,,42
MLP,PGD_eps0.75_it25,3903,3860,1.0,0.988982833717653,PGD,0.75,25,ransomware,,42
MLP,PGD_eps0.75_it25,4041,3976,1.0,0.9841623360554318,PGD,0.75,25,scanning,,42
MLP,PGD_eps0.75_it25,4002,3943,1.0,0.9855072463768116,PGD,0.75,25,xss,,42
LR,CW_c0.0_it10,4053,4050,0.0,0.000740192450037,CW,,10,backdoor,0.0,42
LR,CW_c0.0_it10,4004,2956,0.0010148849797023,0.2624875124875125,CW,,10,ddos,0.0,42
LR,CW_c0.0_it10,4117,3608,0.0,0.1236337138693223,CW,,10,dos,0.0,42
LR,CW_c0.0_it10,3900,3740,0.0,0.041025641025641,CW,,10,injection,0.0,42
LR,CW_c0.0_it10,209,112,0.0,0.4641148325358851,CW,,10,mitm,0.0,42
LR,CW_c0.0_it10,10000,0,,,CW,,10,normal,0.0,42
LR,CW_c0.0_it10,3980,3935,0.0,0.0108040201005025,CW,,10,password,0.0,42
LR,CW_c0.0_it10,3903,3336,0.0,0.1452728670253651,CW,,10,ransomware,0.0,42
LR,CW_c0.0_it10,4041,3649,0.0057550013702384,0.1022024251422915,CW,,10,scanning,0.0,42
LR,CW_c0.0_it10,4002,3722,0.0,0.0699650174912543,CW,,10,xss,0.0,42
SVM,CW_c0.0_it10,4053,4053,0.0,0.0,CW,,10,backdoor,0.0,42
SVM,CW_c0.0_it10,4004,2956,0.0,0.2617382617382617,CW,,10,ddos,0.0,42
SVM,CW_c0.0_it10,4117,3609,0.0,0.1233908185572018,CW,,10,dos,0.0,42
SVM,CW_c0.0_it10,3900,3740,0.0,0.041025641025641,CW,,10,injection,0.0,42
SVM,CW_c0.0_it10,209,113,0.0,0.4593301435406698,CW,,10,mitm,0.0,42
SVM,CW_c0.0_it10,10000,0,,,CW,,10,normal,0.0,42
SVM,CW_c0.0_it10,3980,3936,0.0,0.0108040201005025,CW,,10,password,0.0,42
SVM,CW_c0.0_it10,3903,3328,0.0,0.1473225723802203,CW,,10,ransomware,0.0,42
SVM,CW_c0.0_it10,4041,3653,0.0353134410073911,0.1279386290522148,CW,,10,scanning,0.0,42
SVM,CW_c0.0_it10,4002,3719,0.0005377789728421,0.0712143928035982,CW,,10,xss,0.0,42
RF,CW_c0.0_it10,4053,4053,0.997039230199852,0.997039230199852,CW,,10,backdoor,0.0,42
RF,CW_c0.0_it10,4004,3988,0.6825476429287863,0.6808191808191808,CW,,10,ddos,0.0,42
RF,CW_c0.0_it10,4117,4109,0.970309077634461,0.969880981297061,CW,,10,dos,0.0,42
RF,CW_c0.0_it10,3900,3895,0.8536585365853658,0.8533333333333334,CW,,10,injection,0.0,42
RF,CW_c0.0_it10,209,200,0.665,0.6650717703349283,CW,,10,mitm,0.0,42
RF,CW_c0.0_it10,10000,0,,,CW,,10,normal,0.0,42
RF,CW_c0.0_it10,3980,3980,0.8658291457286432,0.8658291457286432,CW,,10,password,0.0,42
RF,CW_c0.0_it10,3903,3903,0.9479887266205484,0.9479887266205484,CW,,10,ransomware,0.0,42
RF,CW_c0.0_it10,4041,4041,0.9569413511507052,0.9569413511507052,CW,,10,scanning,0.0,42
RF,CW_c0.0_it10,4002,4002,0.8375812093953023,0.8375812093953023,CW,,10,xss,0.0,42
MLP,CW_c0.0_it10,4053,4049,0.9730797727834032,0.9731063409819888,CW,,10,backdoor,0.0,42
MLP,CW_c0.0_it10,4004,2975,0.9966386554621848,0.7475024975024975,CW,,10,ddos,0.0,42
MLP,CW_c0.0_it10,4117,4066,0.9948352188883424,0.9829973281515668,CW,,10,dos,0.0,42
MLP,CW_c0.0_it10,3900,3867,0.9901732609257824,0.9817948717948718,CW,,10,injection,0.0,42
MLP,CW_c0.0_it10,209,160,0.99375,0.7703349282296651,CW,,10,mitm,0.0,42
MLP,CW_c0.0_it10,10000,0,,,CW,,10,normal,0.0,42
MLP,CW_c0.0_it10,3980,3970,0.9949622166246852,0.99321608040201,CW,,10,password,0.0,42
MLP,CW_c0.0_it10,3903,3860,0.9966321243523316,0.9856520625160132,CW,,10,ransomware,0.0,42
MLP,CW_c0.0_it10,4041,3976,0.9949698189134808,0.979460529571888,CW,,10,scanning,0.0,42
MLP,CW_c0.0_it10,4002,3943,0.9956885620086228,0.9812593703148426,CW,,10,xss,0.0,42
LR,CW_c0.5_it10,4053,4050,0.0,0.000740192450037,CW,,10,backdoor,0.5,42
LR,CW_c0.5_it10,4004,2956,0.0010148849797023,0.2624875124875125,CW,,10,ddos,0.5,42
LR,CW_c0.5_it10,4117,3608,0.0,0.1236337138693223,CW,,10,dos,0.5,42
LR,CW_c0.5_it10,3900,3740,0.0,0.041025641025641,CW,,10,injection,0.5,42
LR,CW_c0.5_it10,209,112,0.0,0.4641148325358851,CW,,10,mitm,0.5,42
LR,CW_c0.5_it10,10000,0,,,CW,,10,normal,0.5,42
LR,CW_c0.5_it10,3980,3935,0.0,0.0105527638190954,CW,,10,password,0.5,42
LR,CW_c0.5_it10,3903,3336,0.0,0.1452728670253651,CW,,10,ransomware,0.5,42
LR,CW_c0.5_it10,4041,3649,0.0090435735818032,0.105171987131898,CW,,10,scanning,0.5,42
LR,CW_c0.5_it10,4002,3722,0.0,0.0699650174912543,CW,,10,xss,0.5,42
SVM,CW_c0.5_it10,4053,4053,0.0,0.0,CW,,10,backdoor,0.5,42
SVM,CW_c0.5_it10,4004,2956,0.0,0.2617382617382617,CW,,10,ddos,0.5,42
SVM,CW_c0.5_it10,4117,3609,0.0,0.1233908185572018,CW,,10,dos,0.5,42
SVM,CW_c0.5_it10,3900,3740,0.0,0.041025641025641,CW,,10,injection,0.5,42
SVM,CW_c0.5_it10,209,113,0.0,0.4593301435406698,CW,,10,mitm,0.5,42
SVM,CW_c0.5_it10,10000,0,,,CW,,10,normal,0.5,42
SVM,CW_c0.5_it10,3980,3936,0.0,0.0105527638190954,CW,,10,password,0.5,42
SVM,CW_c0.5_it10,3903,3328,0.0,0.1473225723802203,CW,,10,ransomware,0.5,42
SVM,CW_c0.5_it10,4041,3653,0.0344921981932658,0.1271962385548131,CW,,10,scanning,0.5,42
SVM,CW_c0.5_it10,4002,3719,0.0005377789728421,0.0712143928035982,CW,,10,xss,0.5,42
RF,CW_c0.5_it10,4053,4053,0.999013076733284,0.999013076733284,CW,,10,backdoor,0.5,42
RF,CW_c0.5_it10,4004,3988,0.7269307923771314,0.7260239760239761,CW,,10,ddos,0.5,42
RF,CW_c0.5_it10,4117,4109,0.9727427597955708,0.9723099344182656,CW,,10,dos,0.5,42
RF,CW_c0.5_it10,3900,3895,0.8880616174582798,0.8876923076923077,CW,,10,injection,0.5,42
RF,CW_c0.5_it10,209,200,0.73,0.7320574162679426,CW,,10,mitm,0.5,42
RF,CW_c0.5_it10,10000,0,,,CW,,10,normal,0.5,42
RF,CW_c0.5_it10,3980,3980,0.9025125628140704,0.9025125628140704,CW,,10,password,0.5,42
RF,CW_c0.5_it10,3903,3903,0.9695106328465284,0.9695106328465284,CW,,10,ransomware,0.5,42
RF,CW_c0.5_it10,4041,4041,0.9792130660727544,0.9792130660727544,CW,,10,scanning,0.5,42
RF,CW_c0.5_it10,4002,4002,0.863568215892054,0.863568215892054,CW,,10,xss,0.5,42
MLP,CW_c0.5_it10,4053,4049,1.0,1.0,CW,,10,backdoor,0.5,42
MLP,CW_c0.5_it10,4004,2975,0.9996638655462184,0.7432567432567433,CW,,10,ddos,0.5,42
MLP,CW_c0.5_it10,4117,4066,1.0,0.9880981297060968,CW,,10,dos,0.5,42
MLP,CW_c0.5_it10,3900,3867,1.0,0.9915384615384616,CW,,10,injection,0.5,42
MLP,CW_c0.5_it10,209,160,1.0,0.7703349282296651,CW,,10,mitm,0.5,42
MLP,CW_c0.5_it10,10000,0,,,CW,,10,normal,0.5,42
MLP,CW_c0.5_it10,3980,3970,1.0,0.9979899497487436,CW,,10,password,0.5,42
MLP,CW_c0.5_it10,3903,3860,1.0,0.988982833717653,CW,,10,ransomware,0.5,42
MLP,CW_c0.5_it10,4041,3976,1.0,0.9841623360554318,CW,,10,scanning,0.5,42
MLP,CW_c0.5_it10,4002,3943,1.0,0.9855072463768116,CW,,10,xss,0.5,42
LR,FGSM_eps0.15,3964,3957,0.9924184988627748,0.9919273461150352,FGSM,0.15,1,backdoor,,7
LR,FGSM_eps0.15,3929,2896,0.0162292817679558,0.0262153219648765,FGSM,0.15,1,ddos,,7
LR,FGSM_eps0.15,4060,3555,0.1333333333333333,0.1854679802955665,FGSM,0.15,1,dos,,7
LR,FGSM_eps0.15,4043,3897,0.0079548370541442,0.035864457086322,FGSM,0.15,1,injection,,7
LR,FGSM_eps0.15,211,93,0.1182795698924731,0.4454976303317535,FGSM,0.15,1,mitm,,7
LR,FGSM_eps0.15,10000,0,,,FGSM,0.15,1,normal,,7
LR,FGSM_eps0.15,4070,4026,0.226775956284153,0.2319410319410319,FGSM,0.15,1,password,,7
LR,FGSM_eps0.15,4012,3386,0.7421736562315416,0.7821535393818544,FGSM,0.15,1,ransomware,,7
LR,FGSM_eps0.15,3967,3595,0.3260083449235049,0.3748424502142677,FGSM,0.15,1,scanning,,7
LR,FGSM_eps0.15,3953,3683,0.0711376595166983,0.1254743232987604,FGSM,0.15,1,xss,,7
SVM,FGSM_eps0.15,3964,3960,0.9987373737373736,0.998234106962664,FGSM,0.15,1,backdoor,,7
SVM,FGSM_eps0.15,3929,2896,0.9937845303867404,0.744209722575719,FGSM,0.15,1,ddos,,7
SVM,FGSM_eps0.15,4060,3555,0.9974683544303796,0.9384236453201972,FGSM,0.15,1,dos,,7
SVM,FGSM_eps0.15,4043,3897,0.9335386194508596,0.9240662874103388,FGSM,0.15,1,injection,,7
SVM,FGSM_eps0.15,211,96,0.6354166666666666,0.6587677725118484,FGSM,0.15,1,mitm,,7
SVM,FGSM_eps0.15,10000,0,,,FGSM,0.15,1,normal,,7
SVM,FGSM_eps0.15,4070,4027,0.9990067047429848,0.9955773955773956,FGSM,0.15,1,password,,7
SVM,FGSM_eps0.15,4012,3380,0.993491124260355,0.9880358923230308,FGSM,0.15,1,ransomware,,7
SVM,FGSM_eps0.15,3967,3605,0.9986130374479888,0.9823544239979832,FGSM,0.15,1,scanning,,7
SVM,FGSM_eps0.15,3953,3675,0.865578231292517,0.8596003035669112,FGSM,0.15,1,xss,,7
RF,FGSM_eps0.15,3964,3964,0.9989909182643796,0.9989909182643796,FGSM,0.15,1,backdoor,,7
RF,FGSM_eps0.15,3929,3918,0.9134762633996936,0.9116823619241538,FGSM,0.15,1,ddos,,7
RF,FGSM_eps0.15,4060,4056,0.9447731755424064,0.9445812807881774,FGSM,0.15,1,dos,,7
RF,FGSM_eps0.15,4043,4041,0.9886166790398416,0.9881276279990108,FGSM,0.15,1,injection,,7
RF,FGSM_eps0.15,211,205,0.7121951219512195,0.7014218009478673,FGSM,0.15,1,mitm,,7
RF,FGSM_eps0.15,10000,0,,,FGSM,0.15,1,normal,,7
RF,FGSM_eps0.15,4070,4069,0.996313590562792,0.996068796068796,FGSM,0.15,1,password,,7
RF,FGSM_eps0.15,4012,4012,0.9997507477567298,0.9997507477567298,FGSM,0.15,1,ransomware,,7
RF,FGSM_eps0.15,3967,3965,0.989155107187894,0.988656415427275,FGSM,0.15,1,scanning,,7
RF,FGSM_eps0.15,3953,3951,0.9858263730701088,0.9855805717176828,FGSM,0.15,1,xss,,7
MLP,FGSM_eps0.15,3964,3962,0.9984856133266028,0.9979818365287588,FGSM,0.15,1,backdoor,,7
MLP,FGSM_eps0.15,3929,2935,0.9955706984667804,0.7437006871977603,FGSM,0.15,1,ddos,,7
MLP,FGSM_eps0.15,4060,3811,1.0,0.9389162561576356,FGSM,0.15,1,dos,,7
MLP,FGSM_eps0.15,4043,3993,1.0,0.9876329458323028,FGSM,0.15,1,injection,,7
MLP,FGSM_eps0.15,211,149,0.9865771812080536,0.6966824644549763,FGSM,0.15,1,mitm,,7
MLP,FGSM_eps0.15,10000,0,,,FGSM,0.15,1,normal,,7
MLP,FGSM_eps0.15,4070,4054,1.0,0.996068796068796,FGSM,0.15,1,password,,7
MLP,FGSM_eps0.15,4012,3986,1.0,0.9935194416749752,FGSM,0.15,1,ransomware,,7
MLP,FGSM_eps0.15,3967,3897,0.9489350782653324,0.9321905722208218,FGSM,0.15,1,scanning,,7
MLP,FGSM_eps0.15,3953,3887,0.9981991252894264,0.9815330129015936,FGSM,0.15,1,xss,,7
LR,FGSM_eps0.3,3964,3957,0.9987364164771292,0.998234106962664,FGSM,0.3,1,backdoor,,7
LR,FGSM_eps0.3,3929,2896,0.9716850828729282,0.7279205904810384,FGSM,0.3,1,ddos,,7
LR,FGSM_eps0.3,4060,3555,0.9971870604781996,0.9384236453201972,FGSM,0.3,1,dos,,7
LR,FGSM_eps0.3,4043,3897,0.7082371054657429,0.7066534751422211,FGSM,0.3,1,injection,,7
LR,FGSM_eps0.3,211,93,0.6129032258064516,0.6492890995260664,FGSM,0.3,1,mitm,,7
LR,FGSM_eps0.3,10000,0,,,FGSM,0.3,1,normal,,7
LR,FGSM_eps0.3,4070,4026,0.9413810233482364,0.9385749385749386,FGSM,0.3,1,password,,7
LR,FGSM_eps0.3,4012,3386,0.991730655640874,0.9880358923230308,FGSM,0.3,1,ransomware,,7
LR,FGSM_eps0.3,3967,3595,0.9983310152990263,0.9821023443408116,FGSM,0.3,1,scanning,,7
LR,FGSM_eps0.3,3953,3683,0.8083084442030953,0.8059701492537313,FGSM,0.3,1,xss,,7
SVM,FGSM_eps0.3,3964,3960,0.9987373737373736,0.998234106962664,FGSM,0.3,1,backdoor,,7
SVM,FGSM_eps0.3,3929,2896,0.9941298342541436,0.7444642402646984,FGSM,0.3,1,ddos,,7
SVM,FGSM_eps0.3,4060,3555,0.9983122362869198,0.9386699507389162,FGSM,0.3,1,dos,,7
SVM,FGSM_eps0.3,4043,3897,0.9997433923530922,0.9876329458323028,FGSM,0.3,1,injection,,7
SVM,FGSM_eps0.3,211,96,0.7291666666666666,0.7014218009478673,FGSM,0.3,1,mitm,,7
SVM,FGSM_eps0.3,10000,0,,,FGSM,0.3,1,normal,,7
SVM,FGSM_eps0.3,4070,4027,0.9995033523714923,0.996068796068796,FGSM,0.3,1,password,,7
SVM,FGSM_eps0.3,4012,3380,1.0,0.9935194416749752,FGSM,0.3,1,ransomware,,7
SVM,FGSM_eps0.3,3967,3605,0.9986130374479888,0.9823544239979832,FGSM,0.3,1,scanning,,7
SVM,FGSM_eps0.3,3953,3675,0.9983673469387756,0.9830508474576272,FGSM,0.3,1,xss,,7
RF,FGSM_eps0.3,3964,3964,0.9989909182643796,0.9989909182643796,FGSM,0.3,1,backdoor,,7
RF,FGSM_eps0.3,3929,3918,0.9458907605921388,0.9440061084245356,FGSM,0.3,1,ddos,,7
RF,FGSM_eps0.3,4060,4056,0.9467455621301776,0.946551724137931,FGSM,0.3,1,dos,,7
RF,FGSM_eps0.3,4043,4041,0.9901014600346448,0.9896116744991345,FGSM,0.3,1,injection,,7
RF,FGSM_eps0.3,211,205,0.7268292682926829,0.7203791469194313,FGSM,0.3,1,mitm,,7
RF,FGSM_eps0.3,10000,0,,,FGSM,0.3,1,normal,,7
RF,FGSM_eps0.3,4070,4069,0.996313590562792,0.996068796068796,FGSM,0.3,1,password,,7
RF,FGSM_eps0.3,4012,4012,0.9997507477567298,0.9997507477567298,FGSM,0.3,1,ransomware,,7
RF,FGSM_eps0.3,3967,3965,0.9601513240857504,0.9596672548525332,FGSM,0.3,1,scanning,,7
RF,FGSM_eps0.3,3953,3951,0.985320172108327,0.9850746268656716,FGSM,0.3,1,xss,,7
MLP,FGSM_eps0.3,3964,3962,0.9994952044422007,0.9989909182643796,FGSM,0.3,1,backdoor,,7
MLP,FGSM_eps0.3,3929,2935,0.810221465076661,0.6052430643929753,FGSM,0.3,1,ddos,,7
MLP,FGSM_eps0.3,4060,3811,0.9992128050380478,0.9381773399014778,FGSM,0.3,1,dos,,7
MLP,FGSM_eps0.3,4043,3993,0.9797145003756574,0.9675983180806332,FGSM,0.3,1,injection,,7
MLP,FGSM_eps0.3,211,149,0.953020134228188,0.6729857819905213,FGSM,0.3,1,mitm,,7
MLP,FGSM_eps0.3,10000,0,,,FGSM,0.3,1,normal,,7
MLP,FGSM_eps0.3,4070,4054,0.9025653675382338,0.899017199017199,FGSM,0.3,1,password,,7
MLP,FGSM_eps0.3,4012,3986,0.9994982438534872,0.9930209371884346,FGSM,0.3,1,ransomware,,7
MLP,FGSM_eps0.3,3967,3897,0.7703361560174493,0.7567431308293421,FGSM,0.3,1,scanning,,7
MLP,FGSM_eps0.3,3953,3887,0.9863648057627992,0.9698962813053376,FGSM,0.3,1,xss,,7
LR,FGSM_eps0.5,3964,3957,0.9987364164771292,0.998234106962664,FGSM,0.5,1,backdoor,,7
LR,FGSM_eps0.5,3929,2896,0.9937845303867404,0.744209722575719,FGSM,0.5,1,ddos,,7
LR,FGSM_eps0.5,4060,3555,0.9980309423347398,0.9384236453201972,FGSM,0.5,1,dos,,7
LR,FGSM_eps0.5,4043,3897,0.9340518347446752,0.9243136284936928,FGSM,0.5,1,injection,,7
LR,FGSM_eps0.5,211,93,0.7096774193548387,0.6919431279620853,FGSM,0.5,1,mitm,,7
LR,FGSM_eps0.5,10000,0,,,FGSM,0.5,1,normal,,7
LR,FGSM_eps0.5,4070,4026,0.9990064580228516,0.9955773955773956,FGSM,0.5,1,password,,7
LR,FGSM_eps0.5,4012,3386,0.9982279976373302,0.9935194416749752,FGSM,0.5,1,ransomware,,7
LR,FGSM_eps0.5,3967,3595,0.9986091794158554,0.9823544239979832,FGSM,0.5,1,scanning,,7
LR,FGSM_eps0.5,3953,3683,0.9970133043714364,0.9817859853275992,FGSM,0.5,1,xss,,7
SVM,FGSM_eps0.5,3964,3960,0.9987373737373736,0.998234106962664,FGSM,0.5,1,backdoor,,7
SVM,FGSM_eps0.5,3929,2896,0.9941298342541436,0.7444642402646984,FGSM,0.5,1,ddos,,7
SVM,FGSM_eps0.5,4060,3555,0.9983122362869198,0.9386699507389162,FGSM,0.5,1,dos,,7
SVM,FGSM_eps0.5,4043,3897,0.9997433923530922,0.9876329458323028,FGSM,0.5,1,injection,,7
SVM,FGSM_eps0.5,211,96,0.7291666666666666,0.6966824644549763,FGSM,0.5,1,mitm,,7
SVM,FGSM_eps0.5,10000,0,,,FGSM,0.5,1,normal,,7
SVM,FGSM_eps0.5,4070,4027,0.9995033523714923,0.996068796068796,FGSM,0.5,1,password,,7
SVM,FGSM_eps0.5,4012,3380,1.0,0.9935194416749752,FGSM,0.5,1,ransomware,,7
SVM,FGSM_eps0.5,3967,3605,0.9986130374479888,0.9823544239979832,FGSM,0.5,1,scanning,,7
SVM,FGSM_eps0.5,3953,3675,0.998639455782313,0.9833038198836328,FGSM,0.5,1,xss,,7
RF,FGSM_eps0.5,3964,3964,0.9989909182643796,0.9989909182643796,FGSM,0.5,1,backdoor,,7
RF,FGSM_eps0.5,3929,3918,0.9461459928534968,0.9442606261135148,FGSM,0.5,1,ddos,,7
RF,FGSM_eps0.5,4060,4056,0.9460059171597632,0.9455665024630542,FGSM,0.5,1,dos,,7
RF,FGSM_eps0.5,4043,4041,0.8552338530066815,0.8548107840712342,FGSM,0.5,1,injection,,7
RF,FGSM_eps0.5,211,205,0.6829268292682927,0.6777251184834123,FGSM,0.5,1,mitm,,7
RF,FGSM_eps0.5,10000,0,,,FGSM,0.5,1,normal,,7
RF,FGSM_eps0.5,4070,4069,0.958957974932416,0.9587223587223588,FGSM,0.5,1,password,,7
RF,FGSM_eps0.5,4012,4012,0.9252243270189432,0.9252243270189432,FGSM,0.5,1,ransomware,,7
RF,FGSM_eps0.5,3967,3965,0.8892812105926861,0.8888328711872951,FGSM,0.5,1,scanning,,7
RF,FGSM_eps0.5,3953,3951,0.9772209567198178,0.976726536807488,FGSM,0.5,1,xss,,7
MLP,FGSM_eps0.5,3964,3962,0.9994952044422007,0.9989909182643796,FGSM,0.5,1,backdoor,,7
MLP,FGSM_eps0.5,3929,2935,0.5124361158432709,0.3827946042249936,FGSM,0.5,1,ddos,,7
MLP,FGSM_eps0.5,4060,3811,0.9992128050380478,0.9381773399014778,FGSM,0.5,1,dos,,7
MLP,FGSM_eps0.5,4043,3993,0.9471575256699224,0.9354439772446204,FGSM,0.5,1,injection,,7
MLP,FGSM_eps0.5,211,149,0.953020134228188,0.6729857819905213,FGSM,0.5,1,mitm,,7
MLP,FGSM_eps0.5,10000,0,,,FGSM,0.5,1,normal,,7
MLP,FGSM_eps0.5,4070,4054,0.8909718796250616,0.8874692874692874,FGSM,0.5,1,password,,7
MLP,FGSM_eps0.5,4012,3986,0.8640240842950326,0.8584247258225324,FGSM,0.5,1,ransomware,,7
MLP,FGSM_eps0.5,3967,3897,0.48729792147806,0.4786992689689942,FGSM,0.5,1,scanning,,7
MLP,FGSM_eps0.5,3953,3887,0.9022382299974272,0.8871742980015178,FGSM,0.5,1,xss,,7
LR,FGSM_eps0.75,3964,3957,0.9992418498862776,0.9987386478304744,FGSM,0.75,1,backdoor,,7
LR,FGSM_eps0.75,3929,2896,0.9941298342541436,0.7444642402646984,FGSM,0.75,1,ddos,,7
LR,FGSM_eps0.75,4060,3555,0.9983122362869198,0.9386699507389162,FGSM,0.75,1,dos,,7
LR,FGSM_eps0.75,4043,3897,0.9340518347446752,0.9243136284936928,FGSM,0.75,1,injection,,7
LR,FGSM_eps0.75,211,93,0.7311827956989247,0.7014218009478673,FGSM,0.75,1,mitm,,7
LR,FGSM_eps0.75,10000,0,,,FGSM,0.75,1,normal,,7
LR,FGSM_eps0.75,4070,4026,0.9995032290114256,0.996068796068796,FGSM,0.75,1,password,,7
LR,FGSM_eps0.75,4012,3386,0.9982279976373302,0.9935194416749752,FGSM,0.75,1,ransomware,,7
LR,FGSM_eps0.75,3967,3595,0.9986091794158554,0.9823544239979832,FGSM,0.75,1,scanning,,7
LR,FGSM_eps0.75,3953,3683,0.9970133043714364,0.9817859853275992,FGSM,0.75,1,xss,,7
SVM,FGSM_eps0.75,3964,3960,0.9992424242424244,0.9987386478304744,FGSM,0.75,1,backdoor,,7
SVM,FGSM_eps0.75,3929,2896,0.9941298342541436,0.7444642402646984,FGSM,0.75,1,ddos,,7
SVM,FGSM_eps0.75,4060,3555,0.9983122362869198,0.9386699507389162,FGSM,0.75,1,dos,,7
SVM,FGSM_eps0.75,4043,3897,0.9997433923530922,0.9876329458323028,FGSM,0.75,1,injection,,7
SVM,FGSM_eps0.75,211,96,0.7395833333333334,0.7014218009478673,FGSM,0.75,1,mitm,,7
SVM,FGSM_eps0.75,10000,0,,,FGSM,0.75,1,normal,,7
SVM,FGSM_eps0.75,4070,4027,0.9995033523714923,0.996068796068796,FGSM,0.75,1,password,,7
SVM,FGSM_eps0.75,4012,3380,1.0,0.9935194416749752,FGSM,0.75,1,ransomware,,7
SVM,FGSM_eps0.75,3967,3605,0.9986130374479888,0.9823544239979832,FGSM,0.75,1,scanning,,7
SVM,FGSM_eps0.75,3953,3675,0.998639455782313,0.9833038198836328,FGSM,0.75,1,xss,,7
RF,FGSM_eps0.75,3964,3964,0.9989909182643796,0.9989909182643796,FGSM,0.75,1,backdoor,,7
RF,FGSM_eps0.75,3929,3918,0.9464012251148544,0.9445151438024942,FGSM,0.75,1,ddos,,7
RF,FGSM_eps0.75,4060,4056,0.9575936883629192,0.9571428571428572,FGSM,0.75,1,dos,,7
RF,FGSM_eps0.75,4043,4041,0.8478099480326652,0.8473905515706158,FGSM,0.75,1,injection,,7
RF,FGSM_eps0.75,211,205,0.7365853658536585,0.7298578199052133,FGSM,0.75,1,mitm,,7
RF,FGSM_eps0.75,10000,0,,,FGSM,0.75,1,normal,,7
RF,FGSM_eps0.75,4070,4069,0.9427377734087,0.9425061425061424,FGSM,0.75,1,password,,7
RF,FGSM_eps0.75,4012,4012,0.9252243270189432,0.9252243270189432,FGSM,0.75,1,ransomware,,7
RF,FGSM_eps0.75,3967,3965,0.7636822194199243,0.7632972019158054,FGSM,0.75,1,scanning,,7
RF,FGSM_eps0.75,3953,3951,0.9787395596051632,0.9782443713635214,FGSM,0.75,1,xss,,7
MLP,FGSM_eps0.75,3964,3962,0.4803129732458354,0.4800706357214934,FGSM,0.75,1,backdoor,,7
MLP,FGSM_eps0.75,3929,2935,0.6562180579216355,0.4902010689742937,FGSM,0.75,1,ddos,,7
MLP,FGSM_eps0.75,4060,3811,0.9994752033586984,0.9389162561576356,FGSM,0.75,1,dos,,7
MLP,FGSM_eps0.75,4043,3993,0.9196093163035312,0.9082364580756864,FGSM,0.75,1,injection,,7
MLP,FGSM_eps0.75,211,149,0.9865771812080536,0.6966824644549763,FGSM,0.75,1,mitm,,7
MLP,FGSM_eps0.75,10000,0,,,FGSM,0.75,1,normal,,7
MLP,FGSM_eps0.75,4070,4054,0.909225456339418,0.9056511056511056,FGSM,0.75,1,password,,7
MLP,FGSM_eps0.75,4012,3986,0.8933768188660312,0.8875872382851445,FGSM,0.75,1,ransomware,,7
MLP,FGSM_eps0.75,3967,3897,0.4944829355914806,0.4857574993698008,FGSM,0.75,1,scanning,,7
MLP,FGSM_eps0.75,3953,3887,0.974787754051968,0.9585125221350872,FGSM,0.75,1,xss,,7
LR,PGD_eps0.15_it10,3964,3957,0.9929239322719232,0.9926841574167508,PGD,0.15,10,backdoor,,7
LR,PGD_eps0.15_it10,3929,2896,0.0124309392265193,0.0277424280987528,PGD,0.15,10,ddos,,7
LR,PGD_eps0.15_it10,4060,3555,0.9943741209563994,0.9859605911330048,PGD,0.15,10,dos,,7
LR,PGD_eps0.15_it10,4043,3897,0.0112907364639466,0.0422953252535246,PGD,0.15,10,injection,,7
LR,PGD_eps0.15_it10,211,93,0.1935483870967742,0.6255924170616114,PGD,0.15,10,mitm,,7
LR,PGD_eps0.15_it10,10000,0,,,PGD,0.15,10,normal,,7
LR,PGD_eps0.15_it10,4070,4026,0.2600596125186289,0.2675675675675675,PGD,0.15,10,password,,7
LR,PGD_eps0.15_it10,4012,3386,0.7557590076786769,0.7938683948155534,PGD,0.15,10,ransomware,,7
LR,PGD_eps0.15_it10,3967,3595,0.4083449235048679,0.4504663473657675,PGD,0.15,10,scanning,,7
LR,PGD_eps0.15_it10,3953,3683,0.0629921259842519,0.1196559575006324,PGD,0.15,10,xss,,7
SVM,PGD_eps0.15_it10,3964,3960,0.9987373737373736,0.998234106962664,PGD,0.15,10,backdoor,,7
SVM,PGD_eps0.15_it10,3929,2896,0.9854972375690608,0.7381012980402138,PGD,0.15,10,ddos,,7
SVM,PGD_eps0.15_it10,4060,3555,0.9974683544303796,0.9384236453201972,PGD,0.15,10,dos,,7
SVM,PGD_eps0.15_it10,4043,3897,0.9861431870669746,0.9747712094978976,PGD,0.15,10,injection,,7
SVM,PGD_eps0.15_it10,211,96,0.6354166666666666,0.6587677725118484,PGD,0.15,10,mitm,,7
SVM,PGD_eps0.15_it10,10000,0,,,PGD,0.15,10,normal,,7
SVM,PGD_eps0.15_it10,4070,4027,0.9947851999006704,0.9914004914004914,PGD,0.15,10,password,,7
SVM,PGD_eps0.15_it10,4012,3380,0.993491124260355,0.9880358923230308,PGD,0.15,10,ransomware,,7
SVM,PGD_eps0.15_it10,3967,3605,0.99750346740638,0.9813461053692968,PGD,0.15,10,scanning,,7
SVM,PGD_eps0.15_it10,3953,3675,0.9148299319727892,0.9053883126739184,PGD,0.15,10,xss,,7
RF,PGD_eps0.15_it10,3964,3964,0.9987386478304744,0.9987386478304744,PGD,0.15,10,backdoor,,7
RF,PGD_eps0.15_it10,3929,3918,0.7644206227667177,0.7625349961822346,PGD,0.15,10,ddos,,7
RF,PGD_eps0.15_it10,4060,4056,0.9260355029585798,0.9258620689655171,PGD,0.15,10,dos,,7
RF,PGD_eps0.15_it10,4043,4041,0.894828012868102,0.8946326984912194,PGD,0.15,10,injection,,7
RF,PGD_eps0.15_it10,211,205,0.7024390243902439,0.6966824644549763,PGD,0.15,10,mitm,,7
RF,PGD_eps0.15_it10,10000,0,,,PGD,0.15,10,normal,,7
RF,PGD_eps0.15_it10,4070,4069,0.782993364463013,0.7828009828009828,PGD,0.15,10,password,,7
RF,PGD_eps0.15_it10,4012,4012,0.8546859421734796,0.8546859421734796,PGD,0.15,10,ransomware,,7
RF,PGD_eps0.15_it10,3967,3965,0.9046658259773014,0.9042097302747668,PGD,0.15,10,scanning,,7
RF,PGD_eps0.15_it10,3953,3951,0.8397873955960516,0.839362509486466,PGD,0.15,10,xss,,7
MLP,PGD_eps0.15_it10,3964,3962,0.9992428066633012,0.9987386478304744,PGD,0.15,10,backdoor,,7
MLP,PGD_eps0.15_it10,3929,2935,0.9976149914821124,0.7452277933316366,PGD,0.15,10,ddos,,7
MLP,PGD_eps0.15_it10,4060,3811,1.0,0.9389162561576356,PGD,0.15,10,dos,,7
MLP,PGD_eps0.15_it10,4043,3993,0.9897320310543452,0.977491961414791,PGD,0.15,10,injection,,7
MLP,PGD_eps0.15_it10,211,149,0.9865771812080536,0.6966824644549763,PGD,0.15,10,mitm,,7
MLP,PGD_eps0.15_it10,10000,0,,,PGD,0.15,10,normal,,7
MLP,PGD_eps0.15_it10,4070,4054,0.9980266403552048,0.994103194103194,PGD,0.15,10,password,,7
MLP,PGD_eps0.15_it10,4012,3986,1.0,0.9935194416749752,PGD,0.15,10,ransomware,,7
MLP,PGD_eps0.15_it10,3967,3897,1.0,0.9823544239979832,PGD,0.15,10,scanning,,7
MLP,PGD_eps0.15_it10,3953,3887,0.998970928736815,0.9822919301796104,PGD,0.15,10,xss,,7
LR,PGD_eps0.15_it25,3964,3957,0.9959565327268132,0.9959636730575177,PGD,0.15,25,backdoor,,7
LR,PGD_eps0.15_it25,3929,2896,0.0117403314917127,0.0254517688979384,PGD,0.15,25,ddos,,7
LR,PGD_eps0.15_it25,4060,3555,0.9940928270042194,0.9866995073891626,PGD,0.15,25,dos,,7
LR,PGD_eps0.15_it25,4043,3897,0.0128303823453938,0.0460054415038337,PGD,0.15,25,injection,,7
LR,PGD_eps0.15_it25,211,93,0.1827956989247312,0.6303317535545023,PGD,0.15,25,mitm,,7
LR,PGD_eps0.15_it25,10000,0,,,PGD,0.15,25,normal,,7
LR,PGD_eps0.15_it25,4070,4026,0.2568306010928962,0.2643734643734644,PGD,0.15,25,password,,7
LR,PGD_eps0.15_it25,4012,3386,0.7858830478440638,0.8192921236291126,PGD,0.15,25,ransomware,,7
LR,PGD_eps0.15_it25,3967,3595,0.4542420027816412,0.4930678094277791,PGD,0.15,25,scanning,,7
LR,PGD_eps0.15_it25,3953,3683,0.0700515883790388,0.129774854540855,PGD,0.15,25,xss,,7
SVM,PGD_eps0.15_it25,3964,3960,0.9987373737373736,0.998234106962664,PGD,0.15,25,backdoor,,7
SVM,PGD_eps0.15_it25,3929,2896,0.994475138121547,0.7447187579536778,PGD,0.15,25,ddos,,7
SVM,PGD_eps0.15_it25,4060,3555,0.9977496483825598,0.9386699507389162,PGD,0.15,25,dos,,7
SVM,PGD_eps0.15_it25,4043,3897,0.9992301770592764,0.9876329458323028,PGD,0.15,25,injection,,7
SVM,PGD_eps0.15_it25,211,96,0.65625,0.6682464454976303,PGD,0.15,25,mitm,,7
SVM,PGD_eps0.15_it25,10000,0,,,PGD,0.15,25,normal,,7
SVM,PGD_eps0.15_it25,4070,4027,0.9995033523714923,0.9963144963144964,PGD,0.15,25,password,,7
SVM,PGD_eps0.15_it25,4012,3380,0.993491124260355,0.9882851445663012,PGD,0.15,25,ransomware,,7
SVM,PGD_eps0.15_it25,3967,3605,0.9966712898751734,0.9805898663977816,PGD,0.15,25,scanning,,7
SVM,PGD_eps0.15_it25,3953,3675,0.9567346938775512,0.9443460662787756,PGD,0.15,25,xss,,7
RF,PGD_eps0.15_it25,3964,3964,0.9989909182643796,0.9989909182643796,PGD,0.15,25,backdoor,,7
RF,PGD_eps0.15_it25,3929,3918,0.7243491577335375,0.7225757190124714,PGD,0.15,25,ddos,,7
RF,PGD_eps0.15_it25,4060,4056,0.9361439842209072,0.9357142857142856,PGD,0.15,25,dos,,7
RF,PGD_eps0.15_it25,4043,4041,0.963870329126454,0.963393519663616,PGD,0.15,25,injection,,7
RF,PGD_eps0.15_it25,211,205,0.7121951219512195,0.7014218009478673,PGD,0.15,25,mitm,,7
RF,PGD_eps0.15_it25,10000,0,,,PGD,0.15,25,normal,,7
RF,PGD_eps0.15_it25,4070,4069,0.8896534775129025,0.8894348894348895,PGD,0.15,25,password,,7
RF,PGD_eps0.15_it25,4012,4012,0.923728813559322,0.923728813559322,PGD,0.15,25,ransomware,,7
RF,PGD_eps0.15_it25,3967,3965,0.9399747793190416,0.9397529619359718,PGD,0.15,25,scanning,,7
RF,PGD_eps0.15_it25,3953,3951,0.9615287269045812,0.9612952188211484,PGD,0.15,25,xss,,7
MLP,PGD_eps0.15_it25,3964,3962,0.9992428066633012,0.9987386478304744,PGD,0.15,25,backdoor,,7
MLP,PGD_eps0.15_it25,3929,2935,0.9976149914821124,0.7452277933316366,PGD,0.15,25,ddos,,7
MLP,PGD_eps0.15_it25,4060,3811,1.0,0.9389162561576356,PGD,0.15,25,dos,,7
MLP,PGD_eps0.15_it25,4043,3993,1.0,0.9876329458323028,PGD,0.15,25,injection,,7
MLP,PGD_eps0.15_it25,211,149,0.9865771812080536,0.6966824644549763,PGD,0.15,25,mitm,,7
MLP,PGD_eps0.15_it25,10000,0,,,PGD,0.15,25,normal,,7
MLP,PGD_eps0.15_it25,4070,4054,1.0,0.996068796068796,PGD,0.15,25,password,,7
MLP,PGD_eps0.15_it25,4012,3986,0.9994982438534872,0.9930209371884346,PGD,0.15,25,ransomware,,7
MLP,PGD_eps0.15_it25,3967,3897,0.9989735694123684,0.9813461053692968,PGD,0.15,25,scanning,,7
MLP,PGD_eps0.15_it25,3953,3887,0.9812194494468742,0.9648368327852264,PGD,0.15,25,xss,,7
LR,PGD_eps0.3_it10,3964,3957,0.9987364164771292,0.998234106962664,PGD,0.3,10,backdoor,,7
LR,PGD_eps0.3_it10,3929,2896,0.9927486187845304,0.7434461695087808,PGD,0.3,10,ddos,,7
LR,PGD_eps0.3_it10,4060,3555,0.9966244725738396,0.9376847290640394,PGD,0.3,10,dos,,7
LR,PGD_eps0.3_it10,4043,3897,0.9227610982807288,0.9134306208261193,PGD,0.3,10,injection,,7
LR,PGD_eps0.3_it10,211,93,0.6666666666666666,0.6729857819905213,PGD,0.3,10,mitm,,7
LR,PGD_eps0.3_it10,10000,0,,,PGD,0.3,10,normal,,7
LR,PGD_eps0.3_it10,4070,4026,0.8611525086934922,0.8592137592137592,PGD,0.3,10,password,,7
LR,PGD_eps0.3_it10,4012,3386,0.9926166568222092,0.9887836490528414,PGD,0.3,10,ransomware,,7
LR,PGD_eps0.3_it10,3967,3595,0.9986091794158554,0.9823544239979832,PGD,0.3,10,scanning,,7
LR,PGD_eps0.3_it10,3953,3683,0.9761064349714906,0.9623071085251708,PGD,0.3,10,xss,,7
SVM,PGD_eps0.3_it10,3964,3960,0.9987373737373736,0.998234106962664,PGD,0.3,10,backdoor,,7
SVM,PGD_eps0.3_it10,3929,2896,0.9951657458563536,0.7452277933316366,PGD,0.3,10,ddos,,7
SVM,PGD_eps0.3_it10,4060,3555,0.9980309423347398,0.9389162561576356,PGD,0.3,10,dos,,7
SVM,PGD_eps0.3_it10,4043,3897,0.9997433923530922,0.9876329458323028,PGD,0.3,10,injection,,7
SVM,PGD_eps0.3_it10,211,96,0.71875,0.6966824644549763,PGD,0.3,10,mitm,,7
SVM,PGD_eps0.3_it10,10000,0,,,PGD,0.3,10,normal,,7
SVM,PGD_eps0.3_it10,4070,4027,0.9995033523714923,0.996068796068796,PGD,0.3,10,password,,7
SVM,PGD_eps0.3_it10,4012,3380,1.0,0.9942671984047856,PGD,0.3,10,ransomware,,7
SVM,PGD_eps0.3_it10,3967,3605,0.9986130374479888,0.9823544239979832,PGD,0.3,10,scanning,,7
SVM,PGD_eps0.3_it10,3953,3675,0.998639455782313,0.9833038198836328,PGD,0.3,10,xss,,7
RF,PGD_eps0.3_it10,3964,3964,0.4800706357214934,0.4800706357214934,PGD,0.3,10,backdoor,,7
RF,PGD_eps0.3_it10,3929,3918,0.9231750893312914,0.921099516416391,PGD,0.3,10,ddos,,7
RF,PGD_eps0.3_it10,4060,4056,0.945759368836292,0.945320197044335,PGD,0.3,10,dos,,7
RF,PGD_eps0.3_it10,4043,4041,0.9886166790398416,0.9881276279990108,PGD,0.3,10,injection,,7
RF,PGD_eps0.3_it10,211,205,0.7365853658536585,0.7298578199052133,PGD,0.3,10,mitm,,7
RF,PGD_eps0.3_it10,10000,0,,,PGD,0.3,10,normal,,7
RF,PGD_eps0.3_it10,4070,4069,0.9208650774145982,0.9206388206388206,PGD,0.3,10,password,,7
RF,PGD_eps0.3_it10,4012,4012,0.9950149551345964,0.9950149551345964,PGD,0.3,10,ransomware,,7
RF,PGD_eps0.3_it10,3967,3965,0.7513240857503153,0.7509452987143937,PGD,0.3,10,scanning,,7
RF,PGD_eps0.3_it10,3953,3951,0.891672994178689,0.8914748292436124,PGD,0.3,10,xss,,7
MLP,PGD_eps0.3_it10,3964,3962,0.9994952044422007,0.9989909182643796,PGD,0.3,10,backdoor,,7
MLP,PGD_eps0.3_it10,3929,2935,0.9976149914821124,0.7452277933316366,PGD,0.3,10,ddos,,7
MLP,PGD_eps0.3_it10,4060,3811,1.0,0.9389162561576356,PGD,0.3,10,dos,,7
MLP,PGD_eps0.3_it10,4043,3993,1.0,0.9876329458323028,PGD,0.3,10,injection,,7
MLP,PGD_eps0.3_it10,211,149,0.9865771812080536,0.6966824644549763,PGD,0.3,10,mitm,,7
MLP,PGD_eps0.3_it10,10000,0,,,PGD,0.3,10,normal,,7
MLP,PGD_eps0.3_it10,4070,4054,1.0,0.996068796068796,PGD,0.3,10,password,,7
MLP,PGD_eps0.3_it10,4012,3986,1.0,0.9935194416749752,PGD,0.3,10,ransomware,,7
MLP,PGD_eps0.3_it10,3967,3897,1.0,0.9823544239979832,PGD,0.3,10,scanning,,7
MLP,PGD_eps0.3_it10,3953,3887,1.0,0.9833038198836328,PGD,0.3,10,xss,,7
LR,PGD_eps0.3_it25,3964,3957,0.9987364164771292,0.998234106962664,PGD,0.3,25,backdoor,,7
LR,PGD_eps0.3_it25,3929,2896,0.993439226519337,0.7439552048867396,PGD,0.3,25,ddos,,7
LR,PGD_eps0.3_it25,4060,3555,0.9969057665260196,0.9379310344827586,PGD,0.3,25,dos,,7
LR,PGD_eps0.3_it25,4043,3897,0.792147806004619,0.7875340093989611,PGD,0.3,25,injection,,7
LR,PGD_eps0.3_it25,211,93,0.6559139784946236,0.6682464454976303,PGD,0.3,25,mitm,,7
LR,PGD_eps0.3_it25,10000,0,,,PGD,0.3,25,normal,,7
LR,PGD_eps0.3_it25,4070,4026,0.8700943864878291,0.8680589680589681,PGD,0.3,25,password,,7
LR,PGD_eps0.3_it25,4012,3386,0.991730655640874,0.9880358923230308,PGD,0.3,25,ransomware,,7
LR,PGD_eps0.3_it25,3967,3595,0.9986091794158554,0.9823544239979832,PGD,0.3,25,scanning,,7
LR,PGD_eps0.3_it25,3953,3683,0.9052402932392072,0.8962813053377182,PGD,0.3,25,xss,,7
SVM,PGD_eps0.3_it25,3964,3960,0.9987373737373736,0.998234106962664,PGD,0.3,25,backdoor,,7
SVM,PGD_eps0.3_it25,3929,2896,0.9951657458563536,0.7452277933316366,PGD,0.3,25,ddos,,7
SVM,PGD_eps0.3_it25,4060,3555,0.9980309423347398,0.9389162561576356,PGD,0.3,25,dos,,7
SVM,PGD_eps0.3_it25,4043,3897,0.9997433923530922,0.9876329458323028,PGD,0.3,25,injection,,7
SVM,PGD_eps0.3_it25,211,96,0.71875,0.6966824644549763,PGD,0.3,25,mitm,,7
SVM,PGD_eps0.3_it25,10000,0,,,PGD,0.3,25,normal,,7
SVM,PGD_eps0.3_it25,4070,4027,0.9995033523714923,0.996068796068796,PGD,0.3,25,password,,7
SVM,PGD_eps0.3_it25,4012,3380,1.0,0.9942671984047856,PGD,0.3,25,ransomware,,7
SVM,PGD_eps0.3_it25,3967,3605,0.9986130374479888,0.9823544239979832,PGD,0.3,25,scanning,,7
SVM,PGD_eps0.3_it25,3953,3675,0.998639455782313,0.9833038198836328,PGD,0.3,25,xss,,7
RF,PGD_eps0.3_it25,3964,3964,0.9989909182643796,0.9989909182643796,PGD,0.3,25,backdoor,,7
RF,PGD_eps0.3_it25,3929,3918,0.9765186319550792,0.9742937134130822,PGD,0.3,25,ddos,,7
RF,PGD_eps0.3_it25,4060,4056,0.9492110453648916,0.948768472906404,PGD,0.3,25,dos,,7
RF,PGD_eps0.3_it25,4043,4041,0.991833704528582,0.991343062082612,PGD,0.3,25,injection,,7
RF,PGD_eps0.3_it25,211,205,0.7560975609756098,0.7488151658767772,PGD,0.3,25,mitm,,7
RF,PGD_eps0.3_it25,10000,0,,,PGD,0.3,25,normal,,7
RF,PGD_eps0.3_it25,4070,4069,0.9972966330793808,0.9970515970515972,PGD,0.3,25,password,,7
RF,PGD_eps0.3_it25,4012,4012,0.9997507477567298,0.9997507477567298,PGD,0.3,25,ransomware,,7
RF,PGD_eps0.3_it25,3967,3965,0.987389659520807,0.9868918578270732,PGD,0.3,25,scanning,,7
RF,PGD_eps0.3_it25,3953,3951,0.9886104783599088,0.988363268403744,PGD,0.3,25,xss,,7
MLP,PGD_eps0.3_it25,3964,3962,0.9994952044422007,0.9989909182643796,PGD,0.3,25,backdoor,,7
MLP,PGD_eps0.3_it25,3929,2935,0.9976149914821124,0.7452277933316366,PGD,0.3,25,ddos,,7
MLP,PGD_eps0.3_it25,4060,3811,1.0,0.9389162561576356,PGD,0.3,25,dos,,7
MLP,PGD_eps0.3_it25,4043,3993,1.0,0.9876329458323028,PGD,0.3,25,injection,,7
MLP,PGD_eps0.3_it25,211,149,0.9865771812080536,0.6966824644549763,PGD,0.3,25,mitm,,7
MLP,PGD_eps0.3_it25,10000,0,,,PGD,0.3,25,normal,,7
MLP,PGD_eps0.3_it25,4070,4054,1.0,0.996068796068796,PGD,0.3,25,password,,7
MLP,PGD_eps0.3_it25,4012,3986,1.0,0.9935194416749752,PGD,0.3,25,ransomware,,7
MLP,PGD_eps0.3_it25,3967,3897,1.0,0.9823544239979832,PGD,0.3,25,scanning,,7
MLP,PGD_eps0.3_it25,3953,3887,1.0,0.9833038198836328,PGD,0.3,25,xss,,7
LR,PGD_eps0.5_it10,3964,3957,0.9989891331817032,0.9984863773965692,PGD,0.5,10,backdoor,,7
LR,PGD_eps0.5_it10,3929,2896,0.9951657458563536,0.7452277933316366,PGD,0.5,10,ddos,,7
LR,PGD_eps0.5_it10,4060,3555,0.9980309423347398,0.9389162561576356,PGD,0.5,10,dos,,7
LR,PGD_eps0.5_it10,4043,3897,0.9997433923530922,0.9876329458323028,PGD,0.5,10,injection,,7
LR,PGD_eps0.5_it10,211,93,0.7311827956989247,0.7061611374407583,PGD,0.5,10,mitm,,7
LR,PGD_eps0.5_it10,10000,0,,,PGD,0.5,10,normal,,7
LR,PGD_eps0.5_it10,4070,4026,0.9995032290114256,0.996068796068796,PGD,0.5,10,password,,7
LR,PGD_eps0.5_it10,4012,3386,0.9982279976373302,0.9935194416749752,PGD,0.5,10,ransomware,,7
LR,PGD_eps0.5_it10,3967,3595,0.9986091794158554,0.9823544239979832,PGD,0.5,10,scanning,,7
LR,PGD_eps0.5_it10,3953,3683,0.9986424110779256,0.9833038198836328,PGD,0.5,10,xss,,7
SVM,PGD_eps0.5_it10,3964,3960,0.9987373737373736,0.998234106962664,PGD,0.5,10,backdoor,,7
SVM,PGD_eps0.5_it10,3929,2896,0.9951657458563536,0.7452277933316366,PGD,0.5,10,ddos,,7
SVM,PGD_eps0.5_it10,4060,3555,0.9980309423347398,0.9389162561576356,PGD,0.5,10,dos,,7
SVM,PGD_eps0.5_it10,4043,3897,0.9997433923530922,0.9876329458323028,PGD,0.5,10,injection,,7
SVM,PGD_eps0.5_it10,211,96,0.7395833333333334,0.7014218009478673,PGD,0.5,10,mitm,,7
SVM,PGD_eps0.5_it10,10000,0,,,PGD,0.5,10,normal,,7
SVM,PGD_eps0.5_it10,4070,4027,0.9995033523714923,0.996068796068796,PGD,0.5,10,password,,7
SVM,PGD_eps0.5_it10,4012,3380,1.0,0.9935194416749752,PGD,0.5,10,ransomware,,7
SVM,PGD_eps0.5_it10,3967,3605,0.9986130374479888,0.9823544239979832,PGD,0.5,10,scanning,,7
SVM,PGD_eps0.5_it10,3953,3675,0.998639455782313,0.9833038198836328,PGD,0.5,10,xss,,7
RF,PGD_eps0.5_it10,3964,3964,0.9989909182643796,0.9989909182643796,PGD,0.5,10,backdoor,,7
RF,PGD_eps0.5_it10,3929,3918,0.8856559469116896,0.883430898447442,PGD,0.5,10,ddos,,7
RF,PGD_eps0.5_it10,4060,4056,0.9477317554240632,0.9470443349753694,PGD,0.5,10,dos,,7
RF,PGD_eps0.5_it10,4043,4041,0.9566938876515714,0.9562206282463516,PGD,0.5,10,injection,,7
RF,PGD_eps0.5_it10,211,205,0.7414634146341463,0.7345971563981043,PGD,0.5,10,mitm,,7
RF,PGD_eps0.5_it10,10000,0,,,PGD,0.5,10,normal,,7
RF,PGD_eps0.5_it10,4070,4069,0.9773900221184566,0.9771498771498772,PGD,0.5,10,password,,7
RF,PGD_eps0.5_it10,4012,4012,0.9992522432701896,0.9992522432701896,PGD,0.5,10,ransomware,,7
RF,PGD_eps0.5_it10,3967,3965,0.9210592686002522,0.9205949079909252,PGD,0.5,10,scanning,,7
RF,PGD_eps0.5_it10,3953,3951,0.8719311566691976,0.8717429800151784,PGD,0.5,10,xss,,7
MLP,PGD_eps0.5_it10,3964,3962,0.9994952044422007,0.9989909182643796,PGD,0.5,10,backdoor,,7
MLP,PGD_eps0.5_it10,3929,2935,0.9976149914821124,0.7452277933316366,PGD,0.5,10,ddos,,7
MLP,PGD_eps0.5_it10,4060,3811,1.0,0.9389162561576356,PGD,0.5,10,dos,,7
MLP,PGD_eps0.5_it10,4043,3993,1.0,0.9876329458323028,PGD,0.5,10,injection,,7
MLP,PGD_eps0.5_it10,211,149,0.9865771812080536,0.6966824644549763,PGD,0.5,10,mitm,,7
MLP,PGD_eps0.5_it10,10000,0,,,PGD,0.5,10,normal,,7
MLP,PGD_eps0.5_it10,4070,4054,1.0,0.996068796068796,PGD,0.5,10,password,,7
MLP,PGD_eps0.5_it10,4012,3986,1.0,0.9935194416749752,PGD,0.5,10,ransomware,,7
MLP,PGD_eps0.5_it10,3967,3897,1.0,0.9823544239979832,PGD,0.5,10,scanning,,7
MLP,PGD_eps0.5_it10,3953,3887,1.0,0.9833038198836328,PGD,0.5,10,xss,,7
LR,PGD_eps0.5_it25,3964,3957,0.9989891331817032,0.9984863773965692,PGD,0.5,25,backdoor,,7
LR,PGD_eps0.5_it25,3929,2896,0.9951657458563536,0.7452277933316366,PGD,0.5,25,ddos,,7
LR,PGD_eps0.5_it25,4060,3555,0.9980309423347398,0.9389162561576356,PGD,0.5,25,dos,,7
LR,PGD_eps0.5_it25,4043,3897,0.9997433923530922,0.9876329458323028,PGD,0.5,25,injection,,7
LR,PGD_eps0.5_it25,211,93,0.7311827956989247,0.7061611374407583,PGD,0.5,25,mitm,,7
LR,PGD_eps0.5_it25,10000,0,,,PGD,0.5,25,normal,,7
LR,PGD_eps0.5_it25,4070,4026,0.9995032290114256,0.996068796068796,PGD,0.5,25,password,,7
LR,PGD_eps0.5_it25,4012,3386,0.9982279976373302,0.9935194416749752,PGD,0.5,25,ransomware,,7
LR,PGD_eps0.5_it25,3967,3595,0.9986091794158554,0.9823544239979832,PGD,0.5,25,scanning,,7
LR,PGD_eps0.5_it25,3953,3683,0.9986424110779256,0.9833038198836328,PGD,0.5,25,xss,,7
SVM,PGD_eps0.5_it25,3964,3960,0.9987373737373736,0.998234106962664,PGD,0.5,25,backdoor,,7
SVM,PGD_eps0.5_it25,3929,2896,0.9951657458563536,0.7452277933316366,PGD,0.5,25,ddos,,7
SVM,PGD_eps0.5_it25,4060,3555,0.9980309423347398,0.9389162561576356,PGD,0.5,25,dos,,7
SVM,PGD_eps0.5_it25,4043,3897,0.9997433923530922,0.9876329458323028,PGD,0.5,25,injection,,7
SVM,PGD_eps0.5_it25,211,96,0.7395833333333334,0.7014218009478673,PGD,0.5,25,mitm,,7
SVM,PGD_eps0.5_it25,10000,0,,,PGD,0.5,25,normal,,7
SVM,PGD_eps0.5_it25,4070,4027,0.9995033523714923,0.996068796068796,PGD,0.5,25,password,,7
SVM,PGD_eps0.5_it25,4012,3380,1.0,0.9942671984047856,PGD,0.5,25,ransomware,,7
SVM,PGD_eps0.5_it25,3967,3605,0.9986130374479888,0.9823544239979832,PGD,0.5,25,scanning,,7
SVM,PGD_eps0.5_it25,3953,3675,0.998639455782313,0.9833038198836328,PGD,0.5,25,xss,,7
RF,PGD_eps0.5_it25,3964,3964,0.9989909182643796,0.9989909182643796,PGD,0.5,25,backdoor,,7
RF,PGD_eps0.5_it25,3929,3918,0.9344053088310362,0.9322982947314838,PGD,0.5,25,ddos,,7
RF,PGD_eps0.5_it25,4060,4056,0.948224852071006,0.947536945812808,PGD,0.5,25,dos,,7
RF,PGD_eps0.5_it25,4043,4041,0.9935659490225192,0.9930744496660896,PGD,0.5,25,injection,,7
RF,PGD_eps0.5_it25,211,205,0.7170731707317073,0.7109004739336493,PGD,0.5,25,mitm,,7
RF,PGD_eps0.5_it25,10000,0,,,PGD,0.5,25,normal,,7
RF,PGD_eps0.5_it25,4070,4069,0.9972966330793808,0.9970515970515972,PGD,0.5,25,password,,7
RF,PGD_eps0.5_it25,4012,4012,0.9997507477567298,0.9997507477567298,PGD,0.5,25,ransomware,,7
RF,PGD_eps0.5_it25,3967,3965,0.9924337957124842,0.9921855306276784,PGD,0.5,25,scanning,,7
RF,PGD_eps0.5_it25,3953,3951,0.991141483168818,0.9908929926637996,PGD,0.5,25,xss,,7
MLP,PGD_eps0.5_it25,3964,3962,0.9994952044422007,0.9989909182643796,PGD,0.5,25,backdoor,,7
MLP,PGD_eps0.5_it25,3929,2935,0.9976149914821124,0.7452277933316366,PGD,0.5,25,ddos,,7
MLP,PGD_eps0.5_it25,4060,3811,1.0,0.9389162561576356,PGD,0.5,25,dos,,7
MLP,PGD_eps0.5_it25,4043,3993,1.0,0.9876329458323028,PGD,0.5,25,injection,,7
MLP,PGD_eps0.5_it25,211,149,0.9865771812080536,0.6966824644549763,PGD,0.5,25,mitm,,7
MLP,PGD_eps0.5_it25,10000,0,,,PGD,0.5,25,normal,,7
MLP,PGD_eps0.5_it25,4070,4054,1.0,0.996068796068796,PGD,0.5,25,password,,7
MLP,PGD_eps0.5_it25,4012,3986,1.0,0.9935194416749752,PGD,0.5,25,ransomware,,7
MLP,PGD_eps0.5_it25,3967,3897,1.0,0.9823544239979832,PGD,0.5,25,scanning,,7
MLP,PGD_eps0.5_it25,3953,3887,1.0,0.9833038198836328,PGD,0.5,25,xss,,7
LR,PGD_eps0.75_it10,3964,3957,0.9994945665908516,0.9989909182643796,PGD,0.75,10,backdoor,,7
LR,PGD_eps0.75_it10,3929,2896,0.9951657458563536,0.7452277933316366,PGD,0.75,10,ddos,,7
LR,PGD_eps0.75_it10,4060,3555,0.9980309423347398,0.9389162561576356,PGD,0.75,10,dos,,7
LR,PGD_eps0.75_it10,4043,3897,0.9997433923530922,0.9876329458323028,PGD,0.75,10,injection,,7
LR,PGD_eps0.75_it10,211,93,0.7311827956989247,0.7014218009478673,PGD,0.75,10,mitm,,7
LR,PGD_eps0.75_it10,10000,0,,,PGD,0.75,10,normal,,7
LR,PGD_eps0.75_it10,4070,4026,0.9995032290114256,0.996068796068796,PGD,0.75,10,password,,7
LR,PGD_eps0.75_it10,4012,3386,0.9982279976373302,0.9935194416749752,PGD,0.75,10,ransomware,,7
LR,PGD_eps0.75_it10,3967,3595,0.9986091794158554,0.9823544239979832,PGD,0.75,10,scanning,,7
LR,PGD_eps0.75_it10,3953,3683,0.9986424110779256,0.9833038198836328,PGD,0.75,10,xss,,7
SVM,PGD_eps0.75_it10,3964,3960,0.9994949494949495,0.9989909182643796,PGD,0.75,10,backdoor,,7
SVM,PGD_eps0.75_it10,3929,2896,0.9951657458563536,0.7452277933316366,PGD,0.75,10,ddos,,7
SVM,PGD_eps0.75_it10,4060,3555,0.9980309423347398,0.9389162561576356,PGD,0.75,10,dos,,7
SVM,PGD_eps0.75_it10,4043,3897,0.9997433923530922,0.9876329458323028,PGD,0.75,10,injection,,7
SVM,PGD_eps0.75_it10,211,96,0.7395833333333334,0.7014218009478673,PGD,0.75,10,mitm,,7
SVM,PGD_eps0.75_it10,10000,0,,,PGD,0.75,10,normal,,7
SVM,PGD_eps0.75_it10,4070,4027,0.9995033523714923,0.996068796068796,PGD,0.75,10,password,,7
SVM,PGD_eps0.75_it10,4012,3380,1.0,0.9935194416749752,PGD,0.75,10,ransomware,,7
SVM,PGD_eps0.75_it10,3967,3605,0.9986130374479888,0.9823544239979832,PGD,0.75,10,scanning,,7
SVM,PGD_eps0.75_it10,3953,3675,0.998639455782313,0.9833038198836328,PGD,0.75,10,xss,,7
RF,PGD_eps0.75_it10,3964,3964,0.9989909182643796,0.9989909182643796,PGD,0.75,10,backdoor,,7
RF,PGD_eps0.75_it10,3929,3918,0.9913221031138336,0.989310257062866,PGD,0.75,10,ddos,,7
RF,PGD_eps0.75_it10,4060,4056,0.9511834319526628,0.9504926108374384,PGD,0.75,10,dos,,7
RF,PGD_eps0.75_it10,4043,4041,0.9653551101212572,0.9648775661637398,PGD,0.75,10,injection,,7
RF,PGD_eps0.75_it10,211,205,0.7365853658536585,0.7298578199052133,PGD,0.75,10,mitm,,7
RF,PGD_eps0.75_it10,10000,0,,,PGD,0.75,10,normal,,7
RF,PGD_eps0.75_it10,4070,4069,0.975423937085279,0.9751842751842752,PGD,0.75,10,password,,7
RF,PGD_eps0.75_it10,4012,4012,0.998753738783649,0.998753738783649,PGD,0.75,10,ransomware,,7
RF,PGD_eps0.75_it10,3967,3965,0.9208070617906684,0.9205949079909252,PGD,0.75,10,scanning,,7
RF,PGD_eps0.75_it10,3953,3951,0.8959757023538345,0.8960283329117126,PGD,0.75,10,xss,,7
MLP,PGD_eps0.75_it10,3964,3962,0.9994952044422007,0.9989909182643796,PGD,0.75,10,backdoor,,7
MLP,PGD_eps0.75_it10,3929,2935,0.9976149914821124,0.7452277933316366,PGD,0.75,10,ddos,,7
MLP,PGD_eps0.75_it10,4060,3811,1.0,0.9389162561576356,PGD,0.75,10,dos,,7
MLP,PGD_eps0.75_it10,4043,3993,1.0,0.9876329458323028,PGD,0.75,10,injection,,7
MLP,PGD_eps0.75_it10,211,149,0.9865771812080536,0.6966824644549763,PGD,0.75,10,mitm,,7
MLP,PGD_eps0.75_it10,10000,0,,,PGD,0.75,10,normal,,7
MLP,PGD_eps0.75_it10,4070,4054,1.0,0.996068796068796,PGD,0.75,10,password,,7
MLP,PGD_eps0.75_it10,4012,3986,1.0,0.9935194416749752,PGD,0.75,10,ransomware,,7
MLP,PGD_eps0.75_it10,3967,3897,1.0,0.9823544239979832,PGD,0.75,10,scanning,,7
MLP,PGD_eps0.75_it10,3953,3887,1.0,0.9833038198836328,PGD,0.75,10,xss,,7
LR,PGD_eps0.75_it25,3964,3957,0.9994945665908516,0.9989909182643796,PGD,0.75,25,backdoor,,7
LR,PGD_eps0.75_it25,3929,2896,0.9951657458563536,0.7452277933316366,PGD,0.75,25,ddos,,7
LR,PGD_eps0.75_it25,4060,3555,0.9980309423347398,0.9389162561576356,PGD,0.75,25,dos,,7
LR,PGD_eps0.75_it25,4043,3897,0.9997433923530922,0.9876329458323028,PGD,0.75,25,injection,,7
LR,PGD_eps0.75_it25,211,93,0.7311827956989247,0.7014218009478673,PGD,0.75,25,mitm,,7
LR,PGD_eps0.75_it25,10000,0,,,PGD,0.75,25,normal,,7
LR,PGD_eps0.75_it25,4070,4026,0.9995032290114256,0.996068796068796,PGD,0.75,25,password,,7
LR,PGD_eps0.75_it25,4012,3386,0.9982279976373302,0.9935194416749752,PGD,0.75,25,ransomware,,7
LR,PGD_eps0.75_it25,3967,3595,0.9986091794158554,0.9823544239979832,PGD,0.75,25,scanning,,7
LR,PGD_eps0.75_it25,3953,3683,0.9986424110779256,0.9833038198836328,PGD,0.75,25,xss,,7
SVM,PGD_eps0.75_it25,3964,3960,0.9994949494949495,0.9989909182643796,PGD,0.75,25,backdoor,,7
SVM,PGD_eps0.75_it25,3929,2896,0.9951657458563536,0.7452277933316366,PGD,0.75,25,ddos,,7
SVM,PGD_eps0.75_it25,4060,3555,0.9980309423347398,0.9389162561576356,PGD,0.75,25,dos,,7
SVM,PGD_eps0.75_it25,4043,3897,0.9997433923530922,0.9876329458323028,PGD,0.75,25,injection,,7
SVM,PGD_eps0.75_it25,211,96,0.7395833333333334,0.7014218009478673,PGD,0.75,25,mitm,,7
SVM,PGD_eps0.75_it25,10000,0,,,PGD,0.75,25,normal,,7
SVM,PGD_eps0.75_it25,4070,4027,0.9995033523714923,0.996068796068796,PGD,0.75,25,password,,7
SVM,PGD_eps0.75_it25,4012,3380,1.0,0.9935194416749752,PGD,0.75,25,ransomware,,7
SVM,PGD_eps0.75_it25,3967,3605,0.9986130374479888,0.9823544239979832,PGD,0.75,25,scanning,,7
SVM,PGD_eps0.75_it25,3953,3675,0.998639455782313,0.9833038198836328,PGD,0.75,25,xss,,7
RF,PGD_eps0.75_it25,3964,3964,0.9989909182643796,0.9989909182643796,PGD,0.75,25,backdoor,,7
RF,PGD_eps0.75_it25,3929,3918,0.9418070444104136,0.939679307711886,PGD,0.75,25,ddos,,7
RF,PGD_eps0.75_it25,4060,4056,0.95069033530572,0.9497536945812808,PGD,0.75,25,dos,,7
RF,PGD_eps0.75_it25,4043,4041,0.9925760950259837,0.9920850853326738,PGD,0.75,25,injection,,7
RF,PGD_eps0.75_it25,211,205,0.7219512195121951,0.7156398104265402,PGD,0.75,25,mitm,,7
RF,PGD_eps0.75_it25,10000,0,,,PGD,0.75,25,normal,,7
RF,PGD_eps0.75_it25,4070,4069,0.9965593511919392,0.9963144963144964,PGD,0.75,25,password,,7
RF,PGD_eps0.75_it25,4012,4012,0.9950149551345964,0.9950149551345964,PGD,0.75,25,ransomware,,7
RF,PGD_eps0.75_it25,3967,3965,0.9833543505674652,0.98336274262667,PGD,0.75,25,scanning,,7
RF,PGD_eps0.75_it25,3953,3951,0.9924069855732726,0.9921578547938276,PGD,0.75,25,xss,,7
MLP,PGD_eps0.75_it25,3964,3962,0.9994952044422007,0.9989909182643796,PGD,0.75,25,backdoor,,7
MLP,PGD_eps0.75_it25,3929,2935,0.9976149914821124,0.7452277933316366,PGD,0.75,25,ddos,,7
MLP,PGD_eps0.75_it25,4060,3811,1.0,0.9389162561576356,PGD,0.75,25,dos,,7
MLP,PGD_eps0.75_it25,4043,3993,1.0,0.9876329458323028,PGD,0.75,25,injection,,7
MLP,PGD_eps0.75_it25,211,149,0.9865771812080536,0.6966824644549763,PGD,0.75,25,mitm,,7
MLP,PGD_eps0.75_it25,10000,0,,,PGD,0.75,25,normal,,7
MLP,PGD_eps0.75_it25,4070,4054,1.0,0.996068796068796,PGD,0.75,25,password,,7
MLP,PGD_eps0.75_it25,4012,3986,1.0,0.9935194416749752,PGD,0.75,25,ransomware,,7
MLP,PGD_eps0.75_it25,3967,3897,1.0,0.9823544239979832,PGD,0.75,25,scanning,,7
MLP,PGD_eps0.75_it25,3953,3887,1.0,0.9833038198836328,PGD,0.75,25,xss,,7
LR,CW_c0.0_it10,3964,3957,0.0005054334091483,0.0022704339051463,CW,,10,backdoor,0.0,7
LR,CW_c0.0_it10,3929,2896,0.0003453038674033,0.2252481547467549,CW,,10,ddos,0.0,7
LR,CW_c0.0_it10,4060,3555,0.00056258790436,0.1238916256157635,CW,,10,dos,0.0,7
LR,CW_c0.0_it10,4043,3897,0.0,0.035864457086322,CW,,10,injection,0.0,7
LR,CW_c0.0_it10,211,93,0.010752688172043,0.5639810426540285,CW,,10,mitm,0.0,7
LR,CW_c0.0_it10,10000,0,,,CW,,10,normal,0.0,7
LR,CW_c0.0_it10,4070,4026,0.0002483854942871,0.0108108108108108,CW,,10,password,0.0,7
LR,CW_c0.0_it10,4012,3386,0.0,0.1560319042871386,CW,,10,ransomware,0.0,7
LR,CW_c0.0_it10,3967,3595,0.0297635605006954,0.1177211998991681,CW,,10,scanning,0.0,7
LR,CW_c0.0_it10,3953,3683,0.0029866956285636,0.0708322792815583,CW,,10,xss,0.0,7
SVM,CW_c0.0_it10,3964,3960,0.4146464646464646,0.4152371342078708,CW,,10,backdoor,0.0,7
SVM,CW_c0.0_it10,3929,2896,0.0003453038674033,0.2214303894120641,CW,,10,ddos,0.0,7
SVM,CW_c0.0_it10,4060,3555,0.0970464135021097,0.2081280788177339,CW,,10,dos,0.0,7
SVM,CW_c0.0_it10,4043,3897,0.0010264305876315,0.0366064803363838,CW,,10,injection,0.0,7
SVM,CW_c0.0_it10,211,96,0.0,0.5450236966824644,CW,,10,mitm,0.0,7
SVM,CW_c0.0_it10,10000,0,,,CW,,10,normal,0.0,7
SVM,CW_c0.0_it10,4070,4027,0.0004966476285075,0.011056511056511,CW,,10,password,0.0,7
SVM,CW_c0.0_it10,4012,3380,0.0,0.1575274177467597,CW,,10,ransomware,0.0,7
SVM,CW_c0.0_it10,3967,3605,0.141747572815534,0.2167885051676329,CW,,10,scanning,0.0,7
SVM,CW_c0.0_it10,3953,3675,0.0008163265306122,0.0708322792815583,CW,,10,xss,0.0,7
RF,CW_c0.0_it10,3964,3964,0.9994954591321896,0.9994954591321896,CW,,10,backdoor,0.0,7
RF,CW_c0.0_it10,3929,3918,0.9367023991832568,0.9348434716212776,CW,,10,ddos,0.0,7
RF,CW_c0.0_it10,4060,4056,0.935897435897436,0.9357142857142856,CW,,10,dos,0.0,7
RF,CW_c0.0_it10,4043,4041,0.9549616431576342,0.954983922829582,CW,,10,injection,0.0,7
RF,CW_c0.0_it10,211,205,0.7024390243902439,0.7014218009478673,CW,,10,mitm,0.0,7
RF,CW_c0.0_it10,10000,0,,,CW,,10,normal,0.0,7
RF,CW_c0.0_it10,4070,4069,0.9690341607274514,0.9687960687960688,CW,,10,password,0.0,7
RF,CW_c0.0_it10,4012,4012,0.9179960119641076,0.9179960119641076,CW,,10,ransomware,0.0,7
RF,CW_c0.0_it10,3967,3965,0.9851197982345524,0.9846231409125284,CW,,10,scanning,0.0,7
RF,CW_c0.0_it10,3953,3951,0.9719058466211086,0.9716670882873768,CW,,10,xss,0.0,7
MLP,CW_c0.0_it10,3964,3962,0.9989904088844018,0.9984863773965692,CW,,10,backdoor,0.0,7
MLP,CW_c0.0_it10,3929,2935,0.9945485519591142,0.7429371341308221,CW,,10,ddos,0.0,7
MLP,CW_c0.0_it10,4060,3811,0.997900813434794,0.9366995073891624,CW,,10,dos,0.0,7
MLP,CW_c0.0_it10,4043,3993,0.9919859754570498,0.9797180311649764,CW,,10,injection,0.0,7
MLP,CW_c0.0_it10,211,149,0.9932885906040269,0.7014218009478673,CW,,10,mitm,0.0,7
MLP,CW_c0.0_it10,10000,0,,,CW,,10,normal,0.0,7
MLP,CW_c0.0_it10,4070,4054,0.9970399605328072,0.9931203931203932,CW,,10,password,0.0,7
MLP,CW_c0.0_it10,4012,3986,0.9954841946813848,0.9937686939182452,CW,,10,ransomware,0.0,7
MLP,CW_c0.0_it10,3967,3897,0.9905055170644084,0.9730274766826316,CW,,10,scanning,0.0,7
MLP,CW_c0.0_it10,3953,3887,0.9863648057627992,0.9698962813053376,CW,,10,xss,0.0,7
LR,CW_c0.5_it10,3964,3957,0.0005054334091483,0.0022704339051463,CW,,10,backdoor,0.5,7
LR,CW_c0.5_it10,3929,2896,0.0003453038674033,0.1997963858488164,CW,,10,ddos,0.5,7
LR,CW_c0.5_it10,4060,3555,0.0025316455696202,0.1258620689655172,CW,,10,dos,0.5,7
LR,CW_c0.5_it10,4043,3897,0.0,0.035864457086322,CW,,10,injection,0.5,7
LR,CW_c0.5_it10,211,93,0.010752688172043,0.5639810426540285,CW,,10,mitm,0.5,7
LR,CW_c0.5_it10,10000,0,,,CW,,10,normal,0.5,7
LR,CW_c0.5_it10,4070,4026,0.0002483854942871,0.0108108108108108,CW,,10,password,0.5,7
LR,CW_c0.5_it10,4012,3386,0.0,0.1560319042871386,CW,,10,ransomware,0.5,7
LR,CW_c0.5_it10,3967,3595,0.0378303198887343,0.1252835896143181,CW,,10,scanning,0.5,7
LR,CW_c0.5_it10,3953,3683,0.0029866956285636,0.0705793068555527,CW,,10,xss,0.5,7
SVM,CW_c0.5_it10,3964,3960,0.5204545454545455,0.5209384460141272,CW,,10,backdoor,0.5,7
SVM,CW_c0.5_it10,3929,2896,0.0359116022099447,0.2031051158055485,CW,,10,ddos,0.5,7
SVM,CW_c0.5_it10,4060,3555,0.3938115330520393,0.4672413793103448,CW,,10,dos,0.5,7
SVM,CW_c0.5_it10,4043,3897,0.0015396458814472,0.0368538214197378,CW,,10,injection,0.5,7
SVM,CW_c0.5_it10,211,96,0.0,0.5402843601895735,CW,,10,mitm,0.5,7
SVM,CW_c0.5_it10,10000,0,,,CW,,10,normal,0.5,7
SVM,CW_c0.5_it10,4070,4027,0.0176309908120188,0.028009828009828,CW,,10,password,0.5,7
SVM,CW_c0.5_it10,4012,3380,0.0005917159763313,0.1580259222333001,CW,,10,ransomware,0.5,7
SVM,CW_c0.5_it10,3967,3605,0.1625520110957004,0.2344340811696496,CW,,10,scanning,0.5,7
SVM,CW_c0.5_it10,3953,3675,0.0008163265306122,0.0703263344295471,CW,,10,xss,0.5,7
RF,CW_c0.5_it10,3964,3964,0.9994954591321896,0.9994954591321896,CW,,10,backdoor,0.5,7
RF,CW_c0.5_it10,3929,3918,0.9466564573762124,0.9447696614914736,CW,,10,ddos,0.5,7
RF,CW_c0.5_it10,4060,4056,0.931706114398422,0.93128078817734,CW,,10,dos,0.5,7
RF,CW_c0.5_it10,4043,4041,0.9225439247710964,0.9225822409102152,CW,,10,injection,0.5,7
RF,CW_c0.5_it10,211,205,0.6926829268292682,0.6919431279620853,CW,,10,mitm,0.5,7
RF,CW_c0.5_it10,10000,0,,,CW,,10,normal,0.5,7
RF,CW_c0.5_it10,4070,4069,0.9528139592037356,0.9525798525798526,CW,,10,password,0.5,7
RF,CW_c0.5_it10,4012,4012,0.9147557328015952,0.9147557328015952,CW,,10,ransomware,0.5,7
RF,CW_c0.5_it10,3967,3965,0.985876418663304,0.9853793798840432,CW,,10,scanning,0.5,7
RF,CW_c0.5_it10,3953,3951,0.95570741584409,0.9554768530230204,CW,,10,xss,0.5,7
MLP,CW_c0.5_it10,3964,3962,1.0,0.9994954591321896,CW,,10,backdoor,0.5,7
MLP,CW_c0.5_it10,3929,2935,1.0,0.7470094171544922,CW,,10,ddos,0.5,7
MLP,CW_c0.5_it10,4060,3811,1.0,0.9386699507389162,CW,,10,dos,0.5,7
MLP,CW_c0.5_it10,4043,3993,1.0,0.9876329458323028,CW,,10,injection,0.5,7
MLP,CW_c0.5_it10,211,149,1.0,0.7061611374407583,CW,,10,mitm,0.5,7
MLP,CW_c0.5_it10,10000,0,,,CW,,10,normal,0.5,7
MLP,CW_c0.5_it10,4070,4054,1.0,0.996068796068796,CW,,10,password,0.5,7
MLP,CW_c0.5_it10,4012,3986,1.0,0.9935194416749752,CW,,10,ransomware,0.5,7
MLP,CW_c0.5_it10,3967,3897,1.0,0.9823544239979832,CW,,10,scanning,0.5,7
MLP,CW_c0.5_it10,3953,3887,1.0,0.9833038198836328,CW,,10,xss,0.5,7
LR,FGSM_eps0.15,4110,4108,0.0004868549172346,0.0007299270072992,FGSM,0.15,1,backdoor,,123
LR,FGSM_eps0.15,4032,2966,0.0104517869184086,0.0957341269841269,FGSM,0.15,1,ddos,,123
LR,FGSM_eps0.15,3977,3494,0.0011448196908986,0.1176766406839326,FGSM,0.15,1,dos,,123
LR,FGSM_eps0.15,3898,3757,0.0002661698163428,0.0338635197537198,FGSM,0.15,1,injection,,123
LR,FGSM_eps0.15,200,77,0.0779220779220779,0.645,FGSM,0.15,1,mitm,,123
LR,FGSM_eps0.15,10000,0,,,FGSM,0.15,1,normal,,123
LR,FGSM_eps0.15,4008,3972,0.0153575025176233,0.0239520958083832,FGSM,0.15,1,password,,123
LR,FGSM_eps0.15,4083,3445,0.3291727140783744,0.4339946118050453,FGSM,0.15,1,ransomware,,123
LR,FGSM_eps0.15,4043,3691,0.0577079382281224,0.1291120455107593,FGSM,0.15,1,scanning,,123
LR,FGSM_eps0.15,3858,3600,0.0608333333333333,0.1220839813374805,FGSM,0.15,1,xss,,123
SVM,FGSM_eps0.15,4110,4109,0.0004867364322219,0.0007299270072992,FGSM,0.15,1,backdoor,,123
SVM,FGSM_eps0.15,4032,2966,0.0155091031692515,0.0999503968253968,FGSM,0.15,1,ddos,,123
SVM,FGSM_eps0.15,3977,3494,0.051230681167716,0.1621825496605481,FGSM,0.15,1,dos,,123
SVM,FGSM_eps0.15,3898,3757,0.0005323396326856,0.0341200615700359,FGSM,0.15,1,injection,,123
SVM,FGSM_eps0.15,200,77,0.1038961038961039,0.65,FGSM,0.15,1,mitm,,123
SVM,FGSM_eps0.15,10000,0,,,FGSM,0.15,1,normal,,123
SVM,FGSM_eps0.15,4008,3971,0.0161168471417778,0.0247005988023952,FGSM,0.15,1,password,,123
SVM,FGSM_eps0.15,4083,3433,0.2956597727934751,0.4077883908890521,FGSM,0.15,1,ransomware,,123
SVM,FGSM_eps0.15,4043,3698,0.0486749594375338,0.1192184021766015,FGSM,0.15,1,scanning,,123
SVM,FGSM_eps0.15,3858,3593,0.1600333982744224,0.215137376879212,FGSM,0.15,1,xss,,123
RF,FGSM_eps0.15,4110,4110,0.9992700729927008,0.9992700729927008,FGSM,0.15,1,backdoor,,123
RF,FGSM_eps0.15,4032,4015,0.9716064757160648,0.9682539682539684,FGSM,0.15,1,ddos,,123
RF,FGSM_eps0.15,3977,3971,0.9949634852681944,0.9942167462911744,FGSM,0.15,1,dos,,123
RF,FGSM_eps0.15,3898,3897,0.9987169617654608,0.9987172909184197,FGSM,0.15,1,injection,,123
RF,FGSM_eps0.15,200,194,0.8247422680412371,0.815,FGSM,0.15,1,mitm,,123
RF,FGSM_eps0.15,10000,0,,,FGSM,0.15,1,normal,,123
RF,FGSM_eps0.15,4008,4007,0.99900174694285,0.99875249500998,FGSM,0.15,1,password,,123
RF,FGSM_eps0.15,4083,4083,0.9946118050453098,0.9946118050453098,FGSM,0.15,1,ransomware,,123
RF,FGSM_eps0.15,4043,4043,0.9977739302498144,0.9977739302498144,FGSM,0.15,1,scanning,,123
RF,FGSM_eps0.15,3858,3855,0.9914396887159532,0.9906687402799378,FGSM,0.15,1,xss,,123
MLP,FGSM_eps0.15,4110,4109,0.9987831589194452,0.9987834549878344,FGSM,0.15,1,backdoor,,123
MLP,FGSM_eps0.15,4032,3034,0.984179301252472,0.8390376984126984,FGSM,0.15,1,ddos,,123
MLP,FGSM_eps0.15,3977,3936,0.9994918699186992,0.9922051797837566,FGSM,0.15,1,dos,,123
MLP,FGSM_eps0.15,3898,3880,0.9997422680412372,0.9969214982042072,FGSM,0.15,1,injection,,123
MLP,FGSM_eps0.15,200,163,0.9693251533742332,0.815,FGSM,0.15,1,mitm,,123
MLP,FGSM_eps0.15,10000,0,,,FGSM,0.15,1,normal,,123
MLP,FGSM_eps0.15,4008,4002,0.9997501249375312,0.998253493013972,FGSM,0.15,1,password,,123
MLP,FGSM_eps0.15,4083,4039,1.0,0.994366887092824,FGSM,0.15,1,ransomware,,123
MLP,FGSM_eps0.15,4043,3980,0.98643216080402,0.977244620331437,FGSM,0.15,1,scanning,,123
MLP,FGSM_eps0.15,3858,3821,0.9971211724679404,0.9880767236910316,FGSM,0.15,1,xss,,123
LR,FGSM_eps0.3,4110,4108,0.9973222979552092,0.997080291970803,FGSM,0.3,1,backdoor,,123
LR,FGSM_eps0.3,4032,2966,0.4834794335805799,0.4424603174603174,FGSM,0.3,1,ddos,,123
LR,FGSM_eps0.3,3977,3494,0.0412135088723526,0.1435755594669348,FGSM,0.3,1,dos,,123
LR,FGSM_eps0.3,3898,3757,0.0471120574926803,0.0756798358132375,FGSM,0.3,1,injection,,123
LR,FGSM_eps0.3,200,77,0.3116883116883117,0.66,FGSM,0.3,1,mitm,,123
LR,FGSM_eps0.3,10000,0,,,FGSM,0.3,1,normal,,123
LR,FGSM_eps0.3,4008,3972,0.229103726082578,0.2352794411177644,FGSM,0.3,1,password,,123
LR,FGSM_eps0.3,4083,3445,0.8563134978229318,0.878765613519471,FGSM,0.3,1,ransomware,,123
LR,FGSM_eps0.3,4043,3691,0.9235979409374152,0.9176354192431364,FGSM,0.3,1,scanning,,123
LR,FGSM_eps0.3,3858,3600,0.3166666666666666,0.3532918610679108,FGSM,0.3,1,xss,,123
SVM,FGSM_eps0.3,4110,4109,0.5200778778291555,0.5201946472019465,FGSM,0.3,1,backdoor,,123
SVM,FGSM_eps0.3,4032,2966,0.0219150370869858,0.1031746031746031,FGSM,0.3,1,ddos,,123
SVM,FGSM_eps0.3,3977,3494,0.9914138523182598,0.9801357807392508,FGSM,0.3,1,dos,,123
SVM,FGSM_eps0.3,3898,3757,0.002927867979771,0.0333504361210877,FGSM,0.3,1,injection,,123
SVM,FGSM_eps0.3,200,77,0.2077922077922078,0.64,FGSM,0.3,1,mitm,,123
SVM,FGSM_eps0.3,10000,0,,,FGSM,0.3,1,normal,,123
SVM,FGSM_eps0.3,4008,3971,0.032485520020146,0.0401696606786427,FGSM,0.3,1,password,,123
SVM,FGSM_eps0.3,4083,3433,0.6717157005534518,0.7239774675483713,FGSM,0.3,1,ransomware,,123
SVM,FGSM_eps0.3,4043,3698,0.3255813953488372,0.3655701211971308,FGSM,0.3,1,scanning,,123
SVM,FGSM_eps0.3,3858,3593,0.2237684386306707,0.2687921202695697,FGSM,0.3,1,xss,,123
RF,FGSM_eps0.3,4110,4110,1.0,1.0,FGSM,0.3,1,backdoor,,123
RF,FGSM_eps0.3,4032,4015,0.9835616438356164,0.980406746031746,FGSM,0.3,1,ddos,,123
RF,FGSM_eps0.3,3977,3971,0.9949634852681944,0.9942167462911744,FGSM,0.3,1,dos,,123
RF,FGSM_eps0.3,3898,3897,0.9987169617654608,0.9987172909184197,FGSM,0.3,1,injection,,123
RF,FGSM_eps0.3,200,194,0.8298969072164949,0.82,FGSM,0.3,1,mitm,,123
RF,FGSM_eps0.3,10000,0,,,FGSM,0.3,1,normal,,123
RF,FGSM_eps0.3,4008,4007,0.99900174694285,0.99875249500998,FGSM,0.3,1,password,,123
RF,FGSM_eps0.3,4083,4083,0.9946118050453098,0.9946118050453098,FGSM,0.3,1,ransomware,,123
RF,FGSM_eps0.3,4043,4043,0.9967845659163987,0.9967845659163987,FGSM,0.3,1,scanning,,123
RF,FGSM_eps0.3,3858,3855,0.9916990920881972,0.991187143597719,FGSM,0.3,1,xss,,123
MLP,FGSM_eps0.3,4110,4109,0.9987831589194452,0.9987834549878344,FGSM,0.3,1,backdoor,,123
MLP,FGSM_eps0.3,4032,3034,0.6862228081740277,0.7309027777777778,FGSM,0.3,1,ddos,,123
MLP,FGSM_eps0.3,3977,3936,0.9984756097560976,0.9934624088508928,FGSM,0.3,1,dos,,123
MLP,FGSM_eps0.3,3898,3880,0.527319587628866,0.5279630579784504,FGSM,0.3,1,injection,,123
MLP,FGSM_eps0.3,200,163,0.901840490797546,0.765,FGSM,0.3,1,mitm,,123
MLP,FGSM_eps0.3,10000,0,,,FGSM,0.3,1,normal,,123
MLP,FGSM_eps0.3,4008,4002,0.5017491254372813,0.5012475049900199,FGSM,0.3,1,password,,123
MLP,FGSM_eps0.3,4083,4039,0.9418172815053232,0.9368111682586332,FGSM,0.3,1,ransomware,,123
MLP,FGSM_eps0.3,4043,3980,0.6768844221105528,0.6789512738065793,FGSM,0.3,1,scanning,,123
MLP,FGSM_eps0.3,3858,3821,0.7853964930646428,0.7791601866251944,FGSM,0.3,1,xss,,123
LR,FGSM_eps0.5,4110,4108,0.998539435248296,0.9982968369829684,FGSM,0.5,1,backdoor,,123
LR,FGSM_eps0.5,4032,2966,0.8236682400539447,0.6924603174603174,FGSM,0.5,1,ddos,,123
LR,FGSM_eps0.5,3977,3494,0.99570692615913,0.9773698767915514,FGSM,0.5,1,dos,,123
LR,FGSM_eps0.5,3898,3757,0.6103273888741017,0.6177526936890713,FGSM,0.5,1,injection,,123
LR,FGSM_eps0.5,200,77,0.5454545454545454,0.74,FGSM,0.5,1,mitm,,123
LR,FGSM_eps0.5,10000,0,,,FGSM,0.5,1,normal,,123
LR,FGSM_eps0.5,4008,3972,0.7346424974823766,0.7360279441117764,FGSM,0.5,1,password,,123
LR,FGSM_eps0.5,4083,3445,0.9654571843251089,0.970854763654176,FGSM,0.5,1,ransomware,,123
LR,FGSM_eps0.5,4043,3691,0.978867515578434,0.9628988374969082,FGSM,0.5,1,scanning,,123
LR,FGSM_eps0.5,3858,3600,0.8425,0.8413685847589425,FGSM,0.5,1,xss,,123
SVM,FGSM_eps0.5,4110,4109,0.998539790703334,0.9985401459854014,FGSM,0.5,1,backdoor,,123
SVM,FGSM_eps0.5,4032,2966,0.6136210384356036,0.5376984126984127,FGSM,0.5,1,ddos,,123
SVM,FGSM_eps0.5,3977,3494,0.9951345163136806,0.978124214231833,FGSM,0.5,1,dos,,123
SVM,FGSM_eps0.5,3898,3757,0.5996805962203886,0.6067213955874807,FGSM,0.5,1,injection,,123
SVM,FGSM_eps0.5,200,77,0.5454545454545454,0.745,FGSM,0.5,1,mitm,,123
SVM,FGSM_eps0.5,10000,0,,,FGSM,0.5,1,normal,,123
SVM,FGSM_eps0.5,4008,3971,0.6698564593301436,0.6716566866267465,FGSM,0.5,1,password,,123
SVM,FGSM_eps0.5,4083,3433,0.8840664142149723,0.9025226549106048,FGSM,0.5,1,ransomware,,123
SVM,FGSM_eps0.5,4043,3698,0.9280692266089778,0.9121939154093496,FGSM,0.5,1,scanning,,123
SVM,FGSM_eps0.5,3858,3593,0.7990537155580295,0.7988595127008813,FGSM,0.5,1,xss,,123
RF,FGSM_eps0.5,4110,4110,0.9997566909975668,0.9997566909975668,FGSM,0.5,1,backdoor,,123
RF,FGSM_eps0.5,4032,4015,0.9840597758405978,0.9813988095238096,FGSM,0.5,1,ddos,,123
RF,FGSM_eps0.5,3977,3971,0.9959707882145556,0.9957254211717376,FGSM,0.5,1,dos,,123
RF,FGSM_eps0.5,3898,3897,0.9997433923530922,0.999743458183684,FGSM,0.5,1,injection,,123
RF,FGSM_eps0.5,200,194,0.8608247422680413,0.855,FGSM,0.5,1,mitm,,123
RF,FGSM_eps0.5,10000,0,,,FGSM,0.5,1,normal,,123
RF,FGSM_eps0.5,4008,4007,0.9992513102071376,0.999001996007984,FGSM,0.5,1,password,,123
RF,FGSM_eps0.5,4083,4083,0.9946118050453098,0.9946118050453098,FGSM,0.5,1,ransomware,,123
RF,FGSM_eps0.5,4043,4043,0.972792480831066,0.972792480831066,FGSM,0.5,1,scanning,,123
RF,FGSM_eps0.5,3858,3855,0.9940337224383916,0.993260756868844,FGSM,0.5,1,xss,,123
MLP,FGSM_eps0.5,4110,4109,0.9987831589194452,0.9987834549878344,FGSM,0.5,1,backdoor,,123
MLP,FGSM_eps0.5,4032,3034,0.6849044166117337,0.7299107142857143,FGSM,0.5,1,ddos,,123
MLP,FGSM_eps0.5,3977,3936,0.9982215447154472,0.9932109630374656,FGSM,0.5,1,dos,,123
MLP,FGSM_eps0.5,3898,3880,0.5255154639175258,0.5261672652642381,FGSM,0.5,1,injection,,123
MLP,FGSM_eps0.5,200,163,0.9079754601226994,0.77,FGSM,0.5,1,mitm,,123
MLP,FGSM_eps0.5,10000,0,,,FGSM,0.5,1,normal,,123
MLP,FGSM_eps0.5,4008,4002,0.5399800099950025,0.5394211576846307,FGSM,0.5,1,password,,123
MLP,FGSM_eps0.5,4083,4039,0.9088883386976976,0.9042370805780064,FGSM,0.5,1,ransomware,,123
MLP,FGSM_eps0.5,4043,3980,0.6939698492462312,0.6957704674746475,FGSM,0.5,1,scanning,,123
MLP,FGSM_eps0.5,3858,3821,0.5488092122481026,0.5448418869880767,FGSM,0.5,1,xss,,123
LR,FGSM_eps0.75,4110,4108,0.9995131450827652,0.9992700729927008,FGSM,0.75,1,backdoor,,123
LR,FGSM_eps0.75,4032,2966,0.9919082939986514,0.8162202380952381,FGSM,0.75,1,ddos,,123
LR,FGSM_eps0.75,3977,3494,0.9962793360045792,0.977872768418406,FGSM,0.75,1,dos,,123
LR,FGSM_eps0.75,3898,3757,0.9997338301836572,0.9928168291431504,FGSM,0.75,1,injection,,123
LR,FGSM_eps0.75,200,77,0.6493506493506493,0.78,FGSM,0.75,1,mitm,,123
LR,FGSM_eps0.75,10000,0,,,FGSM,0.75,1,normal,,123
LR,FGSM_eps0.75,4008,3972,0.9984894259818732,0.99750499001996,FGSM,0.75,1,password,,123
LR,FGSM_eps0.75,4083,3445,0.9933236574746008,0.994366887092824,FGSM,0.75,1,ransomware,,123
LR,FGSM_eps0.75,4043,3691,0.99864535356272,0.9782339846648528,FGSM,0.75,1,scanning,,123
LR,FGSM_eps0.75,3858,3600,0.9866666666666668,0.9758942457231726,FGSM,0.75,1,xss,,123
SVM,FGSM_eps0.75,4110,4109,0.9992698953516672,0.9992700729927008,FGSM,0.75,1,backdoor,,123
SVM,FGSM_eps0.75,4032,2966,0.9925826028320972,0.816468253968254,FGSM,0.75,1,ddos,,123
SVM,FGSM_eps0.75,3977,3494,0.9954207212364052,0.9763640935378426,FGSM,0.75,1,dos,,123
SVM,FGSM_eps0.75,3898,3757,0.9177535267500664,0.9125192406362236,FGSM,0.75,1,injection,,123
SVM,FGSM_eps0.75,200,77,0.6493506493506493,0.76,FGSM,0.75,1,mitm,,123
SVM,FGSM_eps0.75,10000,0,,,FGSM,0.75,1,normal,,123
SVM,FGSM_eps0.75,4008,3971,0.9745656006043818,0.9735528942115768,FGSM,0.75,1,password,,123
SVM,FGSM_eps0.75,4083,3433,0.9732012816778328,0.9774675483712956,FGSM,0.75,1,ransomware,,123
SVM,FGSM_eps0.75,4043,3698,0.9878312601406164,0.9656195894138015,FGSM,0.75,1,scanning,,123
SVM,FGSM_eps0.75,3858,3593,0.932925132201503,0.9224987039917056,FGSM,0.75,1,xss,,123
RF,FGSM_eps0.75,4110,4110,0.4856447688564477,0.4856447688564477,FGSM,0.75,1,backdoor,,123
RF,FGSM_eps0.75,4032,4015,0.9708592777085928,0.9675099206349206,FGSM,0.75,1,ddos,,123
RF,FGSM_eps0.75,3977,3971,0.996474439687736,0.9957254211717376,FGSM,0.75,1,dos,,123
RF,FGSM_eps0.75,3898,3897,0.9994867847061842,0.999486916367368,FGSM,0.75,1,injection,,123
RF,FGSM_eps0.75,200,194,0.8608247422680413,0.855,FGSM,0.75,1,mitm,,123
RF,FGSM_eps0.75,10000,0,,,FGSM,0.75,1,normal,,123
RF,FGSM_eps0.75,4008,4007,0.9992513102071376,0.999001996007984,FGSM,0.75,1,password,,123
RF,FGSM_eps0.75,4083,4083,0.9921626255204506,0.9921626255204506,FGSM,0.75,1,ransomware,,123
RF,FGSM_eps0.75,4043,4043,0.8726193420727183,0.8726193420727183,FGSM,0.75,1,scanning,,123
RF,FGSM_eps0.75,3858,3855,0.9940337224383916,0.993260756868844,FGSM,0.75,1,xss,,123
MLP,FGSM_eps0.75,4110,4109,0.484546118276953,0.4846715328467153,FGSM,0.75,1,backdoor,,123
MLP,FGSM_eps0.75,4032,3034,0.6793012524719841,0.7256944444444444,FGSM,0.75,1,ddos,,123
MLP,FGSM_eps0.75,3977,3936,0.9979674796747968,0.9929595172240382,FGSM,0.75,1,dos,,123
MLP,FGSM_eps0.75,3898,3880,0.525,0.5256541816316059,FGSM,0.75,1,injection,,123
MLP,FGSM_eps0.75,200,163,0.9141104294478528,0.775,FGSM,0.75,1,mitm,,123
MLP,FGSM_eps0.75,10000,0,,,FGSM,0.75,1,normal,,123
MLP,FGSM_eps0.75,4008,4002,0.4977511244377811,0.4972554890219561,FGSM,0.75,1,password,,123
MLP,FGSM_eps0.75,4083,4039,0.8524387224560535,0.8483957874112172,FGSM,0.75,1,ransomware,,123
MLP,FGSM_eps0.75,4043,3980,0.4914572864321608,0.4966608953747217,FGSM,0.75,1,scanning,,123
MLP,FGSM_eps0.75,3858,3821,0.533891651400157,0.5300673924313115,FGSM,0.75,1,xss,,123
LR,PGD_eps0.15_it10,4110,4108,0.5143622200584226,0.5143552311435523,PGD,0.15,10,backdoor,,123
LR,PGD_eps0.15_it10,4032,2966,0.0077545515846257,0.1656746031746031,PGD,0.15,10,ddos,,123
LR,PGD_eps0.15_it10,3977,3494,0.000858614768174,0.120693990445059,PGD,0.15,10,dos,,123
LR,PGD_eps0.15_it10,3898,3757,0.0,0.0356593124679322,PGD,0.15,10,injection,,123
LR,PGD_eps0.15_it10,200,77,0.0129870129870129,0.615,PGD,0.15,10,mitm,,123
LR,PGD_eps0.15_it10,10000,0,,,PGD,0.15,10,normal,,123
LR,PGD_eps0.15_it10,4008,3972,0.0287009063444108,0.0374251497005988,PGD,0.15,10,password,,123
LR,PGD_eps0.15_it10,4083,3445,0.4063860667634252,0.4827332843497428,PGD,0.15,10,ransomware,,123
LR,PGD_eps0.15_it10,4043,3691,0.1433215930642102,0.2139500371011625,PGD,0.15,10,scanning,,123
LR,PGD_eps0.15_it10,3858,3600,0.0055555555555555,0.0715396578538102,PGD,0.15,10,xss,,123
SVM,PGD_eps0.15_it10,4110,4109,0.0,0.000243309002433,PGD,0.15,10,backdoor,,123
SVM,PGD_eps0.15_it10,4032,2966,0.0394470667565745,0.2001488095238095,PGD,0.15,10,ddos,,123
SVM,PGD_eps0.15_it10,3977,3494,0.0011448196908986,0.1179280864973598,PGD,0.15,10,dos,,123
SVM,PGD_eps0.15_it10,3898,3757,0.0013308490817141,0.0369420215495125,PGD,0.15,10,injection,,123
SVM,PGD_eps0.15_it10,200,77,0.0129870129870129,0.61,PGD,0.15,10,mitm,,123
SVM,PGD_eps0.15_it10,10000,0,,,PGD,0.15,10,normal,,123
SVM,PGD_eps0.15_it10,4008,3971,0.00906572651725,0.0179640718562874,PGD,0.15,10,password,,123
SVM,PGD_eps0.15_it10,4083,3433,0.1642877949315467,0.2973303943179035,PGD,0.15,10,ransomware,,123
SVM,PGD_eps0.15_it10,4043,3698,0.0976203353163872,0.1696759831808063,PGD,0.15,10,scanning,,123
SVM,PGD_eps0.15_it10,3858,3593,0.003061508488728,0.0712804561949196,PGD,0.15,10,xss,,123
RF,PGD_eps0.15_it10,4110,4110,0.881021897810219,0.881021897810219,PGD,0.15,10,backdoor,,123
RF,PGD_eps0.15_it10,4032,4015,0.9496886674968866,0.94890873015873,PGD,0.15,10,ddos,,123
RF,PGD_eps0.15_it10,3977,3971,0.9894233190632082,0.9886849383957758,PGD,0.15,10,dos,,123
RF,PGD_eps0.15_it10,3898,3897,0.9089042853477034,0.9086711133914828,PGD,0.15,10,injection,,123
RF,PGD_eps0.15_it10,200,194,0.8247422680412371,0.82,PGD,0.15,10,mitm,,123
RF,PGD_eps0.15_it10,10000,0,,,PGD,0.15,10,normal,,123
RF,PGD_eps0.15_it10,4008,4007,0.9119041677065136,0.9116766467065868,PGD,0.15,10,password,,123
RF,PGD_eps0.15_it10,4083,4083,0.8584374234631399,0.8584374234631399,PGD,0.15,10,ransomware,,123
RF,PGD_eps0.15_it10,4043,4043,0.9342072718278506,0.9342072718278506,PGD,0.15,10,scanning,,123
RF,PGD_eps0.15_it10,3858,3855,0.9369649805447472,0.9367547952306896,PGD,0.15,10,xss,,123
MLP,PGD_eps0.15_it10,4110,4109,0.9992698953516672,0.9990267639902676,PGD,0.15,10,backdoor,,123
MLP,PGD_eps0.15_it10,4032,3034,0.9911008569545154,0.7631448412698413,PGD,0.15,10,ddos,,123
MLP,PGD_eps0.15_it10,3977,3936,1.0,0.9909479507166206,PGD,0.15,10,dos,,123
MLP,PGD_eps0.15_it10,3898,3880,0.9878865979381444,0.9835813237557722,PGD,0.15,10,injection,,123
MLP,PGD_eps0.15_it10,200,163,0.9754601226993864,0.82,PGD,0.15,10,mitm,,123
MLP,PGD_eps0.15_it10,10000,0,,,PGD,0.15,10,normal,,123
MLP,PGD_eps0.15_it10,4008,4002,0.994752623688156,0.9932634730538922,PGD,0.15,10,password,,123
MLP,PGD_eps0.15_it10,4083,4039,0.9888586283733596,0.9833455792309576,PGD,0.15,10,ransomware,,123
MLP,PGD_eps0.15_it10,4043,3980,0.9668341708542714,0.9532525352461044,PGD,0.15,10,scanning,,123
MLP,PGD_eps0.15_it10,3858,3821,0.9984297304370584,0.9888543286677036,PGD,0.15,10,xss,,123
LR,PGD_eps0.15_it25,4110,4108,0.5143622200584226,0.5143552311435523,PGD,0.15,25,backdoor,,123
LR,PGD_eps0.15_it25,4032,2966,0.0077545515846257,0.2311507936507936,PGD,0.15,25,ddos,,123
LR,PGD_eps0.15_it25,3977,3494,0.0005724098454493,0.119436761377923,PGD,0.15,25,dos,,123
LR,PGD_eps0.15_it25,3898,3757,0.0005323396326856,0.0351462288353001,PGD,0.15,25,injection,,123
LR,PGD_eps0.15_it25,200,77,0.0,0.61,PGD,0.15,25,mitm,,123
LR,PGD_eps0.15_it25,10000,0,,,PGD,0.15,25,normal,,123
LR,PGD_eps0.15_it25,4008,3972,0.0319738167170191,0.0406686626746507,PGD,0.15,25,password,,123
LR,PGD_eps0.15_it25,4083,3445,0.2769230769230769,0.3899093803575802,PGD,0.15,25,ransomware,,123
LR,PGD_eps0.15_it25,4043,3691,0.1162286643186128,0.1902052930991837,PGD,0.15,25,scanning,,123
LR,PGD_eps0.15_it25,3858,3600,0.0055555555555555,0.0717988595127008,PGD,0.15,25,xss,,123
SVM,PGD_eps0.15_it25,4110,4109,0.0,0.000243309002433,PGD,0.15,25,backdoor,,123
SVM,PGD_eps0.15_it25,4032,2966,0.0198921105866486,0.2614087301587302,PGD,0.15,25,ddos,,123
SVM,PGD_eps0.15_it25,3977,3494,0.0011448196908986,0.1166708574302237,PGD,0.15,25,dos,,123
SVM,PGD_eps0.15_it25,3898,3757,0.0226244343891402,0.0569522832221652,PGD,0.15,25,injection,,123
SVM,PGD_eps0.15_it25,200,77,0.0,0.61,PGD,0.15,25,mitm,,123
SVM,PGD_eps0.15_it25,10000,0,,,PGD,0.15,25,normal,,123
SVM,PGD_eps0.15_it25,4008,3971,0.0350037773860488,0.0439121756487025,PGD,0.15,25,password,,123
SVM,PGD_eps0.15_it25,4083,3433,0.1077774541217593,0.2498163115356355,PGD,0.15,25,ransomware,,123
SVM,PGD_eps0.15_it25,4043,3698,0.0849107625743645,0.1615137274301261,PGD,0.15,25,scanning,,123
SVM,PGD_eps0.15_it25,3858,3593,0.0022265516281658,0.0705028512182478,PGD,0.15,25,xss,,123
RF,PGD_eps0.15_it25,4110,4110,0.9992700729927008,0.9992700729927008,PGD,0.15,25,backdoor,,123
RF,PGD_eps0.15_it25,4032,4015,0.9892901618929016,0.98859126984127,PGD,0.15,25,ddos,,123
RF,PGD_eps0.15_it25,3977,3971,0.9929488793754722,0.9922051797837566,PGD,0.15,25,dos,,123
RF,PGD_eps0.15_it25,3898,3897,0.9984603541185528,0.9984607491021036,PGD,0.15,25,injection,,123
RF,PGD_eps0.15_it25,200,194,0.8402061855670103,0.83,PGD,0.15,25,mitm,,123
RF,PGD_eps0.15_it25,10000,0,,,PGD,0.15,25,normal,,123
RF,PGD_eps0.15_it25,4008,4007,0.9992513102071376,0.999001996007984,PGD,0.15,25,password,,123
RF,PGD_eps0.15_it25,4083,4083,0.9921626255204506,0.9921626255204506,PGD,0.15,25,ransomware,,123
RF,PGD_eps0.15_it25,4043,4043,0.9886223101657186,0.9886223101657186,PGD,0.15,25,scanning,,123
RF,PGD_eps0.15_it25,3858,3855,0.9891050583657588,0.9888543286677036,PGD,0.15,25,xss,,123
MLP,PGD_eps0.15_it25,4110,4109,0.5220248235580434,0.5218978102189781,PGD,0.15,25,backdoor,,123
MLP,PGD_eps0.15_it25,4032,3034,0.8796967699406724,0.6917162698412699,PGD,0.15,25,ddos,,123
MLP,PGD_eps0.15_it25,3977,3936,0.9997459349593496,0.990445059089766,PGD,0.15,25,dos,,123
MLP,PGD_eps0.15_it25,3898,3880,0.9963917525773196,0.991790661877886,PGD,0.15,25,injection,,123
MLP,PGD_eps0.15_it25,200,163,0.9754601226993864,0.82,PGD,0.15,25,mitm,,123
MLP,PGD_eps0.15_it25,10000,0,,,PGD,0.15,25,normal,,123
MLP,PGD_eps0.15_it25,4008,4002,0.9112943528235882,0.9099301397205588,PGD,0.15,25,password,,123
MLP,PGD_eps0.15_it25,4083,4039,0.9896013864818024,0.9840803330884154,PGD,0.15,25,ransomware,,123
MLP,PGD_eps0.15_it25,4043,3980,0.942713567839196,0.9290131090774176,PGD,0.15,25,scanning,,123
MLP,PGD_eps0.15_it25,3858,3821,0.9918869405914682,0.982374287195438,PGD,0.15,25,xss,,123
LR,PGD_eps0.3_it10,4110,4108,0.9917234664070108,0.9914841849148418,PGD,0.3,10,backdoor,,123
LR,PGD_eps0.3_it10,4032,2966,0.0512474713418745,0.206845238095238,PGD,0.3,10,ddos,,123
LR,PGD_eps0.3_it10,3977,3494,0.0005724098454493,0.093789288408348,PGD,0.3,10,dos,,123
LR,PGD_eps0.3_it10,3898,3757,0.0881022092094756,0.1190354027706516,PGD,0.3,10,injection,,123
LR,PGD_eps0.3_it10,200,77,0.1428571428571428,0.65,PGD,0.3,10,mitm,,123
LR,PGD_eps0.3_it10,10000,0,,,PGD,0.3,10,normal,,123
LR,PGD_eps0.3_it10,4008,3972,0.1576032225579053,0.1649201596806387,PGD,0.3,10,password,,123
LR,PGD_eps0.3_it10,4083,3445,0.518722786647315,0.588537839823659,PGD,0.3,10,ransomware,,123
LR,PGD_eps0.3_it10,4043,3691,0.5358981305879166,0.5703685382141974,PGD,0.3,10,scanning,,123
LR,PGD_eps0.3_it10,3858,3600,0.0802777777777777,0.135303265940902,PGD,0.3,10,xss,,123
SVM,PGD_eps0.3_it10,4110,4109,0.9912387442200048,0.9912408759124088,PGD,0.3,10,backdoor,,123
SVM,PGD_eps0.3_it10,4032,2966,0.1095751854349292,0.2658730158730158,PGD,0.3,10,ddos,,123
SVM,PGD_eps0.3_it10,3977,3494,0.001717229536348,0.0942921800352024,PGD,0.3,10,dos,,123
SVM,PGD_eps0.3_it10,3898,3757,0.3263241948363055,0.3488968701898409,PGD,0.3,10,injection,,123
SVM,PGD_eps0.3_it10,200,77,0.0779220779220779,0.63,PGD,0.3,10,mitm,,123
SVM,PGD_eps0.3_it10,10000,0,,,PGD,0.3,10,normal,,123
SVM,PGD_eps0.3_it10,4008,3971,0.3137748677914883,0.3198602794411178,PGD,0.3,10,password,,123
SVM,PGD_eps0.3_it10,4083,3433,0.3964462569181474,0.4925300024491795,PGD,0.3,10,ransomware,,123
SVM,PGD_eps0.3_it10,4043,3698,0.4129259058950784,0.4588177096215681,PGD,0.3,10,scanning,,123
SVM,PGD_eps0.3_it10,3858,3593,0.268577790147509,0.3128564022809746,PGD,0.3,10,xss,,123
RF,PGD_eps0.3_it10,4110,4110,0.9980535279805351,0.9980535279805351,PGD,0.3,10,backdoor,,123
RF,PGD_eps0.3_it10,4032,4015,0.9342465753424658,0.933531746031746,PGD,0.3,10,ddos,,123
RF,PGD_eps0.3_it10,3977,3971,0.994711659531604,0.993965300477747,PGD,0.3,10,dos,,123
RF,PGD_eps0.3_it10,3898,3897,0.9543238388503976,0.9543355566957414,PGD,0.3,10,injection,,123
RF,PGD_eps0.3_it10,200,194,0.845360824742268,0.845,PGD,0.3,10,mitm,,123
RF,PGD_eps0.3_it10,10000,0,,,PGD,0.3,10,normal,,123
RF,PGD_eps0.3_it10,4008,4007,0.8300474170202147,0.8298403193612774,PGD,0.3,10,password,,123
RF,PGD_eps0.3_it10,4083,4083,0.9806514817536124,0.9806514817536124,PGD,0.3,10,ransomware,,123
RF,PGD_eps0.3_it10,4043,4043,0.9569626514964136,0.9569626514964136,PGD,0.3,10,scanning,,123
RF,PGD_eps0.3_it10,3858,3855,0.9413748378728924,0.94116122343183,PGD,0.3,10,xss,,123
MLP,PGD_eps0.3_it10,4110,4109,0.999513263567778,0.9992700729927008,PGD,0.3,10,backdoor,,123
MLP,PGD_eps0.3_it10,4032,3034,0.990771259063942,0.75,PGD,0.3,10,ddos,,123
MLP,PGD_eps0.3_it10,3977,3936,1.0,0.990445059089766,PGD,0.3,10,dos,,123
MLP,PGD_eps0.3_it10,3898,3880,0.9994845360824742,0.9951257054899948,PGD,0.3,10,injection,,123
MLP,PGD_eps0.3_it10,200,163,0.9938650306748468,0.835,PGD,0.3,10,mitm,,123
MLP,PGD_eps0.3_it10,10000,0,,,PGD,0.3,10,normal,,123
MLP,PGD_eps0.3_it10,4008,4002,0.9997501249375312,0.998253493013972,PGD,0.3,10,password,,123
MLP,PGD_eps0.3_it10,4083,4039,1.0,0.994366887092824,PGD,0.3,10,ransomware,,123
MLP,PGD_eps0.3_it10,4043,3980,1.0,0.9854068760821172,PGD,0.3,10,scanning,,123
MLP,PGD_eps0.3_it10,3858,3821,0.997382884061764,0.987817522032141,PGD,0.3,10,xss,,123
LR,PGD_eps0.3_it25,4110,4108,0.9917234664070108,0.9914841849148418,PGD,0.3,25,backdoor,,123
LR,PGD_eps0.3_it25,4032,2966,0.0927174645987862,0.2591765873015873,PGD,0.3,25,ddos,,123
LR,PGD_eps0.3_it25,3977,3494,0.0028620492272467,0.0920291677143575,PGD,0.3,25,dos,,123
LR,PGD_eps0.3_it25,3898,3757,0.2856002129358531,0.3081067213955875,PGD,0.3,25,injection,,123
LR,PGD_eps0.3_it25,200,77,0.2337662337662337,0.655,PGD,0.3,25,mitm,,123
LR,PGD_eps0.3_it25,10000,0,,,PGD,0.3,25,normal,,123
LR,PGD_eps0.3_it25,4008,3972,0.2663645518630413,0.2724550898203592,PGD,0.3,25,password,,123
LR,PGD_eps0.3_it25,4083,3445,0.4426705370101596,0.5280431055596375,PGD,0.3,25,ransomware,,123
LR,PGD_eps0.3_it25,4043,3691,0.4800866973719859,0.5196636161266386,PGD,0.3,25,scanning,,123
LR,PGD_eps0.3_it25,3858,3600,0.3158333333333333,0.3530326594090202,PGD,0.3,25,xss,,123
SVM,PGD_eps0.3_it25,4110,4109,0.514480408858603,0.5145985401459854,PGD,0.3,25,backdoor,,123
SVM,PGD_eps0.3_it25,4032,2966,0.1153068105192178,0.2921626984126984,PGD,0.3,25,ddos,,123
SVM,PGD_eps0.3_it25,3977,3494,0.0037206639954207,0.0952979632889112,PGD,0.3,25,dos,,123
SVM,PGD_eps0.3_it25,3898,3757,0.4620708011711472,0.4794766546947152,PGD,0.3,25,injection,,123
SVM,PGD_eps0.3_it25,200,77,0.2207792207792207,0.675,PGD,0.3,25,mitm,,123
SVM,PGD_eps0.3_it25,10000,0,,,PGD,0.3,25,normal,,123
SVM,PGD_eps0.3_it25,4008,3971,0.4124905565348779,0.4176646706586826,PGD,0.3,25,password,,123
SVM,PGD_eps0.3_it25,4083,3433,0.3381881736090882,0.4433014939995102,PGD,0.3,25,ransomware,,123
SVM,PGD_eps0.3_it25,4043,3698,0.3953488372093023,0.4422458570368538,PGD,0.3,25,scanning,,123
SVM,PGD_eps0.3_it25,3858,3593,0.3768438630670748,0.4139450492483152,PGD,0.3,25,xss,,123
RF,PGD_eps0.3_it25,4110,4110,0.9995133819951338,0.9995133819951338,PGD,0.3,25,backdoor,,123
RF,PGD_eps0.3_it25,4032,4015,0.9927770859277708,0.9918154761904762,PGD,0.3,25,ddos,,123
RF,PGD_eps0.3_it25,3977,3971,0.995467136741375,0.9947196379180286,PGD,0.3,25,dos,,123
RF,PGD_eps0.3_it25,3898,3897,0.9989735694123684,0.9989738327347356,PGD,0.3,25,injection,,123
RF,PGD_eps0.3_it25,200,194,0.8556701030927835,0.855,PGD,0.3,25,mitm,,123
RF,PGD_eps0.3_it25,10000,0,,,PGD,0.3,25,normal,,123
RF,PGD_eps0.3_it25,4008,4007,0.99900174694285,0.99875249500998,PGD,0.3,25,password,,123
RF,PGD_eps0.3_it25,4083,4083,0.9897134459955916,0.9897134459955916,PGD,0.3,25,ransomware,,123
RF,PGD_eps0.3_it25,4043,4043,0.9883749690823646,0.9883749690823646,PGD,0.3,25,scanning,,123
RF,PGD_eps0.3_it25,3858,3855,0.991958495460441,0.9917055469155004,PGD,0.3,25,xss,,123
MLP,PGD_eps0.3_it25,4110,4109,0.999513263567778,0.9992700729927008,PGD,0.3,25,backdoor,,123
MLP,PGD_eps0.3_it25,4032,3034,0.9930784442979564,0.8090277777777778,PGD,0.3,25,ddos,,123
MLP,PGD_eps0.3_it25,3977,3936,1.0,0.9906965049031934,PGD,0.3,25,dos,,123
MLP,PGD_eps0.3_it25,3898,3880,0.9997422680412372,0.995382247306311,PGD,0.3,25,injection,,123
MLP,PGD_eps0.3_it25,200,163,0.9938650306748468,0.835,PGD,0.3,25,mitm,,123
MLP,PGD_eps0.3_it25,10000,0,,,PGD,0.3,25,normal,,123
MLP,PGD_eps0.3_it25,4008,4002,0.9995002498750624,0.998253493013972,PGD,0.3,25,password,,123
MLP,PGD_eps0.3_it25,4083,4039,0.995543451349344,0.9899583639480772,PGD,0.3,25,ransomware,,123
MLP,PGD_eps0.3_it25,4043,3980,0.993718592964824,0.9799653722483304,PGD,0.3,25,scanning,,123
MLP,PGD_eps0.3_it25,3858,3821,0.9989531536247056,0.9896319336443752,PGD,0.3,25,xss,,123
LR,PGD_eps0.5_it10,4110,4108,0.9929406037000974,0.9927007299270072,PGD,0.5,10,backdoor,,123
LR,PGD_eps0.5_it10,4032,2966,0.1931894807821982,0.2189980158730158,PGD,0.5,10,ddos,,123
LR,PGD_eps0.5_it10,3977,3494,0.001717229536348,0.0857430223786774,PGD,0.5,10,dos,,123
LR,PGD_eps0.5_it10,3898,3757,0.2374234761778014,0.2603899435608004,PGD,0.5,10,injection,,123
LR,PGD_eps0.5_it10,200,77,0.1558441558441558,0.615,PGD,0.5,10,mitm,,123
LR,PGD_eps0.5_it10,10000,0,,,PGD,0.5,10,normal,,123
LR,PGD_eps0.5_it10,4008,3972,0.1890735146022155,0.1956087824351297,PGD,0.5,10,password,,123
LR,PGD_eps0.5_it10,4083,3445,0.6920174165457185,0.7347538574577517,PGD,0.5,10,ransomware,,123
LR,PGD_eps0.5_it10,4043,3691,0.6071525331888377,0.6292357160524363,PGD,0.5,10,scanning,,123
LR,PGD_eps0.5_it10,3858,3600,0.3433333333333333,0.3761016070502851,PGD,0.5,10,xss,,123
SVM,PGD_eps0.5_it10,4110,4109,0.9914821124361158,0.9914841849148418,PGD,0.5,10,backdoor,,123
SVM,PGD_eps0.5_it10,4032,2966,0.2349966284558327,0.2495039682539682,PGD,0.5,10,ddos,,123
SVM,PGD_eps0.5_it10,3977,3494,0.0037206639954207,0.0880060346995222,PGD,0.5,10,dos,,123
SVM,PGD_eps0.5_it10,3898,3757,0.4769763108863455,0.4925602873268342,PGD,0.5,10,injection,,123
SVM,PGD_eps0.5_it10,200,77,0.1818181818181818,0.655,PGD,0.5,10,mitm,,123
SVM,PGD_eps0.5_it10,10000,0,,,PGD,0.5,10,normal,,123
SVM,PGD_eps0.5_it10,4008,3971,0.4462352052379753,0.4505988023952096,PGD,0.5,10,password,,123
SVM,PGD_eps0.5_it10,4083,3433,0.5225750072822604,0.5983345579230958,PGD,0.5,10,ransomware,,123
SVM,PGD_eps0.5_it10,4043,3698,0.4848566792861006,0.5169428642097452,PGD,0.5,10,scanning,,123
SVM,PGD_eps0.5_it10,3858,3593,0.4503200667965488,0.4771902540176257,PGD,0.5,10,xss,,123
RF,PGD_eps0.5_it10,4110,4110,0.9987834549878344,0.9987834549878344,PGD,0.5,10,backdoor,,123
RF,PGD_eps0.5_it10,4032,4015,0.9270236612702366,0.9270833333333334,PGD,0.5,10,ddos,,123
RF,PGD_eps0.5_it10,3977,3971,0.9939561823218332,0.9934624088508928,PGD,0.5,10,dos,,123
RF,PGD_eps0.5_it10,3898,3897,0.9319989735694124,0.9320164186762442,PGD,0.5,10,injection,,123
RF,PGD_eps0.5_it10,200,194,0.8195876288659794,0.815,PGD,0.5,10,mitm,,123
RF,PGD_eps0.5_it10,10000,0,,,PGD,0.5,10,normal,,123
RF,PGD_eps0.5_it10,4008,4007,0.8512602944846519,0.8510479041916168,PGD,0.5,10,password,,123
RF,PGD_eps0.5_it10,4083,4083,0.8880724957139359,0.8880724957139359,PGD,0.5,10,ransomware,,123
RF,PGD_eps0.5_it10,4043,4043,0.9530051941627504,0.9530051941627504,PGD,0.5,10,scanning,,123
RF,PGD_eps0.5_it10,3858,3855,0.96757457846952,0.9675997926386728,PGD,0.5,10,xss,,123
MLP,PGD_eps0.5_it10,4110,4109,0.999513263567778,0.9992700729927008,PGD,0.5,10,backdoor,,123
MLP,PGD_eps0.5_it10,4032,3034,0.991430454845089,0.7507440476190477,PGD,0.5,10,ddos,,123
MLP,PGD_eps0.5_it10,3977,3936,1.0,0.990445059089766,PGD,0.5,10,dos,,123
MLP,PGD_eps0.5_it10,3898,3880,1.0,0.995638789122627,PGD,0.5,10,injection,,123
MLP,PGD_eps0.5_it10,200,163,0.9938650306748468,0.835,PGD,0.5,10,mitm,,123
MLP,PGD_eps0.5_it10,10000,0,,,PGD,0.5,10,normal,,123
MLP,PGD_eps0.5_it10,4008,4002,1.0,0.998502994011976,PGD,0.5,10,password,,123
MLP,PGD_eps0.5_it10,4083,4039,1.0,0.994366887092824,PGD,0.5,10,ransomware,,123
MLP,PGD_eps0.5_it10,4043,3980,1.0,0.9844175117487016,PGD,0.5,10,scanning,,123
MLP,PGD_eps0.5_it10,3858,3821,0.9997382884061764,0.9901503369621566,PGD,0.5,10,xss,,123
LR,PGD_eps0.5_it25,4110,4108,0.9924537487828629,0.9922141119221412,PGD,0.5,25,backdoor,,123
LR,PGD_eps0.5_it25,4032,2966,0.224881995954147,0.3501984126984127,PGD,0.5,25,ddos,,123
LR,PGD_eps0.5_it25,3977,3494,0.002575844304522,0.0910233844606487,PGD,0.5,25,dos,,123
LR,PGD_eps0.5_it25,3898,3757,0.522225179664626,0.5366854797331965,PGD,0.5,25,injection,,123
LR,PGD_eps0.5_it25,200,77,0.2727272727272727,0.67,PGD,0.5,25,mitm,,123
LR,PGD_eps0.5_it25,10000,0,,,PGD,0.5,25,normal,,123
LR,PGD_eps0.5_it25,4008,3972,0.4823766364551863,0.4867764471057884,PGD,0.5,25,password,,123
LR,PGD_eps0.5_it25,4083,3445,0.5796806966618288,0.6340925789860397,PGD,0.5,25,ransomware,,123
LR,PGD_eps0.5_it25,4043,3691,0.5665131400704416,0.599060103883255,PGD,0.5,25,scanning,,123
LR,PGD_eps0.5_it25,3858,3600,0.4725,0.497926386728875,PGD,0.5,25,xss,,123
SVM,PGD_eps0.5_it25,4110,4109,0.3246532002920418,0.3248175182481752,PGD,0.5,25,backdoor,,123
SVM,PGD_eps0.5_it25,4032,2966,0.2744436952124073,0.3871527777777778,PGD,0.5,25,ddos,,123
SVM,PGD_eps0.5_it25,3977,3494,0.0040068689181453,0.0912748302740759,PGD,0.5,25,dos,,123
SVM,PGD_eps0.5_it25,3898,3757,0.7306361458610594,0.7378142637249872,PGD,0.5,25,injection,,123
SVM,PGD_eps0.5_it25,200,77,0.2987012987012987,0.685,PGD,0.5,25,mitm,,123
SVM,PGD_eps0.5_it25,10000,0,,,PGD,0.5,25,normal,,123
SVM,PGD_eps0.5_it25,4008,3971,0.616217577436414,0.6192614770459082,PGD,0.5,25,password,,123
SVM,PGD_eps0.5_it25,4083,3433,0.4185843285755898,0.4873867254469752,PGD,0.5,25,ransomware,,123
SVM,PGD_eps0.5_it25,4043,3698,0.508112493239589,0.544892406628741,PGD,0.5,25,scanning,,123
SVM,PGD_eps0.5_it25,3858,3593,0.5126635123851935,0.5355106272680145,PGD,0.5,25,xss,,123
RF,PGD_eps0.5_it25,4110,4110,0.9995133819951338,0.9995133819951338,PGD,0.5,25,backdoor,,123
RF,PGD_eps0.5_it25,4032,4015,0.9917808219178084,0.9913194444444444,PGD,0.5,25,ddos,,123
RF,PGD_eps0.5_it25,3977,3971,0.9957189624779652,0.9949710837314558,PGD,0.5,25,dos,,123
RF,PGD_eps0.5_it25,3898,3897,0.9799846035411856,0.9799897383273474,PGD,0.5,25,injection,,123
RF,PGD_eps0.5_it25,200,194,0.8195876288659794,0.82,PGD,0.5,25,mitm,,123
RF,PGD_eps0.5_it25,10000,0,,,PGD,0.5,25,normal,,123
RF,PGD_eps0.5_it25,4008,4007,0.9987521836785626,0.998502994011976,PGD,0.5,25,password,,123
RF,PGD_eps0.5_it25,4083,4083,0.9664462405094292,0.9664462405094292,PGD,0.5,25,ransomware,,123
RF,PGD_eps0.5_it25,4043,4043,0.9886223101657186,0.9886223101657186,PGD,0.5,25,scanning,,123
RF,PGD_eps0.5_it25,3858,3855,0.9909208819714656,0.9909279419388284,PGD,0.5,25,xss,,123
MLP,PGD_eps0.5_it25,4110,4109,0.999513263567778,0.9992700729927008,PGD,0.5,25,backdoor,,123
MLP,PGD_eps0.5_it25,4032,3034,0.9937376400791036,0.7517361111111112,PGD,0.5,25,ddos,,123
MLP,PGD_eps0.5_it25,3977,3936,1.0,0.990445059089766,PGD,0.5,25,dos,,123
MLP,PGD_eps0.5_it25,3898,3880,1.0,0.995382247306311,PGD,0.5,25,injection,,123
MLP,PGD_eps0.5_it25,200,163,0.9938650306748468,0.835,PGD,0.5,25,mitm,,123
MLP,PGD_eps0.5_it25,10000,0,,,PGD,0.5,25,normal,,123
MLP,PGD_eps0.5_it25,4008,4002,1.0,0.998502994011976,PGD,0.5,25,password,,123
MLP,PGD_eps0.5_it25,4083,4039,1.0,0.994366887092824,PGD,0.5,25,ransomware,,123
MLP,PGD_eps0.5_it25,4043,3980,1.0,0.9844175117487016,PGD,0.5,25,scanning,,123
MLP,PGD_eps0.5_it25,3858,3821,0.9997382884061764,0.9901503369621566,PGD,0.5,25,xss,,123
LR,PGD_eps0.75_it10,4110,4108,0.9929406037000974,0.9927007299270072,PGD,0.75,10,backdoor,,123
LR,PGD_eps0.75_it10,4032,2966,0.2174645987862441,0.286954365079365,PGD,0.75,10,ddos,,123
LR,PGD_eps0.75_it10,3977,3494,0.0020034344590726,0.0716620568267538,PGD,0.75,10,dos,,123
LR,PGD_eps0.75_it10,3898,3757,0.2435453819536864,0.2668034889687019,PGD,0.75,10,injection,,123
LR,PGD_eps0.75_it10,200,77,0.2597402597402597,0.655,PGD,0.75,10,mitm,,123
LR,PGD_eps0.75_it10,10000,0,,,PGD,0.75,10,normal,,123
LR,PGD_eps0.75_it10,4008,3972,0.2346424974823766,0.2407684630738523,PGD,0.75,10,password,,123
LR,PGD_eps0.75_it10,4083,3445,0.713788098693759,0.7531227038941954,PGD,0.75,10,ransomware,,123
LR,PGD_eps0.75_it10,4043,3691,0.6385803305337306,0.6608953747217413,PGD,0.75,10,scanning,,123
LR,PGD_eps0.75_it10,3858,3600,0.2338888888888889,0.2744945567651633,PGD,0.75,10,xss,,123
SVM,PGD_eps0.75_it10,4110,4109,0.9926989535166708,0.9927007299270072,PGD,0.75,10,backdoor,,123
SVM,PGD_eps0.75_it10,4032,2966,0.215104517869184,0.2867063492063492,PGD,0.75,10,ddos,,123
SVM,PGD_eps0.75_it10,3977,3494,0.0040068689181453,0.0736736233341714,PGD,0.75,10,dos,,123
SVM,PGD_eps0.75_it10,3898,3757,0.4620708011711472,0.4774243201641868,PGD,0.75,10,injection,,123
SVM,PGD_eps0.75_it10,200,77,0.1948051948051948,0.63,PGD,0.75,10,mitm,,123
SVM,PGD_eps0.75_it10,10000,0,,,PGD,0.75,10,normal,,123
SVM,PGD_eps0.75_it10,4008,3971,0.4220599345253085,0.4263972055888224,PGD,0.75,10,password,,123
SVM,PGD_eps0.75_it10,4083,3433,0.6189921351587533,0.67425912319373,PGD,0.75,10,ransomware,,123
SVM,PGD_eps0.75_it10,4043,3698,0.5251487290427258,0.5565174375463765,PGD,0.75,10,scanning,,123
SVM,PGD_eps0.75_it10,3858,3593,0.4558864458669635,0.4821150855365474,PGD,0.75,10,xss,,123
RF,PGD_eps0.75_it10,4110,4110,0.9982968369829684,0.9982968369829684,PGD,0.75,10,backdoor,,123
RF,PGD_eps0.75_it10,4032,4015,0.9534246575342464,0.953125,PGD,0.75,10,ddos,,123
RF,PGD_eps0.75_it10,3977,3971,0.9932007051120624,0.992708071410611,PGD,0.75,10,dos,,123
RF,PGD_eps0.75_it10,3898,3897,0.9394405953297408,0.93945613134941,PGD,0.75,10,injection,,123
RF,PGD_eps0.75_it10,200,194,0.8350515463917526,0.83,PGD,0.75,10,mitm,,123
RF,PGD_eps0.75_it10,10000,0,,,PGD,0.75,10,normal,,123
RF,PGD_eps0.75_it10,4008,4007,0.8727227352133766,0.8725049900199601,PGD,0.75,10,password,,123
RF,PGD_eps0.75_it10,4083,4083,0.9057065882929218,0.9057065882929218,PGD,0.75,10,ransomware,,123
RF,PGD_eps0.75_it10,4043,4043,0.9715557754142964,0.9715557754142964,PGD,0.75,10,scanning,,123
RF,PGD_eps0.75_it10,3858,3855,0.9699092088197148,0.9699326075686884,PGD,0.75,10,xss,,123
MLP,PGD_eps0.75_it10,4110,4109,0.999513263567778,0.9992700729927008,PGD,0.75,10,backdoor,,123
MLP,PGD_eps0.75_it10,4032,3034,0.994067237969677,0.7492559523809523,PGD,0.75,10,ddos,,123
MLP,PGD_eps0.75_it10,3977,3936,1.0,0.990445059089766,PGD,0.75,10,dos,,123
MLP,PGD_eps0.75_it10,3898,3880,1.0,0.995382247306311,PGD,0.75,10,injection,,123
MLP,PGD_eps0.75_it10,200,163,0.9938650306748468,0.835,PGD,0.75,10,mitm,,123
MLP,PGD_eps0.75_it10,10000,0,,,PGD,0.75,10,normal,,123
MLP,PGD_eps0.75_it10,4008,4002,1.0,0.998502994011976,PGD,0.75,10,password,,123
MLP,PGD_eps0.75_it10,4083,4039,1.0,0.994366887092824,PGD,0.75,10,ransomware,,123
MLP,PGD_eps0.75_it10,4043,3980,1.0,0.9844175117487016,PGD,0.75,10,scanning,,123
MLP,PGD_eps0.75_it10,3858,3821,0.9997382884061764,0.9901503369621566,PGD,0.75,10,xss,,123
LR,PGD_eps0.75_it25,4110,4108,0.866601752677702,0.8664233576642336,PGD,0.75,25,backdoor,,123
LR,PGD_eps0.75_it25,4032,2966,0.2724207687120701,0.3727678571428571,PGD,0.75,25,ddos,,123
LR,PGD_eps0.75_it25,3977,3494,0.0028620492272467,0.0807141061101332,PGD,0.75,25,dos,,123
LR,PGD_eps0.75_it25,3898,3757,0.6111258983231301,0.6213442791174961,PGD,0.75,25,injection,,123
LR,PGD_eps0.75_it25,200,77,0.3246753246753247,0.675,PGD,0.75,25,mitm,,123
LR,PGD_eps0.75_it25,10000,0,,,PGD,0.75,25,normal,,123
LR,PGD_eps0.75_it25,4008,3972,0.5362537764350453,0.5396706586826348,PGD,0.75,25,password,,123
LR,PGD_eps0.75_it25,4083,3445,0.5625544267053701,0.6169483223120255,PGD,0.75,25,ransomware,,123
LR,PGD_eps0.75_it25,4043,3691,0.511243565429423,0.5461291120455107,PGD,0.75,25,scanning,,123
LR,PGD_eps0.75_it25,3858,3600,0.5786111111111111,0.5961638154484189,PGD,0.75,25,xss,,123
SVM,PGD_eps0.75_it25,4110,4109,0.7427597955706985,0.7428223844282238,PGD,0.75,25,backdoor,,123
SVM,PGD_eps0.75_it25,4032,2966,0.3057990559676332,0.4092261904761904,PGD,0.75,25,ddos,,123
SVM,PGD_eps0.75_it25,3977,3494,0.00429307384087,0.0807141061101332,PGD,0.75,25,dos,,123
SVM,PGD_eps0.75_it25,3898,3757,0.7479371839233431,0.7532067727039508,PGD,0.75,25,injection,,123
SVM,PGD_eps0.75_it25,200,77,0.3506493506493506,0.685,PGD,0.75,25,mitm,,123
SVM,PGD_eps0.75_it25,10000,0,,,PGD,0.75,25,normal,,123
SVM,PGD_eps0.75_it25,4008,3971,0.6643162931251574,0.6666666666666666,PGD,0.75,25,password,,123
SVM,PGD_eps0.75_it25,4083,3433,0.3594523740168948,0.4474650991917707,PGD,0.75,25,ransomware,,123
SVM,PGD_eps0.75_it25,4043,3698,0.4718766901027582,0.5110066782092506,PGD,0.75,25,scanning,,123
SVM,PGD_eps0.75_it25,3858,3593,0.5872529919287504,0.6047174701918092,PGD,0.75,25,xss,,123
RF,PGD_eps0.75_it25,4110,4110,0.9992700729927008,0.9992700729927008,PGD,0.75,25,backdoor,,123
RF,PGD_eps0.75_it25,4032,4015,0.9945205479452056,0.9942956349206348,PGD,0.75,25,ddos,,123
RF,PGD_eps0.75_it25,3977,3971,0.995467136741375,0.9947196379180286,PGD,0.75,25,dos,,123
RF,PGD_eps0.75_it25,3898,3897,0.9925583782396716,0.9925602873268344,PGD,0.75,25,injection,,123
RF,PGD_eps0.75_it25,200,194,0.8247422680412371,0.82,PGD,0.75,25,mitm,,123
RF,PGD_eps0.75_it25,10000,0,,,PGD,0.75,25,normal,,123
RF,PGD_eps0.75_it25,4008,4007,0.9955078612428252,0.9952594810379242,PGD,0.75,25,password,,123
RF,PGD_eps0.75_it25,4083,4083,0.9534655890276758,0.9534655890276758,PGD,0.75,25,ransomware,,123
RF,PGD_eps0.75_it25,4043,4043,0.9923324264160276,0.9923324264160276,PGD,0.75,25,scanning,,123
RF,PGD_eps0.75_it25,3858,3855,0.9893644617380026,0.9893727319854848,PGD,0.75,25,xss,,123
MLP,PGD_eps0.75_it25,4110,4109,0.999513263567778,0.9992700729927008,PGD,0.75,25,backdoor,,123
MLP,PGD_eps0.75_it25,4032,3034,0.996044825313118,0.7495039682539683,PGD,0.75,25,ddos,,123
MLP,PGD_eps0.75_it25,3977,3936,0.9997459349593496,0.9901936132763388,PGD,0.75,25,dos,,123
MLP,PGD_eps0.75_it25,3898,3880,1.0,0.995382247306311,PGD,0.75,25,injection,,123
MLP,PGD_eps0.75_it25,200,163,0.9938650306748468,0.835,PGD,0.75,25,mitm,,123
MLP,PGD_eps0.75_it25,10000,0,,,PGD,0.75,25,normal,,123
MLP,PGD_eps0.75_it25,4008,4002,1.0,0.998502994011976,PGD,0.75,25,password,,123
MLP,PGD_eps0.75_it25,4083,4039,1.0,0.994366887092824,PGD,0.75,25,ransomware,,123
MLP,PGD_eps0.75_it25,4043,3980,1.0,0.9844175117487016,PGD,0.75,25,scanning,,123
MLP,PGD_eps0.75_it25,3858,3821,0.9992148652185292,0.9896319336443752,PGD,0.75,25,xss,,123
LR,CW_c0.0_it10,4110,4108,0.0,0.000243309002433,CW,,10,backdoor,0.0,123
LR,CW_c0.0_it10,4032,2966,0.0,0.2643849206349206,CW,,10,ddos,0.0,123
LR,CW_c0.0_it10,3977,3494,0.0002862049227246,0.1216997736987679,CW,,10,dos,0.0,123
LR,CW_c0.0_it10,3898,3757,0.0,0.0361723961005643,CW,,10,injection,0.0,123
LR,CW_c0.0_it10,200,77,0.0,0.615,CW,,10,mitm,0.0,123
LR,CW_c0.0_it10,10000,0,,,CW,,10,normal,0.0,123
LR,CW_c0.0_it10,4008,3972,0.0,0.0089820359281437,CW,,10,password,0.0,123
LR,CW_c0.0_it10,4083,3445,0.0,0.1562576536860151,CW,,10,ransomware,0.0,123
LR,CW_c0.0_it10,4043,3691,0.0059604443240314,0.0925055651743754,CW,,10,scanning,0.0,123
LR,CW_c0.0_it10,3858,3600,0.0025,0.0692068429237947,CW,,10,xss,0.0,123
SVM,CW_c0.0_it10,4110,4109,0.0,0.000243309002433,CW,,10,backdoor,0.0,123
SVM,CW_c0.0_it10,4032,2966,0.0,0.2643849206349206,CW,,10,ddos,0.0,123
SVM,CW_c0.0_it10,3977,3494,0.0002862049227246,0.1216997736987679,CW,,10,dos,0.0,123
SVM,CW_c0.0_it10,3898,3757,0.0,0.0361723961005643,CW,,10,injection,0.0,123
SVM,CW_c0.0_it10,200,77,0.0,0.615,CW,,10,mitm,0.0,123
SVM,CW_c0.0_it10,10000,0,,,CW,,10,normal,0.0,123
SVM,CW_c0.0_it10,4008,3971,0.0,0.0092315369261477,CW,,10,password,0.0,123
SVM,CW_c0.0_it10,4083,3433,0.0,0.1591966691158461,CW,,10,ransomware,0.0,123
SVM,CW_c0.0_it10,4043,3698,0.0091941590048674,0.0937422705911451,CW,,10,scanning,0.0,123
SVM,CW_c0.0_it10,3858,3593,0.0008349568605622,0.0694660445826853,CW,,10,xss,0.0,123
RF,CW_c0.0_it10,4110,4110,0.9985401459854014,0.9985401459854014,CW,,10,backdoor,0.0,123
RF,CW_c0.0_it10,4032,4015,0.9489414694894148,0.9456845238095238,CW,,10,ddos,0.0,123
RF,CW_c0.0_it10,3977,3971,0.981113069755729,0.9803872265526778,CW,,10,dos,0.0,123
RF,CW_c0.0_it10,3898,3897,0.9976905311778292,0.9976911236531556,CW,,10,injection,0.0,123
RF,CW_c0.0_it10,200,194,0.845360824742268,0.84,CW,,10,mitm,0.0,123
RF,CW_c0.0_it10,10000,0,,,CW,,10,normal,0.0,123
RF,CW_c0.0_it10,4008,4007,0.9987521836785626,0.998502994011976,CW,,10,password,0.0,123
RF,CW_c0.0_it10,4083,4083,0.9946118050453098,0.9946118050453098,CW,,10,ransomware,0.0,123
RF,CW_c0.0_it10,4043,4043,0.9960425426663368,0.9960425426663368,CW,,10,scanning,0.0,123
RF,CW_c0.0_it10,3858,3855,0.9922178988326849,0.9914463452566096,CW,,10,xss,0.0,123
MLP,CW_c0.0_it10,4110,4109,0.9953760038938916,0.9951338199513382,CW,,10,backdoor,0.0,123
MLP,CW_c0.0_it10,4032,3034,0.9911008569545154,0.7467757936507936,CW,,10,ddos,0.0,123
MLP,CW_c0.0_it10,3977,3936,0.9977134146341464,0.9881820467689212,CW,,10,dos,0.0,123
MLP,CW_c0.0_it10,3898,3880,0.993556701030928,0.9889687018984096,CW,,10,injection,0.0,123
MLP,CW_c0.0_it10,200,163,1.0,0.845,CW,,10,mitm,0.0,123
MLP,CW_c0.0_it10,10000,0,,,CW,,10,normal,0.0,123
MLP,CW_c0.0_it10,4008,4002,0.9982508745627188,0.996756487025948,CW,,10,password,0.0,123
MLP,CW_c0.0_it10,4083,4039,0.985887595939589,0.9804065638011268,CW,,10,ransomware,0.0,123
MLP,CW_c0.0_it10,4043,3980,0.9919597989949748,0.9765025970813752,CW,,10,scanning,0.0,123
MLP,CW_c0.0_it10,3858,3821,0.9955509029049988,0.9860031104199068,CW,,10,xss,0.0,123
LR,CW_c0.5_it10,4110,4108,0.0,0.000243309002433,CW,,10,backdoor,0.5,123
LR,CW_c0.5_it10,4032,2966,0.0,0.2594246031746032,CW,,10,ddos,0.5,123
LR,CW_c0.5_it10,3977,3494,0.0002862049227246,0.1214483278853407,CW,,10,dos,0.5,123
LR,CW_c0.5_it10,3898,3757,0.0,0.0361723961005643,CW,,10,injection,0.5,123
LR,CW_c0.5_it10,200,77,0.0129870129870129,0.62,CW,,10,mitm,0.5,123
LR,CW_c0.5_it10,10000,0,,,CW,,10,normal,0.5,123
LR,CW_c0.5_it10,4008,3972,0.0,0.0089820359281437,CW,,10,password,0.5,123
LR,CW_c0.5_it10,4083,3445,0.0,0.1562576536860151,CW,,10,ransomware,0.5,123
LR,CW_c0.5_it10,4043,3691,0.0059604443240314,0.0917635419243136,CW,,10,scanning,0.5,123
LR,CW_c0.5_it10,3858,3600,0.0025,0.0692068429237947,CW,,10,xss,0.5,123
SVM,CW_c0.5_it10,4110,4109,0.0,0.000243309002433,CW,,10,backdoor,0.5,123
SVM,CW_c0.5_it10,4032,2966,0.0,0.25,CW,,10,ddos,0.5,123
SVM,CW_c0.5_it10,3977,3494,0.0,0.1214483278853407,CW,,10,dos,0.5,123
SVM,CW_c0.5_it10,3898,3757,0.0,0.0361723961005643,CW,,10,injection,0.5,123
SVM,CW_c0.5_it10,200,77,0.0,0.615,CW,,10,mitm,0.5,123
SVM,CW_c0.5_it10,10000,0,,,CW,,10,normal,0.5,123
SVM,CW_c0.5_it10,4008,3971,0.0,0.0092315369261477,CW,,10,password,0.5,123
SVM,CW_c0.5_it10,4083,3433,0.0,0.1591966691158461,CW,,10,ransomware,0.5,123
SVM,CW_c0.5_it10,4043,3698,0.0091941590048674,0.0922582240910215,CW,,10,scanning,0.5,123
SVM,CW_c0.5_it10,3858,3593,0.0008349568605622,0.0692068429237947,CW,,10,xss,0.5,123
RF,CW_c0.5_it10,4110,4110,0.9987834549878344,0.9987834549878344,CW,,10,backdoor,0.5,123
RF,CW_c0.5_it10,4032,4015,0.8876712328767123,0.8846726190476191,CW,,10,ddos,0.5,123
RF,CW_c0.5_it10,3977,3971,0.9798539410727776,0.9788785516721148,CW,,10,dos,0.5,123
RF,CW_c0.5_it10,3898,3897,0.9966641005901976,0.9966649563878912,CW,,10,injection,0.5,123
RF,CW_c0.5_it10,200,194,0.8762886597938144,0.87,CW,,10,mitm,0.5,123
RF,CW_c0.5_it10,10000,0,,,CW,,10,normal,0.5,123
RF,CW_c0.5_it10,4008,4007,0.99900174694285,0.99875249500998,CW,,10,password,0.5,123
RF,CW_c0.5_it10,4083,4083,0.9946118050453098,0.9946118050453098,CW,,10,ransomware,0.5,123
RF,CW_c0.5_it10,4043,4043,0.9930744496660896,0.9930744496660896,CW,,10,scanning,0.5,123
RF,CW_c0.5_it10,3858,3855,0.990402075226978,0.9896319336443752,CW,,10,xss,0.5,123
MLP,CW_c0.5_it10,4110,4109,1.0,0.9997566909975668,CW,,10,backdoor,0.5,123
MLP,CW_c0.5_it10,4032,3034,0.9996704021094264,0.7522321428571429,CW,,10,ddos,0.5,123
MLP,CW_c0.5_it10,3977,3936,1.0,0.990445059089766,CW,,10,dos,0.5,123
MLP,CW_c0.5_it10,3898,3880,1.0,0.995382247306311,CW,,10,injection,0.5,123
MLP,CW_c0.5_it10,200,163,1.0,0.84,CW,,10,mitm,0.5,123
MLP,CW_c0.5_it10,10000,0,,,CW,,10,normal,0.5,123
MLP,CW_c0.5_it10,4008,4002,1.0,0.998502994011976,CW,,10,password,0.5,123
MLP,CW_c0.5_it10,4083,4039,1.0,0.994366887092824,CW,,10,ransomware,0.5,123
MLP,CW_c0.5_it10,4043,3980,1.0,0.9844175117487016,CW,,10,scanning,0.5,123
MLP,CW_c0.5_it10,3858,3821,1.0,0.9904095386210472,CW,,10,xss,0.5,123
LR,FGSM_eps0.15,4029,4028,0.0,0.0002482005460412,FGSM,0.15,1,backdoor,,31
LR,FGSM_eps0.15,3923,2894,0.0,0.2541422380830996,FGSM,0.15,1,ddos,,31
LR,FGSM_eps0.15,4005,3502,0.0002855511136493,0.1258426966292135,FGSM,0.15,1,dos,,31
LR,FGSM_eps0.15,4041,3902,0.0,0.034397426379609,FGSM,0.15,1,injection,,31
LR,FGSM_eps0.15,208,93,0.010752688172043,0.5576923076923077,FGSM,0.15,1,mitm,,31
LR,FGSM_eps0.15,10000,0,,,FGSM,0.15,1,normal,,31
LR,FGSM_eps0.15,3952,3906,0.0002560163850486,0.0118927125506072,FGSM,0.15,1,password,,31
LR,FGSM_eps0.15,3968,3387,0.0082669028638913,0.1534778225806451,FGSM,0.15,1,ransomware,,31
LR,FGSM_eps0.15,4055,3695,0.0630581867388362,0.1218249075215783,FGSM,0.15,1,scanning,,31
LR,FGSM_eps0.15,4028,3731,0.0002680246582685,0.073982125124131,FGSM,0.15,1,xss,,31
SVM,FGSM_eps0.15,4029,4026,0.0002483854942871,0.0009928021841648,FGSM,0.15,1,backdoor,,31
SVM,FGSM_eps0.15,3923,2894,0.0,0.2235534030079021,FGSM,0.15,1,ddos,,31
SVM,FGSM_eps0.15,4005,3502,0.0,0.1243445692883895,FGSM,0.15,1,dos,,31
SVM,FGSM_eps0.15,4041,3902,0.0,0.0341499628804751,FGSM,0.15,1,injection,,31
SVM,FGSM_eps0.15,208,93,0.0,0.5528846153846154,FGSM,0.15,1,mitm,,31
SVM,FGSM_eps0.15,10000,0,,,FGSM,0.15,1,normal,,31
SVM,FGSM_eps0.15,3952,3906,0.0002560163850486,0.0118927125506072,FGSM,0.15,1,password,,31
SVM,FGSM_eps0.15,3968,3374,0.0082987551867219,0.1567540322580645,FGSM,0.15,1,ransomware,,31
SVM,FGSM_eps0.15,4055,3698,0.0684153596538669,0.149691738594328,FGSM,0.15,1,scanning,,31
SVM,FGSM_eps0.15,4028,3725,0.0008053691275167,0.0759682224428997,FGSM,0.15,1,xss,,31
RF,FGSM_eps0.15,4029,4029,0.6309257880367337,0.6309257880367337,FGSM,0.15,1,backdoor,,31
RF,FGSM_eps0.15,3923,3915,0.7499361430395913,0.7491715523833801,FGSM,0.15,1,ddos,,31
RF,FGSM_eps0.15,4005,3997,0.9639729797348012,0.9632958801498128,FGSM,0.15,1,dos,,31
RF,FGSM_eps0.15,4041,4037,0.9962843695813725,0.9962880475129918,FGSM,0.15,1,injection,,31
RF,FGSM_eps0.15,208,204,0.8480392156862745,0.8509615384615384,FGSM,0.15,1,mitm,,31
RF,FGSM_eps0.15,10000,0,,,FGSM,0.15,1,normal,,31
RF,FGSM_eps0.15,3952,3951,0.9962034927866364,0.9959514170040484,FGSM,0.15,1,password,,31
RF,FGSM_eps0.15,3968,3968,0.9125504032258064,0.9125504032258064,FGSM,0.15,1,ransomware,,31
RF,FGSM_eps0.15,4055,4054,0.6563887518500247,0.6562268803945746,FGSM,0.15,1,scanning,,31
RF,FGSM_eps0.15,4028,4025,0.9681987577639752,0.968222442899702,FGSM,0.15,1,xss,,31
MLP,FGSM_eps0.15,4029,4029,0.9982625961777116,0.9982625961777116,FGSM,0.15,1,backdoor,,31
MLP,FGSM_eps0.15,3923,2931,0.8181508017741386,0.611776701503951,FGSM,0.15,1,ddos,,31
MLP,FGSM_eps0.15,4005,3853,0.0978458344147417,0.0941323345817727,FGSM,0.15,1,dos,,31
MLP,FGSM_eps0.15,4041,4023,0.5488441461595824,0.5471417965850037,FGSM,0.15,1,injection,,31
MLP,FGSM_eps0.15,208,177,0.8192090395480226,0.7451923076923077,FGSM,0.15,1,mitm,,31
MLP,FGSM_eps0.15,10000,0,,,FGSM,0.15,1,normal,,31
MLP,FGSM_eps0.15,3952,3937,0.665989331978664,0.6649797570850202,FGSM,0.15,1,password,,31
MLP,FGSM_eps0.15,3968,3911,0.9994886218358476,0.998991935483871,FGSM,0.15,1,ransomware,,31
MLP,FGSM_eps0.15,4055,4002,0.9577711144427786,0.9452527743526512,FGSM,0.15,1,scanning,,31
MLP,FGSM_eps0.15,4028,3996,0.9296796796796796,0.9222939424031776,FGSM,0.15,1,xss,,31
LR,FGSM_eps0.3,4029,4028,0.5141509433962265,0.514271531397369,FGSM,0.3,1,backdoor,,31
LR,FGSM_eps0.3,3923,2894,0.0041465100207325,0.2222788682131022,FGSM,0.3,1,ddos,,31
LR,FGSM_eps0.3,4005,3502,0.0002855511136493,0.1250936329588015,FGSM,0.3,1,dos,,31
LR,FGSM_eps0.3,4041,3902,0.0020502306509482,0.03637713437268,FGSM,0.3,1,injection,,31
LR,FGSM_eps0.3,208,93,0.021505376344086,0.5625,FGSM,0.3,1,mitm,,31
LR,FGSM_eps0.3,10000,0,,,FGSM,0.3,1,normal,,31
LR,FGSM_eps0.3,3952,3906,0.0005120327700972,0.0121457489878542,FGSM,0.3,1,password,,31
LR,FGSM_eps0.3,3968,3387,0.2760555063478004,0.3820564516129032,FGSM,0.3,1,ransomware,,31
LR,FGSM_eps0.3,4055,3695,0.1041948579161028,0.1447595561035758,FGSM,0.3,1,scanning,,31
LR,FGSM_eps0.3,4028,3731,0.0029482712409541,0.0764647467725918,FGSM,0.3,1,xss,,31
SVM,FGSM_eps0.3,4029,4026,0.5153999006458023,0.5157607346736163,FGSM,0.3,1,backdoor,,31
SVM,FGSM_eps0.3,3923,2894,0.0100207325501036,0.0285495794035177,FGSM,0.3,1,ddos,,31
SVM,FGSM_eps0.3,4005,3502,0.001713306681896,0.0913857677902621,FGSM,0.3,1,dos,,31
SVM,FGSM_eps0.3,4041,3902,0.0035879036391594,0.0358822073744122,FGSM,0.3,1,injection,,31
SVM,FGSM_eps0.3,208,93,0.053763440860215,0.5769230769230769,FGSM,0.3,1,mitm,,31
SVM,FGSM_eps0.3,10000,0,,,FGSM,0.3,1,normal,,31
SVM,FGSM_eps0.3,3952,3906,0.1203277009728622,0.1305668016194332,FGSM,0.3,1,password,,31
SVM,FGSM_eps0.3,3968,3374,0.6238885595732069,0.6801915322580645,FGSM,0.3,1,ransomware,,31
SVM,FGSM_eps0.3,4055,3698,0.1157382368848026,0.1854500616522811,FGSM,0.3,1,scanning,,31
SVM,FGSM_eps0.3,4028,3725,0.0102013422818791,0.0829195630585898,FGSM,0.3,1,xss,,31
RF,FGSM_eps0.3,4029,4029,0.4842392653263837,0.4842392653263837,FGSM,0.3,1,backdoor,,31
RF,FGSM_eps0.3,3923,3915,0.7504469987228608,0.7501911802192199,FGSM,0.3,1,ddos,,31
RF,FGSM_eps0.3,4005,3997,0.989992494370778,0.9895131086142324,FGSM,0.3,1,dos,,31
RF,FGSM_eps0.3,4041,4037,0.9965320782759476,0.9965355110121256,FGSM,0.3,1,injection,,31
RF,FGSM_eps0.3,208,204,0.8676470588235294,0.8701923076923077,FGSM,0.3,1,mitm,,31
RF,FGSM_eps0.3,10000,0,,,FGSM,0.3,1,normal,,31
RF,FGSM_eps0.3,3952,3951,0.9977220956719818,0.9974696356275304,FGSM,0.3,1,password,,31
RF,FGSM_eps0.3,3968,3968,0.8258568548387096,0.8258568548387096,FGSM,0.3,1,ransomware,,31
RF,FGSM_eps0.3,4055,4054,0.5606808090774543,0.5607891491985203,FGSM,0.3,1,scanning,,31
RF,FGSM_eps0.3,4028,4025,0.9634782608695652,0.9635054617676266,FGSM,0.3,1,xss,,31
MLP,FGSM_eps0.3,4029,4029,0.9985107967237528,0.9985107967237528,FGSM,0.3,1,backdoor,,31
MLP,FGSM_eps0.3,3923,2931,0.7621972023200273,0.5699719602345144,FGSM,0.3,1,ddos,,31
MLP,FGSM_eps0.3,4005,3853,0.0975862963924214,0.0938826466916354,FGSM,0.3,1,dos,,31
MLP,FGSM_eps0.3,4041,4023,0.0651255282127765,0.0653303637713437,FGSM,0.3,1,injection,,31
MLP,FGSM_eps0.3,208,177,0.6610169491525424,0.6105769230769231,FGSM,0.3,1,mitm,,31
MLP,FGSM_eps0.3,10000,0,,,FGSM,0.3,1,normal,,31
MLP,FGSM_eps0.3,3952,3937,0.2773685547371095,0.277834008097166,FGSM,0.3,1,password,,31
MLP,FGSM_eps0.3,3968,3911,0.9335208386601892,0.9296875,FGSM,0.3,1,ransomware,,31
MLP,FGSM_eps0.3,4055,4002,0.7926036981509246,0.7822441430332923,FGSM,0.3,1,scanning,,31
MLP,FGSM_eps0.3,4028,3996,0.3771271271271271,0.3741310824230387,FGSM,0.3,1,xss,,31
LR,FGSM_eps0.5,4029,4028,0.5143992055610725,0.5145197319434103,FGSM,0.5,1,backdoor,,31
LR,FGSM_eps0.5,3923,2894,0.0089841050449205,0.0265103237318378,FGSM,0.5,1,ddos,,31
LR,FGSM_eps0.5,4005,3502,0.0011422044545973,0.0886392009987515,FGSM,0.5,1,dos,,31
LR,FGSM_eps0.5,4041,3902,0.0025627883136852,0.0326651818856718,FGSM,0.5,1,injection,,31
LR,FGSM_eps0.5,208,93,0.1075268817204301,0.5625,FGSM,0.5,1,mitm,,31
LR,FGSM_eps0.5,10000,0,,,FGSM,0.5,1,normal,,31
LR,FGSM_eps0.5,3952,3906,0.0053763440860215,0.0161943319838056,FGSM,0.5,1,password,,31
LR,FGSM_eps0.5,3968,3387,0.6843814585178624,0.7305947580645161,FGSM,0.5,1,ransomware,,31
LR,FGSM_eps0.5,4055,3695,0.1123139377537212,0.1413070283600493,FGSM,0.5,1,scanning,,31
LR,FGSM_eps0.5,4028,3731,0.006700616456714,0.0729890764647467,FGSM,0.5,1,xss,,31
SVM,FGSM_eps0.5,4029,4026,0.520367610531545,0.5207247455944403,FGSM,0.5,1,backdoor,,31
SVM,FGSM_eps0.5,3923,2894,0.0110573600552868,0.0288044863624776,FGSM,0.5,1,ddos,,31
SVM,FGSM_eps0.5,4005,3502,0.0037121644774414,0.0928838951310861,FGSM,0.5,1,dos,,31
SVM,FGSM_eps0.5,4041,3902,0.0038441824705279,0.0361296708735461,FGSM,0.5,1,injection,,31
SVM,FGSM_eps0.5,208,93,0.1182795698924731,0.6057692307692307,FGSM,0.5,1,mitm,,31
SVM,FGSM_eps0.5,10000,0,,,FGSM,0.5,1,normal,,31
SVM,FGSM_eps0.5,3952,3906,0.1239119303635432,0.1341093117408907,FGSM,0.5,1,password,,31
SVM,FGSM_eps0.5,3968,3374,0.6636040308239478,0.7139616935483871,FGSM,0.5,1,ransomware,,31
SVM,FGSM_eps0.5,4055,3698,0.122769064359113,0.1893958076448828,FGSM,0.5,1,scanning,,31
SVM,FGSM_eps0.5,4028,3725,0.0936912751677852,0.1596325719960278,FGSM,0.5,1,xss,,31
RF,FGSM_eps0.5,4029,4029,0.4842392653263837,0.4842392653263837,FGSM,0.5,1,backdoor,,31
RF,FGSM_eps0.5,3923,3915,0.6395913154533844,0.6395615600305888,FGSM,0.5,1,ddos,,31
RF,FGSM_eps0.5,4005,3997,0.9577182887165374,0.9573033707865168,FGSM,0.5,1,dos,,31
RF,FGSM_eps0.5,4041,4037,0.8553381223680951,0.8554813165058154,FGSM,0.5,1,injection,,31
RF,FGSM_eps0.5,208,204,0.7843137254901961,0.7836538461538461,FGSM,0.5,1,mitm,,31
RF,FGSM_eps0.5,10000,0,,,FGSM,0.5,1,normal,,31
RF,FGSM_eps0.5,3952,3951,0.888635788407998,0.8884109311740891,FGSM,0.5,1,password,,31
RF,FGSM_eps0.5,3968,3968,0.8104838709677419,0.8104838709677419,FGSM,0.5,1,ransomware,,31
RF,FGSM_eps0.5,4055,4054,0.4590527873704982,0.4591861898890259,FGSM,0.5,1,scanning,,31
RF,FGSM_eps0.5,4028,4025,0.9411180124223604,0.9411618669314796,FGSM,0.5,1,xss,,31
MLP,FGSM_eps0.5,4029,4029,0.5199801439563168,0.5199801439563168,FGSM,0.5,1,backdoor,,31
MLP,FGSM_eps0.5,3923,2931,0.2906857727737973,0.2176905429518225,FGSM,0.5,1,ddos,,31
MLP,FGSM_eps0.5,4005,3853,0.0975862963924214,0.0938826466916354,FGSM,0.5,1,dos,,31
MLP,FGSM_eps0.5,4041,4023,0.0482227193636589,0.04850284583024,FGSM,0.5,1,injection,,31
MLP,FGSM_eps0.5,208,177,0.6440677966101694,0.6009615384615384,FGSM,0.5,1,mitm,,31
MLP,FGSM_eps0.5,10000,0,,,FGSM,0.5,1,normal,,31
MLP,FGSM_eps0.5,3952,3937,0.190754381508763,0.1915485829959514,FGSM,0.5,1,password,,31
MLP,FGSM_eps0.5,3968,3911,0.4968038864740475,0.4992439516129032,FGSM,0.5,1,ransomware,,31
MLP,FGSM_eps0.5,4055,4002,0.4240379810094952,0.4187422934648582,FGSM,0.5,1,scanning,,31
MLP,FGSM_eps0.5,4028,3996,0.2777777777777778,0.275571002979146,FGSM,0.5,1,xss,,31
LR,FGSM_eps0.75,4029,4028,0.5148957298907646,0.5147679324894515,FGSM,0.75,1,backdoor,,31
LR,FGSM_eps0.75,3923,2894,0.0103662750518313,0.0186082080040785,FGSM,0.75,1,ddos,,31
LR,FGSM_eps0.75,4005,3502,0.001713306681896,0.0524344569288389,FGSM,0.75,1,dos,,31
LR,FGSM_eps0.75,4041,3902,0.0028190671450538,0.0076713684731502,FGSM,0.75,1,injection,,31
LR,FGSM_eps0.75,208,93,0.1935483870967742,0.1634615384615384,FGSM,0.75,1,mitm,,31
LR,FGSM_eps0.75,10000,0,,,FGSM,0.75,1,normal,,31
LR,FGSM_eps0.75,3952,3906,0.014336917562724,0.0167004048582995,FGSM,0.75,1,password,,31
LR,FGSM_eps0.75,3968,3387,0.6905816356657809,0.7356350806451613,FGSM,0.75,1,ransomware,,31
LR,FGSM_eps0.75,4055,3695,0.1447902571041948,0.1593094944512947,FGSM,0.75,1,scanning,,31
LR,FGSM_eps0.75,4028,3731,0.0356472795497185,0.0474180734856007,FGSM,0.75,1,xss,,31
SVM,FGSM_eps0.75,4029,4026,0.5218579234972678,0.5222139488706875,FGSM,0.75,1,backdoor,,31
SVM,FGSM_eps0.75,3923,2894,0.0162404975812024,0.0326280907468773,FGSM,0.75,1,ddos,,31
SVM,FGSM_eps0.75,4005,3502,0.0045688178183894,0.0936329588014981,FGSM,0.75,1,dos,,31
SVM,FGSM_eps0.75,4041,3902,0.0051255766273705,0.0373669883692155,FGSM,0.75,1,injection,,31
SVM,FGSM_eps0.75,208,93,0.1612903225806451,0.6201923076923077,FGSM,0.75,1,mitm,,31
SVM,FGSM_eps0.75,10000,0,,,FGSM,0.75,1,normal,,31
SVM,FGSM_eps0.75,3952,3906,0.1241679467485919,0.1343623481781376,FGSM,0.75,1,password,,31
SVM,FGSM_eps0.75,3968,3374,0.6769413159454654,0.7253024193548387,FGSM,0.75,1,ransomware,,31
SVM,FGSM_eps0.75,4055,3698,0.1241211465657112,0.1849568434032059,FGSM,0.75,1,scanning,,31
SVM,FGSM_eps0.75,4028,3725,0.206979865771812,0.2643992055610725,FGSM,0.75,1,xss,,31
RF,FGSM_eps0.75,4029,4029,0.4844874658724249,0.4844874658724249,FGSM,0.75,1,backdoor,,31
RF,FGSM_eps0.75,3923,3915,0.6490421455938697,0.6484833035941882,FGSM,0.75,1,ddos,,31
RF,FGSM_eps0.75,4005,3997,0.9587190392794596,0.958302122347066,FGSM,0.75,1,dos,,31
RF,FGSM_eps0.75,4041,4037,0.7156304186276938,0.7159119029943083,FGSM,0.75,1,injection,,31
RF,FGSM_eps0.75,208,204,0.8186274509803921,0.8173076923076923,FGSM,0.75,1,mitm,,31
RF,FGSM_eps0.75,10000,0,,,FGSM,0.75,1,normal,,31
RF,FGSM_eps0.75,3952,3951,0.8218172614527968,0.8216093117408907,FGSM,0.75,1,password,,31
RF,FGSM_eps0.75,3968,3968,0.8243447580645161,0.8243447580645161,FGSM,0.75,1,ransomware,,31
RF,FGSM_eps0.75,4055,4054,0.4245189935865811,0.4246609124537608,FGSM,0.75,1,scanning,,31
RF,FGSM_eps0.75,4028,4025,0.915776397515528,0.9158391261171798,FGSM,0.75,1,xss,,31
MLP,FGSM_eps0.75,4029,4029,0.5152643335815339,0.5152643335815339,FGSM,0.75,1,backdoor,,31
MLP,FGSM_eps0.75,3923,2931,0.2534970999658819,0.1899056844251848,FGSM,0.75,1,ddos,,31
MLP,FGSM_eps0.75,4005,3853,0.0968076823254606,0.0933832709113608,FGSM,0.75,1,dos,,31
MLP,FGSM_eps0.75,4041,4023,0.0474770072085508,0.0477604553328384,FGSM,0.75,1,injection,,31
MLP,FGSM_eps0.75,208,177,0.6384180790960452,0.6057692307692307,FGSM,0.75,1,mitm,,31
MLP,FGSM_eps0.75,10000,0,,,FGSM,0.75,1,normal,,31
MLP,FGSM_eps0.75,3952,3937,0.1643383286766573,0.1654858299595141,FGSM,0.75,1,password,,31
MLP,FGSM_eps0.75,3968,3911,0.4428534901559703,0.4460685483870967,FGSM,0.75,1,ransomware,,31
MLP,FGSM_eps0.75,4055,4002,0.335832083958021,0.3319358816276202,FGSM,0.75,1,scanning,,31
MLP,FGSM_eps0.75,4028,3996,0.2362362362362362,0.2346077457795432,FGSM,0.75,1,xss,,31
LR,PGD_eps0.15_it10,4029,4028,0.0,0.0002482005460412,PGD,0.15,10,backdoor,,31
LR,PGD_eps0.15_it10,3923,2894,0.0,0.2579658424674994,PGD,0.15,10,ddos,,31
LR,PGD_eps0.15_it10,4005,3502,0.0005711022272986,0.1260923845193508,PGD,0.15,10,dos,,31
LR,PGD_eps0.15_it10,4041,3902,0.0,0.034397426379609,PGD,0.15,10,injection,,31
LR,PGD_eps0.15_it10,208,93,0.010752688172043,0.5576923076923077,PGD,0.15,10,mitm,,31
LR,PGD_eps0.15_it10,10000,0,,,PGD,0.15,10,normal,,31
LR,PGD_eps0.15_it10,3952,3906,0.0002560163850486,0.0118927125506072,PGD,0.15,10,password,,31
LR,PGD_eps0.15_it10,3968,3387,0.0,0.1464213709677419,PGD,0.15,10,ransomware,,31
LR,PGD_eps0.15_it10,4055,3695,0.0070365358592692,0.0692971639950678,PGD,0.15,10,scanning,,31
LR,PGD_eps0.15_it10,4028,3731,0.0002680246582685,0.073982125124131,PGD,0.15,10,xss,,31
SVM,PGD_eps0.15_it10,4029,4026,0.0002483854942871,0.0009928021841648,PGD,0.15,10,backdoor,,31
SVM,PGD_eps0.15_it10,3923,2894,0.0,0.2607698190160591,PGD,0.15,10,ddos,,31
SVM,PGD_eps0.15_it10,4005,3502,0.0005711022272986,0.1260923845193508,PGD,0.15,10,dos,,31
SVM,PGD_eps0.15_it10,4041,3902,0.0,0.034397426379609,PGD,0.15,10,injection,,31
SVM,PGD_eps0.15_it10,208,93,0.0,0.5528846153846154,PGD,0.15,10,mitm,,31
SVM,PGD_eps0.15_it10,10000,0,,,PGD,0.15,10,normal,,31
SVM,PGD_eps0.15_it10,3952,3906,0.0002560163850486,0.0118927125506072,PGD,0.15,10,password,,31
SVM,PGD_eps0.15_it10,3968,3374,0.0,0.1496975806451612,PGD,0.15,10,ransomware,,31
SVM,PGD_eps0.15_it10,4055,3698,0.0146024878312601,0.0993834771886559,PGD,0.15,10,scanning,,31
SVM,PGD_eps0.15_it10,4028,3725,0.0008053691275167,0.0759682224428997,PGD,0.15,10,xss,,31
RF,PGD_eps0.15_it10,4029,4029,0.4837428642343013,0.4837428642343013,PGD,0.15,10,backdoor,,31
RF,PGD_eps0.15_it10,3923,3915,0.5098339719029374,0.5100688248789192,PGD,0.15,10,ddos,,31
RF,PGD_eps0.15_it10,4005,3997,0.935201401050788,0.93458177278402,PGD,0.15,10,dos,,31
RF,PGD_eps0.15_it10,4041,4037,0.5397572454793164,0.5402128186092552,PGD,0.15,10,injection,,31
RF,PGD_eps0.15_it10,208,204,0.7303921568627451,0.7355769230769231,PGD,0.15,10,mitm,,31
RF,PGD_eps0.15_it10,10000,0,,,PGD,0.15,10,normal,,31
RF,PGD_eps0.15_it10,3952,3951,0.4743103011895722,0.4741902834008097,PGD,0.15,10,password,,31
RF,PGD_eps0.15_it10,3968,3968,0.9067540322580644,0.9067540322580644,PGD,0.15,10,ransomware,,31
RF,PGD_eps0.15_it10,4055,4054,0.5910212136161815,0.5908754623921085,PGD,0.15,10,scanning,,31
RF,PGD_eps0.15_it10,4028,4025,0.6457142857142857,0.6459781529294936,PGD,0.15,10,xss,,31
MLP,PGD_eps0.15_it10,4029,4029,0.998758997269794,0.998758997269794,PGD,0.15,10,backdoor,,31
MLP,PGD_eps0.15_it10,3923,2931,0.9071989082224496,0.6783074177925057,PGD,0.15,10,ddos,,31
MLP,PGD_eps0.15_it10,4005,3853,0.9807941863483,0.9435705368289636,PGD,0.15,10,dos,,31
MLP,PGD_eps0.15_it10,4041,4023,0.866517524235645,0.8629052214798317,PGD,0.15,10,injection,,31
MLP,PGD_eps0.15_it10,208,177,0.9209039548022598,0.8221153846153846,PGD,0.15,10,mitm,,31
MLP,PGD_eps0.15_it10,10000,0,,,PGD,0.15,10,normal,,31
MLP,PGD_eps0.15_it10,3952,3937,0.8793497586995174,0.8775303643724697,PGD,0.15,10,password,,31
MLP,PGD_eps0.15_it10,3968,3911,0.9854257223216568,0.9808467741935484,PGD,0.15,10,ransomware,,31
MLP,PGD_eps0.15_it10,4055,4002,0.81984007996002,0.8091245376078915,PGD,0.15,10,scanning,,31
MLP,PGD_eps0.15_it10,4028,3996,0.9496996996996996,0.942154915590864,PGD,0.15,10,xss,,31
LR,PGD_eps0.15_it25,4029,4028,0.0,0.0002482005460412,PGD,0.15,25,backdoor,,31
LR,PGD_eps0.15_it25,3923,2894,0.0,0.2584756563854193,PGD,0.15,25,ddos,,31
LR,PGD_eps0.15_it25,4005,3502,0.0005711022272986,0.1260923845193508,PGD,0.15,25,dos,,31
LR,PGD_eps0.15_it25,4041,3902,0.0,0.034397426379609,PGD,0.15,25,injection,,31
LR,PGD_eps0.15_it25,208,93,0.010752688172043,0.5576923076923077,PGD,0.15,25,mitm,,31
LR,PGD_eps0.15_it25,10000,0,,,PGD,0.15,25,normal,,31
LR,PGD_eps0.15_it25,3952,3906,0.0002560163850486,0.0118927125506072,PGD,0.15,25,password,,31
LR,PGD_eps0.15_it25,3968,3387,0.0,0.1464213709677419,PGD,0.15,25,ransomware,,31
LR,PGD_eps0.15_it25,4055,3695,0.0062246278755074,0.0717632552404439,PGD,0.15,25,scanning,,31
LR,PGD_eps0.15_it25,4028,3731,0.0002680246582685,0.073982125124131,PGD,0.15,25,xss,,31
SVM,PGD_eps0.15_it25,4029,4026,0.0002483854942871,0.0009928021841648,PGD,0.15,25,backdoor,,31
SVM,PGD_eps0.15_it25,3923,2894,0.0,0.261789446851899,PGD,0.15,25,ddos,,31
SVM,PGD_eps0.15_it25,4005,3502,0.0005711022272986,0.1260923845193508,PGD,0.15,25,dos,,31
SVM,PGD_eps0.15_it25,4041,3902,0.0,0.034397426379609,PGD,0.15,25,injection,,31
SVM,PGD_eps0.15_it25,208,93,0.0,0.5528846153846154,PGD,0.15,25,mitm,,31
SVM,PGD_eps0.15_it25,10000,0,,,PGD,0.15,25,normal,,31
SVM,PGD_eps0.15_it25,3952,3906,0.0002560163850486,0.0118927125506072,PGD,0.15,25,password,,31
SVM,PGD_eps0.15_it25,3968,3374,0.0,0.1496975806451612,PGD,0.15,25,ransomware,,31
SVM,PGD_eps0.15_it25,4055,3698,0.035965386695511,0.1156596794081381,PGD,0.15,25,scanning,,31
SVM,PGD_eps0.15_it25,4028,3725,0.0008053691275167,0.0759682224428997,PGD,0.15,25,xss,,31
RF,PGD_eps0.15_it25,4029,4029,0.4839910647803425,0.4839910647803425,PGD,0.15,25,backdoor,,31
RF,PGD_eps0.15_it25,3923,3915,0.5647509578544061,0.5651287280142748,PGD,0.15,25,ddos,,31
RF,PGD_eps0.15_it25,4005,3997,0.950212659494621,0.9495630461922596,PGD,0.15,25,dos,,31
RF,PGD_eps0.15_it25,4041,4037,0.7574931880108992,0.7572383073496659,PGD,0.15,25,injection,,31
RF,PGD_eps0.15_it25,208,204,0.8137254901960784,0.8173076923076923,PGD,0.15,25,mitm,,31
RF,PGD_eps0.15_it25,10000,0,,,PGD,0.15,25,normal,,31
RF,PGD_eps0.15_it25,3952,3951,0.7347506960263225,0.7345647773279352,PGD,0.15,25,password,,31
RF,PGD_eps0.15_it25,3968,3968,0.8555947580645161,0.8555947580645161,PGD,0.15,25,ransomware,,31
RF,PGD_eps0.15_it25,4055,4054,0.5831277750370005,0.5829839704069051,PGD,0.15,25,scanning,,31
RF,PGD_eps0.15_it25,4028,4025,0.888695652173913,0.8887785501489573,PGD,0.15,25,xss,,31
MLP,PGD_eps0.15_it25,4029,4029,0.998758997269794,0.998758997269794,PGD,0.15,25,backdoor,,31
MLP,PGD_eps0.15_it25,3923,2931,0.967929034459229,0.7236808564873821,PGD,0.15,25,ddos,,31
MLP,PGD_eps0.15_it25,4005,3853,0.9029327796522192,0.8686641697877653,PGD,0.15,25,dos,,31
MLP,PGD_eps0.15_it25,4041,4023,0.9664429530201344,0.9626330116307844,PGD,0.15,25,injection,,31
MLP,PGD_eps0.15_it25,208,177,0.8305084745762712,0.7548076923076923,PGD,0.15,25,mitm,,31
MLP,PGD_eps0.15_it25,10000,0,,,PGD,0.15,25,normal,,31
MLP,PGD_eps0.15_it25,3952,3937,0.9865379730759462,0.9843117408906884,PGD,0.15,25,password,,31
MLP,PGD_eps0.15_it25,3968,3911,0.9984658655075428,0.9936995967741936,PGD,0.15,25,ransomware,,31
MLP,PGD_eps0.15_it25,4055,4002,0.9302848575712144,0.9181257706535142,PGD,0.15,25,scanning,,31
MLP,PGD_eps0.15_it25,4028,3996,0.9577077077077076,0.9500993048659384,PGD,0.15,25,xss,,31
LR,PGD_eps0.3_it10,4029,4028,0.5141509433962265,0.5140233308513279,PGD,0.3,10,backdoor,,31
LR,PGD_eps0.3_it10,3923,2894,0.0020732550103662,0.2475146571501402,PGD,0.3,10,ddos,,31
LR,PGD_eps0.3_it10,4005,3502,0.0042832667047401,0.0946317103620474,PGD,0.3,10,dos,,31
LR,PGD_eps0.3_it10,4041,3902,0.0,0.0170749814402375,PGD,0.3,10,injection,,31
LR,PGD_eps0.3_it10,208,93,0.010752688172043,0.2740384615384615,PGD,0.3,10,mitm,,31
LR,PGD_eps0.3_it10,10000,0,,,PGD,0.3,10,normal,,31
LR,PGD_eps0.3_it10,3952,3906,0.0120327700972862,0.0177125506072874,PGD,0.3,10,password,,31
LR,PGD_eps0.3_it10,3968,3387,0.3528196043696486,0.4470766129032258,PGD,0.3,10,ransomware,,31
LR,PGD_eps0.3_it10,4055,3695,0.0857916102841677,0.1139334155363748,PGD,0.3,10,scanning,,31
LR,PGD_eps0.3_it10,4028,3731,0.0013401232913428,0.0392254220456802,PGD,0.3,10,xss,,31
SVM,PGD_eps0.3_it10,4029,4026,0.5146547441629409,0.5147679324894515,PGD,0.3,10,backdoor,,31
SVM,PGD_eps0.3_it10,3923,2894,0.0013821700069108,0.2531226102472597,PGD,0.3,10,ddos,,31
SVM,PGD_eps0.3_it10,4005,3502,0.000856653340948,0.1011235955056179,PGD,0.3,10,dos,,31
SVM,PGD_eps0.3_it10,4041,3902,0.0002562788313685,0.0205394704281118,PGD,0.3,10,injection,,31
SVM,PGD_eps0.3_it10,208,93,0.0,0.3413461538461538,PGD,0.3,10,mitm,,31
SVM,PGD_eps0.3_it10,10000,0,,,PGD,0.3,10,normal,,31
SVM,PGD_eps0.3_it10,3952,3906,0.0002560163850486,0.0070850202429149,PGD,0.3,10,password,,31
SVM,PGD_eps0.3_it10,3968,3374,0.0082987551867219,0.1519657258064516,PGD,0.3,10,ransomware,,31
SVM,PGD_eps0.3_it10,4055,3698,0.0562466197944835,0.0868064118372379,PGD,0.3,10,scanning,,31
SVM,PGD_eps0.3_it10,4028,3725,0.0008053691275167,0.0489076464746772,PGD,0.3,10,xss,,31
RF,PGD_eps0.3_it10,4029,4029,0.4834946636882601,0.4834946636882601,PGD,0.3,10,backdoor,,31
RF,PGD_eps0.3_it10,3923,3915,0.5977011494252874,0.5985215396380321,PGD,0.3,10,ddos,,31
RF,PGD_eps0.3_it10,4005,3997,0.110082561921441,0.1111111111111111,PGD,0.3,10,dos,,31
RF,PGD_eps0.3_it10,4041,4037,0.7842457270250186,0.7844592922543925,PGD,0.3,10,injection,,31
RF,PGD_eps0.3_it10,208,204,0.7990196078431373,0.7980769230769231,PGD,0.3,10,mitm,,31
RF,PGD_eps0.3_it10,10000,0,,,PGD,0.3,10,normal,,31
RF,PGD_eps0.3_it10,3952,3951,0.6446469248291572,0.6444838056680162,PGD,0.3,10,password,,31
RF,PGD_eps0.3_it10,3968,3968,0.9448084677419356,0.9448084677419356,PGD,0.3,10,ransomware,,31
RF,PGD_eps0.3_it10,4055,4054,0.6798223976319684,0.6796547472256473,PGD,0.3,10,scanning,,31
RF,PGD_eps0.3_it10,4028,4025,0.791055900621118,0.7912115193644489,PGD,0.3,10,xss,,31
MLP,PGD_eps0.3_it10,4029,4029,0.9992553983618764,0.9992553983618764,PGD,0.3,10,backdoor,,31
MLP,PGD_eps0.3_it10,3923,2931,0.9921528488570454,0.7417792505735407,PGD,0.3,10,ddos,,31
MLP,PGD_eps0.3_it10,4005,3853,0.9997404619776796,0.9617977528089888,PGD,0.3,10,dos,,31
MLP,PGD_eps0.3_it10,4041,4023,0.9845886154610988,0.9806978470675576,PGD,0.3,10,injection,,31
MLP,PGD_eps0.3_it10,208,177,0.9774011299435028,0.8798076923076923,PGD,0.3,10,mitm,,31
MLP,PGD_eps0.3_it10,10000,0,,,PGD,0.3,10,normal,,31
MLP,PGD_eps0.3_it10,3952,3937,0.9969519939039878,0.9946862348178138,PGD,0.3,10,password,,31
MLP,PGD_eps0.3_it10,3968,3911,1.0,0.9952116935483872,PGD,0.3,10,ransomware,,31
MLP,PGD_eps0.3_it10,4055,4002,0.8783108445777111,0.8668310727496917,PGD,0.3,10,scanning,,31
MLP,PGD_eps0.3_it10,4028,3996,0.947947947947948,0.9404170804369414,PGD,0.3,10,xss,,31
LR,PGD_eps0.3_it25,4029,4028,0.5141509433962265,0.5140233308513279,PGD,0.3,25,backdoor,,31
LR,PGD_eps0.3_it25,3923,2894,0.0031098825155494,0.2482793780270201,PGD,0.3,25,ddos,,31
LR,PGD_eps0.3_it25,4005,3502,0.0145631067961165,0.1006242197253433,PGD,0.3,25,dos,,31
LR,PGD_eps0.3_it25,4041,3902,0.0,0.0098985399653551,PGD,0.3,25,injection,,31
LR,PGD_eps0.3_it25,208,93,0.010752688172043,0.1682692307692307,PGD,0.3,25,mitm,,31
LR,PGD_eps0.3_it25,10000,0,,,PGD,0.3,25,normal,,31
LR,PGD_eps0.3_it25,3952,3906,0.0168970814132104,0.020495951417004,PGD,0.3,25,password,,31
LR,PGD_eps0.3_it25,3968,3387,0.433126660761736,0.515625,PGD,0.3,25,ransomware,,31
LR,PGD_eps0.3_it25,4055,3695,0.0958051420838971,0.1203452527743526,PGD,0.3,25,scanning,,31
LR,PGD_eps0.3_it25,4028,3731,0.0008040739748056,0.025819265143992,PGD,0.3,25,xss,,31
SVM,PGD_eps0.3_it25,4029,4026,0.0002483854942871,0.0007446016381236,PGD,0.3,25,backdoor,,31
SVM,PGD_eps0.3_it25,3923,2894,0.0010366275051831,0.2510833545755799,PGD,0.3,25,ddos,,31
SVM,PGD_eps0.3_it25,4005,3502,0.000856653340948,0.0896379525593008,PGD,0.3,25,dos,,31
SVM,PGD_eps0.3_it25,4041,3902,0.0017939518195797,0.0143528829497649,PGD,0.3,25,injection,,31
SVM,PGD_eps0.3_it25,208,93,0.0,0.2067307692307692,PGD,0.3,25,mitm,,31
SVM,PGD_eps0.3_it25,10000,0,,,PGD,0.3,25,normal,,31
SVM,PGD_eps0.3_it25,3952,3906,0.0,0.0040485829959514,PGD,0.3,25,password,,31
SVM,PGD_eps0.3_it25,3968,3374,0.0,0.1449092741935483,PGD,0.3,25,ransomware,,31
SVM,PGD_eps0.3_it25,4055,3698,0.0465116279069767,0.0742293464858199,PGD,0.3,25,scanning,,31
SVM,PGD_eps0.3_it25,4028,3725,0.0008053691275167,0.029046673286991,PGD,0.3,25,xss,,31
RF,PGD_eps0.3_it25,4029,4029,0.503102506825515,0.503102506825515,PGD,0.3,25,backdoor,,31
RF,PGD_eps0.3_it25,3923,3915,0.6584929757343551,0.6589344889115473,PGD,0.3,25,ddos,,31
RF,PGD_eps0.3_it25,4005,3997,0.9414560920690518,0.9410736579275903,PGD,0.3,25,dos,,31
RF,PGD_eps0.3_it25,4041,4037,0.8830814961605152,0.8829497649096758,PGD,0.3,25,injection,,31
RF,PGD_eps0.3_it25,208,204,0.8627450980392157,0.8605769230769231,PGD,0.3,25,mitm,,31
RF,PGD_eps0.3_it25,10000,0,,,PGD,0.3,25,normal,,31
RF,PGD_eps0.3_it25,3952,3951,0.7881548974943052,0.7882085020242915,PGD,0.3,25,password,,31
RF,PGD_eps0.3_it25,3968,3968,0.9322076612903226,0.9322076612903226,PGD,0.3,25,ransomware,,31
RF,PGD_eps0.3_it25,4055,4054,0.680809077454366,0.6808877928483353,PGD,0.3,25,scanning,,31
RF,PGD_eps0.3_it25,4028,4025,0.8452173913043478,0.8453326713008937,PGD,0.3,25,xss,,31
MLP,PGD_eps0.3_it25,4029,4029,0.9992553983618764,0.9992553983618764,PGD,0.3,25,backdoor,,31
MLP,PGD_eps0.3_it25,3923,2931,0.9883998635278062,0.7389752740249809,PGD,0.3,25,ddos,,31
MLP,PGD_eps0.3_it25,4005,3853,0.9992213859330392,0.961298377028714,PGD,0.3,25,dos,,31
MLP,PGD_eps0.3_it25,4041,4023,0.9843400447427292,0.9804503835684236,PGD,0.3,25,injection,,31
MLP,PGD_eps0.3_it25,208,177,0.9322033898305084,0.8413461538461539,PGD,0.3,25,mitm,,31
MLP,PGD_eps0.3_it25,10000,0,,,PGD,0.3,25,normal,,31
MLP,PGD_eps0.3_it25,3952,3937,0.9827279654559308,0.9805161943319838,PGD,0.3,25,password,,31
MLP,PGD_eps0.3_it25,3968,3911,1.0,0.9952116935483872,PGD,0.3,25,ransomware,,31
MLP,PGD_eps0.3_it25,4055,4002,0.98175912043978,0.9689272503082614,PGD,0.3,25,scanning,,31
MLP,PGD_eps0.3_it25,4028,3996,0.9814814814814816,0.9736842105263158,PGD,0.3,25,xss,,31
LR,PGD_eps0.5_it10,4029,4028,0.5141509433962265,0.5140233308513279,PGD,0.5,10,backdoor,,31
LR,PGD_eps0.5_it10,3923,2894,0.0062197650310988,0.2296711700229416,PGD,0.5,10,ddos,,31
LR,PGD_eps0.5_it10,4005,3502,0.9871501998857796,0.9470661672908864,PGD,0.5,10,dos,,31
LR,PGD_eps0.5_it10,4041,3902,0.0015376729882111,0.007918831972284,PGD,0.5,10,injection,,31
LR,PGD_eps0.5_it10,208,93,0.053763440860215,0.1057692307692307,PGD,0.5,10,mitm,,31
LR,PGD_eps0.5_it10,10000,0,,,PGD,0.5,10,normal,,31
LR,PGD_eps0.5_it10,3952,3906,0.0296979006656426,0.0318825910931174,PGD,0.5,10,password,,31
LR,PGD_eps0.5_it10,3968,3387,0.7425450250959551,0.7754536290322581,PGD,0.5,10,ransomware,,31
LR,PGD_eps0.5_it10,4055,3695,0.1055480378890392,0.1255240443896424,PGD,0.5,10,scanning,,31
LR,PGD_eps0.5_it10,4028,3731,0.009112838381131,0.0235849056603773,PGD,0.5,10,xss,,31
SVM,PGD_eps0.5_it10,4029,4026,0.5146547441629409,0.5147679324894515,PGD,0.5,10,backdoor,,31
SVM,PGD_eps0.5_it10,3923,2894,0.0024187975120939,0.24929900586286,PGD,0.5,10,ddos,,31
SVM,PGD_eps0.5_it10,4005,3502,0.0074243289548829,0.0636704119850187,PGD,0.5,10,dos,,31
SVM,PGD_eps0.5_it10,4041,3902,0.0025627883136852,0.007918831972284,PGD,0.5,10,injection,,31
SVM,PGD_eps0.5_it10,208,93,0.032258064516129,0.0721153846153846,PGD,0.5,10,mitm,,31
SVM,PGD_eps0.5_it10,10000,0,,,PGD,0.5,10,normal,,31
SVM,PGD_eps0.5_it10,3952,3906,0.0053763440860215,0.006831983805668,PGD,0.5,10,password,,31
SVM,PGD_eps0.5_it10,3968,3374,0.0735032602252519,0.2074092741935483,PGD,0.5,10,ransomware,,31
SVM,PGD_eps0.5_it10,4055,3698,0.091130340724716,0.1082614056720098,PGD,0.5,10,scanning,,31
SVM,PGD_eps0.5_it10,4028,3725,0.0016107382550335,0.0126613704071499,PGD,0.5,10,xss,,31
RF,PGD_eps0.5_it10,4029,4029,0.4844874658724249,0.4844874658724249,PGD,0.5,10,backdoor,,31
RF,PGD_eps0.5_it10,3923,3915,0.7325670498084291,0.7331124139689014,PGD,0.5,10,ddos,,31
RF,PGD_eps0.5_it10,4005,3997,0.9659744808606456,0.965792759051186,PGD,0.5,10,dos,,31
RF,PGD_eps0.5_it10,4041,4037,0.7612088184295269,0.7614451868349419,PGD,0.5,10,injection,,31
RF,PGD_eps0.5_it10,208,204,0.7990196078431373,0.7980769230769231,PGD,0.5,10,mitm,,31
RF,PGD_eps0.5_it10,10000,0,,,PGD,0.5,10,normal,,31
RF,PGD_eps0.5_it10,3952,3951,0.6327512022272842,0.6325910931174089,PGD,0.5,10,password,,31
RF,PGD_eps0.5_it10,3968,3968,0.919858870967742,0.919858870967742,PGD,0.5,10,ransomware,,31
RF,PGD_eps0.5_it10,4055,4054,0.6591021213616182,0.6591861898890259,PGD,0.5,10,scanning,,31
RF,PGD_eps0.5_it10,4028,4025,0.7875776397515528,0.7877358490566038,PGD,0.5,10,xss,,31
MLP,PGD_eps0.5_it10,4029,4029,0.9992553983618764,0.9992553983618764,PGD,0.5,10,backdoor,,31
MLP,PGD_eps0.5_it10,3923,2931,0.9890822244967588,0.7394850879429008,PGD,0.5,10,ddos,,31
MLP,PGD_eps0.5_it10,4005,3853,0.9994809239553596,0.9615480649188516,PGD,0.5,10,dos,,31
MLP,PGD_eps0.5_it10,4041,4023,0.972905791697738,0.9690670626082653,PGD,0.5,10,injection,,31
MLP,PGD_eps0.5_it10,208,177,0.9943502824858758,0.8942307692307693,PGD,0.5,10,mitm,,31
MLP,PGD_eps0.5_it10,10000,0,,,PGD,0.5,10,normal,,31
MLP,PGD_eps0.5_it10,3952,3937,0.9984759969519938,0.9962044534412956,PGD,0.5,10,password,,31
MLP,PGD_eps0.5_it10,3968,3911,1.0,0.9952116935483872,PGD,0.5,10,ransomware,,31
MLP,PGD_eps0.5_it10,4055,4002,0.9652673663168416,0.9526510480887792,PGD,0.5,10,scanning,,31
MLP,PGD_eps0.5_it10,4028,3996,0.977977977977978,0.9702085402184708,PGD,0.5,10,xss,,31
LR,PGD_eps0.5_it25,4029,4028,0.5143992055610725,0.514271531397369,PGD,0.5,25,backdoor,,31
LR,PGD_eps0.5_it25,3923,2894,0.0114029025570145,0.1960234514402243,PGD,0.5,25,ddos,,31
LR,PGD_eps0.5_it25,4005,3502,0.9885779554540264,0.94207240948814,PGD,0.5,25,dos,,31
LR,PGD_eps0.5_it25,4041,3902,0.0025627883136852,0.0089086859688195,PGD,0.5,25,injection,,31
LR,PGD_eps0.5_it25,208,93,0.053763440860215,0.110576923076923,PGD,0.5,25,mitm,,31
LR,PGD_eps0.5_it25,10000,0,,,PGD,0.5,25,normal,,31
LR,PGD_eps0.5_it25,3952,3906,0.0366103430619559,0.0387145748987854,PGD,0.5,25,password,,31
LR,PGD_eps0.5_it25,3968,3387,0.7360496014171833,0.7699092741935484,PGD,0.5,25,ransomware,,31
LR,PGD_eps0.5_it25,4055,3695,0.1147496617050067,0.1324290998766954,PGD,0.5,25,scanning,,31
LR,PGD_eps0.5_it25,4028,3731,0.009112838381131,0.022591857000993,PGD,0.5,25,xss,,31
SVM,PGD_eps0.5_it25,4029,4026,0.5149031296572281,0.5150161330354927,PGD,0.5,25,backdoor,,31
SVM,PGD_eps0.5_it25,3923,2894,0.0065653075328265,0.1170022941626306,PGD,0.5,25,ddos,,31
SVM,PGD_eps0.5_it25,4005,3502,0.0770988006853226,0.1225967540574282,PGD,0.5,25,dos,,31
SVM,PGD_eps0.5_it25,4041,3902,0.0025627883136852,0.0051967334818114,PGD,0.5,25,injection,,31
SVM,PGD_eps0.5_it25,208,93,0.021505376344086,0.0721153846153846,PGD,0.5,25,mitm,,31
SVM,PGD_eps0.5_it25,10000,0,,,PGD,0.5,25,normal,,31
SVM,PGD_eps0.5_it25,3952,3906,0.0020481310803891,0.0035425101214574,PGD,0.5,25,password,,31
SVM,PGD_eps0.5_it25,3968,3374,0.1013633669235329,0.2310987903225806,PGD,0.5,25,ransomware,,31
SVM,PGD_eps0.5_it25,4055,3698,0.1035694970254191,0.1159062885326757,PGD,0.5,25,scanning,,31
SVM,PGD_eps0.5_it25,4028,3725,0.0026845637583892,0.0079443892750744,PGD,0.5,25,xss,,31
RF,PGD_eps0.5_it25,4029,4029,0.9985107967237528,0.9985107967237528,PGD,0.5,25,backdoor,,31
RF,PGD_eps0.5_it25,3923,3915,0.7420178799489144,0.7425439714504206,PGD,0.5,25,ddos,,31
RF,PGD_eps0.5_it25,4005,3997,0.9757317988491369,0.9755305867665418,PGD,0.5,25,dos,,31
RF,PGD_eps0.5_it25,4041,4037,0.9078523656180332,0.9079435783221976,PGD,0.5,25,injection,,31
RF,PGD_eps0.5_it25,208,204,0.8823529411764706,0.8798076923076923,PGD,0.5,25,mitm,,31
RF,PGD_eps0.5_it25,10000,0,,,PGD,0.5,25,normal,,31
RF,PGD_eps0.5_it25,3952,3951,0.8496583143507973,0.8496963562753036,PGD,0.5,25,password,,31
RF,PGD_eps0.5_it25,3968,3968,0.908266129032258,0.908266129032258,PGD,0.5,25,ransomware,,31
RF,PGD_eps0.5_it25,4055,4054,0.7639368524913666,0.7639950678175093,PGD,0.5,25,scanning,,31
RF,PGD_eps0.5_it25,4028,4025,0.8449689440993788,0.8450844091360477,PGD,0.5,25,xss,,31
MLP,PGD_eps0.5_it25,4029,4029,0.9992553983618764,0.9992553983618764,PGD,0.5,25,backdoor,,31
MLP,PGD_eps0.5_it25,3923,2931,0.9914704878880928,0.7412694366556207,PGD,0.5,25,ddos,,31
MLP,PGD_eps0.5_it25,4005,3853,1.0,0.962047440699126,PGD,0.5,25,dos,,31
MLP,PGD_eps0.5_it25,4041,4023,0.9997514292816306,0.995793120514724,PGD,0.5,25,injection,,31
MLP,PGD_eps0.5_it25,208,177,0.9548022598870056,0.8605769230769231,PGD,0.5,25,mitm,,31
MLP,PGD_eps0.5_it25,10000,0,,,PGD,0.5,25,normal,,31
MLP,PGD_eps0.5_it25,3952,3937,0.9933959867919736,0.9911437246963564,PGD,0.5,25,password,,31
MLP,PGD_eps0.5_it25,3968,3911,1.0,0.9952116935483872,PGD,0.5,25,ransomware,,31
MLP,PGD_eps0.5_it25,4055,4002,0.9972513743128436,0.9842170160295932,PGD,0.5,25,scanning,,31
MLP,PGD_eps0.5_it25,4028,3996,0.9917417417417418,0.983862959285005,PGD,0.5,25,xss,,31
LR,PGD_eps0.75_it10,4029,4028,0.5143992055610725,0.514271531397369,PGD,0.75,10,backdoor,,31
LR,PGD_eps0.75_it10,3923,2894,0.0062197650310988,0.2485342849859801,PGD,0.75,10,ddos,,31
LR,PGD_eps0.75_it10,4005,3502,0.9885779554540264,0.9273408239700376,PGD,0.75,10,dos,,31
LR,PGD_eps0.75_it10,4041,3902,0.0002562788313685,0.0037119524870081,PGD,0.75,10,injection,,31
LR,PGD_eps0.75_it10,208,93,0.053763440860215,0.0817307692307692,PGD,0.75,10,mitm,,31
LR,PGD_eps0.75_it10,10000,0,,,PGD,0.75,10,normal,,31
LR,PGD_eps0.75_it10,3952,3906,0.0414746543778801,0.0427631578947368,PGD,0.75,10,password,,31
LR,PGD_eps0.75_it10,3968,3387,0.7425450250959551,0.7754536290322581,PGD,0.75,10,ransomware,,31
LR,PGD_eps0.75_it10,4055,3695,0.1133964817320703,0.132675709001233,PGD,0.75,10,scanning,,31
LR,PGD_eps0.75_it10,4028,3731,0.0109890109890109,0.016137040714995,PGD,0.75,10,xss,,31
SVM,PGD_eps0.75_it10,4029,4026,0.5153999006458023,0.515512534127575,PGD,0.75,10,backdoor,,31
SVM,PGD_eps0.75_it10,3923,2894,0.0058742225293711,0.2470048432322202,PGD,0.75,10,ddos,,31
SVM,PGD_eps0.75_it10,4005,3502,0.0385494003426613,0.0873907615480649,PGD,0.75,10,dos,,31
SVM,PGD_eps0.75_it10,4041,3902,0.0025627883136852,0.0051967334818114,PGD,0.75,10,injection,,31
SVM,PGD_eps0.75_it10,208,93,0.064516129032258,0.0817307692307692,PGD,0.75,10,mitm,,31
SVM,PGD_eps0.75_it10,10000,0,,,PGD,0.75,10,normal,,31
SVM,PGD_eps0.75_it10,3952,3906,0.0271377368151561,0.0283400809716599,PGD,0.75,10,password,,31
SVM,PGD_eps0.75_it10,3968,3374,0.469176052163604,0.5438508064516129,PGD,0.75,10,ransomware,,31
SVM,PGD_eps0.75_it10,4055,3698,0.1084369929691725,0.1210850801479654,PGD,0.75,10,scanning,,31
SVM,PGD_eps0.75_it10,4028,3725,0.0053691275167785,0.0069513406156901,PGD,0.75,10,xss,,31
RF,PGD_eps0.75_it10,4029,4029,0.4842392653263837,0.4842392653263837,PGD,0.75,10,backdoor,,31
RF,PGD_eps0.75_it10,3923,3915,0.7734355044699872,0.7738975274024981,PGD,0.75,10,ddos,,31
RF,PGD_eps0.75_it10,4005,3997,0.9827370527895922,0.982521847690387,PGD,0.75,10,dos,,31
RF,PGD_eps0.75_it10,4041,4037,0.7844934357195937,0.7847067557535263,PGD,0.75,10,injection,,31
RF,PGD_eps0.75_it10,208,204,0.8088235294117647,0.8076923076923077,PGD,0.75,10,mitm,,31
RF,PGD_eps0.75_it10,10000,0,,,PGD,0.75,10,normal,,31
RF,PGD_eps0.75_it10,3952,3951,0.7504429258415591,0.750253036437247,PGD,0.75,10,password,,31
RF,PGD_eps0.75_it10,3968,3968,0.9606854838709676,0.9606854838709676,PGD,0.75,10,ransomware,,31
RF,PGD_eps0.75_it10,4055,4054,0.6521953626048347,0.6522811344019729,PGD,0.75,10,scanning,,31
RF,PGD_eps0.75_it10,4028,4025,0.7532919254658386,0.7534756703078451,PGD,0.75,10,xss,,31
MLP,PGD_eps0.75_it10,4029,4029,0.9992553983618764,0.9992553983618764,PGD,0.75,10,backdoor,,31
MLP,PGD_eps0.75_it10,3923,2931,0.9914704878880928,0.7412694366556207,PGD,0.75,10,ddos,,31
MLP,PGD_eps0.75_it10,4005,3853,1.0,0.962047440699126,PGD,0.75,10,dos,,31
MLP,PGD_eps0.75_it10,4041,4023,0.9970171513795676,0.9930710220242516,PGD,0.75,10,injection,,31
MLP,PGD_eps0.75_it10,208,177,0.9943502824858758,0.8894230769230769,PGD,0.75,10,mitm,,31
MLP,PGD_eps0.75_it10,10000,0,,,PGD,0.75,10,normal,,31
MLP,PGD_eps0.75_it10,3952,3937,0.9979679959359918,0.9956983805668016,PGD,0.75,10,password,,31
MLP,PGD_eps0.75_it10,3968,3911,1.0,0.9952116935483872,PGD,0.75,10,ransomware,,31
MLP,PGD_eps0.75_it10,4055,4002,0.986256871564218,0.9733662145499384,PGD,0.75,10,scanning,,31
MLP,PGD_eps0.75_it10,4028,3996,0.9897397397397396,0.9818768619662364,PGD,0.75,10,xss,,31
LR,PGD_eps0.75_it25,4029,4028,0.5143992055610725,0.514271531397369,PGD,0.75,25,backdoor,,31
LR,PGD_eps0.75_it25,3923,2894,0.0120939875604699,0.2380830996686209,PGD,0.75,25,ddos,,31
LR,PGD_eps0.75_it25,4005,3502,0.9885779554540264,0.9220973782771535,PGD,0.75,25,dos,,31
LR,PGD_eps0.75_it25,4041,3902,0.0033316248077908,0.0056916604800791,PGD,0.75,25,injection,,31
LR,PGD_eps0.75_it25,208,93,0.075268817204301,0.0913461538461538,PGD,0.75,25,mitm,,31
LR,PGD_eps0.75_it25,10000,0,,,PGD,0.75,25,normal,,31
LR,PGD_eps0.75_it25,3952,3906,0.0414746543778801,0.0427631578947368,PGD,0.75,25,password,,31
LR,PGD_eps0.75_it25,3968,3387,0.7425450250959551,0.7754536290322581,PGD,0.75,25,ransomware,,31
LR,PGD_eps0.75_it25,4055,3695,0.123680649526387,0.1405672009864365,PGD,0.75,25,scanning,,31
LR,PGD_eps0.75_it25,4028,3731,0.0112570356472795,0.0141509433962264,PGD,0.75,25,xss,,31
SVM,PGD_eps0.75_it25,4029,4026,0.5153999006458023,0.515512534127575,PGD,0.75,25,backdoor,,31
SVM,PGD_eps0.75_it25,3923,2894,0.0103662750518313,0.0091766505225592,PGD,0.75,25,ddos,,31
SVM,PGD_eps0.75_it25,4005,3502,0.9840091376356368,0.9088639200998752,PGD,0.75,25,dos,,31
SVM,PGD_eps0.75_it25,4041,3902,0.0033316248077908,0.0037119524870081,PGD,0.75,25,injection,,31
SVM,PGD_eps0.75_it25,208,93,0.086021505376344,0.0865384615384615,PGD,0.75,25,mitm,,31
SVM,PGD_eps0.75_it25,10000,0,,,PGD,0.75,25,normal,,31
SVM,PGD_eps0.75_it25,3952,3906,0.0240655401945724,0.0253036437246963,PGD,0.75,25,password,,31
SVM,PGD_eps0.75_it25,3968,3374,0.555720213396562,0.6174395161290323,PGD,0.75,25,ransomware,,31
SVM,PGD_eps0.75_it25,4055,3698,0.1752298539751217,0.1741060419235511,PGD,0.75,25,scanning,,31
SVM,PGD_eps0.75_it25,4028,3725,0.007248322147651,0.0081926514399205,PGD,0.75,25,xss,,31
RF,PGD_eps0.75_it25,4029,4029,0.6899975179945396,0.6899975179945396,PGD,0.75,25,backdoor,,31
RF,PGD_eps0.75_it25,3923,3915,0.6076628352490422,0.6084629110374713,PGD,0.75,25,ddos,,31
RF,PGD_eps0.75_it25,4005,3997,0.94971228421316,0.949812734082397,PGD,0.75,25,dos,,31
RF,PGD_eps0.75_it25,4041,4037,0.9445132524151598,0.9445681761940112,PGD,0.75,25,injection,,31
RF,PGD_eps0.75_it25,208,204,0.8333333333333334,0.8365384615384616,PGD,0.75,25,mitm,,31
RF,PGD_eps0.75_it25,10000,0,,,PGD,0.75,25,normal,,31
RF,PGD_eps0.75_it25,3952,3951,0.9627942293090356,0.9625506072874492,PGD,0.75,25,password,,31
RF,PGD_eps0.75_it25,3968,3968,0.975554435483871,0.975554435483871,PGD,0.75,25,ransomware,,31
RF,PGD_eps0.75_it25,4055,4054,0.7742969906265417,0.7743526510480888,PGD,0.75,25,scanning,,31
RF,PGD_eps0.75_it25,4028,4025,0.8854658385093168,0.8855511420059583,PGD,0.75,25,xss,,31
MLP,PGD_eps0.75_it25,4029,4029,0.9992553983618764,0.9992553983618764,PGD,0.75,25,backdoor,,31
MLP,PGD_eps0.75_it25,3923,2931,0.9948822927328556,0.7438185062452205,PGD,0.75,25,ddos,,31
MLP,PGD_eps0.75_it25,4005,3853,1.0,0.962047440699126,PGD,0.75,25,dos,,31
MLP,PGD_eps0.75_it25,4041,4023,1.0,0.996040584013858,PGD,0.75,25,injection,,31
MLP,PGD_eps0.75_it25,208,177,0.9774011299435028,0.875,PGD,0.75,25,mitm,,31
MLP,PGD_eps0.75_it25,10000,0,,,PGD,0.75,25,normal,,31
MLP,PGD_eps0.75_it25,3952,3937,0.9972059944119888,0.9949392712550608,PGD,0.75,25,password,,31
MLP,PGD_eps0.75_it25,3968,3911,1.0,0.9952116935483872,PGD,0.75,25,ransomware,,31
MLP,PGD_eps0.75_it25,4055,4002,0.9992503748125936,0.986189889025894,PGD,0.75,25,scanning,,31
MLP,PGD_eps0.75_it25,4028,3996,0.9964964964964964,0.9885799404170804,PGD,0.75,25,xss,,31
LR,CW_c0.0_it10,4029,4028,0.0004965243296921,0.0007446016381236,CW,,10,backdoor,0.0,31
LR,CW_c0.0_it10,3923,2894,0.0017277125086385,0.2635737955646189,CW,,10,ddos,0.0,31
LR,CW_c0.0_it10,4005,3502,0.0002855511136493,0.1258426966292135,CW,,10,dos,0.0,31
LR,CW_c0.0_it10,4041,3902,0.0,0.034397426379609,CW,,10,injection,0.0,31
LR,CW_c0.0_it10,208,93,0.021505376344086,0.5625,CW,,10,mitm,0.0,31
LR,CW_c0.0_it10,10000,0,,,CW,,10,normal,0.0,31
LR,CW_c0.0_it10,3952,3906,0.0,0.0116396761133603,CW,,10,password,0.0,31
LR,CW_c0.0_it10,3968,3387,0.0,0.1464213709677419,CW,,10,ransomware,0.0,31
LR,CW_c0.0_it10,4055,3695,0.0259810554803788,0.108754623921085,CW,,10,scanning,0.0,31
LR,CW_c0.0_it10,4028,3731,0.0,0.073733862959285,CW,,10,xss,0.0,31
SVM,CW_c0.0_it10,4029,4026,0.0,0.0004964010920824,CW,,10,backdoor,0.0,31
SVM,CW_c0.0_it10,3923,2894,0.0,0.262299260769819,CW,,10,ddos,0.0,31
SVM,CW_c0.0_it10,4005,3502,0.0002855511136493,0.1258426966292135,CW,,10,dos,0.0,31
SVM,CW_c0.0_it10,4041,3902,0.0,0.034397426379609,CW,,10,injection,0.0,31
SVM,CW_c0.0_it10,208,93,0.0,0.5528846153846154,CW,,10,mitm,0.0,31
SVM,CW_c0.0_it10,10000,0,,,CW,,10,normal,0.0,31
SVM,CW_c0.0_it10,3952,3906,0.0,0.0116396761133603,CW,,10,password,0.0,31
SVM,CW_c0.0_it10,3968,3374,0.0,0.1496975806451612,CW,,10,ransomware,0.0,31
SVM,CW_c0.0_it10,4055,3698,0.030827474310438,0.1161528976572133,CW,,10,scanning,0.0,31
SVM,CW_c0.0_it10,4028,3725,0.0,0.0752234359483614,CW,,10,xss,0.0,31
RF,CW_c0.0_it10,4029,4029,0.5098039215686274,0.5098039215686274,CW,,10,backdoor,0.0,31
RF,CW_c0.0_it10,3923,3915,0.8582375478927203,0.8580168238592913,CW,,10,ddos,0.0,31
RF,CW_c0.0_it10,4005,3997,0.9256942707030272,0.9253433208489388,CW,,10,dos,0.0,31
RF,CW_c0.0_it10,4041,4037,0.8090165964825365,0.8092056421677802,CW,,10,injection,0.0,31
RF,CW_c0.0_it10,208,204,0.6862745098039216,0.6923076923076923,CW,,10,mitm,0.0,31
RF,CW_c0.0_it10,10000,0,,,CW,,10,normal,0.0,31
RF,CW_c0.0_it10,3952,3951,0.8048595292331056,0.8046558704453441,CW,,10,password,0.0,31
RF,CW_c0.0_it10,3968,3968,0.9518649193548387,0.9518649193548387,CW,,10,ransomware,0.0,31
RF,CW_c0.0_it10,4055,4054,0.7997039960532807,0.7997533908754624,CW,,10,scanning,0.0,31
RF,CW_c0.0_it10,4028,4025,0.8877018633540372,0.887785501489573,CW,,10,xss,0.0,31
MLP,CW_c0.0_it10,4029,4029,0.986348969967734,0.986348969967734,CW,,10,backdoor,0.0,31
MLP,CW_c0.0_it10,3923,2931,0.9849880586830432,0.7364262044353811,CW,,10,ddos,0.0,31
MLP,CW_c0.0_it10,4005,3853,0.9966260057098364,0.9588014981273408,CW,,10,dos,0.0,31
MLP,CW_c0.0_it10,4041,4023,0.996768580661198,0.9925760950259837,CW,,10,injection,0.0,31
MLP,CW_c0.0_it10,208,177,1.0,0.8846153846153846,CW,,10,mitm,0.0,31
MLP,CW_c0.0_it10,10000,0,,,CW,,10,normal,0.0,31
MLP,CW_c0.0_it10,3952,3937,0.9946659893319788,0.9924089068825912,CW,,10,password,0.0,31
MLP,CW_c0.0_it10,3968,3911,0.9966760419330096,0.9919354838709676,CW,,10,ransomware,0.0,31
MLP,CW_c0.0_it10,4055,4002,0.987256371814093,0.9743526510480888,CW,,10,scanning,0.0,31
MLP,CW_c0.0_it10,4028,3996,0.9947447447447448,0.986842105263158,CW,,10,xss,0.0,31
LR,CW_c0.5_it10,4029,4028,0.0007447864945382,0.0009928021841648,CW,,10,backdoor,0.5,31
LR,CW_c0.5_it10,3923,2894,0.0017277125086385,0.2635737955646189,CW,,10,ddos,0.5,31
LR,CW_c0.5_it10,4005,3502,0.0002855511136493,0.1258426966292135,CW,,10,dos,0.5,31
LR,CW_c0.5_it10,4041,3902,0.0,0.034397426379609,CW,,10,injection,0.5,31
LR,CW_c0.5_it10,208,93,0.010752688172043,0.5576923076923077,CW,,10,mitm,0.5,31
LR,CW_c0.5_it10,10000,0,,,CW,,10,normal,0.5,31
LR,CW_c0.5_it10,3952,3906,0.0,0.0116396761133603,CW,,10,password,0.5,31
LR,CW_c0.5_it10,3968,3387,0.0,0.1464213709677419,CW,,10,ransomware,0.5,31
LR,CW_c0.5_it10,4055,3695,0.030040595399188,0.1117139334155363,CW,,10,scanning,0.5,31
LR,CW_c0.5_it10,4028,3731,0.0,0.073733862959285,CW,,10,xss,0.5,31
SVM,CW_c0.5_it10,4029,4026,0.0,0.0002482005460412,CW,,10,backdoor,0.5,31
SVM,CW_c0.5_it10,3923,2894,0.0,0.262299260769819,CW,,10,ddos,0.5,31
SVM,CW_c0.5_it10,4005,3502,0.0002855511136493,0.1258426966292135,CW,,10,dos,0.5,31
SVM,CW_c0.5_it10,4041,3902,0.0,0.034397426379609,CW,,10,injection,0.5,31
SVM,CW_c0.5_it10,208,93,0.0,0.5528846153846154,CW,,10,mitm,0.5,31
SVM,CW_c0.5_it10,10000,0,,,CW,,10,normal,0.5,31
SVM,CW_c0.5_it10,3952,3906,0.0,0.0116396761133603,CW,,10,password,0.5,31
SVM,CW_c0.5_it10,3968,3374,0.0,0.1496975806451612,CW,,10,ransomware,0.5,31
SVM,CW_c0.5_it10,4055,3698,0.033802055164954,0.118865598027127,CW,,10,scanning,0.5,31
SVM,CW_c0.5_it10,4028,3725,0.0,0.0752234359483614,CW,,10,xss,0.5,31
RF,CW_c0.5_it10,4029,4029,0.5110449242988334,0.5110449242988334,CW,,10,backdoor,0.5,31
RF,CW_c0.5_it10,3923,3915,0.8687100893997446,0.8687229161356105,CW,,10,ddos,0.5,31
RF,CW_c0.5_it10,4005,3997,0.9404553415061296,0.9395755305867666,CW,,10,dos,0.5,31
RF,CW_c0.5_it10,4041,4037,0.8278424572702502,0.828012868101955,CW,,10,injection,0.5,31
RF,CW_c0.5_it10,208,204,0.7254901960784313,0.7307692307692307,CW,,10,mitm,0.5,31
RF,CW_c0.5_it10,10000,0,,,CW,,10,normal,0.5,31
RF,CW_c0.5_it10,3952,3951,0.8149835484687421,0.8147773279352226,CW,,10,password,0.5,31
RF,CW_c0.5_it10,3968,3968,0.9243951612903226,0.9243951612903226,CW,,10,ransomware,0.5,31
RF,CW_c0.5_it10,4055,4054,0.8014306857424766,0.801233045622688,CW,,10,scanning,0.5,31
RF,CW_c0.5_it10,4028,4025,0.8949068322981366,0.8949851042701092,CW,,10,xss,0.5,31
MLP,CW_c0.5_it10,4029,4029,1.0,1.0,CW,,10,backdoor,0.5,31
MLP,CW_c0.5_it10,3923,2931,0.9996588195155236,0.7473872036706602,CW,,10,ddos,0.5,31
MLP,CW_c0.5_it10,4005,3853,1.0,0.962047440699126,CW,,10,dos,0.5,31
MLP,CW_c0.5_it10,4041,4023,1.0,0.995793120514724,CW,,10,injection,0.5,31
MLP,CW_c0.5_it10,208,177,1.0,0.8846153846153846,CW,,10,mitm,0.5,31
MLP,CW_c0.5_it10,10000,0,,,CW,,10,normal,0.5,31
MLP,CW_c0.5_it10,3952,3937,1.0,0.9977226720647774,CW,,10,password,0.5,31
MLP,CW_c0.5_it10,3968,3911,1.0,0.9952116935483872,CW,,10,ransomware,0.5,31
MLP,CW_c0.5_it10,4055,4002,1.0,0.9869297163995068,CW,,10,scanning,0.5,31
MLP,CW_c0.5_it10,4028,3996,1.0,0.9920556107249257,CW,,10,xss,0.5,31
LR,FGSM_eps0.15,4079,4076,0.4690873405299313,0.4694778131895072,FGSM,0.15,1,backdoor,,99
LR,FGSM_eps0.15,3948,2939,0.002722014290575,0.2575987841945288,FGSM,0.15,1,ddos,,99
LR,FGSM_eps0.15,3883,3424,0.0,0.1161473087818696,FGSM,0.15,1,dos,,99
LR,FGSM_eps0.15,4147,3988,0.0022567703109327,0.040511212925006,FGSM,0.15,1,injection,,99
LR,FGSM_eps0.15,208,105,0.0,0.4951923076923077,FGSM,0.15,1,mitm,,99
LR,FGSM_eps0.15,10000,0,,,FGSM,0.15,1,normal,,99
LR,FGSM_eps0.15,3941,3906,0.1423451100870455,0.1499619385942654,FGSM,0.15,1,password,,99
LR,FGSM_eps0.15,3975,3378,0.2474837181764357,0.360503144654088,FGSM,0.15,1,ransomware,,99
LR,FGSM_eps0.15,4053,3666,0.0316421167484997,0.1223784850727855,FGSM,0.15,1,scanning,,99
LR,FGSM_eps0.15,3975,3694,0.002165674066053,0.0727044025157232,FGSM,0.15,1,xss,,99
SVM,FGSM_eps0.15,4079,4076,0.0,0.0007354743809757,FGSM,0.15,1,backdoor,,99
SVM,FGSM_eps0.15,3948,2939,0.0,0.2555724417426545,FGSM,0.15,1,ddos,,99
SVM,FGSM_eps0.15,3883,3424,0.0,0.1161473087818696,FGSM,0.15,1,dos,,99
SVM,FGSM_eps0.15,4147,3988,0.0,0.0383409693754521,FGSM,0.15,1,injection,,99
SVM,FGSM_eps0.15,208,104,0.0,0.4951923076923077,FGSM,0.15,1,mitm,,99
SVM,FGSM_eps0.15,10000,0,,,FGSM,0.15,1,normal,,99
SVM,FGSM_eps0.15,3941,3906,0.0,0.0088809946714031,FGSM,0.15,1,password,,99
SVM,FGSM_eps0.15,3975,3371,0.0,0.1519496855345912,FGSM,0.15,1,ransomware,,99
SVM,FGSM_eps0.15,4053,3661,0.0185741600655558,0.1134961756723414,FGSM,0.15,1,scanning,,99
SVM,FGSM_eps0.15,3975,3687,0.0,0.0724528301886792,FGSM,0.15,1,xss,,99
RF,FGSM_eps0.15,4079,4078,0.9990191270230504,0.9990193674920324,FGSM,0.15,1,backdoor,,99
RF,FGSM_eps0.15,3948,3933,0.9575387744724128,0.954660587639311,FGSM,0.15,1,ddos,,99
RF,FGSM_eps0.15,3883,3877,0.9956151663657468,0.99407674478496,FGSM,0.15,1,dos,,99
RF,FGSM_eps0.15,4147,4144,0.910472972972973,0.9100554617795996,FGSM,0.15,1,injection,,99
RF,FGSM_eps0.15,208,201,0.8308457711442786,0.8125,FGSM,0.15,1,mitm,,99
RF,FGSM_eps0.15,10000,0,,,FGSM,0.15,1,normal,,99
RF,FGSM_eps0.15,3941,3940,0.9606598984771574,0.9606698807409288,FGSM,0.15,1,password,,99
RF,FGSM_eps0.15,3975,3975,0.9826415094339622,0.9826415094339622,FGSM,0.15,1,ransomware,,99
RF,FGSM_eps0.15,4053,4053,0.4576856649395509,0.4576856649395509,FGSM,0.15,1,scanning,,99
RF,FGSM_eps0.15,3975,3972,0.716515609264854,0.7159748427672956,FGSM,0.15,1,xss,,99
MLP,FGSM_eps0.15,4079,4073,0.9965627301743188,0.9953419955871536,FGSM,0.15,1,backdoor,,99
MLP,FGSM_eps0.15,3948,2988,0.9923025435073628,0.7510131712259371,FGSM,0.15,1,ddos,,99
MLP,FGSM_eps0.15,3883,3826,0.9997386304234188,0.985063095544682,FGSM,0.15,1,dos,,99
MLP,FGSM_eps0.15,4147,4122,0.999757399320718,0.9937304075235108,FGSM,0.15,1,injection,,99
MLP,FGSM_eps0.15,208,173,0.9479768786127168,0.7884615384615384,FGSM,0.15,1,mitm,,99
MLP,FGSM_eps0.15,10000,0,,,FGSM,0.15,1,normal,,99
MLP,FGSM_eps0.15,3941,3931,0.978885779699822,0.9769094138543516,FGSM,0.15,1,password,,99
MLP,FGSM_eps0.15,3975,3912,1.0,0.9851572327044024,FGSM,0.15,1,ransomware,,99
MLP,FGSM_eps0.15,4053,3982,0.8134103465595178,0.7991611152232914,FGSM,0.15,1,scanning,,99
MLP,FGSM_eps0.15,3975,3931,0.951920630882727,0.9416352201257862,FGSM,0.15,1,xss,,99
LR,FGSM_eps0.3,4079,4076,0.471540726202159,0.4719293944594263,FGSM,0.3,1,backdoor,,99
LR,FGSM_eps0.3,3948,2939,0.0374276964954066,0.1205673758865248,FGSM,0.3,1,ddos,,99
LR,FGSM_eps0.3,3883,3424,0.0,0.1135719804275045,FGSM,0.3,1,dos,,99
LR,FGSM_eps0.3,4147,3988,0.0022567703109327,0.0400289365806607,FGSM,0.3,1,injection,,99
LR,FGSM_eps0.3,208,105,0.0285714285714285,0.5,FGSM,0.3,1,mitm,,99
LR,FGSM_eps0.3,10000,0,,,FGSM,0.3,1,normal,,99
LR,FGSM_eps0.3,3941,3906,0.1464413722478238,0.1540218218726211,FGSM,0.3,1,password,,99
LR,FGSM_eps0.3,3975,3378,0.2821195973949082,0.389937106918239,FGSM,0.3,1,ransomware,,99
LR,FGSM_eps0.3,4053,3666,0.0324604473540643,0.1176905995558845,FGSM,0.3,1,scanning,,99
LR,FGSM_eps0.3,3975,3694,0.0119112073632918,0.080251572327044,FGSM,0.3,1,xss,,99
SVM,FGSM_eps0.3,4079,4076,0.4690873405299313,0.4694778131895072,FGSM,0.3,1,backdoor,,99
SVM,FGSM_eps0.3,3948,2939,0.0428717250765566,0.2874873353596758,FGSM,0.3,1,ddos,,99
SVM,FGSM_eps0.3,3883,3424,0.0,0.1158897759464331,FGSM,0.3,1,dos,,99
SVM,FGSM_eps0.3,4147,3988,0.0022567703109327,0.040511212925006,FGSM,0.3,1,injection,,99
SVM,FGSM_eps0.3,208,104,0.0192307692307692,0.4951923076923077,FGSM,0.3,1,mitm,,99
SVM,FGSM_eps0.3,10000,0,,,FGSM,0.3,1,normal,,99
SVM,FGSM_eps0.3,3941,3906,0.144905273937532,0.1524993656432377,FGSM,0.3,1,password,,99
SVM,FGSM_eps0.3,3975,3371,0.2898249777514091,0.3959748427672956,FGSM,0.3,1,ransomware,,99
SVM,FGSM_eps0.3,4053,3661,0.0478011472275334,0.1394029114236368,FGSM,0.3,1,scanning,,99
SVM,FGSM_eps0.3,3975,3687,0.0648223487930566,0.1315723270440251,FGSM,0.3,1,xss,,99
RF,FGSM_eps0.3,4079,4078,0.9982834722903384,0.9982838931110566,FGSM,0.3,1,backdoor,,99
RF,FGSM_eps0.3,3948,3933,0.9603356216628528,0.9574468085106383,FGSM,0.3,1,ddos,,99
RF,FGSM_eps0.3,3883,3877,0.9958730977559968,0.9943342776203966,FGSM,0.3,1,dos,,99
RF,FGSM_eps0.3,4147,4144,0.884411196911197,0.8840125391849529,FGSM,0.3,1,injection,,99
RF,FGSM_eps0.3,208,201,0.8407960199004975,0.8173076923076923,FGSM,0.3,1,mitm,,99
RF,FGSM_eps0.3,10000,0,,,FGSM,0.3,1,normal,,99
RF,FGSM_eps0.3,3941,3940,0.9611675126903552,0.9611773661507232,FGSM,0.3,1,password,,99
RF,FGSM_eps0.3,3975,3975,0.9838993710691823,0.9838993710691823,FGSM,0.3,1,ransomware,,99
RF,FGSM_eps0.3,4053,4053,0.5561312607944733,0.5561312607944733,FGSM,0.3,1,scanning,,99
RF,FGSM_eps0.3,3975,3972,0.8343403826787512,0.8342138364779874,FGSM,0.3,1,xss,,99
MLP,FGSM_eps0.3,4079,4073,0.9965627301743188,0.9953419955871536,FGSM,0.3,1,backdoor,,99
MLP,FGSM_eps0.3,3948,2988,0.9936412315930389,0.752532928064843,FGSM,0.3,1,ddos,,99
MLP,FGSM_eps0.3,3883,3826,0.9986931521170936,0.9842904970383723,FGSM,0.3,1,dos,,99
MLP,FGSM_eps0.3,4147,4122,0.999757399320718,0.9942126838678564,FGSM,0.3,1,injection,,99
MLP,FGSM_eps0.3,208,173,0.9479768786127168,0.7884615384615384,FGSM,0.3,1,mitm,,99
MLP,FGSM_eps0.3,10000,0,,,FGSM,0.3,1,normal,,99
MLP,FGSM_eps0.3,3941,3931,0.977105062325108,0.9751332149200712,FGSM,0.3,1,password,,99
MLP,FGSM_eps0.3,3975,3912,0.8790899795501023,0.8661635220125786,FGSM,0.3,1,ransomware,,99
MLP,FGSM_eps0.3,4053,3982,0.6351079859367152,0.6249691586479151,FGSM,0.3,1,scanning,,99
MLP,FGSM_eps0.3,3975,3931,0.9458153141694224,0.9361006289308176,FGSM,0.3,1,xss,,99
LR,FGSM_eps0.5,4079,4076,0.4720314033366045,0.4724197107134101,FGSM,0.5,1,backdoor,,99
LR,FGSM_eps0.5,3948,2939,0.0452534875808098,0.0939716312056737,FGSM,0.5,1,ddos,,99
LR,FGSM_eps0.5,3883,3424,0.0,0.0873036312129796,FGSM,0.5,1,dos,,99
LR,FGSM_eps0.5,4147,3988,0.0030090270812437,0.039787798408488,FGSM,0.5,1,injection,,99
LR,FGSM_eps0.5,208,105,0.0666666666666666,0.5144230769230769,FGSM,0.5,1,mitm,,99
LR,FGSM_eps0.5,10000,0,,,FGSM,0.5,1,normal,,99
LR,FGSM_eps0.5,3941,3906,0.1464413722478238,0.1540218218726211,FGSM,0.5,1,password,,99
LR,FGSM_eps0.5,3975,3378,0.2912966252220249,0.3977358490566037,FGSM,0.5,1,ransomware,,99
LR,FGSM_eps0.5,4053,3666,0.0458265139116202,0.1102886750555144,FGSM,0.5,1,scanning,,99
LR,FGSM_eps0.5,3975,3694,0.0814834867352463,0.1444025157232704,FGSM,0.5,1,xss,,99
SVM,FGSM_eps0.5,4079,4076,0.471540726202159,0.4719293944594263,FGSM,0.5,1,backdoor,,99
SVM,FGSM_eps0.5,3948,2939,0.0452534875808098,0.2892603850050658,FGSM,0.5,1,ddos,,99
SVM,FGSM_eps0.5,3883,3424,0.0,0.1094514550605202,FGSM,0.5,1,dos,,99
SVM,FGSM_eps0.5,4147,3988,0.0030090270812437,0.0412346274415239,FGSM,0.5,1,injection,,99
SVM,FGSM_eps0.5,208,104,0.048076923076923,0.5096153846153846,FGSM,0.5,1,mitm,,99
SVM,FGSM_eps0.5,10000,0,,,FGSM,0.5,1,normal,,99
SVM,FGSM_eps0.5,3941,3906,0.1464413722478238,0.1540218218726211,FGSM,0.5,1,password,,99
SVM,FGSM_eps0.5,3975,3371,0.2919015129041827,0.3977358490566037,FGSM,0.5,1,ransomware,,99
SVM,FGSM_eps0.5,4053,3661,0.054083583720295,0.1448309893905748,FGSM,0.5,1,scanning,,99
SVM,FGSM_eps0.5,3975,3687,0.0862489829129373,0.1514465408805031,FGSM,0.5,1,xss,,99
RF,FGSM_eps0.5,4079,4078,0.5841098577734184,0.5842118166217211,FGSM,0.5,1,backdoor,,99
RF,FGSM_eps0.5,3948,3933,0.7803203661327232,0.7783687943262412,FGSM,0.5,1,ddos,,99
RF,FGSM_eps0.5,3883,3877,0.994841372194996,0.993561679114087,FGSM,0.5,1,dos,,99
RF,FGSM_eps0.5,4147,4144,0.3774131274131274,0.3773812394502049,FGSM,0.5,1,injection,,99
RF,FGSM_eps0.5,208,201,0.8059701492537313,0.7884615384615384,FGSM,0.5,1,mitm,,99
RF,FGSM_eps0.5,10000,0,,,FGSM,0.5,1,normal,,99
RF,FGSM_eps0.5,3941,3940,0.3624365482233502,0.3625983252981477,FGSM,0.5,1,password,,99
RF,FGSM_eps0.5,3975,3975,0.7237735849056603,0.7237735849056603,FGSM,0.5,1,ransomware,,99
RF,FGSM_eps0.5,4053,4053,0.3540587219343696,0.3540587219343696,FGSM,0.5,1,scanning,,99
RF,FGSM_eps0.5,3975,3972,0.4345417925478348,0.4347169811320754,FGSM,0.5,1,xss,,99
MLP,FGSM_eps0.5,4079,4073,0.4713970046648661,0.4707036038244668,FGSM,0.5,1,backdoor,,99
MLP,FGSM_eps0.5,3948,2988,0.9963186077643909,0.7553191489361702,FGSM,0.5,1,ddos,,99
MLP,FGSM_eps0.5,3883,3826,0.9986931521170936,0.9842904970383723,FGSM,0.5,1,dos,,99
MLP,FGSM_eps0.5,4147,4122,0.999757399320718,0.9942126838678564,FGSM,0.5,1,injection,,99
MLP,FGSM_eps0.5,208,173,0.930635838150289,0.7740384615384616,FGSM,0.5,1,mitm,,99
MLP,FGSM_eps0.5,10000,0,,,FGSM,0.5,1,normal,,99
MLP,FGSM_eps0.5,3941,3931,0.9773594505214958,0.9753869576249684,FGSM,0.5,1,password,,99
MLP,FGSM_eps0.5,3975,3912,0.8425357873210634,0.8319496855345911,FGSM,0.5,1,ransomware,,99
MLP,FGSM_eps0.5,4053,3982,0.5092918131592165,0.5013570194917345,FGSM,0.5,1,scanning,,99
MLP,FGSM_eps0.5,3975,3931,0.947850419740524,0.9381132075471698,FGSM,0.5,1,xss,,99
LR,FGSM_eps0.75,4079,4076,0.996810598626104,0.9965677862221132,FGSM,0.75,1,backdoor,,99
LR,FGSM_eps0.75,3948,2939,0.0527390268798911,0.0638297872340425,FGSM,0.75,1,ddos,,99
LR,FGSM_eps0.75,3883,3424,0.0,0.0806077774916301,FGSM,0.75,1,dos,,99
LR,FGSM_eps0.75,4147,3988,0.003259779338014,0.039787798408488,FGSM,0.75,1,injection,,99
LR,FGSM_eps0.75,208,105,0.0761904761904762,0.5192307692307693,FGSM,0.75,1,mitm,,99
LR,FGSM_eps0.75,10000,0,,,FGSM,0.75,1,normal,,99
LR,FGSM_eps0.75,3941,3906,0.1876600102406554,0.1948743973610758,FGSM,0.75,1,password,,99
LR,FGSM_eps0.75,3975,3378,0.7489638839550029,0.7866666666666666,FGSM,0.75,1,ransomware,,99
LR,FGSM_eps0.75,4053,3666,0.0703764320785597,0.1221317542561065,FGSM,0.75,1,scanning,,99
LR,FGSM_eps0.75,3975,3694,0.0912290200324851,0.1532075471698113,FGSM,0.75,1,xss,,99
SVM,FGSM_eps0.75,4079,4076,0.4720314033366045,0.4724197107134101,FGSM,0.75,1,backdoor,,99
SVM,FGSM_eps0.75,3948,2939,0.0462742429397754,0.2900202634245187,FGSM,0.75,1,ddos,,99
SVM,FGSM_eps0.75,3883,3424,0.0,0.0883337625547257,FGSM,0.75,1,dos,,99
SVM,FGSM_eps0.75,4147,3988,0.0030090270812437,0.0412346274415239,FGSM,0.75,1,injection,,99
SVM,FGSM_eps0.75,208,104,0.0673076923076923,0.5144230769230769,FGSM,0.75,1,mitm,,99
SVM,FGSM_eps0.75,10000,0,,,FGSM,0.75,1,normal,,99
SVM,FGSM_eps0.75,3941,3906,0.1469534050179211,0.1545293072824156,FGSM,0.75,1,password,,99
SVM,FGSM_eps0.75,3975,3371,0.2919015129041827,0.3977358490566037,FGSM,0.75,1,ransomware,,99
SVM,FGSM_eps0.75,4053,3661,0.0644632614039879,0.152726375524303,FGSM,0.75,1,scanning,,99
SVM,FGSM_eps0.75,3975,3687,0.0892324382967182,0.1542138364779874,FGSM,0.75,1,xss,,99
RF,FGSM_eps0.75,4079,4078,0.4737616478666013,0.4738906594753616,FGSM,0.75,1,backdoor,,99
RF,FGSM_eps0.75,3948,3933,0.8906687007373506,0.8882978723404256,FGSM,0.75,1,ddos,,99
RF,FGSM_eps0.75,3883,3877,0.9935517152437452,0.9922740149369044,FGSM,0.75,1,dos,,99
RF,FGSM_eps0.75,4147,4144,0.4901061776061776,0.4899927658548348,FGSM,0.75,1,injection,,99
RF,FGSM_eps0.75,208,201,0.8109452736318408,0.7980769230769231,FGSM,0.75,1,mitm,,99
RF,FGSM_eps0.75,10000,0,,,FGSM,0.75,1,normal,,99
RF,FGSM_eps0.75,3941,3940,0.500507614213198,0.5006343567622431,FGSM,0.75,1,password,,99
RF,FGSM_eps0.75,3975,3975,0.7222641509433962,0.7222641509433962,FGSM,0.75,1,ransomware,,99
RF,FGSM_eps0.75,4053,4053,0.384159881569208,0.384159881569208,FGSM,0.75,1,scanning,,99
RF,FGSM_eps0.75,3975,3972,0.5216515609264853,0.5217610062893082,FGSM,0.75,1,xss,,99
MLP,FGSM_eps0.75,4079,4073,0.4726246010311809,0.4719293944594263,FGSM,0.75,1,backdoor,,99
MLP,FGSM_eps0.75,3948,2988,0.9976572958500668,0.790273556231003,FGSM,0.75,1,ddos,,99
MLP,FGSM_eps0.75,3883,3826,0.9856246732880292,0.972186453772856,FGSM,0.75,1,dos,,99
MLP,FGSM_eps0.75,4147,4122,0.999757399320718,0.9942126838678564,FGSM,0.75,1,injection,,99
MLP,FGSM_eps0.75,208,173,0.9248554913294798,0.7692307692307693,FGSM,0.75,1,mitm,,99
MLP,FGSM_eps0.75,10000,0,,,FGSM,0.75,1,normal,,99
MLP,FGSM_eps0.75,3941,3931,0.977105062325108,0.9751332149200712,FGSM,0.75,1,password,,99
MLP,FGSM_eps0.75,3975,3912,0.8425357873210634,0.8319496855345911,FGSM,0.75,1,ransomware,,99
MLP,FGSM_eps0.75,4053,3982,0.4482672024108488,0.4423883543054527,FGSM,0.75,1,scanning,,99
MLP,FGSM_eps0.75,3975,3931,0.9562452302213176,0.9464150943396228,FGSM,0.75,1,xss,,99
LR,PGD_eps0.15_it10,4079,4076,0.0,0.0007354743809757,PGD,0.15,10,backdoor,,99
LR,PGD_eps0.15_it10,3948,2939,0.0,0.2211246200607902,PGD,0.15,10,ddos,,99
LR,PGD_eps0.15_it10,3883,3424,0.0,0.1179500386299253,PGD,0.15,10,dos,,99
LR,PGD_eps0.15_it10,4147,3988,0.0,0.0383409693754521,PGD,0.15,10,injection,,99
LR,PGD_eps0.15_it10,208,105,0.0,0.4951923076923077,PGD,0.15,10,mitm,,99
LR,PGD_eps0.15_it10,10000,0,,,PGD,0.15,10,normal,,99
LR,PGD_eps0.15_it10,3941,3906,0.0,0.0088809946714031,PGD,0.15,10,password,,99
LR,PGD_eps0.15_it10,3975,3378,0.0,0.150188679245283,PGD,0.15,10,ransomware,,99
LR,PGD_eps0.15_it10,4053,3666,0.0098199672667757,0.0848754009375771,PGD,0.15,10,scanning,,99
LR,PGD_eps0.15_it10,3975,3694,0.0018949648077964,0.0724528301886792,PGD,0.15,10,xss,,99
SVM,PGD_eps0.15_it10,4079,4076,0.0,0.0007354743809757,PGD,0.15,10,backdoor,,99
SVM,PGD_eps0.15_it10,3948,2939,0.0,0.2216312056737588,PGD,0.15,10,ddos,,99
SVM,PGD_eps0.15_it10,3883,3424,0.0,0.1179500386299253,PGD,0.15,10,dos,,99
SVM,PGD_eps0.15_it10,4147,3988,0.0,0.0383409693754521,PGD,0.15,10,injection,,99
SVM,PGD_eps0.15_it10,208,104,0.0,0.4951923076923077,PGD,0.15,10,mitm,,99
SVM,PGD_eps0.15_it10,10000,0,,,PGD,0.15,10,normal,,99
SVM,PGD_eps0.15_it10,3941,3906,0.0,0.0088809946714031,PGD,0.15,10,password,,99
SVM,PGD_eps0.15_it10,3975,3371,0.0,0.1519496855345912,PGD,0.15,10,ransomware,,99
SVM,PGD_eps0.15_it10,4053,3661,0.0161158153509969,0.1090550209721194,PGD,0.15,10,scanning,,99
SVM,PGD_eps0.15_it10,3975,3687,0.0,0.0724528301886792,PGD,0.15,10,xss,,99
RF,PGD_eps0.15_it10,4079,4078,0.5286905345757724,0.5288060799215494,PGD,0.15,10,backdoor,,99
RF,PGD_eps0.15_it10,3948,3933,0.924739384693618,0.9224924012158054,PGD,0.15,10,ddos,,99
RF,PGD_eps0.15_it10,3883,3877,0.992004126902244,0.9907288179242854,PGD,0.15,10,dos,,99
RF,PGD_eps0.15_it10,4147,4144,0.9949324324324323,0.9942126838678564,PGD,0.15,10,injection,,99
RF,PGD_eps0.15_it10,208,201,0.8656716417910447,0.8509615384615384,PGD,0.15,10,mitm,,99
RF,PGD_eps0.15_it10,10000,0,,,PGD,0.15,10,normal,,99
RF,PGD_eps0.15_it10,3941,3940,0.8862944162436548,0.8863232682060391,PGD,0.15,10,password,,99
RF,PGD_eps0.15_it10,3975,3975,0.9733333333333334,0.9733333333333334,PGD,0.15,10,ransomware,,99
RF,PGD_eps0.15_it10,4053,4053,0.8339501603750309,0.8339501603750309,PGD,0.15,10,scanning,,99
RF,PGD_eps0.15_it10,3975,3972,0.7925478348439073,0.7922012578616352,PGD,0.15,10,xss,,99
MLP,PGD_eps0.15_it10,4079,4073,0.9987724036336852,0.9975484187300808,PGD,0.15,10,backdoor,,99
MLP,PGD_eps0.15_it10,3948,2988,0.8818607764390897,0.6674265450861195,PGD,0.15,10,ddos,,99
MLP,PGD_eps0.15_it10,3883,3826,1.0,0.9853206283801184,PGD,0.15,10,dos,,99
MLP,PGD_eps0.15_it10,4147,4122,0.9905385735080058,0.98456715698095,PGD,0.15,10,injection,,99
MLP,PGD_eps0.15_it10,208,173,0.9710982658959536,0.8076923076923077,PGD,0.15,10,mitm,,99
MLP,PGD_eps0.15_it10,10000,0,,,PGD,0.15,10,normal,,99
MLP,PGD_eps0.15_it10,3941,3931,0.96260493513101,0.9606698807409288,PGD,0.15,10,password,,99
MLP,PGD_eps0.15_it10,3975,3912,0.9680470347648262,0.9527044025157232,PGD,0.15,10,ransomware,,99
MLP,PGD_eps0.15_it10,4053,3982,0.9224008036162732,0.9062422896619788,PGD,0.15,10,scanning,,99
MLP,PGD_eps0.15_it10,3975,3931,0.9671839226659884,0.9567295597484275,PGD,0.15,10,xss,,99
LR,PGD_eps0.15_it25,4079,4076,0.0,0.0007354743809757,PGD,0.15,25,backdoor,,99
LR,PGD_eps0.15_it25,3948,2939,0.0,0.2203647416413373,PGD,0.15,25,ddos,,99
LR,PGD_eps0.15_it25,3883,3424,0.0,0.1176925057944888,PGD,0.15,25,dos,,99
LR,PGD_eps0.15_it25,4147,3988,0.0,0.0383409693754521,PGD,0.15,25,injection,,99
LR,PGD_eps0.15_it25,208,105,0.0,0.4951923076923077,PGD,0.15,25,mitm,,99
LR,PGD_eps0.15_it25,10000,0,,,PGD,0.15,25,normal,,99
LR,PGD_eps0.15_it25,3941,3906,0.0,0.0088809946714031,PGD,0.15,25,password,,99
LR,PGD_eps0.15_it25,3975,3378,0.0,0.150188679245283,PGD,0.15,25,ransomware,,99
LR,PGD_eps0.15_it25,4053,3666,0.0098199672667757,0.0996792499383173,PGD,0.15,25,scanning,,99
LR,PGD_eps0.15_it25,3975,3694,0.0018949648077964,0.0724528301886792,PGD,0.15,25,xss,,99
SVM,PGD_eps0.15_it25,4079,4076,0.0,0.0007354743809757,PGD,0.15,25,backdoor,,99
SVM,PGD_eps0.15_it25,3948,2939,0.0,0.2216312056737588,PGD,0.15,25,ddos,,99
SVM,PGD_eps0.15_it25,3883,3424,0.0,0.1179500386299253,PGD,0.15,25,dos,,99
SVM,PGD_eps0.15_it25,4147,3988,0.0,0.0383409693754521,PGD,0.15,25,injection,,99
SVM,PGD_eps0.15_it25,208,104,0.0,0.4951923076923077,PGD,0.15,25,mitm,,99
SVM,PGD_eps0.15_it25,10000,0,,,PGD,0.15,25,normal,,99
SVM,PGD_eps0.15_it25,3941,3906,0.0,0.0088809946714031,PGD,0.15,25,password,,99
SVM,PGD_eps0.15_it25,3975,3371,0.0,0.1519496855345912,PGD,0.15,25,ransomware,,99
SVM,PGD_eps0.15_it25,4053,3661,0.0188473094782846,0.1122625215889464,PGD,0.15,25,scanning,,99
SVM,PGD_eps0.15_it25,3975,3687,0.0,0.0724528301886792,PGD,0.15,25,xss,,99
RF,PGD_eps0.15_it25,4079,4078,0.9987739087788132,0.9987742093650404,PGD,0.15,25,backdoor,,99
RF,PGD_eps0.15_it25,3948,3933,0.9560132214594456,0.952887537993921,PGD,0.15,25,ddos,,99
RF,PGD_eps0.15_it25,3883,3877,0.9935517152437452,0.992016482101468,PGD,0.15,25,dos,,99
RF,PGD_eps0.15_it25,4147,4144,0.9963803088803088,0.9956595129008922,PGD,0.15,25,injection,,99
RF,PGD_eps0.15_it25,208,201,0.8656716417910447,0.8509615384615384,PGD,0.15,25,mitm,,99
RF,PGD_eps0.15_it25,10000,0,,,PGD,0.15,25,normal,,99
RF,PGD_eps0.15_it25,3941,3940,0.9789340101522844,0.9789393554935296,PGD,0.15,25,password,,99
RF,PGD_eps0.15_it25,3975,3975,0.99874213836478,0.99874213836478,PGD,0.15,25,ransomware,,99
RF,PGD_eps0.15_it25,4053,4053,0.8808290155440415,0.8808290155440415,PGD,0.15,25,scanning,,99
RF,PGD_eps0.15_it25,3975,3972,0.9778449144008056,0.9773584905660376,PGD,0.15,25,xss,,99
MLP,PGD_eps0.15_it25,4079,4073,0.9985268843604224,0.997303260603089,PGD,0.15,25,backdoor,,99
MLP,PGD_eps0.15_it25,3948,2988,0.892235609103079,0.6752786220871327,PGD,0.15,25,ddos,,99
MLP,PGD_eps0.15_it25,3883,3826,1.0,0.9853206283801184,PGD,0.15,25,dos,,99
MLP,PGD_eps0.15_it25,4147,4122,0.9691897137311984,0.9633469978297564,PGD,0.15,25,injection,,99
MLP,PGD_eps0.15_it25,208,173,0.9653179190751444,0.8028846153846154,PGD,0.15,25,mitm,,99
MLP,PGD_eps0.15_it25,10000,0,,,PGD,0.15,25,normal,,99
MLP,PGD_eps0.15_it25,3941,3931,0.9570083948104808,0.9550875412331896,PGD,0.15,25,password,,99
MLP,PGD_eps0.15_it25,3975,3912,1.0,0.9841509433962264,PGD,0.15,25,ransomware,,99
MLP,PGD_eps0.15_it25,4053,3982,0.973631341034656,0.9565753762644954,PGD,0.15,25,scanning,,99
MLP,PGD_eps0.15_it25,3975,3931,0.9684558636479268,0.9579874213836478,PGD,0.15,25,xss,,99
LR,PGD_eps0.3_it10,4079,4076,0.0,0.0007354743809757,PGD,0.3,10,backdoor,,99
LR,PGD_eps0.3_it10,3948,2939,0.0017012589316093,0.256838905775076,PGD,0.3,10,ddos,,99
LR,PGD_eps0.3_it10,3883,3424,0.0002920560747663,0.1182075714653618,PGD,0.3,10,dos,,99
LR,PGD_eps0.3_it10,4147,3988,0.0,0.0383409693754521,PGD,0.3,10,injection,,99
LR,PGD_eps0.3_it10,208,105,0.0571428571428571,0.5240384615384616,PGD,0.3,10,mitm,,99
LR,PGD_eps0.3_it10,10000,0,,,PGD,0.3,10,normal,,99
LR,PGD_eps0.3_it10,3941,3906,0.0046082949308755,0.0134483633595534,PGD,0.3,10,password,,99
LR,PGD_eps0.3_it10,3975,3378,0.0,0.150188679245283,PGD,0.3,10,ransomware,,99
LR,PGD_eps0.3_it10,4053,3666,0.0166393889798145,0.1009129040217123,PGD,0.3,10,scanning,,99
LR,PGD_eps0.3_it10,3975,3694,0.0010828370330265,0.0716981132075471,PGD,0.3,10,xss,,99
SVM,PGD_eps0.3_it10,4079,4076,0.0,0.0007354743809757,PGD,0.3,10,backdoor,,99
SVM,PGD_eps0.3_it10,3948,2939,0.0020415107179312,0.2570921985815603,PGD,0.3,10,ddos,,99
SVM,PGD_eps0.3_it10,3883,3424,0.0002920560747663,0.1182075714653618,PGD,0.3,10,dos,,99
SVM,PGD_eps0.3_it10,4147,3988,0.0519057171514543,0.0882565710151917,PGD,0.3,10,injection,,99
SVM,PGD_eps0.3_it10,208,104,0.048076923076923,0.5192307692307693,PGD,0.3,10,mitm,,99
SVM,PGD_eps0.3_it10,10000,0,,,PGD,0.3,10,normal,,99
SVM,PGD_eps0.3_it10,3941,3906,0.0117767537122375,0.0205531590966759,PGD,0.3,10,password,,99
SVM,PGD_eps0.3_it10,3975,3371,0.0068229012162563,0.1577358490566037,PGD,0.3,10,ransomware,,99
SVM,PGD_eps0.3_it10,4053,3661,0.033324228352909,0.1268196397730076,PGD,0.3,10,scanning,,99
SVM,PGD_eps0.3_it10,3975,3687,0.0417683753729319,0.110440251572327,PGD,0.3,10,xss,,99
RF,PGD_eps0.3_it10,4079,4078,0.9990191270230504,0.9990193674920324,PGD,0.3,10,backdoor,,99
RF,PGD_eps0.3_it10,3948,3933,0.8634630053394355,0.8619554204660588,PGD,0.3,10,ddos,,99
RF,PGD_eps0.3_it10,3883,3877,0.9914882641217436,0.9907288179242854,PGD,0.3,10,dos,,99
RF,PGD_eps0.3_it10,4147,4144,0.975868725868726,0.9751627682662164,PGD,0.3,10,injection,,99
RF,PGD_eps0.3_it10,208,201,0.8656716417910447,0.8509615384615384,PGD,0.3,10,mitm,,99
RF,PGD_eps0.3_it10,10000,0,,,PGD,0.3,10,normal,,99
RF,PGD_eps0.3_it10,3941,3940,0.8545685279187817,0.8546054300938848,PGD,0.3,10,password,,99
RF,PGD_eps0.3_it10,3975,3975,0.9275471698113208,0.9275471698113208,PGD,0.3,10,ransomware,,99
RF,PGD_eps0.3_it10,4053,4053,0.7599309153713298,0.7599309153713298,PGD,0.3,10,scanning,,99
RF,PGD_eps0.3_it10,3975,3972,0.9750755287009064,0.9745911949685536,PGD,0.3,10,xss,,99
MLP,PGD_eps0.3_it10,4079,4073,0.9990179229069482,0.9977935768570728,PGD,0.3,10,backdoor,,99
MLP,PGD_eps0.3_it10,3948,2988,0.9969879518072288,0.7545592705167173,PGD,0.3,10,ddos,,99
MLP,PGD_eps0.3_it10,3883,3826,1.0,0.9853206283801184,PGD,0.3,10,dos,,99
MLP,PGD_eps0.3_it10,4147,4122,0.999757399320718,0.9937304075235108,PGD,0.3,10,injection,,99
MLP,PGD_eps0.3_it10,208,173,0.9884393063583816,0.8221153846153846,PGD,0.3,10,mitm,,99
MLP,PGD_eps0.3_it10,10000,0,,,PGD,0.3,10,normal,,99
MLP,PGD_eps0.3_it10,3941,3931,0.9743067921648436,0.9723420451662016,PGD,0.3,10,password,,99
MLP,PGD_eps0.3_it10,3975,3912,1.0,0.9841509433962264,PGD,0.3,10,ransomware,,99
MLP,PGD_eps0.3_it10,4053,3982,0.994475138121547,0.9770540340488528,PGD,0.3,10,scanning,,99
MLP,PGD_eps0.3_it10,3975,3931,0.9979648944288984,0.9869182389937108,PGD,0.3,10,xss,,99
LR,PGD_eps0.3_it25,4079,4076,0.0,0.0007354743809757,PGD,0.3,25,backdoor,,99
LR,PGD_eps0.3_it25,3948,2939,0.0003402517863218,0.2558257345491388,PGD,0.3,25,ddos,,99
LR,PGD_eps0.3_it25,3883,3424,0.0002920560747663,0.1182075714653618,PGD,0.3,25,dos,,99
LR,PGD_eps0.3_it25,4147,3988,0.010531594784353,0.0484687726067036,PGD,0.3,25,injection,,99
LR,PGD_eps0.3_it25,208,105,0.0380952380952381,0.5144230769230769,PGD,0.3,25,mitm,,99
LR,PGD_eps0.3_it25,10000,0,,,PGD,0.3,25,normal,,99
LR,PGD_eps0.3_it25,3941,3906,0.0023041474654377,0.0111646790154783,PGD,0.3,25,password,,99
LR,PGD_eps0.3_it25,3975,3378,0.0,0.150188679245283,PGD,0.3,25,ransomware,,99
LR,PGD_eps0.3_it25,4053,3666,0.0076377523186033,0.0991857883049592,PGD,0.3,25,scanning,,99
LR,PGD_eps0.3_it25,3975,3694,0.0027070925825663,0.0732075471698113,PGD,0.3,25,xss,,99
SVM,PGD_eps0.3_it25,4079,4076,0.0,0.0007354743809757,PGD,0.3,25,backdoor,,99
SVM,PGD_eps0.3_it25,3948,2939,0.0061245321537938,0.2601317122593718,PGD,0.3,25,ddos,,99
SVM,PGD_eps0.3_it25,3883,3424,0.0002920560747663,0.1182075714653618,PGD,0.3,25,dos,,99
SVM,PGD_eps0.3_it25,4147,3988,0.0243229689067201,0.0617313720761996,PGD,0.3,25,injection,,99
SVM,PGD_eps0.3_it25,208,104,0.048076923076923,0.5192307692307693,PGD,0.3,25,mitm,,99
SVM,PGD_eps0.3_it25,10000,0,,,PGD,0.3,25,normal,,99
SVM,PGD_eps0.3_it25,3941,3906,0.0117767537122375,0.0205531590966759,PGD,0.3,25,password,,99
SVM,PGD_eps0.3_it25,3975,3371,0.0210619994067042,0.1698113207547169,PGD,0.3,25,ransomware,,99
SVM,PGD_eps0.3_it25,4053,3661,0.0355094236547391,0.1280532938564026,PGD,0.3,25,scanning,,99
SVM,PGD_eps0.3_it25,3975,3687,0.0848928668294006,0.1509433962264151,PGD,0.3,25,xss,,99
RF,PGD_eps0.3_it25,4079,4078,0.8800882785679255,0.8801176759009561,PGD,0.3,25,backdoor,,99
RF,PGD_eps0.3_it25,3948,3933,0.905669972031528,0.9042553191489362,PGD,0.3,25,ddos,,99
RF,PGD_eps0.3_it25,3883,3877,0.992262058292494,0.9917589492660314,PGD,0.3,25,dos,,99
RF,PGD_eps0.3_it25,4147,4144,0.995415057915058,0.9946949602122016,PGD,0.3,25,injection,,99
RF,PGD_eps0.3_it25,208,201,0.8756218905472637,0.8605769230769231,PGD,0.3,25,mitm,,99
RF,PGD_eps0.3_it25,10000,0,,,PGD,0.3,25,normal,,99
RF,PGD_eps0.3_it25,3941,3940,0.9411167512690356,0.9411316924638417,PGD,0.3,25,password,,99
RF,PGD_eps0.3_it25,3975,3975,0.8812578616352201,0.8812578616352201,PGD,0.3,25,ransomware,,99
RF,PGD_eps0.3_it25,4053,4053,0.8043424623735504,0.8043424623735504,PGD,0.3,25,scanning,,99
RF,PGD_eps0.3_it25,3975,3972,0.9911883182275932,0.990691823899371,PGD,0.3,25,xss,,99
MLP,PGD_eps0.3_it25,4079,4073,0.9990179229069482,0.9977935768570728,PGD,0.3,25,backdoor,,99
MLP,PGD_eps0.3_it25,3948,2988,0.9862784471218208,0.7464539007092199,PGD,0.3,25,ddos,,99
MLP,PGD_eps0.3_it25,3883,3826,1.0,0.9853206283801184,PGD,0.3,25,dos,,99
MLP,PGD_eps0.3_it25,4147,4122,0.9995147986414362,0.9934892693513384,PGD,0.3,25,injection,,99
MLP,PGD_eps0.3_it25,208,173,0.9884393063583816,0.8221153846153846,PGD,0.3,25,mitm,,99
MLP,PGD_eps0.3_it25,10000,0,,,PGD,0.3,25,normal,,99
MLP,PGD_eps0.3_it25,3941,3931,0.9725260747901298,0.9700583608221264,PGD,0.3,25,password,,99
MLP,PGD_eps0.3_it25,3975,3912,1.0,0.9841509433962264,PGD,0.3,25,ransomware,,99
MLP,PGD_eps0.3_it25,4053,3982,0.99347061778001,0.9760671107821368,PGD,0.3,25,scanning,,99
MLP,PGD_eps0.3_it25,3975,3931,0.995166624268634,0.9841509433962264,PGD,0.3,25,xss,,99
LR,PGD_eps0.5_it10,4079,4076,0.0,0.0007354743809757,PGD,0.5,10,backdoor,,99
LR,PGD_eps0.5_it10,3948,2939,0.0197346036066689,0.2662107396149949,PGD,0.5,10,ddos,,99
LR,PGD_eps0.5_it10,3883,3424,0.000876168224299,0.1174349729590522,PGD,0.5,10,dos,,99
LR,PGD_eps0.5_it10,4147,3988,0.0233199598796389,0.0605256812153363,PGD,0.5,10,injection,,99
LR,PGD_eps0.5_it10,208,105,0.1523809523809524,0.5721153846153846,PGD,0.5,10,mitm,,99
LR,PGD_eps0.5_it10,10000,0,,,PGD,0.5,10,normal,,99
LR,PGD_eps0.5_it10,3941,3906,0.024321556579621,0.0324790662268459,PGD,0.5,10,password,,99
LR,PGD_eps0.5_it10,3975,3378,0.1163410301953818,0.2490566037735849,PGD,0.5,10,ransomware,,99
LR,PGD_eps0.5_it10,4053,3666,0.0499181669394435,0.1339748334566987,PGD,0.5,10,scanning,,99
LR,PGD_eps0.5_it10,3975,3694,0.0173253925284244,0.0867924528301886,PGD,0.5,10,xss,,99
SVM,PGD_eps0.5_it10,4079,4076,0.0,0.0007354743809757,PGD,0.5,10,backdoor,,99
SVM,PGD_eps0.5_it10,3948,2939,0.0251786321878189,0.2743161094224924,PGD,0.5,10,ddos,,99
SVM,PGD_eps0.5_it10,3883,3424,0.000876168224299,0.1174349729590522,PGD,0.5,10,dos,,99
SVM,PGD_eps0.5_it10,4147,3988,0.0684553660982948,0.1039305522064142,PGD,0.5,10,injection,,99
SVM,PGD_eps0.5_it10,208,104,0.2019230769230769,0.5961538461538461,PGD,0.5,10,mitm,,99
SVM,PGD_eps0.5_it10,10000,0,,,PGD,0.5,10,normal,,99
SVM,PGD_eps0.5_it10,3941,3906,0.0128008192524321,0.0210606445064704,PGD,0.5,10,password,,99
SVM,PGD_eps0.5_it10,3975,3371,0.0296647878967665,0.1771069182389937,PGD,0.5,10,ransomware,,99
SVM,PGD_eps0.5_it10,4053,3661,0.0693799508331057,0.159141376757957,PGD,0.5,10,scanning,,99
SVM,PGD_eps0.5_it10,3975,3687,0.0897748847301329,0.1557232704402515,PGD,0.5,10,xss,,99
RF,PGD_eps0.5_it10,4079,4078,0.7422756253065228,0.7423388085315028,PGD,0.5,10,backdoor,,99
RF,PGD_eps0.5_it10,3948,3933,0.6712433257055682,0.671225937183384,PGD,0.5,10,ddos,,99
RF,PGD_eps0.5_it10,3883,3877,0.957441320608718,0.957249549317538,PGD,0.5,10,dos,,99
RF,PGD_eps0.5_it10,4147,4144,0.7731660231660231,0.7728478418133591,PGD,0.5,10,injection,,99
RF,PGD_eps0.5_it10,208,201,0.8706467661691543,0.8557692307692307,PGD,0.5,10,mitm,,99
RF,PGD_eps0.5_it10,10000,0,,,PGD,0.5,10,normal,,99
RF,PGD_eps0.5_it10,3941,3940,0.7200507614213199,0.7201217964983506,PGD,0.5,10,password,,99
RF,PGD_eps0.5_it10,3975,3975,0.8578616352201258,0.8578616352201258,PGD,0.5,10,ransomware,,99
RF,PGD_eps0.5_it10,4053,4053,0.6323710831482853,0.6323710831482853,PGD,0.5,10,scanning,,99
RF,PGD_eps0.5_it10,3975,3972,0.8363544813695871,0.8362264150943396,PGD,0.5,10,xss,,99
MLP,PGD_eps0.5_it10,4079,4073,0.9990179229069482,0.9975484187300808,PGD,0.5,10,backdoor,,99
MLP,PGD_eps0.5_it10,3948,2988,0.998995983935743,0.756079027355623,PGD,0.5,10,ddos,,99
MLP,PGD_eps0.5_it10,3883,3826,1.0,0.9853206283801184,PGD,0.5,10,dos,,99
MLP,PGD_eps0.5_it10,4147,4122,0.999757399320718,0.9937304075235108,PGD,0.5,10,injection,,99
MLP,PGD_eps0.5_it10,208,173,0.9884393063583816,0.8221153846153846,PGD,0.5,10,mitm,,99
MLP,PGD_eps0.5_it10,10000,0,,,PGD,0.5,10,normal,,99
MLP,PGD_eps0.5_it10,3941,3931,0.9743067921648436,0.971834559756407,PGD,0.5,10,password,,99
MLP,PGD_eps0.5_it10,3975,3912,1.0,0.9841509433962264,PGD,0.5,10,ransomware,,99
MLP,PGD_eps0.5_it10,4053,3982,0.994475138121547,0.9770540340488528,PGD,0.5,10,scanning,,99
MLP,PGD_eps0.5_it10,3975,3931,0.998219282625286,0.9871698113207548,PGD,0.5,10,xss,,99
LR,PGD_eps0.5_it25,4079,4076,0.0,0.0007354743809757,PGD,0.5,25,backdoor,,99
LR,PGD_eps0.5_it25,3948,2939,0.008166042871725,0.2616514690982776,PGD,0.5,25,ddos,,99
LR,PGD_eps0.5_it25,3883,3424,0.000876168224299,0.1187226371362348,PGD,0.5,25,dos,,99
LR,PGD_eps0.5_it25,4147,3988,0.0263289869608826,0.0634193392814082,PGD,0.5,25,injection,,99
LR,PGD_eps0.5_it25,208,105,0.1523809523809524,0.5721153846153846,PGD,0.5,25,mitm,,99
LR,PGD_eps0.5_it25,10000,0,,,PGD,0.5,25,normal,,99
LR,PGD_eps0.5_it25,3941,3906,0.0145929339477726,0.022836843440751,PGD,0.5,25,password,,99
LR,PGD_eps0.5_it25,3975,3378,0.019538188277087,0.1667924528301886,PGD,0.5,25,ransomware,,99
LR,PGD_eps0.5_it25,4053,3666,0.0207310420076377,0.1115223291389094,PGD,0.5,25,scanning,,99
LR,PGD_eps0.5_it25,3975,3694,0.0587439090416892,0.1252830188679245,PGD,0.5,25,xss,,99
SVM,PGD_eps0.5_it25,4079,4076,0.0,0.0007354743809757,PGD,0.5,25,backdoor,,99
SVM,PGD_eps0.5_it25,3948,2939,0.0122490643075876,0.2646909827760891,PGD,0.5,25,ddos,,99
SVM,PGD_eps0.5_it25,3883,3424,0.000876168224299,0.1187226371362348,PGD,0.5,25,dos,,99
SVM,PGD_eps0.5_it25,4147,3988,0.0684553660982948,0.1039305522064142,PGD,0.5,25,injection,,99
SVM,PGD_eps0.5_it25,208,104,0.1442307692307692,0.5673076923076923,PGD,0.5,25,mitm,,99
SVM,PGD_eps0.5_it25,10000,0,,,PGD,0.5,25,normal,,99
SVM,PGD_eps0.5_it25,3941,3906,0.0145929339477726,0.022836843440751,PGD,0.5,25,password,,99
SVM,PGD_eps0.5_it25,3975,3371,0.0213586472856719,0.170062893081761,PGD,0.5,25,ransomware,,99
SVM,PGD_eps0.5_it25,4053,3661,0.049440043703906,0.1408832963237108,PGD,0.5,25,scanning,,99
SVM,PGD_eps0.5_it25,3975,3687,0.0865202061296447,0.1527044025157232,PGD,0.5,25,xss,,99
RF,PGD_eps0.5_it25,4079,4078,0.8972535556645415,0.8972787447903898,PGD,0.5,25,backdoor,,99
RF,PGD_eps0.5_it25,3948,3933,0.590134757182812,0.5894123606889564,PGD,0.5,25,ddos,,99
RF,PGD_eps0.5_it25,3883,3877,0.949445447510962,0.94823590007726,PGD,0.5,25,dos,,99
RF,PGD_eps0.5_it25,4147,4144,0.8071911196911197,0.8070894622618761,PGD,0.5,25,injection,,99
RF,PGD_eps0.5_it25,208,201,0.8159203980099502,0.7980769230769231,PGD,0.5,25,mitm,,99
RF,PGD_eps0.5_it25,10000,0,,,PGD,0.5,25,normal,,99
RF,PGD_eps0.5_it25,3941,3940,0.7411167512690355,0.7411824410048211,PGD,0.5,25,password,,99
RF,PGD_eps0.5_it25,3975,3975,0.8311949685534591,0.8311949685534591,PGD,0.5,25,ransomware,,99
RF,PGD_eps0.5_it25,4053,4053,0.4534912410560079,0.4534912410560079,PGD,0.5,25,scanning,,99
RF,PGD_eps0.5_it25,3975,3972,0.7270896273917422,0.7272955974842767,PGD,0.5,25,xss,,99
MLP,PGD_eps0.5_it25,4079,4073,0.9990179229069482,0.9975484187300808,PGD,0.5,25,backdoor,,99
MLP,PGD_eps0.5_it25,3948,2988,0.998995983935743,0.756079027355623,PGD,0.5,25,ddos,,99
MLP,PGD_eps0.5_it25,3883,3826,1.0,0.9853206283801184,PGD,0.5,25,dos,,99
MLP,PGD_eps0.5_it25,4147,4122,0.999757399320718,0.9937304075235108,PGD,0.5,25,injection,,99
MLP,PGD_eps0.5_it25,208,173,0.9884393063583816,0.8221153846153846,PGD,0.5,25,mitm,,99
MLP,PGD_eps0.5_it25,10000,0,,,PGD,0.5,25,normal,,99
MLP,PGD_eps0.5_it25,3941,3931,0.9743067921648436,0.971834559756407,PGD,0.5,25,password,,99
MLP,PGD_eps0.5_it25,3975,3912,1.0,0.9841509433962264,PGD,0.5,25,ransomware,,99
MLP,PGD_eps0.5_it25,4053,3982,0.994475138121547,0.9770540340488528,PGD,0.5,25,scanning,,99
MLP,PGD_eps0.5_it25,3975,3931,0.998219282625286,0.9871698113207548,PGD,0.5,25,xss,,99
LR,PGD_eps0.75_it10,4079,4076,0.2124631992149165,0.2130424123559696,PGD,0.75,10,backdoor,,99
LR,PGD_eps0.75_it10,3948,2939,0.0210956107519564,0.2710233029381965,PGD,0.75,10,ddos,,99
LR,PGD_eps0.75_it10,3883,3424,0.0011682242990654,0.1112541849085758,PGD,0.75,10,dos,,99
LR,PGD_eps0.75_it10,4147,3988,0.0451354062186559,0.08174584036653,PGD,0.75,10,injection,,99
LR,PGD_eps0.75_it10,208,105,0.1809523809523809,0.5865384615384616,PGD,0.75,10,mitm,,99
LR,PGD_eps0.75_it10,10000,0,,,PGD,0.75,10,normal,,99
LR,PGD_eps0.75_it10,3941,3906,0.0435227854582693,0.0515097690941385,PGD,0.75,10,password,,99
LR,PGD_eps0.75_it10,3975,3378,0.0444049733570159,0.1879245283018868,PGD,0.75,10,ransomware,,99
LR,PGD_eps0.75_it10,4053,3666,0.0834697217675941,0.1685171477917592,PGD,0.75,10,scanning,,99
LR,PGD_eps0.75_it10,3975,3694,0.0213860314022739,0.090566037735849,PGD,0.75,10,xss,,99
SVM,PGD_eps0.75_it10,4079,4076,0.2124631992149165,0.2130424123559696,PGD,0.75,10,backdoor,,99
SVM,PGD_eps0.75_it10,3948,2939,0.055801292956788,0.2968591691995947,PGD,0.75,10,ddos,,99
SVM,PGD_eps0.75_it10,3883,3424,0.0011682242990654,0.1179500386299253,PGD,0.75,10,dos,,99
SVM,PGD_eps0.75_it10,4147,3988,0.1165997993981945,0.1504702194357366,PGD,0.75,10,injection,,99
SVM,PGD_eps0.75_it10,208,104,0.2403846153846154,0.6153846153846154,PGD,0.75,10,mitm,,99
SVM,PGD_eps0.75_it10,10000,0,,,PGD,0.75,10,normal,,99
SVM,PGD_eps0.75_it10,3941,3906,0.0560675883256528,0.063943161634103,PGD,0.75,10,password,,99
SVM,PGD_eps0.75_it10,3975,3371,0.0581429842776624,0.2012578616352201,PGD,0.75,10,ransomware,,99
SVM,PGD_eps0.75_it10,4053,3661,0.1177273968860967,0.2030594621268196,PGD,0.75,10,scanning,,99
SVM,PGD_eps0.75_it10,3975,3687,0.0992676973148901,0.1637735849056603,PGD,0.75,10,xss,,99
RF,PGD_eps0.75_it10,4079,4078,0.7400686611083864,0.7401323853885756,PGD,0.75,10,backdoor,,99
RF,PGD_eps0.75_it10,3948,3933,0.6870073735062293,0.6871833839918946,PGD,0.75,10,ddos,,99
RF,PGD_eps0.75_it10,3883,3877,0.9383543977302038,0.9381921194952356,PGD,0.75,10,dos,,99
RF,PGD_eps0.75_it10,4147,4144,0.7606177606177607,0.7605497950325536,PGD,0.75,10,injection,,99
RF,PGD_eps0.75_it10,208,201,0.8407960199004975,0.8221153846153846,PGD,0.75,10,mitm,,99
RF,PGD_eps0.75_it10,10000,0,,,PGD,0.75,10,normal,,99
RF,PGD_eps0.75_it10,3941,3940,0.7299492385786802,0.7300177619893428,PGD,0.75,10,password,,99
RF,PGD_eps0.75_it10,3975,3975,0.849811320754717,0.849811320754717,PGD,0.75,10,ransomware,,99
RF,PGD_eps0.75_it10,4053,4053,0.538366641993585,0.538366641993585,PGD,0.75,10,scanning,,99
RF,PGD_eps0.75_it10,3975,3972,0.8678247734138973,0.8674213836477987,PGD,0.75,10,xss,,99
MLP,PGD_eps0.75_it10,4079,4073,0.9990179229069482,0.9975484187300808,PGD,0.75,10,backdoor,,99
MLP,PGD_eps0.75_it10,3948,2988,0.998995983935743,0.756079027355623,PGD,0.75,10,ddos,,99
MLP,PGD_eps0.75_it10,3883,3826,1.0,0.9853206283801184,PGD,0.75,10,dos,,99
MLP,PGD_eps0.75_it10,4147,4122,0.999757399320718,0.9937304075235108,PGD,0.75,10,injection,,99
MLP,PGD_eps0.75_it10,208,173,0.9884393063583816,0.8221153846153846,PGD,0.75,10,mitm,,99
MLP,PGD_eps0.75_it10,10000,0,,,PGD,0.75,10,normal,,99
MLP,PGD_eps0.75_it10,3941,3931,0.9743067921648436,0.971834559756407,PGD,0.75,10,password,,99
MLP,PGD_eps0.75_it10,3975,3912,1.0,0.9841509433962264,PGD,0.75,10,ransomware,,99
MLP,PGD_eps0.75_it10,4053,3982,0.994475138121547,0.9770540340488528,PGD,0.75,10,scanning,,99
MLP,PGD_eps0.75_it10,3975,3931,0.998219282625286,0.9871698113207548,PGD,0.75,10,xss,,99
LR,PGD_eps0.75_it25,4079,4076,0.0,0.0007354743809757,PGD,0.75,25,backdoor,,99
LR,PGD_eps0.75_it25,3948,2939,0.0928887376658727,0.3247213779128672,PGD,0.75,25,ddos,,99
LR,PGD_eps0.75_it25,3883,3424,0.0011682242990654,0.1122843162503219,PGD,0.75,25,dos,,99
LR,PGD_eps0.75_it25,4147,3988,0.0684553660982948,0.1041716903785869,PGD,0.75,25,injection,,99
LR,PGD_eps0.75_it25,208,105,0.1428571428571428,0.5673076923076923,PGD,0.75,25,mitm,,99
LR,PGD_eps0.75_it25,10000,0,,,PGD,0.75,25,normal,,99
LR,PGD_eps0.75_it25,3941,3906,0.0128008192524321,0.0210606445064704,PGD,0.75,25,password,,99
LR,PGD_eps0.75_it25,3975,3378,0.024274718768502,0.1708176100628931,PGD,0.75,25,ransomware,,99
LR,PGD_eps0.75_it25,4053,3666,0.0218221494817239,0.1078213668887244,PGD,0.75,25,scanning,,99
LR,PGD_eps0.75_it25,3975,3694,0.0969139144558744,0.160754716981132,PGD,0.75,25,xss,,99
SVM,PGD_eps0.75_it25,4079,4076,0.0002453385672227,0.0009806325079676,PGD,0.75,25,backdoor,,99
SVM,PGD_eps0.75_it25,3948,2939,0.1187478734263354,0.3439716312056737,PGD,0.75,25,ddos,,99
SVM,PGD_eps0.75_it25,3883,3424,0.0011682242990654,0.1156322431109966,PGD,0.75,25,dos,,99
SVM,PGD_eps0.75_it25,4147,3988,0.0697091273821464,0.1053773812394502,PGD,0.75,25,injection,,99
SVM,PGD_eps0.75_it25,208,104,0.1634615384615384,0.5769230769230769,PGD,0.75,25,mitm,,99
SVM,PGD_eps0.75_it25,10000,0,,,PGD,0.75,25,normal,,99
SVM,PGD_eps0.75_it25,3941,3906,0.0133128520225294,0.0215681299162649,PGD,0.75,25,password,,99
SVM,PGD_eps0.75_it25,3975,3371,0.0266983091070898,0.1745911949685534,PGD,0.75,25,ransomware,,99
SVM,PGD_eps0.75_it25,4053,3661,0.0644632614039879,0.154946952874414,PGD,0.75,25,scanning,,99
SVM,PGD_eps0.75_it25,3975,3687,0.0981828044480607,0.1630188679245283,PGD,0.75,25,xss,,99
RF,PGD_eps0.75_it25,4079,4078,0.7856792545365375,0.7857317970090708,PGD,0.75,25,backdoor,,99
RF,PGD_eps0.75_it25,3948,3933,0.4744469870327994,0.4759371833839919,PGD,0.75,25,ddos,,99
RF,PGD_eps0.75_it25,3883,3877,0.9380964663399536,0.9379345866597992,PGD,0.75,25,dos,,99
RF,PGD_eps0.75_it25,4147,4144,0.6891891891891891,0.6891728960694478,PGD,0.75,25,injection,,99
RF,PGD_eps0.75_it25,208,201,0.8557213930348259,0.8461538461538461,PGD,0.75,25,mitm,,99
RF,PGD_eps0.75_it25,10000,0,,,PGD,0.75,25,normal,,99
RF,PGD_eps0.75_it25,3941,3940,0.7459390862944163,0.7460035523978685,PGD,0.75,25,password,,99
RF,PGD_eps0.75_it25,3975,3975,0.8779874213836478,0.8779874213836478,PGD,0.75,25,ransomware,,99
RF,PGD_eps0.75_it25,4053,4053,0.3708364174685418,0.3708364174685418,PGD,0.75,25,scanning,,99
RF,PGD_eps0.75_it25,3975,3972,0.7202920443101712,0.720503144654088,PGD,0.75,25,xss,,99
MLP,PGD_eps0.75_it25,4079,4073,0.9990179229069482,0.9975484187300808,PGD,0.75,25,backdoor,,99
MLP,PGD_eps0.75_it25,3948,2988,0.998995983935743,0.756079027355623,PGD,0.75,25,ddos,,99
MLP,PGD_eps0.75_it25,3883,3826,1.0,0.9853206283801184,PGD,0.75,25,dos,,99
MLP,PGD_eps0.75_it25,4147,4122,0.999757399320718,0.9937304075235108,PGD,0.75,25,injection,,99
MLP,PGD_eps0.75_it25,208,173,0.9884393063583816,0.8221153846153846,PGD,0.75,25,mitm,,99
MLP,PGD_eps0.75_it25,10000,0,,,PGD,0.75,25,normal,,99
MLP,PGD_eps0.75_it25,3941,3931,0.9743067921648436,0.971834559756407,PGD,0.75,25,password,,99
MLP,PGD_eps0.75_it25,3975,3912,1.0,0.9841509433962264,PGD,0.75,25,ransomware,,99
MLP,PGD_eps0.75_it25,4053,3982,0.994475138121547,0.9770540340488528,PGD,0.75,25,scanning,,99
MLP,PGD_eps0.75_it25,3975,3931,0.998219282625286,0.9871698113207548,PGD,0.75,25,xss,,99
LR,CW_c0.0_it10,4079,4076,0.0,0.0007354743809757,CW,,10,backdoor,0.0,99
LR,CW_c0.0_it10,3948,2939,0.0,0.2555724417426545,CW,,10,ddos,0.0,99
LR,CW_c0.0_it10,3883,3424,0.0,0.1182075714653618,CW,,10,dos,0.0,99
LR,CW_c0.0_it10,4147,3988,0.0,0.0383409693754521,CW,,10,injection,0.0,99
LR,CW_c0.0_it10,208,105,0.0,0.4951923076923077,CW,,10,mitm,0.0,99
LR,CW_c0.0_it10,10000,0,,,CW,,10,normal,0.0,99
LR,CW_c0.0_it10,3941,3906,0.0,0.0081197665567114,CW,,10,password,0.0,99
LR,CW_c0.0_it10,3975,3378,0.0,0.150188679245283,CW,,10,ransomware,0.0,99
LR,CW_c0.0_it10,4053,3666,0.0027277686852154,0.0979521342215642,CW,,10,scanning,0.0,99
LR,CW_c0.0_it10,3975,3694,0.0,0.070188679245283,CW,,10,xss,0.0,99
SVM,CW_c0.0_it10,4079,4076,0.0,0.0007354743809757,CW,,10,backdoor,0.0,99
SVM,CW_c0.0_it10,3948,2939,0.0,0.2555724417426545,CW,,10,ddos,0.0,99
SVM,CW_c0.0_it10,3883,3424,0.0,0.1182075714653618,CW,,10,dos,0.0,99
SVM,CW_c0.0_it10,4147,3988,0.0,0.0383409693754521,CW,,10,injection,0.0,99
SVM,CW_c0.0_it10,208,104,0.0,0.5,CW,,10,mitm,0.0,99
SVM,CW_c0.0_it10,10000,0,,,CW,,10,normal,0.0,99
SVM,CW_c0.0_it10,3941,3906,0.0,0.0081197665567114,CW,,10,password,0.0,99
SVM,CW_c0.0_it10,3975,3371,0.0,0.1519496855345912,CW,,10,ransomware,0.0,99
SVM,CW_c0.0_it10,4053,3661,0.0019120458891013,0.0984455958549222,CW,,10,scanning,0.0,99
SVM,CW_c0.0_it10,3975,3687,0.0,0.0716981132075471,CW,,10,xss,0.0,99
RF,CW_c0.0_it10,4079,4078,0.9970573810691516,0.997058102476097,CW,,10,backdoor,0.0,99
RF,CW_c0.0_it10,3948,3933,0.958047292143402,0.9566869300911854,CW,,10,ddos,0.0,99
RF,CW_c0.0_it10,3883,3877,0.9716275470724788,0.9703837239248004,CW,,10,dos,0.0,99
RF,CW_c0.0_it10,4147,4144,0.9951737451737452,0.9946949602122016,CW,,10,injection,0.0,99
RF,CW_c0.0_it10,208,201,0.8308457711442786,0.8269230769230769,CW,,10,mitm,0.0,99
RF,CW_c0.0_it10,10000,0,,,CW,,10,normal,0.0,99
RF,CW_c0.0_it10,3941,3940,0.984263959390863,0.9842679522963714,CW,,10,password,0.0,99
RF,CW_c0.0_it10,3975,3975,0.8447798742138365,0.8447798742138365,CW,,10,ransomware,0.0,99
RF,CW_c0.0_it10,4053,4053,0.91586479151246,0.91586479151246,CW,,10,scanning,0.0,99
RF,CW_c0.0_it10,3975,3972,0.9924471299093656,0.9919496855345912,CW,,10,xss,0.0,99
MLP,CW_c0.0_it10,4079,4073,0.9862509206972748,0.9848001961265016,CW,,10,backdoor,0.0,99
MLP,CW_c0.0_it10,3948,2988,0.997322623828648,0.7570921985815603,CW,,10,ddos,0.0,99
MLP,CW_c0.0_it10,3883,3826,0.9997386304234188,0.985063095544682,CW,,10,dos,0.0,99
MLP,CW_c0.0_it10,4147,4122,0.999757399320718,0.9939715456956836,CW,,10,injection,0.0,99
MLP,CW_c0.0_it10,208,173,0.9826589595375722,0.8173076923076923,CW,,10,mitm,0.0,99
MLP,CW_c0.0_it10,10000,0,,,CW,,10,normal,0.0,99
MLP,CW_c0.0_it10,3941,3931,0.998219282625286,0.9959401167216444,CW,,10,password,0.0,99
MLP,CW_c0.0_it10,3975,3912,0.997443762781186,0.9816352201257862,CW,,10,ransomware,0.0,99
MLP,CW_c0.0_it10,4053,3982,0.9917127071823204,0.9743399950653836,CW,,10,scanning,0.0,99
MLP,CW_c0.0_it10,3975,3931,0.9977105062325108,0.9866666666666668,CW,,10,xss,0.0,99
LR,CW_c0.5_it10,4079,4076,0.0,0.0007354743809757,CW,,10,backdoor,0.5,99
LR,CW_c0.5_it10,3948,2939,0.0,0.2555724417426545,CW,,10,ddos,0.5,99
LR,CW_c0.5_it10,3883,3424,0.0,0.1182075714653618,CW,,10,dos,0.5,99
LR,CW_c0.5_it10,4147,3988,0.0,0.0383409693754521,CW,,10,injection,0.5,99
LR,CW_c0.5_it10,208,105,0.0,0.4951923076923077,CW,,10,mitm,0.5,99
LR,CW_c0.5_it10,10000,0,,,CW,,10,normal,0.5,99
LR,CW_c0.5_it10,3941,3906,0.0,0.0078660238518142,CW,,10,password,0.5,99
LR,CW_c0.5_it10,3975,3378,0.0,0.149937106918239,CW,,10,ransomware,0.5,99
LR,CW_c0.5_it10,4053,3666,0.0032733224222585,0.0984455958549222,CW,,10,scanning,0.5,99
LR,CW_c0.5_it10,3975,3694,0.0,0.070188679245283,CW,,10,xss,0.5,99
SVM,CW_c0.5_it10,4079,4076,0.0,0.0007354743809757,CW,,10,backdoor,0.5,99
SVM,CW_c0.5_it10,3948,2939,0.0,0.2555724417426545,CW,,10,ddos,0.5,99
SVM,CW_c0.5_it10,3883,3424,0.0,0.1182075714653618,CW,,10,dos,0.5,99
SVM,CW_c0.5_it10,4147,3988,0.0,0.0383409693754521,CW,,10,injection,0.5,99
SVM,CW_c0.5_it10,208,104,0.0,0.5,CW,,10,mitm,0.5,99
SVM,CW_c0.5_it10,10000,0,,,CW,,10,normal,0.5,99
SVM,CW_c0.5_it10,3941,3906,0.0,0.0078660238518142,CW,,10,password,0.5,99
SVM,CW_c0.5_it10,3975,3371,0.0,0.1519496855345912,CW,,10,ransomware,0.5,99
SVM,CW_c0.5_it10,4053,3661,0.0032777929527451,0.0996792499383173,CW,,10,scanning,0.5,99
SVM,CW_c0.5_it10,3975,3687,0.0,0.0716981132075471,CW,,10,xss,0.5,99
RF,CW_c0.5_it10,4079,4078,0.9970573810691516,0.997058102476097,CW,,10,backdoor,0.5,99
RF,CW_c0.5_it10,3948,3933,0.8380371217899822,0.8371327254305978,CW,,10,ddos,0.5,99
RF,CW_c0.5_it10,3883,3877,0.9775599690482332,0.9765645119752768,CW,,10,dos,0.5,99
RF,CW_c0.5_it10,4147,4144,0.9958976833976834,0.9956595129008922,CW,,10,injection,0.5,99
RF,CW_c0.5_it10,208,201,0.8656716417910447,0.8653846153846154,CW,,10,mitm,0.5,99
RF,CW_c0.5_it10,10000,0,,,CW,,10,normal,0.5,99
RF,CW_c0.5_it10,3941,3940,0.9880710659898476,0.98807409286983,CW,,10,password,0.5,99
RF,CW_c0.5_it10,3975,3975,0.8352201257861636,0.8352201257861636,CW,,10,ransomware,0.5,99
RF,CW_c0.5_it10,4053,4053,0.9471996052306934,0.9471996052306934,CW,,10,scanning,0.5,99
RF,CW_c0.5_it10,3975,3972,0.9929506545820744,0.9924528301886792,CW,,10,xss,0.5,99
MLP,CW_c0.5_it10,4079,4073,0.9990179229069482,0.9980387349840648,CW,,10,backdoor,0.5,99
MLP,CW_c0.5_it10,3948,2988,0.998995983935743,0.756079027355623,CW,,10,ddos,0.5,99
MLP,CW_c0.5_it10,3883,3826,1.0,0.9853206283801184,CW,,10,dos,0.5,99
MLP,CW_c0.5_it10,4147,4122,1.0,0.9939715456956836,CW,,10,injection,0.5,99
MLP,CW_c0.5_it10,208,173,0.9942196531791908,0.8269230769230769,CW,,10,mitm,0.5,99
MLP,CW_c0.5_it10,10000,0,,,CW,,10,normal,0.5,99
MLP,CW_c0.5_it10,3941,3931,1.0,0.9974625729510276,CW,,10,password,0.5,99
MLP,CW_c0.5_it10,3975,3912,1.0,0.9864150943396226,CW,,10,ransomware,0.5,99
MLP,CW_c0.5_it10,4053,3982,1.0,0.9824821120157908,CW,,10,scanning,0.5,99
MLP,CW_c0.5_it10,3975,3931,1.0,0.9889308176100629,CW,,10,xss,0.5,99
