accuracy,precision,recall,f1,fpr,fnr,model,oversample,applicable,n_features,attack,asr,family,epsilon,iters,confidence,n_train,n_categorical_selected,categorical_selected,resampled,seed
0.9037882915965788,0.9680723692962618,0.9037225620168275,0.9347913354850104,0.096,0.0962774379831724,LR,smote,True,15.0,clean,0.0,,,,,,,,,42
0.9058494633845864,0.9709129724140232,0.9036915147940016,0.9360969962050556,0.0872,0.0963084852059983,SVM,smote,True,15.0,clean,0.0,,,,,,,,,42
0.9987680352531452,0.9995650147584278,0.9988202055326152,0.9991924713482624,0.0014,0.0011797944673848,RF,smote,True,15.0,clean,0.0,,,,,,,,,42
0.9645810135279206,0.9950996195757302,0.958303579744792,0.9763550381957076,0.0152,0.0416964202552081,MLP,smote,True,15.0,clean,0.0,,,,,,,,,42
0.7984789973702291,0.9626419955498302,0.7656245148871433,0.8529035382008093,0.0957,0.2343754851128566,LR,smote,True,15.0,FGSM_eps0.15,0.1064228008244687,FGSM,0.15,1.0,,,,,,42
0.6697860645833827,0.8969712771042454,0.640876773572604,0.747600593966173,0.2371,0.3591232264273961,SVM,smote,True,15.0,FGSM_eps0.15,0.2588310549882726,FGSM,0.15,1.0,,,,,,42
0.1322703688786751,0.1983335609889359,0.0450805675432332,0.0734631925120161,0.5869,0.9549194324567668,RF,smote,True,15.0,FGSM_eps0.15,0.8672321068966334,FGSM,0.15,1.0,,,,,,42
0.050249946693833,0.1384121156493804,0.0468192120214846,0.0699703043801039,0.9387,0.9531807879785154,MLP,smote,True,15.0,FGSM_eps0.15,0.9493946788599588,FGSM,0.15,1.0,,,,,,42
0.6560686109597479,0.8910352753956325,0.6258188705020336,0.7352410132953986,0.2465,0.3741811294979664,LR,smote,True,15.0,FGSM_eps0.3,0.2737804733587623,FGSM,0.3,1.0,,,,,,42
0.4219716174275628,0.6942744863950654,0.4333260889813406,0.5336060559718612,0.6146,0.5666739110186594,SVM,smote,True,15.0,FGSM_eps0.3,0.5122367267644341,FGSM,0.3,1.0,,,,,,42
0.1215617522329361,0.1982897508985004,0.0496755565214691,0.0794478375291722,0.6469,0.9503244434785308,RF,smote,True,15.0,FGSM_eps0.3,0.8779644151721196,FGSM,0.3,1.0,,,,,,42
0.0413418939088819,0.1356051911362231,0.0476885342606103,0.0705622932745314,0.9791,0.9523114657393896,MLP,smote,True,15.0,FGSM_eps0.3,0.958184273496174,FGSM,0.3,1.0,,,,,,42
0.5249117486791917,0.8273021001615509,0.4769784842745816,0.6050926564130842,0.3207,0.5230215157254183,LR,smote,True,15.0,FGSM_eps0.5,0.40543485986401,FGSM,0.5,1.0,,,,,,42
0.2716482266815134,0.5389189763194223,0.3151293116830699,0.3977038967145348,0.8684,0.6848706883169301,SVM,smote,True,15.0,FGSM_eps0.5,0.6642422232225355,FGSM,0.5,1.0,,,,,,42
0.1379326683882584,0.2311454311454311,0.0557608121953491,0.0898471697641261,0.5974,0.9442391878046508,RF,smote,True,15.0,FGSM_eps0.5,0.8615698073870501,FGSM,0.5,1.0,,,,,,42
0.0643938496529176,0.2049432739059967,0.0785184265267471,0.1135379020853442,0.9811,0.9214815734732528,MLP,smote,True,15.0,FGSM_eps0.5,0.9349664763439076,FGSM,0.5,1.0,,,,,,42
0.4006254590253263,0.6659302660647393,0.430500791704182,0.522939412796289,0.6956,0.5694992082958179,LR,smote,True,15.0,FGSM_eps0.75,0.5328958279040015,FGSM,0.75,1.0,,,,,,42
0.2469852401146675,0.5107198708570853,0.3143220838895961,0.3891451414514145,0.9699,0.685677916110404,SVM,smote,True,15.0,FGSM_eps0.75,0.6891421260868535,FGSM,0.75,1.0,,,,,,42
0.1403018313629794,0.239857106404695,0.0583687789127262,0.0938896796264389,0.5958,0.9416312210872736,RF,smote,True,15.0,FGSM_eps0.75,0.8591532611528347,FGSM,0.75,1.0,,,,,,42
0.0521689687033571,0.1704142011834319,0.0625912012170511,0.0915552124253502,0.9814,0.9374087987829488,MLP,smote,True,15.0,FGSM_eps0.75,0.9472387405529626,FGSM,0.75,1.0,,,,,,42
0.8307233054561823,0.9449652038062776,0.8262907882889875,0.8816523942822122,0.155,0.1737092117110124,LR,smote,True,15.0,PGD_eps0.15_it10,0.0963775498116515,PGD,0.15,10.0,,,,,,42
0.7972233409936269,0.918969671201814,0.805271818435841,0.8583720814786623,0.2287,0.194728181564159,SVM,smote,True,15.0,PGD_eps0.15_it10,0.1339524745907271,PGD,0.15,10.0,,,,,,42
0.1892724300504631,0.2974823766364551,0.0458567481138812,0.0794641416043471,0.3488,0.9541432518861188,RF,smote,True,15.0,PGD_eps0.15_it10,0.8101115875761093,PGD,0.15,10.0,,,,,,42
0.0464355943045322,0.1254891000558971,0.0418206091465118,0.0627343222411103,0.9387,0.958179390853488,MLP,smote,True,15.0,PGD_eps0.15_it10,0.9532090312492596,PGD,0.15,10.0,,,,,,42
0.8286858252979222,0.9474419604471196,0.8210438076314074,0.8797258861296385,0.1467,0.1789561923685926,LR,smote,True,15.0,PGD_eps0.15_it25,0.0953825013622687,PGD,0.15,25.0,,,,,,42
0.7921296405979767,0.9187064498838664,0.7982240988543575,0.8542379639166694,0.2275,0.2017759011456425,SVM,smote,True,15.0,PGD_eps0.15_it25,0.1392593996541022,PGD,0.15,25.0,,,,,,42
0.2009997867753322,0.3246182322998612,0.0435592536247632,0.0768114751854589,0.2919,0.9564407463752368,RF,smote,True,15.0,PGD_eps0.15_it25,0.7983368475917458,PGD,0.15,25.0,,,,,,42
0.0464355943045322,0.1254891000558971,0.0418206091465118,0.0627343222411103,0.9387,0.958179390853488,MLP,smote,True,15.0,PGD_eps0.15_it25,0.9532090312492596,PGD,0.15,25.0,,,,,,42
0.6782439764031367,0.8688712871287129,0.6811450215778199,0.7636401608103169,0.3311,0.3188549784221801,LR,smote,True,15.0,PGD_eps0.3_it10,0.2500177687223104,PGD,0.3,10.0,,,,,,42
0.5118339690587316,0.7312843817268596,0.5695613027414698,0.6403700148355005,0.6741,0.4304386972585302,SVM,smote,True,15.0,PGD_eps0.3_it10,0.4211424103864105,PGD,0.3,10.0,,,,,,42
0.21876850908574,0.3925364758698092,0.0434350647334595,0.0782154138596148,0.2165,0.9565649352665404,RF,smote,True,15.0,PGD_eps0.3_it10,0.780449667132602,PGD,0.3,10.0,,,,,,42
0.0368641758866592,0.1205966930265995,0.0416653730323822,0.0619332210351431,0.9786,0.9583346269676176,MLP,smote,True,15.0,PGD_eps0.3_it10,0.9627804496671326,PGD,0.3,10.0,,,,,,42
0.7414769361984411,0.8811611840927802,0.7642894843056288,0.8185748013167958,0.332,0.2357105156943711,LR,smote,True,15.0,PGD_eps0.3_it25,0.185197469733943,PGD,0.3,25.0,,,,,,42
0.4870762159728968,0.7205212814836472,0.5355645937470893,0.6144256455921638,0.6691,0.4644354062529107,SVM,smote,True,15.0,PGD_eps0.3_it25,0.4472979696273306,PGD,0.3,25.0,,,,,,42
0.2184605178990262,0.3915947676036738,0.0436834425160669,0.0785989609519021,0.2186,0.9563165574839332,RF,smote,True,15.0,PGD_eps0.3_it25,0.7807102750598214,PGD,0.3,25.0,,,,,,42
0.0368641758866592,0.1205966930265995,0.0416653730323822,0.0619332210351431,0.9786,0.9583346269676176,MLP,smote,True,15.0,PGD_eps0.3_it25,0.9627804496671326,PGD,0.3,25.0,,,,,,42
0.5381079864483878,0.7526330432017805,0.5879412586544134,0.6601708209865783,0.6224,0.4120587413455866,LR,smote,True,15.0,PGD_eps0.5_it10,0.3921912388353195,PGD,0.5,10.0,,,,,,42
0.395294842332204,0.6375571011152722,0.4809835760191251,0.5483117434699512,0.8807,0.5190164239808749,SVM,smote,True,15.0,PGD_eps0.5_it10,0.5402876163851311,PGD,0.5,10.0,,,,,,42
0.2551351607477078,0.7363245236631838,0.03719457294545,0.0708121527367301,0.0429,0.96280542705455,RF,smote,True,15.0,PGD_eps0.5_it10,0.743940865692151,PGD,0.5,10.0,,,,,,42
0.0366509512189343,0.1204310731926358,0.0416343258095563,0.0618770764119601,0.9794,0.9583656741904436,MLP,smote,True,15.0,PGD_eps0.5_it10,0.9629936743348576,PGD,0.5,10.0,,,,,,42
0.5004146035205762,0.7264066444100643,0.5539445496600329,0.6285603565200543,0.672,0.4460554503399671,LR,smote,True,15.0,PGD_eps0.5_it25,0.4301689213200976,PGD,0.5,25.0,,,,,,42
0.3684522258286147,0.6193362565557562,0.4472973392530038,0.5194425916244524,0.8855,0.5527026607469961,SVM,smote,True,15.0,PGD_eps0.5_it25,0.5672013077779621,PGD,0.5,25.0,,,,,,42
0.2583572223933284,0.7620150550086856,0.0408581452389083,0.0775577557755775,0.0411,0.9591418547610916,RF,smote,True,15.0,PGD_eps0.5_it25,0.7406951124167831,PGD,0.5,25.0,,,,,,42
0.0366509512189343,0.1204310731926358,0.0416343258095563,0.0618770764119601,0.9794,0.9583656741904436,MLP,smote,True,15.0,PGD_eps0.5_it25,0.9629936743348576,PGD,0.5,25.0,,,,,,42
0.4600440664313298,0.693547061241266,0.523890837964544,0.5968977166203859,0.7456,0.4761091620354559,LR,smote,True,15.0,PGD_eps0.75_it10,0.4722452557511431,PGD,0.75,10.0,,,,,,42
0.3561799616195598,0.6071702290726391,0.4427333974975938,0.5120746925217704,0.9226,0.5572666025024061,SVM,smote,True,15.0,PGD_eps0.75_it10,0.5795209552465114,PGD,0.75,10.0,,,,,,42
0.2588310549882726,0.7801332525741974,0.0399888229997826,0.0760779681039574,0.0363,0.9600111770002172,RF,smote,True,15.0,PGD_eps0.75_it10,0.7402449714515862,PGD,0.75,10.0,,,,,,42
0.0364851098107038,0.1201508620689655,0.0415411841410785,0.0617372245933787,0.9798,0.9584588158589216,MLP,smote,True,15.0,PGD_eps0.75_it10,0.963159515743088,PGD,0.75,10.0,,,,,,42
0.3798005164775285,0.6278025005297733,0.4599025117203266,0.5308938427352878,0.8782,0.5400974882796734,LR,smote,True,15.0,PGD_eps0.75_it25,0.5501433343599706,PGD,0.75,25.0,,,,,,42
0.3478878912080362,0.6004115932087121,0.4347853084541588,0.5043487655988331,0.932,0.5652146915458413,SVM,smote,True,15.0,PGD_eps0.75_it25,0.5878130256580351,PGD,0.75,25.0,,,,,,42
0.2411807908266009,0.5405405405405406,0.0372566673911018,0.0697086758256121,0.102,0.962743332608898,RF,smote,True,15.0,PGD_eps0.75_it25,0.7578478523537634,PGD,0.75,25.0,,,,,,42
0.0364851098107038,0.1201508620689655,0.0415411841410785,0.0617372245933787,0.9798,0.9584588158589216,MLP,smote,True,15.0,PGD_eps0.75_it25,0.963159515743088,PGD,0.75,25.0,,,,,,42
0.9026037101092184,0.9671477023342422,0.9030395231146574,0.9339948300499332,0.0988,0.0969604768853426,LR,smote,True,15.0,CW_c0.0_it10,0.0012319647468549,CW,,10.0,0.0,,,,,42
0.9001634722452557,0.967221869888848,0.8996553758266324,0.932215931025608,0.0982,0.1003446241733676,SVM,smote,True,15.0,CW_c0.0_it10,0.0057096827690776,CW,,10.0,0.0,,,,,42
0.237698121253761,0.50229134842383,0.1122978049613462,0.1835574727226592,0.3584,0.8877021950386538,RF,smote,True,15.0,CW_c0.0_it10,0.7616622047430642,CW,,10.0,0.0,,,,,42
0.0428581582127034,0.137277477637056,0.0481231953801732,0.0712643678160919,0.9741,0.9518768046198268,MLP,smote,True,15.0,CW_c0.0_it10,0.9561467933379136,CW,,10.0,0.0,,,,,42
0.9021298775142742,0.9668462357009844,0.9026980036635724,0.9336715852346622,0.0997,0.0973019963364277,LR,smote,True,15.0,CW_c0.5_it10,0.0017294889715463,CW,,10.0,0.5,,,,,42
0.9001160889857613,0.9670326003536988,0.899779564717936,0.9321946669239924,0.0988,0.100220435282064,SVM,smote,True,15.0,CW_c0.5_it10,0.0057807576583193,CW,,10.0,0.5,,,,,42
0.2175602359686322,0.4372407435858043,0.0883603961625632,0.1470117258122837,0.3663,0.9116396038374368,RF,smote,True,15.0,CW_c0.5_it10,0.7817290151389514,CW,,10.0,0.5,,,,,42
0.0356559027695515,0.1192973021421529,0.0413238535812971,0.0613844947654844,0.9826,0.9586761464187028,MLP,smote,True,15.0,CW_c0.5_it10,0.9640361060437348,CW,,10.0,0.5,,,,,42
0.9037882915965788,0.9680723692962618,0.9037225620168275,0.9347913354850104,0.096,0.0962774379831724,LR,smotenc,True,,clean,0.0,,,,,257668.0,2.0,proto;conn_state,True,42
0.9058731550143334,0.9709139426284188,0.9037225620168275,0.9361141037804114,0.0872,0.0962774379831724,SVM,smotenc,True,,clean,0.0,,,,,257668.0,2.0,proto;conn_state,True,42
0.9987443436233978,0.9995029203429848,0.9988512527554412,0.9991769802941132,0.0016,0.0011487472445589,RF,smotenc,True,,clean,0.0,,,,,257668.0,2.0,proto;conn_state,True,42
0.9638939562652517,0.9951269887372124,0.9573721630600144,0.9758845496550416,0.0151,0.0426278369399857,MLP,smotenc,True,,clean,0.0,,,,,257668.0,2.0,proto;conn_state,True,42
0.7799284512781635,0.9465747018938508,0.7541680896643795,0.8394878263724491,0.1371,0.2458319103356205,LR,smotenc,True,,FGSM_eps0.15,0.1419365538155369,FGSM,0.15,1.0,,257668.0,2.0,proto;conn_state,True,42
0.7186855883816248,0.9101286757290952,0.7005184886211928,0.7916842105263158,0.2228,0.2994815113788072,SVM,smotenc,True,,FGSM_eps0.15,0.2108791963799189,FGSM,0.15,1.0,,257668.0,2.0,proto;conn_state,True,42
0.0981307304129451,0.0595488721804511,0.0122947002390636,0.0203813788311588,0.6254,0.9877052997609364,RF,smotenc,True,,FGSM_eps0.15,0.9012769788433748,FGSM,0.15,1.0,,257668.0,2.0,proto;conn_state,True,42
0.0528323343362789,0.129293893129771,0.0420689869291191,0.0634823959333786,0.9125,0.9579310130708808,MLP,smotenc,True,,FGSM_eps0.15,0.9461252339548436,FGSM,0.15,1.0,,257668.0,2.0,proto;conn_state,True,42
0.6958705489350613,0.9069747899159664,0.6701853519202707,0.7708046921030549,0.2214,0.3298146480797292,LR,smotenc,True,,FGSM_eps0.3,0.2319173635954417,FGSM,0.3,1.0,,257668.0,2.0,proto;conn_state,True,42
0.5351228411002393,0.7829175095527084,0.5407184327361918,0.6396591618613876,0.4829,0.4592815672638082,SVM,smotenc,True,,FGSM_eps0.3,0.399796251984174,FGSM,0.3,1.0,,257668.0,2.0,proto;conn_state,True,42
0.1325783600653889,0.2239909751817498,0.0554813871899158,0.0889342324632343,0.6191,0.944518612810084,RF,smotenc,True,,FGSM_eps0.3,0.8667819659314364,FGSM,0.3,1.0,,257668.0,2.0,proto;conn_state,True,42
0.0398730128645549,0.1235629582692133,0.0423794591573783,0.0631126317736267,0.9682,0.9576205408426216,MLP,smotenc,True,,FGSM_eps0.3,0.9590845554265678,FGSM,0.3,1.0,,257668.0,2.0,proto;conn_state,True,42
0.5408562154990642,0.8332380902904047,0.4979664069049023,0.6233821757549847,0.321,0.5020335930950977,LR,smotenc,True,,FGSM_eps0.5,0.3905802080125092,FGSM,0.5,1.0,,257668.0,2.0,proto;conn_state,True,42
0.3902722168257954,0.6569821021487122,0.4205346331770623,0.5128156589558173,0.7072,0.5794653668229377,SVM,smotenc,True,,FGSM_eps0.5,0.5468501978251084,FGSM,0.5,1.0,,257668.0,2.0,proto;conn_state,True,42
0.1548721836575138,0.2945782417843161,0.0770902542767549,0.1222008957133717,0.5946,0.922909745723245,RF,smotenc,True,,FGSM_eps0.5,0.8444407590798171,FGSM,0.5,1.0,,257668.0,2.0,proto;conn_state,True,42
0.0380487573740197,0.1247988557124977,0.0433419230649818,0.0643392095863578,0.979,0.956658076935018,MLP,smotenc,True,,FGSM_eps0.5,0.9608377360278614,FGSM,0.5,1.0,,257668.0,2.0,proto;conn_state,True,42
0.4522495202444976,0.7198490639059552,0.4619826756496631,0.5627836611195158,0.5791,0.5380173243503369,LR,smotenc,True,,FGSM_eps0.75,0.4820772820962354,FGSM,0.75,1.0,,257668.0,2.0,proto;conn_state,True,42
0.3502096709232628,0.6073641670408622,0.4199447359433698,0.4965583068705372,0.8744,0.5800552640566301,SVM,smotenc,True,,FGSM_eps0.75,0.5871733516548603,FGSM,0.75,1.0,,257668.0,2.0,proto;conn_state,True,42
0.1946978132625743,0.4266666666666667,0.16094880312956,0.2337293446651187,0.6966,0.8390511968704399,RF,smotenc,True,,FGSM_eps0.75,0.8046625127342509,FGSM,0.75,1.0,,257668.0,2.0,proto;conn_state,True,42
0.0375275415195811,0.123344074471894,0.0427830730541153,0.0635301168714414,0.9794,0.9572169269458848,MLP,smotenc,True,,FGSM_eps0.75,0.9612641853633112,FGSM,0.75,1.0,,257668.0,2.0,proto;conn_state,True,42
0.9031486175934044,0.957653874947108,0.913471389984166,0.9350409966312846,0.1301,0.086528610015834,LR,smotenc,True,,PGD_eps0.15_it10,0.0158260086711364,PGD,0.15,10.0,,257668.0,2.0,proto;conn_state,True,42
0.8896680802672415,0.956763925729443,0.8958986618646962,0.9253314948131284,0.1304,0.1041013381353038,SVM,smotenc,True,,PGD_eps0.15_it10,0.0314624843042952,PGD,0.15,10.0,,257668.0,2.0,proto;conn_state,True,42
0.1335971001445189,0.1390498261877172,0.0260796671737713,0.0439215686274509,0.5201,0.9739203328262288,RF,smotenc,True,,PGD_eps0.15_it10,0.8657632258523064,PGD,0.15,10.0,,257668.0,2.0,proto;conn_state,True,42
0.0532114004122343,0.1302689300019073,0.0424105063802042,0.0639887574657454,0.912,0.9575894936197956,MLP,smotenc,True,,PGD_eps0.15_it10,0.9457461678788884,PGD,0.15,10.0,,257668.0,2.0,proto;conn_state,True,42
0.902793243147196,0.9577524429967428,0.9128814927504736,0.9347788074838258,0.1297,0.0871185072495265,LR,smotenc,True,,PGD_eps0.15_it25,0.0162524580065862,PGD,0.15,25.0,,257668.0,2.0,proto;conn_state,True,42
0.8948328555521334,0.9571343912556792,0.9026048619950944,0.9290701947813303,0.1302,0.0973951380049054,SVM,smotenc,True,,PGD_eps0.15_it25,0.026368783908645,PGD,0.15,25.0,,257668.0,2.0,proto;conn_state,True,42
0.1243336729133597,0.1197183098591549,0.0232233226737868,0.0389005902696518,0.55,0.9767766773262132,RF,smotenc,True,,PGD_eps0.15_it25,0.8750503447132129,PGD,0.15,25.0,,257668.0,2.0,proto;conn_state,True,42
0.0529744841147622,0.129438717067583,0.0421000341519451,0.0635351997188708,0.912,0.9578999658480548,MLP,smotenc,True,,PGD_eps0.15_it25,0.9459830841763603,PGD,0.15,25.0,,257668.0,2.0,proto;conn_state,True,42
0.7838612618162003,0.9183762232693004,0.7866745319631159,0.8474389203832841,0.2252,0.2133254680368841,LR,smotenc,True,,PGD_eps0.3_it10,0.1457982894643322,PGD,0.3,10.0,,257668.0,2.0,proto;conn_state,True,42
0.5568717572081784,0.8183489698741219,0.5389176938122885,0.6498689629352302,0.3853,0.4610823061877115,SVM,smotenc,True,,PGD_eps0.3_it10,0.3757966310502499,PGD,0.3,10.0,,257668.0,2.0,proto;conn_state,True,42
0.2376744296240138,0.5054907343857241,0.0457325592225775,0.0838766620163425,0.1441,0.9542674407774224,RF,smotenc,True,,PGD_eps0.3_it10,0.7615437465943282,PGD,0.3,10.0,,257668.0,2.0,proto;conn_state,True,42
0.0407732947949489,0.1224117486089574,0.0416653730323822,0.0621699249513573,0.9621,0.9583346269676176,MLP,smotenc,True,,PGD_eps0.3_it10,0.958184273496174,PGD,0.3,10.0,,257668.0,2.0,proto;conn_state,True,42
0.7678220284773389,0.913221464134243,0.768791331615387,0.8348054750185423,0.2353,0.231208668384613,LR,smotenc,True,,PGD_eps0.3_it25,0.1617190646544575,PGD,0.3,25.0,,257668.0,2.0,proto;conn_state,True,42
0.5374209291857187,0.820076713434945,0.5044863236983452,0.6246852353766603,0.3565,0.4955136763016548,SVM,smotenc,True,,PGD_eps0.3_it25,0.394726243218271,PGD,0.3,25.0,,257668.0,2.0,proto;conn_state,True,42
0.2122533109052571,0.3311709373986377,0.0316992145052625,0.0578601382749631,0.2062,0.9683007854947376,RF,smotenc,True,,PGD_eps0.3_it25,0.7870596318320737,PGD,0.3,25.0,,257668.0,2.0,proto;conn_state,True,42
0.0407732947949489,0.1224117486089574,0.0416653730323822,0.0621699249513573,0.9621,0.9583346269676176,MLP,smotenc,True,,PGD_eps0.3_it25,0.958184273496174,PGD,0.3,25.0,,257668.0,2.0,proto;conn_state,True,42
0.5709445852780213,0.8517539044957837,0.529976093638424,0.6533971291866029,0.2971,0.470023906361576,LR,smotenc,True,,PGD_eps0.5_it10,0.3592835651164444,PGD,0.5,10.0,,257668.0,2.0,proto;conn_state,True,42
0.4496671326020517,0.7579866697310963,0.4095749635195131,0.5317961018281498,0.4212,0.5904250364804868,SVM,smotenc,True,,PGD_eps0.5_it10,0.4828354142481461,PGD,0.5,10.0,,257668.0,2.0,proto;conn_state,True,42
0.2497808524248383,0.5948968891995806,0.0528423732497128,0.0970630168234958,0.1159,0.9471576267502873,RF,smotenc,True,,PGD_eps0.5_it10,0.7492951740150205,PGD,0.5,10.0,,257668.0,2.0,proto;conn_state,True,42
0.0416025018361013,0.1228038067349926,0.0416653730323822,0.0622203676658089,0.9586,0.9583346269676176,MLP,smotenc,True,,PGD_eps0.5_it10,0.9573550664550214,PGD,0.5,10.0,,257668.0,2.0,proto;conn_state,True,42
0.5576298893600891,0.8450675503441244,0.5146387655624204,0.6397036122259957,0.3039,0.4853612344375795,LR,smotenc,True,,PGD_eps0.5_it25,0.372645644293871,PGD,0.5,25.0,,257668.0,2.0,proto;conn_state,True,42
0.4166646923641877,0.7184315080324754,0.3873761991989816,0.5033483943843795,0.489,0.6126238008010183,SVM,smotenc,True,,PGD_eps0.5_it25,0.51583785448601,PGD,0.5,25.0,,257668.0,2.0,proto;conn_state,True,42
0.2254021654149589,0.3760204081632653,0.0228818032227017,0.0431385173695454,0.1223,0.9771181967772984,RF,smotenc,True,,PGD_eps0.5_it25,0.7737686275438888,PGD,0.5,25.0,,257668.0,2.0,proto;conn_state,True,42
0.0416025018361013,0.1228038067349926,0.0416653730323822,0.0622203676658089,0.9586,0.9583346269676176,MLP,smotenc,True,,PGD_eps0.5_it25,0.9573550664550214,PGD,0.5,25.0,,257668.0,2.0,proto;conn_state,True,42
0.5148428060366272,0.8384788504818512,0.4511161476605917,0.5866203722394929,0.2799,0.5488838523394083,LR,smotenc,True,,PGD_eps0.75_it10,0.4152668862091023,PGD,0.75,10.0,,257668.0,2.0,proto;conn_state,True,42
0.4399535644056954,0.7550595238095238,0.3938340215467726,0.5176600216286804,0.4115,0.6061659784532274,SVM,smotenc,True,,PGD_eps0.75_it10,0.4896586036153427,PGD,0.75,10.0,,257668.0,2.0,proto;conn_state,True,42
0.2281030112061408,0.4538690476190476,0.0568164177714303,0.1009905907673629,0.2202,0.9431835822285696,RF,smotenc,True,,PGD_eps0.75_it10,0.7710203984932124,PGD,0.75,10.0,,257668.0,2.0,proto;conn_state,True,42
0.0411997441303987,0.1221988475258392,0.0414790896954267,0.0619350053312317,0.9597,0.9585209103045732,MLP,smotenc,True,,PGD_eps0.75_it10,0.957757824160724,PGD,0.75,10.0,,257668.0,2.0,proto;conn_state,True,42
0.4370631855765358,0.7629809488233097,0.3804837157316278,0.5077582813697665,0.3807,0.6195162842683722,LR,smotenc,True,,PGD_eps0.75_it25,0.4934492643748963,PGD,0.75,25.0,,257668.0,2.0,proto;conn_state,True,42
0.4182046482977564,0.7498693834900731,0.356484212487193,0.4832389890785126,0.383,0.643515787512807,SVM,smotenc,True,,PGD_eps0.75_it25,0.514700656258144,PGD,0.75,25.0,,257668.0,2.0,proto;conn_state,True,42
0.1834442891326494,0.2145206172527194,0.0263280449563786,0.046900060837343,0.3105,0.9736719550436214,RF,smotenc,True,,PGD_eps0.75_it25,0.8157265038261982,PGD,0.75,25.0,,257668.0,2.0,proto;conn_state,True,42
0.0411997441303987,0.1221988475258392,0.0414790896954267,0.0619350053312317,0.9597,0.9585209103045732,MLP,smotenc,True,,PGD_eps0.75_it25,0.957757824160724,PGD,0.75,25.0,,257668.0,2.0,proto;conn_state,True,42
0.9026984766282072,0.9671520712813352,0.903163712005961,0.9340632876844284,0.0988,0.0968362879940389,LR,smotenc,True,,CW_c0.0_it10,0.0011845814873605,CW,,10.0,0.0,257668.0,2.0,proto;conn_state,True,42
0.9026510933687129,0.9698053902226976,0.9004626036201062,0.9338485068018996,0.0903,0.0995373963798938,SVM,smotenc,True,,CW_c0.0_it10,0.0033168281646094,CW,,10.0,0.0,257668.0,2.0,proto;conn_state,True,42
0.306522305669407,0.643822204816918,0.2041665373032382,0.310020507743441,0.3638,0.7958334626967618,RF,smotenc,True,,CW_c0.0_it10,0.6928380203274184,CW,,10.0,0.0,257668.0,2.0,proto;conn_state,True,42
0.0429529247316922,0.1326393251368572,0.0458877953367071,0.0681860121793688,0.9665,0.9541122046632928,MLP,smotenc,True,,CW_c0.0_it10,0.9560046435594304,CW,,10.0,0.0,257668.0,2.0,proto;conn_state,True,42
0.9025089435902296,0.9668949012829888,0.903163712005961,0.933943334135966,0.0996,0.0968362879940389,LR,smotenc,True,,CW_c0.5_it10,0.0014214977848326,CW,,10.0,0.5,257668.0,2.0,proto;conn_state,True,42
0.9026037101092184,0.9697405376487896,0.9004626036201062,0.9338184393966223,0.0905,0.0995373963798938,SVM,smotenc,True,,CW_c0.5_it10,0.003387903053851,CW,,10.0,0.5,257668.0,2.0,proto;conn_state,True,42
0.284560164893743,0.6050349942546746,0.1798255146077183,0.2772485759417931,0.3781,0.8201744853922817,RF,smotenc,True,,CW_c0.5_it10,0.714658011324599,CW,,10.0,0.5,257668.0,2.0,proto;conn_state,True,42
0.0365561846999455,0.1199101123595505,0.0414169952497749,0.0615682835648682,0.9791,0.9585830047502252,MLP,smotenc,True,,CW_c0.5_it10,0.9625198417399132,CW,,10.0,0.5,257668.0,2.0,proto;conn_state,True,42
0.9206804236063398,0.9507699996876268,0.9449843211524728,0.9478683317243312,0.1576,0.055015678847527,LR,none,True,,clean,0.0,,,,,168834.0,2.0,proto;conn_state,False,42
0.9221256130209196,0.9507512000498722,0.9470023906361577,0.948873092656826,0.158,0.0529976093638424,SVM,none,True,,clean,0.0,,,,,168834.0,2.0,proto;conn_state,False,42
0.998862801772134,0.999254866652178,0.999254866652178,0.999254866652178,0.0024,0.000745133347822,RF,none,True,,clean,0.0,,,,,168834.0,2.0,proto;conn_state,False,42
0.9751948636546708,0.9731264423660876,0.9949703499022012,0.9839271733623984,0.0885,0.0050296500977987,MLP,none,True,,clean,0.0,,,,,168834.0,2.0,proto;conn_state,False,42
0.9043805823402592,0.9637225532475228,0.908907448228756,0.9355127344773592,0.1102,0.091092551771244,LR,none,True,,FGSM_eps0.15,0.0334525812030609,FGSM,0.15,1.0,,168834.0,2.0,proto;conn_state,False,42
0.7974128740316047,0.8875311230507142,0.8411003135769506,0.8636921556437601,0.3433,0.1588996864230494,SVM,none,True,,FGSM_eps0.15,0.1426946859674477,FGSM,0.15,1.0,,168834.0,2.0,proto;conn_state,False,42
0.2142434078040228,0.4506650170120631,0.1357074109720885,0.208599790016226,0.5328,0.8642925890279115,RF,none,True,,FGSM_eps0.15,0.7852353763415385,FGSM,0.15,1.0,,168834.0,2.0,proto;conn_state,False,42
0.1153308536094197,0.2505347073692397,0.0800086932223912,0.1212848570420049,0.7709,0.9199913067776088,MLP,none,True,,FGSM_eps0.15,0.8836740979411973,FGSM,0.15,1.0,,168834.0,2.0,proto;conn_state,False,42
0.8584662038901656,0.948568888280956,0.8612189139681455,0.9027859142094644,0.1504,0.1387810860318544,LR,none,True,,FGSM_eps0.3,0.0909995498590348,FGSM,0.3,1.0,,168834.0,2.0,proto;conn_state,False,42
0.5994929991234097,0.7557828586709453,0.7019777080940109,0.727887323943662,0.7306,0.298022291905989,SVM,none,True,,FGSM_eps0.3,0.3440024639294937,FGSM,0.3,1.0,,168834.0,2.0,proto;conn_state,False,42
0.1797010116325902,0.3323615160349854,0.0743270514452482,0.1214858418755708,0.4809,0.9256729485547518,RF,none,True,,FGSM_eps0.3,0.8198488474022128,FGSM,0.3,1.0,,168834.0,2.0,proto;conn_state,False,42
0.0858821578336373,0.1492241663915483,0.0421000341519451,0.0656722200697404,0.7731,0.9578999658480548,MLP,none,True,,FGSM_eps0.3,0.912577886232794,FGSM,0.3,1.0,,168834.0,2.0,proto;conn_state,False,42
0.7915373498542965,0.8983460386604956,0.8195535409357633,0.8571428571428571,0.2987,0.1804464590642367,LR,none,True,,FGSM_eps0.5,0.1640882276291786,FGSM,0.5,1.0,,168834.0,2.0,proto;conn_state,False,42
0.596152479329053,0.7532315708607502,0.7001459219472819,0.7257192508206217,0.7388,0.2998540780527182,SVM,none,True,,FGSM_eps0.5,0.3476272832808169,FGSM,0.5,1.0,,168834.0,2.0,proto;conn_state,False,42
0.1774503068066052,0.3424158714213963,0.0846657766462789,0.1357628257785079,0.5237,0.915334223353721,RF,none,True,,FGSM_eps0.5,0.8220995522281977,FGSM,0.5,1.0,,168834.0,2.0,proto;conn_state,False,42
0.0880854794001279,0.2031190926275992,0.0667204818528982,0.1004463764051508,0.8431,0.9332795181471016,MLP,none,True,,FGSM_eps0.5,0.9006609964699471,FGSM,0.5,1.0,,168834.0,2.0,proto;conn_state,False,42
0.6827927693146012,0.8505700022353029,0.7088391443385389,0.7732637889282146,0.4011,0.2911608556614611,LR,none,True,,FGSM_eps0.75,0.2836835745930962,FGSM,0.75,1.0,,168834.0,2.0,proto;conn_state,False,42
0.5959629462910754,0.7532671546508908,0.699711260827719,0.7255021890291012,0.7382,0.300288739172281,SVM,none,True,,FGSM_eps0.75,0.3480774242460139,FGSM,0.75,1.0,,168834.0,2.0,proto;conn_state,False,42
0.1773318486578691,0.332667997338656,0.0776180570647955,0.1258684925989326,0.5015,0.9223819429352044,RF,none,True,,FGSM_eps0.75,0.8221943187471866,FGSM,0.75,1.0,,168834.0,2.0,proto;conn_state,False,42
0.0737520434030657,0.1440090974878528,0.043248781396504,0.0665202234850293,0.828,0.956751218603496,MLP,none,True,,FGSM_eps0.75,0.918998317894288,FGSM,0.75,1.0,,168834.0,2.0,proto;conn_state,False,42
0.9099244237011064,0.9602410809759891,0.9200534012232606,0.9397177739020136,0.1227,0.0799465987767394,LR,none,True,,PGD_eps0.15_it10,0.0206117178800729,PGD,0.15,10.0,,168834.0,2.0,proto;conn_state,False,42
0.8232604420858111,0.8811408507099516,0.8881989506038684,0.8846558228709258,0.3859,0.1118010493961315,SVM,none,True,,PGD_eps0.15_it10,0.1163259020588026,PGD,0.15,10.0,,168834.0,2.0,proto;conn_state,False,42
0.4337226657821791,0.7392431311560393,0.3984600577478344,0.5178131934637886,0.4527,0.6015399422521656,RF,none,True,,PGD_eps0.15_it10,0.5657561183633822,PGD,0.15,10.0,,168834.0,2.0,proto;conn_state,False,42
0.0941742282451609,0.2133954904385881,0.0696389207985345,0.1050093632958801,0.8268,0.9303610792014654,MLP,none,True,,PGD_eps0.15_it10,0.9048781065649506,PGD,0.15,10.0,,168834.0,2.0,proto;conn_state,False,42
0.9127200360112772,0.9538006299914092,0.9307025986525506,0.942110060027028,0.1452,0.0692974013474494,LR,none,True,,PGD_eps0.15_it25,0.0127697884337463,PGD,0.15,25.0,,168834.0,2.0,proto;conn_state,False,42
0.831362979459357,0.8924761457844518,0.885715172777795,0.8890828061208589,0.3437,0.1142848272222049,SVM,none,True,,PGD_eps0.15_it25,0.1078679902390485,PGD,0.15,25.0,,168834.0,2.0,proto;conn_state,False,42
0.3904143666042787,0.6928847871390295,0.3612965320252103,0.4749408211574565,0.5158,0.6387034679747896,RF,none,True,,PGD_eps0.15_it25,0.6091354924305243,PGD,0.15,25.0,,168834.0,2.0,proto;conn_state,False,42
0.1295695230874932,0.3107193583423845,0.1154646216895898,0.1683643442437412,0.825,0.8845353783104102,MLP,none,True,,PGD_eps0.15_it25,0.8694354284631239,PGD,0.15,25.0,,168834.0,2.0,proto;conn_state,False,42
0.8003743277500059,0.8501722665567302,0.8963643702070849,0.8726574779349534,0.5088,0.103635629792915,LR,none,True,,PGD_eps0.3_it10,0.1276741927077163,PGD,0.3,10.0,,168834.0,2.0,proto;conn_state,False,42
0.5494562770973015,0.745862531683316,0.6212549287466236,0.6778799735758931,0.6818,0.3787450712533763,SVM,none,True,,PGD_eps0.3_it10,0.3907697410504868,PGD,0.3,10.0,,168834.0,2.0,proto;conn_state,False,42
0.3374398824895164,0.6610491156152737,0.2703592163680959,0.3837644881230443,0.4465,0.7296407836319041,RF,none,True,,PGD_eps0.3_it10,0.6619915183965505,PGD,0.3,10.0,,168834.0,2.0,proto;conn_state,False,42
0.0464355943045322,0.0385674931129476,0.0104318668695085,0.0164218860731653,0.8376,0.9895681331304916,MLP,none,True,,PGD_eps0.3_it10,0.9526167405055794,PGD,0.3,10.0,,168834.0,2.0,proto;conn_state,False,42
0.8361486886682935,0.8680480777625796,0.9260455152286629,0.8961093585699264,0.4534,0.0739544847713372,LR,none,True,,PGD_eps0.3_it25,0.0877301049539197,PGD,0.3,25.0,,168834.0,2.0,proto;conn_state,False,42
0.5445758013693762,0.7648258422383555,0.5821975224316185,0.6611313836444727,0.5766,0.4178024775683815,SVM,none,True,,PGD_eps0.3_it25,0.3955317586296761,PGD,0.3,25.0,,168834.0,2.0,proto;conn_state,False,42
0.2705821033428889,0.5607420706163974,0.2036387345151976,0.2987746549446545,0.5138,0.7963612654848023,RF,none,True,,PGD_eps0.3_it25,0.7288256059134308,PGD,0.3,25.0,,168834.0,2.0,proto;conn_state,False,42
0.0535430832286953,0.0713336287106778,0.0199944114998913,0.0312340858937362,0.8384,0.9800055885001088,MLP,none,True,,PGD_eps0.3_it25,0.9455092515814164,PGD,0.3,25.0,,168834.0,2.0,proto;conn_state,False,42
0.6661849368618067,0.7738084444041466,0.7949020460119842,0.7842134280813526,0.7484,0.2050979539880157,LR,none,True,,PGD_eps0.5_it10,0.2692790637067924,PGD,0.5,10.0,,168834.0,2.0,proto;conn_state,False,42
0.4033026131867611,0.6636071378651633,0.4422055947095532,0.5307422864808466,0.722,0.5577944052904468,SVM,none,True,,PGD_eps0.5_it10,0.5368997133312801,PGD,0.5,10.0,,168834.0,2.0,proto;conn_state,False,42
0.3264469662868108,0.6705478833829768,0.2306498183737464,0.3432360007392349,0.365,0.7693501816262536,RF,none,True,,PGD_eps0.5_it10,0.6729370513397617,PGD,0.5,10.0,,168834.0,2.0,proto;conn_state,False,42
0.0389727309341609,0.0274855785544621,0.0075444751466981,0.0118392204628501,0.8598,0.992455524853302,MLP,none,True,,PGD_eps0.5_it10,0.9600796038759506,PGD,0.5,10.0,,168834.0,2.0,proto;conn_state,False,42
0.6966997559762136,0.8131070310735374,0.7823589679903132,0.7974367088607595,0.5792,0.2176410320096867,LR,none,True,,PGD_eps0.5_it25,0.239048544149352,PGD,0.5,25.0,,168834.0,2.0,proto;conn_state,False,42
0.4033263048165083,0.7052840776245032,0.3746157906175292,0.4893241681367479,0.5042,0.6253842093824707,SVM,none,True,,PGD_eps0.5_it25,0.5362837309578526,PGD,0.5,25.0,,168834.0,2.0,proto;conn_state,False,42
0.3013575303845151,0.636903563519227,0.1964357788195846,0.3002633889376646,0.3607,0.8035642211804154,RF,none,True,,PGD_eps0.5_it25,0.6980264872420574,PGD,0.5,25.0,,168834.0,2.0,proto;conn_state,False,42
0.0437347485133502,0.0491041804910418,0.0137849669347076,0.0215267508666456,0.8598,0.9862150330652923,MLP,none,True,,PGD_eps0.5_it25,0.9553175862967612,PGD,0.5,25.0,,168834.0,2.0,proto;conn_state,False,42
0.6348172190765002,0.7765883864167847,0.7320314197894998,0.7536519098609558,0.6783,0.2679685802105002,LR,none,True,,PGD_eps0.75_it10,0.3018550546092066,PGD,0.75,10.0,,168834.0,2.0,proto;conn_state,False,42
0.3242199530905731,0.6055208750930645,0.3282622869384333,0.4257298167908194,0.6888,0.6717377130615666,SVM,none,True,,PGD_eps0.75_it10,0.6152242412755573,PGD,0.75,10.0,,168834.0,2.0,proto;conn_state,False,42
0.3233196711601791,0.6607315998237109,0.2327299823030829,0.34421637507462,0.3849,0.767270017696917,RF,none,True,,PGD_eps0.75_it10,0.676016963206899,PGD,0.75,10.0,,168834.0,2.0,proto;conn_state,False,42
0.0401573124215214,0.0368098159509202,0.010245583532553,0.0160295332005634,0.8635,0.989754416467447,MLP,none,True,,PGD_eps0.75_it10,0.95889502238859,PGD,0.75,10.0,,168834.0,2.0,proto;conn_state,False,42
0.5542182946764908,0.7297807363689394,0.6603123350616288,0.693310731516495,0.7875,0.3396876649383712,LR,none,True,,PGD_eps0.75_it25,0.3825487455282049,PGD,0.75,25.0,,168834.0,2.0,proto;conn_state,False,42
0.2682366319979151,0.5406369113488257,0.2730292775311248,0.3628261990716864,0.7472,0.7269707224688752,SVM,none,True,,PGD_eps0.75_it25,0.6719420028903789,PGD,0.75,25.0,,168834.0,2.0,proto;conn_state,False,42
0.2919045701153782,0.616131291904333,0.1911577509391785,0.2917871190938818,0.3836,0.8088422490608215,RF,none,True,,PGD_eps0.75_it25,0.7074794475111943,PGD,0.75,25.0,,168834.0,2.0,proto;conn_state,False,42
0.0356559027695515,0.0160647145949641,0.0043776584184544,0.006880398184746,0.8636,0.9956223415815456,MLP,none,True,,PGD_eps0.75_it25,0.96339643204056,PGD,0.75,25.0,,168834.0,2.0,proto;conn_state,False,42
0.9183112606316188,0.9502771080564862,0.942252165543792,0.9462476226109188,0.1588,0.0577478344562078,LR,none,True,,CW_c0.0_it10,0.0027008457911819,CW,,10.0,0.0,168834.0,2.0,proto;conn_state,False,42
0.9016797365490772,0.9453385391867442,0.9246173429786706,0.9348631341034656,0.1722,0.0753826570213294,SVM,none,True,,CW_c0.0_it10,0.0221753654433888,CW,,10.0,0.0,168834.0,2.0,proto;conn_state,False,42
0.6514961264185364,0.8798350336444541,0.6292340650128846,0.7337267395554269,0.2768,0.3707659349871154,RF,none,True,,CW_c0.0_it10,0.3477457414295529,CW,,10.0,0.0,168834.0,2.0,proto;conn_state,False,42
0.0348977706176407,0.02569807542552,0.0071719084727871,0.0112141366085732,0.8758,0.9928280915272129,MLP,none,True,,CW_c0.0_it10,0.964178255822218,CW,,10.0,0.0,168834.0,2.0,proto;conn_state,False,42
0.8798597455518965,0.9479400501782648,0.8915210034462417,0.9188652981552295,0.1577,0.1084789965537582,LR,none,True,,CW_c0.5_it10,0.0414366604278708,CW,,10.0,0.5,168834.0,2.0,proto;conn_state,False,42
0.862114714871236,0.9408011225069322,0.874320842000683,0.9063435357729072,0.1772,0.1256791579993169,SVM,none,True,,CW_c0.5_it10,0.0621668364566798,CW,,10.0,0.5,168834.0,2.0,proto;conn_state,False,42
0.4772678812575517,0.8072194294712616,0.413797385823838,0.5471264367816092,0.3183,0.5862026141761619,RF,none,True,,CW_c0.5_it10,0.5221161363690209,CW,,10.0,0.5,168834.0,2.0,proto;conn_state,False,42
0.0381435238930086,0.0433268016546919,0.0123567946847154,0.0192293755284454,0.8788,0.9876432053152846,MLP,none,True,,CW_c0.5_it10,0.960908810917103,CW,,10.0,0.5,168834.0,2.0,proto;conn_state,False,42
0.9028169347769434,0.967375037413948,0.9031016175603092,0.934134044124731,0.0981,0.0968983824396907,LR,smote,True,15.0,clean,0.0,,,,,,,,,7
0.9044279655997536,0.9694737894491284,0.903194759228787,0.9351613732801852,0.0916,0.096805240771213,SVM,smote,True,15.0,clean,0.0,,,,,,,,,7
0.9986969603639034,0.999161698956781,0.9991306777608744,0.9991461881180432,0.0027,0.0008693222391257,RF,smote,True,15.0,clean,0.0,,,,,,,,,7
0.961240493733564,0.9967181153533712,0.9523425129622156,0.9740251492442524,0.0101,0.0476574870377844,MLP,smote,True,15.0,clean,0.0,,,,,,,,,7
0.575303845151508,0.7555006976494579,0.6556242044149151,0.7020279255319148,0.6834,0.3443757955850849,LR,smote,True,15.0,FGSM_eps0.15,0.3608945959392546,FGSM,0.15,1.0,,,,,,7
0.099812836124997,0.2231365419577074,0.0724021236300413,0.1093295827473042,0.8119,0.9275978763699588,SVM,smote,True,15.0,FGSM_eps0.15,0.841502996991163,FGSM,0.15,1.0,,,,,,7
0.1317491530242365,0.1332011237811932,0.02502406159769,0.0421327757449032,0.5245,0.97497593840231,RF,smote,True,15.0,FGSM_eps0.15,0.8678243976403137,FGSM,0.15,1.0,,,,,,7
0.0642990831339287,0.1629348630643967,0.0546741593964419,0.0818746077132296,0.9047,0.945325840603558,MLP,smote,True,15.0,FGSM_eps0.15,0.9356298419768296,FGSM,0.15,1.0,,,,,,7
0.1400649150655073,0.3227540756156781,0.1155577633580676,0.1701835806222994,0.781,0.8844422366419323,LR,smote,True,15.0,FGSM_eps0.3,0.7994977374493591,FGSM,0.3,1.0,,,,,,7
0.0524058850008292,0.1424899008446566,0.048185289825825,0.0720168905593837,0.934,0.951814710174175,SVM,smote,True,15.0,FGSM_eps0.3,0.8892890141912863,FGSM,0.3,1.0,,,,,,7
0.1438318841953137,0.1418413855970829,0.0241547393585643,0.0412797792752162,0.4707,0.9758452606414356,RF,smote,True,15.0,FGSM_eps0.3,0.855694283209742,FGSM,0.3,1.0,,,,,,7
0.1018029330237627,0.2765457252566413,0.1095656493526654,0.1569490771625528,0.9232,0.8904343506473346,MLP,smote,True,15.0,FGSM_eps0.3,0.8977943092705347,FGSM,0.3,1.0,,,,,,7
0.0859295410931317,0.1817001298571571,0.0564748983203452,0.0861676930364756,0.8192,0.9435251016796548,LR,smote,True,15.0,FGSM_eps0.5,0.8539884858679428,FGSM,0.5,1.0,,,,,,7
0.0524058850008292,0.1424899008446566,0.048185289825825,0.0720168905593837,0.934,0.951814710174175,SVM,smote,True,15.0,FGSM_eps0.5,0.8893127058210334,FGSM,0.5,1.0,,,,,,7
0.1696320689900258,0.2982954545454545,0.0651991679344282,0.1070090957731407,0.494,0.9348008320655716,RF,smote,True,15.0,FGSM_eps0.5,0.8299651733042716,FGSM,0.5,1.0,,,,,,7
0.1724276813001966,0.4139805334344583,0.2033593095097643,0.2727405217463721,0.9272,0.7966406904902357,MLP,smote,True,15.0,FGSM_eps0.5,0.8271221777346064,FGSM,0.5,1.0,,,,,,7
0.0584472505863678,0.1623487225459435,0.0562265205377379,0.0835255050272115,0.9344,0.943773479462262,LR,smote,True,15.0,FGSM_eps0.75,0.8815181596342012,FGSM,0.75,1.0,,,,,,7
0.0522163519628515,0.1421883605654488,0.0480921481573473,0.0718743474932139,0.9345,0.9519078518426528,SVM,smote,True,15.0,FGSM_eps0.75,0.8895022388590111,FGSM,0.75,1.0,,,,,,7
0.1789191878509322,0.3411627303399948,0.081623148809339,0.1317299260929475,0.5077,0.918376851190661,RF,smote,True,15.0,FGSM_eps0.75,0.8206780544433652,FGSM,0.75,1.0,,,,,,7
0.2016157691487597,0.4563357167975618,0.2417336769225992,0.3160479795417182,0.9276,0.7582663230774007,MLP,smote,True,15.0,FGSM_eps0.75,0.7979814731455377,FGSM,0.75,1.0,,,,,,7
0.5531284797081191,0.8132657372201099,0.5378931354590332,0.6475183136492749,0.3978,0.4621068645409668,LR,smote,True,15.0,PGD_eps0.15_it10,0.3766732213508967,PGD,0.15,10.0,,,,,,7
0.0751972328176455,0.1842153960029607,0.0618150206464031,0.0925680544900853,0.8817,0.9381849793535968,SVM,smote,True,15.0,PGD_eps0.15_it10,0.8662133668175034,PGD,0.15,10.0,,,,,,7
0.1860029851453481,0.3983539873238104,0.1307398553199416,0.1968676951846657,0.636,0.8692601446800584,RF,smote,True,15.0,PGD_eps0.15_it10,0.8135231822597077,PGD,0.15,10.0,,,,,,7
0.0558648629439219,0.1475092250922509,0.0496445092986432,0.0742874398940742,0.9241,0.9503554907013568,MLP,smote,True,15.0,PGD_eps0.15_it10,0.9440877537965836,PGD,0.15,10.0,,,,,,7
0.5089435902295719,0.7548610494539643,0.5279269769319135,0.6213209098383119,0.5522,0.4720730230680866,LR,smote,True,15.0,PGD_eps0.15_it25,0.4202895117155109,PGD,0.15,25.0,,,,,,7
0.0681845104124712,0.1639932062653331,0.0539600732714458,0.0812016726236363,0.886,0.946039926728554,SVM,smote,True,15.0,PGD_eps0.15_it25,0.8731313227036888,PGD,0.15,25.0,,,,,,7
0.1562699898125992,0.3072916666666667,0.084262162749542,0.1322579859165225,0.6118,0.915737837250458,RF,smote,True,15.0,PGD_eps0.15_it25,0.843303560851951,PGD,0.15,25.0,,,,,,7
0.0570968276907768,0.1499077490774907,0.0504517370921171,0.0754953657460103,0.9215,0.9495482629078827,MLP,smote,True,15.0,PGD_eps0.15_it25,0.9428557890497288,PGD,0.15,25.0,,,,,,7
0.0875405719159421,0.2223200916057429,0.0783631904126175,0.1158808135530967,0.8829,0.9216368095873824,LR,smote,True,15.0,PGD_eps0.3_it10,0.8519510057096827,PGD,0.3,10.0,,,,,,7
0.0541590656021227,0.1430025916327286,0.0479679592660436,0.0718387464254992,0.9259,0.9520320407339564,SVM,smote,True,15.0,PGD_eps0.3_it10,0.8873936838115094,PGD,0.3,10.0,,,,,,7
0.2076808263640455,0.4392118226600985,0.1384085193579434,0.2104865553955476,0.5692,0.8615914806420566,RF,smote,True,15.0,PGD_eps0.3_it10,0.7918453410410102,PGD,0.3,10.0,,,,,,7
0.0469331185292236,0.1390764245206589,0.0479679592660436,0.0713329331917447,0.9564,0.9520320407339564,MLP,smote,True,15.0,PGD_eps0.3_it10,0.9530431898410292,PGD,0.3,10.0,,,,,,7
0.1046933118529223,0.2693611042234895,0.1011828991896674,0.1471066173151575,0.884,0.8988171008103325,LR,smote,True,15.0,PGD_eps0.3_it25,0.8348219574024497,PGD,0.3,25.0,,,,,,7
0.0541353739723755,0.1429893567792688,0.0479679592660436,0.0718370763007393,0.926,0.9520320407339564,SVM,smote,True,15.0,PGD_eps0.3_it25,0.887464758700751,PGD,0.3,25.0,,,,,,7
0.1166102016157691,0.0839069157653228,0.0158961780868701,0.02672861580225,0.559,0.9841038219131298,RF,smote,True,15.0,PGD_eps0.3_it25,0.8829159657892867,PGD,0.3,25.0,,,,,,7
0.0469568101589708,0.1390889449045732,0.0479679592660436,0.0713345799570607,0.9563,0.9520320407339564,MLP,smote,True,15.0,PGD_eps0.3_it25,0.953019498211282,PGD,0.3,25.0,,,,,,7
0.0624274443838991,0.1477761836441893,0.0479679592660436,0.0724264016501031,0.891,0.9520320407339564,LR,smote,True,15.0,PGD_eps0.5_it10,0.8774668909474282,PGD,0.5,10.0,,,,,,7
0.0541590656021227,0.1431347150259067,0.0480300537116954,0.0719250528860683,0.9261,0.9519699462883046,SVM,smote,True,15.0,PGD_eps0.5_it10,0.8874884503304983,PGD,0.5,10.0,,,,,,7
0.1585443862683314,0.2624928202182653,0.0567543233257785,0.0933295892579072,0.5136,0.9432456766742215,RF,smote,True,15.0,PGD_eps0.5_it10,0.8410765476557133,PGD,0.5,10.0,,,,,,7
0.046862043639982,0.1390388768898488,0.0479679592660436,0.071327993351954,0.9567,0.9520320407339564,MLP,smote,True,15.0,PGD_eps0.5_it10,0.9531142647302708,PGD,0.5,10.0,,,,,,7
0.06174038712123,0.1473674170164059,0.0479679592660436,0.0723772046939779,0.8939,0.9520320407339564,LR,smote,True,15.0,PGD_eps0.5_it25,0.8781539482100974,PGD,0.5,25.0,,,,,,7
0.0541353739723755,0.142923262056836,0.0479369120432177,0.0717939179763786,0.9259,0.9520630879567824,SVM,smote,True,15.0,PGD_eps0.5_it25,0.8874410670710038,PGD,0.5,25.0,,,,,,7
0.1319860693217086,0.1137275422989708,0.0202427892824986,0.0343682462706235,0.5081,0.9797572107175012,RF,smote,True,15.0,PGD_eps0.5_it25,0.867634864602336,PGD,0.5,25.0,,,,,,7
0.046862043639982,0.1390388768898488,0.0479679592660436,0.071327993351954,0.9567,0.9520320407339564,MLP,smote,True,15.0,PGD_eps0.5_it25,0.9531142647302708,PGD,0.5,25.0,,,,,,7
0.0551541140515056,0.1434944237918215,0.0479369120432177,0.0718657636901021,0.9216,0.9520630879567824,LR,smote,True,15.0,PGD_eps0.75_it10,0.8847876045393163,PGD,0.75,10.0,,,,,,7
0.0539458409343978,0.1428175006937378,0.0479369120432177,0.0717805671780567,0.9267,0.9520630879567824,SVM,smote,True,15.0,PGD_eps0.75_it10,0.8877016749982232,PGD,0.75,10.0,,,,,,7
0.1547063422492833,0.2120809824095585,0.0396783507715234,0.0668497449980384,0.4748,0.9603216492284764,RF,smote,True,15.0,PGD_eps0.75_it10,0.8448435167855197,PGD,0.75,10.0,,,,,,7
0.0422421758392759,0.136641018837888,0.0479679592660436,0.0710083647394062,0.9762,0.9520320407339564,MLP,smote,True,15.0,PGD_eps0.75_it10,0.9577341325309768,PGD,0.75,10.0,,,,,,7
0.0548935061242862,0.1433478785628075,0.0479369120432177,0.0718473708701721,0.9227,0.9520630879567824,LR,smote,True,15.0,PGD_eps0.75_it25,0.8850245208367884,PGD,0.75,25.0,,,,,,7
0.0540406074533867,0.1428703618025354,0.0479369120432177,0.0717872419564813,0.9263,0.9520630879567824,SVM,smote,True,15.0,PGD_eps0.75_it25,0.8876069084792343,PGD,0.75,25.0,,,,,,7
0.1344973820749129,0.1181770005299417,0.0207705920705392,0.0353313968840771,0.4992,0.9792294079294608,RF,smote,True,15.0,PGD_eps0.75_it25,0.8651235518491317,PGD,0.75,25.0,,,,,,7
0.0402046956810158,0.135609584832792,0.0479679592660436,0.0708683087931746,0.9848,0.9520320407339564,MLP,smote,True,15.0,PGD_eps0.75_it25,0.9597716126892368,PGD,0.75,25.0,,,,,,7
0.8926295339856428,0.9524603563838484,0.9044366481418236,0.927827499442622,0.1454,0.0955633518581762,LR,smote,True,15.0,CW_c0.0_it10,0.0141675945888317,CW,,10.0,0.0,,,,,7
0.8224549266744059,0.9287672183477326,0.8310720606041789,0.8772079305259708,0.2053,0.168927939395821,SVM,smote,True,15.0,CW_c0.0_it10,0.0863559904285815,CW,,10.0,0.0,,,,,7
0.1631168708095429,0.2360616844602609,0.043248781396504,0.0731041721332983,0.4508,0.956751218603496,RF,smote,True,15.0,CW_c0.0_it10,0.8363382217062711,CW,,10.0,0.0,,,,,7
0.0435689071051197,0.1468628299437473,0.0526871371355832,0.0775523261127867,0.9858,0.9473128628644168,MLP,smote,True,15.0,CW_c0.0_it10,0.955957260299936,CW,,10.0,0.0,,,,,7
0.8923689260584236,0.95026365470998,0.9063926231798566,0.9278098234574376,0.1528,0.0936073768201434,LR,smote,True,15.0,CW_c0.5_it10,0.0167973654907721,CW,,10.0,0.5,,,,,7
0.7799995261674051,0.9162218106547554,0.7833214318979167,0.844575369062364,0.2307,0.2166785681020832,SVM,smote,True,15.0,CW_c0.5_it10,0.133265417328058,CW,,10.0,0.5,,,,,7
0.1902200952403515,0.3126781980612051,0.0510726815486354,0.0878035761942887,0.3616,0.9489273184513646,RF,smote,True,15.0,CW_c0.5_it10,0.8092586889052098,CW,,10.0,0.5,,,,,7
0.0387831978961832,0.1342604740662993,0.0476574870377844,0.0703450804271115,0.9898,0.9523425129622156,MLP,smote,True,15.0,CW_c0.5_it10,0.9612168021038168,CW,,10.0,0.5,,,,,7
0.9028406264066904,0.9674072103232672,0.9031016175603092,0.9341490437882364,0.098,0.0968983824396907,LR,smotenc,True,,clean,0.0,,,,,257668.0,2.0,proto;conn_state,True,7
0.9044279655997536,0.9694737894491284,0.903194759228787,0.9351613732801852,0.0916,0.096805240771213,SVM,smotenc,True,,clean,0.0,,,,,257668.0,2.0,proto;conn_state,True,7
0.9985785022151674,0.9992545889368576,0.9988822999782668,0.9990684097754868,0.0024,0.001117700021733,RF,smotenc,True,,clean,0.0,,,,,257668.0,2.0,proto;conn_state,True,7
0.9619038593664858,0.9967210985942928,0.9532118352013412,0.9744810512283376,0.0101,0.0467881647986587,MLP,smotenc,True,,clean,0.0,,,,,257668.0,2.0,proto;conn_state,True,7
0.4496671326020517,0.7238062007775895,0.4508367226551585,0.5556044460599567,0.5541,0.5491632773448415,LR,smotenc,True,,FGSM_eps0.15,0.485299343741856,FGSM,0.15,1.0,,257668.0,2.0,proto;conn_state,True,7
0.0653652064725532,0.1567921129964925,0.0513521065540687,0.0773656391786332,0.8895,0.9486478934459311,SVM,smotenc,True,,FGSM_eps0.15,0.87507403634296,FGSM,0.15,1.0,,257668.0,2.0,proto;conn_state,True,7
0.1294273733090099,0.1914864681082551,0.0437144897388928,0.0711794145897578,0.5945,0.9562855102611072,RF,smotenc,True,,FGSM_eps0.15,0.870004027577057,FGSM,0.15,1.0,,257668.0,2.0,proto;conn_state,True,7
0.0699850742732592,0.1595477386934673,0.0512589648855909,0.0775900556900157,0.8697,0.948741035114409,MLP,smotenc,True,,FGSM_eps0.15,0.9299438508374992,FGSM,0.15,1.0,,257668.0,2.0,proto;conn_state,True,7
0.0726859200644412,0.1642774118558698,0.0526560899127573,0.0797498412996967,0.8628,0.9473439100872428,LR,smotenc,True,,FGSM_eps0.3,0.8660238337795257,FGSM,0.3,1.0,,257668.0,2.0,proto;conn_state,True,7
0.0542301404913644,0.1430423108971391,0.0479679592660436,0.0718437572657521,0.9256,0.9520320407339564,SVM,smotenc,True,,FGSM_eps0.3,0.8862801772133905,FGSM,0.3,1.0,,257668.0,2.0,proto;conn_state,True,7
0.1272477433722665,0.2247591865858009,0.0586792511409854,0.093062189177212,0.6519,0.9413207488590144,RF,smotenc,True,,FGSM_eps0.3,0.8721599658840532,FGSM,0.3,1.0,,257668.0,2.0,proto;conn_state,True,7
0.178445355255988,0.4229520479520479,0.21031388742277,0.2809331259720062,0.9242,0.78968611257723,MLP,smotenc,True,,FGSM_eps0.3,0.8206306711838708,FGSM,0.3,1.0,,257668.0,2.0,proto;conn_state,True,7
0.0690374090833708,0.1517593866719087,0.0479369120432177,0.0728594011749994,0.863,0.9520630879567824,LR,smotenc,True,,FGSM_eps0.5,0.869885569428321,FGSM,0.5,1.0,,257668.0,2.0,proto;conn_state,True,7
0.0542064488616171,0.1429629629629629,0.0479369120432177,0.0717989258062266,0.9256,0.9520630879567824,SVM,smotenc,True,,FGSM_eps0.5,0.8863038688431377,FGSM,0.5,1.0,,257668.0,2.0,proto;conn_state,True,7
0.1321992939894335,0.2502260397830018,0.0687385513365829,0.1078500621087756,0.6634,0.9312614486634172,RF,smotenc,True,,FGSM_eps0.5,0.8672557985263807,FGSM,0.5,1.0,,257668.0,2.0,proto;conn_state,True,7
0.3792082257338482,0.62224212325979,0.4745878481169859,0.538476442095993,0.928,0.525412151883014,MLP,smotenc,True,,FGSM_eps0.5,0.6195361178895497,FGSM,0.5,1.0,,257668.0,2.0,proto;conn_state,True,7
0.0633277263142931,0.1480449610913632,0.0478437703747399,0.0723168614200572,0.8868,0.95215622962526,LR,smotenc,True,,FGSM_eps0.75,0.8755952521973986,FGSM,0.75,1.0,,257668.0,2.0,proto;conn_state,True,7
0.0539932241938923,0.1426455614181246,0.0478437703747399,0.0716544220217613,0.9262,0.95215622962526,SVM,smotenc,True,,FGSM_eps0.75,0.8865170935108626,FGSM,0.75,1.0,,257668.0,2.0,proto;conn_state,True,7
0.1303750384988983,0.2675968992248062,0.0803812598963022,0.1236271607296342,0.7086,0.9196187401036976,RF,smotenc,True,,FGSM_eps0.75,0.8691274372764103,FGSM,0.75,1.0,,257668.0,2.0,proto;conn_state,True,7
0.3599706223791135,0.6067494245314041,0.4582880561333788,0.5221713214355201,0.9567,0.5417119438666211,MLP,smotenc,True,,FGSM_eps0.75,0.6389158710227677,FGSM,0.75,1.0,,257668.0,2.0,proto;conn_state,True,7
0.4219479257978156,0.8065149136577708,0.3190102145363097,0.4571848094507108,0.2465,0.6809897854636903,LR,smotenc,True,,PGD_eps0.15_it10,0.5002013788528513,PGD,0.15,10.0,,257668.0,2.0,proto;conn_state,True,7
0.1302802719799095,0.2548207865780586,0.0726194541898227,0.1130279308011984,0.684,0.9273805458101771,SVM,smotenc,True,,PGD_eps0.15_it10,0.8061077021488308,PGD,0.15,10.0,,257668.0,2.0,proto;conn_state,True,7
0.1661257077874387,0.3229018492176387,0.0845726349778012,0.1340386271374092,0.5712,0.9154273650221988,RF,smotenc,True,,PGD_eps0.15_it10,0.8333056930986282,PGD,0.15,10.0,,257668.0,2.0,proto;conn_state,True,7
0.0615982373427468,0.1517974778844344,0.050079170418206,0.0753122446597408,0.9013,0.949920829581794,MLP,smotenc,True,,PGD_eps0.15_it10,0.9383069961382644,PGD,0.15,10.0,,257668.0,2.0,proto;conn_state,True,7
0.3967874150062783,0.7826742627345844,0.290043155639728,0.4232415902140672,0.2594,0.709956844360272,LR,smotenc,True,,PGD_eps0.15_it25,0.5303134402615556,PGD,0.15,25.0,,257668.0,2.0,proto;conn_state,True,7
0.1321756023596863,0.2415526715772243,0.064143562358347,0.1013689220352288,0.6487,0.9358564376416528,SVM,smotenc,True,,PGD_eps0.15_it25,0.8039754554715819,PGD,0.15,25.0,,257668.0,2.0,proto;conn_state,True,7
0.1507735317112464,0.2648732540093119,0.0635847123474805,0.1025512631130918,0.5684,0.9364152876525196,RF,smotenc,True,,PGD_eps0.15_it25,0.8487052524343149,PGD,0.15,25.0,,257668.0,2.0,proto;conn_state,True,7
0.0707195147954227,0.1813970387864474,0.0620013039833586,0.0924151973714656,0.9012,0.9379986960166412,MLP,smotenc,True,,PGD_eps0.15_it25,0.9292094103153355,PGD,0.15,25.0,,257668.0,2.0,proto;conn_state,True,7
0.1095264043213532,0.1700822186771383,0.0430314508367226,0.0686852668615887,0.6763,0.9569685491632772,LR,smotenc,True,,PGD_eps0.3_it10,0.8250373143168519,PGD,0.3,10.0,,257668.0,2.0,proto;conn_state,True,7
0.0512686867729631,0.1398897058823529,0.0472538731410475,0.0706444800297059,0.9358,0.9527461268589524,SVM,smotenc,True,,PGD_eps0.3_it10,0.888696723447606,PGD,0.3,10.0,,257668.0,2.0,proto;conn_state,True,7
0.152763628610012,0.2584987761762306,0.0590207705920705,0.09609989131259,0.5453,0.9409792294079294,RF,smotenc,True,,PGD_eps0.3_it10,0.8466440806463077,PGD,0.3,10.0,,257668.0,2.0,proto;conn_state,True,7
0.0534720083394536,0.1407627354551359,0.0470986370269179,0.0705811194342344,0.926,0.952901362973082,MLP,smotenc,True,,PGD_eps0.3_it10,0.9465043000307992,PGD,0.3,10.0,,257668.0,2.0,proto;conn_state,True,7
0.1128195408562155,0.1701511335012594,0.0419447980378155,0.0672993100699893,0.6589,0.9580552019621844,LR,smotenc,True,,PGD_eps0.3_it25,0.8211518870383093,PGD,0.3,25.0,,257668.0,2.0,proto;conn_state,True,7
0.0446587220734914,0.1367177007789417,0.0474091092551771,0.070404352436719,0.9642,0.9525908907448228,SVM,smotenc,True,,PGD_eps0.3_it25,0.8953540714065721,PGD,0.3,25.0,,257668.0,2.0,proto;conn_state,True,7
0.1621218223601601,0.2991985752448798,0.0730230680865596,0.1173945595208385,0.5509,0.9269769319134404,RF,smotenc,True,,PGD_eps0.3_it25,0.8373095785259068,PGD,0.3,25.0,,257668.0,2.0,proto;conn_state,True,7
0.0534956999692008,0.1408424568565596,0.0471296842497438,0.0706260032102728,0.926,0.9528703157502562,MLP,smotenc,True,,PGD_eps0.3_it25,0.946480608401052,PGD,0.3,25.0,,257668.0,2.0,proto;conn_state,True,7
0.0806226160297566,0.1536280583849627,0.0454220869943183,0.0701140611521134,0.806,0.9545779130056816,LR,smotenc,True,,PGD_eps0.5_it10,0.8565708735103887,PGD,0.5,10.0,,257668.0,2.0,proto;conn_state,True,7
0.0452273211874244,0.1351790062223825,0.0465397870160514,0.0692410734906924,0.959,0.9534602129839486,SVM,smotenc,True,,PGD_eps0.5_it10,0.8942642564382004,PGD,0.5,10.0,,257668.0,2.0,proto;conn_state,True,7
0.1521239546068374,0.2823257511251673,0.0720606041789562,0.1148157308929013,0.59,0.9279393958210438,RF,smotenc,True,,PGD_eps0.5_it10,0.8473074462792296,PGD,0.5,10.0,,257668.0,2.0,proto;conn_state,True,7
0.0533298585609704,0.1406844106463878,0.0470986370269179,0.0705712690733159,0.9266,0.952901362973082,MLP,smotenc,True,,PGD_eps0.5_it10,0.9466464498092824,PGD,0.5,10.0,,257668.0,2.0,proto;conn_state,True,7
0.0833945367101803,0.1491987873538328,0.0427830730541153,0.0664977681264326,0.7858,0.9572169269458848,LR,smotenc,True,,PGD_eps0.5_it25,0.8516193228932218,PGD,0.5,25.0,,257668.0,2.0,proto;conn_state,True,7
0.0443033476272832,0.1358179537717255,0.047067589804092,0.0699084641811348,0.9646,0.952932410195908,SVM,smotenc,True,,PGD_eps0.5_it25,0.8956146793337914,PGD,0.5,25.0,,257668.0,2.0,proto;conn_state,True,7
0.119524272074676,0.1730236241256434,0.0407029091247787,0.0659025787965616,0.6266,0.9592970908752212,RF,smotenc,True,,PGD_eps0.5_it25,0.8798360539221493,PGD,0.5,25.0,,257668.0,2.0,proto;conn_state,True,7
0.0533061669312232,0.1406713649851632,0.0470986370269179,0.0705696276137975,0.9267,0.952901362973082,MLP,smotenc,True,,PGD_eps0.5_it25,0.9466701414390296,PGD,0.5,25.0,,257668.0,2.0,proto;conn_state,True,7
0.0544670567888365,0.1399046104928457,0.0464466453475736,0.0697403384457601,0.9197,0.9535533546524264,LR,smotenc,True,,PGD_eps0.75_it10,0.8835319481627141,PGD,0.75,10.0,,257668.0,2.0,proto;conn_state,True,7
0.044611338813997,0.1358456707043517,0.0470054953584401,0.0698436130460857,0.9631,0.9529945046415598,SVM,smotenc,True,,PGD_eps0.75_it10,0.8953066881470776,PGD,0.75,10.0,,257668.0,2.0,proto;conn_state,True,7
0.1539482100973726,0.3111925814103946,0.0896022850755999,0.1391413350047007,0.6388,0.9103977149244,RF,smotenc,True,,PGD_eps0.75_it10,0.8454594991589471,PGD,0.75,10.0,,257668.0,2.0,proto;conn_state,True,7
0.045630078893127,0.1365682391069499,0.0470986370269179,0.0700417849804926,0.9591,0.952901362973082,MLP,smotenc,True,,PGD_eps0.75_it10,0.9543462294771258,PGD,0.75,10.0,,257668.0,2.0,proto;conn_state,True,7
0.0714065720580918,0.1458840227088402,0.0446769536464963,0.0684049152663228,0.8425,0.9553230463535036,LR,smotenc,True,,PGD_eps0.75_it25,0.865147243478879,PGD,0.75,25.0,,257668.0,2.0,proto;conn_state,True,7
0.0436873652538558,0.1353719599427754,0.0470054953584401,0.0697808402276864,0.967,0.9529945046415598,SVM,smotenc,True,,PGD_eps0.75_it25,0.896254353336966,PGD,0.75,25.0,,257668.0,2.0,proto;conn_state,True,7
0.1612215404297661,0.3282073341219486,0.0947561240647024,0.1470559892068998,0.6247,0.9052438759352976,RF,smotenc,True,,PGD_eps0.75_it25,0.8380914023075647,PGD,0.75,25.0,,257668.0,2.0,proto;conn_state,True,7
0.0410339027221682,0.1342240311449301,0.0470986370269179,0.0697294936912504,0.9785,0.952901362973082,MLP,smotenc,True,,PGD_eps0.75_it25,0.9589424056480844,PGD,0.75,25.0,,257668.0,2.0,proto;conn_state,True,7
0.83643298822526,0.9510856001996506,0.8282467633270204,0.8854260015267682,0.1372,0.1717532366729796,LR,smotenc,True,,CW_c0.0_it10,0.0669288540358691,CW,,10.0,0.0,257668.0,2.0,proto;conn_state,True,7
0.8041176052500651,0.9400433775686504,0.7939395821043808,0.8608361947081398,0.1631,0.2060604178956192,SVM,smotenc,True,,CW_c0.0_it10,0.1043142457769669,CW,,10.0,0.0,257668.0,2.0,proto;conn_state,True,7
0.1673813641640408,0.1625661071510692,0.0219503865379241,0.0386782646753104,0.3642,0.978049613462076,RF,smotenc,True,,CW_c0.0_it10,0.8318368120543013,CW,,10.0,0.0,257668.0,2.0,proto;conn_state,True,7
0.0445165722950081,0.1502885195073637,0.0541774038312272,0.0796439981743496,0.9866,0.9458225961687728,MLP,smotenc,True,,CW_c0.0_it10,0.9554360444454976,CW,,10.0,0.0,257668.0,2.0,proto;conn_state,True,7
0.8358880807410741,0.9491224330277837,0.8293955105715793,0.8852290613867948,0.1432,0.1706044894284206,LR,smotenc,True,,CW_c0.5_it10,0.0691084839726124,CW,,10.0,0.5,257668.0,2.0,proto;conn_state,True,7
0.7921770238574711,0.9389444506873432,0.7782607345772921,0.8510847791396462,0.163,0.2217392654227079,SVM,smotenc,True,,CW_c0.5_it10,0.1160889857613305,CW,,10.0,0.5,257668.0,2.0,proto;conn_state,True,7
0.1683764126134236,0.1726634985290789,0.0236890310161756,0.0416621164136726,0.3656,0.9763109689838244,RF,smotenc,True,,CW_c0.5_it10,0.8309365301239072,CW,,10.0,0.5,257668.0,2.0,proto;conn_state,True,7
0.0381672155227558,0.1322871920750416,0.0468502592443106,0.0691947909024211,0.9898,0.9531497407556894,MLP,smotenc,True,,CW_c0.5_it10,0.9618327844772442,CW,,10.0,0.5,257668.0,2.0,proto;conn_state,True,7
0.9184771020398492,0.9480717712292068,0.944922226706821,0.9464943788776414,0.1667,0.0550777732931789,LR,none,True,,clean,0.0,,,,,168834.0,2.0,proto;conn_state,False,7
0.9195432253784738,0.948535134966842,0.9458846906144246,0.9472080586991668,0.1653,0.0541153093855754,SVM,none,True,,clean,0.0,,,,,168834.0,2.0,proto;conn_state,False,7
0.9987443436233978,0.9990378049537526,0.9993169610978296,0.9991773635277136,0.0031,0.0006830389021702,RF,none,True,,clean,0.0,,,,,168834.0,2.0,proto;conn_state,False,7
0.9740102821673104,0.9727692681740822,0.9937595082119904,0.9831523658869964,0.0896,0.0062404917880095,MLP,none,True,,clean,0.0,,,,,168834.0,2.0,proto;conn_state,False,7
0.7216944253595204,0.8596892138939671,0.7591977397621783,0.8063245016734539,0.3991,0.2408022602378217,LR,none,True,,FGSM_eps0.15,0.2145040157312421,FGSM,0.15,1.0,,168834.0,2.0,proto;conn_state,False,7
0.3711293799900495,0.6543344412357652,0.3728460989164519,0.4750207665836003,0.6344,0.6271539010835481,SVM,none,True,,FGSM_eps0.15,0.5687649553412779,FGSM,0.15,1.0,,168834.0,2.0,proto;conn_state,False,7
0.177545073325594,0.0842733908427339,0.0078859945977832,0.0144223944581665,0.276,0.9921140054022168,RF,none,True,,FGSM_eps0.15,0.8220284773389561,FGSM,0.15,1.0,,168834.0,2.0,proto;conn_state,False,7
0.1163969769480442,0.1604592177279402,0.0373187618367537,0.0605541561712846,0.6289,0.9626812381632462,MLP,none,True,,FGSM_eps0.15,0.8834134900139781,FGSM,0.15,1.0,,168834.0,2.0,proto;conn_state,False,7
0.3911488071264422,0.6761744966442953,0.3878729547641963,0.4929663608562691,0.5983,0.6121270452358036,LR,none,True,,FGSM_eps0.3,0.5468265061953612,FGSM,0.3,1.0,,168834.0,2.0,proto;conn_state,False,7
0.0882750124381056,0.0531339031339031,0.0115806141140674,0.0190165438833516,0.6647,0.9884193858859324,SVM,none,True,,FGSM_eps0.3,0.8532066620862849,FGSM,0.3,1.0,,168834.0,2.0,proto;conn_state,False,7
0.1730199720438769,0.0659800450595429,0.0063646806793132,0.0116094687960131,0.2902,0.9936353193206868,RF,none,True,,FGSM_eps0.3,0.8265535786206734,FGSM,0.3,1.0,,168834.0,2.0,proto;conn_state,False,7
0.1191452059987206,0.2864507260073889,0.1035114409016113,0.1520707900018245,0.8305,0.8964885590983886,MLP,none,True,,FGSM_eps0.3,0.88059418607406,FGSM,0.3,1.0,,168834.0,2.0,proto;conn_state,False,7
0.3891350185979293,0.6733955848221514,0.3873451519761557,0.4918006937874487,0.6051,0.6126548480238443,LR,none,True,,FGSM_eps0.5,0.5498827264327513,FGSM,0.5,1.0,,168834.0,2.0,proto;conn_state,False,7
0.0855504750171764,0.0381668353332369,0.0081964668260424,0.0134948627511117,0.6653,0.9918035331739576,SVM,none,True,,FGSM_eps0.5,0.8565708735103887,FGSM,0.5,1.0,,168834.0,2.0,proto;conn_state,False,7
0.1739676372337653,0.105669338082517,0.0110528113260268,0.0200123671932092,0.3013,0.9889471886739732,RF,none,True,,FGSM_eps0.5,0.8256296050605321,FGSM,0.5,1.0,,168834.0,2.0,proto;conn_state,False,7
0.132365135397664,0.3234376250300072,0.1254928746623614,0.1808258399320002,0.8455,0.8745071253376385,MLP,none,True,,FGSM_eps0.5,0.8666398161529532,FGSM,0.5,1.0,,168834.0,2.0,proto;conn_state,False,7
0.32263261389751,0.6150616969851164,0.3002266447266292,0.4034966931630886,0.6052,0.6997733552733708,LR,none,True,,FGSM_eps0.75,0.6165983558008955,FGSM,0.75,1.0,,168834.0,2.0,proto;conn_state,False,7
0.0852187922007154,0.0370209689081706,0.007948089043435,0.0130865964625293,0.6659,0.992051910956565,SVM,none,True,,FGSM_eps0.75,0.8569025563268498,FGSM,0.75,1.0,,168834.0,2.0,proto;conn_state,False,7
0.1469591793219455,0.0759437123073486,0.0105560557608121,0.0185356811862835,0.4137,0.9894439442391878,RF,none,True,,FGSM_eps0.75,0.8526380629723519,FGSM,0.75,1.0,,168834.0,2.0,proto;conn_state,False,7
0.2191712667914425,0.477400277593386,0.245614579775839,0.3243542435424354,0.866,0.754385420224161,MLP,none,True,,FGSM_eps0.75,0.7794546186832192,FGSM,0.75,1.0,,168834.0,2.0,proto;conn_state,False,7
0.7121940818308892,0.8839719787160739,0.7169424694961035,0.7917438112871151,0.3031,0.2830575305038964,LR,none,True,,PGD_eps0.15_it10,0.2230093108104906,PGD,0.15,10.0,,168834.0,2.0,proto;conn_state,False,7
0.1816437252718614,0.3488402228845406,0.0835791238473718,0.1348494715223162,0.5025,0.916420876152628,SVM,none,True,,PGD_eps0.15_it10,0.7586296761354213,PGD,0.15,10.0,,168834.0,2.0,proto;conn_state,False,7
0.2263972138643417,0.3856848609680741,0.0232543698966127,0.0438640156950016,0.1193,0.9767456301033872,RF,none,True,,PGD_eps0.15_it10,0.773010495391978,PGD,0.15,10.0,,168834.0,2.0,proto;conn_state,False,7
0.0681371271529768,0.0320546505517603,0.007575522369524,0.0122548404108385,0.7368,0.992424477630476,MLP,none,True,,PGD_eps0.15_it10,0.9317681063280344,PGD,0.15,10.0,,168834.0,2.0,proto;conn_state,False,7
0.7385628657395342,0.8960718294051627,0.7436430811263932,0.8127725275284616,0.2778,0.2563569188736067,LR,none,True,,PGD_eps0.15_it25,0.1959534696391764,PGD,0.15,25.0,,168834.0,2.0,proto;conn_state,False,7
0.1491625008884361,0.2233343292500746,0.0464155981247477,0.0768578258746112,0.5199,0.9535844018752524,SVM,none,True,,PGD_eps0.15_it25,0.7910161339998578,PGD,0.15,25.0,,168834.0,2.0,proto;conn_state,False,7
0.2229619275509962,0.2057942057942058,0.0063957279021391,0.0124059018367961,0.0795,0.9936042720978608,RF,none,True,,PGD_eps0.15_it25,0.7764220900755763,PGD,0.15,25.0,,168834.0,2.0,proto;conn_state,False,7
0.0680897438934824,0.0326600209863588,0.0077307584836536,0.0125021966711018,0.7375,0.9922692415163464,MLP,none,True,,PGD_eps0.15_it25,0.9318154895875288,PGD,0.15,25.0,,168834.0,2.0,proto;conn_state,False,7
0.2975905612547087,0.6202686202686203,0.2050358595423639,0.3081948851969386,0.4043,0.7949641404576361,LR,none,True,,PGD_eps0.3_it10,0.6396029282854367,PGD,0.3,10.0,,168834.0,2.0,proto;conn_state,False,7
0.0898149683716742,0.0319614050957334,0.0065820112390946,0.0109160187425982,0.6421,0.9934179887609054,SVM,none,True,,PGD_eps0.3_it10,0.8511217986685304,PGD,0.3,10.0,,168834.0,2.0,proto;conn_state,False,7
0.2225354782155464,0.4107615407233166,0.0433729702878077,0.0784611064307778,0.2004,0.9566270297121924,RF,none,True,,PGD_eps0.3_it10,0.7768959226705205,PGD,0.3,10.0,,168834.0,2.0,proto;conn_state,False,7
0.041460352057618,0.0243311808118081,0.0065509640162687,0.0103226437709449,0.8461,0.9934490359837312,MLP,none,True,,PGD_eps0.3_it10,0.9584685730531404,PGD,0.3,10.0,,168834.0,2.0,proto;conn_state,False,7
0.2839678741500628,0.5945534183964959,0.1938588593250333,0.2923836950668446,0.4258,0.8061411406749667,LR,none,True,,PGD_eps0.3_it25,0.6533440735388187,PGD,0.3,25.0,,168834.0,2.0,proto;conn_state,False,7
0.0895780520742021,0.0320541760722347,0.0066130584619205,0.0109641220981108,0.6432,0.9933869415380794,SVM,none,True,,PGD_eps0.3_it25,0.8513824065957497,PGD,0.3,25.0,,168834.0,2.0,proto;conn_state,False,7
0.208178350588737,0.1959899749373433,0.012139464124934,0.0228628230616302,0.1604,0.987860535875066,RF,none,True,,PGD_eps0.3_it25,0.7911819754080883,PGD,0.3,25.0,,168834.0,2.0,proto;conn_state,False,7
0.0413655855386292,0.024100553505535,0.0064888695706169,0.0102247988062914,0.8463,0.9935111304293832,MLP,none,True,,PGD_eps0.3_it25,0.9585633395721292,PGD,0.3,25.0,,168834.0,2.0,proto;conn_state,False,7
0.1712667914425833,0.2967581047381546,0.0628085317768325,0.103674473427971,0.4794,0.9371914682231676,LR,none,True,,PGD_eps0.5_it10,0.7664005306925064,PGD,0.5,10.0,,168834.0,2.0,proto;conn_state,False,7
0.0838446776753772,0.0299723555943547,0.0063957279021391,0.0105419374648175,0.6667,0.9936042720978608,SVM,none,True,,PGD_eps0.5_it10,0.857163164254069,PGD,0.5,10.0,,168834.0,2.0,proto;conn_state,False,7
0.2220853372503494,0.3984425697598961,0.0381259896302275,0.0695928140319061,0.1854,0.9618740103697724,RF,none,True,,PGD_eps0.5_it10,0.7774171385249591,PGD,0.5,10.0,,168834.0,2.0,proto;conn_state,False,7
0.0413655855386292,0.0242102836061793,0.0065199167934428,0.010273218697258,0.8464,0.9934800832065572,MLP,none,True,,PGD_eps0.5_it10,0.9586107228316236,PGD,0.5,10.0,,168834.0,2.0,proto;conn_state,False,7
0.1592788267904949,0.2111757447558611,0.03719457294545,0.0632490364817063,0.4475,0.96280542705455,LR,none,True,,PGD_eps0.5_it25,0.7782226539363643,PGD,0.5,25.0,,168834.0,2.0,proto;conn_state,False,7
0.0827548627070056,0.0296371259216423,0.0063646806793132,0.0104789653938557,0.6712,0.9936353193206868,SVM,none,True,,PGD_eps0.5_it25,0.8582292875926935,PGD,0.5,25.0,,168834.0,2.0,proto;conn_state,False,7
0.2103579805254803,0.204221635883905,0.0120152752336303,0.0226952850105559,0.1508,0.9879847247663696,RF,none,True,,PGD_eps0.5_it25,0.7891208036200811,PGD,0.5,25.0,,168834.0,2.0,proto;conn_state,False,7
0.0413418939088819,0.0240977747031015,0.0064888695706169,0.0102245487011398,0.8464,0.9935111304293832,MLP,none,True,,PGD_eps0.5_it25,0.9586344144613708,PGD,0.5,25.0,,168834.0,2.0,proto;conn_state,False,7
0.1533559193536923,0.2024633035262358,0.0372566673911018,0.0629326620516047,0.4727,0.962743332608898,LR,none,True,,PGD_eps0.75_it10,0.7845246274491222,PGD,0.75,10.0,,168834.0,2.0,proto;conn_state,False,7
0.0842948186405742,0.0271579565472695,0.0057437362227948,0.0094820737551574,0.6627,0.9942562637772052,SVM,none,True,,PGD_eps0.75_it10,0.8562391906939278,PGD,0.75,10.0,,168834.0,2.0,proto;conn_state,False,7
0.1942002890378829,0.2832411637412839,0.0365736284889316,0.064782226132864,0.2981,0.9634263715110684,RF,none,True,,PGD_eps0.75_it10,0.8053495699969201,PGD,0.75,10.0,,168834.0,2.0,proto;conn_state,False,7
0.0317941671207562,0.0227122381477398,0.0063957279021391,0.0099808619394849,0.8864,0.9936042720978608,MLP,none,True,,PGD_eps0.75_it10,0.9681821412494964,PGD,0.75,10.0,,168834.0,2.0,proto;conn_state,False,7
0.1624298135468738,0.145466847090663,0.0200254587227172,0.0352045411129001,0.3789,0.9799745412772828,LR,none,True,,PGD_eps0.75_it25,0.7754033499964462,PGD,0.75,25.0,,168834.0,2.0,proto;conn_state,False,7
0.0827785543367528,0.0296414112203585,0.0063646806793132,0.010479233226837,0.6711,0.9936353193206868,SVM,none,True,,PGD_eps0.75_it25,0.8582529792224407,PGD,0.75,25.0,,168834.0,2.0,proto;conn_state,False,7
0.1900068705726267,0.1357615894039735,0.0114564252227638,0.0211297849801013,0.2349,0.9885435747772362,RF,none,True,,PGD_eps0.75_it25,0.8094719135729347,PGD,0.75,25.0,,168834.0,2.0,proto;conn_state,False,7
0.0317941671207562,0.0227122381477398,0.0063957279021391,0.0099808619394849,0.8864,0.9936042720978608,MLP,none,True,,PGD_eps0.75_it25,0.9681821412494964,PGD,0.75,25.0,,168834.0,2.0,proto;conn_state,False,7
0.8967281859319103,0.9346943872135856,0.9296159458536434,0.932148249614744,0.2092,0.0703840541463566,LR,none,True,,CW_c0.0_it10,0.0229098059655523,CW,,10.0,0.0,168834.0,2.0,proto;conn_state,False,7
0.6504773863394063,0.8517936316001612,0.6561209599801298,0.7412616847015907,0.3677,0.3438790400198702,SVM,none,True,,CW_c0.0_it10,0.2737330900992679,CW,,10.0,0.0,168834.0,2.0,proto;conn_state,False,7
0.2547324030420053,0.5614982008505071,0.1065851159613772,0.1791613391435952,0.2681,0.8934148840386228,RF,none,True,,CW_c0.0_it10,0.7446516145845673,CW,,10.0,0.0,168834.0,2.0,proto;conn_state,False,7
0.0293776208865407,0.0356234096692111,0.0104318668695085,0.0161379409716385,0.9096,0.9895681331304916,MLP,none,True,,CW_c0.0_it10,0.9705039209647232,CW,,10.0,0.0,168834.0,2.0,proto;conn_state,False,7
0.8811864768177403,0.9400608453621594,0.9017976342016206,0.9205317952049692,0.1852,0.0982023657983793,LR,none,True,,CW_c0.5_it10,0.0524058850008292,CW,,10.0,0.5,168834.0,2.0,proto;conn_state,False,7
0.5327062948660238,0.8015263488383326,0.5151976155732869,0.6272301179316602,0.4109,0.484802384426713,SVM,none,True,,CW_c0.5_it10,0.402615555924092,CW,,10.0,0.5,168834.0,2.0,proto;conn_state,False,7
0.2474116894501172,0.5430013589594254,0.0868390822440932,0.1497323340471092,0.2354,0.9131609177559068,RF,none,True,,CW_c0.5_it10,0.7520670946954441,CW,,10.0,0.5,168834.0,2.0,proto;conn_state,False,7
0.0260371010921841,0.0217087587318645,0.0062715390108354,0.0097316567904803,0.9103,0.9937284609891646,MLP,none,True,,CW_c0.5_it10,0.9739628989078158,CW,,10.0,0.5,168834.0,2.0,proto;conn_state,False,7
0.9035987585586012,0.967752659574468,0.9037846564624794,0.9346754643677052,0.097,0.0962153435375205,LR,smote,True,15.0,clean,0.0,,,,,,,,,123
0.90471226515672,0.969642440601153,0.9034120897885684,0.9353563277508116,0.0911,0.0965879102114316,SVM,smote,True,15.0,clean,0.0,,,,,,,,,123
0.9987443436233978,0.9994098279182456,0.9989443944239188,0.9991770569693958,0.0019,0.0010556055760812,RF,smote,True,15.0,clean,0.0,,,,,,,,,123
0.9657182117557866,0.993518577937496,0.9613462075817318,0.9771676528599604,0.0202,0.0386537924182681,MLP,smote,True,15.0,clean,0.0,,,,,,,,,123
0.8482788030988652,0.9208938183004404,0.8764631003756714,0.8981292949860016,0.2425,0.1235368996243286,LR,smote,True,15.0,FGSM_eps0.15,0.0743680257764931,FGSM,0.15,1.0,,,,,,123
0.8388258428297283,0.9201839110875892,0.863702691794219,0.8910491503979757,0.2413,0.1362973082057809,SVM,smote,True,15.0,FGSM_eps0.15,0.0851240256817266,FGSM,0.15,1.0,,,,,,123
0.1322940605084223,0.0541195476575121,0.008320655717346,0.0144237237964532,0.4684,0.991679344282654,RF,smote,True,15.0,FGSM_eps0.15,0.8672794901561278,FGSM,0.15,1.0,,,,,,123
0.0469331185292236,0.0918253079507278,0.0280045949889782,0.0429196802436239,0.8921,0.9719954050110218,MLP,smote,True,15.0,FGSM_eps0.15,0.941860740600346,FGSM,0.15,1.0,,,,,,123
0.539482100973726,0.8418544889983404,0.488217578937564,0.6180238956138971,0.2954,0.511782421062436,LR,smote,True,15.0,FGSM_eps0.3,0.3863394062877585,FGSM,0.3,1.0,,,,,,123
0.6072875453102419,0.824322642214016,0.6168151758825173,0.7056295507014739,0.4234,0.3831848241174826,SVM,smote,True,15.0,FGSM_eps0.3,0.3195527020303726,FGSM,0.3,1.0,,,,,,123
0.1329100428818498,0.0449834162520729,0.0067372473532242,0.0117192774012367,0.4607,0.9932627526467758,RF,smote,True,15.0,FGSM_eps0.3,0.8666161245232059,FGSM,0.3,1.0,,,,,,123
0.2065199365064322,0.4601627026019996,0.230059921140054,0.30675608544461,0.8693,0.769940078859946,MLP,smote,True,15.0,FGSM_eps0.3,0.7696225923381269,FGSM,0.3,1.0,,,,,,123
0.2678101826624653,0.5782525204032645,0.149585519575274,0.237685306233196,0.3514,0.850414480424726,LR,smote,True,15.0,FGSM_eps0.5,0.6599303466085432,FGSM,0.5,1.0,,,,,,123
0.2800350636120258,0.5830898466033602,0.1982675649663137,0.2959152938995852,0.4566,0.8017324350336862,SVM,smote,True,15.0,FGSM_eps0.5,0.6493875713710346,FGSM,0.5,1.0,,,,,,123
0.1422445450022507,0.0624178712220762,0.0088484585053866,0.0154996600951733,0.4281,0.9911515414946132,RF,smote,True,15.0,FGSM_eps0.5,0.8572105475135634,FGSM,0.5,1.0,,,,,,123
0.216517804259755,0.4751658494375541,0.2557359744170884,0.3325125141288552,0.9098,0.7442640255829116,MLP,smote,True,15.0,FGSM_eps0.5,0.7595536496955626,FGSM,0.5,1.0,,,,,,123
0.1544931175815584,0.1956255468066491,0.0347107951193765,0.0589600253137854,0.4597,0.9652892048806234,LR,smote,True,15.0,FGSM_eps0.75,0.7735554028761639,FGSM,0.75,1.0,,,,,,123
0.1714089412210666,0.2869471413160733,0.0578099289018597,0.0962323634296346,0.4627,0.9421900710981402,SVM,smote,True,15.0,FGSM_eps0.75,0.7587481342841574,FGSM,0.75,1.0,,,,,,123
0.1842261129143073,0.3603716725263686,0.0891055295103852,0.1428820351977696,0.5094,0.9108944704896148,RF,smote,True,15.0,FGSM_eps0.75,0.8153237461204956,FGSM,0.75,1.0,,,,,,123
0.3117581558435405,0.5785938199731303,0.3610171070197771,0.4446143845830306,0.8469,0.6389828929802229,MLP,smote,True,15.0,FGSM_eps0.75,0.6642659148522827,FGSM,0.75,1.0,,,,,,123
0.7916321163732853,0.9267643627879848,0.7893135459033189,0.8525343304102883,0.2009,0.210686454096681,LR,smote,True,15.0,PGD_eps0.15_it10,0.1243573645431069,PGD,0.15,10.0,,,,,,123
0.865147243478879,0.9372711981794796,0.8823310254897699,0.9089716935870782,0.1902,0.11766897451023,SVM,smote,True,15.0,PGD_eps0.15_it10,0.0496102726906583,PGD,0.15,10.0,,,,,,123
0.198488474022128,0.3802067946824224,0.0799155515539135,0.1320711152158854,0.4196,0.9200844484460864,RF,smote,True,15.0,PGD_eps0.15_it10,0.8009192352341917,PGD,0.15,10.0,,,,,,123
0.050249946693833,0.1326121421244054,0.0441491508584557,0.0662442933010342,0.9301,0.9558508491415444,MLP,smote,True,15.0,PGD_eps0.15_it10,0.947167665663721,PGD,0.15,10.0,,,,,,123
0.7994503541898648,0.9315207909275952,0.7956782265826322,0.8582575643408517,0.1884,0.2043217734173678,LR,smote,True,15.0,PGD_eps0.15_it25,0.1087445805396953,PGD,0.15,25.0,,,,,,123
0.8644364945864627,0.9419951273236992,0.8763078642615418,0.9079650003216884,0.1738,0.1236921357384581,SVM,smote,True,15.0,PGD_eps0.15_it25,0.0429055414721978,PGD,0.15,25.0,,,,,,123
0.1478594612523395,0.057660626029654,0.0076065695923499,0.0134401228811234,0.4004,0.99239343040765,RF,smote,True,15.0,PGD_eps0.15_it25,0.851524556374233,PGD,0.15,25.0,,,,,,123
0.1155914615366391,0.3076402974983097,0.1271383774721351,0.179920913884007,0.9216,0.8728616225278649,MLP,smote,True,15.0,PGD_eps0.15_it25,0.8806652609633017,PGD,0.15,25.0,,,,,,123
0.6057002061171788,0.8074340338126086,0.6346362817845944,0.7106823120382443,0.4875,0.3653637182154056,LR,smote,True,15.0,PGD_eps0.3_it10,0.3121135302897486,PGD,0.3,10.0,,,,,,123
0.6216446729370514,0.8784432533209042,0.5851470086000807,0.7024075730471079,0.2608,0.4148529913999192,SVM,smote,True,15.0,PGD_eps0.3_it10,0.2950318652420099,PGD,0.3,10.0,,,,,,123
0.196237769196143,0.3303024313105356,0.0518799093421093,0.0896747880218954,0.3388,0.9481200906578906,RF,smote,True,15.0,PGD_eps0.3_it10,0.8030988651709351,PGD,0.3,10.0,,,,,,123
0.0426686251747257,0.1158999344139417,0.0384054146356608,0.057693204607994,0.9436,0.9615945853643392,MLP,smote,True,15.0,PGD_eps0.3_it10,0.956075718448672,PGD,0.3,10.0,,,,,,123
0.5542893695657324,0.7795025872141546,0.5799621223881524,0.6650882096380824,0.5284,0.4200378776118476,LR,smote,True,15.0,PGD_eps0.3_it25,0.3619844109076263,PGD,0.3,25.0,,,,,,123
0.6308844085384634,0.8662936693246398,0.6105125896488559,0.7162526407809426,0.3035,0.3894874103511441,SVM,smote,True,15.0,PGD_eps0.3_it25,0.2839204908905683,PGD,0.3,25.0,,,,,,123
0.1566964391480489,0.0563417190775681,0.0066751529075724,0.0119361554476058,0.3601,0.9933248470924276,RF,smote,True,15.0,PGD_eps0.3_it25,0.8426638868487764,PGD,0.3,25.0,,,,,,123
0.041010211092421,0.0997192370994287,0.0319786395106957,0.0484272885420095,0.9299,0.9680213604893042,MLP,smote,True,15.0,PGD_eps0.3_it25,0.9521429079106352,PGD,0.3,25.0,,,,,,123
0.4984718898813049,0.7213666987487969,0.558477444192617,0.6295563916353136,0.6948,0.441522555807383,LR,smote,True,15.0,PGD_eps0.5_it10,0.4307375204340306,PGD,0.5,10.0,,,,,,123
0.482148356985477,0.7275645253484588,0.5137383961004688,0.6022346775367593,0.6196,0.4862616038995312,SVM,smote,True,15.0,PGD_eps0.5_it10,0.4474401194058139,PGD,0.5,10.0,,,,,,123
0.2143381743230117,0.4036400404448938,0.0619702567605327,0.107444689670022,0.2949,0.9380297432394672,RF,smote,True,15.0,PGD_eps0.5_it10,0.784951076784572,PGD,0.5,10.0,,,,,,123
0.0419815679120566,0.1147940074906367,0.0380638951845757,0.0571708363449835,0.9454,0.9619361048154242,MLP,smote,True,15.0,PGD_eps0.5_it10,0.95685754223033,PGD,0.5,10.0,,,,,,123
0.439005899215807,0.6941637075480288,0.473408053649601,0.5629164743885556,0.6718,0.526591946350399,LR,smote,True,15.0,PGD_eps0.5_it25,0.4791395200075813,PGD,0.5,25.0,,,,,,123
0.4940415551185766,0.7305323080844556,0.5338880437144897,0.6169189926096004,0.6343,0.4661119562855103,SVM,smote,True,15.0,PGD_eps0.5_it25,0.426828401525741,PGD,0.5,25.0,,,,,,123
0.1673102892747992,0.1059549356223176,0.0122636530162376,0.021982914544898,0.3333,0.9877363469837624,RF,smote,True,15.0,PGD_eps0.5_it25,0.8320026534625317,PGD,0.5,25.0,,,,,,123
0.0420052595418038,0.1145882132483837,0.0379707535160979,0.0570402499883401,0.945,0.962029246483902,MLP,smote,True,15.0,PGD_eps0.5_it25,0.9569286171195716,PGD,0.5,25.0,,,,,,123
0.4879528062735435,0.712822366835382,0.5509329690459188,0.6215085021802708,0.7149,0.4490670309540812,LR,smote,True,15.0,PGD_eps0.75_it10,0.43753701817148,PGD,0.75,10.0,,,,,,123
0.4140112298325001,0.6509064480962571,0.5005122791766277,0.5658873911822522,0.8646,0.4994877208233723,SVM,smote,True,15.0,PGD_eps0.75_it10,0.5125921012106422,PGD,0.75,10.0,,,,,,123
0.1780189059205382,0.2830715532286212,0.0503585954236393,0.0855056801708005,0.4108,0.9496414045763606,RF,smote,True,15.0,PGD_eps0.75_it10,0.8212940368167926,PGD,0.75,10.0,,,,,,123
0.042028951171551,0.1153198653198653,0.0382812257443571,0.0574811775949278,0.9459,0.9617187742556428,MLP,smote,True,15.0,PGD_eps0.75_it10,0.9571655334170438,PGD,0.75,10.0,,,,,,123
0.4244118552915255,0.6779226618705037,0.468098978546369,0.5538026410035078,0.7163,0.5319010214536309,LR,smote,True,15.0,PGD_eps0.75_it25,0.4966002511312753,PGD,0.75,25.0,,,,,,123
0.4201710535667748,0.6704270039219142,0.4723524480735198,0.5542238898400786,0.7479,0.5276475519264802,SVM,smote,True,15.0,PGD_eps0.75_it25,0.5010068942642565,PGD,0.75,25.0,,,,,,123
0.1521476462365846,0.0900549954170485,0.0122015585705858,0.0214912640472479,0.3971,0.987798441429414,RF,smote,True,15.0,PGD_eps0.75_it25,0.8471652965007462,PGD,0.75,25.0,,,,,,123
0.042028951171551,0.1154637247569184,0.038343320190009,0.0575690478965155,0.9461,0.961656679809991,MLP,smote,True,15.0,PGD_eps0.75_it25,0.9572839915657798,PGD,0.75,25.0,,,,,,123
0.9022720272927576,0.966914943140254,0.902822192554876,0.9337700496122536,0.0995,0.097177807445124,LR,smote,True,15.0,CW_c0.0_it10,0.0013504228955909,CW,,10.0,0.0,,,,,123
0.9022246440332632,0.9674412410946136,0.9022322953211837,0.9336996160457532,0.0978,0.0977677046788164,SVM,smote,True,15.0,CW_c0.0_it10,0.002487621123457,CW,,10.0,0.0,,,,,123
0.1556303158094245,0.0985256260238708,0.0130708808097115,0.0230798750068526,0.3852,0.9869291191902884,RF,smote,True,15.0,CW_c0.0_it10,0.8439195432253784,CW,,10.0,0.0,,,,,123
0.0398730128645549,0.1262022471910112,0.0435903008475891,0.0647990030922601,0.9721,0.9564096991524108,MLP,smote,True,15.0,CW_c0.0_it10,0.95932147172404,CW,,10.0,0.0,,,,,123
0.9028406264066904,0.9669723551302498,0.903536278679872,0.9341786373485274,0.0994,0.0964637213201279,LR,smote,True,15.0,CW_c0.5_it10,0.0014214977848326,CW,,10.0,0.5,,,,,123
0.90267478499846,0.9660044442970382,0.904281412027694,0.9341244387427838,0.1025,0.0957185879723058,SVM,smote,True,15.0,CW_c0.5_it10,0.0035774360918287,CW,,10.0,0.5,,,,,123
0.1594209765689782,0.1480525069937594,0.0213604893042317,0.0373344909919687,0.3959,0.9786395106957684,RF,smote,True,15.0,CW_c0.5_it10,0.840152574095572,CW,,10.0,0.5,,,,,123
0.0342344049847189,0.1107471107471107,0.0377844701791424,0.0563452011667206,0.9772,0.9622155298208576,MLP,smote,True,15.0,CW_c0.5_it10,0.965078537752612,CW,,10.0,0.5,,,,,123
0.9035987585586012,0.967752659574468,0.9037846564624794,0.9346754643677052,0.097,0.0962153435375205,LR,smotenc,True,,clean,0.0,,,,,257668.0,2.0,proto;conn_state,True,123
0.90471226515672,0.969642440601153,0.9034120897885684,0.9353563277508116,0.0911,0.0965879102114316,SVM,smotenc,True,,clean,0.0,,,,,257668.0,2.0,proto;conn_state,True,123
0.9987206519936508,0.9993167489673592,0.9990064888695708,0.99916159483294,0.0022,0.0009935111304293,RF,smotenc,True,,clean,0.0,,,,,257668.0,2.0,proto;conn_state,True,123
0.965410220569073,0.9930094596761264,0.9614393492502096,0.9769694292835284,0.0218,0.0385606507497904,MLP,smotenc,True,,clean,0.0,,,,,257668.0,2.0,proto;conn_state,True,123
0.8786277808050416,0.944878785887918,0.8930423173647117,0.9182295573893472,0.1678,0.1069576826352882,LR,smotenc,True,,FGSM_eps0.15,0.0259897178326897,FGSM,0.15,1.0,,257668.0,2.0,proto;conn_state,True,123
0.8693880452036296,0.939860278125618,0.8854978422180136,0.9118695547917832,0.1825,0.1145021577819864,SVM,smotenc,True,,FGSM_eps0.15,0.0363192684024734,FGSM,0.15,1.0,,257668.0,2.0,proto;conn_state,True,123
0.1359662631192399,0.1550914683503318,0.0297432394672296,0.0499140311571927,0.5219,0.9702567605327704,RF,smotenc,True,,FGSM_eps0.15,0.863583595915563,FGSM,0.15,1.0,,257668.0,2.0,proto;conn_state,True,123
0.138785567059158,0.3494256216373418,0.1492129529013629,0.2091247307616996,0.8948,0.8507870470986371,MLP,smotenc,True,,FGSM_eps0.15,0.8542017105356677,FGSM,0.15,1.0,,257668.0,2.0,proto;conn_state,True,123
0.5411878983155252,0.809753509237374,0.5211897295786891,0.6341896486588591,0.3944,0.4788102704213108,LR,smotenc,True,,FGSM_eps0.3,0.3667464284868156,FGSM,0.3,1.0,,257668.0,2.0,proto;conn_state,True,123
0.5512331493283423,0.7946781573452979,0.555403769132851,0.6538377192982456,0.4622,0.4445962308671489,SVM,smotenc,True,,FGSM_eps0.3,0.3576488426638868,FGSM,0.3,1.0,,257668.0,2.0,proto;conn_state,True,123
0.1357056551920206,0.1536964980544747,0.0294327672389704,0.049404591291659,0.522,0.9705672327610296,RF,smotenc,True,,FGSM_eps0.3,0.8638442038427824,FGSM,0.3,1.0,,257668.0,2.0,proto;conn_state,True,123
0.1427420692269421,0.3606338966411893,0.1596758669936974,0.2213471056595653,0.9118,0.8403241330063026,MLP,smotenc,True,,FGSM_eps0.3,0.8489895519912815,FGSM,0.3,1.0,,257668.0,2.0,proto;conn_state,True,123
0.3448553626003933,0.6642393655371305,0.2860380638951846,0.3998784695848434,0.4657,0.7139619361048154,LR,smotenc,True,,FGSM_eps0.5,0.56450046198678,FGSM,0.5,1.0,,257668.0,2.0,proto;conn_state,True,123
0.3963609656708285,0.6967146030632526,0.3700208016392933,0.4833417824191423,0.5188,0.6299791983607066,SVM,smotenc,True,,FGSM_eps0.5,0.5146769646283967,FGSM,0.5,1.0,,257668.0,2.0,proto;conn_state,True,123
0.1364637873439314,0.1506262359920896,0.0283771616628892,0.0477571387517308,0.5154,0.9716228383371108,RF,smotenc,True,,FGSM_eps0.5,0.8630623800611245,FGSM,0.5,1.0,,257668.0,2.0,proto;conn_state,True,123
0.1539719017271198,0.3659750401960033,0.1484057251078891,0.2111773801634636,0.8281,0.8515942748921109,MLP,smotenc,True,,FGSM_eps0.5,0.837783411120851,FGSM,0.5,1.0,,257668.0,2.0,proto;conn_state,True,123
0.2060934871709825,0.4191825071437445,0.104753329814648,0.167618858363555,0.4675,0.8952466701853519,LR,smotenc,True,,FGSM_eps0.75,0.7040204695681016,FGSM,0.75,1.0,,257668.0,2.0,proto;conn_state,True,123
0.2953872396882182,0.5949376827204186,0.2400881741128256,0.3421151591567677,0.5265,0.7599118258871744,SVM,smotenc,True,,FGSM_eps0.75,0.6159586817977208,FGSM,0.75,1.0,,257668.0,2.0,proto;conn_state,True,123
0.1197138051126537,0.1130924448615673,0.0224471421031388,0.0374591990052328,0.567,0.9775528578968612,RF,smotenc,True,,FGSM_eps0.75,0.8798123622924021,FGSM,0.75,1.0,,257668.0,2.0,proto;conn_state,True,123
0.1619085976924352,0.3818480370204508,0.1588375919773976,0.2243515249851996,0.8282,0.8411624080226023,MLP,smotenc,True,,FGSM_eps0.75,0.8298940984150299,FGSM,0.75,1.0,,257668.0,2.0,proto;conn_state,True,123
0.801511525977872,0.9367371623355204,0.793473873761992,0.8591743427687756,0.1726,0.206526126238008,LR,smotenc,True,,PGD_eps0.15_it10,0.1030112061408704,PGD,0.15,10.0,,257668.0,2.0,proto;conn_state,True,123
0.8737709967068634,0.9438885035833416,0.8873296283647428,0.9147356292408142,0.1699,0.1126703716352572,SVM,smotenc,True,,PGD_eps0.15_it10,0.0312966428960648,PGD,0.15,10.0,,257668.0,2.0,proto;conn_state,True,123
0.1893908881991992,0.2939605587510271,0.0444285758638889,0.0771907112225908,0.3437,0.9555714241361112,RF,smotenc,True,,PGD_eps0.15_it10,0.8099220545381317,PGD,0.15,10.0,,257668.0,2.0,proto;conn_state,True,123
0.0557937880546802,0.1512635708420764,0.0514762954453724,0.0768126013435255,0.9303,0.9485237045546276,MLP,smotenc,True,,PGD_eps0.15_it10,0.9399891018503164,PGD,0.15,10.0,,257668.0,2.0,proto;conn_state,True,123
0.828543675519439,0.9611464027182745,0.8079729268216957,0.877928649742768,0.1052,0.1920270731783042,LR,smotenc,True,,PGD_eps0.15_it25,0.075813215191073,PGD,0.15,25.0,,257668.0,2.0,proto;conn_state,True,123
0.8585609704091545,0.9427028851020752,0.8673662640876774,0.9034667874005562,0.1698,0.1326337359123226,SVM,smotenc,True,,PGD_eps0.15_it25,0.0467198938614987,PGD,0.15,25.0,,257668.0,2.0,proto;conn_state,True,123
0.1615058399867326,0.1016270337922403,0.0126051724673227,0.0224284609435421,0.3589,0.9873948275326772,RF,smotenc,True,,PGD_eps0.15_it25,0.8377360278613566,PGD,0.15,25.0,,257668.0,2.0,proto;conn_state,True,123
0.0448008718519747,0.0793650793650793,0.0237511254618274,0.0365608870196903,0.8874,0.9762488745381726,MLP,smotenc,True,,PGD_eps0.15_it25,0.9338529697457888,PGD,0.15,25.0,,257668.0,2.0,proto;conn_state,True,123
0.6339169371461063,0.9004444869282607,0.5849296780402993,0.7091771437175337,0.2083,0.4150703219597007,LR,smotenc,True,,PGD_eps0.3_it10,0.2838494160013267,PGD,0.3,10.0,,257668.0,2.0,proto;conn_state,True,123
0.6221658887914899,0.8763249247859292,0.5878170697631097,0.7036458914037239,0.2672,0.4121829302368903,SVM,smotenc,True,,PGD_eps0.3_it10,0.288611433580516,PGD,0.3,10.0,,257668.0,2.0,proto;conn_state,True,123
0.1992702978037859,0.3519657164151294,0.0586482039181595,0.1005428997232276,0.3478,0.9413517960818404,RF,smotenc,True,,PGD_eps0.3_it10,0.8000426449335449,PGD,0.3,10.0,,257668.0,2.0,proto;conn_state,True,123
0.043829515032339,0.1060518174787316,0.0340588034400322,0.051559232016544,0.9247,0.9659411965599676,MLP,smotenc,True,,PGD_eps0.3_it10,0.949986969603639,PGD,0.3,10.0,,257668.0,2.0,proto;conn_state,True,123
0.6486057475893767,0.9040974838379612,0.6035269645130243,0.7238503072053621,0.2062,0.3964730354869757,LR,smotenc,True,,PGD_eps0.3_it25,0.2612002179629937,PGD,0.3,25.0,,257668.0,2.0,proto;conn_state,True,123
0.5763462768603852,0.8502762701090412,0.539880157719892,0.660425370300038,0.3062,0.460119842280108,SVM,smotenc,True,,PGD_eps0.3_it25,0.3346679618090928,PGD,0.3,25.0,,257668.0,2.0,proto;conn_state,True,123
0.1438792674548082,0.098876404494382,0.0150268558477444,0.0260888313928417,0.4411,0.9849731441522556,RF,smotenc,True,,PGD_eps0.3_it25,0.8554573669122699,PGD,0.3,25.0,,257668.0,2.0,proto;conn_state,True,123
0.03965978819683,0.0809341654922488,0.0249619671520382,0.0381558028616852,0.913,0.9750380328479618,MLP,smotenc,True,,PGD_eps0.3_it25,0.9486128550783008,PGD,0.3,25.0,,257668.0,2.0,proto;conn_state,True,123
0.4587884100547276,0.7899201287845954,0.3961004688130646,0.5276261373035567,0.3393,0.6038995311869353,LR,smotenc,True,,PGD_eps0.5_it10,0.4645454760832997,PGD,0.5,10.0,,257668.0,2.0,proto;conn_state,True,123
0.4791395200075813,0.785427135678392,0.4367412834921916,0.5613440012769608,0.3843,0.5632587165078083,SVM,smotenc,True,,PGD_eps0.5_it10,0.443175626051316,PGD,0.5,10.0,,257668.0,2.0,proto;conn_state,True,123
0.2343102181999099,0.490381252186079,0.0870564128038746,0.1478629999736335,0.2914,0.9129435871961252,RF,smotenc,True,,PGD_eps0.5_it10,0.7648131914994433,PGD,0.5,10.0,,257668.0,2.0,proto;conn_state,True,123
0.041010211092421,0.09533131056083,0.0302399950324443,0.0459152406543157,0.9243,0.9697600049675557,MLP,smotenc,True,,PGD_eps0.5_it10,0.9508635599042858,PGD,0.5,10.0,,257668.0,2.0,proto;conn_state,True,123
0.5112653699447985,0.822670530539456,0.4583191033562048,0.5886786433513449,0.3182,0.5416808966437953,LR,smotenc,True,,PGD_eps0.5_it25,0.4182283399275036,PGD,0.5,25.0,,257668.0,2.0,proto;conn_state,True,123
0.5287971759577341,0.8053737854451716,0.5043931820298674,0.620301254271587,0.3926,0.4956068179701325,SVM,smotenc,True,,PGD_eps0.5_it25,0.4012888246582482,PGD,0.5,25.0,,257668.0,2.0,proto;conn_state,True,123
0.175175910350873,0.1615584415584415,0.0193113725977211,0.0344990155023711,0.3228,0.9806886274022788,RF,smotenc,True,,PGD_eps0.5_it25,0.824042265867469,PGD,0.5,25.0,,257668.0,2.0,proto;conn_state,True,123
0.042479092136748,0.1032582422894711,0.0331584339780806,0.0501974055273547,0.9275,0.9668415660219192,MLP,smotenc,True,,PGD_eps0.5_it25,0.9526404321353266,PGD,0.5,25.0,,257668.0,2.0,proto;conn_state,True,123
0.4989457224762491,0.750998547567175,0.5137073488776429,0.610091996828967,0.5486,0.4862926511223571,LR,smotenc,True,,PGD_eps0.75_it10,0.4313535028074581,PGD,0.75,10.0,,257668.0,2.0,proto;conn_state,True,123
0.5027363832358028,0.771329077190946,0.4951411096277438,0.6031199773092559,0.4728,0.5048588903722562,SVM,smotenc,True,,PGD_eps0.75_it10,0.4254542870004028,PGD,0.75,10.0,,257668.0,2.0,proto;conn_state,True,123
0.2111398043071383,0.4216364160184385,0.0908752212114626,0.1495236392429312,0.4015,0.9091247787885374,RF,smotenc,True,,PGD_eps0.75_it10,0.7882915965789287,PGD,0.75,10.0,,257668.0,2.0,proto;conn_state,True,123
0.0421474093202871,0.0997955408431506,0.0318234033965661,0.0482580037664783,0.9246,0.9681765966034338,MLP,smotenc,True,,PGD_eps0.75_it10,0.951100476201758,PGD,0.75,10.0,,257668.0,2.0,proto;conn_state,True,123
0.5008647444857732,0.7488052168475591,0.520506690676519,0.61412505952599,0.5624,0.479493309323481,LR,smotenc,True,,PGD_eps0.75_it25,0.4351441635670118,PGD,0.75,25.0,,257668.0,2.0,proto;conn_state,True,123
0.5197943566537943,0.786633378144805,0.5086776987798441,0.6178328336821465,0.4444,0.4913223012201558,SVM,smotenc,True,,PGD_eps0.75_it25,0.4170911416996375,PGD,0.75,25.0,,257668.0,2.0,proto;conn_state,True,123
0.149944324670094,0.1214683439884512,0.0182868142444658,0.031788007987479,0.426,0.981713185755534,RF,smotenc,True,,PGD_eps0.75_it25,0.8495107678457201,PGD,0.75,25.0,,257668.0,2.0,proto;conn_state,True,123
0.042929233101945,0.1125307590384251,0.0369151479400167,0.055593220338983,0.9377,0.9630848520599832,MLP,smotenc,True,,PGD_eps0.75_it25,0.9550806699992892,PGD,0.75,25.0,,257668.0,2.0,proto;conn_state,True,123
0.8986945912009288,0.9616566952037816,0.9032568536744388,0.9315423777656816,0.116,0.0967431463255611,LR,smotenc,True,,CW_c0.0_it10,0.0055912246203416,CW,,10.0,0.0,257668.0,2.0,proto;conn_state,True,123
0.8978890757895236,0.9639780475636122,0.899810611940762,0.9307897356842342,0.1083,0.1001893880592381,SVM,smotenc,True,,CW_c0.0_it10,0.0073680968513824,CW,,10.0,0.0,257668.0,2.0,proto;conn_state,True,123
0.1854106944016678,0.192242355605889,0.0210810642987984,0.0379955793066786,0.2853,0.9789189357012016,RF,smotenc,True,,CW_c0.0_it10,0.8139970148546518,CW,,10.0,0.0,257668.0,2.0,proto;conn_state,True,123
0.0469568101589708,0.1397375988497483,0.0482784314943028,0.0717631585019729,0.9573,0.9517215685056972,MLP,smotenc,True,,CW_c0.0_it10,0.9522850576891184,CW,,10.0,0.0,257668.0,2.0,proto;conn_state,True,123
0.8972967850458433,0.960483711094958,0.9025427675494428,0.9306122448979592,0.1196,0.0974572324505573,LR,smotenc,True,,CW_c0.5_it10,0.0069179558861854,CW,,10.0,0.5,257668.0,2.0,proto;conn_state,True,123
0.896586036153427,0.962740144917902,0.8992828091527213,0.9299301709607511,0.1121,0.1007171908472787,SVM,smotenc,True,,CW_c0.5_it10,0.0088606695254566,CW,,10.0,0.5,257668.0,2.0,proto;conn_state,True,123
0.1854580776611623,0.2006615214994487,0.0226023782172684,0.0406284008148003,0.29,0.9773976217827316,RF,smotenc,True,,CW_c0.5_it10,0.8139970148546518,CW,,10.0,0.5,257668.0,2.0,proto;conn_state,True,123
0.0368878675164064,0.1118160919540229,0.0377534229563165,0.0564478692786185,0.9659,0.9622465770436834,MLP,smotenc,True,,CW_c0.5_it10,0.96237769196143,CW,,10.0,0.5,257668.0,2.0,proto;conn_state,True,123
0.9178611196664218,0.948477093995756,0.9436182433481324,0.9460414299721414,0.1651,0.0563817566518674,LR,none,True,,clean,0.0,,,,,168834.0,2.0,proto;conn_state,False,123
0.9194958421189794,0.9485877993336032,0.9457605017231208,0.9471720406703772,0.1651,0.0542394982768791,SVM,none,True,,clean,0.0,,,,,168834.0,2.0,proto;conn_state,False,123
0.9987680352531452,0.9990688146009872,0.9993169610978296,0.9991928724428026,0.003,0.0006830389021702,RF,none,True,,clean,0.0,,,,,168834.0,2.0,proto;conn_state,False,123
0.9731336918666637,0.969283276450512,0.9963674749293676,0.9826387825714198,0.1017,0.0036325250706324,MLP,none,True,,clean,0.0,,,,,168834.0,2.0,proto;conn_state,False,123
0.887346300552015,0.9186848044897212,0.9351423515166568,0.9268405261943228,0.2666,0.0648576484833431,LR,none,True,,FGSM_eps0.15,0.0315572508232841,FGSM,0.15,1.0,,168834.0,2.0,proto;conn_state,False,123
0.7467364780023218,0.8829139827040108,0.7702505510882052,0.8227432513099423,0.329,0.2297494489117948,SVM,none,True,,FGSM_eps0.15,0.1747968442749176,FGSM,0.15,1.0,,168834.0,2.0,proto;conn_state,False,123
0.1958113198606932,0.2935998096597668,0.038312272967183,0.0677798527957816,0.2969,0.9616877270328168,RF,none,True,,FGSM_eps0.15,0.8036674642848681,FGSM,0.15,1.0,,168834.0,2.0,proto;conn_state,False,123
0.4832381719538487,0.6923162295142614,0.5810177279642336,0.6318028359216745,0.8317,0.4189822720357664,MLP,none,True,,FGSM_eps0.15,0.4988035726977659,FGSM,0.15,1.0,,168834.0,2.0,proto;conn_state,False,123
0.7373309009926793,0.8742911823079104,0.7659039398925767,0.8165163425734382,0.3547,0.2340960601074234,LR,none,True,,FGSM_eps0.3,0.182496623942761,FGSM,0.3,1.0,,168834.0,2.0,proto;conn_state,False,123
0.7059868748371201,0.8352467066273832,0.7657487037784471,0.798989277268457,0.4865,0.234251296221553,SVM,none,True,,FGSM_eps0.3,0.2171337866331825,FGSM,0.3,1.0,,168834.0,2.0,proto;conn_state,False,123
0.1489492762207112,0.1891846643227858,0.0350833617932875,0.0591901943324079,0.4843,0.9649166382067124,RF,none,True,,FGSM_eps0.3,0.8505531995545974,FGSM,0.3,1.0,,168834.0,2.0,proto;conn_state,False,123
0.6012461797247033,0.7348790322580645,0.7469030395231147,0.7408422511355762,0.8679,0.2530969604768853,MLP,none,True,,FGSM_eps0.3,0.3806297235186808,FGSM,0.3,1.0,,168834.0,2.0,proto;conn_state,False,123
0.513018550546092,0.7673917033773862,0.5192027073178305,0.619358900761097,0.5069,0.4807972926821696,LR,none,True,,FGSM_eps0.5,0.4093439787722997,FGSM,0.5,1.0,,168834.0,2.0,proto;conn_state,False,123
0.6908005401691583,0.8177746815286624,0.7653450898817101,0.7906917068946161,0.5493,0.2346549101182899,SVM,none,True,,FGSM_eps0.5,0.2324148878201331,FGSM,0.5,1.0,,168834.0,2.0,proto;conn_state,False,123
0.1859082186263593,0.274649361523969,0.0407339563476047,0.0709457632617747,0.3465,0.9592660436523952,RF,none,True,,FGSM_eps0.5,0.8135942571489493,FGSM,0.5,1.0,,168834.0,2.0,proto;conn_state,False,123
0.5971238361486887,0.7300986742538894,0.7488900617839734,0.7393749904210155,0.8917,0.2511099382160265,MLP,none,True,,FGSM_eps0.5,0.3850126750219148,FGSM,0.5,1.0,,168834.0,2.0,proto;conn_state,False,123
0.3589755739297306,0.6661721068249258,0.3206246701232574,0.4328980738194546,0.5175,0.6793753298767425,LR,none,True,,FGSM_eps0.75,0.563931862872847,FGSM,0.75,1.0,,168834.0,2.0,proto;conn_state,False,123
0.680968513824066,0.8070911295343579,0.7646930982023658,0.7853202818607914,0.5887,0.2353069017976342,SVM,none,True,,FGSM_eps0.75,0.2422942974247198,FGSM,0.75,1.0,,168834.0,2.0,proto;conn_state,False,123
0.1871875666327086,0.2791920892068167,0.0411996646899934,0.0718034738379957,0.3426,0.9588003353100064,RF,none,True,,FGSM_eps0.75,0.8122912175128527,FGSM,0.75,1.0,,168834.0,2.0,proto;conn_state,False,123
0.6256722499940771,0.7341934747238318,0.7985656183054426,0.7650278099997025,0.9312,0.2014343816945574,MLP,none,True,,FGSM_eps0.75,0.3564168779170319,FGSM,0.75,1.0,,168834.0,2.0,proto;conn_state,False,123
0.8142102395223767,0.8383271778067812,0.9372846098916452,0.8850483729111698,0.5822,0.0627153901083548,LR,none,True,,PGD_eps0.15_it10,0.1070861664573906,PGD,0.15,10.0,,168834.0,2.0,proto;conn_state,False,123
0.7448174559927977,0.8112188606933395,0.8674594057561551,0.8383970233004756,0.6502,0.1325405942438449,SVM,none,True,,PGD_eps0.15_it10,0.1783979719964936,PGD,0.15,10.0,,168834.0,2.0,proto;conn_state,False,123
0.2547560946717525,0.6290709633184779,0.0569716538855599,0.1044810112167625,0.1082,0.94302834611444,RF,none,True,,PGD_eps0.15_it10,0.74462792295482,PGD,0.15,10.0,,168834.0,2.0,proto;conn_state,False,123
0.4605415906560212,0.6768729153393547,0.560743891458909,0.6133600489030768,0.8622,0.439256108541091,MLP,none,True,,PGD_eps0.15_it10,0.5219739865905375,PGD,0.15,10.0,,168834.0,2.0,proto;conn_state,False,123
0.8383757018645313,0.861895937277263,0.9385885932503336,0.8986088817549491,0.4844,0.0614114067496662,LR,none,True,,PGD_eps0.15_it25,0.0818782724063588,PGD,0.15,25.0,,168834.0,2.0,proto;conn_state,False,123
0.7300812622900329,0.8306016136204816,0.8118538296749356,0.8211207234931152,0.5333,0.1881461703250644,SVM,none,True,,PGD_eps0.15_it25,0.1923523419176005,PGD,0.15,25.0,,168834.0,2.0,proto;conn_state,False,123
0.2534056717761614,0.6326219512195121,0.0515383898910242,0.0953119168604484,0.0964,0.9484616101089758,RF,none,True,,PGD_eps0.15_it25,0.7460257291099055,PGD,0.15,25.0,,168834.0,2.0,proto;conn_state,False,123
0.4462792295482006,0.6693366036868126,0.5422397466546618,0.5991218140029502,0.8628,0.4577602533453382,MLP,none,True,,PGD_eps0.15_it25,0.5362363476983582,PGD,0.15,25.0,,168834.0,2.0,proto;conn_state,False,123
0.73910777322372,0.8088231009062036,0.8618088112018379,0.8344757094757095,0.6561,0.138191188798162,LR,none,True,,PGD_eps0.3_it10,0.1840839631358241,PGD,0.3,10.0,,168834.0,2.0,proto;conn_state,False,123
0.437987159136677,0.6754599958652057,0.5071874320842,0.5793524133773097,0.7849,0.4928125679157999,SVM,none,True,,PGD_eps0.3_it10,0.4868629913051719,PGD,0.3,10.0,,168834.0,2.0,proto;conn_state,False,123
0.213816958468573,0.357830271216098,0.0380949424074016,0.0688590830012907,0.2202,0.9619050575925984,RF,none,True,,PGD_eps0.3_it10,0.7855907507877467,PGD,0.3,10.0,,168834.0,2.0,proto;conn_state,False,123
0.4345518728233315,0.6573249849124925,0.5410599521872769,0.5935525621157678,0.9085,0.4589400478127231,MLP,none,True,,PGD_eps0.3_it10,0.5479637044232273,PGD,0.3,10.0,,168834.0,2.0,proto;conn_state,False,123
0.7366438437300102,0.8067894231608342,0.8610947250768419,0.833058000180218,0.6642,0.1389052749231581,LR,none,True,,PGD_eps0.3_it25,0.1865715842592812,PGD,0.3,25.0,,168834.0,2.0,proto;conn_state,False,123
0.4437679167949963,0.6781182422783467,0.5160048433667609,0.586057336295356,0.7889,0.4839951566332391,SVM,none,True,,PGD_eps0.3_it25,0.480797934089886,PGD,0.3,25.0,,168834.0,2.0,proto;conn_state,False,123
0.2055722713165438,0.32232070910556,0.0372566673911018,0.0667928309028164,0.2523,0.962743332608898,RF,none,True,,PGD_eps0.3_it25,0.7938828211992703,PGD,0.3,25.0,,168834.0,2.0,proto;conn_state,False,123
0.4347414058613092,0.6574402292782261,0.5412772827470583,0.5937303114410748,0.9084,0.4587227172529417,MLP,none,True,,PGD_eps0.3_it25,0.5477741713852496,PGD,0.3,25.0,,168834.0,2.0,proto;conn_state,False,123
0.5796157217655002,0.745560723865141,0.6817659660343383,0.7122376828516752,0.7494,0.3182340339656617,LR,none,True,,PGD_eps0.5_it10,0.3447369044516572,PGD,0.5,10.0,,168834.0,2.0,proto;conn_state,False,123
0.4144139875382027,0.6516844833171364,0.4996740041603278,0.5656444952113171,0.8602,0.5003259958396722,SVM,none,True,,PGD_eps0.5_it10,0.5100334051979436,PGD,0.5,10.0,,168834.0,2.0,proto;conn_state,False,123
0.2253310905257172,0.4150156412930135,0.0370703840541463,0.0680613350054152,0.1683,0.9629296159458536,RF,none,True,,PGD_eps0.5_it10,0.7741003103603497,PGD,0.5,10.0,,168834.0,2.0,proto;conn_state,False,123
0.4263782605605439,0.6490476012972006,0.5405942438448881,0.5898773629649705,0.9415,0.4594057561551119,MLP,none,True,,PGD_eps0.5_it10,0.5561373166860148,PGD,0.5,10.0,,168834.0,2.0,proto;conn_state,False,123
0.6044445497405767,0.7538370913375004,0.7151727777950262,0.7339961125450084,0.7522,0.2848272222049737,LR,none,True,,PGD_eps0.5_it25,0.3199080764765808,PGD,0.5,25.0,,168834.0,2.0,proto;conn_state,False,123
0.4017389656234452,0.6382167123614256,0.4986804930298985,0.5598856664807585,0.9105,0.5013195069701015,SVM,none,True,,PGD_eps0.5_it25,0.5229927266696676,PGD,0.5,25.0,,168834.0,2.0,proto;conn_state,False,123
0.2147883152882087,0.359167671893848,0.0369772423856686,0.0670513722730471,0.2125,0.9630227576143314,RF,none,True,,PGD_eps0.5_it25,0.7846667772276055,PGD,0.5,25.0,,168834.0,2.0,proto;conn_state,False,123
0.4264256438200384,0.6490626514106816,0.5406873855133658,0.5899390243902439,0.9416,0.4593126144866342,MLP,none,True,,PGD_eps0.5_it25,0.5560899334265204,PGD,0.5,25.0,,168834.0,2.0,proto;conn_state,False,123
0.4398587978867066,0.6578695171396978,0.5541308329969884,0.6015605251183875,0.9282,0.4458691670030116,LR,none,True,,PGD_eps0.75_it10,0.4849913525551422,PGD,0.75,10.0,,168834.0,2.0,proto;conn_state,False,123
0.4092255206235637,0.6467454904967516,0.4975938402309913,0.5624495525530795,0.8754,0.5024061597690087,SVM,none,True,,PGD_eps0.75_it10,0.5153877135208131,PGD,0.75,10.0,,168834.0,2.0,proto;conn_state,False,123
0.2182709848610486,0.377984496124031,0.0378465646247943,0.0688039735846926,0.2006,0.9621534353752056,RF,none,True,,PGD_eps0.75_it10,0.7811604160250184,PGD,0.75,10.0,,168834.0,2.0,proto;conn_state,False,123
0.4263545689307967,0.6490234083793052,0.5405942438448881,0.5898673713095177,0.9416,0.4594057561551119,MLP,none,True,,PGD_eps0.75_it10,0.5561610083157621,PGD,0.75,10.0,,168834.0,2.0,proto;conn_state,False,123
0.4318984102916439,0.652746844840386,0.5459654133937719,0.5946000777697003,0.9355,0.4540345866062281,LR,none,True,,PGD_eps0.75_it25,0.4932360397071714,PGD,0.75,25.0,,168834.0,2.0,proto;conn_state,False,123
0.399464569167713,0.6359852538946367,0.4981216430190319,0.5586740023678529,0.9183,0.501878356980968,SVM,none,True,,PGD_eps0.75_it25,0.525740955720344,PGD,0.75,25.0,,168834.0,2.0,proto;conn_state,False,123
0.2068753109526404,0.3279978296256104,0.0375360923965351,0.0673631424989552,0.2477,0.9624639076034648,RF,none,True,,PGD_eps0.75_it25,0.7926271648226682,PGD,0.75,25.0,,168834.0,2.0,proto;conn_state,False,123
0.4263545689307967,0.6490234083793052,0.5405942438448881,0.5898673713095177,0.9416,0.4594057561551119,MLP,none,True,,PGD_eps0.75_it25,0.5561610083157621,PGD,0.75,25.0,,168834.0,2.0,proto;conn_state,False,123
0.8699566443175626,0.9453333333333334,0.8804992393430408,0.9117651786718964,0.164,0.1195007606569592,LR,none,True,,CW_c0.0_it10,0.0483546163140562,CW,,10.0,0.0,168834.0,2.0,proto;conn_state,False,123
0.7452202136985003,0.9235263926724308,0.726256636343879,0.8130974312628176,0.1937,0.2737433636561209,SVM,none,True,,CW_c0.0_it10,0.1751285270913786,CW,,10.0,0.0,168834.0,2.0,proto;conn_state,False,123
0.4590964012414414,0.882838014369693,0.3357136204166537,0.486447578559057,0.1435,0.6642863795833462,RF,none,True,,CW_c0.0_it10,0.5401928498661422,CW,,10.0,0.0,168834.0,2.0,proto;conn_state,False,123
0.2617451254471795,0.5257064364207221,0.3327020398025396,0.4075067024128686,0.9668,0.6672979601974603,MLP,none,True,,CW_c0.0_it10,0.7208652183183681,CW,,10.0,0.0,168834.0,2.0,proto;conn_state,False,123
0.8658579923712952,0.9418461436037416,0.8784501226365302,0.9090441767068274,0.1747,0.1215498773634698,LR,none,True,,CW_c0.5_it10,0.0524295766305764,CW,,10.0,0.5,168834.0,2.0,proto;conn_state,False,123
0.7417612357554076,0.9230158415055386,0.7217858362569468,0.8100912955606663,0.1939,0.2782141637430532,SVM,none,True,,CW_c0.5_it10,0.1786585799237129,CW,,10.0,0.5,168834.0,2.0,proto;conn_state,False,123
0.4639768769693667,0.8917593198168737,0.3386631065851159,0.4908980445984564,0.1324,0.661336893414884,RF,none,True,,CW_c0.5_it10,0.535312374138217,CW,,10.0,0.5,168834.0,2.0,proto;conn_state,False,123
0.2574569404629344,0.5213767937275013,0.3282622869384333,0.4028730376467002,0.9706,0.6717377130615666,MLP,none,True,,CW_c0.5_it10,0.7253192447108436,CW,,10.0,0.5,168834.0,2.0,proto;conn_state,False,123
0.9038119832263262,0.9671723039134332,0.9046539787016052,0.9348690965092402,0.0989,0.0953460212983948,LR,smote,True,15.0,clean,0.0,,,,,,,,,31
0.905375630789642,0.9698584512905912,0.9040951286907386,0.9358228621011024,0.0905,0.0959048713092613,SVM,smote,True,15.0,clean,0.0,,,,,,,,,31
0.9987206519936508,0.9992237230243752,0.9990996305380484,0.9991616729282454,0.0025,0.0009003694619516,RF,smote,True,15.0,clean,0.0,,,,,,,,,31
0.9654812954583146,0.9965445973002648,0.9580862491850104,0.9769370795409577,0.0107,0.0419137508149895,MLP,smote,True,15.0,clean,0.0,,,,,,,,,31
0.9024615603307352,0.9695146409947852,0.9004936508429321,0.9337303822937626,0.0912,0.0995063491570679,LR,smote,True,15.0,FGSM_eps0.15,0.0064678149209884,FGSM,0.15,1.0,,,,,,31
0.900755762988936,0.9674674674674676,0.9002142258374989,0.9326299876163978,0.0975,0.0997857741625011,SVM,smote,True,15.0,FGSM_eps0.15,0.0085289867089957,FGSM,0.15,1.0,,,,,,31
0.2422706057949726,0.512736699729486,0.1412338166351019,0.2214649107860081,0.4323,0.858766183364898,RF,smote,True,15.0,FGSM_eps0.15,0.7570660285721055,FGSM,0.15,1.0,,,,,,31
0.2509180506527044,0.5171632688621711,0.2764444720419758,0.3602962003803666,0.8313,0.7235555279580241,MLP,smote,True,15.0,FGSM_eps0.15,0.7469970859295411,FGSM,0.15,1.0,,,,,,31
0.8310549882726432,0.9643386165012592,0.8085007296097364,0.8795703646158782,0.0963,0.1914992703902636,LR,smote,True,15.0,FGSM_eps0.3,0.0828496292259944,FGSM,0.3,1.0,,,,,,31
0.7835058873699922,0.9256170903590007,0.7788816790338104,0.8459333693013218,0.2016,0.2211183209661895,SVM,smote,True,15.0,FGSM_eps0.3,0.1496126418536331,FGSM,0.3,1.0,,,,,,31
0.2801298301310147,0.593865788390284,0.1791424757055481,0.2752534287418008,0.3946,0.8208575242944519,RF,smote,True,15.0,FGSM_eps0.3,0.7191594209765689,FGSM,0.3,1.0,,,,,,31
0.4102916439621881,0.6517249958533754,0.4879692011549567,0.5580825565912118,0.8399,0.5120307988450433,MLP,smote,True,15.0,FGSM_eps0.3,0.5877893340282878,FGSM,0.3,1.0,,,,,,31
0.7959676846170248,0.927497373093228,0.7947468098978546,0.8560058855002676,0.2001,0.2052531901021453,LR,smote,True,15.0,FGSM_eps0.5,0.143073752043403,FGSM,0.5,1.0,,,,,,31
0.7278068658343008,0.8642756680731364,0.7631407370610699,0.8105657141914954,0.386,0.2368592629389301,SVM,smote,True,15.0,FGSM_eps0.5,0.2060697955412352,FGSM,0.5,1.0,,,,,,31
0.321732331967116,0.6461224489795918,0.2457387686671427,0.3560583908769877,0.4335,0.7542612313328573,RF,smote,True,15.0,FGSM_eps0.5,0.6775569191404677,FGSM,0.5,1.0,,,,,,31
0.568433272524817,0.7183608501607316,0.7146139277841597,0.7164824902723735,0.9024,0.2853860722158403,MLP,smote,True,15.0,FGSM_eps0.5,0.429316022649198,FGSM,0.5,1.0,,,,,,31
0.7836717287782227,0.8999376126438375,0.8061411406749667,0.8504610143954406,0.2887,0.1938588593250333,LR,smote,True,15.0,FGSM_eps0.75,0.1713615579615721,FGSM,0.75,1.0,,,,,,31
0.7109621170840342,0.8549331251995601,0.7481759756589773,0.7979998675408968,0.4089,0.2518240243410227,SVM,smote,True,15.0,FGSM_eps0.75,0.2241228174086095,FGSM,0.75,1.0,,,,,,31
0.352602525527731,0.689513312116743,0.2757924803626315,0.3939945001330613,0.4,0.7242075196373684,RF,smote,True,15.0,FGSM_eps0.75,0.646734108839347,FGSM,0.75,1.0,,,,,,31
0.5879077921770238,0.72348770553628,0.7445124033655189,0.7338494965878141,0.9165,0.255487596634481,MLP,smote,True,15.0,FGSM_eps0.75,0.409604586699519,FGSM,0.75,1.0,,,,,,31
0.907744793764363,0.9696778688252662,0.9074792759787637,0.9375481139337952,0.0914,0.0925207240212363,LR,smote,True,15.0,PGD_eps0.15_it10,0.0008292070411523,PGD,0.15,10.0,,,,,,31
0.9041910493022816,0.9697141522964544,0.9026359092179204,0.9349734684032802,0.0908,0.0973640907820795,SVM,smote,True,15.0,PGD_eps0.15_it10,0.0015399559335686,PGD,0.15,10.0,,,,,,31
0.4327513089625435,0.7727332717434341,0.3635629792915024,0.4944788125752169,0.3444,0.6364370207084976,RF,smote,True,15.0,PGD_eps0.15_it10,0.5664905588855458,PGD,0.15,10.0,,,,,,31
0.1203534791158283,0.2987236131566028,0.1133534105374274,0.1643447142760685,0.8571,0.8866465894625726,MLP,smote,True,15.0,PGD_eps0.15_it10,0.878225023099339,PGD,0.15,10.0,,,,,,31
0.9076026439858798,0.9698589211618256,0.9071067093048528,0.937433824237174,0.0908,0.0928932906951473,LR,smote,True,15.0,PGD_eps0.15_it25,0.0007107488924163,PGD,0.15,25.0,,,,,,31
0.9025800184794712,0.9697081146143302,0.9004626036201062,0.9338034064200392,0.0906,0.0995373963798938,SVM,smote,True,15.0,PGD_eps0.15_it25,0.0033642114241038,PGD,0.15,25.0,,,,,,31
0.3757729394205027,0.7510494303092606,0.272191002514825,0.3995715783236862,0.2906,0.7278089974851749,RF,smote,True,15.0,PGD_eps0.15_it25,0.6234689284275865,PGD,0.15,25.0,,,,,,31
0.0930370300172949,0.222618068877318,0.0756620820267627,0.1129391046436185,0.851,0.9243379179732372,MLP,smote,True,15.0,PGD_eps0.15_it25,0.9054230140491364,PGD,0.15,25.0,,,,,,31
0.8127176668483025,0.9325786700840096,0.8133751435934056,0.8689076466393593,0.1894,0.1866248564065944,LR,smote,True,15.0,PGD_eps0.3_it10,0.1101423866947807,PGD,0.3,10.0,,,,,,31
0.7905186097751664,0.8716244155348453,0.8507870470986371,0.8610796882855707,0.4036,0.1492129529013629,SVM,smote,True,15.0,PGD_eps0.3_it10,0.129214148641285,PGD,0.3,10.0,,,,,,31
0.460067758061077,0.8277998190297209,0.3692446210686454,0.5106922019924425,0.2474,0.6307553789313546,RF,smote,True,15.0,PGD_eps0.3_it10,0.5392214930465067,PGD,0.3,10.0,,,,,,31
0.0772584046056528,0.1915224755103909,0.0649507901518209,0.0970045441899285,0.8831,0.9350492098481792,MLP,smote,True,15.0,PGD_eps0.3_it10,0.9213200976095146,PGD,0.3,10.0,,,,,,31
0.8077661162311356,0.932756205323467,0.8062032351206184,0.8648747668531841,0.1872,0.1937967648793815,LR,smote,True,15.0,PGD_eps0.3_it25,0.1183159989575683,PGD,0.3,25.0,,,,,,31
0.8446776753772892,0.8789105196301439,0.9237169735167188,0.9007568876778688,0.4099,0.076283026483281,SVM,smote,True,15.0,PGD_eps0.3_it25,0.0802198583240541,PGD,0.3,25.0,,,,,,31
0.343931389040252,0.7331956633970057,0.2204663292868453,0.3389984245954074,0.2584,0.7795336707131547,RF,smote,True,15.0,PGD_eps0.3_it25,0.6552630955483427,PGD,0.3,25.0,,,,,,31
0.0661233386244639,0.1551707643738639,0.0503585954236393,0.0760395668276217,0.8831,0.9496414045763606,MLP,smote,True,15.0,PGD_eps0.3_it25,0.9324314719609562,PGD,0.3,25.0,,,,,,31
0.6559501528110119,0.8470897601946701,0.670092210251793,0.7482665372347802,0.3896,0.329907789748207,LR,smote,True,15.0,PGD_eps0.5_it10,0.2751545878841005,PGD,0.5,10.0,,,,,,31
0.7229737733658699,0.7972127252709046,0.8542643360551399,0.8247530836443205,0.6999,0.1457356639448601,SVM,smote,True,15.0,PGD_eps0.5_it10,0.2091497074083726,PGD,0.5,10.0,,,,,,31
0.3827382785661826,0.7961127682093717,0.2568847216616474,0.3884324679592507,0.2119,0.7431152783383527,RF,smote,True,15.0,PGD_eps0.5_it10,0.6164798976521595,PGD,0.5,10.0,,,,,,31
0.0538273827856618,0.1510115606936416,0.0519109565649352,0.0772625401446362,0.94,0.9480890434350648,MLP,smote,True,15.0,PGD_eps0.5_it10,0.9447511194295056,PGD,0.5,10.0,,,,,,31
0.6588168400104243,0.8479212253829321,0.6737247353224254,0.7508520613830211,0.3892,0.3262752646775746,LR,smote,True,15.0,PGD_eps0.5_it25,0.2765760856689331,PGD,0.5,25.0,,,,,,31
0.7369281432869768,0.807428987618354,0.8604737806203235,0.8331078846905342,0.661,0.1395262193796765,SVM,smote,True,15.0,PGD_eps0.5_it25,0.2091023241488782,PGD,0.5,25.0,,,,,,31
0.2734961738017958,0.6177547284929835,0.1257412524449688,0.2089513736618083,0.2506,0.8742587475550312,RF,smote,True,15.0,PGD_eps0.5_it25,0.7257456940462934,PGD,0.5,25.0,,,,,,31
0.0473832594944206,0.1295610298203371,0.0434350647334595,0.065059176413142,0.9399,0.9565649352665404,MLP,smote,True,15.0,PGD_eps0.5_it25,0.9511478594612524,PGD,0.5,25.0,,,,,,31
0.6531071572413466,0.843548324011421,0.6695954546865783,0.7465729714760454,0.4,0.3304045453134217,LR,smote,True,15.0,PGD_eps0.75_it10,0.2788741737544126,PGD,0.75,10.0,,,,,,31
0.6749034566087802,0.7760489771539495,0.8067931323543109,0.7911224769385332,0.7499,0.1932068676456891,SVM,smote,True,15.0,PGD_eps0.75_it10,0.2597313369186666,PGD,0.75,10.0,,,,,,31
0.3538344902745859,0.7455957002090177,0.2325747461889534,0.3545531995456266,0.2556,0.7674252538110466,RF,smote,True,15.0,PGD_eps0.75_it10,0.6454310692032504,PGD,0.75,10.0,,,,,,31
0.0457011537823686,0.1313601900063944,0.0446459064236704,0.0666419501343961,0.9509,0.9553540935763296,MLP,smote,True,15.0,PGD_eps0.75_it10,0.9529247316922932,PGD,0.75,10.0,,,,,,31
0.6170721883958398,0.7955717653993516,0.6704647769257039,0.7276801509611982,0.5549,0.329535223074296,LR,smote,True,15.0,PGD_eps0.75_it25,0.3171835390556516,PGD,0.75,25.0,,,,,,31
0.5961050960695586,0.7436911306136882,0.7182464528547922,0.7307473624360351,0.7973,0.2817535471452078,SVM,smote,True,15.0,PGD_eps0.75_it25,0.3628846928380203,PGD,0.75,25.0,,,,,,31
0.2918098035963894,0.6562795089707271,0.1510447390480921,0.2455706425723083,0.2548,0.8489552609519079,RF,smote,True,15.0,PGD_eps0.75_it25,0.7073846809922054,PGD,0.75,25.0,,,,,,31
0.0434504489563837,0.1237559896793217,0.0416964202552081,0.0623766285037504,0.9509,0.958303579744792,MLP,smote,True,15.0,PGD_eps0.75_it25,0.955175436518278,PGD,0.75,25.0,,,,,,31
0.90310123433391,0.9690408673894912,0.9018286814244466,0.9342274540074618,0.0928,0.0981713185755534,LR,smote,True,15.0,CW_c0.0_it10,0.0027008457911819,CW,,10.0,0.0,,,,,31
0.9025089435902296,0.969516678922388,0.900555745288584,0.9337647077760072,0.0912,0.099444254711416,SVM,smote,True,15.0,CW_c0.0_it10,0.0029140704589068,CW,,10.0,0.0,,,,,31
0.3269681821412495,0.7380087664370695,0.182961284113136,0.2932278449519829,0.2092,0.8170387158868639,RF,smote,True,15.0,CW_c0.0_it10,0.6721315359283565,CW,,10.0,0.0,,,,,31
0.0413655855386292,0.1350371418464803,0.0474091092551771,0.0701794700921479,0.9781,0.9525908907448228,MLP,smote,True,15.0,CW_c0.0_it10,0.9573550664550214,CW,,10.0,0.0,,,,,31
0.9031960008528986,0.9695461982836344,0.9014561147505356,0.9342621790333998,0.0912,0.0985438852494644,LR,smote,True,15.0,CW_c0.5_it10,0.0030562202373901,CW,,10.0,0.5,,,,,31
0.9022720272927576,0.9695064865587802,0.9002452730603248,0.9335930582610236,0.0912,0.0997547269396752,SVM,smote,True,15.0,CW_c0.5_it10,0.0031746783861261,CW,,10.0,0.5,,,,,31
0.3045559004003885,0.6655456337701496,0.1781800117979446,0.2811030564263322,0.2884,0.8218199882020554,RF,smote,True,15.0,CW_c0.5_it10,0.6945912009287118,CW,,10.0,0.5,,,,,31
0.0347082375796631,0.1165423667894689,0.0402682480052159,0.0598550925284969,0.9832,0.959731751994784,MLP,smote,True,15.0,CW_c0.5_it10,0.9640124144139876,CW,,10.0,0.5,,,,,31
0.9038119832263262,0.9671723039134332,0.9046539787016052,0.9348690965092402,0.0989,0.0953460212983948,LR,smotenc,True,,clean,0.0,,,,,257668.0,2.0,proto;conn_state,True,31
0.905375630789642,0.9698584512905912,0.9040951286907386,0.9358228621011024,0.0905,0.0959048713092613,SVM,smotenc,True,,clean,0.0,,,,,257668.0,2.0,proto;conn_state,True,31
0.9986969603639034,0.9992857142857144,0.9990064888695708,0.999146082069276,0.0023,0.0009935111304293,RF,smotenc,True,,clean,0.0,,,,,257668.0,2.0,proto;conn_state,True,31
0.96484162145514,0.9969270580624292,0.9568754074947996,0.9764907166846208,0.0095,0.0431245925052004,MLP,smotenc,True,,clean,0.0,,,,,257668.0,2.0,proto;conn_state,True,31
0.9068918950934636,0.9697976542512544,0.906206339842901,0.9369242127563958,0.0909,0.0937936601570989,LR,smotenc,True,,FGSM_eps0.15,0.0012319647468549,FGSM,0.15,1.0,,257668.0,2.0,proto;conn_state,True,31
0.9044990404889952,0.9695081311650228,0.9032568536744388,0.9352106337496184,0.0915,0.0967431463255611,SVM,smotenc,True,,FGSM_eps0.15,0.00101874007913,FGSM,0.15,1.0,,257668.0,2.0,proto;conn_state,True,31
0.1569570470752683,0.224669603524229,0.0427520258312893,0.0718347331629193,0.4752,0.9572479741687108,RF,smotenc,True,,FGSM_eps0.15,0.8423085124025682,FGSM,0.15,1.0,,257668.0,2.0,proto;conn_state,True,31
0.1278163424861996,0.3116564417177914,0.1182899189667484,0.1714903002205518,0.8415,0.8817100810332515,MLP,smotenc,True,,FGSM_eps0.15,0.8706437015802317,FGSM,0.15,1.0,,257668.0,2.0,proto;conn_state,True,31
0.8993105735743562,0.9690949968121876,0.8966437952125182,0.931462667311724,0.0921,0.1033562047874817,LR,smotenc,True,,FGSM_eps0.3,0.0101163259020588,FGSM,0.3,1.0,,257668.0,2.0,proto;conn_state,True,31
0.7707597905659931,0.937007874015748,0.7500077618057065,0.8331436454561131,0.1624,0.2499922381942935,SVM,smotenc,True,,FGSM_eps0.3,0.1394489326920799,FGSM,0.3,1.0,,257668.0,2.0,proto;conn_state,True,31
0.1907413110947902,0.3238112457060206,0.0556055760812195,0.0949125596184419,0.374,0.9443944239187804,RF,smotenc,True,,FGSM_eps0.3,0.8085479400127935,FGSM,0.3,1.0,,257668.0,2.0,proto;conn_state,True,31
0.3273235565874576,0.5903409090909091,0.3870967741935484,0.4675879915243113,0.8652,0.6129032258064516,MLP,smotenc,True,,FGSM_eps0.3,0.6716340117036651,FGSM,0.3,1.0,,257668.0,2.0,proto;conn_state,True,31
0.7968679665474188,0.943816426935066,0.7802477568381508,0.8542728941464409,0.1496,0.2197522431618491,LR,smotenc,True,,FGSM_eps0.5,0.1179606245113601,FGSM,0.5,1.0,,257668.0,2.0,proto;conn_state,True,31
0.6500983202634509,0.8580520653691386,0.6487938153932131,0.7388929158637272,0.3457,0.3512061846067869,SVM,smotenc,True,,FGSM_eps0.5,0.2648487289440641,FGSM,0.5,1.0,,257668.0,2.0,proto;conn_state,True,31
0.2105001303039636,0.4107571634384505,0.0796671737713061,0.1334512169752444,0.3681,0.9203328262286938,RF,smotenc,True,,FGSM_eps0.5,0.7887654291738728,FGSM,0.5,1.0,,257668.0,2.0,proto;conn_state,True,31
0.3748489658603615,0.6202892561983471,0.4660498618398584,0.5322200358098885,0.9189,0.5339501381601416,MLP,smotenc,True,,FGSM_eps0.5,0.6240612191712668,FGSM,0.5,1.0,,257668.0,2.0,proto;conn_state,True,31
0.7535596673695184,0.908508486006519,0.752864106305691,0.8233955857385399,0.2442,0.247135893694309,LR,smotenc,True,,FGSM_eps0.75,0.1779241394015494,FGSM,0.75,1.0,,257668.0,2.0,proto;conn_state,True,31
0.6409770428107749,0.8427038540368926,0.6510292154366792,0.7345687662019197,0.3914,0.3489707845633208,SVM,smotenc,True,,FGSM_eps0.75,0.2792769314601151,FGSM,0.75,1.0,,257668.0,2.0,proto;conn_state,True,31
0.241749389940534,0.5093526499174766,0.1724673227979757,0.2576829409718195,0.5351,0.8275326772020243,RF,smotenc,True,,FGSM_eps0.75,0.7575161695373025,FGSM,0.75,1.0,,257668.0,2.0,proto;conn_state,True,31
0.4767229737733658,0.6825889313803305,0.5874134558663727,0.6314349124768468,0.8798,0.4125865441336272,MLP,smotenc,True,,FGSM_eps0.75,0.522139827998768,FGSM,0.75,1.0,,257668.0,2.0,proto;conn_state,True,31
0.906038996422564,0.9685146478219038,0.9063305287342048,0.936391339214114,0.0949,0.0936694712657952,LR,smotenc,True,,PGD_eps0.15_it10,0.0012793480063493,PGD,0.15,10.0,,257668.0,2.0,proto;conn_state,True,31
0.906275912720036,0.9650393389735656,0.9101493371417928,0.9367909756175502,0.1062,0.0898506628582073,SVM,smotenc,True,,PGD_eps0.15_it10,0.0054490748418583,PGD,0.15,10.0,,257668.0,2.0,proto;conn_state,True,31
0.2886825084697576,0.6017509546428239,0.2005961066782576,0.300889489125879,0.4276,0.7994038933217423,RF,smotenc,True,,PGD_eps0.15_it10,0.7106304342675732,PGD,0.15,10.0,,257668.0,2.0,proto;conn_state,True,31
0.1191452059987206,0.2963539532978287,0.1122978049613462,0.1628765704507587,0.8588,0.8877021950386538,MLP,smotenc,True,,PGD_eps0.15_it10,0.8771352081309673,PGD,0.15,10.0,,257668.0,2.0,proto;conn_state,True,31
0.9066786704257386,0.9693206720233748,0.9063926231798566,0.9368010653488856,0.0924,0.0936073768201434,LR,smotenc,True,,PGD_eps0.15_it25,0.0013030396360965,PGD,0.15,25.0,,257668.0,2.0,proto;conn_state,True,31
0.9071998862801772,0.9658192834562698,0.9106150454841816,0.9374051168959842,0.1038,0.0893849545158185,SVM,smotenc,True,,PGD_eps0.15_it25,0.0043829515032339,PGD,0.15,25.0,,257668.0,2.0,proto;conn_state,True,31
0.2426022886114335,0.5125918153200419,0.1516656835046105,0.2340736481468171,0.4645,0.8483343164953895,RF,smotenc,True,,PGD_eps0.15_it25,0.7568528039043806,PGD,0.15,25.0,,257668.0,2.0,proto;conn_state,True,31
0.198275249354403,0.4465000328019419,0.2113073985531994,0.2868582989125853,0.8437,0.7886926014468005,MLP,smotenc,True,,PGD_eps0.15_it25,0.7958492264682887,PGD,0.15,25.0,,257668.0,2.0,proto;conn_state,True,31
0.8285673671491862,0.9524258125294396,0.8161072992020864,0.8790128410914928,0.1313,0.1838927007979136,LR,smotenc,True,,PGD_eps0.3_it10,0.0962827832926627,PGD,0.3,10.0,,257668.0,2.0,proto;conn_state,True,31
0.8699566443175626,0.904358353510896,0.9276910180384365,0.9158761053809252,0.316,0.0723089819615635,SVM,smotenc,True,,PGD_eps0.3_it10,0.0549645810135279,PGD,0.3,10.0,,257668.0,2.0,proto;conn_state,True,31
0.3123267549574735,0.7473193473193473,0.1493060945698407,0.2488872787496118,0.1626,0.8506939054301593,RF,smotenc,True,,PGD_eps0.3_it10,0.6869861877798574,PGD,0.3,10.0,,257668.0,2.0,proto;conn_state,True,31
0.1294510649387571,0.3359612324605815,0.1442143500263901,0.2018029759965244,0.9181,0.8557856499736098,MLP,smotenc,True,,PGD_eps0.3_it10,0.8700277192068042,PGD,0.3,10.0,,257668.0,2.0,proto;conn_state,True,31
0.8512639484470137,0.952532197829046,0.8473097581421342,0.8968452185343411,0.136,0.1526902418578658,LR,smotenc,True,,PGD_eps0.3_it25,0.079201118244924,PGD,0.3,25.0,,257668.0,2.0,proto;conn_state,True,31
0.8742922125613021,0.903839803056231,0.934707690397094,0.9190146219359564,0.3203,0.065292309602906,SVM,smotenc,True,,PGD_eps0.3_it25,0.0560543959818995,PGD,0.3,25.0,,257668.0,2.0,proto;conn_state,True,31
0.2263735222345945,0.4455057555718834,0.0564748983203452,0.1002424776810316,0.2264,0.9435251016796548,RF,smotenc,True,,PGD_eps0.3_it25,0.7729394205027363,PGD,0.3,25.0,,257668.0,2.0,proto;conn_state,True,31
0.0588026250325759,0.1525878003696857,0.0512589648855909,0.0767389435032187,0.9169,0.948741035114409,MLP,smotenc,True,,PGD_eps0.3_it25,0.9405813925939964,PGD,0.3,25.0,,257668.0,2.0,proto;conn_state,True,31
0.7707124073064986,0.9020377573962384,0.784749604147909,0.8393159555039017,0.2745,0.215250395852091,LR,smotenc,True,,PGD_eps0.5_it10,0.1580942453031344,PGD,0.5,10.0,,257668.0,2.0,proto;conn_state,True,31
0.7820606979554123,0.8063099041533547,0.9402651432829332,0.8681506113030142,0.7275,0.0597348567170666,SVM,smotenc,True,,PGD_eps0.5_it10,0.1658650998602193,PGD,0.5,10.0,,257668.0,2.0,proto;conn_state,True,31
0.3207372835177332,0.7189356435643565,0.1803533173957589,0.288366551664226,0.2271,0.819646682604241,RF,smotenc,True,,PGD_eps0.5_it10,0.6785519675898505,PGD,0.5,10.0,,257668.0,2.0,proto;conn_state,True,31
0.0413182022791347,0.1301075268817204,0.0450805675432332,0.0669602711614286,0.9708,0.9549194324567668,MLP,smotenc,True,,PGD_eps0.5_it10,0.9581605818664266,PGD,0.5,10.0,,257668.0,2.0,proto;conn_state,True,31
0.7473761520054965,0.8787441991281114,0.7760253345338259,0.8241966596870723,0.3449,0.223974665466174,LR,smotenc,True,,PGD_eps0.5_it25,0.183847046838352,PGD,0.5,25.0,,257668.0,2.0,proto;conn_state,True,31
0.7760430239996209,0.8024455077086656,0.9372535626688192,0.864626444600381,0.7432,0.0627464373311807,SVM,smotenc,True,,PGD_eps0.5_it25,0.1713378663318249,PGD,0.5,25.0,,257668.0,2.0,proto;conn_state,True,31
0.205145821981094,0.3472317156527683,0.0473159675866993,0.0832832395212853,0.2865,0.9526840324133008,RF,smotenc,True,,PGD_eps0.5_it25,0.7942381956454785,PGD,0.5,25.0,,257668.0,2.0,proto;conn_state,True,31
0.0427633916937146,0.1353564118536976,0.0472228259182216,0.0700179533213644,0.9716,0.9527771740817784,MLP,smotenc,True,,PGD_eps0.5_it25,0.9567153924518468,PGD,0.5,25.0,,257668.0,2.0,proto;conn_state,True,31
0.6813001966405269,0.8691596142491635,0.6855537272191002,0.7665150831395147,0.3324,0.3144462727808997,LR,smotenc,True,,PGD_eps0.75_it10,0.2480750550830391,PGD,0.75,10.0,,257668.0,2.0,proto;conn_state,True,31
0.7571607950910944,0.7926852024631461,0.9232202179515042,0.8529875792432805,0.7777,0.0767797820484957,SVM,smotenc,True,,PGD_eps0.75_it10,0.190385936648582,PGD,0.75,10.0,,257668.0,2.0,proto;conn_state,True,31
0.233646852566988,0.4850260416666667,0.0693905430159272,0.1214113045603933,0.2373,0.9306094569840728,RF,smotenc,True,,PGD_eps0.75_it10,0.7656897818000901,PGD,0.75,10.0,,257668.0,2.0,proto;conn_state,True,31
0.0393991802696107,0.1316603340107802,0.0462603620106181,0.0684648256214676,0.9827,0.953739637989382,MLP,smotenc,True,,PGD_eps0.75_it10,0.9601032955056978,PGD,0.75,10.0,,257668.0,2.0,proto;conn_state,True,31
0.6623232012130115,0.8414726913129469,0.6868887578006148,0.7563631390916394,0.4168,0.3131112421993852,LR,smotenc,True,,PGD_eps0.75_it25,0.2759601032955057,PGD,0.75,25.0,,257668.0,2.0,proto;conn_state,True,31
0.7048496766092539,0.7754134478623421,0.8632369834518302,0.816971762700908,0.8053,0.1367630165481697,SVM,smotenc,True,,PGD_eps0.75_it25,0.2430050463171361,PGD,0.75,25.0,,257668.0,2.0,proto;conn_state,True,31
0.2158307469970859,0.3851909184726522,0.0463535036790959,0.0827490647083275,0.2383,0.953646496320904,RF,smotenc,True,,PGD_eps0.75_it25,0.7834348124807505,PGD,0.75,25.0,,257668.0,2.0,proto;conn_state,True,31
0.0386173564879528,0.1289893617021276,0.045173709211711,0.066913472372324,0.9825,0.954826290788289,MLP,smotenc,True,,PGD_eps0.75_it25,0.9608851192873558,PGD,0.75,25.0,,257668.0,2.0,proto;conn_state,True,31
0.9020351109952852,0.9686811352253756,0.9007420286255394,0.9334770507891054,0.0938,0.0992579713744605,LR,smotenc,True,,CW_c0.0_it10,0.003269444905115,CW,,10.0,0.0,257668.0,2.0,proto;conn_state,True,31
0.90165604491933,0.9693857066381156,0.8995311869353286,0.9331529703528352,0.0915,0.1004688130646713,SVM,smotenc,True,,CW_c0.0_it10,0.003838044019048,CW,,10.0,0.0,257668.0,2.0,proto;conn_state,True,31
0.2179156104148404,0.4402562574493444,0.0917445434505883,0.1518460471210914,0.3757,0.9082554565494116,RF,smotenc,True,,CW_c0.0_it10,0.7813025658035017,CW,,10.0,0.0,257668.0,2.0,proto;conn_state,True,31
0.0419341846525622,0.1407995810055866,0.050079170418206,0.0738806824687965,0.9843,0.949920829581794,MLP,smotenc,True,,CW_c0.0_it10,0.9576630576417352,CW,,10.0,0.0,257668.0,2.0,proto;conn_state,True,31
0.9021772607737686,0.9691886111482422,0.9004315563972802,0.9335457808250044,0.0922,0.0995684436027197,LR,smotenc,True,,CW_c0.5_it10,0.0035063612025871,CW,,10.0,0.5,257668.0,2.0,proto;conn_state,True,31
0.9015138951408468,0.9694109772423024,0.8993138563755472,0.9330477218186796,0.0914,0.1006861436244527,SVM,smotenc,True,,CW_c0.5_it10,0.0039565021677841,CW,,10.0,0.5,257668.0,2.0,proto;conn_state,True,31
0.2068753109526404,0.3809166040570999,0.0629637678909621,0.1080649028854607,0.3296,0.937036232109038,RF,smotenc,True,,CW_c0.5_it10,0.7923665568954489,CW,,10.0,0.5,257668.0,2.0,proto;conn_state,True,31
0.0357032860290459,0.1223654957759004,0.0427209786084634,0.063331338887099,0.9869,0.9572790213915364,MLP,smotenc,True,,CW_c0.5_it10,0.9639176478949988,CW,,10.0,0.5,257668.0,2.0,proto;conn_state,True,31
0.9186192518183326,0.949032459425718,0.9440529044676954,0.946536132858099,0.1633,0.0559470955323046,LR,none,True,,clean,0.0,,,,,168834.0,2.0,proto;conn_state,False,31
0.9203961240493732,0.9491794600317628,0.9463503989568132,0.9477628183203258,0.1632,0.0536496010431866,SVM,none,True,,clean,0.0,,,,,168834.0,2.0,proto;conn_state,False,31
0.9988154185126394,0.9990378945408274,0.9994101027663076,0.9992239639919293,0.0031,0.0005898972336924,RF,none,True,,clean,0.0,,,,,168834.0,2.0,proto;conn_state,False,31
0.9741050486862992,0.971826287377934,0.9949082554565494,0.9832318242486536,0.0929,0.0050917445434505,MLP,none,True,,clean,0.0,,,,,168834.0,2.0,proto;conn_state,False,31
0.9013717453623636,0.9507553841208616,0.9183147567450092,0.9342535415909916,0.1532,0.0816852432549908,LR,none,True,,FGSM_eps0.15,0.0372432419626146,FGSM,0.15,1.0,,168834.0,2.0,proto;conn_state,False,31
0.8895259304887583,0.93110679854764,0.9235617374025892,0.92731892077248,0.2201,0.0764382625974106,SVM,none,True,,FGSM_eps0.15,0.0546565898268141,FGSM,0.15,1.0,,168834.0,2.0,proto;conn_state,False,31
0.1493283422966665,0.0542560887388473,0.0069856251358316,0.0123775992958521,0.3922,0.9930143748641684,RF,none,True,,FGSM_eps0.15,0.8503399748868725,FGSM,0.15,1.0,,168834.0,2.0,proto;conn_state,False,31
0.2786372574569404,0.5532829046898639,0.2838647582973703,0.3752205852177124,0.7382,0.7161352417026297,MLP,none,True,,FGSM_eps0.15,0.7163164254069038,FGSM,0.15,1.0,,168834.0,2.0,proto;conn_state,False,31
0.8874884503304983,0.9150293210809504,0.9398304821633704,0.927264094591904,0.2811,0.0601695178366295,LR,none,True,,FGSM_eps0.3,0.0691321756023596,FGSM,0.3,1.0,,168834.0,2.0,proto;conn_state,False,31
0.7138998791726883,0.8754335583485623,0.7287714613927784,0.7953983260479144,0.334,0.2712285386072215,SVM,none,True,,FGSM_eps0.3,0.2342154516809211,FGSM,0.3,1.0,,168834.0,2.0,proto;conn_state,False,31
0.1629273377715653,0.1475964793500338,0.0203048837281505,0.0356986899563318,0.3777,0.9796951162718496,RF,none,True,,FGSM_eps0.3,0.8367172877822265,FGSM,0.3,1.0,,168834.0,2.0,proto;conn_state,False,31
0.347414058613092,0.6059518400726942,0.4140768108292713,0.4919677603792028,0.8673,0.5859231891707287,MLP,none,True,,FGSM_eps0.3,0.6349356772252364,FGSM,0.3,1.0,,168834.0,2.0,proto;conn_state,False,31
0.8325001776872231,0.8719557304767259,0.9148374677885064,0.8928820338777613,0.4327,0.0851625322114936,LR,none,True,,FGSM_eps0.5,0.1284797081191215,FGSM,0.5,1.0,,168834.0,2.0,proto;conn_state,False,31
0.6552394039185956,0.8125464651113392,0.712595858300475,0.7592960169379384,0.5295,0.287404141699525,SVM,none,True,,FGSM_eps0.5,0.29401312516288,FGSM,0.5,1.0,,168834.0,2.0,proto;conn_state,False,31
0.174157170271743,0.3015135621159898,0.0624670123257474,0.103492618692454,0.4661,0.9375329876742524,RF,none,True,,FGSM_eps0.5,0.8254874552820488,FGSM,0.5,1.0,,168834.0,2.0,proto;conn_state,False,31
0.2972351868085006,0.5660955347871236,0.3385078704709863,0.4236725018943442,0.8357,0.6614921295290136,MLP,none,True,,FGSM_eps0.5,0.6848776327323557,FGSM,0.5,1.0,,168834.0,2.0,proto;conn_state,False,31
0.7972470326233742,0.854237186591978,0.8853736533267099,0.869526771557507,0.4866,0.11462634667329,LR,none,True,,FGSM_eps0.75,0.165035892819067,FGSM,0.75,1.0,,168834.0,2.0,proto;conn_state,False,31
0.6554526285863205,0.8128054394787166,0.712595858300475,0.7594090691018578,0.5286,0.287404141699525,SVM,none,True,,FGSM_eps0.75,0.3110000236916297,FGSM,0.75,1.0,,168834.0,2.0,proto;conn_state,False,31
0.2828780591816911,0.5849387040280211,0.2073954484771337,0.3062183410117124,0.474,0.7926045515228662,RF,none,True,,FGSM_eps0.75,0.7167665663721008,FGSM,0.75,1.0,,168834.0,2.0,proto;conn_state,False,31
0.333554455210974,0.5951037537887619,0.3962246577043683,0.4757147649755843,0.8683,0.6037753422956317,MLP,none,True,,FGSM_eps0.75,0.6477054656589827,FGSM,0.75,1.0,,168834.0,2.0,proto;conn_state,False,31
0.896586036153427,0.9276849348734332,0.9375640348970784,0.9325983230648076,0.2354,0.0624359651029215,LR,none,True,,PGD_eps0.15_it10,0.0251842024212845,PGD,0.15,10.0,,168834.0,2.0,proto;conn_state,False,31
0.8973678599350849,0.9306658427313456,0.9351733987394828,0.9329141759841424,0.2244,0.0648266012605172,SVM,none,True,,PGD_eps0.15_it10,0.0427633916937146,PGD,0.15,10.0,,168834.0,2.0,proto;conn_state,False,31
0.2928048520457722,0.6641614474599861,0.1481573473252817,0.2422703965070823,0.2413,0.8518426526747183,RF,none,True,,PGD_eps0.15_it10,0.7067450069890308,PGD,0.15,10.0,,168834.0,2.0,proto;conn_state,False,31
0.3197896183278447,0.595940756993966,0.3372970287807755,0.430777771169135,0.7366,0.6627029712192244,MLP,none,True,,PGD_eps0.15_it10,0.6736241086024307,PGD,0.15,10.0,,168834.0,2.0,proto;conn_state,False,31
0.8948091639223862,0.9289443603447743,0.933558943152535,0.9312459351481928,0.23,0.066441056847465,LR,none,True,,PGD_eps0.15_it25,0.0280982728801914,PGD,0.15,25.0,,168834.0,2.0,proto;conn_state,False,31
0.8913028027197991,0.9338422391857506,0.922940792946071,0.9283595140688924,0.2106,0.077059207053929,SVM,none,True,,PGD_eps0.15_it25,0.0475254092729038,PGD,0.15,25.0,,168834.0,2.0,proto;conn_state,False,31
0.1922575753986116,0.2507273208145993,0.0294327672389704,0.0526813003612114,0.2833,0.9705672327610296,RF,none,True,,PGD_eps0.15_it25,0.8072449003766969,PGD,0.15,25.0,,168834.0,2.0,proto;conn_state,False,31
0.1336681750337605,0.312639724849527,0.1128877021950386,0.1658796961609525,0.7994,0.8871122978049614,MLP,none,True,,PGD_eps0.15_it25,0.8614987324978085,PGD,0.15,25.0,,168834.0,2.0,proto;conn_state,False,31
0.8192091733990381,0.8601066635409952,0.9112980843863516,0.8849626893796638,0.4774,0.0887019156136483,LR,none,True,,PGD_eps0.3_it10,0.1162311355398137,PGD,0.3,10.0,,168834.0,2.0,proto;conn_state,False,31
0.7657608566893317,0.8313639332581201,0.869384333571362,0.8499491584586666,0.568,0.1306156664286379,SVM,none,True,,PGD_eps0.3_it10,0.1798668530408206,PGD,0.3,10.0,,168834.0,2.0,proto;conn_state,False,31
0.3059063232959795,0.7931937172774869,0.1222950107112918,0.2119166106254203,0.1027,0.8777049892887081,RF,none,True,,PGD_eps0.3_it10,0.6935487692198347,PGD,0.3,10.0,,168834.0,2.0,proto;conn_state,False,31
0.0856452415361652,0.1869177208983034,0.0591760067062001,0.0898929396783474,0.8291,0.9408239932937998,MLP,none,True,,PGD_eps0.3_it10,0.9128384941600132,PGD,0.3,10.0,,168834.0,2.0,proto;conn_state,False,31
0.8193513231775214,0.8594992980814226,0.9124157844080848,0.8851673920573485,0.4804,0.0875842155919153,LR,none,True,,PGD_eps0.3_it25,0.1164680518372858,PGD,0.3,25.0,,168834.0,2.0,proto;conn_state,False,31
0.7781278874173755,0.8388714175517712,0.8778602254028377,0.8579230827580976,0.5431,0.1221397745971622,SVM,none,True,,PGD_eps0.3_it25,0.1665284654931412,PGD,0.3,25.0,,168834.0,2.0,proto;conn_state,False,31
0.2578360065388898,0.6908776480760916,0.0496134620758173,0.0925786455014193,0.0715,0.9503865379241828,RF,none,True,,PGD_eps0.3_it25,0.7416427776066715,PGD,0.3,25.0,,168834.0,2.0,proto;conn_state,False,31
0.0653652064725532,0.112573568753344,0.0326616784128659,0.050632911392405,0.8293,0.967338321587134,MLP,none,True,,PGD_eps0.3_it25,0.9332369873723614,PGD,0.3,25.0,,168834.0,2.0,proto;conn_state,False,31
0.7983368475917458,0.8427492840406144,0.9044987425874756,0.8725328701069215,0.5436,0.0955012574125244,LR,none,True,,PGD_eps0.5_it10,0.1385249591319386,PGD,0.5,10.0,,168834.0,2.0,proto;conn_state,False,31
0.6065294131583312,0.7798787269922142,0.6748424353441584,0.7235685752330226,0.6135,0.3251575646558415,SVM,none,True,,PGD_eps0.5_it10,0.3402354947996873,PGD,0.5,10.0,,168834.0,2.0,proto;conn_state,False,31
0.3093179179795778,0.8858585858585859,0.1089136576733211,0.1939782686831264,0.0452,0.8910863423266788,RF,none,True,,PGD_eps0.5_it10,0.6901608661659836,PGD,0.5,10.0,,168834.0,2.0,proto;conn_state,False,31
0.0446587220734914,0.0549522869364922,0.015554658635785,0.0242462372356385,0.8616,0.984445341364215,MLP,none,True,,PGD_eps0.5_it10,0.9540145466606648,PGD,0.5,10.0,,168834.0,2.0,proto;conn_state,False,31
0.7974839489208463,0.8424663482414242,0.903567325902698,0.8719477484495312,0.5442,0.096432674097302,LR,none,True,,PGD_eps0.5_it25,0.1394015494325854,PGD,0.5,25.0,,168834.0,2.0,proto;conn_state,False,31
0.6170721883958398,0.8046863132310497,0.6578596044583812,0.7239029056558651,0.5143,0.3421403955416188,SVM,none,True,,PGD_eps0.5_it25,0.3449264374896349,PGD,0.5,25.0,,168834.0,2.0,proto;conn_state,False,31
0.2720746760169632,0.8040983606557377,0.0609146511844515,0.1132500216456463,0.0478,0.9390853488155484,RF,none,True,,PGD_eps0.5_it25,0.7274041081285981,PGD,0.5,25.0,,168834.0,2.0,proto;conn_state,False,31
0.0493733563931862,0.0753218884120171,0.0217951504237945,0.0338077006429242,0.8618,0.9782048495762056,MLP,none,True,,PGD_eps0.5_it25,0.9493236039707172,PGD,0.5,25.0,,168834.0,2.0,proto;conn_state,False,31
0.6894975005330617,0.8154079846778721,0.7666490732403987,0.7902771554759009,0.559,0.2333509267596013,LR,none,True,,PGD_eps0.75_it10,0.2485015044184889,PGD,0.75,10.0,,168834.0,2.0,proto;conn_state,False,31
0.4784761543746594,0.7083537681870198,0.5381104660188146,0.6116061188842035,0.7136,0.4618895339811854,SVM,none,True,,PGD_eps0.75_it10,0.4695444099599611,PGD,0.75,10.0,,168834.0,2.0,proto;conn_state,False,31
0.2935156009381885,0.8100181676615624,0.0968983824396907,0.1730907880871831,0.0732,0.9031016175603092,RF,none,True,,PGD_eps0.75_it10,0.7059868748371201,PGD,0.75,10.0,,168834.0,2.0,proto;conn_state,False,31
0.0414840436873652,0.0411614195127377,0.0114874724455897,0.0179620369920869,0.8619,0.9885125275544102,MLP,none,True,,PGD_eps0.75_it10,0.9572129166765382,PGD,0.75,10.0,,168834.0,2.0,proto;conn_state,False,31
0.635693809377147,0.7858695652173913,0.718308547300444,0.7505717854304206,0.6304,0.281691452699556,LR,none,True,,PGD_eps0.75_it25,0.3087730104953919,PGD,0.75,25.0,,168834.0,2.0,proto;conn_state,False,31
0.4803004098651946,0.7282584544282984,0.5088018876711479,0.5990641906711508,0.6115,0.4911981123288522,SVM,none,True,,PGD_eps0.75_it25,0.4854651851500864,PGD,0.75,25.0,,168834.0,2.0,proto;conn_state,False,31
0.2701793456371864,0.7835218093699515,0.0602316122822813,0.1118639181202248,0.0536,0.9397683877177186,RF,none,True,,PGD_eps0.75_it25,0.7293231301381222,PGD,0.75,25.0,,168834.0,2.0,proto;conn_state,False,31
0.0438058234025918,0.0515021459227467,0.0145301002825297,0.0226656334753971,0.8619,0.9854698997174702,MLP,none,True,,PGD_eps0.75_it25,0.9549148285910588,PGD,0.75,25.0,,168834.0,2.0,proto;conn_state,False,31
0.9175057452202136,0.9483689714374902,0.9432456766742215,0.9458003860282672,0.1654,0.0567543233257785,LR,none,True,,CW_c0.0_it10,0.0015162643038214,CW,,10.0,0.0,168834.0,2.0,proto;conn_state,False,31
0.900068705726267,0.9376739531538292,0.930919929212332,0.9342847349889384,0.1993,0.069080070787668,SVM,none,True,,CW_c0.0_it10,0.0293539292567935,CW,,10.0,0.0,168834.0,2.0,proto;conn_state,False,31
0.1912388353194816,0.2784926470588235,0.0376292340650128,0.0663001559038319,0.314,0.9623707659349872,RF,none,True,,CW_c0.0_it10,0.8082162571963325,CW,,10.0,0.0,168834.0,2.0,proto;conn_state,False,31
0.0308938851903622,0.0354700854700854,0.0103076779782048,0.015973441747456,0.9028,0.9896923220217952,MLP,none,True,,CW_c0.0_it10,0.968016299841266,CW,,10.0,0.0,168834.0,2.0,proto;conn_state,False,31
0.9167239214385556,0.949721020625666,0.9406687571796702,0.9451732152048792,0.1604,0.0593312428203297,LR,none,True,,CW_c0.5_it10,0.0034352863133454,CW,,10.0,0.5,168834.0,2.0,proto;conn_state,False,31
0.9029353929256794,0.9317748970940593,0.9417554099785774,0.9367385698624214,0.2221,0.0582445900214225,SVM,none,True,,CW_c0.5_it10,0.0206591011395673,CW,,10.0,0.5,168834.0,2.0,proto;conn_state,False,31
0.2046246061266554,0.3346275175928173,0.0428141202769412,0.0759152215799614,0.2742,0.9571858797230588,RF,none,True,,CW_c0.5_it10,0.7947594114999171,CW,,10.0,0.5,168834.0,2.0,proto;conn_state,False,31
0.030538510744154,0.0625690469016772,0.019342419820547,0.0295498743063131,0.9334,0.9806575801794528,MLP,none,True,,CW_c0.5_it10,0.9612168021038168,CW,,10.0,0.5,168834.0,2.0,proto;conn_state,False,31
0.9062048378307944,0.969237924390406,0.90583377316899,0.9364638667330006,0.0926,0.0941662268310099,LR,smote,True,15.0,clean,0.0,,,,,,,,,99
0.9073894193181548,0.971478075436492,0.9052128287124716,0.937175551662622,0.0856,0.0947871712875283,SVM,smote,True,15.0,clean,0.0,,,,,,,,,99
0.9986732687341562,0.999378746932563,0.9988822999782668,0.999130461786901,0.002,0.001117700021733,RF,smote,True,15.0,clean,0.0,,,,,,,,,99
0.965978819683006,0.9946950454940038,0.960538979788258,0.977318675764468,0.0165,0.039461020211742,MLP,smote,True,15.0,clean,0.0,,,,,,,,,99
0.8089033144590017,0.9413872536472996,0.7993417988760906,0.8645689915712415,0.1603,0.2006582011239094,LR,smote,True,15.0,FGSM_eps0.15,0.0985334881186476,FGSM,0.15,1.0,,,,,,99
0.9048781065649506,0.9699,0.9033810425657424,0.935459499429343,0.0903,0.0966189574342575,SVM,smote,True,15.0,FGSM_eps0.15,0.0027719206804236,FGSM,0.15,1.0,,,,,,99
0.2264682887535833,0.4748832441052512,0.129435871961253,0.203425392797892,0.461,0.8705641280387469,RF,smote,True,15.0,FGSM_eps0.15,0.7732237200597029,FGSM,0.15,1.0,,,,,,99
0.0815228979601506,0.2074748015342074,0.0722158402930857,0.1071395670198065,0.8885,0.9277841597069142,MLP,smote,True,15.0,FGSM_eps0.15,0.9179085029259164,FGSM,0.15,1.0,,,,,,99
0.8075528915634107,0.9270264520246791,0.811698593560806,0.8655377331942858,0.2058,0.188301406439194,LR,smote,True,15.0,FGSM_eps0.3,0.1162074439100665,FGSM,0.3,1.0,,,,,,99
0.7955175436518278,0.9403481249066188,0.7816138346424912,0.8536647394923789,0.1597,0.2183861653575087,SVM,smote,True,15.0,FGSM_eps0.3,0.1127484659669738,FGSM,0.3,1.0,,,,,,99
0.2140775663957923,0.4377743351407178,0.1052811326026886,0.1697409585784007,0.4355,0.8947188673973113,RF,smote,True,15.0,FGSM_eps0.3,0.7855907507877467,FGSM,0.3,1.0,,,,,,99
0.110734677438461,0.2849644702842377,0.1095656493526654,0.1582759625950261,0.8855,0.8904343506473346,MLP,smote,True,15.0,FGSM_eps0.3,0.8885308820393755,FGSM,0.3,1.0,,,,,,99
0.8047572792532398,0.9247536683915788,0.8100530907510323,0.8636115386524998,0.2123,0.1899469092489676,LR,smote,True,15.0,FGSM_eps0.5,0.1271529768532777,FGSM,0.5,1.0,,,,,,99
0.7931246890473596,0.9404855716912456,0.7781365456859883,0.851642937238778,0.1586,0.2218634543140116,SVM,smote,True,15.0,FGSM_eps0.5,0.1161837522803193,FGSM,0.5,1.0,,,,,,99
0.4707763747068161,0.7816583918278833,0.4252538110466018,0.5508324619963002,0.3826,0.5747461889533981,RF,smote,True,15.0,FGSM_eps0.5,0.5287734843279869,FGSM,0.5,1.0,,,,,,99
0.1759577341325309,0.4150881129958418,0.1952559843521997,0.2655827702702703,0.8862,0.8047440156478003,MLP,smote,True,15.0,FGSM_eps0.5,0.8230946006775806,FGSM,0.5,1.0,,,,,,99
0.7125257646473501,0.9090427482782508,0.6925703995777578,0.7861774864312399,0.2232,0.3074296004222422,LR,smote,True,15.0,FGSM_eps0.75,0.2246677248927953,FGSM,0.75,1.0,,,,,,99
0.7937643630505342,0.9404137310748014,0.7790990095935919,0.8521895641247687,0.159,0.2209009904064081,SVM,smote,True,15.0,FGSM_eps0.75,0.1179843161411073,FGSM,0.75,1.0,,,,,,99
0.4236300315098675,0.7373080397470642,0.3801111490577168,0.5016183881673291,0.4362,0.6198888509422832,RF,smote,True,15.0,FGSM_eps0.75,0.5758961358951882,FGSM,0.75,1.0,,,,,,99
0.1768343244331777,0.4173295084104838,0.1987332733087025,0.2692493743033209,0.8937,0.8012667266912975,MLP,smote,True,15.0,FGSM_eps0.75,0.8188774905825772,FGSM,0.75,1.0,,,,,,99
0.9072472695396716,0.9653006183396922,0.911204942717874,0.9374730487279,0.1055,0.0887950572821261,LR,smote,True,15.0,PGD_eps0.15_it10,0.0041223435760145,PGD,0.15,10.0,,,,,,99
0.9049017981946978,0.9654329954769058,0.9078828898755006,0.9357739447662324,0.1047,0.0921171101244993,SVM,smote,True,15.0,PGD_eps0.15_it10,0.0059702906962969,PGD,0.15,10.0,,,,,,99
0.1998625885474662,0.4241365929375242,0.1357384581949144,0.205658912905426,0.5936,0.8642615418050855,RF,smote,True,15.0,PGD_eps0.15_it10,0.7996635788575897,PGD,0.15,10.0,,,,,,99
0.0807884574379871,0.2096404652802256,0.0738613431028594,0.1092361732901715,0.8969,0.9261386568971406,MLP,smote,True,15.0,PGD_eps0.15_it10,0.9190220095240352,PGD,0.15,10.0,,,,,,99
0.9058731550143334,0.965172981878089,0.9094662982396224,0.9364919515976918,0.1057,0.0905337017603775,LR,smote,True,15.0,PGD_eps0.15_it25,0.004169726835509,PGD,0.15,25.0,,,,,,99
0.904593807007984,0.9654181529924692,0.9074792759787637,0.935552532607826,0.1047,0.0925207240212363,SVM,smote,True,15.0,PGD_eps0.15_it25,0.0062072069937691,PGD,0.15,25.0,,,,,,99
0.1422208533725034,0.1590172325541716,0.0289360116737557,0.0489624376149198,0.4929,0.9710639883262442,RF,smote,True,15.0,PGD_eps0.15_it25,0.8574474638110355,PGD,0.15,25.0,,,,,,99
0.073562510365088,0.190723961604019,0.0660063957279021,0.098071777839284,0.9021,0.933993604272098,MLP,smote,True,15.0,PGD_eps0.15_it25,0.9261768817076926,PGD,0.15,25.0,,,,,,99
0.8879622829254424,0.9466549639165204,0.9041261759135644,0.924901938987788,0.1641,0.0958738240864354,LR,smote,True,15.0,PGD_eps0.3_it10,0.0194271363927124,PGD,0.3,10.0,,,,,,99
0.8923689260584236,0.968470604172311,0.8878574311527834,0.9264136579360835,0.0931,0.1121425688472166,SVM,smote,True,15.0,PGD_eps0.3_it10,0.015328484446445,PGD,0.3,10.0,,,,,,99
0.1866900424080172,0.3572967151319332,0.0823993293799869,0.1339152811766783,0.4774,0.917600670620013,RF,smote,True,15.0,PGD_eps0.3_it10,0.8127650501077969,PGD,0.3,10.0,,,,,,99
0.0464592859342794,0.130186769712025,0.0439318202986742,0.0656947862017735,0.9454,0.9560681797013256,MLP,smote,True,15.0,PGD_eps0.3_it10,0.95337487265749,PGD,0.3,10.0,,,,,,99
0.9019166528465492,0.9659373858769628,0.9033189481200906,0.933579335793358,0.1026,0.0966810518799093,LR,smote,True,15.0,PGD_eps0.3_it25,0.0048094008386836,PGD,0.3,25.0,,,,,,99
0.8896443886374944,0.9683791778586244,0.8842559533049769,0.9244076598506978,0.093,0.1157440466950231,SVM,smote,True,15.0,PGD_eps0.3_it25,0.0180767134971214,PGD,0.3,25.0,,,,,,99
0.1891065886422327,0.3555682794159748,0.0771213014995808,0.1267508610792193,0.4502,0.9228786985004191,RF,smote,True,15.0,PGD_eps0.3_it25,0.810301120614087,PGD,0.3,25.0,,,,,,99
0.047880783719112,0.1347615124050169,0.0457015119997516,0.0682555874988407,0.9451,0.9542984880002484,MLP,smote,True,15.0,PGD_eps0.3_it25,0.952000758132152,PGD,0.3,25.0,,,,,,99
0.8682745386055106,0.9441944194419442,0.8793504920984818,0.9106195543838216,0.1674,0.1206495079015182,LR,smote,True,15.0,PGD_eps0.5_it10,0.0402994622000047,PGD,0.5,10.0,,,,,,99
0.8793622213272051,0.967453887260817,0.8712161197180912,0.9168164145456922,0.0944,0.1287838802819088,SVM,smote,True,15.0,PGD_eps0.5_it10,0.0293065459972991,PGD,0.5,10.0,,,,,,99
0.3118292307327821,0.6383202099737533,0.2265205377378993,0.334379797887211,0.4134,0.7734794622621006,RF,smote,True,15.0,PGD_eps0.5_it10,0.6874837120045488,PGD,0.5,10.0,,,,,,99
0.0462697528963017,0.1298187505750299,0.0438076314073706,0.0655090765588003,0.9458,0.9561923685926292,MLP,smote,True,15.0,PGD_eps0.5_it10,0.9536354805847094,PGD,0.5,10.0,,,,,,99
0.8761875429410789,0.9456905949588716,0.888788847837561,0.9163572343149808,0.1644,0.111211152162439,LR,smote,True,15.0,PGD_eps0.5_it25,0.0315098675637897,PGD,0.5,25.0,,,,,,99
0.8673505650453694,0.9464165883773992,0.8757490142506753,0.9097124796413656,0.1597,0.1242509857493247,SVM,smote,True,15.0,PGD_eps0.5_it25,0.0413892771683764,PGD,0.5,25.0,,,,,,99
0.3395721291667654,0.6833996444594937,0.2506442298736378,0.3667711598746082,0.374,0.7493557701263622,RF,smote,True,15.0,PGD_eps0.5_it25,0.659906654978796,PGD,0.5,25.0,,,,,,99
0.0462460612665545,0.1298068077276909,0.0438076314073706,0.0655075558856983,0.9459,0.9561923685926292,MLP,smote,True,15.0,PGD_eps0.5_it25,0.9536591722144566,PGD,0.5,25.0,,,,,,99
0.8462413229406051,0.942683052772901,0.8501971498649445,0.8940546540859969,0.1665,0.1498028501350554,LR,smote,True,15.0,PGD_eps0.75_it10,0.0621431448269326,PGD,0.75,10.0,,,,,,99
0.8247530147598854,0.9422501069442464,0.8206401937346705,0.8772506264416455,0.162,0.1793598062653295,SVM,smote,True,15.0,PGD_eps0.75_it10,0.0840579023431021,PGD,0.75,10.0,,,,,,99
0.3051481911440688,0.6164294954721863,0.2367040268248005,0.3420598066267357,0.4744,0.7632959731751995,RF,smote,True,15.0,PGD_eps0.75_it10,0.6941410599635149,PGD,0.75,10.0,,,,,,99
0.0387121230069416,0.1261172685019664,0.0438076314073706,0.0650275364656543,0.9777,0.9561923685926292,MLP,smote,True,15.0,PGD_eps0.75_it10,0.9611931104740696,PGD,0.75,10.0,,,,,,99
0.8639863536212656,0.945109646172474,0.872426961408302,0.9073150255888668,0.1632,0.1275730385916979,LR,smote,True,15.0,PGD_eps0.75_it25,0.0447534885924802,PGD,0.75,25.0,,,,,,99
0.8503399748868725,0.9361859838274932,0.8626781334409637,0.8979301652959331,0.1894,0.1373218665590363,SVM,smote,True,15.0,PGD_eps0.75_it25,0.0585894003648511,PGD,0.75,25.0,,,,,,99
0.3713426046577744,0.7081438004402054,0.2996677947157626,0.4211261153166518,0.3978,0.7003322052842373,RF,smote,True,15.0,PGD_eps0.75_it25,0.6278281883010732,PGD,0.75,25.0,,,,,,99
0.0375275415195811,0.1255561487809218,0.0438076314073706,0.0649527009920132,0.9827,0.9561923685926292,MLP,smote,True,15.0,PGD_eps0.75_it25,0.9624013835911772,PGD,0.75,25.0,,,,,,99
0.9047359567864672,0.9674006765271606,0.9056785370548605,0.9355226656831775,0.0983,0.0943214629451395,LR,smote,True,15.0,CW_c0.0_it10,0.001587339193063,CW,,10.0,0.0,,,,,99
0.9065602122770026,0.9703777666833084,0.9051817814896458,0.9366466411796832,0.089,0.0948182185103542,SVM,smote,True,15.0,CW_c0.0_it10,0.0009713568196356,CW,,10.0,0.0,,,,,99
0.1915942097656897,0.297737365193487,0.0437144897388928,0.076235854675402,0.3321,0.9562855102611072,RF,smote,True,15.0,CW_c0.0_it10,0.8078371911203772,CW,,10.0,0.0,,,,,99
0.0380961406335141,0.1242836676217765,0.0430935452823744,0.0639970491274177,0.978,0.9569064547176256,MLP,smote,True,15.0,CW_c0.0_it10,0.961595868179772,CW,,10.0,0.0,,,,,99
0.9050439479731812,0.96781792243124,0.9056785370548605,0.9357177225340818,0.097,0.0943214629451395,LR,smote,True,15.0,CW_c0.5_it10,0.0013267312658437,CW,,10.0,0.5,,,,,99
0.906607595536497,0.9705676710504412,0.905057592598342,0.9366685945633314,0.0884,0.0949424074016579,SVM,smote,True,15.0,CW_c0.5_it10,0.0009476651898884,CW,,10.0,0.5,,,,,99
0.1959534696391764,0.333909702209414,0.0539600732714458,0.092906398674293,0.3467,0.946039926728554,RF,smote,True,15.0,CW_c0.5_it10,0.8033831647279016,CW,,10.0,0.5,,,,,99
0.0351109952853656,0.1147096073819431,0.0393678785432643,0.0586182188012851,0.9786,0.9606321214567356,MLP,smote,True,15.0,CW_c0.5_it10,0.9645810135279206,CW,,10.0,0.5,,,,,99
0.9062048378307944,0.969237924390406,0.90583377316899,0.9364638667330006,0.0926,0.0941662268310099,LR,smotenc,True,,clean,0.0,,,,,257668.0,2.0,proto;conn_state,True,99
0.9073894193181548,0.971478075436492,0.9052128287124716,0.937175551662622,0.0856,0.0947871712875283,SVM,smotenc,True,,clean,0.0,,,,,257668.0,2.0,proto;conn_state,True,99
0.9988391101423868,0.9994099012361016,0.9990685833152224,0.9992392131290078,0.0019,0.0009314166847775,RF,smotenc,True,,clean,0.0,,,,,257668.0,2.0,proto;conn_state,True,99
0.9645810135279206,0.9944938176197836,0.9588934769784844,0.976369240496325,0.0171,0.0411065230215157,MLP,smotenc,True,,clean,0.0,,,,,257668.0,2.0,proto;conn_state,True,99
0.8703594020232652,0.9459585682356472,0.880406097674563,0.912005917730679,0.162,0.1195939023254369,LR,smotenc,True,,FGSM_eps0.15,0.0370774005543841,FGSM,0.15,1.0,,257668.0,2.0,proto;conn_state,True,99
0.90411997441304,0.9689289996003728,0.9033189481200906,0.934974372158041,0.0933,0.0966810518799093,SVM,smotenc,True,,FGSM_eps0.15,0.0040512686867729,FGSM,0.15,1.0,,257668.0,2.0,proto;conn_state,True,99
0.1665521571228884,0.1020900321543408,0.0118289918966748,0.0212014134275618,0.3351,0.9881710081033253,RF,smotenc,True,,FGSM_eps0.15,0.8331872349498922,FGSM,0.15,1.0,,257668.0,2.0,proto;conn_state,True,99
0.0710511976118837,0.1674741141825781,0.0547362538420938,0.0825065518532384,0.8764,0.9452637461579062,MLP,smotenc,True,,FGSM_eps0.15,0.9282380534957,FGSM,0.15,1.0,,257668.0,2.0,proto;conn_state,True,99
0.8556232083205003,0.9447528866787016,0.8611568195224937,0.9010200103950105,0.1622,0.1388431804775063,LR,smotenc,True,,FGSM_eps0.3,0.0526428012983013,FGSM,0.3,1.0,,257668.0,2.0,proto;conn_state,True,99
0.8403421071335497,0.9436354769037832,0.8410071719084727,0.8893704342116063,0.1618,0.1589928280915272,SVM,smotenc,True,,FGSM_eps0.3,0.0683977350801961,FGSM,0.3,1.0,,257668.0,2.0,proto;conn_state,True,99
0.1548721836575138,0.1711301044634378,0.0279735477661523,0.0480866734269093,0.4364,0.9720264522338476,RF,smotenc,True,,FGSM_eps0.3,0.8448909000450141,FGSM,0.3,1.0,,257668.0,2.0,proto;conn_state,True,99
0.0972304484825511,0.2592683325167401,0.0985749324722903,0.1428410752446294,0.9071,0.9014250675277096,MLP,smotenc,True,,FGSM_eps0.3,0.9021535691440214,FGSM,0.3,1.0,,257668.0,2.0,proto;conn_state,True,99
0.8379966357885759,0.930440093651386,0.8513458971095036,0.8891374837872892,0.205,0.1486541028904964,LR,smotenc,True,,FGSM_eps0.5,0.0898386600014215,FGSM,0.5,1.0,,257668.0,2.0,proto;conn_state,True,99
0.8314103627188514,0.942666619623893,0.8295196994628831,0.8824811732065002,0.1625,0.1704803005371169,SVM,smotenc,True,,FGSM_eps0.5,0.0783482195740244,FGSM,0.5,1.0,,257668.0,2.0,proto;conn_state,True,99
0.2005022625506408,0.395484836121311,0.0902853239777701,0.1470097568373692,0.4445,0.9097146760222298,RF,smotenc,True,,FGSM_eps0.5,0.7992371295221399,FGSM,0.5,1.0,,257668.0,2.0,proto;conn_state,True,99
0.1790376459996683,0.4189610561931931,0.1960632121456735,0.2671206801742735,0.8758,0.8039367878543264,MLP,smotenc,True,,FGSM_eps0.5,0.8203463716269043,FGSM,0.5,1.0,,257668.0,2.0,proto;conn_state,True,99
0.7254377028595798,0.9149227301996136,0.7058275637244249,0.7968873232031127,0.2114,0.2941724362755751,LR,smotenc,True,,FGSM_eps0.75,0.2038664739747447,FGSM,0.75,1.0,,257668.0,2.0,proto;conn_state,True,99
0.830344239380227,0.9425441696113074,0.8281536216585427,0.8816539688310829,0.1626,0.1718463783414573,SVM,smotenc,True,,FGSM_eps0.75,0.0811675235139425,FGSM,0.75,1.0,,257668.0,2.0,proto;conn_state,True,99
0.227226420905494,0.4792869441912286,0.146915458412245,0.2248942540753766,0.5141,0.8530845415877549,RF,smotenc,True,,FGSM_eps0.75,0.7725129711672866,FGSM,0.75,1.0,,257668.0,2.0,proto;conn_state,True,99
0.2095050818545807,0.4661913389047981,0.2476636964823496,0.3234793187347932,0.9134,0.7523363035176504,MLP,smotenc,True,,FGSM_eps0.75,0.7898315525124974,FGSM,0.75,1.0,,257668.0,2.0,proto;conn_state,True,99
0.901300670473122,0.9686486847822454,0.899779564717936,0.9329448879732166,0.0938,0.100220435282064,LR,smotenc,True,,PGD_eps0.15_it10,0.0050463171361557,PGD,0.15,10.0,,257668.0,2.0,proto;conn_state,True,99
0.90267478499846,0.9688970465543134,0.9013940203048836,0.9339273651365524,0.0932,0.0986059796951162,SVM,smotenc,True,,PGD_eps0.15_it10,0.0048567840981781,PGD,0.15,10.0,,257668.0,2.0,proto;conn_state,True,99
0.3227984553057405,0.6745978229457663,0.2174237014499053,0.3288565390936839,0.3378,0.7825762985500947,RF,smotenc,True,,PGD_eps0.15_it10,0.676467104172096,PGD,0.15,10.0,,257668.0,2.0,proto;conn_state,True,99
0.0945059110616219,0.2480509682286863,0.091868732341892,0.1340794780008156,0.897,0.908131267658108,MLP,smotenc,True,,PGD_eps0.15_it10,0.9049728730839396,PGD,0.15,10.0,,257668.0,2.0,proto;conn_state,True,99
0.9020351109952852,0.9688376753507014,0.9005867925114098,0.9334663470047788,0.0933,0.0994132074885901,LR,smotenc,True,,PGD_eps0.15_it25,0.0042171100950034,PGD,0.15,25.0,,257668.0,2.0,proto;conn_state,True,99
0.9023431021819992,0.9688825080965576,0.9009593591853208,0.9336872586872588,0.0932,0.0990406408146791,SVM,smotenc,True,,PGD_eps0.15_it25,0.0051173920253974,PGD,0.15,25.0,,257668.0,2.0,proto;conn_state,True,99
0.226657821791561,0.4651087832393231,0.0896022850755999,0.1502577185401155,0.3319,0.9103977149244,RF,smotenc,True,,PGD_eps0.15_it25,0.7726314293160227,PGD,0.15,25.0,,257668.0,2.0,proto;conn_state,True,99
0.0677580610770215,0.1691994069681245,0.0566922288801266,0.0849282574823841,0.8966,0.9433077711198732,MLP,smotenc,True,,PGD_eps0.15_it25,0.9316970314387928,PGD,0.15,25.0,,257668.0,2.0,proto;conn_state,True,99
0.8233078253453056,0.9351288632607856,0.825731938278121,0.8770321516900247,0.1845,0.1742680617218789,LR,smotenc,True,,PGD_eps0.3_it10,0.0830391622639721,PGD,0.3,10.0,,257668.0,2.0,proto;conn_state,True,99
0.8302020896017437,0.9654646840148698,0.8063274240119221,0.8787494290209613,0.0929,0.1936725759880778,SVM,smotenc,True,,PGD_eps0.3_it10,0.0773531711246416,PGD,0.3,10.0,,257668.0,2.0,proto;conn_state,True,99
0.2286479186903267,0.4633172167332352,0.0684280791083237,0.1192447113563815,0.2553,0.9315719208916764,RF,smotenc,True,,PGD_eps0.3_it10,0.770641332417257,PGD,0.3,10.0,,257668.0,2.0,proto;conn_state,True,99
0.045961761709588,0.1280915466961978,0.0430935452823744,0.0644906493204785,0.9448,0.9569064547176256,MLP,smotenc,True,,PGD_eps0.3_it10,0.9536354805847094,PGD,0.3,10.0,,257668.0,2.0,proto;conn_state,True,99
0.8026724158354853,0.9310158111327702,0.8007389239032568,0.8609771160554823,0.1911,0.1992610760967431,LR,smotenc,True,,PGD_eps0.3_it25,0.1036982634035395,PGD,0.3,25.0,,257668.0,2.0,proto;conn_state,True,99
0.8023644246487716,0.939847407025174,0.7916731348380888,0.8594202898550725,0.1632,0.2083268651619112,SVM,smotenc,True,,PGD_eps0.3_it25,0.1051908360776137,PGD,0.3,25.0,,257668.0,2.0,proto;conn_state,True,99
0.2071833021393541,0.331904634342352,0.0384675090813126,0.0689444104390406,0.2494,0.9615324909186872,RF,smotenc,True,,PGD_eps0.3_it25,0.7921059489682295,PGD,0.3,25.0,,257668.0,2.0,proto;conn_state,True,99
0.046411902674785,0.1295494333364046,0.043652395293241,0.0653011936277924,0.9447,0.956347604706759,MLP,smotenc,True,,PGD_eps0.3_it25,0.9531853396195124,PGD,0.3,25.0,,257668.0,2.0,proto;conn_state,True,99
0.5678883650406311,0.8938761700687944,0.4921605762364556,0.6348036761908575,0.1882,0.5078394237635444,LR,smotenc,True,,PGD_eps0.5_it10,0.3391456798313156,PGD,0.5,10.0,,257668.0,2.0,proto;conn_state,True,99
0.5101281717169324,0.8799420137058513,0.4146046136173119,0.5636382821568007,0.1822,0.5853953863826881,SVM,smotenc,True,,PGD_eps0.5_it10,0.3983036793100997,PGD,0.5,10.0,,257668.0,2.0,proto;conn_state,True,99
0.3394299793882821,0.724825937857217,0.2165543792107796,0.3334767641996558,0.2648,0.7834456207892204,RF,smotenc,True,,PGD_eps0.5_it10,0.659906654978796,PGD,0.5,10.0,,257668.0,2.0,proto;conn_state,True,99
0.0452510128171716,0.1258786533481317,0.0422552702660747,0.0632714255828548,0.9451,0.9577447297339252,MLP,smotenc,True,,PGD_eps0.5_it10,0.9543936127366202,PGD,0.5,10.0,,257668.0,2.0,proto;conn_state,True,99
0.6391054040607453,0.9084303724376864,0.5861405197305101,0.7125360910343266,0.1903,0.4138594802694899,LR,smotenc,True,,PGD_eps0.5_it25,0.267999715700443,PGD,0.5,25.0,,257668.0,2.0,proto;conn_state,True,99
0.5714421095027127,0.8947221290394722,0.4968487068831693,0.6389060784509432,0.1883,0.5031512931168307,SVM,smotenc,True,,PGD_eps0.5_it25,0.3370608164135611,PGD,0.5,25.0,,257668.0,2.0,proto;conn_state,True,99
0.2697292046719894,0.5940257976917854,0.1358315998633922,0.2211047657552939,0.299,0.8641684001366078,RF,smotenc,True,,PGD_eps0.5_it25,0.7295600464355944,PGD,0.5,25.0,,257668.0,2.0,proto;conn_state,True,99
0.0452747044469189,0.1259594932026264,0.0422863174889006,0.0633164427502208,0.9451,0.9577136825110992,MLP,smotenc,True,,PGD_eps0.5_it25,0.9543936127366202,PGD,0.5,25.0,,257668.0,2.0,proto;conn_state,True,99
0.4113814589305598,0.8317714903586232,0.2865969139060511,0.4263052162467961,0.1867,0.7134030860939489,LR,smotenc,True,,PGD_eps0.75_it10,0.4964817929825392,PGD,0.75,10.0,,257668.0,2.0,proto;conn_state,True,99
0.3771233623160937,0.8109499789827659,0.2395914185476109,0.3698981426003594,0.1799,0.7604085814523891,SVM,smotenc,True,,PGD_eps0.75_it10,0.5319007794546187,PGD,0.75,10.0,,257668.0,2.0,proto;conn_state,True,99
0.3087730104953919,0.7033114358493096,0.1628737309447669,0.2644953110819804,0.2213,0.837126269055233,RF,smotenc,True,,PGD_eps0.75_it10,0.6906110071311805,PGD,0.75,10.0,,257668.0,2.0,proto;conn_state,True,99
0.0379776824847781,0.1223351623639471,0.0422242230432487,0.0627798550523934,0.9757,0.9577757769567512,MLP,smotenc,True,,PGD_eps0.75_it10,0.9616432514392664,PGD,0.75,10.0,,257668.0,2.0,proto;conn_state,True,99
0.4878817313843019,0.8699965071603213,0.3866621130739855,0.5353795890293181,0.1861,0.6133378869260144,LR,smotenc,True,,PGD_eps0.75_it25,0.4198393707503139,PGD,0.75,25.0,,257668.0,2.0,proto;conn_state,True,99
0.391575256461892,0.82163973196689,0.2588717439225061,0.3937011591944661,0.181,0.7411282560774939,SVM,smotenc,True,,PGD_eps0.75_it25,0.5173067355303371,PGD,0.75,25.0,,257668.0,2.0,proto;conn_state,True,99
0.2531450638489421,0.5664661362313216,0.0906268434288552,0.1562550184679621,0.2234,0.9093731565711448,RF,smotenc,True,,PGD_eps0.75_it25,0.7461441872586415,PGD,0.75,25.0,,257668.0,2.0,proto;conn_state,True,99
0.0377170745575588,0.122485632183908,0.0423484119345524,0.0629369016034144,0.9772,0.9576515880654476,MLP,smotenc,True,,PGD_eps0.75_it25,0.9619986258854748,PGD,0.75,25.0,,257668.0,2.0,proto;conn_state,True,99
0.9052334810111587,0.9678264619058676,0.9059269148374678,0.935854260880721,0.097,0.0940730851625322,LR,smotenc,True,,CW_c0.0_it10,0.0011135065981188,CW,,10.0,0.0,257668.0,2.0,proto;conn_state,True,99
0.9065365206472552,0.97025156395581,0.9052749231581236,0.9366377025746454,0.0894,0.0947250768418764,SVM,smotenc,True,,CW_c0.0_it10,0.0009950484493828,CW,,10.0,0.0,257668.0,2.0,proto;conn_state,True,99
0.225188940747234,0.4047710657945363,0.0326616784128659,0.0604458745116065,0.1547,0.967338321587134,RF,smotenc,True,,CW_c0.0_it10,0.7741476936198441,CW,,10.0,0.0,257668.0,2.0,proto;conn_state,True,99
0.0402994622000047,0.131450395239364,0.0459498897823589,0.0680960706726787,0.9779,0.9540501102176412,MLP,smotenc,True,,CW_c0.0_it10,0.9591556303158094,CW,,10.0,0.0,257668.0,2.0,proto;conn_state,True,99
0.9052334810111587,0.9678264619058676,0.9059269148374678,0.935854260880721,0.097,0.0940730851625322,LR,smotenc,True,,CW_c0.5_it10,0.0011135065981188,CW,,10.0,0.5,257668.0,2.0,proto;conn_state,True,99
0.9064654457580136,0.9702172972613224,0.9052128287124716,0.9365884998393832,0.0895,0.0947871712875283,SVM,smotenc,True,,CW_c0.5_it10,0.0010661233386244,CW,,10.0,0.5,257668.0,2.0,proto;conn_state,True,99
0.2180577601933237,0.2798672566371681,0.0157098947499146,0.0297498309668695,0.1302,0.9842901052500854,RF,smotenc,True,,CW_c0.5_it10,0.78123149091426,CW,,10.0,0.5,257668.0,2.0,proto;conn_state,True,99
0.0361060437347485,0.1209302325581395,0.0419758452606414,0.0623199428426559,0.9828,0.9580241547393584,MLP,smotenc,True,,CW_c0.5_it10,0.9637754981165154,CW,,10.0,0.5,257668.0,2.0,proto;conn_state,True,99
0.9204198156791206,0.950555972013993,0.9448601322611692,0.947699493966524,0.1583,0.0551398677388307,LR,none,True,,clean,0.0,,,,,168834.0,2.0,proto;conn_state,False,99
0.921249022720273,0.9505818488129036,0.9459778322829024,0.9482742522797298,0.1584,0.0540221677170977,SVM,none,True,,clean,0.0,,,,,168834.0,2.0,proto;conn_state,False,99
0.9988391101423868,0.999223843526855,0.999254866652178,0.9992393548487248,0.0025,0.000745133347822,RF,none,True,,clean,0.0,,,,,168834.0,2.0,proto;conn_state,False,99
0.9732521500153996,0.9696850631687118,0.9960880499239344,0.9827092426678918,0.1003,0.0039119500760656,MLP,none,True,,clean,0.0,,,,,168834.0,2.0,proto;conn_state,False,99
0.9016086616598356,0.9319497475058504,0.9396752460492408,0.935796552523769,0.221,0.0603247539507591,LR,none,True,,FGSM_eps0.15,0.024568220047857,FGSM,0.15,1.0,,168834.0,2.0,proto;conn_state,False,99
0.9020114193655382,0.930395854413884,0.9420658822068366,0.9361945018666502,0.227,0.0579341177931634,SVM,none,True,,FGSM_eps0.15,0.0201378852851287,FGSM,0.15,1.0,,168834.0,2.0,proto;conn_state,False,99
0.223506835035182,0.4565817735501687,0.0923965351299326,0.153691223177628,0.3542,0.9076034648700674,RF,none,True,,FGSM_eps0.15,0.776161482148357,FGSM,0.15,1.0,,168834.0,2.0,proto;conn_state,False,99
0.1448506242744438,0.3407638092116046,0.1290943525101679,0.187250906306996,0.8044,0.870905647489832,MLP,none,True,,FGSM_eps0.15,0.8541780189059205,FGSM,0.15,1.0,,168834.0,2.0,proto;conn_state,False,99
0.9040725911535454,0.9426002766251728,0.9309820236579838,0.9367551272238795,0.1826,0.0690179763420162,LR,none,True,,FGSM_eps0.3,0.0527849510767845,FGSM,0.3,1.0,,168834.0,2.0,proto;conn_state,False,99
0.8285673671491862,0.9146548002523828,0.8551336582942656,0.8838933281987099,0.257,0.1448663417057344,SVM,none,True,,FGSM_eps0.3,0.1105451444004833,FGSM,0.3,1.0,,168834.0,2.0,proto;conn_state,False,99
0.3433864815560662,0.7228724459432653,0.226272159955292,0.3446596202501714,0.2794,0.773727840044708,RF,none,True,,FGSM_eps0.3,0.6562581439977256,FGSM,0.3,1.0,,168834.0,2.0,proto;conn_state,False,99
0.4310928948802388,0.6712494776431258,0.4987115402527244,0.5722581449616131,0.7867,0.5012884597472756,MLP,none,True,,FGSM_eps0.3,0.566751166812765,FGSM,0.3,1.0,,168834.0,2.0,proto;conn_state,False,99
0.832263261389751,0.9066049642406394,0.869787947468099,0.8878149263191253,0.2886,0.130212052531901,LR,none,True,,FGSM_eps0.5,0.1266554526285863,FGSM,0.5,1.0,,168834.0,2.0,proto;conn_state,False,99
0.8263640455826956,0.9082972298805304,0.8592008444844609,0.8830671538203807,0.2794,0.1407991555155391,SVM,none,True,,FGSM_eps0.5,0.1301381222014262,FGSM,0.5,1.0,,168834.0,2.0,proto;conn_state,False,99
0.3674571773792319,0.7218196457326892,0.2783383526343568,0.4017567052813193,0.3455,0.7216616473656431,RF,none,True,,FGSM_eps0.5,0.6321400649150655,FGSM,0.5,1.0,,168834.0,2.0,proto;conn_state,False,99
0.4471795114785946,0.6755409628545433,0.5301934241982055,0.5941065961591985,0.8202,0.4698065758017945,MLP,none,True,,FGSM_eps0.5,0.5487455282048852,FGSM,0.5,1.0,,168834.0,2.0,proto;conn_state,False,99
0.813452107370466,0.898190267369179,0.8521220776801515,0.8745499155593793,0.3111,0.1478779223198484,LR,none,True,,FGSM_eps0.75,0.1469828709516927,FGSM,0.75,1.0,,168834.0,2.0,proto;conn_state,False,99
0.8207491293326068,0.9048463939543288,0.8550094694029619,0.8792222718855757,0.2896,0.1449905305970381,SVM,none,True,,FGSM_eps0.75,0.1358951882299983,FGSM,0.75,1.0,,168834.0,2.0,proto;conn_state,False,99
0.3291004288184984,0.6387363616915068,0.2780899748517495,0.3874805329641806,0.5066,0.7219100251482505,RF,none,True,,FGSM_eps0.75,0.6705678883650407,FGSM,0.75,1.0,,168834.0,2.0,proto;conn_state,False,99
0.4960553436470895,0.6974083164885937,0.599863392219566,0.6449685377130172,0.8383,0.400136607780434,MLP,none,True,,FGSM_eps0.75,0.4999644625553792,FGSM,0.75,1.0,,168834.0,2.0,proto;conn_state,False,99
0.8989315074984008,0.9349917494318004,0.93237914868515,0.9336836214401194,0.2088,0.0676208513148498,LR,none,True,,PGD_eps0.15_it10,0.028501030585894,PGD,0.15,10.0,,168834.0,2.0,proto;conn_state,False,99
0.9000213224667725,0.9360064803564196,0.9327517153590612,0.9343762634901877,0.2054,0.0672482846409388,SVM,none,True,,PGD_eps0.15_it10,0.0284299556966523,PGD,0.15,10.0,,168834.0,2.0,proto;conn_state,False,99
0.4031604634082779,0.7380742349189116,0.3377006426775125,0.4633834618497848,0.386,0.6622993573224875,RF,none,True,,PGD_eps0.15_it10,0.5964130872562724,PGD,0.15,10.0,,168834.0,2.0,proto;conn_state,False,99
0.2485962709374778,0.5147050050706914,0.2678754385420224,0.3523646165155599,0.8135,0.7321245614579776,MLP,none,True,,PGD_eps0.15_it10,0.7506219052808643,PGD,0.15,10.0,,168834.0,2.0,proto;conn_state,False,99
0.8981970669762372,0.9349831691809002,0.9313545903318948,0.9331653523711756,0.2086,0.0686454096681051,LR,none,True,,PGD_eps0.15_it25,0.029069629699827,PGD,0.15,25.0,,168834.0,2.0,proto;conn_state,False,99
0.8996659480205643,0.9361396944184596,0.9320997236797168,0.9341153409356088,0.2048,0.0679002763202831,SVM,none,True,,PGD_eps0.15_it25,0.0287853301428605,PGD,0.15,25.0,,168834.0,2.0,proto;conn_state,False,99
0.2108791963799189,0.4186287575892196,0.0877704989288708,0.1451157538114059,0.3926,0.9122295010711292,RF,none,True,,PGD_eps0.15_it25,0.7887891208036201,PGD,0.15,25.0,,168834.0,2.0,proto;conn_state,False,99
0.0904783340045961,0.192456960891631,0.0600453289453258,0.0915329641724643,0.8115,0.939954671054674,MLP,none,True,,PGD_eps0.15_it25,0.9088819919922292,PGD,0.15,25.0,,168834.0,2.0,proto;conn_state,False,99
0.8948091639223862,0.936358779345674,0.9250209568754076,0.9306553382894984,0.2025,0.0749790431245925,LR,none,True,,PGD_eps0.3_it10,0.0382856736714918,PGD,0.3,10.0,,168834.0,2.0,proto;conn_state,False,99
0.8804283446658295,0.937983746130031,0.9030084758918316,0.9201638799689956,0.1923,0.0969915241081685,SVM,none,True,,PGD_eps0.3_it10,0.0531166338932455,PGD,0.3,10.0,,168834.0,2.0,proto;conn_state,False,99
0.4685019782510839,0.800417972831766,0.404296935639107,0.5372333842155205,0.3247,0.5957030643608929,RF,none,True,,PGD_eps0.3_it10,0.5308346561159942,PGD,0.3,10.0,,168834.0,2.0,proto;conn_state,False,99
0.1165628183562747,0.281636863823934,0.1017107019777081,0.1494491457767842,0.8356,0.898289298022292,MLP,none,True,,PGD_eps0.3_it10,0.8832002653462532,PGD,0.3,10.0,,168834.0,2.0,proto;conn_state,False,99
0.8958515956312635,0.9374901689369868,0.925207240212363,0.9313082067629228,0.1987,0.074792759787637,LR,none,True,,PGD_eps0.3_it25,0.036840484256912,PGD,0.3,25.0,,168834.0,2.0,proto;conn_state,False,99
0.8935061242862896,0.938707022098398,0.9205501567884752,0.9295399325965984,0.1936,0.0794498432115247,SVM,none,True,,PGD_eps0.3_it25,0.0399203961240493,PGD,0.3,25.0,,168834.0,2.0,proto;conn_state,False,99
0.2480987467127863,0.5346447445684087,0.1130739855319941,0.1866687168447759,0.317,0.8869260144680058,RF,none,True,,PGD_eps0.3_it25,0.7513326541732805,PGD,0.3,25.0,,168834.0,2.0,proto;conn_state,False,99
0.0469331185292236,0.0384482560147346,0.0103697724238566,0.0163341158059467,0.8353,0.9896302275761432,MLP,none,True,,PGD_eps0.3_it25,0.952901040062546,PGD,0.3,25.0,,168834.0,2.0,proto;conn_state,False,99
0.8836030230519557,0.932281768655771,0.9138439566580768,0.9229707906743388,0.2138,0.086156043341923,LR,none,True,,PGD_eps0.5_it10,0.0536141581179369,PGD,0.5,10.0,,168834.0,2.0,proto;conn_state,False,99
0.846004406643133,0.9314604101634611,0.8615914806420566,0.8951646721073514,0.2042,0.1384085193579434,SVM,none,True,,PGD_eps0.5_it10,0.0880380961406335,PGD,0.5,10.0,,168834.0,2.0,proto;conn_state,False,99
0.5625103650880144,0.8403248972314398,0.5267782296873544,0.6475954198473283,0.3224,0.4732217703126455,RF,none,True,,PGD_eps0.5_it10,0.4368736525385581,PGD,0.5,10.0,,168834.0,2.0,proto;conn_state,False,99
0.0363666516619678,0.0238497018787265,0.0065820112390946,0.0103168037374081,0.8677,0.9934179887609054,MLP,none,True,,PGD_eps0.5_it10,0.9636096567082848,PGD,0.5,10.0,,168834.0,2.0,proto;conn_state,False,99
0.8800729702196214,0.9171968649147072,0.9264801763482255,0.921815148894106,0.2694,0.0735198236517743,LR,none,True,,PGD_eps0.5_it25,0.0551541140515056,PGD,0.5,25.0,,168834.0,2.0,proto;conn_state,False,99
0.8366225212632377,0.9214478372348572,0.859138750038809,0.8892030848329049,0.2359,0.1408612499611909,SVM,none,True,,PGD_eps0.5_it25,0.0982965718211755,PGD,0.5,25.0,,168834.0,2.0,proto;conn_state,False,99
0.4375844014309744,0.8084486525855791,0.3446241733676922,0.4832495265460719,0.263,0.6553758266323078,RF,none,True,,PGD_eps0.5_it25,0.561681158046862,PGD,0.5,25.0,,168834.0,2.0,proto;conn_state,False,99
0.0347793124689047,0.0164361822715937,0.0045018473097581,0.0070678267651288,0.8677,0.995498152690242,MLP,none,True,,PGD_eps0.5_it25,0.965196995901348,PGD,0.5,25.0,,168834.0,2.0,proto;conn_state,False,99
0.8848823710583051,0.9310888342475254,0.9170107733863206,0.9239961833852122,0.2186,0.0829892266136794,LR,none,True,,PGD_eps0.75_it10,0.0555094884977137,PGD,0.75,10.0,,168834.0,2.0,proto;conn_state,False,99
0.841621455139899,0.9267941943682696,0.8604116861746717,0.8923701115744394,0.2189,0.1395883138253283,SVM,none,True,,PGD_eps0.75_it10,0.0927527304603283,PGD,0.75,10.0,,168834.0,2.0,proto;conn_state,False,99
0.5147480395176384,0.8150217589856552,0.4709863702691794,0.5969855574357562,0.3443,0.5290136297308206,RF,none,True,,PGD_eps0.75_it10,0.4846122864791869,PGD,0.75,10.0,,168834.0,2.0,proto;conn_state,False,99
0.0274822905067639,0.0155633494081543,0.0044087056412803,0.0068710231534125,0.8982,0.9955912943587196,MLP,none,True,,PGD_eps0.75_it10,0.972517709493236,PGD,0.75,10.0,,168834.0,2.0,proto;conn_state,False,99
0.8529697457888128,0.9058529733104416,0.9009593591853208,0.9033995392565842,0.3016,0.0990406408146791,LR,none,True,,PGD_eps0.75_it25,0.0794854178018906,PGD,0.75,25.0,,168834.0,2.0,proto;conn_state,False,99
0.7847852353763415,0.9036199252975878,0.8036884100717191,0.8507295911660313,0.2761,0.1963115899282809,SVM,none,True,,PGD_eps0.75_it25,0.1499680162998412,PGD,0.75,25.0,,168834.0,2.0,proto;conn_state,False,99
0.4343623397853538,0.8165932229144507,0.333695550932969,0.4737828128099446,0.2414,0.6663044490670309,RF,none,True,,PGD_eps0.75_it25,0.5649742945817243,PGD,0.75,25.0,,168834.0,2.0,proto;conn_state,False,99
0.0275296737662583,0.0157790927021696,0.0044708000869322,0.0069674609894762,0.8982,0.9955291999130678,MLP,none,True,,PGD_eps0.75_it25,0.9724703262337416,PGD,0.75,25.0,,168834.0,2.0,proto;conn_state,False,99
0.9198749081949348,0.9492846232972788,0.9455121239405136,0.9473946181365688,0.1627,0.0544878760594864,LR,none,True,,CW_c0.0_it10,0.0012319647468549,CW,,10.0,0.0,168834.0,2.0,proto;conn_state,False,99
0.9148996659480204,0.9439084168398846,0.944611754478562,0.9442599546879364,0.1808,0.0553882455214381,SVM,none,True,,CW_c0.0_it10,0.0073207135918879,CW,,10.0,0.0,168834.0,2.0,proto;conn_state,False,99
0.2999834158591769,0.6443914081145584,0.1844205035859542,0.2867694981533782,0.3278,0.8155794964140458,RF,none,True,,CW_c0.0_it10,0.6996375180648677,CW,,10.0,0.0,168834.0,2.0,proto;conn_state,False,99
0.0301831362979459,0.0257608695652173,0.0073581918097426,0.0114467869303774,0.8963,0.9926418081902574,MLP,none,True,,CW_c0.0_it10,0.9697457888128124,CW,,10.0,0.0,168834.0,2.0,proto;conn_state,False,99
0.9195195337487264,0.949148843299869,0.9451706044894284,0.9471555465675218,0.1631,0.0548293955105715,LR,none,True,,CW_c0.5_it10,0.001587339193063,CW,,10.0,0.5,168834.0,2.0,proto;conn_state,False,99
0.9138572342391432,0.94262168107321,0.944611754478562,0.9436156685171976,0.1852,0.0553882455214381,SVM,none,True,,CW_c0.5_it10,0.0085289867089957,CW,,10.0,0.5,168834.0,2.0,proto;conn_state,False,99
0.2912648961122036,0.6310857142857142,0.1714427644447204,0.2696354891476842,0.3228,0.8285572355552796,RF,none,True,,CW_c0.5_it10,0.7083086545523467,CW,,10.0,0.5,168834.0,2.0,proto;conn_state,False,99
0.0268899997630837,0.0143530185164895,0.0040671861901952,0.00633830075479,0.8996,0.9959328138098048,MLP,none,True,,CW_c0.5_it10,0.9731100002369164,CW,,10.0,0.5,168834.0,2.0,proto;conn_state,False,99
