model,attack,n,n_detected_clean,asr,fnr_under_attack,family,epsilon,iters,traffic_family,confidence,seed
LR,FGSM_eps0.15,60000,0,,,FGSM,0.15,1,Benign,,42
LR,FGSM_eps0.15,6081,6078,0.9972030273116156,0.9972044071698734,FGSM,0.15,1,Botnet Ares,,42
LR,FGSM_eps0.15,60,60,0.0,0.0,FGSM,0.15,1,Botnet Ares - Attempted,,42
LR,FGSM_eps0.15,6017,6017,0.0024929366794083,0.0024929366794083,FGSM,0.15,1,DDoS-HOIC,,42
LR,FGSM_eps0.15,6088,157,1.0,1.0,FGSM,0.15,1,DDoS-LOIC-HTTP,,42
LR,FGSM_eps0.15,502,497,0.0020120724346076,0.0119521912350597,FGSM,0.15,1,DDoS-LOIC-UDP,,42
LR,FGSM_eps0.15,55,0,,1.0,FGSM,0.15,1,DDoS-LOIC-UDP - Attempted,,42
LR,FGSM_eps0.15,4496,4496,0.0002224199288256,0.0002224199288256,FGSM,0.15,1,DoS GoldenEye,,42
LR,FGSM_eps0.15,861,861,0.0,0.0,FGSM,0.15,1,DoS GoldenEye - Attempted,,42
LR,FGSM_eps0.15,6050,6050,0.8472727272727273,0.8472727272727273,FGSM,0.15,1,DoS Hulk,,42
LR,FGSM_eps0.15,10,10,0.2,0.2,FGSM,0.15,1,DoS Hulk - Attempted,,42
LR,FGSM_eps0.15,1592,1559,0.3489416292495189,0.3624371859296482,FGSM,0.15,1,DoS Slowloris,,42
LR,FGSM_eps0.15,465,458,1.0,1.0,FGSM,0.15,1,DoS Slowloris - Attempted,,42
LR,FGSM_eps0.15,5846,5846,0.0,0.0,FGSM,0.15,1,FTP-BruteForce - Attempted,,42
LR,FGSM_eps0.15,45,44,0.2045454545454545,0.2222222222222222,FGSM,0.15,1,Infiltration - Communication Victim Attacker,,42
LR,FGSM_eps0.15,14,0,,0.3571428571428571,FGSM,0.15,1,Infiltration - Dropbox Download,,42
LR,FGSM_eps0.15,4,0,,1.0,FGSM,0.15,1,Infiltration - Dropbox Download - Attempted,,42
LR,FGSM_eps0.15,5997,5628,0.7700781805259417,0.7658829414707353,FGSM,0.15,1,Infiltration - NMAP Portscan,,42
LR,FGSM_eps0.15,6041,6041,0.3759311372289356,0.3759311372289356,FGSM,0.15,1,SSH-BruteForce,,42
LR,FGSM_eps0.15,25,0,,1.0,FGSM,0.15,1,Web Attack - Brute Force,,42
LR,FGSM_eps0.15,23,0,,0.9130434782608696,FGSM,0.15,1,Web Attack - Brute Force - Attempted,,42
LR,FGSM_eps0.15,7,3,1.0,0.5714285714285714,FGSM,0.15,1,Web Attack - SQL,,42
LR,FGSM_eps0.15,2,0,,0.0,FGSM,0.15,1,Web Attack - SQL - Attempted,,42
LR,FGSM_eps0.15,20,0,,1.0,FGSM,0.15,1,Web Attack - XSS,,42
LR,FGSM_eps0.15,2,0,,0.0,FGSM,0.15,1,Web Attack - XSS - Attempted,,42
SVM,FGSM_eps0.15,60000,0,,,FGSM,0.15,1,Benign,,42
SVM,FGSM_eps0.15,6081,6081,1.0,1.0,FGSM,0.15,1,Botnet Ares,,42
SVM,FGSM_eps0.15,60,60,0.3166666666666666,0.3166666666666666,FGSM,0.15,1,Botnet Ares - Attempted,,42
SVM,FGSM_eps0.15,6017,6017,1.0,1.0,FGSM,0.15,1,DDoS-HOIC,,42
SVM,FGSM_eps0.15,6088,0,,1.0,FGSM,0.15,1,DDoS-LOIC-HTTP,,42
SVM,FGSM_eps0.15,502,498,0.002008032128514,0.0059760956175298,FGSM,0.15,1,DDoS-LOIC-UDP,,42
SVM,FGSM_eps0.15,55,0,,1.0,FGSM,0.15,1,DDoS-LOIC-UDP - Attempted,,42
SVM,FGSM_eps0.15,4496,4496,0.9719750889679716,0.9719750889679716,FGSM,0.15,1,DoS GoldenEye,,42
SVM,FGSM_eps0.15,861,861,0.983739837398374,0.983739837398374,FGSM,0.15,1,DoS GoldenEye - Attempted,,42
SVM,FGSM_eps0.15,6050,6050,0.9575206611570248,0.9575206611570248,FGSM,0.15,1,DoS Hulk,,42
SVM,FGSM_eps0.15,10,10,1.0,1.0,FGSM,0.15,1,DoS Hulk - Attempted,,42
SVM,FGSM_eps0.15,1592,1559,0.844772289929442,0.8479899497487438,FGSM,0.15,1,DoS Slowloris,,42
SVM,FGSM_eps0.15,465,458,1.0,1.0,FGSM,0.15,1,DoS Slowloris - Attempted,,42
SVM,FGSM_eps0.15,5846,5846,0.0,0.0,FGSM,0.15,1,FTP-BruteForce - Attempted,,42
SVM,FGSM_eps0.15,45,45,0.2222222222222222,0.2222222222222222,FGSM,0.15,1,Infiltration - Communication Victim Attacker,,42
SVM,FGSM_eps0.15,14,0,,0.1428571428571428,FGSM,0.15,1,Infiltration - Dropbox Download,,42
SVM,FGSM_eps0.15,4,0,,0.5,FGSM,0.15,1,Infiltration - Dropbox Download - Attempted,,42
SVM,FGSM_eps0.15,5997,5230,0.8032504780114723,0.8227447056861764,FGSM,0.15,1,Infiltration - NMAP Portscan,,42
SVM,FGSM_eps0.15,6041,6041,0.3759311372289356,0.3759311372289356,FGSM,0.15,1,SSH-BruteForce,,42
SVM,FGSM_eps0.15,25,0,,0.96,FGSM,0.15,1,Web Attack - Brute Force,,42
SVM,FGSM_eps0.15,23,0,,0.9130434782608696,FGSM,0.15,1,Web Attack - Brute Force - Attempted,,42
SVM,FGSM_eps0.15,7,0,,0.5714285714285714,FGSM,0.15,1,Web Attack - SQL,,42
SVM,FGSM_eps0.15,2,0,,0.0,FGSM,0.15,1,Web Attack - SQL - Attempted,,42
SVM,FGSM_eps0.15,20,0,,1.0,FGSM,0.15,1,Web Attack - XSS,,42
SVM,FGSM_eps0.15,2,0,,0.0,FGSM,0.15,1,Web Attack - XSS - Attempted,,42
RF,FGSM_eps0.15,60000,0,,,FGSM,0.15,1,Benign,,42
RF,FGSM_eps0.15,6081,6081,1.0,1.0,FGSM,0.15,1,Botnet Ares,,42
RF,FGSM_eps0.15,60,60,1.0,1.0,FGSM,0.15,1,Botnet Ares - Attempted,,42
RF,FGSM_eps0.15,6017,6017,1.0,1.0,FGSM,0.15,1,DDoS-HOIC,,42
RF,FGSM_eps0.15,6088,6088,1.0,1.0,FGSM,0.15,1,DDoS-LOIC-HTTP,,42
RF,FGSM_eps0.15,502,502,0.7948207171314741,0.7948207171314741,FGSM,0.15,1,DDoS-LOIC-UDP,,42
RF,FGSM_eps0.15,55,54,1.0,1.0,FGSM,0.15,1,DDoS-LOIC-UDP - Attempted,,42
RF,FGSM_eps0.15,4496,4496,1.0,1.0,FGSM,0.15,1,DoS GoldenEye,,42
RF,FGSM_eps0.15,861,861,1.0,1.0,FGSM,0.15,1,DoS GoldenEye - Attempted,,42
RF,FGSM_eps0.15,6050,6050,1.0,1.0,FGSM,0.15,1,DoS Hulk,,42
RF,FGSM_eps0.15,10,10,1.0,1.0,FGSM,0.15,1,DoS Hulk - Attempted,,42
RF,FGSM_eps0.15,1592,1592,1.0,1.0,FGSM,0.15,1,DoS Slowloris,,42
RF,FGSM_eps0.15,465,465,1.0,1.0,FGSM,0.15,1,DoS Slowloris - Attempted,,42
RF,FGSM_eps0.15,5846,5846,1.0,1.0,FGSM,0.15,1,FTP-BruteForce - Attempted,,42
RF,FGSM_eps0.15,45,45,0.9777777777777776,0.9777777777777776,FGSM,0.15,1,Infiltration - Communication Victim Attacker,,42
RF,FGSM_eps0.15,14,7,1.0,1.0,FGSM,0.15,1,Infiltration - Dropbox Download,,42
RF,FGSM_eps0.15,4,0,,1.0,FGSM,0.15,1,Infiltration - Dropbox Download - Attempted,,42
RF,FGSM_eps0.15,5997,5991,0.9924887330996496,0.9923294980823744,FGSM,0.15,1,Infiltration - NMAP Portscan,,42
RF,FGSM_eps0.15,6041,6041,1.0,1.0,FGSM,0.15,1,SSH-BruteForce,,42
RF,FGSM_eps0.15,25,25,1.0,1.0,FGSM,0.15,1,Web Attack - Brute Force,,42
RF,FGSM_eps0.15,23,22,1.0,1.0,FGSM,0.15,1,Web Attack - Brute Force - Attempted,,42
RF,FGSM_eps0.15,7,7,0.7142857142857143,0.7142857142857143,FGSM,0.15,1,Web Attack - SQL,,42
RF,FGSM_eps0.15,2,2,1.0,1.0,FGSM,0.15,1,Web Attack - SQL - Attempted,,42
RF,FGSM_eps0.15,20,20,0.0,0.0,FGSM,0.15,1,Web Attack - XSS,,42
RF,FGSM_eps0.15,2,2,1.0,1.0,FGSM,0.15,1,Web Attack - XSS - Attempted,,42
MLP,FGSM_eps0.15,60000,0,,,FGSM,0.15,1,Benign,,42
MLP,FGSM_eps0.15,6081,6081,0.9935865811544152,0.9935865811544152,FGSM,0.15,1,Botnet Ares,,42
MLP,FGSM_eps0.15,60,60,1.0,1.0,FGSM,0.15,1,Botnet Ares - Attempted,,42
MLP,FGSM_eps0.15,6017,6017,1.0,1.0,FGSM,0.15,1,DDoS-HOIC,,42
MLP,FGSM_eps0.15,6088,6088,1.0,1.0,FGSM,0.15,1,DDoS-LOIC-HTTP,,42
MLP,FGSM_eps0.15,502,502,0.0039840637450199,0.0039840637450199,FGSM,0.15,1,DDoS-LOIC-UDP,,42
MLP,FGSM_eps0.15,55,47,1.0,0.8545454545454545,FGSM,0.15,1,DDoS-LOIC-UDP - Attempted,,42
MLP,FGSM_eps0.15,4496,4496,1.0,1.0,FGSM,0.15,1,DoS GoldenEye,,42
MLP,FGSM_eps0.15,861,861,1.0,1.0,FGSM,0.15,1,DoS GoldenEye - Attempted,,42
MLP,FGSM_eps0.15,6050,6050,1.0,1.0,FGSM,0.15,1,DoS Hulk,,42
MLP,FGSM_eps0.15,10,10,1.0,1.0,FGSM,0.15,1,DoS Hulk - Attempted,,42
MLP,FGSM_eps0.15,1592,1591,1.0,0.9993718592964824,FGSM,0.15,1,DoS Slowloris,,42
MLP,FGSM_eps0.15,465,465,1.0,1.0,FGSM,0.15,1,DoS Slowloris - Attempted,,42
MLP,FGSM_eps0.15,5846,5846,1.0,1.0,FGSM,0.15,1,FTP-BruteForce - Attempted,,42
MLP,FGSM_eps0.15,45,44,0.7045454545454546,0.6888888888888889,FGSM,0.15,1,Infiltration - Communication Victim Attacker,,42
MLP,FGSM_eps0.15,14,0,,0.4285714285714285,FGSM,0.15,1,Infiltration - Dropbox Download,,42
MLP,FGSM_eps0.15,4,0,,0.75,FGSM,0.15,1,Infiltration - Dropbox Download - Attempted,,42
MLP,FGSM_eps0.15,5997,5867,0.989091528890404,0.9746539936634984,FGSM,0.15,1,Infiltration - NMAP Portscan,,42
MLP,FGSM_eps0.15,6041,6041,1.0,1.0,FGSM,0.15,1,SSH-BruteForce,,42
MLP,FGSM_eps0.15,25,24,0.0,0.0,FGSM,0.15,1,Web Attack - Brute Force,,42
MLP,FGSM_eps0.15,23,21,1.0,0.9130434782608696,FGSM,0.15,1,Web Attack - Brute Force - Attempted,,42
MLP,FGSM_eps0.15,7,4,1.0,0.5714285714285714,FGSM,0.15,1,Web Attack - SQL,,42
MLP,FGSM_eps0.15,2,0,,0.0,FGSM,0.15,1,Web Attack - SQL - Attempted,,42
MLP,FGSM_eps0.15,20,20,1.0,1.0,FGSM,0.15,1,Web Attack - XSS,,42
MLP,FGSM_eps0.15,2,0,,0.0,FGSM,0.15,1,Web Attack - XSS - Attempted,,42
LR,FGSM_eps0.3,60000,0,,,FGSM,0.3,1,Benign,,42
LR,FGSM_eps0.3,6081,6078,1.0,1.0,FGSM,0.3,1,Botnet Ares,,42
LR,FGSM_eps0.3,60,60,1.0,1.0,FGSM,0.3,1,Botnet Ares - Attempted,,42
LR,FGSM_eps0.3,6017,6017,1.0,1.0,FGSM,0.3,1,DDoS-HOIC,,42
LR,FGSM_eps0.3,6088,157,1.0,1.0,FGSM,0.3,1,DDoS-LOIC-HTTP,,42
LR,FGSM_eps0.3,502,497,0.028169014084507,0.0338645418326693,FGSM,0.3,1,DDoS-LOIC-UDP,,42
LR,FGSM_eps0.3,55,0,,1.0,FGSM,0.3,1,DDoS-LOIC-UDP - Attempted,,42
LR,FGSM_eps0.3,4496,4496,0.9719750889679716,0.9719750889679716,FGSM,0.3,1,DoS GoldenEye,,42
LR,FGSM_eps0.3,861,861,0.9849012775842044,0.9849012775842044,FGSM,0.3,1,DoS GoldenEye - Attempted,,42
LR,FGSM_eps0.3,6050,6050,0.9575206611570248,0.9575206611570248,FGSM,0.3,1,DoS Hulk,,42
LR,FGSM_eps0.3,10,10,1.0,1.0,FGSM,0.3,1,DoS Hulk - Attempted,,42
LR,FGSM_eps0.3,1592,1559,0.9884541372674792,0.9886934673366834,FGSM,0.3,1,DoS Slowloris,,42
LR,FGSM_eps0.3,465,458,1.0,1.0,FGSM,0.3,1,DoS Slowloris - Attempted,,42
LR,FGSM_eps0.3,5846,5846,1.0,1.0,FGSM,0.3,1,FTP-BruteForce - Attempted,,42
LR,FGSM_eps0.3,45,44,0.2272727272727272,0.2444444444444444,FGSM,0.3,1,Infiltration - Communication Victim Attacker,,42
LR,FGSM_eps0.3,14,0,,0.2142857142857142,FGSM,0.3,1,Infiltration - Dropbox Download,,42
LR,FGSM_eps0.3,4,0,,0.75,FGSM,0.3,1,Infiltration - Dropbox Download - Attempted,,42
LR,FGSM_eps0.3,5997,5628,0.8718905472636815,0.8585959646489911,FGSM,0.3,1,Infiltration - NMAP Portscan,,42
LR,FGSM_eps0.3,6041,6041,1.0,1.0,FGSM,0.3,1,SSH-BruteForce,,42
LR,FGSM_eps0.3,25,0,,0.96,FGSM,0.3,1,Web Attack - Brute Force,,42
LR,FGSM_eps0.3,23,0,,0.9130434782608696,FGSM,0.3,1,Web Attack - Brute Force - Attempted,,42
LR,FGSM_eps0.3,7,3,1.0,0.5714285714285714,FGSM,0.3,1,Web Attack - SQL,,42
LR,FGSM_eps0.3,2,0,,0.0,FGSM,0.3,1,Web Attack - SQL - Attempted,,42
LR,FGSM_eps0.3,20,0,,1.0,FGSM,0.3,1,Web Attack - XSS,,42
LR,FGSM_eps0.3,2,0,,0.0,FGSM,0.3,1,Web Attack - XSS - Attempted,,42
SVM,FGSM_eps0.3,60000,0,,,FGSM,0.3,1,Benign,,42
SVM,FGSM_eps0.3,6081,6081,1.0,1.0,FGSM,0.3,1,Botnet Ares,,42
SVM,FGSM_eps0.3,60,60,1.0,1.0,FGSM,0.3,1,Botnet Ares - Attempted,,42
SVM,FGSM_eps0.3,6017,6017,1.0,1.0,FGSM,0.3,1,DDoS-HOIC,,42
SVM,FGSM_eps0.3,6088,0,,1.0,FGSM,0.3,1,DDoS-LOIC-HTTP,,42
SVM,FGSM_eps0.3,502,498,0.002008032128514,0.0059760956175298,FGSM,0.3,1,DDoS-LOIC-UDP,,42
SVM,FGSM_eps0.3,55,0,,1.0,FGSM,0.3,1,DDoS-LOIC-UDP - Attempted,,42
SVM,FGSM_eps0.3,4496,4496,1.0,1.0,FGSM,0.3,1,DoS GoldenEye,,42
SVM,FGSM_eps0.3,861,861,1.0,1.0,FGSM,0.3,1,DoS GoldenEye - Attempted,,42
SVM,FGSM_eps0.3,6050,6050,1.0,1.0,FGSM,0.3,1,DoS Hulk,,42
SVM,FGSM_eps0.3,10,10,1.0,1.0,FGSM,0.3,1,DoS Hulk - Attempted,,42
SVM,FGSM_eps0.3,1592,1559,0.9993585631815266,0.9993718592964824,FGSM,0.3,1,DoS Slowloris,,42
SVM,FGSM_eps0.3,465,458,1.0,1.0,FGSM,0.3,1,DoS Slowloris - Attempted,,42
SVM,FGSM_eps0.3,5846,5846,1.0,1.0,FGSM,0.3,1,FTP-BruteForce - Attempted,,42
SVM,FGSM_eps0.3,45,45,0.2666666666666666,0.2666666666666666,FGSM,0.3,1,Infiltration - Communication Victim Attacker,,42
SVM,FGSM_eps0.3,14,0,,0.0,FGSM,0.3,1,Infiltration - Dropbox Download,,42
SVM,FGSM_eps0.3,4,0,,0.5,FGSM,0.3,1,Infiltration - Dropbox Download - Attempted,,42
SVM,FGSM_eps0.3,5997,5230,0.869980879541109,0.8809404702351176,FGSM,0.3,1,Infiltration - NMAP Portscan,,42
SVM,FGSM_eps0.3,6041,6041,1.0,1.0,FGSM,0.3,1,SSH-BruteForce,,42
SVM,FGSM_eps0.3,25,0,,0.96,FGSM,0.3,1,Web Attack - Brute Force,,42
SVM,FGSM_eps0.3,23,0,,0.9130434782608696,FGSM,0.3,1,Web Attack - Brute Force - Attempted,,42
SVM,FGSM_eps0.3,7,0,,0.5714285714285714,FGSM,0.3,1,Web Attack - SQL,,42
SVM,FGSM_eps0.3,2,0,,0.0,FGSM,0.3,1,Web Attack - SQL - Attempted,,42
SVM,FGSM_eps0.3,20,0,,1.0,FGSM,0.3,1,Web Attack - XSS,,42
SVM,FGSM_eps0.3,2,0,,0.0,FGSM,0.3,1,Web Attack - XSS - Attempted,,42
RF,FGSM_eps0.3,60000,0,,,FGSM,0.3,1,Benign,,42
RF,FGSM_eps0.3,6081,6081,1.0,1.0,FGSM,0.3,1,Botnet Ares,,42
RF,FGSM_eps0.3,60,60,1.0,1.0,FGSM,0.3,1,Botnet Ares - Attempted,,42
RF,FGSM_eps0.3,6017,6017,1.0,1.0,FGSM,0.3,1,DDoS-HOIC,,42
RF,FGSM_eps0.3,6088,6088,1.0,1.0,FGSM,0.3,1,DDoS-LOIC-HTTP,,42
RF,FGSM_eps0.3,502,502,0.7928286852589641,0.7928286852589641,FGSM,0.3,1,DDoS-LOIC-UDP,,42
RF,FGSM_eps0.3,55,54,1.0,1.0,FGSM,0.3,1,DDoS-LOIC-UDP - Attempted,,42
RF,FGSM_eps0.3,4496,4496,1.0,1.0,FGSM,0.3,1,DoS GoldenEye,,42
RF,FGSM_eps0.3,861,861,1.0,1.0,FGSM,0.3,1,DoS GoldenEye - Attempted,,42
RF,FGSM_eps0.3,6050,6050,1.0,1.0,FGSM,0.3,1,DoS Hulk,,42
RF,FGSM_eps0.3,10,10,1.0,1.0,FGSM,0.3,1,DoS Hulk - Attempted,,42
RF,FGSM_eps0.3,1592,1592,1.0,1.0,FGSM,0.3,1,DoS Slowloris,,42
RF,FGSM_eps0.3,465,465,1.0,1.0,FGSM,0.3,1,DoS Slowloris - Attempted,,42
RF,FGSM_eps0.3,5846,5846,1.0,1.0,FGSM,0.3,1,FTP-BruteForce - Attempted,,42
RF,FGSM_eps0.3,45,45,1.0,1.0,FGSM,0.3,1,Infiltration - Communication Victim Attacker,,42
RF,FGSM_eps0.3,14,7,1.0,0.9285714285714286,FGSM,0.3,1,Infiltration - Dropbox Download,,42
RF,FGSM_eps0.3,4,0,,1.0,FGSM,0.3,1,Infiltration - Dropbox Download - Attempted,,42
RF,FGSM_eps0.3,5997,5991,0.9899849774661992,0.9899949974987494,FGSM,0.3,1,Infiltration - NMAP Portscan,,42
RF,FGSM_eps0.3,6041,6041,1.0,1.0,FGSM,0.3,1,SSH-BruteForce,,42
RF,FGSM_eps0.3,25,25,1.0,1.0,FGSM,0.3,1,Web Attack - Brute Force,,42
RF,FGSM_eps0.3,23,22,1.0,1.0,FGSM,0.3,1,Web Attack - Brute Force - Attempted,,42
RF,FGSM_eps0.3,7,7,1.0,1.0,FGSM,0.3,1,Web Attack - SQL,,42
RF,FGSM_eps0.3,2,2,1.0,1.0,FGSM,0.3,1,Web Attack - SQL - Attempted,,42
RF,FGSM_eps0.3,20,20,1.0,1.0,FGSM,0.3,1,Web Attack - XSS,,42
RF,FGSM_eps0.3,2,2,1.0,1.0,FGSM,0.3,1,Web Attack - XSS - Attempted,,42
MLP,FGSM_eps0.3,60000,0,,,FGSM,0.3,1,Benign,,42
MLP,FGSM_eps0.3,6081,6081,0.9986844269034698,0.9986844269034698,FGSM,0.3,1,Botnet Ares,,42
MLP,FGSM_eps0.3,60,60,1.0,1.0,FGSM,0.3,1,Botnet Ares - Attempted,,42
MLP,FGSM_eps0.3,6017,6017,1.0,1.0,FGSM,0.3,1,DDoS-HOIC,,42
MLP,FGSM_eps0.3,6088,6088,1.0,1.0,FGSM,0.3,1,DDoS-LOIC-HTTP,,42
MLP,FGSM_eps0.3,502,502,0.0079681274900398,0.0079681274900398,FGSM,0.3,1,DDoS-LOIC-UDP,,42
MLP,FGSM_eps0.3,55,47,1.0,0.8545454545454545,FGSM,0.3,1,DDoS-LOIC-UDP - Attempted,,42
MLP,FGSM_eps0.3,4496,4496,1.0,1.0,FGSM,0.3,1,DoS GoldenEye,,42
MLP,FGSM_eps0.3,861,861,1.0,1.0,FGSM,0.3,1,DoS GoldenEye - Attempted,,42
MLP,FGSM_eps0.3,6050,6050,1.0,1.0,FGSM,0.3,1,DoS Hulk,,42
MLP,FGSM_eps0.3,10,10,1.0,1.0,FGSM,0.3,1,DoS Hulk - Attempted,,42
MLP,FGSM_eps0.3,1592,1591,1.0,0.9993718592964824,FGSM,0.3,1,DoS Slowloris,,42
MLP,FGSM_eps0.3,465,465,1.0,1.0,FGSM,0.3,1,DoS Slowloris - Attempted,,42
MLP,FGSM_eps0.3,5846,5846,1.0,1.0,FGSM,0.3,1,FTP-BruteForce - Attempted,,42
MLP,FGSM_eps0.3,45,44,0.9090909090909092,0.8888888888888888,FGSM,0.3,1,Infiltration - Communication Victim Attacker,,42
MLP,FGSM_eps0.3,14,0,,0.0714285714285714,FGSM,0.3,1,Infiltration - Dropbox Download,,42
MLP,FGSM_eps0.3,4,0,,0.5,FGSM,0.3,1,Infiltration - Dropbox Download - Attempted,,42
MLP,FGSM_eps0.3,5997,5867,1.0,0.9864932466233116,FGSM,0.3,1,Infiltration - NMAP Portscan,,42
MLP,FGSM_eps0.3,6041,6041,1.0,1.0,FGSM,0.3,1,SSH-BruteForce,,42
MLP,FGSM_eps0.3,25,24,1.0,0.96,FGSM,0.3,1,Web Attack - Brute Force,,42
MLP,FGSM_eps0.3,23,21,1.0,0.9130434782608696,FGSM,0.3,1,Web Attack - Brute Force - Attempted,,42
MLP,FGSM_eps0.3,7,4,1.0,0.5714285714285714,FGSM,0.3,1,Web Attack - SQL,,42
MLP,FGSM_eps0.3,2,0,,0.0,FGSM,0.3,1,Web Attack - SQL - Attempted,,42
MLP,FGSM_eps0.3,20,20,1.0,1.0,FGSM,0.3,1,Web Attack - XSS,,42
MLP,FGSM_eps0.3,2,0,,0.0,FGSM,0.3,1,Web Attack - XSS - Attempted,,42
LR,FGSM_eps0.5,60000,0,,,FGSM,0.5,1,Benign,,42
LR,FGSM_eps0.5,6081,6078,1.0,1.0,FGSM,0.5,1,Botnet Ares,,42
LR,FGSM_eps0.5,60,60,1.0,1.0,FGSM,0.5,1,Botnet Ares - Attempted,,42
LR,FGSM_eps0.5,6017,6017,1.0,1.0,FGSM,0.5,1,DDoS-HOIC,,42
LR,FGSM_eps0.5,6088,157,1.0,1.0,FGSM,0.5,1,DDoS-LOIC-HTTP,,42
LR,FGSM_eps0.5,502,497,0.0362173038229376,0.0418326693227091,FGSM,0.5,1,DDoS-LOIC-UDP,,42
LR,FGSM_eps0.5,55,0,,1.0,FGSM,0.5,1,DDoS-LOIC-UDP - Attempted,,42
LR,FGSM_eps0.5,4496,4496,0.9770907473309608,0.9770907473309608,FGSM,0.5,1,DoS GoldenEye,,42
LR,FGSM_eps0.5,861,861,1.0,1.0,FGSM,0.5,1,DoS GoldenEye - Attempted,,42
LR,FGSM_eps0.5,6050,6050,0.9986776859504132,0.9986776859504132,FGSM,0.5,1,DoS Hulk,,42
LR,FGSM_eps0.5,10,10,1.0,1.0,FGSM,0.5,1,DoS Hulk - Attempted,,42
LR,FGSM_eps0.5,1592,1559,0.9967928159076332,0.996859296482412,FGSM,0.5,1,DoS Slowloris,,42
LR,FGSM_eps0.5,465,458,1.0,1.0,FGSM,0.5,1,DoS Slowloris - Attempted,,42
LR,FGSM_eps0.5,5846,5846,1.0,1.0,FGSM,0.5,1,FTP-BruteForce - Attempted,,42
LR,FGSM_eps0.5,45,44,0.2727272727272727,0.2888888888888888,FGSM,0.5,1,Infiltration - Communication Victim Attacker,,42
LR,FGSM_eps0.5,14,0,,0.1428571428571428,FGSM,0.5,1,Infiltration - Dropbox Download,,42
LR,FGSM_eps0.5,4,0,,0.75,FGSM,0.5,1,Infiltration - Dropbox Download - Attempted,,42
LR,FGSM_eps0.5,5997,5628,0.894633972992182,0.8799399699849925,FGSM,0.5,1,Infiltration - NMAP Portscan,,42
LR,FGSM_eps0.5,6041,6041,1.0,1.0,FGSM,0.5,1,SSH-BruteForce,,42
LR,FGSM_eps0.5,25,0,,0.96,FGSM,0.5,1,Web Attack - Brute Force,,42
LR,FGSM_eps0.5,23,0,,0.9130434782608696,FGSM,0.5,1,Web Attack - Brute Force - Attempted,,42
LR,FGSM_eps0.5,7,3,1.0,0.5714285714285714,FGSM,0.5,1,Web Attack - SQL,,42
LR,FGSM_eps0.5,2,0,,0.0,FGSM,0.5,1,Web Attack - SQL - Attempted,,42
LR,FGSM_eps0.5,20,0,,1.0,FGSM,0.5,1,Web Attack - XSS,,42
LR,FGSM_eps0.5,2,0,,0.0,FGSM,0.5,1,Web Attack - XSS - Attempted,,42
SVM,FGSM_eps0.5,60000,0,,,FGSM,0.5,1,Benign,,42
SVM,FGSM_eps0.5,6081,6081,1.0,1.0,FGSM,0.5,1,Botnet Ares,,42
SVM,FGSM_eps0.5,60,60,1.0,1.0,FGSM,0.5,1,Botnet Ares - Attempted,,42
SVM,FGSM_eps0.5,6017,6017,1.0,1.0,FGSM,0.5,1,DDoS-HOIC,,42
SVM,FGSM_eps0.5,6088,0,,1.0,FGSM,0.5,1,DDoS-LOIC-HTTP,,42
SVM,FGSM_eps0.5,502,498,0.0040160642570281,0.0079681274900398,FGSM,0.5,1,DDoS-LOIC-UDP,,42
SVM,FGSM_eps0.5,55,0,,0.8545454545454545,FGSM,0.5,1,DDoS-LOIC-UDP - Attempted,,42
SVM,FGSM_eps0.5,4496,4496,1.0,1.0,FGSM,0.5,1,DoS GoldenEye,,42
SVM,FGSM_eps0.5,861,861,1.0,1.0,FGSM,0.5,1,DoS GoldenEye - Attempted,,42
SVM,FGSM_eps0.5,6050,6050,1.0,1.0,FGSM,0.5,1,DoS Hulk,,42
SVM,FGSM_eps0.5,10,10,1.0,1.0,FGSM,0.5,1,DoS Hulk - Attempted,,42
SVM,FGSM_eps0.5,1592,1559,0.9993585631815266,0.9993718592964824,FGSM,0.5,1,DoS Slowloris,,42
SVM,FGSM_eps0.5,465,458,1.0,1.0,FGSM,0.5,1,DoS Slowloris - Attempted,,42
SVM,FGSM_eps0.5,5846,5846,1.0,1.0,FGSM,0.5,1,FTP-BruteForce - Attempted,,42
SVM,FGSM_eps0.5,45,45,0.9111111111111112,0.9111111111111112,FGSM,0.5,1,Infiltration - Communication Victim Attacker,,42
SVM,FGSM_eps0.5,14,0,,0.0,FGSM,0.5,1,Infiltration - Dropbox Download,,42
SVM,FGSM_eps0.5,4,0,,0.5,FGSM,0.5,1,Infiltration - Dropbox Download - Attempted,,42
SVM,FGSM_eps0.5,5997,5230,0.9095602294455069,0.9054527263631816,FGSM,0.5,1,Infiltration - NMAP Portscan,,42
SVM,FGSM_eps0.5,6041,6041,1.0,1.0,FGSM,0.5,1,SSH-BruteForce,,42
SVM,FGSM_eps0.5,25,0,,0.96,FGSM,0.5,1,Web Attack - Brute Force,,42
SVM,FGSM_eps0.5,23,0,,0.9130434782608696,FGSM,0.5,1,Web Attack - Brute Force - Attempted,,42
SVM,FGSM_eps0.5,7,0,,0.5714285714285714,FGSM,0.5,1,Web Attack - SQL,,42
SVM,FGSM_eps0.5,2,0,,0.0,FGSM,0.5,1,Web Attack - SQL - Attempted,,42
SVM,FGSM_eps0.5,20,0,,1.0,FGSM,0.5,1,Web Attack - XSS,,42
SVM,FGSM_eps0.5,2,0,,0.0,FGSM,0.5,1,Web Attack - XSS - Attempted,,42
RF,FGSM_eps0.5,60000,0,,,FGSM,0.5,1,Benign,,42
RF,FGSM_eps0.5,6081,6081,1.0,1.0,FGSM,0.5,1,Botnet Ares,,42
RF,FGSM_eps0.5,60,60,1.0,1.0,FGSM,0.5,1,Botnet Ares - Attempted,,42
RF,FGSM_eps0.5,6017,6017,1.0,1.0,FGSM,0.5,1,DDoS-HOIC,,42
RF,FGSM_eps0.5,6088,6088,1.0,1.0,FGSM,0.5,1,DDoS-LOIC-HTTP,,42
RF,FGSM_eps0.5,502,502,0.7948207171314741,0.7948207171314741,FGSM,0.5,1,DDoS-LOIC-UDP,,42
RF,FGSM_eps0.5,55,54,0.8703703703703703,0.8545454545454545,FGSM,0.5,1,DDoS-LOIC-UDP - Attempted,,42
RF,FGSM_eps0.5,4496,4496,1.0,1.0,FGSM,0.5,1,DoS GoldenEye,,42
RF,FGSM_eps0.5,861,861,1.0,1.0,FGSM,0.5,1,DoS GoldenEye - Attempted,,42
RF,FGSM_eps0.5,6050,6050,1.0,1.0,FGSM,0.5,1,DoS Hulk,,42
RF,FGSM_eps0.5,10,10,1.0,1.0,FGSM,0.5,1,DoS Hulk - Attempted,,42
RF,FGSM_eps0.5,1592,1592,1.0,1.0,FGSM,0.5,1,DoS Slowloris,,42
RF,FGSM_eps0.5,465,465,1.0,1.0,FGSM,0.5,1,DoS Slowloris - Attempted,,42
RF,FGSM_eps0.5,5846,5846,1.0,1.0,FGSM,0.5,1,FTP-BruteForce - Attempted,,42
RF,FGSM_eps0.5,45,45,1.0,1.0,FGSM,0.5,1,Infiltration - Communication Victim Attacker,,42
RF,FGSM_eps0.5,14,7,0.7142857142857143,0.7857142857142857,FGSM,0.5,1,Infiltration - Dropbox Download,,42
RF,FGSM_eps0.5,4,0,,1.0,FGSM,0.5,1,Infiltration - Dropbox Download - Attempted,,42
RF,FGSM_eps0.5,5997,5991,0.9948255716908696,0.9948307487076872,FGSM,0.5,1,Infiltration - NMAP Portscan,,42
RF,FGSM_eps0.5,6041,6041,1.0,1.0,FGSM,0.5,1,SSH-BruteForce,,42
RF,FGSM_eps0.5,25,25,1.0,1.0,FGSM,0.5,1,Web Attack - Brute Force,,42
RF,FGSM_eps0.5,23,22,1.0,1.0,FGSM,0.5,1,Web Attack - Brute Force - Attempted,,42
RF,FGSM_eps0.5,7,7,1.0,1.0,FGSM,0.5,1,Web Attack - SQL,,42
RF,FGSM_eps0.5,2,2,1.0,1.0,FGSM,0.5,1,Web Attack - SQL - Attempted,,42
RF,FGSM_eps0.5,20,20,1.0,1.0,FGSM,0.5,1,Web Attack - XSS,,42
RF,FGSM_eps0.5,2,2,1.0,1.0,FGSM,0.5,1,Web Attack - XSS - Attempted,,42
MLP,FGSM_eps0.5,60000,0,,,FGSM,0.5,1,Benign,,42
MLP,FGSM_eps0.5,6081,6081,1.0,1.0,FGSM,0.5,1,Botnet Ares,,42
MLP,FGSM_eps0.5,60,60,1.0,1.0,FGSM,0.5,1,Botnet Ares - Attempted,,42
MLP,FGSM_eps0.5,6017,6017,1.0,1.0,FGSM,0.5,1,DDoS-HOIC,,42
MLP,FGSM_eps0.5,6088,6088,1.0,1.0,FGSM,0.5,1,DDoS-LOIC-HTTP,,42
MLP,FGSM_eps0.5,502,502,0.0079681274900398,0.0079681274900398,FGSM,0.5,1,DDoS-LOIC-UDP,,42
MLP,FGSM_eps0.5,55,47,1.0,0.8545454545454545,FGSM,0.5,1,DDoS-LOIC-UDP - Attempted,,42
MLP,FGSM_eps0.5,4496,4496,1.0,1.0,FGSM,0.5,1,DoS GoldenEye,,42
MLP,FGSM_eps0.5,861,861,1.0,1.0,FGSM,0.5,1,DoS GoldenEye - Attempted,,42
MLP,FGSM_eps0.5,6050,6050,1.0,1.0,FGSM,0.5,1,DoS Hulk,,42
MLP,FGSM_eps0.5,10,10,1.0,1.0,FGSM,0.5,1,DoS Hulk - Attempted,,42
MLP,FGSM_eps0.5,1592,1591,1.0,0.9993718592964824,FGSM,0.5,1,DoS Slowloris,,42
MLP,FGSM_eps0.5,465,465,1.0,1.0,FGSM,0.5,1,DoS Slowloris - Attempted,,42
MLP,FGSM_eps0.5,5846,5846,1.0,1.0,FGSM,0.5,1,FTP-BruteForce - Attempted,,42
MLP,FGSM_eps0.5,45,44,0.9090909090909092,0.8888888888888888,FGSM,0.5,1,Infiltration - Communication Victim Attacker,,42
MLP,FGSM_eps0.5,14,0,,0.0714285714285714,FGSM,0.5,1,Infiltration - Dropbox Download,,42
MLP,FGSM_eps0.5,4,0,,0.5,FGSM,0.5,1,Infiltration - Dropbox Download - Attempted,,42
MLP,FGSM_eps0.5,5997,5867,1.0,0.9888277472069368,FGSM,0.5,1,Infiltration - NMAP Portscan,,42
MLP,FGSM_eps0.5,6041,6041,1.0,1.0,FGSM,0.5,1,SSH-BruteForce,,42
MLP,FGSM_eps0.5,25,24,1.0,0.96,FGSM,0.5,1,Web Attack - Brute Force,,42
MLP,FGSM_eps0.5,23,21,1.0,0.9130434782608696,FGSM,0.5,1,Web Attack - Brute Force - Attempted,,42
MLP,FGSM_eps0.5,7,4,1.0,0.5714285714285714,FGSM,0.5,1,Web Attack - SQL,,42
MLP,FGSM_eps0.5,2,0,,0.0,FGSM,0.5,1,Web Attack - SQL - Attempted,,42
MLP,FGSM_eps0.5,20,20,1.0,1.0,FGSM,0.5,1,Web Attack - XSS,,42
MLP,FGSM_eps0.5,2,0,,0.0,FGSM,0.5,1,Web Attack - XSS - Attempted,,42
LR,FGSM_eps0.75,60000,0,,,FGSM,0.75,1,Benign,,42
LR,FGSM_eps0.75,6081,6078,1.0,1.0,FGSM,0.75,1,Botnet Ares,,42
LR,FGSM_eps0.75,60,60,1.0,1.0,FGSM,0.75,1,Botnet Ares - Attempted,,42
LR,FGSM_eps0.75,6017,6017,1.0,1.0,FGSM,0.75,1,DDoS-HOIC,,42
LR,FGSM_eps0.75,6088,157,1.0,1.0,FGSM,0.75,1,DDoS-LOIC-HTTP,,42
LR,FGSM_eps0.75,502,497,0.0422535211267605,0.047808764940239,FGSM,0.75,1,DDoS-LOIC-UDP,,42
LR,FGSM_eps0.75,55,0,,0.8545454545454545,FGSM,0.75,1,DDoS-LOIC-UDP - Attempted,,42
LR,FGSM_eps0.75,4496,4496,1.0,1.0,FGSM,0.75,1,DoS GoldenEye,,42
LR,FGSM_eps0.75,861,861,1.0,1.0,FGSM,0.75,1,DoS GoldenEye - Attempted,,42
LR,FGSM_eps0.75,6050,6050,1.0,1.0,FGSM,0.75,1,DoS Hulk,,42
LR,FGSM_eps0.75,10,10,1.0,1.0,FGSM,0.75,1,DoS Hulk - Attempted,,42
LR,FGSM_eps0.75,1592,1559,0.9993585631815266,0.9993718592964824,FGSM,0.75,1,DoS Slowloris,,42
LR,FGSM_eps0.75,465,458,1.0,1.0,FGSM,0.75,1,DoS Slowloris - Attempted,,42
LR,FGSM_eps0.75,5846,5846,1.0,1.0,FGSM,0.75,1,FTP-BruteForce - Attempted,,42
LR,FGSM_eps0.75,45,44,0.2727272727272727,0.2888888888888888,FGSM,0.75,1,Infiltration - Communication Victim Attacker,,42
LR,FGSM_eps0.75,14,0,,0.0,FGSM,0.75,1,Infiltration - Dropbox Download,,42
LR,FGSM_eps0.75,4,0,,0.75,FGSM,0.75,1,Infiltration - Dropbox Download - Attempted,,42
LR,FGSM_eps0.75,5997,5628,0.93727789623312,0.9176254794063698,FGSM,0.75,1,Infiltration - NMAP Portscan,,42
LR,FGSM_eps0.75,6041,6041,1.0,1.0,FGSM,0.75,1,SSH-BruteForce,,42
LR,FGSM_eps0.75,25,0,,0.96,FGSM,0.75,1,Web Attack - Brute Force,,42
LR,FGSM_eps0.75,23,0,,0.9130434782608696,FGSM,0.75,1,Web Attack - Brute Force - Attempted,,42
LR,FGSM_eps0.75,7,3,1.0,0.5714285714285714,FGSM,0.75,1,Web Attack - SQL,,42
LR,FGSM_eps0.75,2,0,,0.0,FGSM,0.75,1,Web Attack - SQL - Attempted,,42
LR,FGSM_eps0.75,20,0,,1.0,FGSM,0.75,1,Web Attack - XSS,,42
LR,FGSM_eps0.75,2,0,,0.0,FGSM,0.75,1,Web Attack - XSS - Attempted,,42
SVM,FGSM_eps0.75,60000,0,,,FGSM,0.75,1,Benign,,42
SVM,FGSM_eps0.75,6081,6081,1.0,1.0,FGSM,0.75,1,Botnet Ares,,42
SVM,FGSM_eps0.75,60,60,1.0,1.0,FGSM,0.75,1,Botnet Ares - Attempted,,42
SVM,FGSM_eps0.75,6017,6017,1.0,1.0,FGSM,0.75,1,DDoS-HOIC,,42
SVM,FGSM_eps0.75,6088,0,,1.0,FGSM,0.75,1,DDoS-LOIC-HTTP,,42
SVM,FGSM_eps0.75,502,498,0.0040160642570281,0.0079681274900398,FGSM,0.75,1,DDoS-LOIC-UDP,,42
SVM,FGSM_eps0.75,55,0,,0.8545454545454545,FGSM,0.75,1,DDoS-LOIC-UDP - Attempted,,42
SVM,FGSM_eps0.75,4496,4496,1.0,1.0,FGSM,0.75,1,DoS GoldenEye,,42
SVM,FGSM_eps0.75,861,861,1.0,1.0,FGSM,0.75,1,DoS GoldenEye - Attempted,,42
SVM,FGSM_eps0.75,6050,6050,1.0,1.0,FGSM,0.75,1,DoS Hulk,,42
SVM,FGSM_eps0.75,10,10,1.0,1.0,FGSM,0.75,1,DoS Hulk - Attempted,,42
SVM,FGSM_eps0.75,1592,1559,0.9993585631815266,0.9993718592964824,FGSM,0.75,1,DoS Slowloris,,42
SVM,FGSM_eps0.75,465,458,1.0,1.0,FGSM,0.75,1,DoS Slowloris - Attempted,,42
SVM,FGSM_eps0.75,5846,5846,1.0,1.0,FGSM,0.75,1,FTP-BruteForce - Attempted,,42
SVM,FGSM_eps0.75,45,45,0.9777777777777776,0.9777777777777776,FGSM,0.75,1,Infiltration - Communication Victim Attacker,,42
SVM,FGSM_eps0.75,14,0,,0.0,FGSM,0.75,1,Infiltration - Dropbox Download,,42
SVM,FGSM_eps0.75,4,0,,0.5,FGSM,0.75,1,Infiltration - Dropbox Download - Attempted,,42
SVM,FGSM_eps0.75,5997,5230,0.9711281070745698,0.95914623978656,FGSM,0.75,1,Infiltration - NMAP Portscan,,42
SVM,FGSM_eps0.75,6041,6041,1.0,1.0,FGSM,0.75,1,SSH-BruteForce,,42
SVM,FGSM_eps0.75,25,0,,0.96,FGSM,0.75,1,Web Attack - Brute Force,,42
SVM,FGSM_eps0.75,23,0,,0.9130434782608696,FGSM,0.75,1,Web Attack - Brute Force - Attempted,,42
SVM,FGSM_eps0.75,7,0,,0.5714285714285714,FGSM,0.75,1,Web Attack - SQL,,42
SVM,FGSM_eps0.75,2,0,,0.0,FGSM,0.75,1,Web Attack - SQL - Attempted,,42
SVM,FGSM_eps0.75,20,0,,1.0,FGSM,0.75,1,Web Attack - XSS,,42
SVM,FGSM_eps0.75,2,0,,0.0,FGSM,0.75,1,Web Attack - XSS - Attempted,,42
RF,FGSM_eps0.75,60000,0,,,FGSM,0.75,1,Benign,,42
RF,FGSM_eps0.75,6081,6081,1.0,1.0,FGSM,0.75,1,Botnet Ares,,42
RF,FGSM_eps0.75,60,60,1.0,1.0,FGSM,0.75,1,Botnet Ares - Attempted,,42
RF,FGSM_eps0.75,6017,6017,1.0,1.0,FGSM,0.75,1,DDoS-HOIC,,42
RF,FGSM_eps0.75,6088,6088,1.0,1.0,FGSM,0.75,1,DDoS-LOIC-HTTP,,42
RF,FGSM_eps0.75,502,502,0.7948207171314741,0.7948207171314741,FGSM,0.75,1,DDoS-LOIC-UDP,,42
RF,FGSM_eps0.75,55,54,1.0,1.0,FGSM,0.75,1,DDoS-LOIC-UDP - Attempted,,42
RF,FGSM_eps0.75,4496,4496,1.0,1.0,FGSM,0.75,1,DoS GoldenEye,,42
RF,FGSM_eps0.75,861,861,1.0,1.0,FGSM,0.75,1,DoS GoldenEye - Attempted,,42
RF,FGSM_eps0.75,6050,6050,1.0,1.0,FGSM,0.75,1,DoS Hulk,,42
RF,FGSM_eps0.75,10,10,1.0,1.0,FGSM,0.75,1,DoS Hulk - Attempted,,42
RF,FGSM_eps0.75,1592,1592,0.9993718592964824,0.9993718592964824,FGSM,0.75,1,DoS Slowloris,,42
RF,FGSM_eps0.75,465,465,1.0,1.0,FGSM,0.75,1,DoS Slowloris - Attempted,,42
RF,FGSM_eps0.75,5846,5846,1.0,1.0,FGSM,0.75,1,FTP-BruteForce - Attempted,,42
RF,FGSM_eps0.75,45,45,1.0,1.0,FGSM,0.75,1,Infiltration - Communication Victim Attacker,,42
RF,FGSM_eps0.75,14,7,0.7142857142857143,0.8571428571428571,FGSM,0.75,1,Infiltration - Dropbox Download,,42
RF,FGSM_eps0.75,4,0,,1.0,FGSM,0.75,1,Infiltration - Dropbox Download - Attempted,,42
RF,FGSM_eps0.75,5997,5991,0.99899849774662,0.9989994997498748,FGSM,0.75,1,Infiltration - NMAP Portscan,,42
RF,FGSM_eps0.75,6041,6041,1.0,1.0,FGSM,0.75,1,SSH-BruteForce,,42
RF,FGSM_eps0.75,25,25,1.0,1.0,FGSM,0.75,1,Web Attack - Brute Force,,42
RF,FGSM_eps0.75,23,22,1.0,1.0,FGSM,0.75,1,Web Attack - Brute Force - Attempted,,42
RF,FGSM_eps0.75,7,7,1.0,1.0,FGSM,0.75,1,Web Attack - SQL,,42
RF,FGSM_eps0.75,2,2,1.0,1.0,FGSM,0.75,1,Web Attack - SQL - Attempted,,42
RF,FGSM_eps0.75,20,20,1.0,1.0,FGSM,0.75,1,Web Attack - XSS,,42
RF,FGSM_eps0.75,2,2,1.0,1.0,FGSM,0.75,1,Web Attack - XSS - Attempted,,42
MLP,FGSM_eps0.75,60000,0,,,FGSM,0.75,1,Benign,,42
MLP,FGSM_eps0.75,6081,6081,1.0,1.0,FGSM,0.75,1,Botnet Ares,,42
MLP,FGSM_eps0.75,60,60,1.0,1.0,FGSM,0.75,1,Botnet Ares - Attempted,,42
MLP,FGSM_eps0.75,6017,6017,1.0,1.0,FGSM,0.75,1,DDoS-HOIC,,42
MLP,FGSM_eps0.75,6088,6088,1.0,1.0,FGSM,0.75,1,DDoS-LOIC-HTTP,,42
MLP,FGSM_eps0.75,502,502,0.0099601593625498,0.0099601593625498,FGSM,0.75,1,DDoS-LOIC-UDP,,42
MLP,FGSM_eps0.75,55,47,1.0,0.8545454545454545,FGSM,0.75,1,DDoS-LOIC-UDP - Attempted,,42
MLP,FGSM_eps0.75,4496,4496,0.9973309608540926,0.9973309608540926,FGSM,0.75,1,DoS GoldenEye,,42
MLP,FGSM_eps0.75,861,861,0.3681765389082462,0.3681765389082462,FGSM,0.75,1,DoS GoldenEye - Attempted,,42
MLP,FGSM_eps0.75,6050,6050,1.0,1.0,FGSM,0.75,1,DoS Hulk,,42
MLP,FGSM_eps0.75,10,10,1.0,1.0,FGSM,0.75,1,DoS Hulk - Attempted,,42
MLP,FGSM_eps0.75,1592,1591,1.0,0.9993718592964824,FGSM,0.75,1,DoS Slowloris,,42
MLP,FGSM_eps0.75,465,465,1.0,1.0,FGSM,0.75,1,DoS Slowloris - Attempted,,42
MLP,FGSM_eps0.75,5846,5846,1.0,1.0,FGSM,0.75,1,FTP-BruteForce - Attempted,,42
MLP,FGSM_eps0.75,45,44,0.8636363636363636,0.8444444444444444,FGSM,0.75,1,Infiltration - Communication Victim Attacker,,42
MLP,FGSM_eps0.75,14,0,,0.0714285714285714,FGSM,0.75,1,Infiltration - Dropbox Download,,42
MLP,FGSM_eps0.75,4,0,,0.5,FGSM,0.75,1,Infiltration - Dropbox Download - Attempted,,42
MLP,FGSM_eps0.75,5997,5867,1.0,0.9888277472069368,FGSM,0.75,1,Infiltration - NMAP Portscan,,42
MLP,FGSM_eps0.75,6041,6041,1.0,1.0,FGSM,0.75,1,SSH-BruteForce,,42
MLP,FGSM_eps0.75,25,24,1.0,0.96,FGSM,0.75,1,Web Attack - Brute Force,,42
MLP,FGSM_eps0.75,23,21,1.0,0.9130434782608696,FGSM,0.75,1,Web Attack - Brute Force - Attempted,,42
MLP,FGSM_eps0.75,7,4,1.0,0.5714285714285714,FGSM,0.75,1,Web Attack - SQL,,42
MLP,FGSM_eps0.75,2,0,,0.0,FGSM,0.75,1,Web Attack - SQL - Attempted,,42
MLP,FGSM_eps0.75,20,20,1.0,1.0,FGSM,0.75,1,Web Attack - XSS,,42
MLP,FGSM_eps0.75,2,0,,0.0,FGSM,0.75,1,Web Attack - XSS - Attempted,,42
LR,PGD_eps0.15_it10,60000,0,,,PGD,0.15,10,Benign,,42
LR,PGD_eps0.15_it10,6081,6078,0.0032905561039815,0.0037822726525242,PGD,0.15,10,Botnet Ares,,42
LR,PGD_eps0.15_it10,60,60,0.0,0.0,PGD,0.15,10,Botnet Ares - Attempted,,42
LR,PGD_eps0.15_it10,6017,6017,0.0019943493435266,0.0019943493435266,PGD,0.15,10,DDoS-HOIC,,42
LR,PGD_eps0.15_it10,6088,157,1.0,1.0,PGD,0.15,10,DDoS-LOIC-HTTP,,42
LR,PGD_eps0.15_it10,502,497,0.0,0.0099601593625498,PGD,0.15,10,DDoS-LOIC-UDP,,42
LR,PGD_eps0.15_it10,55,0,,1.0,PGD,0.15,10,DDoS-LOIC-UDP - Attempted,,42
LR,PGD_eps0.15_it10,4496,4496,0.0097864768683274,0.0097864768683274,PGD,0.15,10,DoS GoldenEye,,42
LR,PGD_eps0.15_it10,861,861,0.0,0.0,PGD,0.15,10,DoS GoldenEye - Attempted,,42
LR,PGD_eps0.15_it10,6050,6050,0.0024793388429752,0.0024793388429752,PGD,0.15,10,DoS Hulk,,42
LR,PGD_eps0.15_it10,10,10,0.2,0.2,PGD,0.15,10,DoS Hulk - Attempted,,42
LR,PGD_eps0.15_it10,1592,1559,0.1212315586914688,0.1394472361809045,PGD,0.15,10,DoS Slowloris,,42
LR,PGD_eps0.15_it10,465,458,1.0,1.0,PGD,0.15,10,DoS Slowloris - Attempted,,42
LR,PGD_eps0.15_it10,5846,5846,0.0,0.0,PGD,0.15,10,FTP-BruteForce - Attempted,,42
LR,PGD_eps0.15_it10,45,44,0.2045454545454545,0.2222222222222222,PGD,0.15,10,Infiltration - Communication Victim Attacker,,42
LR,PGD_eps0.15_it10,14,0,,0.3571428571428571,PGD,0.15,10,Infiltration - Dropbox Download,,42
LR,PGD_eps0.15_it10,4,0,,0.75,PGD,0.15,10,Infiltration - Dropbox Download - Attempted,,42
LR,PGD_eps0.15_it10,5997,5628,0.7924662402274343,0.7997331999332999,PGD,0.15,10,Infiltration - NMAP Portscan,,42
LR,PGD_eps0.15_it10,6041,6041,0.3759311372289356,0.3759311372289356,PGD,0.15,10,SSH-BruteForce,,42
LR,PGD_eps0.15_it10,25,0,,1.0,PGD,0.15,10,Web Attack - Brute Force,,42
LR,PGD_eps0.15_it10,23,0,,0.9130434782608696,PGD,0.15,10,Web Attack - Brute Force - Attempted,,42
LR,PGD_eps0.15_it10,7,3,1.0,0.5714285714285714,PGD,0.15,10,Web Attack - SQL,,42
LR,PGD_eps0.15_it10,2,0,,0.0,PGD,0.15,10,Web Attack - SQL - Attempted,,42
LR,PGD_eps0.15_it10,20,0,,1.0,PGD,0.15,10,Web Attack - XSS,,42
LR,PGD_eps0.15_it10,2,0,,0.0,PGD,0.15,10,Web Attack - XSS - Attempted,,42
SVM,PGD_eps0.15_it10,60000,0,,,PGD,0.15,10,Benign,,42
SVM,PGD_eps0.15_it10,6081,6081,1.0,1.0,PGD,0.15,10,Botnet Ares,,42
SVM,PGD_eps0.15_it10,60,60,0.0,0.0,PGD,0.15,10,Botnet Ares - Attempted,,42
SVM,PGD_eps0.15_it10,6017,6017,1.0,1.0,PGD,0.15,10,DDoS-HOIC,,42
SVM,PGD_eps0.15_it10,6088,0,,1.0,PGD,0.15,10,DDoS-LOIC-HTTP,,42
SVM,PGD_eps0.15_it10,502,498,0.002008032128514,0.0079681274900398,PGD,0.15,10,DDoS-LOIC-UDP,,42
SVM,PGD_eps0.15_it10,55,0,,1.0,PGD,0.15,10,DDoS-LOIC-UDP - Attempted,,42
SVM,PGD_eps0.15_it10,4496,4496,0.9601868327402135,0.9601868327402135,PGD,0.15,10,DoS GoldenEye,,42
SVM,PGD_eps0.15_it10,861,861,0.3902439024390244,0.3902439024390244,PGD,0.15,10,DoS GoldenEye - Attempted,,42
SVM,PGD_eps0.15_it10,6050,6050,0.9507438016528924,0.9507438016528924,PGD,0.15,10,DoS Hulk,,42
SVM,PGD_eps0.15_it10,10,10,1.0,1.0,PGD,0.15,10,DoS Hulk - Attempted,,42
SVM,PGD_eps0.15_it10,1592,1559,0.4156510583707505,0.4277638190954774,PGD,0.15,10,DoS Slowloris,,42
SVM,PGD_eps0.15_it10,465,458,1.0,1.0,PGD,0.15,10,DoS Slowloris - Attempted,,42
SVM,PGD_eps0.15_it10,5846,5846,0.0,0.0,PGD,0.15,10,FTP-BruteForce - Attempted,,42
SVM,PGD_eps0.15_it10,45,45,0.2222222222222222,0.2222222222222222,PGD,0.15,10,Infiltration - Communication Victim Attacker,,42
SVM,PGD_eps0.15_it10,14,0,,0.0714285714285714,PGD,0.15,10,Infiltration - Dropbox Download,,42
SVM,PGD_eps0.15_it10,4,0,,0.5,PGD,0.15,10,Infiltration - Dropbox Download - Attempted,,42
SVM,PGD_eps0.15_it10,5997,5230,0.8036328871892925,0.8230782057695515,PGD,0.15,10,Infiltration - NMAP Portscan,,42
SVM,PGD_eps0.15_it10,6041,6041,0.9918887601390498,0.9918887601390498,PGD,0.15,10,SSH-BruteForce,,42
SVM,PGD_eps0.15_it10,25,0,,0.96,PGD,0.15,10,Web Attack - Brute Force,,42
SVM,PGD_eps0.15_it10,23,0,,0.9130434782608696,PGD,0.15,10,Web Attack - Brute Force - Attempted,,42
SVM,PGD_eps0.15_it10,7,0,,0.5714285714285714,PGD,0.15,10,Web Attack - SQL,,42
SVM,PGD_eps0.15_it10,2,0,,0.0,PGD,0.15,10,Web Attack - SQL - Attempted,,42
SVM,PGD_eps0.15_it10,20,0,,1.0,PGD,0.15,10,Web Attack - XSS,,42
SVM,PGD_eps0.15_it10,2,0,,0.0,PGD,0.15,10,Web Attack - XSS - Attempted,,42
RF,PGD_eps0.15_it10,60000,0,,,PGD,0.15,10,Benign,,42
RF,PGD_eps0.15_it10,6081,6081,0.9993422134517348,0.9993422134517348,PGD,0.15,10,Botnet Ares,,42
RF,PGD_eps0.15_it10,60,60,1.0,1.0,PGD,0.15,10,Botnet Ares - Attempted,,42
RF,PGD_eps0.15_it10,6017,6017,1.0,1.0,PGD,0.15,10,DDoS-HOIC,,42
RF,PGD_eps0.15_it10,6088,6088,1.0,1.0,PGD,0.15,10,DDoS-LOIC-HTTP,,42
RF,PGD_eps0.15_it10,502,502,0.796812749003984,0.796812749003984,PGD,0.15,10,DDoS-LOIC-UDP,,42
RF,PGD_eps0.15_it10,55,54,0.925925925925926,0.9272727272727272,PGD,0.15,10,DDoS-LOIC-UDP - Attempted,,42
RF,PGD_eps0.15_it10,4496,4496,1.0,1.0,PGD,0.15,10,DoS GoldenEye,,42
RF,PGD_eps0.15_it10,861,861,1.0,1.0,PGD,0.15,10,DoS GoldenEye - Attempted,,42
RF,PGD_eps0.15_it10,6050,6050,1.0,1.0,PGD,0.15,10,DoS Hulk,,42
RF,PGD_eps0.15_it10,10,10,1.0,1.0,PGD,0.15,10,DoS Hulk - Attempted,,42
RF,PGD_eps0.15_it10,1592,1592,1.0,1.0,PGD,0.15,10,DoS Slowloris,,42
RF,PGD_eps0.15_it10,465,465,1.0,1.0,PGD,0.15,10,DoS Slowloris - Attempted,,42
RF,PGD_eps0.15_it10,5846,5846,1.0,1.0,PGD,0.15,10,FTP-BruteForce - Attempted,,42
RF,PGD_eps0.15_it10,45,45,0.9777777777777776,0.9777777777777776,PGD,0.15,10,Infiltration - Communication Victim Attacker,,42
RF,PGD_eps0.15_it10,14,7,1.0,1.0,PGD,0.15,10,Infiltration - Dropbox Download,,42
RF,PGD_eps0.15_it10,4,0,,1.0,PGD,0.15,10,Infiltration - Dropbox Download - Attempted,,42
RF,PGD_eps0.15_it10,5997,5991,0.986145885494909,0.9861597465399368,PGD,0.15,10,Infiltration - NMAP Portscan,,42
RF,PGD_eps0.15_it10,6041,6041,0.9998344644926336,0.9998344644926336,PGD,0.15,10,SSH-BruteForce,,42
RF,PGD_eps0.15_it10,25,25,1.0,1.0,PGD,0.15,10,Web Attack - Brute Force,,42
RF,PGD_eps0.15_it10,23,22,1.0,1.0,PGD,0.15,10,Web Attack - Brute Force - Attempted,,42
RF,PGD_eps0.15_it10,7,7,0.7142857142857143,0.7142857142857143,PGD,0.15,10,Web Attack - SQL,,42
RF,PGD_eps0.15_it10,2,2,1.0,1.0,PGD,0.15,10,Web Attack - SQL - Attempted,,42
RF,PGD_eps0.15_it10,20,20,0.0,0.0,PGD,0.15,10,Web Attack - XSS,,42
RF,PGD_eps0.15_it10,2,2,1.0,1.0,PGD,0.15,10,Web Attack - XSS - Attempted,,42
MLP,PGD_eps0.15_it10,60000,0,,,PGD,0.15,10,Benign,,42
MLP,PGD_eps0.15_it10,6081,6081,0.9935865811544152,0.9935865811544152,PGD,0.15,10,Botnet Ares,,42
MLP,PGD_eps0.15_it10,60,60,1.0,1.0,PGD,0.15,10,Botnet Ares - Attempted,,42
MLP,PGD_eps0.15_it10,6017,6017,1.0,1.0,PGD,0.15,10,DDoS-HOIC,,42
MLP,PGD_eps0.15_it10,6088,6088,1.0,1.0,PGD,0.15,10,DDoS-LOIC-HTTP,,42
MLP,PGD_eps0.15_it10,502,502,0.0039840637450199,0.0039840637450199,PGD,0.15,10,DDoS-LOIC-UDP,,42
MLP,PGD_eps0.15_it10,55,47,1.0,0.8545454545454545,PGD,0.15,10,DDoS-LOIC-UDP - Attempted,,42
MLP,PGD_eps0.15_it10,4496,4496,1.0,1.0,PGD,0.15,10,DoS GoldenEye,,42
MLP,PGD_eps0.15_it10,861,861,1.0,1.0,PGD,0.15,10,DoS GoldenEye - Attempted,,42
MLP,PGD_eps0.15_it10,6050,6050,1.0,1.0,PGD,0.15,10,DoS Hulk,,42
MLP,PGD_eps0.15_it10,10,10,1.0,1.0,PGD,0.15,10,DoS Hulk - Attempted,,42
MLP,PGD_eps0.15_it10,1592,1591,1.0,0.9993718592964824,PGD,0.15,10,DoS Slowloris,,42
MLP,PGD_eps0.15_it10,465,465,1.0,1.0,PGD,0.15,10,DoS Slowloris - Attempted,,42
MLP,PGD_eps0.15_it10,5846,5846,1.0,1.0,PGD,0.15,10,FTP-BruteForce - Attempted,,42
MLP,PGD_eps0.15_it10,45,44,0.7045454545454546,0.6888888888888889,PGD,0.15,10,Infiltration - Communication Victim Attacker,,42
MLP,PGD_eps0.15_it10,14,0,,0.3571428571428571,PGD,0.15,10,Infiltration - Dropbox Download,,42
MLP,PGD_eps0.15_it10,4,0,,0.75,PGD,0.15,10,Infiltration - Dropbox Download - Attempted,,42
MLP,PGD_eps0.15_it10,5997,5867,0.991818646667803,0.9773219943304986,PGD,0.15,10,Infiltration - NMAP Portscan,,42
MLP,PGD_eps0.15_it10,6041,6041,1.0,1.0,PGD,0.15,10,SSH-BruteForce,,42
MLP,PGD_eps0.15_it10,25,24,0.9583333333333334,0.92,PGD,0.15,10,Web Attack - Brute Force,,42
MLP,PGD_eps0.15_it10,23,21,1.0,0.9130434782608696,PGD,0.15,10,Web Attack - Brute Force - Attempted,,42
MLP,PGD_eps0.15_it10,7,4,1.0,0.5714285714285714,PGD,0.15,10,Web Attack - SQL,,42
MLP,PGD_eps0.15_it10,2,0,,0.0,PGD,0.15,10,Web Attack - SQL - Attempted,,42
MLP,PGD_eps0.15_it10,20,20,1.0,1.0,PGD,0.15,10,Web Attack - XSS,,42
MLP,PGD_eps0.15_it10,2,0,,0.0,PGD,0.15,10,Web Attack - XSS - Attempted,,42
LR,PGD_eps0.15_it25,60000,0,,,PGD,0.15,25,Benign,,42
LR,PGD_eps0.15_it25,6081,6078,0.9972030273116156,0.9972044071698734,PGD,0.15,25,Botnet Ares,,42
LR,PGD_eps0.15_it25,60,60,0.0,0.0,PGD,0.15,25,Botnet Ares - Attempted,,42
LR,PGD_eps0.15_it25,6017,6017,0.0019943493435266,0.0019943493435266,PGD,0.15,25,DDoS-HOIC,,42
LR,PGD_eps0.15_it25,6088,157,1.0,1.0,PGD,0.15,25,DDoS-LOIC-HTTP,,42
LR,PGD_eps0.15_it25,502,497,0.0020120724346076,0.0119521912350597,PGD,0.15,25,DDoS-LOIC-UDP,,42
LR,PGD_eps0.15_it25,55,0,,1.0,PGD,0.15,25,DDoS-LOIC-UDP - Attempted,,42
LR,PGD_eps0.15_it25,4496,4496,0.0002224199288256,0.0002224199288256,PGD,0.15,25,DoS GoldenEye,,42
LR,PGD_eps0.15_it25,861,861,0.0,0.0,PGD,0.15,25,DoS GoldenEye - Attempted,,42
LR,PGD_eps0.15_it25,6050,6050,0.0024793388429752,0.0024793388429752,PGD,0.15,25,DoS Hulk,,42
LR,PGD_eps0.15_it25,10,10,0.2,0.2,PGD,0.15,25,DoS Hulk - Attempted,,42
LR,PGD_eps0.15_it25,1592,1559,0.2790250160359204,0.2939698492462311,PGD,0.15,25,DoS Slowloris,,42
LR,PGD_eps0.15_it25,465,458,1.0,1.0,PGD,0.15,25,DoS Slowloris - Attempted,,42
LR,PGD_eps0.15_it25,5846,5846,0.0,0.0,PGD,0.15,25,FTP-BruteForce - Attempted,,42
LR,PGD_eps0.15_it25,45,44,0.2045454545454545,0.2222222222222222,PGD,0.15,25,Infiltration - Communication Victim Attacker,,42
LR,PGD_eps0.15_it25,14,0,,0.3571428571428571,PGD,0.15,25,Infiltration - Dropbox Download,,42
LR,PGD_eps0.15_it25,4,0,,0.75,PGD,0.15,25,Infiltration - Dropbox Download - Attempted,,42
LR,PGD_eps0.15_it25,5997,5628,0.7446695095948828,0.7548774387193596,PGD,0.15,25,Infiltration - NMAP Portscan,,42
LR,PGD_eps0.15_it25,6041,6041,0.3752689951994702,0.3752689951994702,PGD,0.15,25,SSH-BruteForce,,42
LR,PGD_eps0.15_it25,25,0,,1.0,PGD,0.15,25,Web Attack - Brute Force,,42
LR,PGD_eps0.15_it25,23,0,,0.9130434782608696,PGD,0.15,25,Web Attack - Brute Force - Attempted,,42
LR,PGD_eps0.15_it25,7,3,1.0,0.5714285714285714,PGD,0.15,25,Web Attack - SQL,,42
LR,PGD_eps0.15_it25,2,0,,0.0,PGD,0.15,25,Web Attack - SQL - Attempted,,42
LR,PGD_eps0.15_it25,20,0,,1.0,PGD,0.15,25,Web Attack - XSS,,42
LR,PGD_eps0.15_it25,2,0,,0.0,PGD,0.15,25,Web Attack - XSS - Attempted,,42
SVM,PGD_eps0.15_it25,60000,0,,,PGD,0.15,25,Benign,,42
SVM,PGD_eps0.15_it25,6081,6081,1.0,1.0,PGD,0.15,25,Botnet Ares,,42
SVM,PGD_eps0.15_it25,60,60,0.3166666666666666,0.3166666666666666,PGD,0.15,25,Botnet Ares - Attempted,,42
SVM,PGD_eps0.15_it25,6017,6017,1.0,1.0,PGD,0.15,25,DDoS-HOIC,,42
SVM,PGD_eps0.15_it25,6088,0,,1.0,PGD,0.15,25,DDoS-LOIC-HTTP,,42
SVM,PGD_eps0.15_it25,502,498,0.002008032128514,0.0059760956175298,PGD,0.15,25,DDoS-LOIC-UDP,,42
SVM,PGD_eps0.15_it25,55,0,,1.0,PGD,0.15,25,DDoS-LOIC-UDP - Attempted,,42
SVM,PGD_eps0.15_it25,4496,4496,0.6307829181494662,0.6307829181494662,PGD,0.15,25,DoS GoldenEye,,42
SVM,PGD_eps0.15_it25,861,861,0.7038327526132404,0.7038327526132404,PGD,0.15,25,DoS GoldenEye - Attempted,,42
SVM,PGD_eps0.15_it25,6050,6050,0.9287603305785124,0.9287603305785124,PGD,0.15,25,DoS Hulk,,42
SVM,PGD_eps0.15_it25,10,10,1.0,1.0,PGD,0.15,25,DoS Hulk - Attempted,,42
SVM,PGD_eps0.15_it25,1592,1559,0.4162924951892238,0.4283919597989949,PGD,0.15,25,DoS Slowloris,,42
SVM,PGD_eps0.15_it25,465,458,1.0,1.0,PGD,0.15,25,DoS Slowloris - Attempted,,42
SVM,PGD_eps0.15_it25,5846,5846,0.0,0.0,PGD,0.15,25,FTP-BruteForce - Attempted,,42
SVM,PGD_eps0.15_it25,45,45,0.2222222222222222,0.2222222222222222,PGD,0.15,25,Infiltration - Communication Victim Attacker,,42
SVM,PGD_eps0.15_it25,14,0,,0.0714285714285714,PGD,0.15,25,Infiltration - Dropbox Download,,42
SVM,PGD_eps0.15_it25,4,0,,0.5,PGD,0.15,25,Infiltration - Dropbox Download - Attempted,,42
SVM,PGD_eps0.15_it25,5997,5230,0.8034416826003824,0.822911455727864,PGD,0.15,25,Infiltration - NMAP Portscan,,42
SVM,PGD_eps0.15_it25,6041,6041,0.9918887601390498,0.9918887601390498,PGD,0.15,25,SSH-BruteForce,,42
SVM,PGD_eps0.15_it25,25,0,,0.96,PGD,0.15,25,Web Attack - Brute Force,,42
SVM,PGD_eps0.15_it25,23,0,,0.9130434782608696,PGD,0.15,25,Web Attack - Brute Force - Attempted,,42
SVM,PGD_eps0.15_it25,7,0,,0.5714285714285714,PGD,0.15,25,Web Attack - SQL,,42
SVM,PGD_eps0.15_it25,2,0,,0.0,PGD,0.15,25,Web Attack - SQL - Attempted,,42
SVM,PGD_eps0.15_it25,20,0,,1.0,PGD,0.15,25,Web Attack - XSS,,42
SVM,PGD_eps0.15_it25,2,0,,0.0,PGD,0.15,25,Web Attack - XSS - Attempted,,42
RF,PGD_eps0.15_it25,60000,0,,,PGD,0.15,25,Benign,,42
RF,PGD_eps0.15_it25,6081,6081,1.0,1.0,PGD,0.15,25,Botnet Ares,,42
RF,PGD_eps0.15_it25,60,60,1.0,1.0,PGD,0.15,25,Botnet Ares - Attempted,,42
RF,PGD_eps0.15_it25,6017,6017,1.0,1.0,PGD,0.15,25,DDoS-HOIC,,42
RF,PGD_eps0.15_it25,6088,6088,1.0,1.0,PGD,0.15,25,DDoS-LOIC-HTTP,,42
RF,PGD_eps0.15_it25,502,502,0.798804780876494,0.798804780876494,PGD,0.15,25,DDoS-LOIC-UDP,,42
RF,PGD_eps0.15_it25,55,54,0.9629629629629628,0.9636363636363636,PGD,0.15,25,DDoS-LOIC-UDP - Attempted,,42
RF,PGD_eps0.15_it25,4496,4496,1.0,1.0,PGD,0.15,25,DoS GoldenEye,,42
RF,PGD_eps0.15_it25,861,861,1.0,1.0,PGD,0.15,25,DoS GoldenEye - Attempted,,42
RF,PGD_eps0.15_it25,6050,6050,1.0,1.0,PGD,0.15,25,DoS Hulk,,42
RF,PGD_eps0.15_it25,10,10,1.0,1.0,PGD,0.15,25,DoS Hulk - Attempted,,42
RF,PGD_eps0.15_it25,1592,1592,1.0,1.0,PGD,0.15,25,DoS Slowloris,,42
RF,PGD_eps0.15_it25,465,465,1.0,1.0,PGD,0.15,25,DoS Slowloris - Attempted,,42
RF,PGD_eps0.15_it25,5846,5846,1.0,1.0,PGD,0.15,25,FTP-BruteForce - Attempted,,42
RF,PGD_eps0.15_it25,45,45,0.9555555555555556,0.9555555555555556,PGD,0.15,25,Infiltration - Communication Victim Attacker,,42
RF,PGD_eps0.15_it25,14,7,1.0,1.0,PGD,0.15,25,Infiltration - Dropbox Download,,42
RF,PGD_eps0.15_it25,4,0,,1.0,PGD,0.15,25,Infiltration - Dropbox Download - Attempted,,42
RF,PGD_eps0.15_it25,5997,5991,0.9899849774661992,0.9899949974987494,PGD,0.15,25,Infiltration - NMAP Portscan,,42
RF,PGD_eps0.15_it25,6041,6041,1.0,1.0,PGD,0.15,25,SSH-BruteForce,,42
RF,PGD_eps0.15_it25,25,25,1.0,1.0,PGD,0.15,25,Web Attack - Brute Force,,42
RF,PGD_eps0.15_it25,23,22,1.0,1.0,PGD,0.15,25,Web Attack - Brute Force - Attempted,,42
RF,PGD_eps0.15_it25,7,7,0.7142857142857143,0.7142857142857143,PGD,0.15,25,Web Attack - SQL,,42
RF,PGD_eps0.15_it25,2,2,1.0,1.0,PGD,0.15,25,Web Attack - SQL - Attempted,,42
RF,PGD_eps0.15_it25,20,20,0.0,0.0,PGD,0.15,25,Web Attack - XSS,,42
RF,PGD_eps0.15_it25,2,2,1.0,1.0,PGD,0.15,25,Web Attack - XSS - Attempted,,42
MLP,PGD_eps0.15_it25,60000,0,,,PGD,0.15,25,Benign,,42
MLP,PGD_eps0.15_it25,6081,6081,0.9935865811544152,0.9935865811544152,PGD,0.15,25,Botnet Ares,,42
MLP,PGD_eps0.15_it25,60,60,1.0,1.0,PGD,0.15,25,Botnet Ares - Attempted,,42
MLP,PGD_eps0.15_it25,6017,6017,1.0,1.0,PGD,0.15,25,DDoS-HOIC,,42
MLP,PGD_eps0.15_it25,6088,6088,1.0,1.0,PGD,0.15,25,DDoS-LOIC-HTTP,,42
MLP,PGD_eps0.15_it25,502,502,0.0039840637450199,0.0039840637450199,PGD,0.15,25,DDoS-LOIC-UDP,,42
MLP,PGD_eps0.15_it25,55,47,1.0,0.8545454545454545,PGD,0.15,25,DDoS-LOIC-UDP - Attempted,,42
MLP,PGD_eps0.15_it25,4496,4496,1.0,1.0,PGD,0.15,25,DoS GoldenEye,,42
MLP,PGD_eps0.15_it25,861,861,1.0,1.0,PGD,0.15,25,DoS GoldenEye - Attempted,,42
MLP,PGD_eps0.15_it25,6050,6050,1.0,1.0,PGD,0.15,25,DoS Hulk,,42
MLP,PGD_eps0.15_it25,10,10,1.0,1.0,PGD,0.15,25,DoS Hulk - Attempted,,42
MLP,PGD_eps0.15_it25,1592,1591,1.0,0.9993718592964824,PGD,0.15,25,DoS Slowloris,,42
MLP,PGD_eps0.15_it25,465,465,1.0,1.0,PGD,0.15,25,DoS Slowloris - Attempted,,42
MLP,PGD_eps0.15_it25,5846,5846,1.0,1.0,PGD,0.15,25,FTP-BruteForce - Attempted,,42
MLP,PGD_eps0.15_it25,45,44,0.7045454545454546,0.6888888888888889,PGD,0.15,25,Infiltration - Communication Victim Attacker,,42
MLP,PGD_eps0.15_it25,14,0,,0.3571428571428571,PGD,0.15,25,Infiltration - Dropbox Download,,42
MLP,PGD_eps0.15_it25,4,0,,0.75,PGD,0.15,25,Infiltration - Dropbox Download - Attempted,,42
MLP,PGD_eps0.15_it25,5997,5867,0.9919890915288904,0.9776554944138736,PGD,0.15,25,Infiltration - NMAP Portscan,,42
MLP,PGD_eps0.15_it25,6041,6041,1.0,1.0,PGD,0.15,25,SSH-BruteForce,,42
MLP,PGD_eps0.15_it25,25,24,0.9583333333333334,0.92,PGD,0.15,25,Web Attack - Brute Force,,42
MLP,PGD_eps0.15_it25,23,21,1.0,0.9130434782608696,PGD,0.15,25,Web Attack - Brute Force - Attempted,,42
MLP,PGD_eps0.15_it25,7,4,1.0,0.5714285714285714,PGD,0.15,25,Web Attack - SQL,,42
MLP,PGD_eps0.15_it25,2,0,,0.0,PGD,0.15,25,Web Attack - SQL - Attempted,,42
MLP,PGD_eps0.15_it25,20,20,1.0,1.0,PGD,0.15,25,Web Attack - XSS,,42
MLP,PGD_eps0.15_it25,2,0,,0.0,PGD,0.15,25,Web Attack - XSS - Attempted,,42
LR,PGD_eps0.3_it10,60000,0,,,PGD,0.3,10,Benign,,42
LR,PGD_eps0.3_it10,6081,6078,1.0,1.0,PGD,0.3,10,Botnet Ares,,42
LR,PGD_eps0.3_it10,60,60,0.0,0.0,PGD,0.3,10,Botnet Ares - Attempted,,42
LR,PGD_eps0.3_it10,6017,6017,1.0,1.0,PGD,0.3,10,DDoS-HOIC,,42
LR,PGD_eps0.3_it10,6088,157,1.0,1.0,PGD,0.3,10,DDoS-LOIC-HTTP,,42
LR,PGD_eps0.3_it10,502,497,0.0060362173038229,0.0139442231075697,PGD,0.3,10,DDoS-LOIC-UDP,,42
LR,PGD_eps0.3_it10,55,0,,1.0,PGD,0.3,10,DDoS-LOIC-UDP - Attempted,,42
LR,PGD_eps0.3_it10,4496,4496,0.5384786476868327,0.5384786476868327,PGD,0.3,10,DoS GoldenEye,,42
LR,PGD_eps0.3_it10,861,861,0.7096399535423926,0.7096399535423926,PGD,0.3,10,DoS GoldenEye - Attempted,,42
LR,PGD_eps0.3_it10,6050,6050,0.8423140495867769,0.8423140495867769,PGD,0.3,10,DoS Hulk,,42
LR,PGD_eps0.3_it10,10,10,1.0,1.0,PGD,0.3,10,DoS Hulk - Attempted,,42
LR,PGD_eps0.3_it10,1592,1559,0.5413726747915331,0.5508793969849246,PGD,0.3,10,DoS Slowloris,,42
LR,PGD_eps0.3_it10,465,458,1.0,1.0,PGD,0.3,10,DoS Slowloris - Attempted,,42
LR,PGD_eps0.3_it10,5846,5846,0.0,0.0,PGD,0.3,10,FTP-BruteForce - Attempted,,42
LR,PGD_eps0.3_it10,45,44,0.2272727272727272,0.2444444444444444,PGD,0.3,10,Infiltration - Communication Victim Attacker,,42
LR,PGD_eps0.3_it10,14,0,,0.5,PGD,0.3,10,Infiltration - Dropbox Download,,42
LR,PGD_eps0.3_it10,4,0,,0.5,PGD,0.3,10,Infiltration - Dropbox Download - Attempted,,42
LR,PGD_eps0.3_it10,5997,5628,0.8409737029140014,0.8389194597298649,PGD,0.3,10,Infiltration - NMAP Portscan,,42
LR,PGD_eps0.3_it10,6041,6041,1.0,1.0,PGD,0.3,10,SSH-BruteForce,,42
LR,PGD_eps0.3_it10,25,0,,1.0,PGD,0.3,10,Web Attack - Brute Force,,42
LR,PGD_eps0.3_it10,23,0,,0.9130434782608696,PGD,0.3,10,Web Attack - Brute Force - Attempted,,42
LR,PGD_eps0.3_it10,7,3,1.0,0.5714285714285714,PGD,0.3,10,Web Attack - SQL,,42
LR,PGD_eps0.3_it10,2,0,,0.0,PGD,0.3,10,Web Attack - SQL - Attempted,,42
LR,PGD_eps0.3_it10,20,0,,1.0,PGD,0.3,10,Web Attack - XSS,,42
LR,PGD_eps0.3_it10,2,0,,0.0,PGD,0.3,10,Web Attack - XSS - Attempted,,42
SVM,PGD_eps0.3_it10,60000,0,,,PGD,0.3,10,Benign,,42
SVM,PGD_eps0.3_it10,6081,6081,1.0,1.0,PGD,0.3,10,Botnet Ares,,42
SVM,PGD_eps0.3_it10,60,60,1.0,1.0,PGD,0.3,10,Botnet Ares - Attempted,,42
SVM,PGD_eps0.3_it10,6017,6017,1.0,1.0,PGD,0.3,10,DDoS-HOIC,,42
SVM,PGD_eps0.3_it10,6088,0,,1.0,PGD,0.3,10,DDoS-LOIC-HTTP,,42
SVM,PGD_eps0.3_it10,502,498,0.002008032128514,0.0099601593625498,PGD,0.3,10,DDoS-LOIC-UDP,,42
SVM,PGD_eps0.3_it10,55,0,,1.0,PGD,0.3,10,DDoS-LOIC-UDP - Attempted,,42
SVM,PGD_eps0.3_it10,4496,4496,1.0,1.0,PGD,0.3,10,DoS GoldenEye,,42
SVM,PGD_eps0.3_it10,861,861,1.0,1.0,PGD,0.3,10,DoS GoldenEye - Attempted,,42
SVM,PGD_eps0.3_it10,6050,6050,1.0,1.0,PGD,0.3,10,DoS Hulk,,42
SVM,PGD_eps0.3_it10,10,10,1.0,1.0,PGD,0.3,10,DoS Hulk - Attempted,,42
SVM,PGD_eps0.3_it10,1592,1559,0.9993585631815266,0.9993718592964824,PGD,0.3,10,DoS Slowloris,,42
SVM,PGD_eps0.3_it10,465,458,1.0,1.0,PGD,0.3,10,DoS Slowloris - Attempted,,42
SVM,PGD_eps0.3_it10,5846,5846,1.0,1.0,PGD,0.3,10,FTP-BruteForce - Attempted,,42
SVM,PGD_eps0.3_it10,45,45,0.2666666666666666,0.2666666666666666,PGD,0.3,10,Infiltration - Communication Victim Attacker,,42
SVM,PGD_eps0.3_it10,14,0,,0.0,PGD,0.3,10,Infiltration - Dropbox Download,,42
SVM,PGD_eps0.3_it10,4,0,,0.5,PGD,0.3,10,Infiltration - Dropbox Download - Attempted,,42
SVM,PGD_eps0.3_it10,5997,5230,0.8659655831739962,0.8711022177755544,PGD,0.3,10,Infiltration - NMAP Portscan,,42
SVM,PGD_eps0.3_it10,6041,6041,1.0,1.0,PGD,0.3,10,SSH-BruteForce,,42
SVM,PGD_eps0.3_it10,25,0,,0.96,PGD,0.3,10,Web Attack - Brute Force,,42
SVM,PGD_eps0.3_it10,23,0,,0.9130434782608696,PGD,0.3,10,Web Attack - Brute Force - Attempted,,42
SVM,PGD_eps0.3_it10,7,0,,0.5714285714285714,PGD,0.3,10,Web Attack - SQL,,42
SVM,PGD_eps0.3_it10,2,0,,0.0,PGD,0.3,10,Web Attack - SQL - Attempted,,42
SVM,PGD_eps0.3_it10,20,0,,1.0,PGD,0.3,10,Web Attack - XSS,,42
SVM,PGD_eps0.3_it10,2,0,,0.0,PGD,0.3,10,Web Attack - XSS - Attempted,,42
RF,PGD_eps0.3_it10,60000,0,,,PGD,0.3,10,Benign,,42
RF,PGD_eps0.3_it10,6081,6081,1.0,1.0,PGD,0.3,10,Botnet Ares,,42
RF,PGD_eps0.3_it10,60,60,1.0,1.0,PGD,0.3,10,Botnet Ares - Attempted,,42
RF,PGD_eps0.3_it10,6017,6017,1.0,1.0,PGD,0.3,10,DDoS-HOIC,,42
RF,PGD_eps0.3_it10,6088,6088,1.0,1.0,PGD,0.3,10,DDoS-LOIC-HTTP,,42
RF,PGD_eps0.3_it10,502,502,0.796812749003984,0.796812749003984,PGD,0.3,10,DDoS-LOIC-UDP,,42
RF,PGD_eps0.3_it10,55,54,1.0,1.0,PGD,0.3,10,DDoS-LOIC-UDP - Attempted,,42
RF,PGD_eps0.3_it10,4496,4496,0.998887900355872,0.998887900355872,PGD,0.3,10,DoS GoldenEye,,42
RF,PGD_eps0.3_it10,861,861,1.0,1.0,PGD,0.3,10,DoS GoldenEye - Attempted,,42
RF,PGD_eps0.3_it10,6050,6050,1.0,1.0,PGD,0.3,10,DoS Hulk,,42
RF,PGD_eps0.3_it10,10,10,1.0,1.0,PGD,0.3,10,DoS Hulk - Attempted,,42
RF,PGD_eps0.3_it10,1592,1592,0.9993718592964824,0.9993718592964824,PGD,0.3,10,DoS Slowloris,,42
RF,PGD_eps0.3_it10,465,465,1.0,1.0,PGD,0.3,10,DoS Slowloris - Attempted,,42
RF,PGD_eps0.3_it10,5846,5846,0.0,0.0,PGD,0.3,10,FTP-BruteForce - Attempted,,42
RF,PGD_eps0.3_it10,45,45,0.9555555555555556,0.9555555555555556,PGD,0.3,10,Infiltration - Communication Victim Attacker,,42
RF,PGD_eps0.3_it10,14,7,1.0,0.8571428571428571,PGD,0.3,10,Infiltration - Dropbox Download,,42
RF,PGD_eps0.3_it10,4,0,,1.0,PGD,0.3,10,Infiltration - Dropbox Download - Attempted,,42
RF,PGD_eps0.3_it10,5997,5991,0.9838090469036888,0.9838252459563116,PGD,0.3,10,Infiltration - NMAP Portscan,,42
RF,PGD_eps0.3_it10,6041,6041,1.0,1.0,PGD,0.3,10,SSH-BruteForce,,42
RF,PGD_eps0.3_it10,25,25,1.0,1.0,PGD,0.3,10,Web Attack - Brute Force,,42
RF,PGD_eps0.3_it10,23,22,1.0,1.0,PGD,0.3,10,Web Attack - Brute Force - Attempted,,42
RF,PGD_eps0.3_it10,7,7,1.0,1.0,PGD,0.3,10,Web Attack - SQL,,42
RF,PGD_eps0.3_it10,2,2,1.0,1.0,PGD,0.3,10,Web Attack - SQL - Attempted,,42
RF,PGD_eps0.3_it10,20,20,1.0,1.0,PGD,0.3,10,Web Attack - XSS,,42
RF,PGD_eps0.3_it10,2,2,1.0,1.0,PGD,0.3,10,Web Attack - XSS - Attempted,,42
MLP,PGD_eps0.3_it10,60000,0,,,PGD,0.3,10,Benign,,42
MLP,PGD_eps0.3_it10,6081,6081,0.9986844269034698,0.9986844269034698,PGD,0.3,10,Botnet Ares,,42
MLP,PGD_eps0.3_it10,60,60,1.0,1.0,PGD,0.3,10,Botnet Ares - Attempted,,42
MLP,PGD_eps0.3_it10,6017,6017,1.0,1.0,PGD,0.3,10,DDoS-HOIC,,42
MLP,PGD_eps0.3_it10,6088,6088,1.0,1.0,PGD,0.3,10,DDoS-LOIC-HTTP,,42
MLP,PGD_eps0.3_it10,502,502,0.0079681274900398,0.0079681274900398,PGD,0.3,10,DDoS-LOIC-UDP,,42
MLP,PGD_eps0.3_it10,55,47,1.0,0.8545454545454545,PGD,0.3,10,DDoS-LOIC-UDP - Attempted,,42
MLP,PGD_eps0.3_it10,4496,4496,1.0,1.0,PGD,0.3,10,DoS GoldenEye,,42
MLP,PGD_eps0.3_it10,861,861,1.0,1.0,PGD,0.3,10,DoS GoldenEye - Attempted,,42
MLP,PGD_eps0.3_it10,6050,6050,1.0,1.0,PGD,0.3,10,DoS Hulk,,42
MLP,PGD_eps0.3_it10,10,10,1.0,1.0,PGD,0.3,10,DoS Hulk - Attempted,,42
MLP,PGD_eps0.3_it10,1592,1591,1.0,0.9993718592964824,PGD,0.3,10,DoS Slowloris,,42
MLP,PGD_eps0.3_it10,465,465,1.0,1.0,PGD,0.3,10,DoS Slowloris - Attempted,,42
MLP,PGD_eps0.3_it10,5846,5846,1.0,1.0,PGD,0.3,10,FTP-BruteForce - Attempted,,42
MLP,PGD_eps0.3_it10,45,44,0.9545454545454546,0.9333333333333332,PGD,0.3,10,Infiltration - Communication Victim Attacker,,42
MLP,PGD_eps0.3_it10,14,0,,0.0,PGD,0.3,10,Infiltration - Dropbox Download,,42
MLP,PGD_eps0.3_it10,4,0,,0.25,PGD,0.3,10,Infiltration - Dropbox Download - Attempted,,42
MLP,PGD_eps0.3_it10,5997,5867,1.0,0.9844922461230616,PGD,0.3,10,Infiltration - NMAP Portscan,,42
MLP,PGD_eps0.3_it10,6041,6041,1.0,1.0,PGD,0.3,10,SSH-BruteForce,,42
MLP,PGD_eps0.3_it10,25,24,1.0,0.96,PGD,0.3,10,Web Attack - Brute Force,,42
MLP,PGD_eps0.3_it10,23,21,1.0,0.9130434782608696,PGD,0.3,10,Web Attack - Brute Force - Attempted,,42
MLP,PGD_eps0.3_it10,7,4,1.0,0.5714285714285714,PGD,0.3,10,Web Attack - SQL,,42
MLP,PGD_eps0.3_it10,2,0,,0.0,PGD,0.3,10,Web Attack - SQL - Attempted,,42
MLP,PGD_eps0.3_it10,20,20,1.0,1.0,PGD,0.3,10,Web Attack - XSS,,42
MLP,PGD_eps0.3_it10,2,0,,0.0,PGD,0.3,10,Web Attack - XSS - Attempted,,42
LR,PGD_eps0.3_it25,60000,0,,,PGD,0.3,25,Benign,,42
LR,PGD_eps0.3_it25,6081,6078,1.0,1.0,PGD,0.3,25,Botnet Ares,,42
LR,PGD_eps0.3_it25,60,60,0.0,0.0,PGD,0.3,25,Botnet Ares - Attempted,,42
LR,PGD_eps0.3_it25,6017,6017,1.0,1.0,PGD,0.3,25,DDoS-HOIC,,42
LR,PGD_eps0.3_it25,6088,157,1.0,1.0,PGD,0.3,25,DDoS-LOIC-HTTP,,42
LR,PGD_eps0.3_it25,502,497,0.0060362173038229,0.0139442231075697,PGD,0.3,25,DDoS-LOIC-UDP,,42
LR,PGD_eps0.3_it25,55,0,,1.0,PGD,0.3,25,DDoS-LOIC-UDP - Attempted,,42
LR,PGD_eps0.3_it25,4496,4496,0.736432384341637,0.736432384341637,PGD,0.3,25,DoS GoldenEye,,42
LR,PGD_eps0.3_it25,861,861,0.0743321718931475,0.0743321718931475,PGD,0.3,25,DoS GoldenEye - Attempted,,42
LR,PGD_eps0.3_it25,6050,6050,0.839504132231405,0.839504132231405,PGD,0.3,25,DoS Hulk,,42
LR,PGD_eps0.3_it25,10,10,1.0,1.0,PGD,0.3,25,DoS Hulk - Attempted,,42
LR,PGD_eps0.3_it25,1592,1559,0.5432969852469531,0.5527638190954773,PGD,0.3,25,DoS Slowloris,,42
LR,PGD_eps0.3_it25,465,458,1.0,1.0,PGD,0.3,25,DoS Slowloris - Attempted,,42
LR,PGD_eps0.3_it25,5846,5846,0.0,0.0,PGD,0.3,25,FTP-BruteForce - Attempted,,42
LR,PGD_eps0.3_it25,45,44,0.2727272727272727,0.2888888888888888,PGD,0.3,25,Infiltration - Communication Victim Attacker,,42
LR,PGD_eps0.3_it25,14,0,,0.5,PGD,0.3,25,Infiltration - Dropbox Download,,42
LR,PGD_eps0.3_it25,4,0,,0.5,PGD,0.3,25,Infiltration - Dropbox Download - Attempted,,42
LR,PGD_eps0.3_it25,5997,5628,0.8372423596304194,0.8414207103551776,PGD,0.3,25,Infiltration - NMAP Portscan,,42
LR,PGD_eps0.3_it25,6041,6041,1.0,1.0,PGD,0.3,25,SSH-BruteForce,,42
LR,PGD_eps0.3_it25,25,0,,1.0,PGD,0.3,25,Web Attack - Brute Force,,42
LR,PGD_eps0.3_it25,23,0,,0.9130434782608696,PGD,0.3,25,Web Attack - Brute Force - Attempted,,42
LR,PGD_eps0.3_it25,7,3,1.0,0.5714285714285714,PGD,0.3,25,Web Attack - SQL,,42
LR,PGD_eps0.3_it25,2,0,,0.0,PGD,0.3,25,Web Attack - SQL - Attempted,,42
LR,PGD_eps0.3_it25,20,0,,1.0,PGD,0.3,25,Web Attack - XSS,,42
LR,PGD_eps0.3_it25,2,0,,0.0,PGD,0.3,25,Web Attack - XSS - Attempted,,42
SVM,PGD_eps0.3_it25,60000,0,,,PGD,0.3,25,Benign,,42
SVM,PGD_eps0.3_it25,6081,6081,1.0,1.0,PGD,0.3,25,Botnet Ares,,42
SVM,PGD_eps0.3_it25,60,60,1.0,1.0,PGD,0.3,25,Botnet Ares - Attempted,,42
SVM,PGD_eps0.3_it25,6017,6017,1.0,1.0,PGD,0.3,25,DDoS-HOIC,,42
SVM,PGD_eps0.3_it25,6088,0,,1.0,PGD,0.3,25,DDoS-LOIC-HTTP,,42
SVM,PGD_eps0.3_it25,502,498,0.002008032128514,0.0079681274900398,PGD,0.3,25,DDoS-LOIC-UDP,,42
SVM,PGD_eps0.3_it25,55,0,,1.0,PGD,0.3,25,DDoS-LOIC-UDP - Attempted,,42
SVM,PGD_eps0.3_it25,4496,4496,1.0,1.0,PGD,0.3,25,DoS GoldenEye,,42
SVM,PGD_eps0.3_it25,861,861,1.0,1.0,PGD,0.3,25,DoS GoldenEye - Attempted,,42
SVM,PGD_eps0.3_it25,6050,6050,1.0,1.0,PGD,0.3,25,DoS Hulk,,42
SVM,PGD_eps0.3_it25,10,10,1.0,1.0,PGD,0.3,25,DoS Hulk - Attempted,,42
SVM,PGD_eps0.3_it25,1592,1559,0.9993585631815266,0.9993718592964824,PGD,0.3,25,DoS Slowloris,,42
SVM,PGD_eps0.3_it25,465,458,1.0,1.0,PGD,0.3,25,DoS Slowloris - Attempted,,42
SVM,PGD_eps0.3_it25,5846,5846,1.0,1.0,PGD,0.3,25,FTP-BruteForce - Attempted,,42
SVM,PGD_eps0.3_it25,45,45,0.2444444444444444,0.2444444444444444,PGD,0.3,25,Infiltration - Communication Victim Attacker,,42
SVM,PGD_eps0.3_it25,14,0,,0.0,PGD,0.3,25,Infiltration - Dropbox Download,,42
SVM,PGD_eps0.3_it25,4,0,,0.5,PGD,0.3,25,Infiltration - Dropbox Download - Attempted,,42
SVM,PGD_eps0.3_it25,5997,5230,0.8669216061185469,0.871935967983992,PGD,0.3,25,Infiltration - NMAP Portscan,,42
SVM,PGD_eps0.3_it25,6041,6041,1.0,1.0,PGD,0.3,25,SSH-BruteForce,,42
SVM,PGD_eps0.3_it25,25,0,,0.96,PGD,0.3,25,Web Attack - Brute Force,,42
SVM,PGD_eps0.3_it25,23,0,,0.9130434782608696,PGD,0.3,25,Web Attack - Brute Force - Attempted,,42
SVM,PGD_eps0.3_it25,7,0,,0.5714285714285714,PGD,0.3,25,Web Attack - SQL,,42
SVM,PGD_eps0.3_it25,2,0,,0.0,PGD,0.3,25,Web Attack - SQL - Attempted,,42
SVM,PGD_eps0.3_it25,20,0,,1.0,PGD,0.3,25,Web Attack - XSS,,42
SVM,PGD_eps0.3_it25,2,0,,0.0,PGD,0.3,25,Web Attack - XSS - Attempted,,42
RF,PGD_eps0.3_it25,60000,0,,,PGD,0.3,25,Benign,,42
RF,PGD_eps0.3_it25,6081,6081,1.0,1.0,PGD,0.3,25,Botnet Ares,,42
RF,PGD_eps0.3_it25,60,60,1.0,1.0,PGD,0.3,25,Botnet Ares - Attempted,,42
RF,PGD_eps0.3_it25,6017,6017,1.0,1.0,PGD,0.3,25,DDoS-HOIC,,42
RF,PGD_eps0.3_it25,6088,6088,1.0,1.0,PGD,0.3,25,DDoS-LOIC-HTTP,,42
RF,PGD_eps0.3_it25,502,502,0.798804780876494,0.798804780876494,PGD,0.3,25,DDoS-LOIC-UDP,,42
RF,PGD_eps0.3_it25,55,54,1.0,1.0,PGD,0.3,25,DDoS-LOIC-UDP - Attempted,,42
RF,PGD_eps0.3_it25,4496,4496,1.0,1.0,PGD,0.3,25,DoS GoldenEye,,42
RF,PGD_eps0.3_it25,861,861,1.0,1.0,PGD,0.3,25,DoS GoldenEye - Attempted,,42
RF,PGD_eps0.3_it25,6050,6050,1.0,1.0,PGD,0.3,25,DoS Hulk,,42
RF,PGD_eps0.3_it25,10,10,1.0,1.0,PGD,0.3,25,DoS Hulk - Attempted,,42
RF,PGD_eps0.3_it25,1592,1592,1.0,1.0,PGD,0.3,25,DoS Slowloris,,42
RF,PGD_eps0.3_it25,465,465,1.0,1.0,PGD,0.3,25,DoS Slowloris - Attempted,,42
RF,PGD_eps0.3_it25,5846,5846,1.0,1.0,PGD,0.3,25,FTP-BruteForce - Attempted,,42
RF,PGD_eps0.3_it25,45,45,1.0,1.0,PGD,0.3,25,Infiltration - Communication Victim Attacker,,42
RF,PGD_eps0.3_it25,14,7,1.0,0.8571428571428571,PGD,0.3,25,Infiltration - Dropbox Download,,42
RF,PGD_eps0.3_it25,4,0,,1.0,PGD,0.3,25,Infiltration - Dropbox Download - Attempted,,42
RF,PGD_eps0.3_it25,5997,5991,0.9913203138040394,0.9913289978322496,PGD,0.3,25,Infiltration - NMAP Portscan,,42
RF,PGD_eps0.3_it25,6041,6041,1.0,1.0,PGD,0.3,25,SSH-BruteForce,,42
RF,PGD_eps0.3_it25,25,25,1.0,1.0,PGD,0.3,25,Web Attack - Brute Force,,42
RF,PGD_eps0.3_it25,23,22,1.0,1.0,PGD,0.3,25,Web Attack - Brute Force - Attempted,,42
RF,PGD_eps0.3_it25,7,7,1.0,1.0,PGD,0.3,25,Web Attack - SQL,,42
RF,PGD_eps0.3_it25,2,2,1.0,1.0,PGD,0.3,25,Web Attack - SQL - Attempted,,42
RF,PGD_eps0.3_it25,20,20,1.0,1.0,PGD,0.3,25,Web Attack - XSS,,42
RF,PGD_eps0.3_it25,2,2,1.0,1.0,PGD,0.3,25,Web Attack - XSS - Attempted,,42
MLP,PGD_eps0.3_it25,60000,0,,,PGD,0.3,25,Benign,,42
MLP,PGD_eps0.3_it25,6081,6081,0.9986844269034698,0.9986844269034698,PGD,0.3,25,Botnet Ares,,42
MLP,PGD_eps0.3_it25,60,60,1.0,1.0,PGD,0.3,25,Botnet Ares - Attempted,,42
MLP,PGD_eps0.3_it25,6017,6017,1.0,1.0,PGD,0.3,25,DDoS-HOIC,,42
MLP,PGD_eps0.3_it25,6088,6088,1.0,1.0,PGD,0.3,25,DDoS-LOIC-HTTP,,42
MLP,PGD_eps0.3_it25,502,502,0.0079681274900398,0.0079681274900398,PGD,0.3,25,DDoS-LOIC-UDP,,42
MLP,PGD_eps0.3_it25,55,47,1.0,0.8545454545454545,PGD,0.3,25,DDoS-LOIC-UDP - Attempted,,42
MLP,PGD_eps0.3_it25,4496,4496,1.0,1.0,PGD,0.3,25,DoS GoldenEye,,42
MLP,PGD_eps0.3_it25,861,861,1.0,1.0,PGD,0.3,25,DoS GoldenEye - Attempted,,42
MLP,PGD_eps0.3_it25,6050,6050,1.0,1.0,PGD,0.3,25,DoS Hulk,,42
MLP,PGD_eps0.3_it25,10,10,1.0,1.0,PGD,0.3,25,DoS Hulk - Attempted,,42
MLP,PGD_eps0.3_it25,1592,1591,1.0,0.9993718592964824,PGD,0.3,25,DoS Slowloris,,42
MLP,PGD_eps0.3_it25,465,465,1.0,1.0,PGD,0.3,25,DoS Slowloris - Attempted,,42
MLP,PGD_eps0.3_it25,5846,5846,1.0,1.0,PGD,0.3,25,FTP-BruteForce - Attempted,,42
MLP,PGD_eps0.3_it25,45,44,0.9545454545454546,0.9333333333333332,PGD,0.3,25,Infiltration - Communication Victim Attacker,,42
MLP,PGD_eps0.3_it25,14,0,,0.0,PGD,0.3,25,Infiltration - Dropbox Download,,42
MLP,PGD_eps0.3_it25,4,0,,0.25,PGD,0.3,25,Infiltration - Dropbox Download - Attempted,,42
MLP,PGD_eps0.3_it25,5997,5867,1.0,0.9844922461230616,PGD,0.3,25,Infiltration - NMAP Portscan,,42
MLP,PGD_eps0.3_it25,6041,6041,1.0,1.0,PGD,0.3,25,SSH-BruteForce,,42
MLP,PGD_eps0.3_it25,25,24,1.0,0.96,PGD,0.3,25,Web Attack - Brute Force,,42
MLP,PGD_eps0.3_it25,23,21,1.0,0.9130434782608696,PGD,0.3,25,Web Attack - Brute Force - Attempted,,42
MLP,PGD_eps0.3_it25,7,4,1.0,0.5714285714285714,PGD,0.3,25,Web Attack - SQL,,42
MLP,PGD_eps0.3_it25,2,0,,0.0,PGD,0.3,25,Web Attack - SQL - Attempted,,42
MLP,PGD_eps0.3_it25,20,20,1.0,1.0,PGD,0.3,25,Web Attack - XSS,,42
MLP,PGD_eps0.3_it25,2,0,,0.0,PGD,0.3,25,Web Attack - XSS - Attempted,,42
LR,PGD_eps0.5_it10,60000,0,,,PGD,0.5,10,Benign,,42
LR,PGD_eps0.5_it10,6081,6078,1.0,1.0,PGD,0.5,10,Botnet Ares,,42
LR,PGD_eps0.5_it10,60,60,1.0,1.0,PGD,0.5,10,Botnet Ares - Attempted,,42
LR,PGD_eps0.5_it10,6017,6017,1.0,1.0,PGD,0.5,10,DDoS-HOIC,,42
LR,PGD_eps0.5_it10,6088,157,1.0,1.0,PGD,0.5,10,DDoS-LOIC-HTTP,,42
LR,PGD_eps0.5_it10,502,497,0.0261569416498993,0.0358565737051792,PGD,0.5,10,DDoS-LOIC-UDP,,42
LR,PGD_eps0.5_it10,55,0,,1.0,PGD,0.5,10,DDoS-LOIC-UDP - Attempted,,42
LR,PGD_eps0.5_it10,4496,4496,0.9951067615658364,0.9951067615658364,PGD,0.5,10,DoS GoldenEye,,42
LR,PGD_eps0.5_it10,861,861,1.0,1.0,PGD,0.5,10,DoS GoldenEye - Attempted,,42
LR,PGD_eps0.5_it10,6050,6050,1.0,1.0,PGD,0.5,10,DoS Hulk,,42
LR,PGD_eps0.5_it10,10,10,1.0,1.0,PGD,0.5,10,DoS Hulk - Attempted,,42
LR,PGD_eps0.5_it10,1592,1559,0.8377164849262347,0.8410804020100503,PGD,0.5,10,DoS Slowloris,,42
LR,PGD_eps0.5_it10,465,458,1.0,1.0,PGD,0.5,10,DoS Slowloris - Attempted,,42
LR,PGD_eps0.5_it10,5846,5846,1.0,1.0,PGD,0.5,10,FTP-BruteForce - Attempted,,42
LR,PGD_eps0.5_it10,45,44,0.2954545454545454,0.3111111111111111,PGD,0.5,10,Infiltration - Communication Victim Attacker,,42
LR,PGD_eps0.5_it10,14,0,,0.5,PGD,0.5,10,Infiltration - Dropbox Download,,42
LR,PGD_eps0.5_it10,4,0,,0.5,PGD,0.5,10,Infiltration - Dropbox Download - Attempted,,42
LR,PGD_eps0.5_it10,5997,5628,0.8685145700071073,0.8702684675671168,PGD,0.5,10,Infiltration - NMAP Portscan,,42
LR,PGD_eps0.5_it10,6041,6041,1.0,1.0,PGD,0.5,10,SSH-BruteForce,,42
LR,PGD_eps0.5_it10,25,0,,1.0,PGD,0.5,10,Web Attack - Brute Force,,42
LR,PGD_eps0.5_it10,23,0,,0.9130434782608696,PGD,0.5,10,Web Attack - Brute Force - Attempted,,42
LR,PGD_eps0.5_it10,7,3,1.0,0.5714285714285714,PGD,0.5,10,Web Attack - SQL,,42
LR,PGD_eps0.5_it10,2,0,,0.0,PGD,0.5,10,Web Attack - SQL - Attempted,,42
LR,PGD_eps0.5_it10,20,0,,1.0,PGD,0.5,10,Web Attack - XSS,,42
LR,PGD_eps0.5_it10,2,0,,0.0,PGD,0.5,10,Web Attack - XSS - Attempted,,42
SVM,PGD_eps0.5_it10,60000,0,,,PGD,0.5,10,Benign,,42
SVM,PGD_eps0.5_it10,6081,6081,1.0,1.0,PGD,0.5,10,Botnet Ares,,42
SVM,PGD_eps0.5_it10,60,60,1.0,1.0,PGD,0.5,10,Botnet Ares - Attempted,,42
SVM,PGD_eps0.5_it10,6017,6017,1.0,1.0,PGD,0.5,10,DDoS-HOIC,,42
SVM,PGD_eps0.5_it10,6088,0,,1.0,PGD,0.5,10,DDoS-LOIC-HTTP,,42
SVM,PGD_eps0.5_it10,502,498,0.0040160642570281,0.0119521912350597,PGD,0.5,10,DDoS-LOIC-UDP,,42
SVM,PGD_eps0.5_it10,55,0,,0.8545454545454545,PGD,0.5,10,DDoS-LOIC-UDP - Attempted,,42
SVM,PGD_eps0.5_it10,4496,4496,1.0,1.0,PGD,0.5,10,DoS GoldenEye,,42
SVM,PGD_eps0.5_it10,861,861,1.0,1.0,PGD,0.5,10,DoS GoldenEye - Attempted,,42
SVM,PGD_eps0.5_it10,6050,6050,1.0,1.0,PGD,0.5,10,DoS Hulk,,42
SVM,PGD_eps0.5_it10,10,10,1.0,1.0,PGD,0.5,10,DoS Hulk - Attempted,,42
SVM,PGD_eps0.5_it10,1592,1559,0.9993585631815266,0.9993718592964824,PGD,0.5,10,DoS Slowloris,,42
SVM,PGD_eps0.5_it10,465,458,1.0,1.0,PGD,0.5,10,DoS Slowloris - Attempted,,42
SVM,PGD_eps0.5_it10,5846,5846,1.0,1.0,PGD,0.5,10,FTP-BruteForce - Attempted,,42
SVM,PGD_eps0.5_it10,45,45,0.9555555555555556,0.9555555555555556,PGD,0.5,10,Infiltration - Communication Victim Attacker,,42
SVM,PGD_eps0.5_it10,14,0,,0.0,PGD,0.5,10,Infiltration - Dropbox Download,,42
SVM,PGD_eps0.5_it10,4,0,,0.5,PGD,0.5,10,Infiltration - Dropbox Download - Attempted,,42
SVM,PGD_eps0.5_it10,5997,5230,0.908604206500956,0.9047857261964316,PGD,0.5,10,Infiltration - NMAP Portscan,,42
SVM,PGD_eps0.5_it10,6041,6041,1.0,1.0,PGD,0.5,10,SSH-BruteForce,,42
SVM,PGD_eps0.5_it10,25,0,,1.0,PGD,0.5,10,Web Attack - Brute Force,,42
SVM,PGD_eps0.5_it10,23,0,,0.9130434782608696,PGD,0.5,10,Web Attack - Brute Force - Attempted,,42
SVM,PGD_eps0.5_it10,7,0,,0.5714285714285714,PGD,0.5,10,Web Attack - SQL,,42
SVM,PGD_eps0.5_it10,2,0,,0.0,PGD,0.5,10,Web Attack - SQL - Attempted,,42
SVM,PGD_eps0.5_it10,20,0,,1.0,PGD,0.5,10,Web Attack - XSS,,42
SVM,PGD_eps0.5_it10,2,0,,0.0,PGD,0.5,10,Web Attack - XSS - Attempted,,42
RF,PGD_eps0.5_it10,60000,0,,,PGD,0.5,10,Benign,,42
RF,PGD_eps0.5_it10,6081,6081,1.0,1.0,PGD,0.5,10,Botnet Ares,,42
RF,PGD_eps0.5_it10,60,60,1.0,1.0,PGD,0.5,10,Botnet Ares - Attempted,,42
RF,PGD_eps0.5_it10,6017,6017,1.0,1.0,PGD,0.5,10,DDoS-HOIC,,42
RF,PGD_eps0.5_it10,6088,6088,1.0,1.0,PGD,0.5,10,DDoS-LOIC-HTTP,,42
RF,PGD_eps0.5_it10,502,502,0.8027888446215139,0.8027888446215139,PGD,0.5,10,DDoS-LOIC-UDP,,42
RF,PGD_eps0.5_it10,55,54,1.0,1.0,PGD,0.5,10,DDoS-LOIC-UDP - Attempted,,42
RF,PGD_eps0.5_it10,4496,4496,0.4468416370106761,0.4468416370106761,PGD,0.5,10,DoS GoldenEye,,42
RF,PGD_eps0.5_it10,861,861,0.7653890824622532,0.7653890824622532,PGD,0.5,10,DoS GoldenEye - Attempted,,42
RF,PGD_eps0.5_it10,6050,6050,0.216694214876033,0.216694214876033,PGD,0.5,10,DoS Hulk,,42
RF,PGD_eps0.5_it10,10,10,1.0,1.0,PGD,0.5,10,DoS Hulk - Attempted,,42
RF,PGD_eps0.5_it10,1592,1592,1.0,1.0,PGD,0.5,10,DoS Slowloris,,42
RF,PGD_eps0.5_it10,465,465,1.0,1.0,PGD,0.5,10,DoS Slowloris - Attempted,,42
RF,PGD_eps0.5_it10,5846,5846,0.0,0.0,PGD,0.5,10,FTP-BruteForce - Attempted,,42
RF,PGD_eps0.5_it10,45,45,1.0,1.0,PGD,0.5,10,Infiltration - Communication Victim Attacker,,42
RF,PGD_eps0.5_it10,14,7,0.7142857142857143,0.7142857142857143,PGD,0.5,10,Infiltration - Dropbox Download,,42
RF,PGD_eps0.5_it10,4,0,,1.0,PGD,0.5,10,Infiltration - Dropbox Download - Attempted,,42
RF,PGD_eps0.5_it10,5997,5991,0.9899849774661992,0.9899949974987494,PGD,0.5,10,Infiltration - NMAP Portscan,,42
RF,PGD_eps0.5_it10,6041,6041,0.949842741268002,0.949842741268002,PGD,0.5,10,SSH-BruteForce,,42
RF,PGD_eps0.5_it10,25,25,0.96,0.96,PGD,0.5,10,Web Attack - Brute Force,,42
RF,PGD_eps0.5_it10,23,22,1.0,1.0,PGD,0.5,10,Web Attack - Brute Force - Attempted,,42
RF,PGD_eps0.5_it10,7,7,1.0,1.0,PGD,0.5,10,Web Attack - SQL,,42
RF,PGD_eps0.5_it10,2,2,1.0,1.0,PGD,0.5,10,Web Attack - SQL - Attempted,,42
RF,PGD_eps0.5_it10,20,20,1.0,1.0,PGD,0.5,10,Web Attack - XSS,,42
RF,PGD_eps0.5_it10,2,2,1.0,1.0,PGD,0.5,10,Web Attack - XSS - Attempted,,42
MLP,PGD_eps0.5_it10,60000,0,,,PGD,0.5,10,Benign,,42
MLP,PGD_eps0.5_it10,6081,6081,1.0,1.0,PGD,0.5,10,Botnet Ares,,42
MLP,PGD_eps0.5_it10,60,60,1.0,1.0,PGD,0.5,10,Botnet Ares - Attempted,,42
MLP,PGD_eps0.5_it10,6017,6017,1.0,1.0,PGD,0.5,10,DDoS-HOIC,,42
MLP,PGD_eps0.5_it10,6088,6088,1.0,1.0,PGD,0.5,10,DDoS-LOIC-HTTP,,42
MLP,PGD_eps0.5_it10,502,502,0.0099601593625498,0.0099601593625498,PGD,0.5,10,DDoS-LOIC-UDP,,42
MLP,PGD_eps0.5_it10,55,47,1.0,0.8545454545454545,PGD,0.5,10,DDoS-LOIC-UDP - Attempted,,42
MLP,PGD_eps0.5_it10,4496,4496,1.0,1.0,PGD,0.5,10,DoS GoldenEye,,42
MLP,PGD_eps0.5_it10,861,861,1.0,1.0,PGD,0.5,10,DoS GoldenEye - Attempted,,42
MLP,PGD_eps0.5_it10,6050,6050,1.0,1.0,PGD,0.5,10,DoS Hulk,,42
MLP,PGD_eps0.5_it10,10,10,1.0,1.0,PGD,0.5,10,DoS Hulk - Attempted,,42
MLP,PGD_eps0.5_it10,1592,1591,1.0,0.9993718592964824,PGD,0.5,10,DoS Slowloris,,42
MLP,PGD_eps0.5_it10,465,465,1.0,1.0,PGD,0.5,10,DoS Slowloris - Attempted,,42
MLP,PGD_eps0.5_it10,5846,5846,1.0,1.0,PGD,0.5,10,FTP-BruteForce - Attempted,,42
MLP,PGD_eps0.5_it10,45,44,0.9772727272727272,0.9555555555555556,PGD,0.5,10,Infiltration - Communication Victim Attacker,,42
MLP,PGD_eps0.5_it10,14,0,,0.0,PGD,0.5,10,Infiltration - Dropbox Download,,42
MLP,PGD_eps0.5_it10,4,0,,0.25,PGD,0.5,10,Infiltration - Dropbox Download - Attempted,,42
MLP,PGD_eps0.5_it10,5997,5867,1.0,0.984325496081374,PGD,0.5,10,Infiltration - NMAP Portscan,,42
MLP,PGD_eps0.5_it10,6041,6041,1.0,1.0,PGD,0.5,10,SSH-BruteForce,,42
MLP,PGD_eps0.5_it10,25,24,1.0,0.96,PGD,0.5,10,Web Attack - Brute Force,,42
MLP,PGD_eps0.5_it10,23,21,1.0,0.9130434782608696,PGD,0.5,10,Web Attack - Brute Force - Attempted,,42
MLP,PGD_eps0.5_it10,7,4,1.0,0.5714285714285714,PGD,0.5,10,Web Attack - SQL,,42
MLP,PGD_eps0.5_it10,2,0,,0.0,PGD,0.5,10,Web Attack - SQL - Attempted,,42
MLP,PGD_eps0.5_it10,20,20,1.0,1.0,PGD,0.5,10,Web Attack - XSS,,42
MLP,PGD_eps0.5_it10,2,0,,0.0,PGD,0.5,10,Web Attack - XSS - Attempted,,42
LR,PGD_eps0.5_it25,60000,0,,,PGD,0.5,25,Benign,,42
LR,PGD_eps0.5_it25,6081,6078,1.0,1.0,PGD,0.5,25,Botnet Ares,,42
LR,PGD_eps0.5_it25,60,60,1.0,1.0,PGD,0.5,25,Botnet Ares - Attempted,,42
LR,PGD_eps0.5_it25,6017,6017,1.0,1.0,PGD,0.5,25,DDoS-HOIC,,42
LR,PGD_eps0.5_it25,6088,157,1.0,1.0,PGD,0.5,25,DDoS-LOIC-HTTP,,42
LR,PGD_eps0.5_it25,502,497,0.0201207243460764,0.0298804780876494,PGD,0.5,25,DDoS-LOIC-UDP,,42
LR,PGD_eps0.5_it25,55,0,,1.0,PGD,0.5,25,DDoS-LOIC-UDP - Attempted,,42
LR,PGD_eps0.5_it25,4496,4496,0.98932384341637,0.98932384341637,PGD,0.5,25,DoS GoldenEye,,42
LR,PGD_eps0.5_it25,861,861,0.9976771196283392,0.9976771196283392,PGD,0.5,25,DoS GoldenEye - Attempted,,42
LR,PGD_eps0.5_it25,6050,6050,1.0,1.0,PGD,0.5,25,DoS Hulk,,42
LR,PGD_eps0.5_it25,10,10,1.0,1.0,PGD,0.5,25,DoS Hulk - Attempted,,42
LR,PGD_eps0.5_it25,1592,1559,0.5618986529826812,0.5709798994974874,PGD,0.5,25,DoS Slowloris,,42
LR,PGD_eps0.5_it25,465,458,1.0,1.0,PGD,0.5,25,DoS Slowloris - Attempted,,42
LR,PGD_eps0.5_it25,5846,5846,1.0,1.0,PGD,0.5,25,FTP-BruteForce - Attempted,,42
LR,PGD_eps0.5_it25,45,44,0.3181818181818182,0.3333333333333333,PGD,0.5,25,Infiltration - Communication Victim Attacker,,42
LR,PGD_eps0.5_it25,14,0,,0.4285714285714285,PGD,0.5,25,Infiltration - Dropbox Download,,42
LR,PGD_eps0.5_it25,4,0,,0.5,PGD,0.5,25,Infiltration - Dropbox Download - Attempted,,42
LR,PGD_eps0.5_it25,5997,5628,0.8630063965884861,0.865099216274804,PGD,0.5,25,Infiltration - NMAP Portscan,,42
LR,PGD_eps0.5_it25,6041,6041,1.0,1.0,PGD,0.5,25,SSH-BruteForce,,42
LR,PGD_eps0.5_it25,25,0,,1.0,PGD,0.5,25,Web Attack - Brute Force,,42
LR,PGD_eps0.5_it25,23,0,,0.9130434782608696,PGD,0.5,25,Web Attack - Brute Force - Attempted,,42
LR,PGD_eps0.5_it25,7,3,1.0,0.5714285714285714,PGD,0.5,25,Web Attack - SQL,,42
LR,PGD_eps0.5_it25,2,0,,0.0,PGD,0.5,25,Web Attack - SQL - Attempted,,42
LR,PGD_eps0.5_it25,20,0,,1.0,PGD,0.5,25,Web Attack - XSS,,42
LR,PGD_eps0.5_it25,2,0,,0.0,PGD,0.5,25,Web Attack - XSS - Attempted,,42
SVM,PGD_eps0.5_it25,60000,0,,,PGD,0.5,25,Benign,,42
SVM,PGD_eps0.5_it25,6081,6081,1.0,1.0,PGD,0.5,25,Botnet Ares,,42
SVM,PGD_eps0.5_it25,60,60,1.0,1.0,PGD,0.5,25,Botnet Ares - Attempted,,42
SVM,PGD_eps0.5_it25,6017,6017,1.0,1.0,PGD,0.5,25,DDoS-HOIC,,42
SVM,PGD_eps0.5_it25,6088,0,,1.0,PGD,0.5,25,DDoS-LOIC-HTTP,,42
SVM,PGD_eps0.5_it25,502,498,0.0040160642570281,0.0119521912350597,PGD,0.5,25,DDoS-LOIC-UDP,,42
SVM,PGD_eps0.5_it25,55,0,,0.8545454545454545,PGD,0.5,25,DDoS-LOIC-UDP - Attempted,,42
SVM,PGD_eps0.5_it25,4496,4496,1.0,1.0,PGD,0.5,25,DoS GoldenEye,,42
SVM,PGD_eps0.5_it25,861,861,1.0,1.0,PGD,0.5,25,DoS GoldenEye - Attempted,,42
SVM,PGD_eps0.5_it25,6050,6050,1.0,1.0,PGD,0.5,25,DoS Hulk,,42
SVM,PGD_eps0.5_it25,10,10,1.0,1.0,PGD,0.5,25,DoS Hulk - Attempted,,42
SVM,PGD_eps0.5_it25,1592,1559,0.9993585631815266,0.9993718592964824,PGD,0.5,25,DoS Slowloris,,42
SVM,PGD_eps0.5_it25,465,458,1.0,1.0,PGD,0.5,25,DoS Slowloris - Attempted,,42
SVM,PGD_eps0.5_it25,5846,5846,1.0,1.0,PGD,0.5,25,FTP-BruteForce - Attempted,,42
SVM,PGD_eps0.5_it25,45,45,0.9333333333333332,0.9333333333333332,PGD,0.5,25,Infiltration - Communication Victim Attacker,,42
SVM,PGD_eps0.5_it25,14,0,,0.0,PGD,0.5,25,Infiltration - Dropbox Download,,42
SVM,PGD_eps0.5_it25,4,0,,0.5,PGD,0.5,25,Infiltration - Dropbox Download - Attempted,,42
SVM,PGD_eps0.5_it25,5997,5230,0.9097514340344168,0.9056194764048692,PGD,0.5,25,Infiltration - NMAP Portscan,,42
SVM,PGD_eps0.5_it25,6041,6041,1.0,1.0,PGD,0.5,25,SSH-BruteForce,,42
SVM,PGD_eps0.5_it25,25,0,,0.96,PGD,0.5,25,Web Attack - Brute Force,,42
SVM,PGD_eps0.5_it25,23,0,,0.9130434782608696,PGD,0.5,25,Web Attack - Brute Force - Attempted,,42
SVM,PGD_eps0.5_it25,7,0,,0.5714285714285714,PGD,0.5,25,Web Attack - SQL,,42
SVM,PGD_eps0.5_it25,2,0,,0.0,PGD,0.5,25,Web Attack - SQL - Attempted,,42
SVM,PGD_eps0.5_it25,20,0,,1.0,PGD,0.5,25,Web Attack - XSS,,42
SVM,PGD_eps0.5_it25,2,0,,0.0,PGD,0.5,25,Web Attack - XSS - Attempted,,42
RF,PGD_eps0.5_it25,60000,0,,,PGD,0.5,25,Benign,,42
RF,PGD_eps0.5_it25,6081,6081,1.0,1.0,PGD,0.5,25,Botnet Ares,,42
RF,PGD_eps0.5_it25,60,60,1.0,1.0,PGD,0.5,25,Botnet Ares - Attempted,,42
RF,PGD_eps0.5_it25,6017,6017,1.0,1.0,PGD,0.5,25,DDoS-HOIC,,42
RF,PGD_eps0.5_it25,6088,6088,1.0,1.0,PGD,0.5,25,DDoS-LOIC-HTTP,,42
RF,PGD_eps0.5_it25,502,502,0.8047808764940239,0.8047808764940239,PGD,0.5,25,DDoS-LOIC-UDP,,42
RF,PGD_eps0.5_it25,55,54,1.0,1.0,PGD,0.5,25,DDoS-LOIC-UDP - Attempted,,42
RF,PGD_eps0.5_it25,4496,4496,0.99288256227758,0.99288256227758,PGD,0.5,25,DoS GoldenEye,,42
RF,PGD_eps0.5_it25,861,861,1.0,1.0,PGD,0.5,25,DoS GoldenEye - Attempted,,42
RF,PGD_eps0.5_it25,6050,6050,1.0,1.0,PGD,0.5,25,DoS Hulk,,42
RF,PGD_eps0.5_it25,10,10,1.0,1.0,PGD,0.5,25,DoS Hulk - Attempted,,42
RF,PGD_eps0.5_it25,1592,1592,0.9987437185929648,0.9987437185929648,PGD,0.5,25,DoS Slowloris,,42
RF,PGD_eps0.5_it25,465,465,1.0,1.0,PGD,0.5,25,DoS Slowloris - Attempted,,42
RF,PGD_eps0.5_it25,5846,5846,1.0,1.0,PGD,0.5,25,FTP-BruteForce - Attempted,,42
RF,PGD_eps0.5_it25,45,45,0.9555555555555556,0.9555555555555556,PGD,0.5,25,Infiltration - Communication Victim Attacker,,42
RF,PGD_eps0.5_it25,14,7,0.7142857142857143,0.7142857142857143,PGD,0.5,25,Infiltration - Dropbox Download,,42
RF,PGD_eps0.5_it25,4,0,,1.0,PGD,0.5,25,Infiltration - Dropbox Download - Attempted,,42
RF,PGD_eps0.5_it25,5997,5991,0.9933233183107996,0.9933299983324996,PGD,0.5,25,Infiltration - NMAP Portscan,,42
RF,PGD_eps0.5_it25,6041,6041,1.0,1.0,PGD,0.5,25,SSH-BruteForce,,42
RF,PGD_eps0.5_it25,25,25,0.96,0.96,PGD,0.5,25,Web Attack - Brute Force,,42
RF,PGD_eps0.5_it25,23,22,1.0,1.0,PGD,0.5,25,Web Attack - Brute Force - Attempted,,42
RF,PGD_eps0.5_it25,7,7,1.0,1.0,PGD,0.5,25,Web Attack - SQL,,42
RF,PGD_eps0.5_it25,2,2,1.0,1.0,PGD,0.5,25,Web Attack - SQL - Attempted,,42
RF,PGD_eps0.5_it25,20,20,1.0,1.0,PGD,0.5,25,Web Attack - XSS,,42
RF,PGD_eps0.5_it25,2,2,1.0,1.0,PGD,0.5,25,Web Attack - XSS - Attempted,,42
MLP,PGD_eps0.5_it25,60000,0,,,PGD,0.5,25,Benign,,42
MLP,PGD_eps0.5_it25,6081,6081,1.0,1.0,PGD,0.5,25,Botnet Ares,,42
MLP,PGD_eps0.5_it25,60,60,1.0,1.0,PGD,0.5,25,Botnet Ares - Attempted,,42
MLP,PGD_eps0.5_it25,6017,6017,1.0,1.0,PGD,0.5,25,DDoS-HOIC,,42
MLP,PGD_eps0.5_it25,6088,6088,1.0,1.0,PGD,0.5,25,DDoS-LOIC-HTTP,,42
MLP,PGD_eps0.5_it25,502,502,0.0119521912350597,0.0119521912350597,PGD,0.5,25,DDoS-LOIC-UDP,,42
MLP,PGD_eps0.5_it25,55,47,1.0,0.8545454545454545,PGD,0.5,25,DDoS-LOIC-UDP - Attempted,,42
MLP,PGD_eps0.5_it25,4496,4496,1.0,1.0,PGD,0.5,25,DoS GoldenEye,,42
MLP,PGD_eps0.5_it25,861,861,1.0,1.0,PGD,0.5,25,DoS GoldenEye - Attempted,,42
MLP,PGD_eps0.5_it25,6050,6050,1.0,1.0,PGD,0.5,25,DoS Hulk,,42
MLP,PGD_eps0.5_it25,10,10,1.0,1.0,PGD,0.5,25,DoS Hulk - Attempted,,42
MLP,PGD_eps0.5_it25,1592,1591,1.0,0.9993718592964824,PGD,0.5,25,DoS Slowloris,,42
MLP,PGD_eps0.5_it25,465,465,1.0,1.0,PGD,0.5,25,DoS Slowloris - Attempted,,42
MLP,PGD_eps0.5_it25,5846,5846,1.0,1.0,PGD,0.5,25,FTP-BruteForce - Attempted,,42
MLP,PGD_eps0.5_it25,45,44,1.0,0.9777777777777776,PGD,0.5,25,Infiltration - Communication Victim Attacker,,42
MLP,PGD_eps0.5_it25,14,0,,0.0,PGD,0.5,25,Infiltration - Dropbox Download,,42
MLP,PGD_eps0.5_it25,4,0,,0.25,PGD,0.5,25,Infiltration - Dropbox Download - Attempted,,42
MLP,PGD_eps0.5_it25,5997,5867,1.0,0.984325496081374,PGD,0.5,25,Infiltration - NMAP Portscan,,42
MLP,PGD_eps0.5_it25,6041,6041,1.0,1.0,PGD,0.5,25,SSH-BruteForce,,42
MLP,PGD_eps0.5_it25,25,24,1.0,0.96,PGD,0.5,25,Web Attack - Brute Force,,42
MLP,PGD_eps0.5_it25,23,21,1.0,0.9130434782608696,PGD,0.5,25,Web Attack - Brute Force - Attempted,,42
MLP,PGD_eps0.5_it25,7,4,1.0,0.5714285714285714,PGD,0.5,25,Web Attack - SQL,,42
MLP,PGD_eps0.5_it25,2,0,,0.0,PGD,0.5,25,Web Attack - SQL - Attempted,,42
MLP,PGD_eps0.5_it25,20,20,1.0,1.0,PGD,0.5,25,Web Attack - XSS,,42
MLP,PGD_eps0.5_it25,2,0,,0.0,PGD,0.5,25,Web Attack - XSS - Attempted,,42
LR,PGD_eps0.75_it10,60000,0,,,PGD,0.75,10,Benign,,42
LR,PGD_eps0.75_it10,6081,6078,1.0,1.0,PGD,0.75,10,Botnet Ares,,42
LR,PGD_eps0.75_it10,60,60,1.0,1.0,PGD,0.75,10,Botnet Ares - Attempted,,42
LR,PGD_eps0.75_it10,6017,6017,1.0,1.0,PGD,0.75,10,DDoS-HOIC,,42
LR,PGD_eps0.75_it10,6088,157,1.0,1.0,PGD,0.75,10,DDoS-LOIC-HTTP,,42
LR,PGD_eps0.75_it10,502,497,0.0382293762575452,0.047808764940239,PGD,0.75,10,DDoS-LOIC-UDP,,42
LR,PGD_eps0.75_it10,55,0,,1.0,PGD,0.75,10,DDoS-LOIC-UDP - Attempted,,42
LR,PGD_eps0.75_it10,4496,4496,1.0,1.0,PGD,0.75,10,DoS GoldenEye,,42
LR,PGD_eps0.75_it10,861,861,1.0,1.0,PGD,0.75,10,DoS GoldenEye - Attempted,,42
LR,PGD_eps0.75_it10,6050,6050,1.0,1.0,PGD,0.75,10,DoS Hulk,,42
LR,PGD_eps0.75_it10,10,10,1.0,1.0,PGD,0.75,10,DoS Hulk - Attempted,,42
LR,PGD_eps0.75_it10,1592,1559,0.9993585631815266,0.9993718592964824,PGD,0.75,10,DoS Slowloris,,42
LR,PGD_eps0.75_it10,465,458,1.0,1.0,PGD,0.75,10,DoS Slowloris - Attempted,,42
LR,PGD_eps0.75_it10,5846,5846,1.0,1.0,PGD,0.75,10,FTP-BruteForce - Attempted,,42
LR,PGD_eps0.75_it10,45,44,0.2954545454545454,0.3111111111111111,PGD,0.75,10,Infiltration - Communication Victim Attacker,,42
LR,PGD_eps0.75_it10,14,0,,0.5,PGD,0.75,10,Infiltration - Dropbox Download,,42
LR,PGD_eps0.75_it10,4,0,,0.5,PGD,0.75,10,Infiltration - Dropbox Download - Attempted,,42
LR,PGD_eps0.75_it10,5997,5628,0.9187988628287136,0.9176254794063698,PGD,0.75,10,Infiltration - NMAP Portscan,,42
LR,PGD_eps0.75_it10,6041,6041,1.0,1.0,PGD,0.75,10,SSH-BruteForce,,42
LR,PGD_eps0.75_it10,25,0,,1.0,PGD,0.75,10,Web Attack - Brute Force,,42
LR,PGD_eps0.75_it10,23,0,,0.9130434782608696,PGD,0.75,10,Web Attack - Brute Force - Attempted,,42
LR,PGD_eps0.75_it10,7,3,1.0,0.5714285714285714,PGD,0.75,10,Web Attack - SQL,,42
LR,PGD_eps0.75_it10,2,0,,0.0,PGD,0.75,10,Web Attack - SQL - Attempted,,42
LR,PGD_eps0.75_it10,20,0,,1.0,PGD,0.75,10,Web Attack - XSS,,42
LR,PGD_eps0.75_it10,2,0,,0.0,PGD,0.75,10,Web Attack - XSS - Attempted,,42
SVM,PGD_eps0.75_it10,60000,0,,,PGD,0.75,10,Benign,,42
SVM,PGD_eps0.75_it10,6081,6081,1.0,1.0,PGD,0.75,10,Botnet Ares,,42
SVM,PGD_eps0.75_it10,60,60,1.0,1.0,PGD,0.75,10,Botnet Ares - Attempted,,42
SVM,PGD_eps0.75_it10,6017,6017,1.0,1.0,PGD,0.75,10,DDoS-HOIC,,42
SVM,PGD_eps0.75_it10,6088,0,,1.0,PGD,0.75,10,DDoS-LOIC-HTTP,,42
SVM,PGD_eps0.75_it10,502,498,0.0040160642570281,0.0119521912350597,PGD,0.75,10,DDoS-LOIC-UDP,,42
SVM,PGD_eps0.75_it10,55,0,,0.8545454545454545,PGD,0.75,10,DDoS-LOIC-UDP - Attempted,,42
SVM,PGD_eps0.75_it10,4496,4496,1.0,1.0,PGD,0.75,10,DoS GoldenEye,,42
SVM,PGD_eps0.75_it10,861,861,1.0,1.0,PGD,0.75,10,DoS GoldenEye - Attempted,,42
SVM,PGD_eps0.75_it10,6050,6050,1.0,1.0,PGD,0.75,10,DoS Hulk,,42
SVM,PGD_eps0.75_it10,10,10,1.0,1.0,PGD,0.75,10,DoS Hulk - Attempted,,42
SVM,PGD_eps0.75_it10,1592,1559,0.9993585631815266,0.9993718592964824,PGD,0.75,10,DoS Slowloris,,42
SVM,PGD_eps0.75_it10,465,458,1.0,1.0,PGD,0.75,10,DoS Slowloris - Attempted,,42
SVM,PGD_eps0.75_it10,5846,5846,1.0,1.0,PGD,0.75,10,FTP-BruteForce - Attempted,,42
SVM,PGD_eps0.75_it10,45,45,0.9555555555555556,0.9555555555555556,PGD,0.75,10,Infiltration - Communication Victim Attacker,,42
SVM,PGD_eps0.75_it10,14,0,,0.0,PGD,0.75,10,Infiltration - Dropbox Download,,42
SVM,PGD_eps0.75_it10,4,0,,0.5,PGD,0.75,10,Infiltration - Dropbox Download - Attempted,,42
SVM,PGD_eps0.75_it10,5997,5230,0.951625239005736,0.9419709854927464,PGD,0.75,10,Infiltration - NMAP Portscan,,42
SVM,PGD_eps0.75_it10,6041,6041,1.0,1.0,PGD,0.75,10,SSH-BruteForce,,42
SVM,PGD_eps0.75_it10,25,0,,1.0,PGD,0.75,10,Web Attack - Brute Force,,42
SVM,PGD_eps0.75_it10,23,0,,0.9130434782608696,PGD,0.75,10,Web Attack - Brute Force - Attempted,,42
SVM,PGD_eps0.75_it10,7,0,,0.5714285714285714,PGD,0.75,10,Web Attack - SQL,,42
SVM,PGD_eps0.75_it10,2,0,,0.0,PGD,0.75,10,Web Attack - SQL - Attempted,,42
SVM,PGD_eps0.75_it10,20,0,,1.0,PGD,0.75,10,Web Attack - XSS,,42
SVM,PGD_eps0.75_it10,2,0,,0.0,PGD,0.75,10,Web Attack - XSS - Attempted,,42
RF,PGD_eps0.75_it10,60000,0,,,PGD,0.75,10,Benign,,42
RF,PGD_eps0.75_it10,6081,6081,1.0,1.0,PGD,0.75,10,Botnet Ares,,42
RF,PGD_eps0.75_it10,60,60,1.0,1.0,PGD,0.75,10,Botnet Ares - Attempted,,42
RF,PGD_eps0.75_it10,6017,6017,1.0,1.0,PGD,0.75,10,DDoS-HOIC,,42
RF,PGD_eps0.75_it10,6088,6088,1.0,1.0,PGD,0.75,10,DDoS-LOIC-HTTP,,42
RF,PGD_eps0.75_it10,502,502,0.8067729083665338,0.8067729083665338,PGD,0.75,10,DDoS-LOIC-UDP,,42
RF,PGD_eps0.75_it10,55,54,1.0,1.0,PGD,0.75,10,DDoS-LOIC-UDP - Attempted,,42
RF,PGD_eps0.75_it10,4496,4496,0.7893683274021353,0.7893683274021353,PGD,0.75,10,DoS GoldenEye,,42
RF,PGD_eps0.75_it10,861,861,0.9709639953542392,0.9709639953542392,PGD,0.75,10,DoS GoldenEye - Attempted,,42
RF,PGD_eps0.75_it10,6050,6050,0.969586776859504,0.969586776859504,PGD,0.75,10,DoS Hulk,,42
RF,PGD_eps0.75_it10,10,10,1.0,1.0,PGD,0.75,10,DoS Hulk - Attempted,,42
RF,PGD_eps0.75_it10,1592,1592,0.9001256281407035,0.9001256281407035,PGD,0.75,10,DoS Slowloris,,42
RF,PGD_eps0.75_it10,465,465,0.8559139784946237,0.8559139784946237,PGD,0.75,10,DoS Slowloris - Attempted,,42
RF,PGD_eps0.75_it10,5846,5846,1.0,1.0,PGD,0.75,10,FTP-BruteForce - Attempted,,42
RF,PGD_eps0.75_it10,45,45,0.9777777777777776,0.9777777777777776,PGD,0.75,10,Infiltration - Communication Victim Attacker,,42
RF,PGD_eps0.75_it10,14,7,0.7142857142857143,0.7857142857142857,PGD,0.75,10,Infiltration - Dropbox Download,,42
RF,PGD_eps0.75_it10,4,0,,1.0,PGD,0.75,10,Infiltration - Dropbox Download - Attempted,,42
RF,PGD_eps0.75_it10,5997,5991,0.9883158070438992,0.9883274970818744,PGD,0.75,10,Infiltration - NMAP Portscan,,42
RF,PGD_eps0.75_it10,6041,6041,0.6613143519284886,0.6613143519284886,PGD,0.75,10,SSH-BruteForce,,42
RF,PGD_eps0.75_it10,25,25,1.0,1.0,PGD,0.75,10,Web Attack - Brute Force,,42
RF,PGD_eps0.75_it10,23,22,1.0,1.0,PGD,0.75,10,Web Attack - Brute Force - Attempted,,42
RF,PGD_eps0.75_it10,7,7,1.0,1.0,PGD,0.75,10,Web Attack - SQL,,42
RF,PGD_eps0.75_it10,2,2,1.0,1.0,PGD,0.75,10,Web Attack - SQL - Attempted,,42
RF,PGD_eps0.75_it10,20,20,1.0,1.0,PGD,0.75,10,Web Attack - XSS,,42
RF,PGD_eps0.75_it10,2,2,1.0,1.0,PGD,0.75,10,Web Attack - XSS - Attempted,,42
MLP,PGD_eps0.75_it10,60000,0,,,PGD,0.75,10,Benign,,42
MLP,PGD_eps0.75_it10,6081,6081,1.0,1.0,PGD,0.75,10,Botnet Ares,,42
MLP,PGD_eps0.75_it10,60,60,1.0,1.0,PGD,0.75,10,Botnet Ares - Attempted,,42
MLP,PGD_eps0.75_it10,6017,6017,1.0,1.0,PGD,0.75,10,DDoS-HOIC,,42
MLP,PGD_eps0.75_it10,6088,6088,1.0,1.0,PGD,0.75,10,DDoS-LOIC-HTTP,,42
MLP,PGD_eps0.75_it10,502,502,0.0139442231075697,0.0139442231075697,PGD,0.75,10,DDoS-LOIC-UDP,,42
MLP,PGD_eps0.75_it10,55,47,1.0,0.8545454545454545,PGD,0.75,10,DDoS-LOIC-UDP - Attempted,,42
MLP,PGD_eps0.75_it10,4496,4496,1.0,1.0,PGD,0.75,10,DoS GoldenEye,,42
MLP,PGD_eps0.75_it10,861,861,1.0,1.0,PGD,0.75,10,DoS GoldenEye - Attempted,,42
MLP,PGD_eps0.75_it10,6050,6050,1.0,1.0,PGD,0.75,10,DoS Hulk,,42
MLP,PGD_eps0.75_it10,10,10,1.0,1.0,PGD,0.75,10,DoS Hulk - Attempted,,42
MLP,PGD_eps0.75_it10,1592,1591,1.0,0.9993718592964824,PGD,0.75,10,DoS Slowloris,,42
MLP,PGD_eps0.75_it10,465,465,1.0,1.0,PGD,0.75,10,DoS Slowloris - Attempted,,42
MLP,PGD_eps0.75_it10,5846,5846,1.0,1.0,PGD,0.75,10,FTP-BruteForce - Attempted,,42
MLP,PGD_eps0.75_it10,45,44,0.9772727272727272,0.9555555555555556,PGD,0.75,10,Infiltration - Communication Victim Attacker,,42
MLP,PGD_eps0.75_it10,14,0,,0.0,PGD,0.75,10,Infiltration - Dropbox Download,,42
MLP,PGD_eps0.75_it10,4,0,,0.25,PGD,0.75,10,Infiltration - Dropbox Download - Attempted,,42
MLP,PGD_eps0.75_it10,5997,5867,1.0,0.984325496081374,PGD,0.75,10,Infiltration - NMAP Portscan,,42
MLP,PGD_eps0.75_it10,6041,6041,1.0,1.0,PGD,0.75,10,SSH-BruteForce,,42
MLP,PGD_eps0.75_it10,25,24,1.0,0.96,PGD,0.75,10,Web Attack - Brute Force,,42
MLP,PGD_eps0.75_it10,23,21,1.0,0.9130434782608696,PGD,0.75,10,Web Attack - Brute Force - Attempted,,42
MLP,PGD_eps0.75_it10,7,4,1.0,0.5714285714285714,PGD,0.75,10,Web Attack - SQL,,42
MLP,PGD_eps0.75_it10,2,0,,0.0,PGD,0.75,10,Web Attack - SQL - Attempted,,42
MLP,PGD_eps0.75_it10,20,20,1.0,1.0,PGD,0.75,10,Web Attack - XSS,,42
MLP,PGD_eps0.75_it10,2,0,,0.0,PGD,0.75,10,Web Attack - XSS - Attempted,,42
LR,PGD_eps0.75_it25,60000,0,,,PGD,0.75,25,Benign,,42
LR,PGD_eps0.75_it25,6081,6078,1.0,1.0,PGD,0.75,25,Botnet Ares,,42
LR,PGD_eps0.75_it25,60,60,1.0,1.0,PGD,0.75,25,Botnet Ares - Attempted,,42
LR,PGD_eps0.75_it25,6017,6017,1.0,1.0,PGD,0.75,25,DDoS-HOIC,,42
LR,PGD_eps0.75_it25,6088,157,1.0,1.0,PGD,0.75,25,DDoS-LOIC-HTTP,,42
LR,PGD_eps0.75_it25,502,497,0.0442655935613682,0.0537848605577689,PGD,0.75,25,DDoS-LOIC-UDP,,42
LR,PGD_eps0.75_it25,55,0,,1.0,PGD,0.75,25,DDoS-LOIC-UDP - Attempted,,42
LR,PGD_eps0.75_it25,4496,4496,1.0,1.0,PGD,0.75,25,DoS GoldenEye,,42
LR,PGD_eps0.75_it25,861,861,1.0,1.0,PGD,0.75,25,DoS GoldenEye - Attempted,,42
LR,PGD_eps0.75_it25,6050,6050,1.0,1.0,PGD,0.75,25,DoS Hulk,,42
LR,PGD_eps0.75_it25,10,10,1.0,1.0,PGD,0.75,25,DoS Hulk - Attempted,,42
LR,PGD_eps0.75_it25,1592,1559,0.9993585631815266,0.9993718592964824,PGD,0.75,25,DoS Slowloris,,42
LR,PGD_eps0.75_it25,465,458,1.0,1.0,PGD,0.75,25,DoS Slowloris - Attempted,,42
LR,PGD_eps0.75_it25,5846,5846,1.0,1.0,PGD,0.75,25,FTP-BruteForce - Attempted,,42
LR,PGD_eps0.75_it25,45,44,0.9090909090909092,0.9111111111111112,PGD,0.75,25,Infiltration - Communication Victim Attacker,,42
LR,PGD_eps0.75_it25,14,0,,0.4285714285714285,PGD,0.75,25,Infiltration - Dropbox Download,,42
LR,PGD_eps0.75_it25,4,0,,0.5,PGD,0.75,25,Infiltration - Dropbox Download - Attempted,,42
LR,PGD_eps0.75_it25,5997,5628,0.919864960909737,0.9169584792396198,PGD,0.75,25,Infiltration - NMAP Portscan,,42
LR,PGD_eps0.75_it25,6041,6041,1.0,1.0,PGD,0.75,25,SSH-BruteForce,,42
LR,PGD_eps0.75_it25,25,0,,0.96,PGD,0.75,25,Web Attack - Brute Force,,42
LR,PGD_eps0.75_it25,23,0,,0.9130434782608696,PGD,0.75,25,Web Attack - Brute Force - Attempted,,42
LR,PGD_eps0.75_it25,7,3,1.0,0.5714285714285714,PGD,0.75,25,Web Attack - SQL,,42
LR,PGD_eps0.75_it25,2,0,,0.0,PGD,0.75,25,Web Attack - SQL - Attempted,,42
LR,PGD_eps0.75_it25,20,0,,1.0,PGD,0.75,25,Web Attack - XSS,,42
LR,PGD_eps0.75_it25,2,0,,0.0,PGD,0.75,25,Web Attack - XSS - Attempted,,42
SVM,PGD_eps0.75_it25,60000,0,,,PGD,0.75,25,Benign,,42
SVM,PGD_eps0.75_it25,6081,6081,1.0,1.0,PGD,0.75,25,Botnet Ares,,42
SVM,PGD_eps0.75_it25,60,60,1.0,1.0,PGD,0.75,25,Botnet Ares - Attempted,,42
SVM,PGD_eps0.75_it25,6017,6017,1.0,1.0,PGD,0.75,25,DDoS-HOIC,,42
SVM,PGD_eps0.75_it25,6088,0,,1.0,PGD,0.75,25,DDoS-LOIC-HTTP,,42
SVM,PGD_eps0.75_it25,502,498,0.0060240963855421,0.0139442231075697,PGD,0.75,25,DDoS-LOIC-UDP,,42
SVM,PGD_eps0.75_it25,55,0,,0.8545454545454545,PGD,0.75,25,DDoS-LOIC-UDP - Attempted,,42
SVM,PGD_eps0.75_it25,4496,4496,1.0,1.0,PGD,0.75,25,DoS GoldenEye,,42
SVM,PGD_eps0.75_it25,861,861,1.0,1.0,PGD,0.75,25,DoS GoldenEye - Attempted,,42
SVM,PGD_eps0.75_it25,6050,6050,1.0,1.0,PGD,0.75,25,DoS Hulk,,42
SVM,PGD_eps0.75_it25,10,10,1.0,1.0,PGD,0.75,25,DoS Hulk - Attempted,,42
SVM,PGD_eps0.75_it25,1592,1559,0.9993585631815266,0.9993718592964824,PGD,0.75,25,DoS Slowloris,,42
SVM,PGD_eps0.75_it25,465,458,1.0,1.0,PGD,0.75,25,DoS Slowloris - Attempted,,42
SVM,PGD_eps0.75_it25,5846,5846,1.0,1.0,PGD,0.75,25,FTP-BruteForce - Attempted,,42
SVM,PGD_eps0.75_it25,45,45,0.9555555555555556,0.9555555555555556,PGD,0.75,25,Infiltration - Communication Victim Attacker,,42
SVM,PGD_eps0.75_it25,14,0,,0.0,PGD,0.75,25,Infiltration - Dropbox Download,,42
SVM,PGD_eps0.75_it25,4,0,,0.5,PGD,0.75,25,Infiltration - Dropbox Download - Attempted,,42
SVM,PGD_eps0.75_it25,5997,5230,0.9594646271510516,0.9488077372019345,PGD,0.75,25,Infiltration - NMAP Portscan,,42
SVM,PGD_eps0.75_it25,6041,6041,1.0,1.0,PGD,0.75,25,SSH-BruteForce,,42
SVM,PGD_eps0.75_it25,25,0,,0.96,PGD,0.75,25,Web Attack - Brute Force,,42
SVM,PGD_eps0.75_it25,23,0,,0.9130434782608696,PGD,0.75,25,Web Attack - Brute Force - Attempted,,42
SVM,PGD_eps0.75_it25,7,0,,0.5714285714285714,PGD,0.75,25,Web Attack - SQL,,42
SVM,PGD_eps0.75_it25,2,0,,0.0,PGD,0.75,25,Web Attack - SQL - Attempted,,42
SVM,PGD_eps0.75_it25,20,0,,1.0,PGD,0.75,25,Web Attack - XSS,,42
SVM,PGD_eps0.75_it25,2,0,,0.0,PGD,0.75,25,Web Attack - XSS - Attempted,,42
RF,PGD_eps0.75_it25,60000,0,,,PGD,0.75,25,Benign,,42
RF,PGD_eps0.75_it25,6081,6081,1.0,1.0,PGD,0.75,25,Botnet Ares,,42
RF,PGD_eps0.75_it25,60,60,1.0,1.0,PGD,0.75,25,Botnet Ares - Attempted,,42
RF,PGD_eps0.75_it25,6017,6017,1.0,1.0,PGD,0.75,25,DDoS-HOIC,,42
RF,PGD_eps0.75_it25,6088,6088,1.0,1.0,PGD,0.75,25,DDoS-LOIC-HTTP,,42
RF,PGD_eps0.75_it25,502,502,0.8067729083665338,0.8067729083665338,PGD,0.75,25,DDoS-LOIC-UDP,,42
RF,PGD_eps0.75_it25,55,54,1.0,1.0,PGD,0.75,25,DDoS-LOIC-UDP - Attempted,,42
RF,PGD_eps0.75_it25,4496,4496,0.699288256227758,0.699288256227758,PGD,0.75,25,DoS GoldenEye,,42
RF,PGD_eps0.75_it25,861,861,0.8617886178861789,0.8617886178861789,PGD,0.75,25,DoS GoldenEye - Attempted,,42
RF,PGD_eps0.75_it25,6050,6050,0.9998347107438016,0.9998347107438016,PGD,0.75,25,DoS Hulk,,42
RF,PGD_eps0.75_it25,10,10,1.0,1.0,PGD,0.75,25,DoS Hulk - Attempted,,42
RF,PGD_eps0.75_it25,1592,1592,0.8969849246231156,0.8969849246231156,PGD,0.75,25,DoS Slowloris,,42
RF,PGD_eps0.75_it25,465,465,1.0,1.0,PGD,0.75,25,DoS Slowloris - Attempted,,42
RF,PGD_eps0.75_it25,5846,5846,1.0,1.0,PGD,0.75,25,FTP-BruteForce - Attempted,,42
RF,PGD_eps0.75_it25,45,45,0.9777777777777776,0.9777777777777776,PGD,0.75,25,Infiltration - Communication Victim Attacker,,42
RF,PGD_eps0.75_it25,14,7,0.7142857142857143,0.8571428571428571,PGD,0.75,25,Infiltration - Dropbox Download,,42
RF,PGD_eps0.75_it25,4,0,,1.0,PGD,0.75,25,Infiltration - Dropbox Download - Attempted,,42
RF,PGD_eps0.75_it25,5997,5991,0.9873143047905192,0.9873269968317492,PGD,0.75,25,Infiltration - NMAP Portscan,,42
RF,PGD_eps0.75_it25,6041,6041,0.9996689289852674,0.9996689289852674,PGD,0.75,25,SSH-BruteForce,,42
RF,PGD_eps0.75_it25,25,25,1.0,1.0,PGD,0.75,25,Web Attack - Brute Force,,42
RF,PGD_eps0.75_it25,23,22,1.0,1.0,PGD,0.75,25,Web Attack - Brute Force - Attempted,,42
RF,PGD_eps0.75_it25,7,7,1.0,1.0,PGD,0.75,25,Web Attack - SQL,,42
RF,PGD_eps0.75_it25,2,2,1.0,1.0,PGD,0.75,25,Web Attack - SQL - Attempted,,42
RF,PGD_eps0.75_it25,20,20,1.0,1.0,PGD,0.75,25,Web Attack - XSS,,42
RF,PGD_eps0.75_it25,2,2,1.0,1.0,PGD,0.75,25,Web Attack - XSS - Attempted,,42
MLP,PGD_eps0.75_it25,60000,0,,,PGD,0.75,25,Benign,,42
MLP,PGD_eps0.75_it25,6081,6081,1.0,1.0,PGD,0.75,25,Botnet Ares,,42
MLP,PGD_eps0.75_it25,60,60,1.0,1.0,PGD,0.75,25,Botnet Ares - Attempted,,42
MLP,PGD_eps0.75_it25,6017,6017,1.0,1.0,PGD,0.75,25,DDoS-HOIC,,42
MLP,PGD_eps0.75_it25,6088,6088,1.0,1.0,PGD,0.75,25,DDoS-LOIC-HTTP,,42
MLP,PGD_eps0.75_it25,502,502,0.0139442231075697,0.0139442231075697,PGD,0.75,25,DDoS-LOIC-UDP,,42
MLP,PGD_eps0.75_it25,55,47,1.0,0.8545454545454545,PGD,0.75,25,DDoS-LOIC-UDP - Attempted,,42
MLP,PGD_eps0.75_it25,4496,4496,1.0,1.0,PGD,0.75,25,DoS GoldenEye,,42
MLP,PGD_eps0.75_it25,861,861,1.0,1.0,PGD,0.75,25,DoS GoldenEye - Attempted,,42
MLP,PGD_eps0.75_it25,6050,6050,1.0,1.0,PGD,0.75,25,DoS Hulk,,42
MLP,PGD_eps0.75_it25,10,10,1.0,1.0,PGD,0.75,25,DoS Hulk - Attempted,,42
MLP,PGD_eps0.75_it25,1592,1591,1.0,0.9993718592964824,PGD,0.75,25,DoS Slowloris,,42
MLP,PGD_eps0.75_it25,465,465,1.0,1.0,PGD,0.75,25,DoS Slowloris - Attempted,,42
MLP,PGD_eps0.75_it25,5846,5846,1.0,1.0,PGD,0.75,25,FTP-BruteForce - Attempted,,42
MLP,PGD_eps0.75_it25,45,44,0.9772727272727272,0.9555555555555556,PGD,0.75,25,Infiltration - Communication Victim Attacker,,42
MLP,PGD_eps0.75_it25,14,0,,0.0,PGD,0.75,25,Infiltration - Dropbox Download,,42
MLP,PGD_eps0.75_it25,4,0,,0.25,PGD,0.75,25,Infiltration - Dropbox Download - Attempted,,42
MLP,PGD_eps0.75_it25,5997,5867,1.0,0.984325496081374,PGD,0.75,25,Infiltration - NMAP Portscan,,42
MLP,PGD_eps0.75_it25,6041,6041,1.0,1.0,PGD,0.75,25,SSH-BruteForce,,42
MLP,PGD_eps0.75_it25,25,24,1.0,0.96,PGD,0.75,25,Web Attack - Brute Force,,42
MLP,PGD_eps0.75_it25,23,21,1.0,0.9130434782608696,PGD,0.75,25,Web Attack - Brute Force - Attempted,,42
MLP,PGD_eps0.75_it25,7,4,1.0,0.5714285714285714,PGD,0.75,25,Web Attack - SQL,,42
MLP,PGD_eps0.75_it25,2,0,,0.0,PGD,0.75,25,Web Attack - SQL - Attempted,,42
MLP,PGD_eps0.75_it25,20,20,1.0,1.0,PGD,0.75,25,Web Attack - XSS,,42
MLP,PGD_eps0.75_it25,2,0,,0.0,PGD,0.75,25,Web Attack - XSS - Attempted,,42
LR,CW_c0.0_it10,60000,0,,,CW,,10,Benign,0.0,42
LR,CW_c0.0_it10,6081,6078,0.0055939453767686,0.006084525571452,CW,,10,Botnet Ares,0.0,42
LR,CW_c0.0_it10,60,60,0.0,0.0,CW,,10,Botnet Ares - Attempted,0.0,42
LR,CW_c0.0_it10,6017,6017,0.0,0.0,CW,,10,DDoS-HOIC,0.0,42
LR,CW_c0.0_it10,6088,157,1.0,1.0,CW,,10,DDoS-LOIC-HTTP,0.0,42
LR,CW_c0.0_it10,502,497,0.448692152917505,0.4541832669322709,CW,,10,DDoS-LOIC-UDP,0.0,42
LR,CW_c0.0_it10,55,0,,1.0,CW,,10,DDoS-LOIC-UDP - Attempted,0.0,42
LR,CW_c0.0_it10,4496,4496,0.0002224199288256,0.0002224199288256,CW,,10,DoS GoldenEye,0.0,42
LR,CW_c0.0_it10,861,861,0.0,0.0,CW,,10,DoS GoldenEye - Attempted,0.0,42
LR,CW_c0.0_it10,6050,6050,0.0,0.0,CW,,10,DoS Hulk,0.0,42
LR,CW_c0.0_it10,10,10,0.0,0.0,CW,,10,DoS Hulk - Attempted,0.0,42
LR,CW_c0.0_it10,1592,1559,0.1776779987171263,0.1947236180904522,CW,,10,DoS Slowloris,0.0,42
LR,CW_c0.0_it10,465,458,0.2270742358078602,0.2387096774193548,CW,,10,DoS Slowloris - Attempted,0.0,42
LR,CW_c0.0_it10,5846,5846,0.0,0.0,CW,,10,FTP-BruteForce - Attempted,0.0,42
LR,CW_c0.0_it10,45,44,0.2045454545454545,0.2222222222222222,CW,,10,Infiltration - Communication Victim Attacker,0.0,42
LR,CW_c0.0_it10,14,0,,0.2857142857142857,CW,,10,Infiltration - Dropbox Download,0.0,42
LR,CW_c0.0_it10,4,0,,0.75,CW,,10,Infiltration - Dropbox Download - Attempted,0.0,42
LR,CW_c0.0_it10,5997,5628,0.6441009239516702,0.665165916291479,CW,,10,Infiltration - NMAP Portscan,0.0,42
LR,CW_c0.0_it10,6041,6041,0.0,0.0,CW,,10,SSH-BruteForce,0.0,42
LR,CW_c0.0_it10,25,0,,1.0,CW,,10,Web Attack - Brute Force,0.0,42
LR,CW_c0.0_it10,23,0,,1.0,CW,,10,Web Attack - Brute Force - Attempted,0.0,42
LR,CW_c0.0_it10,7,3,1.0,1.0,CW,,10,Web Attack - SQL,0.0,42
LR,CW_c0.0_it10,2,0,,1.0,CW,,10,Web Attack - SQL - Attempted,0.0,42
LR,CW_c0.0_it10,20,0,,1.0,CW,,10,Web Attack - XSS,0.0,42
LR,CW_c0.0_it10,2,0,,0.5,CW,,10,Web Attack - XSS - Attempted,0.0,42
SVM,CW_c0.0_it10,60000,0,,,CW,,10,Benign,0.0,42
SVM,CW_c0.0_it10,6081,6081,0.006084525571452,0.006084525571452,CW,,10,Botnet Ares,0.0,42
SVM,CW_c0.0_it10,60,60,0.0,0.0,CW,,10,Botnet Ares - Attempted,0.0,42
SVM,CW_c0.0_it10,6017,6017,0.0,0.0,CW,,10,DDoS-HOIC,0.0,42
SVM,CW_c0.0_it10,6088,0,,1.0,CW,,10,DDoS-LOIC-HTTP,0.0,42
SVM,CW_c0.0_it10,502,498,0.0261044176706827,0.0338645418326693,CW,,10,DDoS-LOIC-UDP,0.0,42
SVM,CW_c0.0_it10,55,0,,1.0,CW,,10,DDoS-LOIC-UDP - Attempted,0.0,42
SVM,CW_c0.0_it10,4496,4496,0.0002224199288256,0.0002224199288256,CW,,10,DoS GoldenEye,0.0,42
SVM,CW_c0.0_it10,861,861,0.0,0.0,CW,,10,DoS GoldenEye - Attempted,0.0,42
SVM,CW_c0.0_it10,6050,6050,0.0024793388429752,0.0024793388429752,CW,,10,DoS Hulk,0.0,42
SVM,CW_c0.0_it10,10,10,0.0,0.0,CW,,10,DoS Hulk - Attempted,0.0,42
SVM,CW_c0.0_it10,1592,1559,0.386144964720975,0.3988693467336683,CW,,10,DoS Slowloris,0.0,42
SVM,CW_c0.0_it10,465,458,0.0,0.0150537634408602,CW,,10,DoS Slowloris - Attempted,0.0,42
SVM,CW_c0.0_it10,5846,5846,0.0,0.0,CW,,10,FTP-BruteForce - Attempted,0.0,42
SVM,CW_c0.0_it10,45,45,0.2444444444444444,0.2444444444444444,CW,,10,Infiltration - Communication Victim Attacker,0.0,42
SVM,CW_c0.0_it10,14,0,,0.2142857142857142,CW,,10,Infiltration - Dropbox Download,0.0,42
SVM,CW_c0.0_it10,4,0,,0.75,CW,,10,Infiltration - Dropbox Download - Attempted,0.0,42
SVM,CW_c0.0_it10,5997,5230,0.567112810707457,0.6173086543271635,CW,,10,Infiltration - NMAP Portscan,0.0,42
SVM,CW_c0.0_it10,6041,6041,0.0,0.0,CW,,10,SSH-BruteForce,0.0,42
SVM,CW_c0.0_it10,25,0,,1.0,CW,,10,Web Attack - Brute Force,0.0,42
SVM,CW_c0.0_it10,23,0,,1.0,CW,,10,Web Attack - Brute Force - Attempted,0.0,42
SVM,CW_c0.0_it10,7,0,,1.0,CW,,10,Web Attack - SQL,0.0,42
SVM,CW_c0.0_it10,2,0,,1.0,CW,,10,Web Attack - SQL - Attempted,0.0,42
SVM,CW_c0.0_it10,20,0,,1.0,CW,,10,Web Attack - XSS,0.0,42
SVM,CW_c0.0_it10,2,0,,1.0,CW,,10,Web Attack - XSS - Attempted,0.0,42
RF,CW_c0.0_it10,60000,0,,,CW,,10,Benign,0.0,42
RF,CW_c0.0_it10,6081,6081,0.9996711067258676,0.9996711067258676,CW,,10,Botnet Ares,0.0,42
RF,CW_c0.0_it10,60,60,0.3166666666666666,0.3166666666666666,CW,,10,Botnet Ares - Attempted,0.0,42
RF,CW_c0.0_it10,6017,6017,1.0,1.0,CW,,10,DDoS-HOIC,0.0,42
RF,CW_c0.0_it10,6088,6088,0.9691195795006572,0.9691195795006572,CW,,10,DDoS-LOIC-HTTP,0.0,42
RF,CW_c0.0_it10,502,502,0.7808764940239044,0.7808764940239044,CW,,10,DDoS-LOIC-UDP,0.0,42
RF,CW_c0.0_it10,55,54,0.9444444444444444,0.9454545454545454,CW,,10,DDoS-LOIC-UDP - Attempted,0.0,42
RF,CW_c0.0_it10,4496,4496,0.9957740213523132,0.9957740213523132,CW,,10,DoS GoldenEye,0.0,42
RF,CW_c0.0_it10,861,861,1.0,1.0,CW,,10,DoS GoldenEye - Attempted,0.0,42
RF,CW_c0.0_it10,6050,6050,0.9366942148760332,0.9366942148760332,CW,,10,DoS Hulk,0.0,42
RF,CW_c0.0_it10,10,10,0.8,0.8,CW,,10,DoS Hulk - Attempted,0.0,42
RF,CW_c0.0_it10,1592,1592,0.993718592964824,0.993718592964824,CW,,10,DoS Slowloris,0.0,42
RF,CW_c0.0_it10,465,465,0.2365591397849462,0.2365591397849462,CW,,10,DoS Slowloris - Attempted,0.0,42
RF,CW_c0.0_it10,5846,5846,1.0,1.0,CW,,10,FTP-BruteForce - Attempted,0.0,42
RF,CW_c0.0_it10,45,45,0.9111111111111112,0.9111111111111112,CW,,10,Infiltration - Communication Victim Attacker,0.0,42
RF,CW_c0.0_it10,14,7,0.7142857142857143,0.6428571428571429,CW,,10,Infiltration - Dropbox Download,0.0,42
RF,CW_c0.0_it10,4,0,,1.0,CW,,10,Infiltration - Dropbox Download - Attempted,0.0,42
RF,CW_c0.0_it10,5997,5991,0.4248038724753797,0.4253793563448391,CW,,10,Infiltration - NMAP Portscan,0.0,42
RF,CW_c0.0_it10,6041,6041,1.0,1.0,CW,,10,SSH-BruteForce,0.0,42
RF,CW_c0.0_it10,25,25,0.04,0.04,CW,,10,Web Attack - Brute Force,0.0,42
RF,CW_c0.0_it10,23,22,1.0,1.0,CW,,10,Web Attack - Brute Force - Attempted,0.0,42
RF,CW_c0.0_it10,7,7,0.4285714285714285,0.4285714285714285,CW,,10,Web Attack - SQL,0.0,42
RF,CW_c0.0_it10,2,2,1.0,1.0,CW,,10,Web Attack - SQL - Attempted,0.0,42
RF,CW_c0.0_it10,20,20,0.0,0.0,CW,,10,Web Attack - XSS,0.0,42
RF,CW_c0.0_it10,2,2,1.0,1.0,CW,,10,Web Attack - XSS - Attempted,0.0,42
MLP,CW_c0.0_it10,60000,0,,,CW,,10,Benign,0.0,42
MLP,CW_c0.0_it10,6081,6081,0.9996711067258676,0.9996711067258676,CW,,10,Botnet Ares,0.0,42
MLP,CW_c0.0_it10,60,60,1.0,1.0,CW,,10,Botnet Ares - Attempted,0.0,42
MLP,CW_c0.0_it10,6017,6017,1.0,1.0,CW,,10,DDoS-HOIC,0.0,42
MLP,CW_c0.0_it10,6088,6088,0.9952365308804204,0.9952365308804204,CW,,10,DDoS-LOIC-HTTP,0.0,42
MLP,CW_c0.0_it10,502,502,0.7828685258964143,0.7828685258964143,CW,,10,DDoS-LOIC-UDP,0.0,42
MLP,CW_c0.0_it10,55,47,0.9787234042553192,0.8363636363636363,CW,,10,DDoS-LOIC-UDP - Attempted,0.0,42
MLP,CW_c0.0_it10,4496,4496,0.9991103202846976,0.9991103202846976,CW,,10,DoS GoldenEye,0.0,42
MLP,CW_c0.0_it10,861,861,0.9953542392566784,0.9953542392566784,CW,,10,DoS GoldenEye - Attempted,0.0,42
MLP,CW_c0.0_it10,6050,6050,0.9998347107438016,0.9998347107438016,CW,,10,DoS Hulk,0.0,42
MLP,CW_c0.0_it10,10,10,1.0,1.0,CW,,10,DoS Hulk - Attempted,0.0,42
MLP,CW_c0.0_it10,1592,1591,1.0,0.9993718592964824,CW,,10,DoS Slowloris,0.0,42
MLP,CW_c0.0_it10,465,465,0.9548387096774194,0.9548387096774194,CW,,10,DoS Slowloris - Attempted,0.0,42
MLP,CW_c0.0_it10,5846,5846,1.0,1.0,CW,,10,FTP-BruteForce - Attempted,0.0,42
MLP,CW_c0.0_it10,45,44,1.0,0.9777777777777776,CW,,10,Infiltration - Communication Victim Attacker,0.0,42
MLP,CW_c0.0_it10,14,0,,0.0,CW,,10,Infiltration - Dropbox Download,0.0,42
MLP,CW_c0.0_it10,4,0,,0.0,CW,,10,Infiltration - Dropbox Download - Attempted,0.0,42
MLP,CW_c0.0_it10,5997,5867,0.9964206579171638,0.9778222444555612,CW,,10,Infiltration - NMAP Portscan,0.0,42
MLP,CW_c0.0_it10,6041,6041,0.9998344644926336,0.9998344644926336,CW,,10,SSH-BruteForce,0.0,42
MLP,CW_c0.0_it10,25,24,1.0,0.96,CW,,10,Web Attack - Brute Force,0.0,42
MLP,CW_c0.0_it10,23,21,1.0,0.9130434782608696,CW,,10,Web Attack - Brute Force - Attempted,0.0,42
MLP,CW_c0.0_it10,7,4,1.0,0.5714285714285714,CW,,10,Web Attack - SQL,0.0,42
MLP,CW_c0.0_it10,2,0,,0.0,CW,,10,Web Attack - SQL - Attempted,0.0,42
MLP,CW_c0.0_it10,20,20,1.0,1.0,CW,,10,Web Attack - XSS,0.0,42
MLP,CW_c0.0_it10,2,0,,0.0,CW,,10,Web Attack - XSS - Attempted,0.0,42
LR,CW_c0.5_it10,60000,0,,,CW,,10,Benign,0.5,42
LR,CW_c0.5_it10,6081,6078,0.0055939453767686,0.006084525571452,CW,,10,Botnet Ares,0.5,42
LR,CW_c0.5_it10,60,60,0.0,0.0,CW,,10,Botnet Ares - Attempted,0.5,42
LR,CW_c0.5_it10,6017,6017,0.0,0.0,CW,,10,DDoS-HOIC,0.5,42
LR,CW_c0.5_it10,6088,157,1.0,1.0,CW,,10,DDoS-LOIC-HTTP,0.5,42
LR,CW_c0.5_it10,502,497,0.4466800804828973,0.4521912350597609,CW,,10,DDoS-LOIC-UDP,0.5,42
LR,CW_c0.5_it10,55,0,,1.0,CW,,10,DDoS-LOIC-UDP - Attempted,0.5,42
LR,CW_c0.5_it10,4496,4496,0.0002224199288256,0.0002224199288256,CW,,10,DoS GoldenEye,0.5,42
LR,CW_c0.5_it10,861,861,0.0,0.0,CW,,10,DoS GoldenEye - Attempted,0.5,42
LR,CW_c0.5_it10,6050,6050,0.0,0.0,CW,,10,DoS Hulk,0.5,42
LR,CW_c0.5_it10,10,10,0.0,0.0,CW,,10,DoS Hulk - Attempted,0.5,42
LR,CW_c0.5_it10,1592,1559,0.2450288646568313,0.2606783919597989,CW,,10,DoS Slowloris,0.5,42
LR,CW_c0.5_it10,465,458,0.9847161572052402,0.9849462365591398,CW,,10,DoS Slowloris - Attempted,0.5,42
LR,CW_c0.5_it10,5846,5846,0.0,0.0,CW,,10,FTP-BruteForce - Attempted,0.5,42
LR,CW_c0.5_it10,45,44,0.2045454545454545,0.2222222222222222,CW,,10,Infiltration - Communication Victim Attacker,0.5,42
LR,CW_c0.5_it10,14,0,,0.2857142857142857,CW,,10,Infiltration - Dropbox Download,0.5,42
LR,CW_c0.5_it10,4,0,,0.75,CW,,10,Infiltration - Dropbox Download - Attempted,0.5,42
LR,CW_c0.5_it10,5997,5628,0.6671997157071784,0.6868434217108554,CW,,10,Infiltration - NMAP Portscan,0.5,42
LR,CW_c0.5_it10,6041,6041,0.0,0.0,CW,,10,SSH-BruteForce,0.5,42
LR,CW_c0.5_it10,25,0,,1.0,CW,,10,Web Attack - Brute Force,0.5,42
LR,CW_c0.5_it10,23,0,,1.0,CW,,10,Web Attack - Brute Force - Attempted,0.5,42
LR,CW_c0.5_it10,7,3,1.0,1.0,CW,,10,Web Attack - SQL,0.5,42
LR,CW_c0.5_it10,2,0,,1.0,CW,,10,Web Attack - SQL - Attempted,0.5,42
LR,CW_c0.5_it10,20,0,,1.0,CW,,10,Web Attack - XSS,0.5,42
LR,CW_c0.5_it10,2,0,,0.5,CW,,10,Web Attack - XSS - Attempted,0.5,42
SVM,CW_c0.5_it10,60000,0,,,CW,,10,Benign,0.5,42
SVM,CW_c0.5_it10,6081,6081,0.006084525571452,0.006084525571452,CW,,10,Botnet Ares,0.5,42
SVM,CW_c0.5_it10,60,60,0.0,0.0,CW,,10,Botnet Ares - Attempted,0.5,42
SVM,CW_c0.5_it10,6017,6017,0.0,0.0,CW,,10,DDoS-HOIC,0.5,42
SVM,CW_c0.5_it10,6088,0,,1.0,CW,,10,DDoS-LOIC-HTTP,0.5,42
SVM,CW_c0.5_it10,502,498,0.0321285140562249,0.0398406374501992,CW,,10,DDoS-LOIC-UDP,0.5,42
SVM,CW_c0.5_it10,55,0,,1.0,CW,,10,DDoS-LOIC-UDP - Attempted,0.5,42
SVM,CW_c0.5_it10,4496,4496,0.0002224199288256,0.0002224199288256,CW,,10,DoS GoldenEye,0.5,42
SVM,CW_c0.5_it10,861,861,0.0,0.0,CW,,10,DoS GoldenEye - Attempted,0.5,42
SVM,CW_c0.5_it10,6050,6050,0.0024793388429752,0.0024793388429752,CW,,10,DoS Hulk,0.5,42
SVM,CW_c0.5_it10,10,10,0.0,0.0,CW,,10,DoS Hulk - Attempted,0.5,42
SVM,CW_c0.5_it10,1592,1559,0.386144964720975,0.3988693467336683,CW,,10,DoS Slowloris,0.5,42
SVM,CW_c0.5_it10,465,458,0.0,0.0150537634408602,CW,,10,DoS Slowloris - Attempted,0.5,42
SVM,CW_c0.5_it10,5846,5846,0.0,0.0,CW,,10,FTP-BruteForce - Attempted,0.5,42
SVM,CW_c0.5_it10,45,45,0.2666666666666666,0.2666666666666666,CW,,10,Infiltration - Communication Victim Attacker,0.5,42
SVM,CW_c0.5_it10,14,0,,0.0714285714285714,CW,,10,Infiltration - Dropbox Download,0.5,42
SVM,CW_c0.5_it10,4,0,,0.75,CW,,10,Infiltration - Dropbox Download - Attempted,0.5,42
SVM,CW_c0.5_it10,5997,5230,0.5537284894837476,0.6053026513256629,CW,,10,Infiltration - NMAP Portscan,0.5,42
SVM,CW_c0.5_it10,6041,6041,0.0,0.0,CW,,10,SSH-BruteForce,0.5,42
SVM,CW_c0.5_it10,25,0,,1.0,CW,,10,Web Attack - Brute Force,0.5,42
SVM,CW_c0.5_it10,23,0,,1.0,CW,,10,Web Attack - Brute Force - Attempted,0.5,42
SVM,CW_c0.5_it10,7,0,,1.0,CW,,10,Web Attack - SQL,0.5,42
SVM,CW_c0.5_it10,2,0,,1.0,CW,,10,Web Attack - SQL - Attempted,0.5,42
SVM,CW_c0.5_it10,20,0,,1.0,CW,,10,Web Attack - XSS,0.5,42
SVM,CW_c0.5_it10,2,0,,1.0,CW,,10,Web Attack - XSS - Attempted,0.5,42
RF,CW_c0.5_it10,60000,0,,,CW,,10,Benign,0.5,42
RF,CW_c0.5_it10,6081,6081,0.9996711067258676,0.9996711067258676,CW,,10,Botnet Ares,0.5,42
RF,CW_c0.5_it10,60,60,0.3166666666666666,0.3166666666666666,CW,,10,Botnet Ares - Attempted,0.5,42
RF,CW_c0.5_it10,6017,6017,1.0,1.0,CW,,10,DDoS-HOIC,0.5,42
RF,CW_c0.5_it10,6088,6088,0.9791392904073588,0.9791392904073588,CW,,10,DDoS-LOIC-HTTP,0.5,42
RF,CW_c0.5_it10,502,502,0.7828685258964143,0.7828685258964143,CW,,10,DDoS-LOIC-UDP,0.5,42
RF,CW_c0.5_it10,55,54,0.9444444444444444,0.9454545454545454,CW,,10,DDoS-LOIC-UDP - Attempted,0.5,42
RF,CW_c0.5_it10,4496,4496,0.9955516014234876,0.9955516014234876,CW,,10,DoS GoldenEye,0.5,42
RF,CW_c0.5_it10,861,861,1.0,1.0,CW,,10,DoS GoldenEye - Attempted,0.5,42
RF,CW_c0.5_it10,6050,6050,0.9844628099173554,0.9844628099173554,CW,,10,DoS Hulk,0.5,42
RF,CW_c0.5_it10,10,10,0.8,0.8,CW,,10,DoS Hulk - Attempted,0.5,42
RF,CW_c0.5_it10,1592,1592,0.993718592964824,0.993718592964824,CW,,10,DoS Slowloris,0.5,42
RF,CW_c0.5_it10,465,465,0.9720430107526882,0.9720430107526882,CW,,10,DoS Slowloris - Attempted,0.5,42
RF,CW_c0.5_it10,5846,5846,1.0,1.0,CW,,10,FTP-BruteForce - Attempted,0.5,42
RF,CW_c0.5_it10,45,45,0.9333333333333332,0.9333333333333332,CW,,10,Infiltration - Communication Victim Attacker,0.5,42
RF,CW_c0.5_it10,14,7,0.7142857142857143,0.8571428571428571,CW,,10,Infiltration - Dropbox Download,0.5,42
RF,CW_c0.5_it10,4,0,,1.0,CW,,10,Infiltration - Dropbox Download - Attempted,0.5,42
RF,CW_c0.5_it10,5997,5991,0.4176264396594892,0.4182091045522761,CW,,10,Infiltration - NMAP Portscan,0.5,42
RF,CW_c0.5_it10,6041,6041,1.0,1.0,CW,,10,SSH-BruteForce,0.5,42
RF,CW_c0.5_it10,25,25,0.04,0.04,CW,,10,Web Attack - Brute Force,0.5,42
RF,CW_c0.5_it10,23,22,1.0,1.0,CW,,10,Web Attack - Brute Force - Attempted,0.5,42
RF,CW_c0.5_it10,7,7,0.4285714285714285,0.4285714285714285,CW,,10,Web Attack - SQL,0.5,42
RF,CW_c0.5_it10,2,2,1.0,1.0,CW,,10,Web Attack - SQL - Attempted,0.5,42
RF,CW_c0.5_it10,20,20,0.0,0.0,CW,,10,Web Attack - XSS,0.5,42
RF,CW_c0.5_it10,2,2,1.0,1.0,CW,,10,Web Attack - XSS - Attempted,0.5,42
MLP,CW_c0.5_it10,60000,0,,,CW,,10,Benign,0.5,42
MLP,CW_c0.5_it10,6081,6081,0.9996711067258676,0.9996711067258676,CW,,10,Botnet Ares,0.5,42
MLP,CW_c0.5_it10,60,60,1.0,1.0,CW,,10,Botnet Ares - Attempted,0.5,42
MLP,CW_c0.5_it10,6017,6017,1.0,1.0,CW,,10,DDoS-HOIC,0.5,42
MLP,CW_c0.5_it10,6088,6088,1.0,1.0,CW,,10,DDoS-LOIC-HTTP,0.5,42
MLP,CW_c0.5_it10,502,502,0.7828685258964143,0.7828685258964143,CW,,10,DDoS-LOIC-UDP,0.5,42
MLP,CW_c0.5_it10,55,47,1.0,0.8545454545454545,CW,,10,DDoS-LOIC-UDP - Attempted,0.5,42
MLP,CW_c0.5_it10,4496,4496,1.0,1.0,CW,,10,DoS GoldenEye,0.5,42
MLP,CW_c0.5_it10,861,861,1.0,1.0,CW,,10,DoS GoldenEye - Attempted,0.5,42
MLP,CW_c0.5_it10,6050,6050,1.0,1.0,CW,,10,DoS Hulk,0.5,42
MLP,CW_c0.5_it10,10,10,1.0,1.0,CW,,10,DoS Hulk - Attempted,0.5,42
MLP,CW_c0.5_it10,1592,1591,1.0,0.9993718592964824,CW,,10,DoS Slowloris,0.5,42
MLP,CW_c0.5_it10,465,465,1.0,1.0,CW,,10,DoS Slowloris - Attempted,0.5,42
MLP,CW_c0.5_it10,5846,5846,1.0,1.0,CW,,10,FTP-BruteForce - Attempted,0.5,42
MLP,CW_c0.5_it10,45,44,1.0,0.9777777777777776,CW,,10,Infiltration - Communication Victim Attacker,0.5,42
MLP,CW_c0.5_it10,14,0,,0.0,CW,,10,Infiltration - Dropbox Download,0.5,42
MLP,CW_c0.5_it10,4,0,,0.0,CW,,10,Infiltration - Dropbox Download - Attempted,0.5,42
MLP,CW_c0.5_it10,5997,5867,0.9991477756945628,0.9804902451225612,CW,,10,Infiltration - NMAP Portscan,0.5,42
MLP,CW_c0.5_it10,6041,6041,1.0,1.0,CW,,10,SSH-BruteForce,0.5,42
MLP,CW_c0.5_it10,25,24,1.0,0.96,CW,,10,Web Attack - Brute Force,0.5,42
MLP,CW_c0.5_it10,23,21,1.0,0.9130434782608696,CW,,10,Web Attack - Brute Force - Attempted,0.5,42
MLP,CW_c0.5_it10,7,4,1.0,0.5714285714285714,CW,,10,Web Attack - SQL,0.5,42
MLP,CW_c0.5_it10,2,0,,0.0,CW,,10,Web Attack - SQL - Attempted,0.5,42
MLP,CW_c0.5_it10,20,20,1.0,1.0,CW,,10,Web Attack - XSS,0.5,42
MLP,CW_c0.5_it10,2,0,,0.0,CW,,10,Web Attack - XSS - Attempted,0.5,42
LR,FGSM_eps0.15,60000,0,,,FGSM,0.15,1,Benign,,7
LR,FGSM_eps0.15,5944,5940,0.9956228956228956,0.9956258411843876,FGSM,0.15,1,Botnet Ares,,7
LR,FGSM_eps0.15,51,51,0.0,0.0,FGSM,0.15,1,Botnet Ares - Attempted,,7
LR,FGSM_eps0.15,6072,6072,0.0,0.0,FGSM,0.15,1,DDoS-HOIC,,7
LR,FGSM_eps0.15,6058,0,,1.0,FGSM,0.15,1,DDoS-LOIC-HTTP,,7
LR,FGSM_eps0.15,526,505,0.0039603960396039,0.0437262357414448,FGSM,0.15,1,DDoS-LOIC-UDP,,7
LR,FGSM_eps0.15,59,0,,1.0,FGSM,0.15,1,DDoS-LOIC-UDP - Attempted,,7
LR,FGSM_eps0.15,4496,4496,0.0,0.0,FGSM,0.15,1,DoS GoldenEye,,7
LR,FGSM_eps0.15,873,873,0.0,0.0,FGSM,0.15,1,DoS GoldenEye - Attempted,,7
LR,FGSM_eps0.15,6080,6080,0.0029605263157894,0.0029605263157894,FGSM,0.15,1,DoS Hulk,,7
LR,FGSM_eps0.15,17,17,0.0,0.0,FGSM,0.15,1,DoS Hulk - Attempted,,7
LR,FGSM_eps0.15,1774,1718,0.3218859138533178,0.3432919954904171,FGSM,0.15,1,DoS Slowloris,,7
LR,FGSM_eps0.15,451,440,0.0,0.024390243902439,FGSM,0.15,1,DoS Slowloris - Attempted,,7
LR,FGSM_eps0.15,5862,5862,0.0,0.0,FGSM,0.15,1,FTP-BruteForce - Attempted,,7
LR,FGSM_eps0.15,40,38,0.6578947368421053,0.625,FGSM,0.15,1,Infiltration - Communication Victim Attacker,,7
LR,FGSM_eps0.15,15,0,,0.6,FGSM,0.15,1,Infiltration - Dropbox Download,,7
LR,FGSM_eps0.15,8,0,,0.75,FGSM,0.15,1,Infiltration - Dropbox Download - Attempted,,7
LR,FGSM_eps0.15,5945,5141,0.3450690527134799,0.4252312867956265,FGSM,0.15,1,Infiltration - NMAP Portscan,,7
LR,FGSM_eps0.15,5952,5952,0.0,0.0,FGSM,0.15,1,SSH-BruteForce,,7
LR,FGSM_eps0.15,23,0,,1.0,FGSM,0.15,1,Web Attack - Brute Force,,7
LR,FGSM_eps0.15,24,1,1.0,0.9583333333333334,FGSM,0.15,1,Web Attack - Brute Force - Attempted,,7
LR,FGSM_eps0.15,8,0,,0.875,FGSM,0.15,1,Web Attack - SQL,,7
LR,FGSM_eps0.15,2,1,1.0,1.0,FGSM,0.15,1,Web Attack - SQL - Attempted,,7
LR,FGSM_eps0.15,22,0,,1.0,FGSM,0.15,1,Web Attack - XSS,,7
LR,FGSM_eps0.15,1,0,,0.0,FGSM,0.15,1,Web Attack - XSS - Attempted,,7
SVM,FGSM_eps0.15,60000,0,,,FGSM,0.15,1,Benign,,7
SVM,FGSM_eps0.15,5944,5941,0.9956236323851204,0.9956258411843876,FGSM,0.15,1,Botnet Ares,,7
SVM,FGSM_eps0.15,51,51,0.0196078431372549,0.0196078431372549,FGSM,0.15,1,Botnet Ares - Attempted,,7
SVM,FGSM_eps0.15,6072,6072,1.0,1.0,FGSM,0.15,1,DDoS-HOIC,,7
SVM,FGSM_eps0.15,6058,0,,1.0,FGSM,0.15,1,DDoS-LOIC-HTTP,,7
SVM,FGSM_eps0.15,526,505,0.0,0.0399239543726235,FGSM,0.15,1,DDoS-LOIC-UDP,,7
SVM,FGSM_eps0.15,59,0,,1.0,FGSM,0.15,1,DDoS-LOIC-UDP - Attempted,,7
SVM,FGSM_eps0.15,4496,4496,0.0,0.0,FGSM,0.15,1,DoS GoldenEye,,7
SVM,FGSM_eps0.15,873,873,0.0,0.0,FGSM,0.15,1,DoS GoldenEye - Attempted,,7
SVM,FGSM_eps0.15,6080,6080,0.0029605263157894,0.0029605263157894,FGSM,0.15,1,DoS Hulk,,7
SVM,FGSM_eps0.15,17,17,0.6470588235294118,0.6470588235294118,FGSM,0.15,1,DoS Hulk - Attempted,,7
SVM,FGSM_eps0.15,1774,1718,0.3242142025611176,0.3455467869222097,FGSM,0.15,1,DoS Slowloris,,7
SVM,FGSM_eps0.15,451,440,0.0,0.024390243902439,FGSM,0.15,1,DoS Slowloris - Attempted,,7
SVM,FGSM_eps0.15,5862,5862,0.0,0.0,FGSM,0.15,1,FTP-BruteForce - Attempted,,7
SVM,FGSM_eps0.15,40,40,0.025,0.025,FGSM,0.15,1,Infiltration - Communication Victim Attacker,,7
SVM,FGSM_eps0.15,15,0,,0.0666666666666666,FGSM,0.15,1,Infiltration - Dropbox Download,,7
SVM,FGSM_eps0.15,8,0,,0.5,FGSM,0.15,1,Infiltration - Dropbox Download - Attempted,,7
SVM,FGSM_eps0.15,5945,4785,0.3669801462904911,0.4819175777964676,FGSM,0.15,1,Infiltration - NMAP Portscan,,7
SVM,FGSM_eps0.15,5952,5952,0.0,0.0,FGSM,0.15,1,SSH-BruteForce,,7
SVM,FGSM_eps0.15,23,0,,0.9565217391304348,FGSM,0.15,1,Web Attack - Brute Force,,7
SVM,FGSM_eps0.15,24,1,1.0,0.9583333333333334,FGSM,0.15,1,Web Attack - Brute Force - Attempted,,7
SVM,FGSM_eps0.15,8,0,,0.875,FGSM,0.15,1,Web Attack - SQL,,7
SVM,FGSM_eps0.15,2,0,,1.0,FGSM,0.15,1,Web Attack - SQL - Attempted,,7
SVM,FGSM_eps0.15,22,0,,1.0,FGSM,0.15,1,Web Attack - XSS,,7
SVM,FGSM_eps0.15,1,0,,0.0,FGSM,0.15,1,Web Attack - XSS - Attempted,,7
RF,FGSM_eps0.15,60000,0,,,FGSM,0.15,1,Benign,,7
RF,FGSM_eps0.15,5944,5944,1.0,1.0,FGSM,0.15,1,Botnet Ares,,7
RF,FGSM_eps0.15,51,51,1.0,1.0,FGSM,0.15,1,Botnet Ares - Attempted,,7
RF,FGSM_eps0.15,6072,6072,1.0,1.0,FGSM,0.15,1,DDoS-HOIC,,7
RF,FGSM_eps0.15,6058,6058,1.0,1.0,FGSM,0.15,1,DDoS-LOIC-HTTP,,7
RF,FGSM_eps0.15,526,526,0.053231939163498,0.053231939163498,FGSM,0.15,1,DDoS-LOIC-UDP,,7
RF,FGSM_eps0.15,59,58,1.0,1.0,FGSM,0.15,1,DDoS-LOIC-UDP - Attempted,,7
RF,FGSM_eps0.15,4496,4496,1.0,1.0,FGSM,0.15,1,DoS GoldenEye,,7
RF,FGSM_eps0.15,873,873,1.0,1.0,FGSM,0.15,1,DoS GoldenEye - Attempted,,7
RF,FGSM_eps0.15,6080,6080,1.0,1.0,FGSM,0.15,1,DoS Hulk,,7
RF,FGSM_eps0.15,17,17,1.0,1.0,FGSM,0.15,1,DoS Hulk - Attempted,,7
RF,FGSM_eps0.15,1774,1774,0.6668545659526494,0.6668545659526494,FGSM,0.15,1,DoS Slowloris,,7
RF,FGSM_eps0.15,451,451,1.0,1.0,FGSM,0.15,1,DoS Slowloris - Attempted,,7
RF,FGSM_eps0.15,5862,5862,1.0,1.0,FGSM,0.15,1,FTP-BruteForce - Attempted,,7
RF,FGSM_eps0.15,40,40,0.9,0.9,FGSM,0.15,1,Infiltration - Communication Victim Attacker,,7
RF,FGSM_eps0.15,15,8,1.0,1.0,FGSM,0.15,1,Infiltration - Dropbox Download,,7
RF,FGSM_eps0.15,8,1,1.0,1.0,FGSM,0.15,1,Infiltration - Dropbox Download - Attempted,,7
RF,FGSM_eps0.15,5945,5940,0.9584175084175084,0.9584524810765348,FGSM,0.15,1,Infiltration - NMAP Portscan,,7
RF,FGSM_eps0.15,5952,5952,1.0,1.0,FGSM,0.15,1,SSH-BruteForce,,7
RF,FGSM_eps0.15,23,22,1.0,1.0,FGSM,0.15,1,Web Attack - Brute Force,,7
RF,FGSM_eps0.15,24,23,1.0,1.0,FGSM,0.15,1,Web Attack - Brute Force - Attempted,,7
RF,FGSM_eps0.15,8,6,1.0,1.0,FGSM,0.15,1,Web Attack - SQL,,7
RF,FGSM_eps0.15,2,2,1.0,1.0,FGSM,0.15,1,Web Attack - SQL - Attempted,,7
RF,FGSM_eps0.15,22,22,1.0,1.0,FGSM,0.15,1,Web Attack - XSS,,7
RF,FGSM_eps0.15,1,1,1.0,1.0,FGSM,0.15,1,Web Attack - XSS - Attempted,,7
MLP,FGSM_eps0.15,60000,0,,,FGSM,0.15,1,Benign,,7
MLP,FGSM_eps0.15,5944,5944,0.9949528936742934,0.9949528936742934,FGSM,0.15,1,Botnet Ares,,7
MLP,FGSM_eps0.15,51,51,1.0,1.0,FGSM,0.15,1,Botnet Ares - Attempted,,7
MLP,FGSM_eps0.15,6072,6072,1.0,1.0,FGSM,0.15,1,DDoS-HOIC,,7
MLP,FGSM_eps0.15,6058,6058,1.0,1.0,FGSM,0.15,1,DDoS-LOIC-HTTP,,7
MLP,FGSM_eps0.15,526,522,0.0325670498084291,0.0323193916349809,FGSM,0.15,1,DDoS-LOIC-UDP,,7
MLP,FGSM_eps0.15,59,51,1.0,0.864406779661017,FGSM,0.15,1,DDoS-LOIC-UDP - Attempted,,7
MLP,FGSM_eps0.15,4496,4496,0.9891014234875444,0.9891014234875444,FGSM,0.15,1,DoS GoldenEye,,7
MLP,FGSM_eps0.15,873,873,0.9988545246277204,0.9988545246277204,FGSM,0.15,1,DoS GoldenEye - Attempted,,7
MLP,FGSM_eps0.15,6080,6080,1.0,1.0,FGSM,0.15,1,DoS Hulk,,7
MLP,FGSM_eps0.15,17,17,1.0,1.0,FGSM,0.15,1,DoS Hulk - Attempted,,7
MLP,FGSM_eps0.15,1774,1774,1.0,1.0,FGSM,0.15,1,DoS Slowloris,,7
MLP,FGSM_eps0.15,451,451,1.0,1.0,FGSM,0.15,1,DoS Slowloris - Attempted,,7
MLP,FGSM_eps0.15,5862,5862,0.783179802115319,0.783179802115319,FGSM,0.15,1,FTP-BruteForce - Attempted,,7
MLP,FGSM_eps0.15,40,37,0.0,0.025,FGSM,0.15,1,Infiltration - Communication Victim Attacker,,7
MLP,FGSM_eps0.15,15,0,,0.5333333333333333,FGSM,0.15,1,Infiltration - Dropbox Download,,7
MLP,FGSM_eps0.15,8,0,,0.75,FGSM,0.15,1,Infiltration - Dropbox Download - Attempted,,7
MLP,FGSM_eps0.15,5945,5825,0.9550214592274678,0.9362489486963836,FGSM,0.15,1,Infiltration - NMAP Portscan,,7
MLP,FGSM_eps0.15,5952,5952,1.0,1.0,FGSM,0.15,1,SSH-BruteForce,,7
MLP,FGSM_eps0.15,23,22,1.0,0.9565217391304348,FGSM,0.15,1,Web Attack - Brute Force,,7
MLP,FGSM_eps0.15,24,23,1.0,0.9583333333333334,FGSM,0.15,1,Web Attack - Brute Force - Attempted,,7
MLP,FGSM_eps0.15,8,7,1.0,0.875,FGSM,0.15,1,Web Attack - SQL,,7
MLP,FGSM_eps0.15,2,2,1.0,1.0,FGSM,0.15,1,Web Attack - SQL - Attempted,,7
MLP,FGSM_eps0.15,22,22,1.0,1.0,FGSM,0.15,1,Web Attack - XSS,,7
MLP,FGSM_eps0.15,1,0,,0.0,FGSM,0.15,1,Web Attack - XSS - Attempted,,7
LR,FGSM_eps0.3,60000,0,,,FGSM,0.3,1,Benign,,7
LR,FGSM_eps0.3,5944,5940,0.9956228956228956,0.9956258411843876,FGSM,0.3,1,Botnet Ares,,7
LR,FGSM_eps0.3,51,51,0.3137254901960784,0.3137254901960784,FGSM,0.3,1,Botnet Ares - Attempted,,7
LR,FGSM_eps0.3,6072,6072,1.0,1.0,FGSM,0.3,1,DDoS-HOIC,,7
LR,FGSM_eps0.3,6058,0,,1.0,FGSM,0.3,1,DDoS-LOIC-HTTP,,7
LR,FGSM_eps0.3,526,505,0.0039603960396039,0.0437262357414448,FGSM,0.3,1,DDoS-LOIC-UDP,,7
LR,FGSM_eps0.3,59,0,,1.0,FGSM,0.3,1,DDoS-LOIC-UDP - Attempted,,7
LR,FGSM_eps0.3,4496,4496,0.0938612099644128,0.0938612099644128,FGSM,0.3,1,DoS GoldenEye,,7
LR,FGSM_eps0.3,873,873,0.0034364261168384,0.0034364261168384,FGSM,0.3,1,DoS GoldenEye - Attempted,,7
LR,FGSM_eps0.3,6080,6080,0.0421052631578947,0.0421052631578947,FGSM,0.3,1,DoS Hulk,,7
LR,FGSM_eps0.3,17,17,0.7058823529411765,0.7058823529411765,FGSM,0.3,1,DoS Hulk - Attempted,,7
LR,FGSM_eps0.3,1774,1718,0.8847497089639115,0.8883878241262683,FGSM,0.3,1,DoS Slowloris,,7
LR,FGSM_eps0.3,451,440,0.0,0.024390243902439,FGSM,0.3,1,DoS Slowloris - Attempted,,7
LR,FGSM_eps0.3,5862,5862,0.0,0.0,FGSM,0.3,1,FTP-BruteForce - Attempted,,7
LR,FGSM_eps0.3,40,38,0.7105263157894737,0.675,FGSM,0.3,1,Infiltration - Communication Victim Attacker,,7
LR,FGSM_eps0.3,15,0,,0.4,FGSM,0.3,1,Infiltration - Dropbox Download,,7
LR,FGSM_eps0.3,8,0,,0.625,FGSM,0.3,1,Infiltration - Dropbox Download - Attempted,,7
LR,FGSM_eps0.3,5945,5141,0.4617778642287493,0.519932716568545,FGSM,0.3,1,Infiltration - NMAP Portscan,,7
LR,FGSM_eps0.3,5952,5952,0.0,0.0,FGSM,0.3,1,SSH-BruteForce,,7
LR,FGSM_eps0.3,23,0,,1.0,FGSM,0.3,1,Web Attack - Brute Force,,7
LR,FGSM_eps0.3,24,1,1.0,0.9583333333333334,FGSM,0.3,1,Web Attack - Brute Force - Attempted,,7
LR,FGSM_eps0.3,8,0,,0.875,FGSM,0.3,1,Web Attack - SQL,,7
LR,FGSM_eps0.3,2,1,1.0,1.0,FGSM,0.3,1,Web Attack - SQL - Attempted,,7
LR,FGSM_eps0.3,22,0,,1.0,FGSM,0.3,1,Web Attack - XSS,,7
LR,FGSM_eps0.3,1,0,,0.0,FGSM,0.3,1,Web Attack - XSS - Attempted,,7
SVM,FGSM_eps0.3,60000,0,,,FGSM,0.3,1,Benign,,7
SVM,FGSM_eps0.3,5944,5941,0.9956236323851204,0.9956258411843876,FGSM,0.3,1,Botnet Ares,,7
SVM,FGSM_eps0.3,51,51,1.0,1.0,FGSM,0.3,1,Botnet Ares - Attempted,,7
SVM,FGSM_eps0.3,6072,6072,1.0,1.0,FGSM,0.3,1,DDoS-HOIC,,7
SVM,FGSM_eps0.3,6058,0,,1.0,FGSM,0.3,1,DDoS-LOIC-HTTP,,7
SVM,FGSM_eps0.3,526,505,0.0039603960396039,0.0418250950570342,FGSM,0.3,1,DDoS-LOIC-UDP,,7
SVM,FGSM_eps0.3,59,0,,1.0,FGSM,0.3,1,DDoS-LOIC-UDP - Attempted,,7
SVM,FGSM_eps0.3,4496,4496,0.1201067615658363,0.1201067615658363,FGSM,0.3,1,DoS GoldenEye,,7
SVM,FGSM_eps0.3,873,873,0.0103092783505154,0.0103092783505154,FGSM,0.3,1,DoS GoldenEye - Attempted,,7
SVM,FGSM_eps0.3,6080,6080,0.0473684210526315,0.0473684210526315,FGSM,0.3,1,DoS Hulk,,7
SVM,FGSM_eps0.3,17,17,1.0,1.0,FGSM,0.3,1,DoS Hulk - Attempted,,7
SVM,FGSM_eps0.3,1774,1718,0.9284051222351573,0.9306651634723788,FGSM,0.3,1,DoS Slowloris,,7
SVM,FGSM_eps0.3,451,440,1.0,1.0,FGSM,0.3,1,DoS Slowloris - Attempted,,7
SVM,FGSM_eps0.3,5862,5862,0.1306721255544183,0.1306721255544183,FGSM,0.3,1,FTP-BruteForce - Attempted,,7
SVM,FGSM_eps0.3,40,40,0.675,0.675,FGSM,0.3,1,Infiltration - Communication Victim Attacker,,7
SVM,FGSM_eps0.3,15,0,,0.0666666666666666,FGSM,0.3,1,Infiltration - Dropbox Download,,7
SVM,FGSM_eps0.3,8,0,,0.25,FGSM,0.3,1,Infiltration - Dropbox Download - Attempted,,7
SVM,FGSM_eps0.3,5945,4785,0.7694879832810867,0.7998317914213625,FGSM,0.3,1,Infiltration - NMAP Portscan,,7
SVM,FGSM_eps0.3,5952,5952,1.0,1.0,FGSM,0.3,1,SSH-BruteForce,,7
SVM,FGSM_eps0.3,23,0,,0.9565217391304348,FGSM,0.3,1,Web Attack - Brute Force,,7
SVM,FGSM_eps0.3,24,1,1.0,0.9583333333333334,FGSM,0.3,1,Web Attack - Brute Force - Attempted,,7
SVM,FGSM_eps0.3,8,0,,0.875,FGSM,0.3,1,Web Attack - SQL,,7
SVM,FGSM_eps0.3,2,0,,1.0,FGSM,0.3,1,Web Attack - SQL - Attempted,,7
SVM,FGSM_eps0.3,22,0,,1.0,FGSM,0.3,1,Web Attack - XSS,,7
SVM,FGSM_eps0.3,1,0,,0.0,FGSM,0.3,1,Web Attack - XSS - Attempted,,7
RF,FGSM_eps0.3,60000,0,,,FGSM,0.3,1,Benign,,7
RF,FGSM_eps0.3,5944,5944,1.0,1.0,FGSM,0.3,1,Botnet Ares,,7
RF,FGSM_eps0.3,51,51,1.0,1.0,FGSM,0.3,1,Botnet Ares - Attempted,,7
RF,FGSM_eps0.3,6072,6072,1.0,1.0,FGSM,0.3,1,DDoS-HOIC,,7
RF,FGSM_eps0.3,6058,6058,1.0,1.0,FGSM,0.3,1,DDoS-LOIC-HTTP,,7
RF,FGSM_eps0.3,526,526,0.053231939163498,0.053231939163498,FGSM,0.3,1,DDoS-LOIC-UDP,,7
RF,FGSM_eps0.3,59,58,1.0,1.0,FGSM,0.3,1,DDoS-LOIC-UDP - Attempted,,7
RF,FGSM_eps0.3,4496,4496,1.0,1.0,FGSM,0.3,1,DoS GoldenEye,,7
RF,FGSM_eps0.3,873,873,1.0,1.0,FGSM,0.3,1,DoS GoldenEye - Attempted,,7
RF,FGSM_eps0.3,6080,6080,1.0,1.0,FGSM,0.3,1,DoS Hulk,,7
RF,FGSM_eps0.3,17,17,1.0,1.0,FGSM,0.3,1,DoS Hulk - Attempted,,7
RF,FGSM_eps0.3,1774,1774,0.6668545659526494,0.6668545659526494,FGSM,0.3,1,DoS Slowloris,,7
RF,FGSM_eps0.3,451,451,1.0,1.0,FGSM,0.3,1,DoS Slowloris - Attempted,,7
RF,FGSM_eps0.3,5862,5862,1.0,1.0,FGSM,0.3,1,FTP-BruteForce - Attempted,,7
RF,FGSM_eps0.3,40,40,0.95,0.95,FGSM,0.3,1,Infiltration - Communication Victim Attacker,,7
RF,FGSM_eps0.3,15,8,1.0,1.0,FGSM,0.3,1,Infiltration - Dropbox Download,,7
RF,FGSM_eps0.3,8,1,1.0,1.0,FGSM,0.3,1,Infiltration - Dropbox Download - Attempted,,7
RF,FGSM_eps0.3,5945,5940,0.9996632996632996,0.9996635828427248,FGSM,0.3,1,Infiltration - NMAP Portscan,,7
RF,FGSM_eps0.3,5952,5952,1.0,1.0,FGSM,0.3,1,SSH-BruteForce,,7
RF,FGSM_eps0.3,23,22,1.0,1.0,FGSM,0.3,1,Web Attack - Brute Force,,7
RF,FGSM_eps0.3,24,23,1.0,1.0,FGSM,0.3,1,Web Attack - Brute Force - Attempted,,7
RF,FGSM_eps0.3,8,6,1.0,1.0,FGSM,0.3,1,Web Attack - SQL,,7
RF,FGSM_eps0.3,2,2,1.0,1.0,FGSM,0.3,1,Web Attack - SQL - Attempted,,7
RF,FGSM_eps0.3,22,22,1.0,1.0,FGSM,0.3,1,Web Attack - XSS,,7
RF,FGSM_eps0.3,1,1,1.0,1.0,FGSM,0.3,1,Web Attack - XSS - Attempted,,7
MLP,FGSM_eps0.3,60000,0,,,FGSM,0.3,1,Benign,,7
MLP,FGSM_eps0.3,5944,5944,0.9949528936742934,0.9949528936742934,FGSM,0.3,1,Botnet Ares,,7
MLP,FGSM_eps0.3,51,51,1.0,1.0,FGSM,0.3,1,Botnet Ares - Attempted,,7
MLP,FGSM_eps0.3,6072,6072,1.0,1.0,FGSM,0.3,1,DDoS-HOIC,,7
MLP,FGSM_eps0.3,6058,6058,1.0,1.0,FGSM,0.3,1,DDoS-LOIC-HTTP,,7
MLP,FGSM_eps0.3,526,522,0.0363984674329501,0.0361216730038022,FGSM,0.3,1,DDoS-LOIC-UDP,,7
MLP,FGSM_eps0.3,59,51,1.0,0.864406779661017,FGSM,0.3,1,DDoS-LOIC-UDP - Attempted,,7
MLP,FGSM_eps0.3,4496,4496,1.0,1.0,FGSM,0.3,1,DoS GoldenEye,,7
MLP,FGSM_eps0.3,873,873,1.0,1.0,FGSM,0.3,1,DoS GoldenEye - Attempted,,7
MLP,FGSM_eps0.3,6080,6080,1.0,1.0,FGSM,0.3,1,DoS Hulk,,7
MLP,FGSM_eps0.3,17,17,1.0,1.0,FGSM,0.3,1,DoS Hulk - Attempted,,7
MLP,FGSM_eps0.3,1774,1774,1.0,1.0,FGSM,0.3,1,DoS Slowloris,,7
MLP,FGSM_eps0.3,451,451,1.0,1.0,FGSM,0.3,1,DoS Slowloris - Attempted,,7
MLP,FGSM_eps0.3,5862,5862,0.783179802115319,0.783179802115319,FGSM,0.3,1,FTP-BruteForce - Attempted,,7
MLP,FGSM_eps0.3,40,37,0.8648648648648649,0.825,FGSM,0.3,1,Infiltration - Communication Victim Attacker,,7
MLP,FGSM_eps0.3,15,0,,0.5333333333333333,FGSM,0.3,1,Infiltration - Dropbox Download,,7
MLP,FGSM_eps0.3,8,0,,0.875,FGSM,0.3,1,Infiltration - Dropbox Download - Attempted,,7
MLP,FGSM_eps0.3,5945,5825,0.9739055793991416,0.9542472666105972,FGSM,0.3,1,Infiltration - NMAP Portscan,,7
MLP,FGSM_eps0.3,5952,5952,1.0,1.0,FGSM,0.3,1,SSH-BruteForce,,7
MLP,FGSM_eps0.3,23,22,1.0,0.9565217391304348,FGSM,0.3,1,Web Attack - Brute Force,,7
MLP,FGSM_eps0.3,24,23,1.0,0.9583333333333334,FGSM,0.3,1,Web Attack - Brute Force - Attempted,,7
MLP,FGSM_eps0.3,8,7,1.0,0.875,FGSM,0.3,1,Web Attack - SQL,,7
MLP,FGSM_eps0.3,2,2,1.0,1.0,FGSM,0.3,1,Web Attack - SQL - Attempted,,7
MLP,FGSM_eps0.3,22,22,1.0,1.0,FGSM,0.3,1,Web Attack - XSS,,7
MLP,FGSM_eps0.3,1,0,,0.0,FGSM,0.3,1,Web Attack - XSS - Attempted,,7
LR,FGSM_eps0.5,60000,0,,,FGSM,0.5,1,Benign,,7
LR,FGSM_eps0.5,5944,5940,0.9956228956228956,0.9956258411843876,FGSM,0.5,1,Botnet Ares,,7
LR,FGSM_eps0.5,51,51,1.0,1.0,FGSM,0.5,1,Botnet Ares - Attempted,,7
LR,FGSM_eps0.5,6072,6072,1.0,1.0,FGSM,0.5,1,DDoS-HOIC,,7
LR,FGSM_eps0.5,6058,0,,1.0,FGSM,0.5,1,DDoS-LOIC-HTTP,,7
LR,FGSM_eps0.5,526,505,0.0059405940594059,0.0437262357414448,FGSM,0.5,1,DDoS-LOIC-UDP,,7
LR,FGSM_eps0.5,59,0,,1.0,FGSM,0.5,1,DDoS-LOIC-UDP - Attempted,,7
LR,FGSM_eps0.5,4496,4496,0.1125444839857651,0.1125444839857651,FGSM,0.5,1,DoS GoldenEye,,7
LR,FGSM_eps0.5,873,873,0.0103092783505154,0.0103092783505154,FGSM,0.5,1,DoS GoldenEye - Attempted,,7
LR,FGSM_eps0.5,6080,6080,0.0430921052631579,0.0430921052631579,FGSM,0.5,1,DoS Hulk,,7
LR,FGSM_eps0.5,17,17,1.0,1.0,FGSM,0.5,1,DoS Hulk - Attempted,,7
LR,FGSM_eps0.5,1774,1718,0.9284051222351573,0.9306651634723788,FGSM,0.5,1,DoS Slowloris,,7
LR,FGSM_eps0.5,451,440,1.0,1.0,FGSM,0.5,1,DoS Slowloris - Attempted,,7
LR,FGSM_eps0.5,5862,5862,0.3072330262708973,0.3072330262708973,FGSM,0.5,1,FTP-BruteForce - Attempted,,7
LR,FGSM_eps0.5,40,38,0.7368421052631579,0.7,FGSM,0.5,1,Infiltration - Communication Victim Attacker,,7
LR,FGSM_eps0.5,15,0,,0.2,FGSM,0.5,1,Infiltration - Dropbox Download,,7
LR,FGSM_eps0.5,8,0,,0.5,FGSM,0.5,1,Infiltration - Dropbox Download - Attempted,,7
LR,FGSM_eps0.5,5945,5141,0.8130713868897101,0.823044575273339,FGSM,0.5,1,Infiltration - NMAP Portscan,,7
LR,FGSM_eps0.5,5952,5952,0.0,0.0,FGSM,0.5,1,SSH-BruteForce,,7
LR,FGSM_eps0.5,23,0,,0.9565217391304348,FGSM,0.5,1,Web Attack - Brute Force,,7
LR,FGSM_eps0.5,24,1,1.0,0.9583333333333334,FGSM,0.5,1,Web Attack - Brute Force - Attempted,,7
LR,FGSM_eps0.5,8,0,,0.875,FGSM,0.5,1,Web Attack - SQL,,7
LR,FGSM_eps0.5,2,1,1.0,1.0,FGSM,0.5,1,Web Attack - SQL - Attempted,,7
LR,FGSM_eps0.5,22,0,,1.0,FGSM,0.5,1,Web Attack - XSS,,7
LR,FGSM_eps0.5,1,0,,0.0,FGSM,0.5,1,Web Attack - XSS - Attempted,,7
SVM,FGSM_eps0.5,60000,0,,,FGSM,0.5,1,Benign,,7
SVM,FGSM_eps0.5,5944,5941,0.9956236323851204,0.9956258411843876,FGSM,0.5,1,Botnet Ares,,7
SVM,FGSM_eps0.5,51,51,1.0,1.0,FGSM,0.5,1,Botnet Ares - Attempted,,7
SVM,FGSM_eps0.5,6072,6072,1.0,1.0,FGSM,0.5,1,DDoS-HOIC,,7
SVM,FGSM_eps0.5,6058,0,,1.0,FGSM,0.5,1,DDoS-LOIC-HTTP,,7
SVM,FGSM_eps0.5,526,505,0.0059405940594059,0.0380228136882129,FGSM,0.5,1,DDoS-LOIC-UDP,,7
SVM,FGSM_eps0.5,59,0,,1.0,FGSM,0.5,1,DDoS-LOIC-UDP - Attempted,,7
SVM,FGSM_eps0.5,4496,4496,0.9790925266903916,0.9790925266903916,FGSM,0.5,1,DoS GoldenEye,,7
SVM,FGSM_eps0.5,873,873,0.9988545246277204,0.9988545246277204,FGSM,0.5,1,DoS GoldenEye - Attempted,,7
SVM,FGSM_eps0.5,6080,6080,0.996875,0.996875,FGSM,0.5,1,DoS Hulk,,7
SVM,FGSM_eps0.5,17,17,1.0,1.0,FGSM,0.5,1,DoS Hulk - Attempted,,7
SVM,FGSM_eps0.5,1774,1718,0.9924330616996508,0.992671927846674,FGSM,0.5,1,DoS Slowloris,,7
SVM,FGSM_eps0.5,451,440,1.0,1.0,FGSM,0.5,1,DoS Slowloris - Attempted,,7
SVM,FGSM_eps0.5,5862,5862,0.7557147731149778,0.7557147731149778,FGSM,0.5,1,FTP-BruteForce - Attempted,,7
SVM,FGSM_eps0.5,40,40,0.9,0.9,FGSM,0.5,1,Infiltration - Communication Victim Attacker,,7
SVM,FGSM_eps0.5,15,0,,0.0666666666666666,FGSM,0.5,1,Infiltration - Dropbox Download,,7
SVM,FGSM_eps0.5,8,0,,0.125,FGSM,0.5,1,Infiltration - Dropbox Download - Attempted,,7
SVM,FGSM_eps0.5,5945,4785,0.8522466039707419,0.8661059714045416,FGSM,0.5,1,Infiltration - NMAP Portscan,,7
SVM,FGSM_eps0.5,5952,5952,1.0,1.0,FGSM,0.5,1,SSH-BruteForce,,7
SVM,FGSM_eps0.5,23,0,,0.9565217391304348,FGSM,0.5,1,Web Attack - Brute Force,,7
SVM,FGSM_eps0.5,24,1,1.0,0.9583333333333334,FGSM,0.5,1,Web Attack - Brute Force - Attempted,,7
SVM,FGSM_eps0.5,8,0,,0.875,FGSM,0.5,1,Web Attack - SQL,,7
SVM,FGSM_eps0.5,2,0,,1.0,FGSM,0.5,1,Web Attack - SQL - Attempted,,7
SVM,FGSM_eps0.5,22,0,,1.0,FGSM,0.5,1,Web Attack - XSS,,7
SVM,FGSM_eps0.5,1,0,,0.0,FGSM,0.5,1,Web Attack - XSS - Attempted,,7
RF,FGSM_eps0.5,60000,0,,,FGSM,0.5,1,Benign,,7
RF,FGSM_eps0.5,5944,5944,1.0,1.0,FGSM,0.5,1,Botnet Ares,,7
RF,FGSM_eps0.5,51,51,1.0,1.0,FGSM,0.5,1,Botnet Ares - Attempted,,7
RF,FGSM_eps0.5,6072,6072,1.0,1.0,FGSM,0.5,1,DDoS-HOIC,,7
RF,FGSM_eps0.5,6058,6058,1.0,1.0,FGSM,0.5,1,DDoS-LOIC-HTTP,,7
RF,FGSM_eps0.5,526,526,0.053231939163498,0.053231939163498,FGSM,0.5,1,DDoS-LOIC-UDP,,7
RF,FGSM_eps0.5,59,58,1.0,1.0,FGSM,0.5,1,DDoS-LOIC-UDP - Attempted,,7
RF,FGSM_eps0.5,4496,4496,1.0,1.0,FGSM,0.5,1,DoS GoldenEye,,7
RF,FGSM_eps0.5,873,873,1.0,1.0,FGSM,0.5,1,DoS GoldenEye - Attempted,,7
RF,FGSM_eps0.5,6080,6080,1.0,1.0,FGSM,0.5,1,DoS Hulk,,7
RF,FGSM_eps0.5,17,17,1.0,1.0,FGSM,0.5,1,DoS Hulk - Attempted,,7
RF,FGSM_eps0.5,1774,1774,0.9954904171364148,0.9954904171364148,FGSM,0.5,1,DoS Slowloris,,7
RF,FGSM_eps0.5,451,451,1.0,1.0,FGSM,0.5,1,DoS Slowloris - Attempted,,7
RF,FGSM_eps0.5,5862,5862,1.0,1.0,FGSM,0.5,1,FTP-BruteForce - Attempted,,7
RF,FGSM_eps0.5,40,40,0.925,0.925,FGSM,0.5,1,Infiltration - Communication Victim Attacker,,7
RF,FGSM_eps0.5,15,8,0.75,0.8,FGSM,0.5,1,Infiltration - Dropbox Download,,7
RF,FGSM_eps0.5,8,1,1.0,1.0,FGSM,0.5,1,Infiltration - Dropbox Download - Attempted,,7
RF,FGSM_eps0.5,5945,5940,0.998989898989899,0.9989907485281748,FGSM,0.5,1,Infiltration - NMAP Portscan,,7
RF,FGSM_eps0.5,5952,5952,1.0,1.0,FGSM,0.5,1,SSH-BruteForce,,7
RF,FGSM_eps0.5,23,22,1.0,1.0,FGSM,0.5,1,Web Attack - Brute Force,,7
RF,FGSM_eps0.5,24,23,1.0,1.0,FGSM,0.5,1,Web Attack - Brute Force - Attempted,,7
RF,FGSM_eps0.5,8,6,1.0,1.0,FGSM,0.5,1,Web Attack - SQL,,7
RF,FGSM_eps0.5,2,2,1.0,1.0,FGSM,0.5,1,Web Attack - SQL - Attempted,,7
RF,FGSM_eps0.5,22,22,1.0,1.0,FGSM,0.5,1,Web Attack - XSS,,7
RF,FGSM_eps0.5,1,1,1.0,1.0,FGSM,0.5,1,Web Attack - XSS - Attempted,,7
MLP,FGSM_eps0.5,60000,0,,,FGSM,0.5,1,Benign,,7
MLP,FGSM_eps0.5,5944,5944,0.9957940780619112,0.9957940780619112,FGSM,0.5,1,Botnet Ares,,7
MLP,FGSM_eps0.5,51,51,1.0,1.0,FGSM,0.5,1,Botnet Ares - Attempted,,7
MLP,FGSM_eps0.5,6072,6072,1.0,1.0,FGSM,0.5,1,DDoS-HOIC,,7
MLP,FGSM_eps0.5,6058,6058,1.0,1.0,FGSM,0.5,1,DDoS-LOIC-HTTP,,7
MLP,FGSM_eps0.5,526,522,0.0402298850574712,0.0399239543726235,FGSM,0.5,1,DDoS-LOIC-UDP,,7
MLP,FGSM_eps0.5,59,51,1.0,0.864406779661017,FGSM,0.5,1,DDoS-LOIC-UDP - Attempted,,7
MLP,FGSM_eps0.5,4496,4496,1.0,1.0,FGSM,0.5,1,DoS GoldenEye,,7
MLP,FGSM_eps0.5,873,873,1.0,1.0,FGSM,0.5,1,DoS GoldenEye - Attempted,,7
MLP,FGSM_eps0.5,6080,6080,1.0,1.0,FGSM,0.5,1,DoS Hulk,,7
MLP,FGSM_eps0.5,17,17,1.0,1.0,FGSM,0.5,1,DoS Hulk - Attempted,,7
MLP,FGSM_eps0.5,1774,1774,1.0,1.0,FGSM,0.5,1,DoS Slowloris,,7
MLP,FGSM_eps0.5,451,451,1.0,1.0,FGSM,0.5,1,DoS Slowloris - Attempted,,7
MLP,FGSM_eps0.5,5862,5862,1.0,1.0,FGSM,0.5,1,FTP-BruteForce - Attempted,,7
MLP,FGSM_eps0.5,40,37,1.0,0.95,FGSM,0.5,1,Infiltration - Communication Victim Attacker,,7
MLP,FGSM_eps0.5,15,0,,0.5333333333333333,FGSM,0.5,1,Infiltration - Dropbox Download,,7
MLP,FGSM_eps0.5,8,0,,0.875,FGSM,0.5,1,Infiltration - Dropbox Download - Attempted,,7
MLP,FGSM_eps0.5,5945,5825,0.9958798283261804,0.9757779646761984,FGSM,0.5,1,Infiltration - NMAP Portscan,,7
MLP,FGSM_eps0.5,5952,5952,1.0,1.0,FGSM,0.5,1,SSH-BruteForce,,7
MLP,FGSM_eps0.5,23,22,1.0,0.9565217391304348,FGSM,0.5,1,Web Attack - Brute Force,,7
MLP,FGSM_eps0.5,24,23,1.0,0.9583333333333334,FGSM,0.5,1,Web Attack - Brute Force - Attempted,,7
MLP,FGSM_eps0.5,8,7,1.0,0.875,FGSM,0.5,1,Web Attack - SQL,,7
MLP,FGSM_eps0.5,2,2,1.0,1.0,FGSM,0.5,1,Web Attack - SQL - Attempted,,7
MLP,FGSM_eps0.5,22,22,1.0,1.0,FGSM,0.5,1,Web Attack - XSS,,7
MLP,FGSM_eps0.5,1,0,,0.0,FGSM,0.5,1,Web Attack - XSS - Attempted,,7
LR,FGSM_eps0.75,60000,0,,,FGSM,0.75,1,Benign,,7
LR,FGSM_eps0.75,5944,5940,0.9956228956228956,0.9956258411843876,FGSM,0.75,1,Botnet Ares,,7
LR,FGSM_eps0.75,51,51,1.0,1.0,FGSM,0.75,1,Botnet Ares - Attempted,,7
LR,FGSM_eps0.75,6072,6072,1.0,1.0,FGSM,0.75,1,DDoS-HOIC,,7
LR,FGSM_eps0.75,6058,0,,1.0,FGSM,0.75,1,DDoS-LOIC-HTTP,,7
LR,FGSM_eps0.75,526,505,0.0118811881188118,0.0494296577946768,FGSM,0.75,1,DDoS-LOIC-UDP,,7
LR,FGSM_eps0.75,59,0,,1.0,FGSM,0.75,1,DDoS-LOIC-UDP - Attempted,,7
LR,FGSM_eps0.75,4496,4496,0.9521797153024912,0.9521797153024912,FGSM,0.75,1,DoS GoldenEye,,7
LR,FGSM_eps0.75,873,873,0.8888888888888888,0.8888888888888888,FGSM,0.75,1,DoS GoldenEye - Attempted,,7
LR,FGSM_eps0.75,6080,6080,0.996875,0.996875,FGSM,0.75,1,DoS Hulk,,7
LR,FGSM_eps0.75,17,17,1.0,1.0,FGSM,0.75,1,DoS Hulk - Attempted,,7
LR,FGSM_eps0.75,1774,1718,0.9924330616996508,0.992671927846674,FGSM,0.75,1,DoS Slowloris,,7
LR,FGSM_eps0.75,451,440,1.0,1.0,FGSM,0.75,1,DoS Slowloris - Attempted,,7
LR,FGSM_eps0.75,5862,5862,0.9725349709996588,0.9725349709996588,FGSM,0.75,1,FTP-BruteForce - Attempted,,7
LR,FGSM_eps0.75,40,38,0.7368421052631579,0.7,FGSM,0.75,1,Infiltration - Communication Victim Attacker,,7
LR,FGSM_eps0.75,15,0,,0.2,FGSM,0.75,1,Infiltration - Dropbox Download,,7
LR,FGSM_eps0.75,8,0,,0.5,FGSM,0.75,1,Infiltration - Dropbox Download - Attempted,,7
LR,FGSM_eps0.75,5945,5141,0.9233612137716396,0.9184188393608074,FGSM,0.75,1,Infiltration - NMAP Portscan,,7
LR,FGSM_eps0.75,5952,5952,0.0,0.0,FGSM,0.75,1,SSH-BruteForce,,7
LR,FGSM_eps0.75,23,0,,0.9565217391304348,FGSM,0.75,1,Web Attack - Brute Force,,7
LR,FGSM_eps0.75,24,1,1.0,0.9583333333333334,FGSM,0.75,1,Web Attack - Brute Force - Attempted,,7
LR,FGSM_eps0.75,8,0,,0.875,FGSM,0.75,1,Web Attack - SQL,,7
LR,FGSM_eps0.75,2,1,1.0,1.0,FGSM,0.75,1,Web Attack - SQL - Attempted,,7
LR,FGSM_eps0.75,22,0,,1.0,FGSM,0.75,1,Web Attack - XSS,,7
LR,FGSM_eps0.75,1,0,,0.0,FGSM,0.75,1,Web Attack - XSS - Attempted,,7
SVM,FGSM_eps0.75,60000,0,,,FGSM,0.75,1,Benign,,7
SVM,FGSM_eps0.75,5944,5941,0.9957919542164618,0.9957940780619112,FGSM,0.75,1,Botnet Ares,,7
SVM,FGSM_eps0.75,51,51,1.0,1.0,FGSM,0.75,1,Botnet Ares - Attempted,,7
SVM,FGSM_eps0.75,6072,6072,1.0,1.0,FGSM,0.75,1,DDoS-HOIC,,7
SVM,FGSM_eps0.75,6058,0,,1.0,FGSM,0.75,1,DDoS-LOIC-HTTP,,7
SVM,FGSM_eps0.75,526,505,0.0079207920792079,0.0399239543726235,FGSM,0.75,1,DDoS-LOIC-UDP,,7
SVM,FGSM_eps0.75,59,0,,0.864406779661017,FGSM,0.75,1,DDoS-LOIC-UDP - Attempted,,7
SVM,FGSM_eps0.75,4496,4496,1.0,1.0,FGSM,0.75,1,DoS GoldenEye,,7
SVM,FGSM_eps0.75,873,873,1.0,1.0,FGSM,0.75,1,DoS GoldenEye - Attempted,,7
SVM,FGSM_eps0.75,6080,6080,1.0,1.0,FGSM,0.75,1,DoS Hulk,,7
SVM,FGSM_eps0.75,17,17,1.0,1.0,FGSM,0.75,1,DoS Hulk - Attempted,,7
SVM,FGSM_eps0.75,1774,1718,1.0,1.0,FGSM,0.75,1,DoS Slowloris,,7
SVM,FGSM_eps0.75,451,440,1.0,1.0,FGSM,0.75,1,DoS Slowloris - Attempted,,7
SVM,FGSM_eps0.75,5862,5862,1.0,1.0,FGSM,0.75,1,FTP-BruteForce - Attempted,,7
SVM,FGSM_eps0.75,40,40,0.95,0.95,FGSM,0.75,1,Infiltration - Communication Victim Attacker,,7
SVM,FGSM_eps0.75,15,0,,0.0666666666666666,FGSM,0.75,1,Infiltration - Dropbox Download,,7
SVM,FGSM_eps0.75,8,0,,0.125,FGSM,0.75,1,Infiltration - Dropbox Download - Attempted,,7
SVM,FGSM_eps0.75,5945,4785,0.9751306165099268,0.96215306980656,FGSM,0.75,1,Infiltration - NMAP Portscan,,7
SVM,FGSM_eps0.75,5952,5952,1.0,1.0,FGSM,0.75,1,SSH-BruteForce,,7
SVM,FGSM_eps0.75,23,0,,0.9565217391304348,FGSM,0.75,1,Web Attack - Brute Force,,7
SVM,FGSM_eps0.75,24,1,1.0,0.9583333333333334,FGSM,0.75,1,Web Attack - Brute Force - Attempted,,7
SVM,FGSM_eps0.75,8,0,,0.875,FGSM,0.75,1,Web Attack - SQL,,7
SVM,FGSM_eps0.75,2,0,,1.0,FGSM,0.75,1,Web Attack - SQL - Attempted,,7
SVM,FGSM_eps0.75,22,0,,1.0,FGSM,0.75,1,Web Attack - XSS,,7
SVM,FGSM_eps0.75,1,0,,0.0,FGSM,0.75,1,Web Attack - XSS - Attempted,,7
RF,FGSM_eps0.75,60000,0,,,FGSM,0.75,1,Benign,,7
RF,FGSM_eps0.75,5944,5944,1.0,1.0,FGSM,0.75,1,Botnet Ares,,7
RF,FGSM_eps0.75,51,51,1.0,1.0,FGSM,0.75,1,Botnet Ares - Attempted,,7
RF,FGSM_eps0.75,6072,6072,1.0,1.0,FGSM,0.75,1,DDoS-HOIC,,7
RF,FGSM_eps0.75,6058,6058,1.0,1.0,FGSM,0.75,1,DDoS-LOIC-HTTP,,7
RF,FGSM_eps0.75,526,526,0.053231939163498,0.053231939163498,FGSM,0.75,1,DDoS-LOIC-UDP,,7
RF,FGSM_eps0.75,59,58,1.0,1.0,FGSM,0.75,1,DDoS-LOIC-UDP - Attempted,,7
RF,FGSM_eps0.75,4496,4496,1.0,1.0,FGSM,0.75,1,DoS GoldenEye,,7
RF,FGSM_eps0.75,873,873,1.0,1.0,FGSM,0.75,1,DoS GoldenEye - Attempted,,7
RF,FGSM_eps0.75,6080,6080,1.0,1.0,FGSM,0.75,1,DoS Hulk,,7
RF,FGSM_eps0.75,17,17,1.0,1.0,FGSM,0.75,1,DoS Hulk - Attempted,,7
RF,FGSM_eps0.75,1774,1774,1.0,1.0,FGSM,0.75,1,DoS Slowloris,,7
RF,FGSM_eps0.75,451,451,1.0,1.0,FGSM,0.75,1,DoS Slowloris - Attempted,,7
RF,FGSM_eps0.75,5862,5862,1.0,1.0,FGSM,0.75,1,FTP-BruteForce - Attempted,,7
RF,FGSM_eps0.75,40,40,0.95,0.95,FGSM,0.75,1,Infiltration - Communication Victim Attacker,,7
RF,FGSM_eps0.75,15,8,0.75,0.8666666666666667,FGSM,0.75,1,Infiltration - Dropbox Download,,7
RF,FGSM_eps0.75,8,1,1.0,1.0,FGSM,0.75,1,Infiltration - Dropbox Download - Attempted,,7
RF,FGSM_eps0.75,5945,5940,0.9998316498316498,0.9998317914213624,FGSM,0.75,1,Infiltration - NMAP Portscan,,7
RF,FGSM_eps0.75,5952,5952,1.0,1.0,FGSM,0.75,1,SSH-BruteForce,,7
RF,FGSM_eps0.75,23,22,1.0,1.0,FGSM,0.75,1,Web Attack - Brute Force,,7
RF,FGSM_eps0.75,24,23,1.0,1.0,FGSM,0.75,1,Web Attack - Brute Force - Attempted,,7
RF,FGSM_eps0.75,8,6,1.0,1.0,FGSM,0.75,1,Web Attack - SQL,,7
RF,FGSM_eps0.75,2,2,1.0,1.0,FGSM,0.75,1,Web Attack - SQL - Attempted,,7
RF,FGSM_eps0.75,22,22,1.0,1.0,FGSM,0.75,1,Web Attack - XSS,,7
RF,FGSM_eps0.75,1,1,1.0,1.0,FGSM,0.75,1,Web Attack - XSS - Attempted,,7
MLP,FGSM_eps0.75,60000,0,,,FGSM,0.75,1,Benign,,7
MLP,FGSM_eps0.75,5944,5944,0.9996635262449528,0.9996635262449528,FGSM,0.75,1,Botnet Ares,,7
MLP,FGSM_eps0.75,51,51,1.0,1.0,FGSM,0.75,1,Botnet Ares - Attempted,,7
MLP,FGSM_eps0.75,6072,6072,1.0,1.0,FGSM,0.75,1,DDoS-HOIC,,7
MLP,FGSM_eps0.75,6058,6058,1.0,1.0,FGSM,0.75,1,DDoS-LOIC-HTTP,,7
MLP,FGSM_eps0.75,526,522,0.0421455938697318,0.0418250950570342,FGSM,0.75,1,DDoS-LOIC-UDP,,7
MLP,FGSM_eps0.75,59,51,1.0,0.864406779661017,FGSM,0.75,1,DDoS-LOIC-UDP - Attempted,,7
MLP,FGSM_eps0.75,4496,4496,1.0,1.0,FGSM,0.75,1,DoS GoldenEye,,7
MLP,FGSM_eps0.75,873,873,1.0,1.0,FGSM,0.75,1,DoS GoldenEye - Attempted,,7
MLP,FGSM_eps0.75,6080,6080,1.0,1.0,FGSM,0.75,1,DoS Hulk,,7
MLP,FGSM_eps0.75,17,17,1.0,1.0,FGSM,0.75,1,DoS Hulk - Attempted,,7
MLP,FGSM_eps0.75,1774,1774,1.0,1.0,FGSM,0.75,1,DoS Slowloris,,7
MLP,FGSM_eps0.75,451,451,1.0,1.0,FGSM,0.75,1,DoS Slowloris - Attempted,,7
MLP,FGSM_eps0.75,5862,5862,1.0,1.0,FGSM,0.75,1,FTP-BruteForce - Attempted,,7
MLP,FGSM_eps0.75,40,37,1.0,0.95,FGSM,0.75,1,Infiltration - Communication Victim Attacker,,7
MLP,FGSM_eps0.75,15,0,,0.1333333333333333,FGSM,0.75,1,Infiltration - Dropbox Download,,7
MLP,FGSM_eps0.75,8,0,,0.5,FGSM,0.75,1,Infiltration - Dropbox Download - Attempted,,7
MLP,FGSM_eps0.75,5945,5825,0.9998283261802576,0.9796467619848612,FGSM,0.75,1,Infiltration - NMAP Portscan,,7
MLP,FGSM_eps0.75,5952,5952,1.0,1.0,FGSM,0.75,1,SSH-BruteForce,,7
MLP,FGSM_eps0.75,23,22,1.0,0.9565217391304348,FGSM,0.75,1,Web Attack - Brute Force,,7
MLP,FGSM_eps0.75,24,23,1.0,0.9583333333333334,FGSM,0.75,1,Web Attack - Brute Force - Attempted,,7
MLP,FGSM_eps0.75,8,7,1.0,0.875,FGSM,0.75,1,Web Attack - SQL,,7
MLP,FGSM_eps0.75,2,2,1.0,1.0,FGSM,0.75,1,Web Attack - SQL - Attempted,,7
MLP,FGSM_eps0.75,22,22,1.0,1.0,FGSM,0.75,1,Web Attack - XSS,,7
MLP,FGSM_eps0.75,1,0,,0.0,FGSM,0.75,1,Web Attack - XSS - Attempted,,7
LR,PGD_eps0.15_it10,60000,0,,,PGD,0.15,10,Benign,,7
LR,PGD_eps0.15_it10,5944,5940,0.0063973063973063,0.0070659488559892,PGD,0.15,10,Botnet Ares,,7
LR,PGD_eps0.15_it10,51,51,0.0196078431372549,0.0196078431372549,PGD,0.15,10,Botnet Ares - Attempted,,7
LR,PGD_eps0.15_it10,6072,6072,0.0,0.0,PGD,0.15,10,DDoS-HOIC,,7
LR,PGD_eps0.15_it10,6058,0,,1.0,PGD,0.15,10,DDoS-LOIC-HTTP,,7
LR,PGD_eps0.15_it10,526,505,0.0019801980198019,0.0418250950570342,PGD,0.15,10,DDoS-LOIC-UDP,,7
LR,PGD_eps0.15_it10,59,0,,1.0,PGD,0.15,10,DDoS-LOIC-UDP - Attempted,,7
LR,PGD_eps0.15_it10,4496,4496,0.0,0.0,PGD,0.15,10,DoS GoldenEye,,7
LR,PGD_eps0.15_it10,873,873,0.0,0.0,PGD,0.15,10,DoS GoldenEye - Attempted,,7
LR,PGD_eps0.15_it10,6080,6080,0.0029605263157894,0.0029605263157894,PGD,0.15,10,DoS Hulk,,7
LR,PGD_eps0.15_it10,17,17,0.2352941176470588,0.2352941176470588,PGD,0.15,10,DoS Hulk - Attempted,,7
LR,PGD_eps0.15_it10,1774,1718,0.3178114086146682,0.3393461104847801,PGD,0.15,10,DoS Slowloris,,7
LR,PGD_eps0.15_it10,451,440,0.875,0.8780487804878049,PGD,0.15,10,DoS Slowloris - Attempted,,7
LR,PGD_eps0.15_it10,5862,5862,0.0,0.0,PGD,0.15,10,FTP-BruteForce - Attempted,,7
LR,PGD_eps0.15_it10,40,38,0.6578947368421053,0.625,PGD,0.15,10,Infiltration - Communication Victim Attacker,,7
LR,PGD_eps0.15_it10,15,0,,0.4666666666666667,PGD,0.15,10,Infiltration - Dropbox Download,,7
LR,PGD_eps0.15_it10,8,0,,0.75,PGD,0.15,10,Infiltration - Dropbox Download - Attempted,,7
LR,PGD_eps0.15_it10,5945,5141,0.2820462944952344,0.3705634987384356,PGD,0.15,10,Infiltration - NMAP Portscan,,7
LR,PGD_eps0.15_it10,5952,5952,0.1187836021505376,0.1187836021505376,PGD,0.15,10,SSH-BruteForce,,7
LR,PGD_eps0.15_it10,23,0,,1.0,PGD,0.15,10,Web Attack - Brute Force,,7
LR,PGD_eps0.15_it10,24,1,1.0,0.9583333333333334,PGD,0.15,10,Web Attack - Brute Force - Attempted,,7
LR,PGD_eps0.15_it10,8,0,,0.875,PGD,0.15,10,Web Attack - SQL,,7
LR,PGD_eps0.15_it10,2,1,1.0,1.0,PGD,0.15,10,Web Attack - SQL - Attempted,,7
LR,PGD_eps0.15_it10,22,0,,1.0,PGD,0.15,10,Web Attack - XSS,,7
LR,PGD_eps0.15_it10,1,0,,0.0,PGD,0.15,10,Web Attack - XSS - Attempted,,7
SVM,PGD_eps0.15_it10,60000,0,,,PGD,0.15,10,Benign,,7
SVM,PGD_eps0.15_it10,5944,5941,0.9956236323851204,0.9956258411843876,PGD,0.15,10,Botnet Ares,,7
SVM,PGD_eps0.15_it10,51,51,0.0196078431372549,0.0196078431372549,PGD,0.15,10,Botnet Ares - Attempted,,7
SVM,PGD_eps0.15_it10,6072,6072,0.0011528326745718,0.0011528326745718,PGD,0.15,10,DDoS-HOIC,,7
SVM,PGD_eps0.15_it10,6058,0,,1.0,PGD,0.15,10,DDoS-LOIC-HTTP,,7
SVM,PGD_eps0.15_it10,526,505,0.0,0.0399239543726235,PGD,0.15,10,DDoS-LOIC-UDP,,7
SVM,PGD_eps0.15_it10,59,0,,1.0,PGD,0.15,10,DDoS-LOIC-UDP - Attempted,,7
SVM,PGD_eps0.15_it10,4496,4496,0.1194395017793594,0.1194395017793594,PGD,0.15,10,DoS GoldenEye,,7
SVM,PGD_eps0.15_it10,873,873,0.0,0.0,PGD,0.15,10,DoS GoldenEye - Attempted,,7
SVM,PGD_eps0.15_it10,6080,6080,0.0029605263157894,0.0029605263157894,PGD,0.15,10,DoS Hulk,,7
SVM,PGD_eps0.15_it10,17,17,0.9411764705882352,0.9411764705882352,PGD,0.15,10,DoS Hulk - Attempted,,7
SVM,PGD_eps0.15_it10,1774,1718,0.320139697322468,0.3416009019165727,PGD,0.15,10,DoS Slowloris,,7
SVM,PGD_eps0.15_it10,451,440,0.875,0.8780487804878049,PGD,0.15,10,DoS Slowloris - Attempted,,7
SVM,PGD_eps0.15_it10,5862,5862,0.0,0.0,PGD,0.15,10,FTP-BruteForce - Attempted,,7
SVM,PGD_eps0.15_it10,40,40,0.075,0.075,PGD,0.15,10,Infiltration - Communication Victim Attacker,,7
SVM,PGD_eps0.15_it10,15,0,,0.0666666666666666,PGD,0.15,10,Infiltration - Dropbox Download,,7
SVM,PGD_eps0.15_it10,8,0,,0.5,PGD,0.15,10,Infiltration - Dropbox Download - Attempted,,7
SVM,PGD_eps0.15_it10,5945,4785,0.335632183908046,0.456686291000841,PGD,0.15,10,Infiltration - NMAP Portscan,,7
SVM,PGD_eps0.15_it10,5952,5952,0.7960349462365591,0.7960349462365591,PGD,0.15,10,SSH-BruteForce,,7
SVM,PGD_eps0.15_it10,23,0,,1.0,PGD,0.15,10,Web Attack - Brute Force,,7
SVM,PGD_eps0.15_it10,24,1,1.0,0.9583333333333334,PGD,0.15,10,Web Attack - Brute Force - Attempted,,7
SVM,PGD_eps0.15_it10,8,0,,0.875,PGD,0.15,10,Web Attack - SQL,,7
SVM,PGD_eps0.15_it10,2,0,,1.0,PGD,0.15,10,Web Attack - SQL - Attempted,,7
SVM,PGD_eps0.15_it10,22,0,,1.0,PGD,0.15,10,Web Attack - XSS,,7
SVM,PGD_eps0.15_it10,1,0,,0.0,PGD,0.15,10,Web Attack - XSS - Attempted,,7
RF,PGD_eps0.15_it10,60000,0,,,PGD,0.15,10,Benign,,7
RF,PGD_eps0.15_it10,5944,5944,1.0,1.0,PGD,0.15,10,Botnet Ares,,7
RF,PGD_eps0.15_it10,51,51,1.0,1.0,PGD,0.15,10,Botnet Ares - Attempted,,7
RF,PGD_eps0.15_it10,6072,6072,1.0,1.0,PGD,0.15,10,DDoS-HOIC,,7
RF,PGD_eps0.15_it10,6058,6058,1.0,1.0,PGD,0.15,10,DDoS-LOIC-HTTP,,7
RF,PGD_eps0.15_it10,526,526,0.0456273764258555,0.0456273764258555,PGD,0.15,10,DDoS-LOIC-UDP,,7
RF,PGD_eps0.15_it10,59,58,0.8793103448275862,0.864406779661017,PGD,0.15,10,DDoS-LOIC-UDP - Attempted,,7
RF,PGD_eps0.15_it10,4496,4496,0.9108096085409252,0.9108096085409252,PGD,0.15,10,DoS GoldenEye,,7
RF,PGD_eps0.15_it10,873,873,1.0,1.0,PGD,0.15,10,DoS GoldenEye - Attempted,,7
RF,PGD_eps0.15_it10,6080,6080,1.0,1.0,PGD,0.15,10,DoS Hulk,,7
RF,PGD_eps0.15_it10,17,17,1.0,1.0,PGD,0.15,10,DoS Hulk - Attempted,,7
RF,PGD_eps0.15_it10,1774,1774,0.9554678692220968,0.9554678692220968,PGD,0.15,10,DoS Slowloris,,7
RF,PGD_eps0.15_it10,451,451,1.0,1.0,PGD,0.15,10,DoS Slowloris - Attempted,,7
RF,PGD_eps0.15_it10,5862,5862,1.0,1.0,PGD,0.15,10,FTP-BruteForce - Attempted,,7
RF,PGD_eps0.15_it10,40,40,0.925,0.925,PGD,0.15,10,Infiltration - Communication Victim Attacker,,7
RF,PGD_eps0.15_it10,15,8,1.0,1.0,PGD,0.15,10,Infiltration - Dropbox Download,,7
RF,PGD_eps0.15_it10,8,1,1.0,1.0,PGD,0.15,10,Infiltration - Dropbox Download - Attempted,,7
RF,PGD_eps0.15_it10,5945,5940,0.598989898989899,0.5991589571068124,PGD,0.15,10,Infiltration - NMAP Portscan,,7
RF,PGD_eps0.15_it10,5952,5952,1.0,1.0,PGD,0.15,10,SSH-BruteForce,,7
RF,PGD_eps0.15_it10,23,22,1.0,1.0,PGD,0.15,10,Web Attack - Brute Force,,7
RF,PGD_eps0.15_it10,24,23,1.0,1.0,PGD,0.15,10,Web Attack - Brute Force - Attempted,,7
RF,PGD_eps0.15_it10,8,6,1.0,1.0,PGD,0.15,10,Web Attack - SQL,,7
RF,PGD_eps0.15_it10,2,2,1.0,1.0,PGD,0.15,10,Web Attack - SQL - Attempted,,7
RF,PGD_eps0.15_it10,22,22,1.0,1.0,PGD,0.15,10,Web Attack - XSS,,7
RF,PGD_eps0.15_it10,1,1,1.0,1.0,PGD,0.15,10,Web Attack - XSS - Attempted,,7
MLP,PGD_eps0.15_it10,60000,0,,,PGD,0.15,10,Benign,,7
MLP,PGD_eps0.15_it10,5944,5944,0.9949528936742934,0.9949528936742934,PGD,0.15,10,Botnet Ares,,7
MLP,PGD_eps0.15_it10,51,51,1.0,1.0,PGD,0.15,10,Botnet Ares - Attempted,,7
MLP,PGD_eps0.15_it10,6072,6072,1.0,1.0,PGD,0.15,10,DDoS-HOIC,,7
MLP,PGD_eps0.15_it10,6058,6058,1.0,1.0,PGD,0.15,10,DDoS-LOIC-HTTP,,7
MLP,PGD_eps0.15_it10,526,522,0.0325670498084291,0.0323193916349809,PGD,0.15,10,DDoS-LOIC-UDP,,7
MLP,PGD_eps0.15_it10,59,51,1.0,0.864406779661017,PGD,0.15,10,DDoS-LOIC-UDP - Attempted,,7
MLP,PGD_eps0.15_it10,4496,4496,0.9919928825622776,0.9919928825622776,PGD,0.15,10,DoS GoldenEye,,7
MLP,PGD_eps0.15_it10,873,873,0.9988545246277204,0.9988545246277204,PGD,0.15,10,DoS GoldenEye - Attempted,,7
MLP,PGD_eps0.15_it10,6080,6080,1.0,1.0,PGD,0.15,10,DoS Hulk,,7
MLP,PGD_eps0.15_it10,17,17,1.0,1.0,PGD,0.15,10,DoS Hulk - Attempted,,7
MLP,PGD_eps0.15_it10,1774,1774,1.0,1.0,PGD,0.15,10,DoS Slowloris,,7
MLP,PGD_eps0.15_it10,451,451,1.0,1.0,PGD,0.15,10,DoS Slowloris - Attempted,,7
MLP,PGD_eps0.15_it10,5862,5862,0.783179802115319,0.783179802115319,PGD,0.15,10,FTP-BruteForce - Attempted,,7
MLP,PGD_eps0.15_it10,40,37,0.081081081081081,0.1,PGD,0.15,10,Infiltration - Communication Victim Attacker,,7
MLP,PGD_eps0.15_it10,15,0,,0.1333333333333333,PGD,0.15,10,Infiltration - Dropbox Download,,7
MLP,PGD_eps0.15_it10,8,0,,0.625,PGD,0.15,10,Infiltration - Dropbox Download - Attempted,,7
MLP,PGD_eps0.15_it10,5945,5825,0.9622317596566524,0.9431455004205216,PGD,0.15,10,Infiltration - NMAP Portscan,,7
MLP,PGD_eps0.15_it10,5952,5952,1.0,1.0,PGD,0.15,10,SSH-BruteForce,,7
MLP,PGD_eps0.15_it10,23,22,1.0,0.9565217391304348,PGD,0.15,10,Web Attack - Brute Force,,7
MLP,PGD_eps0.15_it10,24,23,1.0,0.9583333333333334,PGD,0.15,10,Web Attack - Brute Force - Attempted,,7
MLP,PGD_eps0.15_it10,8,7,1.0,0.875,PGD,0.15,10,Web Attack - SQL,,7
MLP,PGD_eps0.15_it10,2,2,1.0,1.0,PGD,0.15,10,Web Attack - SQL - Attempted,,7
MLP,PGD_eps0.15_it10,22,22,1.0,1.0,PGD,0.15,10,Web Attack - XSS,,7
MLP,PGD_eps0.15_it10,1,0,,0.0,PGD,0.15,10,Web Attack - XSS - Attempted,,7
LR,PGD_eps0.15_it25,60000,0,,,PGD,0.15,25,Benign,,7
LR,PGD_eps0.15_it25,5944,5940,0.0063973063973063,0.0070659488559892,PGD,0.15,25,Botnet Ares,,7
LR,PGD_eps0.15_it25,51,51,0.0196078431372549,0.0196078431372549,PGD,0.15,25,Botnet Ares - Attempted,,7
LR,PGD_eps0.15_it25,6072,6072,0.0,0.0,PGD,0.15,25,DDoS-HOIC,,7
LR,PGD_eps0.15_it25,6058,0,,1.0,PGD,0.15,25,DDoS-LOIC-HTTP,,7
LR,PGD_eps0.15_it25,526,505,0.0019801980198019,0.0418250950570342,PGD,0.15,25,DDoS-LOIC-UDP,,7
LR,PGD_eps0.15_it25,59,0,,1.0,PGD,0.15,25,DDoS-LOIC-UDP - Attempted,,7
LR,PGD_eps0.15_it25,4496,4496,0.0,0.0,PGD,0.15,25,DoS GoldenEye,,7
LR,PGD_eps0.15_it25,873,873,0.0,0.0,PGD,0.15,25,DoS GoldenEye - Attempted,,7
LR,PGD_eps0.15_it25,6080,6080,0.0029605263157894,0.0029605263157894,PGD,0.15,25,DoS Hulk,,7
LR,PGD_eps0.15_it25,17,17,0.2352941176470588,0.2352941176470588,PGD,0.15,25,DoS Hulk - Attempted,,7
LR,PGD_eps0.15_it25,1774,1718,0.3178114086146682,0.3393461104847801,PGD,0.15,25,DoS Slowloris,,7
LR,PGD_eps0.15_it25,451,440,0.875,0.8780487804878049,PGD,0.15,25,DoS Slowloris - Attempted,,7
LR,PGD_eps0.15_it25,5862,5862,0.0,0.0,PGD,0.15,25,FTP-BruteForce - Attempted,,7
LR,PGD_eps0.15_it25,40,38,0.6052631578947368,0.575,PGD,0.15,25,Infiltration - Communication Victim Attacker,,7
LR,PGD_eps0.15_it25,15,0,,0.4666666666666667,PGD,0.15,25,Infiltration - Dropbox Download,,7
LR,PGD_eps0.15_it25,8,0,,0.75,PGD,0.15,25,Infiltration - Dropbox Download - Attempted,,7
LR,PGD_eps0.15_it25,5945,5141,0.2649290021396615,0.3557611438183347,PGD,0.15,25,Infiltration - NMAP Portscan,,7
LR,PGD_eps0.15_it25,5952,5952,0.7394153225806451,0.7394153225806451,PGD,0.15,25,SSH-BruteForce,,7
LR,PGD_eps0.15_it25,23,0,,1.0,PGD,0.15,25,Web Attack - Brute Force,,7
LR,PGD_eps0.15_it25,24,1,1.0,0.9583333333333334,PGD,0.15,25,Web Attack - Brute Force - Attempted,,7
LR,PGD_eps0.15_it25,8,0,,0.875,PGD,0.15,25,Web Attack - SQL,,7
LR,PGD_eps0.15_it25,2,1,1.0,1.0,PGD,0.15,25,Web Attack - SQL - Attempted,,7
LR,PGD_eps0.15_it25,22,0,,1.0,PGD,0.15,25,Web Attack - XSS,,7
LR,PGD_eps0.15_it25,1,0,,0.0,PGD,0.15,25,Web Attack - XSS - Attempted,,7
SVM,PGD_eps0.15_it25,60000,0,,,PGD,0.15,25,Benign,,7
SVM,PGD_eps0.15_it25,5944,5941,0.9956236323851204,0.9956258411843876,PGD,0.15,25,Botnet Ares,,7
SVM,PGD_eps0.15_it25,51,51,0.0196078431372549,0.0196078431372549,PGD,0.15,25,Botnet Ares - Attempted,,7
SVM,PGD_eps0.15_it25,6072,6072,0.0,0.0,PGD,0.15,25,DDoS-HOIC,,7
SVM,PGD_eps0.15_it25,6058,0,,1.0,PGD,0.15,25,DDoS-LOIC-HTTP,,7
SVM,PGD_eps0.15_it25,526,505,0.0,0.0399239543726235,PGD,0.15,25,DDoS-LOIC-UDP,,7
SVM,PGD_eps0.15_it25,59,0,,1.0,PGD,0.15,25,DDoS-LOIC-UDP - Attempted,,7
SVM,PGD_eps0.15_it25,4496,4496,0.0507117437722419,0.0507117437722419,PGD,0.15,25,DoS GoldenEye,,7
SVM,PGD_eps0.15_it25,873,873,0.0,0.0,PGD,0.15,25,DoS GoldenEye - Attempted,,7
SVM,PGD_eps0.15_it25,6080,6080,0.0029605263157894,0.0029605263157894,PGD,0.15,25,DoS Hulk,,7
SVM,PGD_eps0.15_it25,17,17,0.8823529411764706,0.8823529411764706,PGD,0.15,25,DoS Hulk - Attempted,,7
SVM,PGD_eps0.15_it25,1774,1718,0.320139697322468,0.3416009019165727,PGD,0.15,25,DoS Slowloris,,7
SVM,PGD_eps0.15_it25,451,440,0.875,0.8780487804878049,PGD,0.15,25,DoS Slowloris - Attempted,,7
SVM,PGD_eps0.15_it25,5862,5862,0.0,0.0,PGD,0.15,25,FTP-BruteForce - Attempted,,7
SVM,PGD_eps0.15_it25,40,40,0.075,0.075,PGD,0.15,25,Infiltration - Communication Victim Attacker,,7
SVM,PGD_eps0.15_it25,15,0,,0.0666666666666666,PGD,0.15,25,Infiltration - Dropbox Download,,7
SVM,PGD_eps0.15_it25,8,0,,0.5,PGD,0.15,25,Infiltration - Dropbox Download - Attempted,,7
SVM,PGD_eps0.15_it25,5945,4785,0.3258098223615465,0.448780487804878,PGD,0.15,25,Infiltration - NMAP Portscan,,7
SVM,PGD_eps0.15_it25,5952,5952,0.7394153225806451,0.7394153225806451,PGD,0.15,25,SSH-BruteForce,,7
SVM,PGD_eps0.15_it25,23,0,,0.9565217391304348,PGD,0.15,25,Web Attack - Brute Force,,7
SVM,PGD_eps0.15_it25,24,1,1.0,0.9583333333333334,PGD,0.15,25,Web Attack - Brute Force - Attempted,,7
SVM,PGD_eps0.15_it25,8,0,,0.875,PGD,0.15,25,Web Attack - SQL,,7
SVM,PGD_eps0.15_it25,2,0,,1.0,PGD,0.15,25,Web Attack - SQL - Attempted,,7
SVM,PGD_eps0.15_it25,22,0,,1.0,PGD,0.15,25,Web Attack - XSS,,7
SVM,PGD_eps0.15_it25,1,0,,0.0,PGD,0.15,25,Web Attack - XSS - Attempted,,7
RF,PGD_eps0.15_it25,60000,0,,,PGD,0.15,25,Benign,,7
RF,PGD_eps0.15_it25,5944,5944,1.0,1.0,PGD,0.15,25,Botnet Ares,,7
RF,PGD_eps0.15_it25,51,51,1.0,1.0,PGD,0.15,25,Botnet Ares - Attempted,,7
RF,PGD_eps0.15_it25,6072,6072,1.0,1.0,PGD,0.15,25,DDoS-HOIC,,7
RF,PGD_eps0.15_it25,6058,6058,1.0,1.0,PGD,0.15,25,DDoS-LOIC-HTTP,,7
RF,PGD_eps0.15_it25,526,526,0.053231939163498,0.053231939163498,PGD,0.15,25,DDoS-LOIC-UDP,,7
RF,PGD_eps0.15_it25,59,58,0.8793103448275862,0.864406779661017,PGD,0.15,25,DDoS-LOIC-UDP - Attempted,,7
RF,PGD_eps0.15_it25,4496,4496,1.0,1.0,PGD,0.15,25,DoS GoldenEye,,7
RF,PGD_eps0.15_it25,873,873,1.0,1.0,PGD,0.15,25,DoS GoldenEye - Attempted,,7
RF,PGD_eps0.15_it25,6080,6080,1.0,1.0,PGD,0.15,25,DoS Hulk,,7
RF,PGD_eps0.15_it25,17,17,1.0,1.0,PGD,0.15,25,DoS Hulk - Attempted,,7
RF,PGD_eps0.15_it25,1774,1774,0.6459977452085682,0.6459977452085682,PGD,0.15,25,DoS Slowloris,,7
RF,PGD_eps0.15_it25,451,451,1.0,1.0,PGD,0.15,25,DoS Slowloris - Attempted,,7
RF,PGD_eps0.15_it25,5862,5862,1.0,1.0,PGD,0.15,25,FTP-BruteForce - Attempted,,7
RF,PGD_eps0.15_it25,40,40,0.95,0.95,PGD,0.15,25,Infiltration - Communication Victim Attacker,,7
RF,PGD_eps0.15_it25,15,8,1.0,1.0,PGD,0.15,25,Infiltration - Dropbox Download,,7
RF,PGD_eps0.15_it25,8,1,1.0,1.0,PGD,0.15,25,Infiltration - Dropbox Download - Attempted,,7
RF,PGD_eps0.15_it25,5945,5940,0.5949494949494949,0.5952901597981497,PGD,0.15,25,Infiltration - NMAP Portscan,,7
RF,PGD_eps0.15_it25,5952,5952,1.0,1.0,PGD,0.15,25,SSH-BruteForce,,7
RF,PGD_eps0.15_it25,23,22,1.0,1.0,PGD,0.15,25,Web Attack - Brute Force,,7
RF,PGD_eps0.15_it25,24,23,1.0,1.0,PGD,0.15,25,Web Attack - Brute Force - Attempted,,7
RF,PGD_eps0.15_it25,8,6,1.0,1.0,PGD,0.15,25,Web Attack - SQL,,7
RF,PGD_eps0.15_it25,2,2,1.0,1.0,PGD,0.15,25,Web Attack - SQL - Attempted,,7
RF,PGD_eps0.15_it25,22,22,1.0,1.0,PGD,0.15,25,Web Attack - XSS,,7
RF,PGD_eps0.15_it25,1,1,1.0,1.0,PGD,0.15,25,Web Attack - XSS - Attempted,,7
MLP,PGD_eps0.15_it25,60000,0,,,PGD,0.15,25,Benign,,7
MLP,PGD_eps0.15_it25,5944,5944,0.9949528936742934,0.9949528936742934,PGD,0.15,25,Botnet Ares,,7
MLP,PGD_eps0.15_it25,51,51,1.0,1.0,PGD,0.15,25,Botnet Ares - Attempted,,7
MLP,PGD_eps0.15_it25,6072,6072,1.0,1.0,PGD,0.15,25,DDoS-HOIC,,7
MLP,PGD_eps0.15_it25,6058,6058,1.0,1.0,PGD,0.15,25,DDoS-LOIC-HTTP,,7
MLP,PGD_eps0.15_it25,526,522,0.0325670498084291,0.0323193916349809,PGD,0.15,25,DDoS-LOIC-UDP,,7
MLP,PGD_eps0.15_it25,59,51,1.0,0.864406779661017,PGD,0.15,25,DDoS-LOIC-UDP - Attempted,,7
MLP,PGD_eps0.15_it25,4496,4496,0.9919928825622776,0.9919928825622776,PGD,0.15,25,DoS GoldenEye,,7
MLP,PGD_eps0.15_it25,873,873,0.9988545246277204,0.9988545246277204,PGD,0.15,25,DoS GoldenEye - Attempted,,7
MLP,PGD_eps0.15_it25,6080,6080,1.0,1.0,PGD,0.15,25,DoS Hulk,,7
MLP,PGD_eps0.15_it25,17,17,1.0,1.0,PGD,0.15,25,DoS Hulk - Attempted,,7
MLP,PGD_eps0.15_it25,1774,1774,0.9994363021420518,0.9994363021420518,PGD,0.15,25,DoS Slowloris,,7
MLP,PGD_eps0.15_it25,451,451,1.0,1.0,PGD,0.15,25,DoS Slowloris - Attempted,,7
MLP,PGD_eps0.15_it25,5862,5862,0.783179802115319,0.783179802115319,PGD,0.15,25,FTP-BruteForce - Attempted,,7
MLP,PGD_eps0.15_it25,40,37,0.081081081081081,0.1,PGD,0.15,25,Infiltration - Communication Victim Attacker,,7
MLP,PGD_eps0.15_it25,15,0,,0.1333333333333333,PGD,0.15,25,Infiltration - Dropbox Download,,7
MLP,PGD_eps0.15_it25,8,0,,0.625,PGD,0.15,25,Infiltration - Dropbox Download - Attempted,,7
MLP,PGD_eps0.15_it25,5945,5825,0.9467811158798284,0.9280067283431456,PGD,0.15,25,Infiltration - NMAP Portscan,,7
MLP,PGD_eps0.15_it25,5952,5952,1.0,1.0,PGD,0.15,25,SSH-BruteForce,,7
MLP,PGD_eps0.15_it25,23,22,1.0,0.9565217391304348,PGD,0.15,25,Web Attack - Brute Force,,7
MLP,PGD_eps0.15_it25,24,23,1.0,0.9583333333333334,PGD,0.15,25,Web Attack - Brute Force - Attempted,,7
MLP,PGD_eps0.15_it25,8,7,1.0,0.875,PGD,0.15,25,Web Attack - SQL,,7
MLP,PGD_eps0.15_it25,2,2,1.0,1.0,PGD,0.15,25,Web Attack - SQL - Attempted,,7
MLP,PGD_eps0.15_it25,22,22,1.0,1.0,PGD,0.15,25,Web Attack - XSS,,7
MLP,PGD_eps0.15_it25,1,0,,0.0,PGD,0.15,25,Web Attack - XSS - Attempted,,7
LR,PGD_eps0.3_it10,60000,0,,,PGD,0.3,10,Benign,,7
LR,PGD_eps0.3_it10,5944,5940,0.9956228956228956,0.9956258411843876,PGD,0.3,10,Botnet Ares,,7
LR,PGD_eps0.3_it10,51,51,0.0196078431372549,0.0196078431372549,PGD,0.3,10,Botnet Ares - Attempted,,7
LR,PGD_eps0.3_it10,6072,6072,0.0,0.0,PGD,0.3,10,DDoS-HOIC,,7
LR,PGD_eps0.3_it10,6058,0,,1.0,PGD,0.3,10,DDoS-LOIC-HTTP,,7
LR,PGD_eps0.3_it10,526,505,0.0019801980198019,0.0418250950570342,PGD,0.3,10,DDoS-LOIC-UDP,,7
LR,PGD_eps0.3_it10,59,0,,1.0,PGD,0.3,10,DDoS-LOIC-UDP - Attempted,,7
LR,PGD_eps0.3_it10,4496,4496,0.2951512455516014,0.2951512455516014,PGD,0.3,10,DoS GoldenEye,,7
LR,PGD_eps0.3_it10,873,873,0.2668957617411225,0.2668957617411225,PGD,0.3,10,DoS GoldenEye - Attempted,,7
LR,PGD_eps0.3_it10,6080,6080,0.9452302631578948,0.9452302631578948,PGD,0.3,10,DoS Hulk,,7
LR,PGD_eps0.3_it10,17,17,1.0,1.0,PGD,0.3,10,DoS Hulk - Attempted,,7
LR,PGD_eps0.3_it10,1774,1718,0.1856810244470314,0.2113866967305524,PGD,0.3,10,DoS Slowloris,,7
LR,PGD_eps0.3_it10,451,440,1.0,1.0,PGD,0.3,10,DoS Slowloris - Attempted,,7
LR,PGD_eps0.3_it10,5862,5862,0.0,0.0,PGD,0.3,10,FTP-BruteForce - Attempted,,7
LR,PGD_eps0.3_it10,40,38,0.7105263157894737,0.675,PGD,0.3,10,Infiltration - Communication Victim Attacker,,7
LR,PGD_eps0.3_it10,15,0,,0.2666666666666666,PGD,0.3,10,Infiltration - Dropbox Download,,7
LR,PGD_eps0.3_it10,8,0,,0.625,PGD,0.3,10,Infiltration - Dropbox Download - Attempted,,7
LR,PGD_eps0.3_it10,5945,5141,0.3977825325812099,0.4701429772918419,PGD,0.3,10,Infiltration - NMAP Portscan,,7
LR,PGD_eps0.3_it10,5952,5952,1.0,1.0,PGD,0.3,10,SSH-BruteForce,,7
LR,PGD_eps0.3_it10,23,0,,1.0,PGD,0.3,10,Web Attack - Brute Force,,7
LR,PGD_eps0.3_it10,24,1,1.0,0.9583333333333334,PGD,0.3,10,Web Attack - Brute Force - Attempted,,7
LR,PGD_eps0.3_it10,8,0,,0.875,PGD,0.3,10,Web Attack - SQL,,7
LR,PGD_eps0.3_it10,2,1,1.0,1.0,PGD,0.3,10,Web Attack - SQL - Attempted,,7
LR,PGD_eps0.3_it10,22,0,,1.0,PGD,0.3,10,Web Attack - XSS,,7
LR,PGD_eps0.3_it10,1,0,,0.0,PGD,0.3,10,Web Attack - XSS - Attempted,,7
SVM,PGD_eps0.3_it10,60000,0,,,PGD,0.3,10,Benign,,7
SVM,PGD_eps0.3_it10,5944,5941,0.9956236323851204,0.9956258411843876,PGD,0.3,10,Botnet Ares,,7
SVM,PGD_eps0.3_it10,51,51,0.3137254901960784,0.3137254901960784,PGD,0.3,10,Botnet Ares - Attempted,,7
SVM,PGD_eps0.3_it10,6072,6072,1.0,1.0,PGD,0.3,10,DDoS-HOIC,,7
SVM,PGD_eps0.3_it10,6058,0,,1.0,PGD,0.3,10,DDoS-LOIC-HTTP,,7
SVM,PGD_eps0.3_it10,526,505,0.0,0.0323193916349809,PGD,0.3,10,DDoS-LOIC-UDP,,7
SVM,PGD_eps0.3_it10,59,0,,1.0,PGD,0.3,10,DDoS-LOIC-UDP - Attempted,,7
SVM,PGD_eps0.3_it10,4496,4496,0.8463078291814946,0.8463078291814946,PGD,0.3,10,DoS GoldenEye,,7
SVM,PGD_eps0.3_it10,873,873,0.9152348224513172,0.9152348224513172,PGD,0.3,10,DoS GoldenEye - Attempted,,7
SVM,PGD_eps0.3_it10,6080,6080,0.9963815789473685,0.9963815789473685,PGD,0.3,10,DoS Hulk,,7
SVM,PGD_eps0.3_it10,17,17,1.0,1.0,PGD,0.3,10,DoS Hulk - Attempted,,7
SVM,PGD_eps0.3_it10,1774,1718,0.9220023282887078,0.9244644870349492,PGD,0.3,10,DoS Slowloris,,7
SVM,PGD_eps0.3_it10,451,440,1.0,1.0,PGD,0.3,10,DoS Slowloris - Attempted,,7
SVM,PGD_eps0.3_it10,5862,5862,0.1356192425793244,0.1356192425793244,PGD,0.3,10,FTP-BruteForce - Attempted,,7
SVM,PGD_eps0.3_it10,40,40,0.675,0.675,PGD,0.3,10,Infiltration - Communication Victim Attacker,,7
SVM,PGD_eps0.3_it10,15,0,,0.0666666666666666,PGD,0.3,10,Infiltration - Dropbox Download,,7
SVM,PGD_eps0.3_it10,8,0,,0.25,PGD,0.3,10,Infiltration - Dropbox Download - Attempted,,7
SVM,PGD_eps0.3_it10,5945,4785,0.5757575757575758,0.6439024390243903,PGD,0.3,10,Infiltration - NMAP Portscan,,7
SVM,PGD_eps0.3_it10,5952,5952,1.0,1.0,PGD,0.3,10,SSH-BruteForce,,7
SVM,PGD_eps0.3_it10,23,0,,0.9565217391304348,PGD,0.3,10,Web Attack - Brute Force,,7
SVM,PGD_eps0.3_it10,24,1,1.0,0.9583333333333334,PGD,0.3,10,Web Attack - Brute Force - Attempted,,7
SVM,PGD_eps0.3_it10,8,0,,0.875,PGD,0.3,10,Web Attack - SQL,,7
SVM,PGD_eps0.3_it10,2,0,,1.0,PGD,0.3,10,Web Attack - SQL - Attempted,,7
SVM,PGD_eps0.3_it10,22,0,,1.0,PGD,0.3,10,Web Attack - XSS,,7
SVM,PGD_eps0.3_it10,1,0,,0.0,PGD,0.3,10,Web Attack - XSS - Attempted,,7
RF,PGD_eps0.3_it10,60000,0,,,PGD,0.3,10,Benign,,7
RF,PGD_eps0.3_it10,5944,5944,1.0,1.0,PGD,0.3,10,Botnet Ares,,7
RF,PGD_eps0.3_it10,51,51,1.0,1.0,PGD,0.3,10,Botnet Ares - Attempted,,7
RF,PGD_eps0.3_it10,6072,6072,1.0,1.0,PGD,0.3,10,DDoS-HOIC,,7
RF,PGD_eps0.3_it10,6058,6058,1.0,1.0,PGD,0.3,10,DDoS-LOIC-HTTP,,7
RF,PGD_eps0.3_it10,526,526,0.053231939163498,0.053231939163498,PGD,0.3,10,DDoS-LOIC-UDP,,7
RF,PGD_eps0.3_it10,59,58,0.8793103448275862,0.864406779661017,PGD,0.3,10,DDoS-LOIC-UDP - Attempted,,7
RF,PGD_eps0.3_it10,4496,4496,0.9995551601423488,0.9995551601423488,PGD,0.3,10,DoS GoldenEye,,7
RF,PGD_eps0.3_it10,873,873,1.0,1.0,PGD,0.3,10,DoS GoldenEye - Attempted,,7
RF,PGD_eps0.3_it10,6080,6080,0.9320723684210528,0.9320723684210528,PGD,0.3,10,DoS Hulk,,7
RF,PGD_eps0.3_it10,17,17,1.0,1.0,PGD,0.3,10,DoS Hulk - Attempted,,7
RF,PGD_eps0.3_it10,1774,1774,0.625140924464487,0.625140924464487,PGD,0.3,10,DoS Slowloris,,7
RF,PGD_eps0.3_it10,451,451,1.0,1.0,PGD,0.3,10,DoS Slowloris - Attempted,,7
RF,PGD_eps0.3_it10,5862,5862,1.0,1.0,PGD,0.3,10,FTP-BruteForce - Attempted,,7
RF,PGD_eps0.3_it10,40,40,0.975,0.975,PGD,0.3,10,Infiltration - Communication Victim Attacker,,7
RF,PGD_eps0.3_it10,15,8,1.0,1.0,PGD,0.3,10,Infiltration - Dropbox Download,,7
RF,PGD_eps0.3_it10,8,1,1.0,1.0,PGD,0.3,10,Infiltration - Dropbox Download - Attempted,,7
RF,PGD_eps0.3_it10,5945,5940,0.8898989898989899,0.8899915895710682,PGD,0.3,10,Infiltration - NMAP Portscan,,7
RF,PGD_eps0.3_it10,5952,5952,1.0,1.0,PGD,0.3,10,SSH-BruteForce,,7
RF,PGD_eps0.3_it10,23,22,1.0,1.0,PGD,0.3,10,Web Attack - Brute Force,,7
RF,PGD_eps0.3_it10,24,23,1.0,1.0,PGD,0.3,10,Web Attack - Brute Force - Attempted,,7
RF,PGD_eps0.3_it10,8,6,1.0,1.0,PGD,0.3,10,Web Attack - SQL,,7
RF,PGD_eps0.3_it10,2,2,1.0,1.0,PGD,0.3,10,Web Attack - SQL - Attempted,,7
RF,PGD_eps0.3_it10,22,22,1.0,1.0,PGD,0.3,10,Web Attack - XSS,,7
RF,PGD_eps0.3_it10,1,1,1.0,1.0,PGD,0.3,10,Web Attack - XSS - Attempted,,7
MLP,PGD_eps0.3_it10,60000,0,,,PGD,0.3,10,Benign,,7
MLP,PGD_eps0.3_it10,5944,5944,0.9949528936742934,0.9949528936742934,PGD,0.3,10,Botnet Ares,,7
MLP,PGD_eps0.3_it10,51,51,1.0,1.0,PGD,0.3,10,Botnet Ares - Attempted,,7
MLP,PGD_eps0.3_it10,6072,6072,1.0,1.0,PGD,0.3,10,DDoS-HOIC,,7
MLP,PGD_eps0.3_it10,6058,6058,1.0,1.0,PGD,0.3,10,DDoS-LOIC-HTTP,,7
MLP,PGD_eps0.3_it10,526,522,0.0383141762452107,0.0380228136882129,PGD,0.3,10,DDoS-LOIC-UDP,,7
MLP,PGD_eps0.3_it10,59,51,1.0,0.864406779661017,PGD,0.3,10,DDoS-LOIC-UDP - Attempted,,7
MLP,PGD_eps0.3_it10,4496,4496,1.0,1.0,PGD,0.3,10,DoS GoldenEye,,7
MLP,PGD_eps0.3_it10,873,873,1.0,1.0,PGD,0.3,10,DoS GoldenEye - Attempted,,7
MLP,PGD_eps0.3_it10,6080,6080,1.0,1.0,PGD,0.3,10,DoS Hulk,,7
MLP,PGD_eps0.3_it10,17,17,1.0,1.0,PGD,0.3,10,DoS Hulk - Attempted,,7
MLP,PGD_eps0.3_it10,1774,1774,1.0,1.0,PGD,0.3,10,DoS Slowloris,,7
MLP,PGD_eps0.3_it10,451,451,1.0,1.0,PGD,0.3,10,DoS Slowloris - Attempted,,7
MLP,PGD_eps0.3_it10,5862,5862,1.0,1.0,PGD,0.3,10,FTP-BruteForce - Attempted,,7
MLP,PGD_eps0.3_it10,40,37,0.8918918918918919,0.85,PGD,0.3,10,Infiltration - Communication Victim Attacker,,7
MLP,PGD_eps0.3_it10,15,0,,0.1333333333333333,PGD,0.3,10,Infiltration - Dropbox Download,,7
MLP,PGD_eps0.3_it10,8,0,,0.625,PGD,0.3,10,Infiltration - Dropbox Download - Attempted,,7
MLP,PGD_eps0.3_it10,5945,5825,0.983175965665236,0.9633305298570228,PGD,0.3,10,Infiltration - NMAP Portscan,,7
MLP,PGD_eps0.3_it10,5952,5952,1.0,1.0,PGD,0.3,10,SSH-BruteForce,,7
MLP,PGD_eps0.3_it10,23,22,1.0,0.9565217391304348,PGD,0.3,10,Web Attack - Brute Force,,7
MLP,PGD_eps0.3_it10,24,23,1.0,0.9583333333333334,PGD,0.3,10,Web Attack - Brute Force - Attempted,,7
MLP,PGD_eps0.3_it10,8,7,1.0,0.875,PGD,0.3,10,Web Attack - SQL,,7
MLP,PGD_eps0.3_it10,2,2,1.0,1.0,PGD,0.3,10,Web Attack - SQL - Attempted,,7
MLP,PGD_eps0.3_it10,22,22,1.0,1.0,PGD,0.3,10,Web Attack - XSS,,7
MLP,PGD_eps0.3_it10,1,0,,0.0,PGD,0.3,10,Web Attack - XSS - Attempted,,7
LR,PGD_eps0.3_it25,60000,0,,,PGD,0.3,25,Benign,,7
LR,PGD_eps0.3_it25,5944,5940,0.9956228956228956,0.9956258411843876,PGD,0.3,25,Botnet Ares,,7
LR,PGD_eps0.3_it25,51,51,0.0196078431372549,0.0196078431372549,PGD,0.3,25,Botnet Ares - Attempted,,7
LR,PGD_eps0.3_it25,6072,6072,0.0,0.0,PGD,0.3,25,DDoS-HOIC,,7
LR,PGD_eps0.3_it25,6058,0,,1.0,PGD,0.3,25,DDoS-LOIC-HTTP,,7
LR,PGD_eps0.3_it25,526,505,0.0019801980198019,0.0418250950570342,PGD,0.3,25,DDoS-LOIC-UDP,,7
LR,PGD_eps0.3_it25,59,0,,1.0,PGD,0.3,25,DDoS-LOIC-UDP - Attempted,,7
LR,PGD_eps0.3_it25,4496,4496,0.4435053380782918,0.4435053380782918,PGD,0.3,25,DoS GoldenEye,,7
LR,PGD_eps0.3_it25,873,873,0.2668957617411225,0.2668957617411225,PGD,0.3,25,DoS GoldenEye - Attempted,,7
LR,PGD_eps0.3_it25,6080,6080,0.9601973684210526,0.9601973684210526,PGD,0.3,25,DoS Hulk,,7
LR,PGD_eps0.3_it25,17,17,1.0,1.0,PGD,0.3,25,DoS Hulk - Attempted,,7
LR,PGD_eps0.3_it25,1774,1718,0.4889406286379511,0.5050732807215332,PGD,0.3,25,DoS Slowloris,,7
LR,PGD_eps0.3_it25,451,440,1.0,1.0,PGD,0.3,25,DoS Slowloris - Attempted,,7
LR,PGD_eps0.3_it25,5862,5862,0.0,0.0,PGD,0.3,25,FTP-BruteForce - Attempted,,7
LR,PGD_eps0.3_it25,40,38,0.7105263157894737,0.675,PGD,0.3,25,Infiltration - Communication Victim Attacker,,7
LR,PGD_eps0.3_it25,15,0,,0.1333333333333333,PGD,0.3,25,Infiltration - Dropbox Download,,7
LR,PGD_eps0.3_it25,8,0,,0.625,PGD,0.3,25,Infiltration - Dropbox Download - Attempted,,7
LR,PGD_eps0.3_it25,5945,5141,0.3617973156973351,0.4333052985702271,PGD,0.3,25,Infiltration - NMAP Portscan,,7
LR,PGD_eps0.3_it25,5952,5952,1.0,1.0,PGD,0.3,25,SSH-BruteForce,,7
LR,PGD_eps0.3_it25,23,0,,1.0,PGD,0.3,25,Web Attack - Brute Force,,7
LR,PGD_eps0.3_it25,24,1,1.0,0.9583333333333334,PGD,0.3,25,Web Attack - Brute Force - Attempted,,7
LR,PGD_eps0.3_it25,8,0,,0.875,PGD,0.3,25,Web Attack - SQL,,7
LR,PGD_eps0.3_it25,2,1,1.0,1.0,PGD,0.3,25,Web Attack - SQL - Attempted,,7
LR,PGD_eps0.3_it25,22,0,,1.0,PGD,0.3,25,Web Attack - XSS,,7
LR,PGD_eps0.3_it25,1,0,,0.0,PGD,0.3,25,Web Attack - XSS - Attempted,,7
SVM,PGD_eps0.3_it25,60000,0,,,PGD,0.3,25,Benign,,7
SVM,PGD_eps0.3_it25,5944,5941,0.9956236323851204,0.9956258411843876,PGD,0.3,25,Botnet Ares,,7
SVM,PGD_eps0.3_it25,51,51,0.3137254901960784,0.3137254901960784,PGD,0.3,25,Botnet Ares - Attempted,,7
SVM,PGD_eps0.3_it25,6072,6072,1.0,1.0,PGD,0.3,25,DDoS-HOIC,,7
SVM,PGD_eps0.3_it25,6058,0,,1.0,PGD,0.3,25,DDoS-LOIC-HTTP,,7
SVM,PGD_eps0.3_it25,526,505,0.0,0.0361216730038022,PGD,0.3,25,DDoS-LOIC-UDP,,7
SVM,PGD_eps0.3_it25,59,0,,1.0,PGD,0.3,25,DDoS-LOIC-UDP - Attempted,,7
SVM,PGD_eps0.3_it25,4496,4496,0.8082740213523132,0.8082740213523132,PGD,0.3,25,DoS GoldenEye,,7
SVM,PGD_eps0.3_it25,873,873,0.9152348224513172,0.9152348224513172,PGD,0.3,25,DoS GoldenEye - Attempted,,7
SVM,PGD_eps0.3_it25,6080,6080,0.9980263157894737,0.9980263157894737,PGD,0.3,25,DoS Hulk,,7
SVM,PGD_eps0.3_it25,17,17,1.0,1.0,PGD,0.3,25,DoS Hulk - Attempted,,7
SVM,PGD_eps0.3_it25,1774,1718,0.9220023282887078,0.9244644870349492,PGD,0.3,25,DoS Slowloris,,7
SVM,PGD_eps0.3_it25,451,440,1.0,1.0,PGD,0.3,25,DoS Slowloris - Attempted,,7
SVM,PGD_eps0.3_it25,5862,5862,0.1356192425793244,0.1356192425793244,PGD,0.3,25,FTP-BruteForce - Attempted,,7
SVM,PGD_eps0.3_it25,40,40,0.675,0.675,PGD,0.3,25,Infiltration - Communication Victim Attacker,,7
SVM,PGD_eps0.3_it25,15,0,,0.0666666666666666,PGD,0.3,25,Infiltration - Dropbox Download,,7
SVM,PGD_eps0.3_it25,8,0,,0.25,PGD,0.3,25,Infiltration - Dropbox Download - Attempted,,7
SVM,PGD_eps0.3_it25,5945,4785,0.5832810867293626,0.6499579478553407,PGD,0.3,25,Infiltration - NMAP Portscan,,7
SVM,PGD_eps0.3_it25,5952,5952,1.0,1.0,PGD,0.3,25,SSH-BruteForce,,7
SVM,PGD_eps0.3_it25,23,0,,0.9565217391304348,PGD,0.3,25,Web Attack - Brute Force,,7
SVM,PGD_eps0.3_it25,24,1,1.0,0.9583333333333334,PGD,0.3,25,Web Attack - Brute Force - Attempted,,7
SVM,PGD_eps0.3_it25,8,0,,0.875,PGD,0.3,25,Web Attack - SQL,,7
SVM,PGD_eps0.3_it25,2,0,,1.0,PGD,0.3,25,Web Attack - SQL - Attempted,,7
SVM,PGD_eps0.3_it25,22,0,,1.0,PGD,0.3,25,Web Attack - XSS,,7
SVM,PGD_eps0.3_it25,1,0,,0.0,PGD,0.3,25,Web Attack - XSS - Attempted,,7
RF,PGD_eps0.3_it25,60000,0,,,PGD,0.3,25,Benign,,7
RF,PGD_eps0.3_it25,5944,5944,1.0,1.0,PGD,0.3,25,Botnet Ares,,7
RF,PGD_eps0.3_it25,51,51,1.0,1.0,PGD,0.3,25,Botnet Ares - Attempted,,7
RF,PGD_eps0.3_it25,6072,6072,1.0,1.0,PGD,0.3,25,DDoS-HOIC,,7
RF,PGD_eps0.3_it25,6058,6058,1.0,1.0,PGD,0.3,25,DDoS-LOIC-HTTP,,7
RF,PGD_eps0.3_it25,526,526,0.053231939163498,0.053231939163498,PGD,0.3,25,DDoS-LOIC-UDP,,7
RF,PGD_eps0.3_it25,59,58,0.8793103448275862,0.864406779661017,PGD,0.3,25,DDoS-LOIC-UDP - Attempted,,7
RF,PGD_eps0.3_it25,4496,4496,0.9997775800711745,0.9997775800711745,PGD,0.3,25,DoS GoldenEye,,7
RF,PGD_eps0.3_it25,873,873,1.0,1.0,PGD,0.3,25,DoS GoldenEye - Attempted,,7
RF,PGD_eps0.3_it25,6080,6080,1.0,1.0,PGD,0.3,25,DoS Hulk,,7
RF,PGD_eps0.3_it25,17,17,1.0,1.0,PGD,0.3,25,DoS Hulk - Attempted,,7
RF,PGD_eps0.3_it25,1774,1774,0.6668545659526494,0.6668545659526494,PGD,0.3,25,DoS Slowloris,,7
RF,PGD_eps0.3_it25,451,451,1.0,1.0,PGD,0.3,25,DoS Slowloris - Attempted,,7
RF,PGD_eps0.3_it25,5862,5862,1.0,1.0,PGD,0.3,25,FTP-BruteForce - Attempted,,7
RF,PGD_eps0.3_it25,40,40,0.95,0.95,PGD,0.3,25,Infiltration - Communication Victim Attacker,,7
RF,PGD_eps0.3_it25,15,8,1.0,1.0,PGD,0.3,25,Infiltration - Dropbox Download,,7
RF,PGD_eps0.3_it25,8,1,1.0,1.0,PGD,0.3,25,Infiltration - Dropbox Download - Attempted,,7
RF,PGD_eps0.3_it25,5945,5940,0.8848484848484849,0.8849453322119428,PGD,0.3,25,Infiltration - NMAP Portscan,,7
RF,PGD_eps0.3_it25,5952,5952,1.0,1.0,PGD,0.3,25,SSH-BruteForce,,7
RF,PGD_eps0.3_it25,23,22,1.0,1.0,PGD,0.3,25,Web Attack - Brute Force,,7
RF,PGD_eps0.3_it25,24,23,1.0,1.0,PGD,0.3,25,Web Attack - Brute Force - Attempted,,7
RF,PGD_eps0.3_it25,8,6,1.0,1.0,PGD,0.3,25,Web Attack - SQL,,7
RF,PGD_eps0.3_it25,2,2,1.0,1.0,PGD,0.3,25,Web Attack - SQL - Attempted,,7
RF,PGD_eps0.3_it25,22,22,1.0,1.0,PGD,0.3,25,Web Attack - XSS,,7
RF,PGD_eps0.3_it25,1,1,1.0,1.0,PGD,0.3,25,Web Attack - XSS - Attempted,,7
MLP,PGD_eps0.3_it25,60000,0,,,PGD,0.3,25,Benign,,7
MLP,PGD_eps0.3_it25,5944,5944,0.9949528936742934,0.9949528936742934,PGD,0.3,25,Botnet Ares,,7
MLP,PGD_eps0.3_it25,51,51,1.0,1.0,PGD,0.3,25,Botnet Ares - Attempted,,7
MLP,PGD_eps0.3_it25,6072,6072,1.0,1.0,PGD,0.3,25,DDoS-HOIC,,7
MLP,PGD_eps0.3_it25,6058,6058,1.0,1.0,PGD,0.3,25,DDoS-LOIC-HTTP,,7
MLP,PGD_eps0.3_it25,526,522,0.0383141762452107,0.0380228136882129,PGD,0.3,25,DDoS-LOIC-UDP,,7
MLP,PGD_eps0.3_it25,59,51,1.0,0.864406779661017,PGD,0.3,25,DDoS-LOIC-UDP - Attempted,,7
MLP,PGD_eps0.3_it25,4496,4496,1.0,1.0,PGD,0.3,25,DoS GoldenEye,,7
MLP,PGD_eps0.3_it25,873,873,1.0,1.0,PGD,0.3,25,DoS GoldenEye - Attempted,,7
MLP,PGD_eps0.3_it25,6080,6080,1.0,1.0,PGD,0.3,25,DoS Hulk,,7
MLP,PGD_eps0.3_it25,17,17,1.0,1.0,PGD,0.3,25,DoS Hulk - Attempted,,7
MLP,PGD_eps0.3_it25,1774,1774,1.0,1.0,PGD,0.3,25,DoS Slowloris,,7
MLP,PGD_eps0.3_it25,451,451,1.0,1.0,PGD,0.3,25,DoS Slowloris - Attempted,,7
MLP,PGD_eps0.3_it25,5862,5862,1.0,1.0,PGD,0.3,25,FTP-BruteForce - Attempted,,7
MLP,PGD_eps0.3_it25,40,37,0.8918918918918919,0.85,PGD,0.3,25,Infiltration - Communication Victim Attacker,,7
MLP,PGD_eps0.3_it25,15,0,,0.1333333333333333,PGD,0.3,25,Infiltration - Dropbox Download,,7
MLP,PGD_eps0.3_it25,8,0,,0.625,PGD,0.3,25,Infiltration - Dropbox Download - Attempted,,7
MLP,PGD_eps0.3_it25,5945,5825,0.9893562231759656,0.9693860386879732,PGD,0.3,25,Infiltration - NMAP Portscan,,7
MLP,PGD_eps0.3_it25,5952,5952,1.0,1.0,PGD,0.3,25,SSH-BruteForce,,7
MLP,PGD_eps0.3_it25,23,22,1.0,0.9565217391304348,PGD,0.3,25,Web Attack - Brute Force,,7
MLP,PGD_eps0.3_it25,24,23,1.0,0.9583333333333334,PGD,0.3,25,Web Attack - Brute Force - Attempted,,7
MLP,PGD_eps0.3_it25,8,7,1.0,0.875,PGD,0.3,25,Web Attack - SQL,,7
MLP,PGD_eps0.3_it25,2,2,1.0,1.0,PGD,0.3,25,Web Attack - SQL - Attempted,,7
MLP,PGD_eps0.3_it25,22,22,1.0,1.0,PGD,0.3,25,Web Attack - XSS,,7
MLP,PGD_eps0.3_it25,1,0,,0.0,PGD,0.3,25,Web Attack - XSS - Attempted,,7
LR,PGD_eps0.5_it10,60000,0,,,PGD,0.5,10,Benign,,7
LR,PGD_eps0.5_it10,5944,5940,0.9956228956228956,0.9956258411843876,PGD,0.5,10,Botnet Ares,,7
LR,PGD_eps0.5_it10,51,51,0.3137254901960784,0.3137254901960784,PGD,0.5,10,Botnet Ares - Attempted,,7
LR,PGD_eps0.5_it10,6072,6072,0.0,0.0,PGD,0.5,10,DDoS-HOIC,,7
LR,PGD_eps0.5_it10,6058,0,,1.0,PGD,0.5,10,DDoS-LOIC-HTTP,,7
LR,PGD_eps0.5_it10,526,505,0.0059405940594059,0.0380228136882129,PGD,0.5,10,DDoS-LOIC-UDP,,7
LR,PGD_eps0.5_it10,59,0,,1.0,PGD,0.5,10,DDoS-LOIC-UDP - Attempted,,7
LR,PGD_eps0.5_it10,4496,4496,0.8952402135231317,0.8952402135231317,PGD,0.5,10,DoS GoldenEye,,7
LR,PGD_eps0.5_it10,873,873,0.9965635738831616,0.9965635738831616,PGD,0.5,10,DoS GoldenEye - Attempted,,7
LR,PGD_eps0.5_it10,6080,6080,0.9980263157894737,0.9980263157894737,PGD,0.5,10,DoS Hulk,,7
LR,PGD_eps0.5_it10,17,17,1.0,1.0,PGD,0.5,10,DoS Hulk - Attempted,,7
LR,PGD_eps0.5_it10,1774,1718,0.909778812572759,0.9126268320180384,PGD,0.5,10,DoS Slowloris,,7
LR,PGD_eps0.5_it10,451,440,1.0,1.0,PGD,0.5,10,DoS Slowloris - Attempted,,7
LR,PGD_eps0.5_it10,5862,5862,0.3346980552712384,0.3346980552712384,PGD,0.5,10,FTP-BruteForce - Attempted,,7
LR,PGD_eps0.5_it10,40,38,0.7368421052631579,0.7,PGD,0.5,10,Infiltration - Communication Victim Attacker,,7
LR,PGD_eps0.5_it10,15,0,,0.1333333333333333,PGD,0.5,10,Infiltration - Dropbox Download,,7
LR,PGD_eps0.5_it10,8,0,,0.625,PGD,0.5,10,Infiltration - Dropbox Download - Attempted,,7
LR,PGD_eps0.5_it10,5945,5141,0.6490955067107567,0.6814129520605551,PGD,0.5,10,Infiltration - NMAP Portscan,,7
LR,PGD_eps0.5_it10,5952,5952,1.0,1.0,PGD,0.5,10,SSH-BruteForce,,7
LR,PGD_eps0.5_it10,23,0,,0.9565217391304348,PGD,0.5,10,Web Attack - Brute Force,,7
LR,PGD_eps0.5_it10,24,1,1.0,0.9583333333333334,PGD,0.5,10,Web Attack - Brute Force - Attempted,,7
LR,PGD_eps0.5_it10,8,0,,0.875,PGD,0.5,10,Web Attack - SQL,,7
LR,PGD_eps0.5_it10,2,1,1.0,1.0,PGD,0.5,10,Web Attack - SQL - Attempted,,7
LR,PGD_eps0.5_it10,22,0,,1.0,PGD,0.5,10,Web Attack - XSS,,7
LR,PGD_eps0.5_it10,1,0,,0.0,PGD,0.5,10,Web Attack - XSS - Attempted,,7
SVM,PGD_eps0.5_it10,60000,0,,,PGD,0.5,10,Benign,,7
SVM,PGD_eps0.5_it10,5944,5941,0.9956236323851204,0.9956258411843876,PGD,0.5,10,Botnet Ares,,7
SVM,PGD_eps0.5_it10,51,51,1.0,1.0,PGD,0.5,10,Botnet Ares - Attempted,,7
SVM,PGD_eps0.5_it10,6072,6072,1.0,1.0,PGD,0.5,10,DDoS-HOIC,,7
SVM,PGD_eps0.5_it10,6058,0,,1.0,PGD,0.5,10,DDoS-LOIC-HTTP,,7
SVM,PGD_eps0.5_it10,526,505,0.0039603960396039,0.0361216730038022,PGD,0.5,10,DDoS-LOIC-UDP,,7
SVM,PGD_eps0.5_it10,59,0,,0.864406779661017,PGD,0.5,10,DDoS-LOIC-UDP - Attempted,,7
SVM,PGD_eps0.5_it10,4496,4496,1.0,1.0,PGD,0.5,10,DoS GoldenEye,,7
SVM,PGD_eps0.5_it10,873,873,1.0,1.0,PGD,0.5,10,DoS GoldenEye - Attempted,,7
SVM,PGD_eps0.5_it10,6080,6080,1.0,1.0,PGD,0.5,10,DoS Hulk,,7
SVM,PGD_eps0.5_it10,17,17,1.0,1.0,PGD,0.5,10,DoS Hulk - Attempted,,7
SVM,PGD_eps0.5_it10,1774,1718,0.9924330616996508,0.992671927846674,PGD,0.5,10,DoS Slowloris,,7
SVM,PGD_eps0.5_it10,451,440,1.0,1.0,PGD,0.5,10,DoS Slowloris - Attempted,,7
SVM,PGD_eps0.5_it10,5862,5862,0.783179802115319,0.783179802115319,PGD,0.5,10,FTP-BruteForce - Attempted,,7
SVM,PGD_eps0.5_it10,40,40,0.9,0.9,PGD,0.5,10,Infiltration - Communication Victim Attacker,,7
SVM,PGD_eps0.5_it10,15,0,,0.0666666666666666,PGD,0.5,10,Infiltration - Dropbox Download,,7
SVM,PGD_eps0.5_it10,8,0,,0.125,PGD,0.5,10,Infiltration - Dropbox Download - Attempted,,7
SVM,PGD_eps0.5_it10,5945,4785,0.8551724137931035,0.8659377628259041,PGD,0.5,10,Infiltration - NMAP Portscan,,7
SVM,PGD_eps0.5_it10,5952,5952,1.0,1.0,PGD,0.5,10,SSH-BruteForce,,7
SVM,PGD_eps0.5_it10,23,0,,0.9565217391304348,PGD,0.5,10,Web Attack - Brute Force,,7
SVM,PGD_eps0.5_it10,24,1,1.0,0.9583333333333334,PGD,0.5,10,Web Attack - Brute Force - Attempted,,7
SVM,PGD_eps0.5_it10,8,0,,0.875,PGD,0.5,10,Web Attack - SQL,,7
SVM,PGD_eps0.5_it10,2,0,,1.0,PGD,0.5,10,Web Attack - SQL - Attempted,,7
SVM,PGD_eps0.5_it10,22,0,,1.0,PGD,0.5,10,Web Attack - XSS,,7
SVM,PGD_eps0.5_it10,1,0,,0.0,PGD,0.5,10,Web Attack - XSS - Attempted,,7
RF,PGD_eps0.5_it10,60000,0,,,PGD,0.5,10,Benign,,7
RF,PGD_eps0.5_it10,5944,5944,1.0,1.0,PGD,0.5,10,Botnet Ares,,7
RF,PGD_eps0.5_it10,51,51,1.0,1.0,PGD,0.5,10,Botnet Ares - Attempted,,7
RF,PGD_eps0.5_it10,6072,6072,1.0,1.0,PGD,0.5,10,DDoS-HOIC,,7
RF,PGD_eps0.5_it10,6058,6058,1.0,1.0,PGD,0.5,10,DDoS-LOIC-HTTP,,7
RF,PGD_eps0.5_it10,526,526,0.0513307984790874,0.0513307984790874,PGD,0.5,10,DDoS-LOIC-UDP,,7
RF,PGD_eps0.5_it10,59,58,0.8793103448275862,0.864406779661017,PGD,0.5,10,DDoS-LOIC-UDP - Attempted,,7
RF,PGD_eps0.5_it10,4496,4496,0.9130338078291816,0.9130338078291816,PGD,0.5,10,DoS GoldenEye,,7
RF,PGD_eps0.5_it10,873,873,1.0,1.0,PGD,0.5,10,DoS GoldenEye - Attempted,,7
RF,PGD_eps0.5_it10,6080,6080,1.0,1.0,PGD,0.5,10,DoS Hulk,,7
RF,PGD_eps0.5_it10,17,17,1.0,1.0,PGD,0.5,10,DoS Hulk - Attempted,,7
RF,PGD_eps0.5_it10,1774,1774,0.625140924464487,0.625140924464487,PGD,0.5,10,DoS Slowloris,,7
RF,PGD_eps0.5_it10,451,451,1.0,1.0,PGD,0.5,10,DoS Slowloris - Attempted,,7
RF,PGD_eps0.5_it10,5862,5862,1.0,1.0,PGD,0.5,10,FTP-BruteForce - Attempted,,7
RF,PGD_eps0.5_it10,40,40,0.975,0.975,PGD,0.5,10,Infiltration - Communication Victim Attacker,,7
RF,PGD_eps0.5_it10,15,8,1.0,1.0,PGD,0.5,10,Infiltration - Dropbox Download,,7
RF,PGD_eps0.5_it10,8,1,1.0,1.0,PGD,0.5,10,Infiltration - Dropbox Download - Attempted,,7
RF,PGD_eps0.5_it10,5945,5940,0.8915824915824916,0.8916736753574432,PGD,0.5,10,Infiltration - NMAP Portscan,,7
RF,PGD_eps0.5_it10,5952,5952,1.0,1.0,PGD,0.5,10,SSH-BruteForce,,7
RF,PGD_eps0.5_it10,23,22,1.0,1.0,PGD,0.5,10,Web Attack - Brute Force,,7
RF,PGD_eps0.5_it10,24,23,1.0,1.0,PGD,0.5,10,Web Attack - Brute Force - Attempted,,7
RF,PGD_eps0.5_it10,8,6,1.0,1.0,PGD,0.5,10,Web Attack - SQL,,7
RF,PGD_eps0.5_it10,2,2,1.0,1.0,PGD,0.5,10,Web Attack - SQL - Attempted,,7
RF,PGD_eps0.5_it10,22,22,1.0,1.0,PGD,0.5,10,Web Attack - XSS,,7
RF,PGD_eps0.5_it10,1,1,1.0,1.0,PGD,0.5,10,Web Attack - XSS - Attempted,,7
MLP,PGD_eps0.5_it10,60000,0,,,PGD,0.5,10,Benign,,7
MLP,PGD_eps0.5_it10,5944,5944,0.996298788694482,0.996298788694482,PGD,0.5,10,Botnet Ares,,7
MLP,PGD_eps0.5_it10,51,51,1.0,1.0,PGD,0.5,10,Botnet Ares - Attempted,,7
MLP,PGD_eps0.5_it10,6072,6072,1.0,1.0,PGD,0.5,10,DDoS-HOIC,,7
MLP,PGD_eps0.5_it10,6058,6058,1.0,1.0,PGD,0.5,10,DDoS-LOIC-HTTP,,7
MLP,PGD_eps0.5_it10,526,522,0.0421455938697318,0.0418250950570342,PGD,0.5,10,DDoS-LOIC-UDP,,7
MLP,PGD_eps0.5_it10,59,51,1.0,0.864406779661017,PGD,0.5,10,DDoS-LOIC-UDP - Attempted,,7
MLP,PGD_eps0.5_it10,4496,4496,1.0,1.0,PGD,0.5,10,DoS GoldenEye,,7
MLP,PGD_eps0.5_it10,873,873,1.0,1.0,PGD,0.5,10,DoS GoldenEye - Attempted,,7
MLP,PGD_eps0.5_it10,6080,6080,1.0,1.0,PGD,0.5,10,DoS Hulk,,7
MLP,PGD_eps0.5_it10,17,17,1.0,1.0,PGD,0.5,10,DoS Hulk - Attempted,,7
MLP,PGD_eps0.5_it10,1774,1774,1.0,1.0,PGD,0.5,10,DoS Slowloris,,7
MLP,PGD_eps0.5_it10,451,451,1.0,1.0,PGD,0.5,10,DoS Slowloris - Attempted,,7
MLP,PGD_eps0.5_it10,5862,5862,1.0,1.0,PGD,0.5,10,FTP-BruteForce - Attempted,,7
MLP,PGD_eps0.5_it10,40,37,1.0,0.95,PGD,0.5,10,Infiltration - Communication Victim Attacker,,7
MLP,PGD_eps0.5_it10,15,0,,0.0666666666666666,PGD,0.5,10,Infiltration - Dropbox Download,,7
MLP,PGD_eps0.5_it10,8,0,,0.625,PGD,0.5,10,Infiltration - Dropbox Download - Attempted,,7
MLP,PGD_eps0.5_it10,5945,5825,1.0,0.9798149705634988,PGD,0.5,10,Infiltration - NMAP Portscan,,7
MLP,PGD_eps0.5_it10,5952,5952,1.0,1.0,PGD,0.5,10,SSH-BruteForce,,7
MLP,PGD_eps0.5_it10,23,22,1.0,0.9565217391304348,PGD,0.5,10,Web Attack - Brute Force,,7
MLP,PGD_eps0.5_it10,24,23,1.0,0.9583333333333334,PGD,0.5,10,Web Attack - Brute Force - Attempted,,7
MLP,PGD_eps0.5_it10,8,7,1.0,0.875,PGD,0.5,10,Web Attack - SQL,,7
MLP,PGD_eps0.5_it10,2,2,1.0,1.0,PGD,0.5,10,Web Attack - SQL - Attempted,,7
MLP,PGD_eps0.5_it10,22,22,1.0,1.0,PGD,0.5,10,Web Attack - XSS,,7
MLP,PGD_eps0.5_it10,1,0,,0.0,PGD,0.5,10,Web Attack - XSS - Attempted,,7
LR,PGD_eps0.5_it25,60000,0,,,PGD,0.5,25,Benign,,7
LR,PGD_eps0.5_it25,5944,5940,0.9956228956228956,0.9956258411843876,PGD,0.5,25,Botnet Ares,,7
LR,PGD_eps0.5_it25,51,51,0.0196078431372549,0.0196078431372549,PGD,0.5,25,Botnet Ares - Attempted,,7
LR,PGD_eps0.5_it25,6072,6072,0.0,0.0,PGD,0.5,25,DDoS-HOIC,,7
LR,PGD_eps0.5_it25,6058,0,,1.0,PGD,0.5,25,DDoS-LOIC-HTTP,,7
LR,PGD_eps0.5_it25,526,505,0.0059405940594059,0.0380228136882129,PGD,0.5,25,DDoS-LOIC-UDP,,7
LR,PGD_eps0.5_it25,59,0,,1.0,PGD,0.5,25,DDoS-LOIC-UDP - Attempted,,7
LR,PGD_eps0.5_it25,4496,4496,0.9968861209964412,0.9968861209964412,PGD,0.5,25,DoS GoldenEye,,7
LR,PGD_eps0.5_it25,873,873,0.9988545246277204,0.9988545246277204,PGD,0.5,25,DoS GoldenEye - Attempted,,7
LR,PGD_eps0.5_it25,6080,6080,1.0,1.0,PGD,0.5,25,DoS Hulk,,7
LR,PGD_eps0.5_it25,17,17,1.0,1.0,PGD,0.5,25,DoS Hulk - Attempted,,7
LR,PGD_eps0.5_it25,1774,1718,0.9080325960419092,0.910935738444194,PGD,0.5,25,DoS Slowloris,,7
LR,PGD_eps0.5_it25,451,440,1.0,1.0,PGD,0.5,25,DoS Slowloris - Attempted,,7
LR,PGD_eps0.5_it25,5862,5862,0.3346980552712384,0.3346980552712384,PGD,0.5,25,FTP-BruteForce - Attempted,,7
LR,PGD_eps0.5_it25,40,38,0.8421052631578947,0.8,PGD,0.5,25,Infiltration - Communication Victim Attacker,,7
LR,PGD_eps0.5_it25,15,0,,0.1333333333333333,PGD,0.5,25,Infiltration - Dropbox Download,,7
LR,PGD_eps0.5_it25,8,0,,0.625,PGD,0.5,25,Infiltration - Dropbox Download - Attempted,,7
LR,PGD_eps0.5_it25,5945,5141,0.5905465862672632,0.6311185870479394,PGD,0.5,25,Infiltration - NMAP Portscan,,7
LR,PGD_eps0.5_it25,5952,5952,1.0,1.0,PGD,0.5,25,SSH-BruteForce,,7
LR,PGD_eps0.5_it25,23,0,,1.0,PGD,0.5,25,Web Attack - Brute Force,,7
LR,PGD_eps0.5_it25,24,1,1.0,0.9583333333333334,PGD,0.5,25,Web Attack - Brute Force - Attempted,,7
LR,PGD_eps0.5_it25,8,0,,0.875,PGD,0.5,25,Web Attack - SQL,,7
LR,PGD_eps0.5_it25,2,1,1.0,1.0,PGD,0.5,25,Web Attack - SQL - Attempted,,7
LR,PGD_eps0.5_it25,22,0,,1.0,PGD,0.5,25,Web Attack - XSS,,7
LR,PGD_eps0.5_it25,1,0,,0.0,PGD,0.5,25,Web Attack - XSS - Attempted,,7
SVM,PGD_eps0.5_it25,60000,0,,,PGD,0.5,25,Benign,,7
SVM,PGD_eps0.5_it25,5944,5941,0.9956236323851204,0.9956258411843876,PGD,0.5,25,Botnet Ares,,7
SVM,PGD_eps0.5_it25,51,51,1.0,1.0,PGD,0.5,25,Botnet Ares - Attempted,,7
SVM,PGD_eps0.5_it25,6072,6072,1.0,1.0,PGD,0.5,25,DDoS-HOIC,,7
SVM,PGD_eps0.5_it25,6058,0,,1.0,PGD,0.5,25,DDoS-LOIC-HTTP,,7
SVM,PGD_eps0.5_it25,526,505,0.0059405940594059,0.0380228136882129,PGD,0.5,25,DDoS-LOIC-UDP,,7
SVM,PGD_eps0.5_it25,59,0,,0.864406779661017,PGD,0.5,25,DDoS-LOIC-UDP - Attempted,,7
SVM,PGD_eps0.5_it25,4496,4496,1.0,1.0,PGD,0.5,25,DoS GoldenEye,,7
SVM,PGD_eps0.5_it25,873,873,1.0,1.0,PGD,0.5,25,DoS GoldenEye - Attempted,,7
SVM,PGD_eps0.5_it25,6080,6080,1.0,1.0,PGD,0.5,25,DoS Hulk,,7
SVM,PGD_eps0.5_it25,17,17,1.0,1.0,PGD,0.5,25,DoS Hulk - Attempted,,7
SVM,PGD_eps0.5_it25,1774,1718,0.9924330616996508,0.992671927846674,PGD,0.5,25,DoS Slowloris,,7
SVM,PGD_eps0.5_it25,451,440,1.0,1.0,PGD,0.5,25,DoS Slowloris - Attempted,,7
SVM,PGD_eps0.5_it25,5862,5862,0.783179802115319,0.783179802115319,PGD,0.5,25,FTP-BruteForce - Attempted,,7
SVM,PGD_eps0.5_it25,40,40,0.925,0.925,PGD,0.5,25,Infiltration - Communication Victim Attacker,,7
SVM,PGD_eps0.5_it25,15,0,,0.0666666666666666,PGD,0.5,25,Infiltration - Dropbox Download,,7
SVM,PGD_eps0.5_it25,8,0,,0.125,PGD,0.5,25,Infiltration - Dropbox Download - Attempted,,7
SVM,PGD_eps0.5_it25,5945,4785,0.8530825496342738,0.864255677039529,PGD,0.5,25,Infiltration - NMAP Portscan,,7
SVM,PGD_eps0.5_it25,5952,5952,1.0,1.0,PGD,0.5,25,SSH-BruteForce,,7
SVM,PGD_eps0.5_it25,23,0,,0.9565217391304348,PGD,0.5,25,Web Attack - Brute Force,,7
SVM,PGD_eps0.5_it25,24,1,1.0,0.9583333333333334,PGD,0.5,25,Web Attack - Brute Force - Attempted,,7
SVM,PGD_eps0.5_it25,8,0,,0.875,PGD,0.5,25,Web Attack - SQL,,7
SVM,PGD_eps0.5_it25,2,0,,1.0,PGD,0.5,25,Web Attack - SQL - Attempted,,7
SVM,PGD_eps0.5_it25,22,0,,1.0,PGD,0.5,25,Web Attack - XSS,,7
SVM,PGD_eps0.5_it25,1,0,,0.0,PGD,0.5,25,Web Attack - XSS - Attempted,,7
RF,PGD_eps0.5_it25,60000,0,,,PGD,0.5,25,Benign,,7
RF,PGD_eps0.5_it25,5944,5944,1.0,1.0,PGD,0.5,25,Botnet Ares,,7
RF,PGD_eps0.5_it25,51,51,1.0,1.0,PGD,0.5,25,Botnet Ares - Attempted,,7
RF,PGD_eps0.5_it25,6072,6072,1.0,1.0,PGD,0.5,25,DDoS-HOIC,,7
RF,PGD_eps0.5_it25,6058,6058,1.0,1.0,PGD,0.5,25,DDoS-LOIC-HTTP,,7
RF,PGD_eps0.5_it25,526,526,0.053231939163498,0.053231939163498,PGD,0.5,25,DDoS-LOIC-UDP,,7
RF,PGD_eps0.5_it25,59,58,1.0,1.0,PGD,0.5,25,DDoS-LOIC-UDP - Attempted,,7
RF,PGD_eps0.5_it25,4496,4496,1.0,1.0,PGD,0.5,25,DoS GoldenEye,,7
RF,PGD_eps0.5_it25,873,873,1.0,1.0,PGD,0.5,25,DoS GoldenEye - Attempted,,7
RF,PGD_eps0.5_it25,6080,6080,1.0,1.0,PGD,0.5,25,DoS Hulk,,7
RF,PGD_eps0.5_it25,17,17,1.0,1.0,PGD,0.5,25,DoS Hulk - Attempted,,7
RF,PGD_eps0.5_it25,1774,1774,0.6668545659526494,0.6668545659526494,PGD,0.5,25,DoS Slowloris,,7
RF,PGD_eps0.5_it25,451,451,1.0,1.0,PGD,0.5,25,DoS Slowloris - Attempted,,7
RF,PGD_eps0.5_it25,5862,5862,1.0,1.0,PGD,0.5,25,FTP-BruteForce - Attempted,,7
RF,PGD_eps0.5_it25,40,40,0.975,0.975,PGD,0.5,25,Infiltration - Communication Victim Attacker,,7
RF,PGD_eps0.5_it25,15,8,1.0,1.0,PGD,0.5,25,Infiltration - Dropbox Download,,7
RF,PGD_eps0.5_it25,8,1,1.0,1.0,PGD,0.5,25,Infiltration - Dropbox Download - Attempted,,7
RF,PGD_eps0.5_it25,5945,5940,0.9584175084175084,0.9584524810765348,PGD,0.5,25,Infiltration - NMAP Portscan,,7
RF,PGD_eps0.5_it25,5952,5952,1.0,1.0,PGD,0.5,25,SSH-BruteForce,,7
RF,PGD_eps0.5_it25,23,22,1.0,1.0,PGD,0.5,25,Web Attack - Brute Force,,7
RF,PGD_eps0.5_it25,24,23,0.5217391304347826,0.5416666666666666,PGD,0.5,25,Web Attack - Brute Force - Attempted,,7
RF,PGD_eps0.5_it25,8,6,1.0,1.0,PGD,0.5,25,Web Attack - SQL,,7
RF,PGD_eps0.5_it25,2,2,1.0,1.0,PGD,0.5,25,Web Attack - SQL - Attempted,,7
RF,PGD_eps0.5_it25,22,22,1.0,1.0,PGD,0.5,25,Web Attack - XSS,,7
RF,PGD_eps0.5_it25,1,1,1.0,1.0,PGD,0.5,25,Web Attack - XSS - Attempted,,7
MLP,PGD_eps0.5_it25,60000,0,,,PGD,0.5,25,Benign,,7
MLP,PGD_eps0.5_it25,5944,5944,0.996298788694482,0.996298788694482,PGD,0.5,25,Botnet Ares,,7
MLP,PGD_eps0.5_it25,51,51,1.0,1.0,PGD,0.5,25,Botnet Ares - Attempted,,7
MLP,PGD_eps0.5_it25,6072,6072,1.0,1.0,PGD,0.5,25,DDoS-HOIC,,7
MLP,PGD_eps0.5_it25,6058,6058,1.0,1.0,PGD,0.5,25,DDoS-LOIC-HTTP,,7
MLP,PGD_eps0.5_it25,526,522,0.0421455938697318,0.0418250950570342,PGD,0.5,25,DDoS-LOIC-UDP,,7
MLP,PGD_eps0.5_it25,59,51,1.0,0.864406779661017,PGD,0.5,25,DDoS-LOIC-UDP - Attempted,,7
MLP,PGD_eps0.5_it25,4496,4496,1.0,1.0,PGD,0.5,25,DoS GoldenEye,,7
MLP,PGD_eps0.5_it25,873,873,1.0,1.0,PGD,0.5,25,DoS GoldenEye - Attempted,,7
MLP,PGD_eps0.5_it25,6080,6080,1.0,1.0,PGD,0.5,25,DoS Hulk,,7
MLP,PGD_eps0.5_it25,17,17,1.0,1.0,PGD,0.5,25,DoS Hulk - Attempted,,7
MLP,PGD_eps0.5_it25,1774,1774,1.0,1.0,PGD,0.5,25,DoS Slowloris,,7
MLP,PGD_eps0.5_it25,451,451,1.0,1.0,PGD,0.5,25,DoS Slowloris - Attempted,,7
MLP,PGD_eps0.5_it25,5862,5862,1.0,1.0,PGD,0.5,25,FTP-BruteForce - Attempted,,7
MLP,PGD_eps0.5_it25,40,37,1.0,0.95,PGD,0.5,25,Infiltration - Communication Victim Attacker,,7
MLP,PGD_eps0.5_it25,15,0,,0.0666666666666666,PGD,0.5,25,Infiltration - Dropbox Download,,7
MLP,PGD_eps0.5_it25,8,0,,0.625,PGD,0.5,25,Infiltration - Dropbox Download - Attempted,,7
MLP,PGD_eps0.5_it25,5945,5825,1.0,0.9798149705634988,PGD,0.5,25,Infiltration - NMAP Portscan,,7
MLP,PGD_eps0.5_it25,5952,5952,1.0,1.0,PGD,0.5,25,SSH-BruteForce,,7
MLP,PGD_eps0.5_it25,23,22,1.0,0.9565217391304348,PGD,0.5,25,Web Attack - Brute Force,,7
MLP,PGD_eps0.5_it25,24,23,1.0,0.9583333333333334,PGD,0.5,25,Web Attack - Brute Force - Attempted,,7
MLP,PGD_eps0.5_it25,8,7,1.0,0.875,PGD,0.5,25,Web Attack - SQL,,7
MLP,PGD_eps0.5_it25,2,2,1.0,1.0,PGD,0.5,25,Web Attack - SQL - Attempted,,7
MLP,PGD_eps0.5_it25,22,22,1.0,1.0,PGD,0.5,25,Web Attack - XSS,,7
MLP,PGD_eps0.5_it25,1,0,,0.0,PGD,0.5,25,Web Attack - XSS - Attempted,,7
LR,PGD_eps0.75_it10,60000,0,,,PGD,0.75,10,Benign,,7
LR,PGD_eps0.75_it10,5944,5940,0.9957912457912458,0.9957940780619112,PGD,0.75,10,Botnet Ares,,7
LR,PGD_eps0.75_it10,51,51,0.3137254901960784,0.3137254901960784,PGD,0.75,10,Botnet Ares - Attempted,,7
LR,PGD_eps0.75_it10,6072,6072,0.0,0.0,PGD,0.75,10,DDoS-HOIC,,7
LR,PGD_eps0.75_it10,6058,0,,1.0,PGD,0.75,10,DDoS-LOIC-HTTP,,7
LR,PGD_eps0.75_it10,526,505,0.0059405940594059,0.0380228136882129,PGD,0.75,10,DDoS-LOIC-UDP,,7
LR,PGD_eps0.75_it10,59,0,,0.864406779661017,PGD,0.75,10,DDoS-LOIC-UDP - Attempted,,7
LR,PGD_eps0.75_it10,4496,4496,0.9895462633451956,0.9895462633451956,PGD,0.75,10,DoS GoldenEye,,7
LR,PGD_eps0.75_it10,873,873,0.9988545246277204,0.9988545246277204,PGD,0.75,10,DoS GoldenEye - Attempted,,7
LR,PGD_eps0.75_it10,6080,6080,0.9980263157894737,0.9980263157894737,PGD,0.75,10,DoS Hulk,,7
LR,PGD_eps0.75_it10,17,17,1.0,1.0,PGD,0.75,10,DoS Hulk - Attempted,,7
LR,PGD_eps0.75_it10,1774,1718,0.9284051222351573,0.9306651634723788,PGD,0.75,10,DoS Slowloris,,7
LR,PGD_eps0.75_it10,451,440,1.0,1.0,PGD,0.75,10,DoS Slowloris - Attempted,,7
LR,PGD_eps0.75_it10,5862,5862,0.783179802115319,0.783179802115319,PGD,0.75,10,FTP-BruteForce - Attempted,,7
LR,PGD_eps0.75_it10,40,38,0.8421052631578947,0.8,PGD,0.75,10,Infiltration - Communication Victim Attacker,,7
LR,PGD_eps0.75_it10,15,0,,0.0666666666666666,PGD,0.75,10,Infiltration - Dropbox Download,,7
LR,PGD_eps0.75_it10,8,0,,0.5,PGD,0.75,10,Infiltration - Dropbox Download - Attempted,,7
LR,PGD_eps0.75_it10,5945,5141,0.7724178175452246,0.7855340622371741,PGD,0.75,10,Infiltration - NMAP Portscan,,7
LR,PGD_eps0.75_it10,5952,5952,1.0,1.0,PGD,0.75,10,SSH-BruteForce,,7
LR,PGD_eps0.75_it10,23,0,,0.9565217391304348,PGD,0.75,10,Web Attack - Brute Force,,7
LR,PGD_eps0.75_it10,24,1,1.0,0.9583333333333334,PGD,0.75,10,Web Attack - Brute Force - Attempted,,7
LR,PGD_eps0.75_it10,8,0,,0.875,PGD,0.75,10,Web Attack - SQL,,7
LR,PGD_eps0.75_it10,2,1,1.0,1.0,PGD,0.75,10,Web Attack - SQL - Attempted,,7
LR,PGD_eps0.75_it10,22,0,,1.0,PGD,0.75,10,Web Attack - XSS,,7
LR,PGD_eps0.75_it10,1,0,,0.0,PGD,0.75,10,Web Attack - XSS - Attempted,,7
SVM,PGD_eps0.75_it10,60000,0,,,PGD,0.75,10,Benign,,7
SVM,PGD_eps0.75_it10,5944,5941,0.9957919542164618,0.9957940780619112,PGD,0.75,10,Botnet Ares,,7
SVM,PGD_eps0.75_it10,51,51,1.0,1.0,PGD,0.75,10,Botnet Ares - Attempted,,7
SVM,PGD_eps0.75_it10,6072,6072,1.0,1.0,PGD,0.75,10,DDoS-HOIC,,7
SVM,PGD_eps0.75_it10,6058,0,,1.0,PGD,0.75,10,DDoS-LOIC-HTTP,,7
SVM,PGD_eps0.75_it10,526,505,0.0079207920792079,0.0399239543726235,PGD,0.75,10,DDoS-LOIC-UDP,,7
SVM,PGD_eps0.75_it10,59,0,,0.864406779661017,PGD,0.75,10,DDoS-LOIC-UDP - Attempted,,7
SVM,PGD_eps0.75_it10,4496,4496,1.0,1.0,PGD,0.75,10,DoS GoldenEye,,7
SVM,PGD_eps0.75_it10,873,873,1.0,1.0,PGD,0.75,10,DoS GoldenEye - Attempted,,7
SVM,PGD_eps0.75_it10,6080,6080,1.0,1.0,PGD,0.75,10,DoS Hulk,,7
SVM,PGD_eps0.75_it10,17,17,1.0,1.0,PGD,0.75,10,DoS Hulk - Attempted,,7
SVM,PGD_eps0.75_it10,1774,1718,1.0,1.0,PGD,0.75,10,DoS Slowloris,,7
SVM,PGD_eps0.75_it10,451,440,1.0,1.0,PGD,0.75,10,DoS Slowloris - Attempted,,7
SVM,PGD_eps0.75_it10,5862,5862,1.0,1.0,PGD,0.75,10,FTP-BruteForce - Attempted,,7
SVM,PGD_eps0.75_it10,40,40,0.925,0.925,PGD,0.75,10,Infiltration - Communication Victim Attacker,,7
SVM,PGD_eps0.75_it10,15,0,,0.0666666666666666,PGD,0.75,10,Infiltration - Dropbox Download,,7
SVM,PGD_eps0.75_it10,8,0,,0.125,PGD,0.75,10,Infiltration - Dropbox Download - Attempted,,7
SVM,PGD_eps0.75_it10,5945,4785,0.90282131661442,0.9039529015979816,PGD,0.75,10,Infiltration - NMAP Portscan,,7
SVM,PGD_eps0.75_it10,5952,5952,1.0,1.0,PGD,0.75,10,SSH-BruteForce,,7
SVM,PGD_eps0.75_it10,23,0,,0.9565217391304348,PGD,0.75,10,Web Attack - Brute Force,,7
SVM,PGD_eps0.75_it10,24,1,1.0,0.9583333333333334,PGD,0.75,10,Web Attack - Brute Force - Attempted,,7
SVM,PGD_eps0.75_it10,8,0,,0.875,PGD,0.75,10,Web Attack - SQL,,7
SVM,PGD_eps0.75_it10,2,0,,1.0,PGD,0.75,10,Web Attack - SQL - Attempted,,7
SVM,PGD_eps0.75_it10,22,0,,1.0,PGD,0.75,10,Web Attack - XSS,,7
SVM,PGD_eps0.75_it10,1,0,,0.0,PGD,0.75,10,Web Attack - XSS - Attempted,,7
RF,PGD_eps0.75_it10,60000,0,,,PGD,0.75,10,Benign,,7
RF,PGD_eps0.75_it10,5944,5944,1.0,1.0,PGD,0.75,10,Botnet Ares,,7
RF,PGD_eps0.75_it10,51,51,1.0,1.0,PGD,0.75,10,Botnet Ares - Attempted,,7
RF,PGD_eps0.75_it10,6072,6072,1.0,1.0,PGD,0.75,10,DDoS-HOIC,,7
RF,PGD_eps0.75_it10,6058,6058,1.0,1.0,PGD,0.75,10,DDoS-LOIC-HTTP,,7
RF,PGD_eps0.75_it10,526,526,0.0513307984790874,0.0513307984790874,PGD,0.75,10,DDoS-LOIC-UDP,,7
RF,PGD_eps0.75_it10,59,58,1.0,1.0,PGD,0.75,10,DDoS-LOIC-UDP - Attempted,,7
RF,PGD_eps0.75_it10,4496,4496,0.9984430604982206,0.9984430604982206,PGD,0.75,10,DoS GoldenEye,,7
RF,PGD_eps0.75_it10,873,873,0.9988545246277204,0.9988545246277204,PGD,0.75,10,DoS GoldenEye - Attempted,,7
RF,PGD_eps0.75_it10,6080,6080,0.9972039473684212,0.9972039473684212,PGD,0.75,10,DoS Hulk,,7
RF,PGD_eps0.75_it10,17,17,1.0,1.0,PGD,0.75,10,DoS Hulk - Attempted,,7
RF,PGD_eps0.75_it10,1774,1774,0.9205186020293122,0.9205186020293122,PGD,0.75,10,DoS Slowloris,,7
RF,PGD_eps0.75_it10,451,451,1.0,1.0,PGD,0.75,10,DoS Slowloris - Attempted,,7
RF,PGD_eps0.75_it10,5862,5862,0.8454452405322416,0.8454452405322416,PGD,0.75,10,FTP-BruteForce - Attempted,,7
RF,PGD_eps0.75_it10,40,40,1.0,1.0,PGD,0.75,10,Infiltration - Communication Victim Attacker,,7
RF,PGD_eps0.75_it10,15,8,1.0,1.0,PGD,0.75,10,Infiltration - Dropbox Download,,7
RF,PGD_eps0.75_it10,8,1,1.0,1.0,PGD,0.75,10,Infiltration - Dropbox Download - Attempted,,7
RF,PGD_eps0.75_it10,5945,5940,0.8964646464646465,0.896551724137931,PGD,0.75,10,Infiltration - NMAP Portscan,,7
RF,PGD_eps0.75_it10,5952,5952,1.0,1.0,PGD,0.75,10,SSH-BruteForce,,7
RF,PGD_eps0.75_it10,23,22,1.0,1.0,PGD,0.75,10,Web Attack - Brute Force,,7
RF,PGD_eps0.75_it10,24,23,1.0,1.0,PGD,0.75,10,Web Attack - Brute Force - Attempted,,7
RF,PGD_eps0.75_it10,8,6,1.0,1.0,PGD,0.75,10,Web Attack - SQL,,7
RF,PGD_eps0.75_it10,2,2,1.0,1.0,PGD,0.75,10,Web Attack - SQL - Attempted,,7
RF,PGD_eps0.75_it10,22,22,1.0,1.0,PGD,0.75,10,Web Attack - XSS,,7
RF,PGD_eps0.75_it10,1,1,1.0,1.0,PGD,0.75,10,Web Attack - XSS - Attempted,,7
MLP,PGD_eps0.75_it10,60000,0,,,PGD,0.75,10,Benign,,7
MLP,PGD_eps0.75_it10,5944,5944,0.9996635262449528,0.9996635262449528,PGD,0.75,10,Botnet Ares,,7
MLP,PGD_eps0.75_it10,51,51,1.0,1.0,PGD,0.75,10,Botnet Ares - Attempted,,7
MLP,PGD_eps0.75_it10,6072,6072,1.0,1.0,PGD,0.75,10,DDoS-HOIC,,7
MLP,PGD_eps0.75_it10,6058,6058,1.0,1.0,PGD,0.75,10,DDoS-LOIC-HTTP,,7
MLP,PGD_eps0.75_it10,526,522,0.0421455938697318,0.0418250950570342,PGD,0.75,10,DDoS-LOIC-UDP,,7
MLP,PGD_eps0.75_it10,59,51,1.0,0.864406779661017,PGD,0.75,10,DDoS-LOIC-UDP - Attempted,,7
MLP,PGD_eps0.75_it10,4496,4496,1.0,1.0,PGD,0.75,10,DoS GoldenEye,,7
MLP,PGD_eps0.75_it10,873,873,1.0,1.0,PGD,0.75,10,DoS GoldenEye - Attempted,,7
MLP,PGD_eps0.75_it10,6080,6080,1.0,1.0,PGD,0.75,10,DoS Hulk,,7
MLP,PGD_eps0.75_it10,17,17,1.0,1.0,PGD,0.75,10,DoS Hulk - Attempted,,7
MLP,PGD_eps0.75_it10,1774,1774,1.0,1.0,PGD,0.75,10,DoS Slowloris,,7
MLP,PGD_eps0.75_it10,451,451,1.0,1.0,PGD,0.75,10,DoS Slowloris - Attempted,,7
MLP,PGD_eps0.75_it10,5862,5862,1.0,1.0,PGD,0.75,10,FTP-BruteForce - Attempted,,7
MLP,PGD_eps0.75_it10,40,37,1.0,0.925,PGD,0.75,10,Infiltration - Communication Victim Attacker,,7
MLP,PGD_eps0.75_it10,15,0,,0.0,PGD,0.75,10,Infiltration - Dropbox Download,,7
MLP,PGD_eps0.75_it10,8,0,,0.25,PGD,0.75,10,Infiltration - Dropbox Download - Attempted,,7
MLP,PGD_eps0.75_it10,5945,5825,1.0,0.9798149705634988,PGD,0.75,10,Infiltration - NMAP Portscan,,7
MLP,PGD_eps0.75_it10,5952,5952,1.0,1.0,PGD,0.75,10,SSH-BruteForce,,7
MLP,PGD_eps0.75_it10,23,22,1.0,0.9565217391304348,PGD,0.75,10,Web Attack - Brute Force,,7
MLP,PGD_eps0.75_it10,24,23,1.0,0.9583333333333334,PGD,0.75,10,Web Attack - Brute Force - Attempted,,7
MLP,PGD_eps0.75_it10,8,7,1.0,0.875,PGD,0.75,10,Web Attack - SQL,,7
MLP,PGD_eps0.75_it10,2,2,1.0,1.0,PGD,0.75,10,Web Attack - SQL - Attempted,,7
MLP,PGD_eps0.75_it10,22,22,1.0,1.0,PGD,0.75,10,Web Attack - XSS,,7
MLP,PGD_eps0.75_it10,1,0,,0.0,PGD,0.75,10,Web Attack - XSS - Attempted,,7
LR,PGD_eps0.75_it25,60000,0,,,PGD,0.75,25,Benign,,7
LR,PGD_eps0.75_it25,5944,5940,0.9957912457912458,0.9957940780619112,PGD,0.75,25,Botnet Ares,,7
LR,PGD_eps0.75_it25,51,51,0.3137254901960784,0.3137254901960784,PGD,0.75,25,Botnet Ares - Attempted,,7
LR,PGD_eps0.75_it25,6072,6072,0.0,0.0,PGD,0.75,25,DDoS-HOIC,,7
LR,PGD_eps0.75_it25,6058,0,,1.0,PGD,0.75,25,DDoS-LOIC-HTTP,,7
LR,PGD_eps0.75_it25,526,505,0.0059405940594059,0.0380228136882129,PGD,0.75,25,DDoS-LOIC-UDP,,7
LR,PGD_eps0.75_it25,59,0,,0.864406779661017,PGD,0.75,25,DDoS-LOIC-UDP - Attempted,,7
LR,PGD_eps0.75_it25,4496,4496,1.0,1.0,PGD,0.75,25,DoS GoldenEye,,7
LR,PGD_eps0.75_it25,873,873,1.0,1.0,PGD,0.75,25,DoS GoldenEye - Attempted,,7
LR,PGD_eps0.75_it25,6080,6080,1.0,1.0,PGD,0.75,25,DoS Hulk,,7
LR,PGD_eps0.75_it25,17,17,1.0,1.0,PGD,0.75,25,DoS Hulk - Attempted,,7
LR,PGD_eps0.75_it25,1774,1718,0.9220023282887078,0.9244644870349492,PGD,0.75,25,DoS Slowloris,,7
LR,PGD_eps0.75_it25,451,440,1.0,1.0,PGD,0.75,25,DoS Slowloris - Attempted,,7
LR,PGD_eps0.75_it25,5862,5862,0.783179802115319,0.783179802115319,PGD,0.75,25,FTP-BruteForce - Attempted,,7
LR,PGD_eps0.75_it25,40,38,0.868421052631579,0.825,PGD,0.75,25,Infiltration - Communication Victim Attacker,,7
LR,PGD_eps0.75_it25,15,0,,0.0666666666666666,PGD,0.75,25,Infiltration - Dropbox Download,,7
LR,PGD_eps0.75_it25,8,0,,0.625,PGD,0.75,25,Infiltration - Dropbox Download - Attempted,,7
LR,PGD_eps0.75_it25,5945,5141,0.7765026259482591,0.7888982338099243,PGD,0.75,25,Infiltration - NMAP Portscan,,7
LR,PGD_eps0.75_it25,5952,5952,1.0,1.0,PGD,0.75,25,SSH-BruteForce,,7
LR,PGD_eps0.75_it25,23,0,,0.9565217391304348,PGD,0.75,25,Web Attack - Brute Force,,7
LR,PGD_eps0.75_it25,24,1,1.0,0.9583333333333334,PGD,0.75,25,Web Attack - Brute Force - Attempted,,7
LR,PGD_eps0.75_it25,8,0,,0.875,PGD,0.75,25,Web Attack - SQL,,7
LR,PGD_eps0.75_it25,2,1,1.0,1.0,PGD,0.75,25,Web Attack - SQL - Attempted,,7
LR,PGD_eps0.75_it25,22,0,,1.0,PGD,0.75,25,Web Attack - XSS,,7
LR,PGD_eps0.75_it25,1,0,,0.0,PGD,0.75,25,Web Attack - XSS - Attempted,,7
SVM,PGD_eps0.75_it25,60000,0,,,PGD,0.75,25,Benign,,7
SVM,PGD_eps0.75_it25,5944,5941,0.9957919542164618,0.9957940780619112,PGD,0.75,25,Botnet Ares,,7
SVM,PGD_eps0.75_it25,51,51,1.0,1.0,PGD,0.75,25,Botnet Ares - Attempted,,7
SVM,PGD_eps0.75_it25,6072,6072,1.0,1.0,PGD,0.75,25,DDoS-HOIC,,7
SVM,PGD_eps0.75_it25,6058,0,,1.0,PGD,0.75,25,DDoS-LOIC-HTTP,,7
SVM,PGD_eps0.75_it25,526,505,0.0059405940594059,0.0380228136882129,PGD,0.75,25,DDoS-LOIC-UDP,,7
SVM,PGD_eps0.75_it25,59,0,,0.864406779661017,PGD,0.75,25,DDoS-LOIC-UDP - Attempted,,7
SVM,PGD_eps0.75_it25,4496,4496,1.0,1.0,PGD,0.75,25,DoS GoldenEye,,7
SVM,PGD_eps0.75_it25,873,873,1.0,1.0,PGD,0.75,25,DoS GoldenEye - Attempted,,7
SVM,PGD_eps0.75_it25,6080,6080,1.0,1.0,PGD,0.75,25,DoS Hulk,,7
SVM,PGD_eps0.75_it25,17,17,1.0,1.0,PGD,0.75,25,DoS Hulk - Attempted,,7
SVM,PGD_eps0.75_it25,1774,1718,1.0,1.0,PGD,0.75,25,DoS Slowloris,,7
SVM,PGD_eps0.75_it25,451,440,1.0,1.0,PGD,0.75,25,DoS Slowloris - Attempted,,7
SVM,PGD_eps0.75_it25,5862,5862,0.783179802115319,0.783179802115319,PGD,0.75,25,FTP-BruteForce - Attempted,,7
SVM,PGD_eps0.75_it25,40,40,0.925,0.925,PGD,0.75,25,Infiltration - Communication Victim Attacker,,7
SVM,PGD_eps0.75_it25,15,0,,0.0666666666666666,PGD,0.75,25,Infiltration - Dropbox Download,,7
SVM,PGD_eps0.75_it25,8,0,,0.125,PGD,0.75,25,Infiltration - Dropbox Download - Attempted,,7
SVM,PGD_eps0.75_it25,5945,4785,0.9237199582027168,0.9207737594617326,PGD,0.75,25,Infiltration - NMAP Portscan,,7
SVM,PGD_eps0.75_it25,5952,5952,1.0,1.0,PGD,0.75,25,SSH-BruteForce,,7
SVM,PGD_eps0.75_it25,23,0,,0.9565217391304348,PGD,0.75,25,Web Attack - Brute Force,,7
SVM,PGD_eps0.75_it25,24,1,1.0,0.9583333333333334,PGD,0.75,25,Web Attack - Brute Force - Attempted,,7
SVM,PGD_eps0.75_it25,8,0,,0.875,PGD,0.75,25,Web Attack - SQL,,7
SVM,PGD_eps0.75_it25,2,0,,1.0,PGD,0.75,25,Web Attack - SQL - Attempted,,7
SVM,PGD_eps0.75_it25,22,0,,1.0,PGD,0.75,25,Web Attack - XSS,,7
SVM,PGD_eps0.75_it25,1,0,,0.0,PGD,0.75,25,Web Attack - XSS - Attempted,,7
RF,PGD_eps0.75_it25,60000,0,,,PGD,0.75,25,Benign,,7
RF,PGD_eps0.75_it25,5944,5944,1.0,1.0,PGD,0.75,25,Botnet Ares,,7
RF,PGD_eps0.75_it25,51,51,1.0,1.0,PGD,0.75,25,Botnet Ares - Attempted,,7
RF,PGD_eps0.75_it25,6072,6072,1.0,1.0,PGD,0.75,25,DDoS-HOIC,,7
RF,PGD_eps0.75_it25,6058,6058,0.9996698580389568,0.9996698580389568,PGD,0.75,25,DDoS-LOIC-HTTP,,7
RF,PGD_eps0.75_it25,526,526,0.053231939163498,0.053231939163498,PGD,0.75,25,DDoS-LOIC-UDP,,7
RF,PGD_eps0.75_it25,59,58,1.0,1.0,PGD,0.75,25,DDoS-LOIC-UDP - Attempted,,7
RF,PGD_eps0.75_it25,4496,4496,1.0,1.0,PGD,0.75,25,DoS GoldenEye,,7
RF,PGD_eps0.75_it25,873,873,0.9988545246277204,0.9988545246277204,PGD,0.75,25,DoS GoldenEye - Attempted,,7
RF,PGD_eps0.75_it25,6080,6080,1.0,1.0,PGD,0.75,25,DoS Hulk,,7
RF,PGD_eps0.75_it25,17,17,1.0,1.0,PGD,0.75,25,DoS Hulk - Attempted,,7
RF,PGD_eps0.75_it25,1774,1774,0.919391206313416,0.919391206313416,PGD,0.75,25,DoS Slowloris,,7
RF,PGD_eps0.75_it25,451,451,1.0,1.0,PGD,0.75,25,DoS Slowloris - Attempted,,7
RF,PGD_eps0.75_it25,5862,5862,1.0,1.0,PGD,0.75,25,FTP-BruteForce - Attempted,,7
RF,PGD_eps0.75_it25,40,40,1.0,1.0,PGD,0.75,25,Infiltration - Communication Victim Attacker,,7
RF,PGD_eps0.75_it25,15,8,1.0,1.0,PGD,0.75,25,Infiltration - Dropbox Download,,7
RF,PGD_eps0.75_it25,8,1,1.0,1.0,PGD,0.75,25,Infiltration - Dropbox Download - Attempted,,7
RF,PGD_eps0.75_it25,5945,5940,0.942929292929293,0.942977291841884,PGD,0.75,25,Infiltration - NMAP Portscan,,7
RF,PGD_eps0.75_it25,5952,5952,1.0,1.0,PGD,0.75,25,SSH-BruteForce,,7
RF,PGD_eps0.75_it25,23,22,1.0,1.0,PGD,0.75,25,Web Attack - Brute Force,,7
RF,PGD_eps0.75_it25,24,23,1.0,1.0,PGD,0.75,25,Web Attack - Brute Force - Attempted,,7
RF,PGD_eps0.75_it25,8,6,1.0,1.0,PGD,0.75,25,Web Attack - SQL,,7
RF,PGD_eps0.75_it25,2,2,1.0,1.0,PGD,0.75,25,Web Attack - SQL - Attempted,,7
RF,PGD_eps0.75_it25,22,22,1.0,1.0,PGD,0.75,25,Web Attack - XSS,,7
RF,PGD_eps0.75_it25,1,1,1.0,1.0,PGD,0.75,25,Web Attack - XSS - Attempted,,7
MLP,PGD_eps0.75_it25,60000,0,,,PGD,0.75,25,Benign,,7
MLP,PGD_eps0.75_it25,5944,5944,0.9996635262449528,0.9996635262449528,PGD,0.75,25,Botnet Ares,,7
MLP,PGD_eps0.75_it25,51,51,1.0,1.0,PGD,0.75,25,Botnet Ares - Attempted,,7
MLP,PGD_eps0.75_it25,6072,6072,1.0,1.0,PGD,0.75,25,DDoS-HOIC,,7
MLP,PGD_eps0.75_it25,6058,6058,1.0,1.0,PGD,0.75,25,DDoS-LOIC-HTTP,,7
MLP,PGD_eps0.75_it25,526,522,0.0421455938697318,0.0418250950570342,PGD,0.75,25,DDoS-LOIC-UDP,,7
MLP,PGD_eps0.75_it25,59,51,1.0,0.864406779661017,PGD,0.75,25,DDoS-LOIC-UDP - Attempted,,7
MLP,PGD_eps0.75_it25,4496,4496,1.0,1.0,PGD,0.75,25,DoS GoldenEye,,7
MLP,PGD_eps0.75_it25,873,873,1.0,1.0,PGD,0.75,25,DoS GoldenEye - Attempted,,7
MLP,PGD_eps0.75_it25,6080,6080,1.0,1.0,PGD,0.75,25,DoS Hulk,,7
MLP,PGD_eps0.75_it25,17,17,1.0,1.0,PGD,0.75,25,DoS Hulk - Attempted,,7
MLP,PGD_eps0.75_it25,1774,1774,1.0,1.0,PGD,0.75,25,DoS Slowloris,,7
MLP,PGD_eps0.75_it25,451,451,1.0,1.0,PGD,0.75,25,DoS Slowloris - Attempted,,7
MLP,PGD_eps0.75_it25,5862,5862,1.0,1.0,PGD,0.75,25,FTP-BruteForce - Attempted,,7
MLP,PGD_eps0.75_it25,40,37,1.0,0.925,PGD,0.75,25,Infiltration - Communication Victim Attacker,,7
MLP,PGD_eps0.75_it25,15,0,,0.0,PGD,0.75,25,Infiltration - Dropbox Download,,7
MLP,PGD_eps0.75_it25,8,0,,0.25,PGD,0.75,25,Infiltration - Dropbox Download - Attempted,,7
MLP,PGD_eps0.75_it25,5945,5825,1.0,0.9798149705634988,PGD,0.75,25,Infiltration - NMAP Portscan,,7
MLP,PGD_eps0.75_it25,5952,5952,1.0,1.0,PGD,0.75,25,SSH-BruteForce,,7
MLP,PGD_eps0.75_it25,23,22,1.0,0.9565217391304348,PGD,0.75,25,Web Attack - Brute Force,,7
MLP,PGD_eps0.75_it25,24,23,1.0,0.9583333333333334,PGD,0.75,25,Web Attack - Brute Force - Attempted,,7
MLP,PGD_eps0.75_it25,8,7,1.0,0.875,PGD,0.75,25,Web Attack - SQL,,7
MLP,PGD_eps0.75_it25,2,2,1.0,1.0,PGD,0.75,25,Web Attack - SQL - Attempted,,7
MLP,PGD_eps0.75_it25,22,22,1.0,1.0,PGD,0.75,25,Web Attack - XSS,,7
MLP,PGD_eps0.75_it25,1,0,,0.0,PGD,0.75,25,Web Attack - XSS - Attempted,,7
LR,CW_c0.0_it10,60000,0,,,CW,,10,Benign,0.0,7
LR,CW_c0.0_it10,5944,5940,0.0,0.0,CW,,10,Botnet Ares,0.0,7
LR,CW_c0.0_it10,51,51,0.0,0.0,CW,,10,Botnet Ares - Attempted,0.0,7
LR,CW_c0.0_it10,6072,6072,0.0,0.0,CW,,10,DDoS-HOIC,0.0,7
LR,CW_c0.0_it10,6058,0,,1.0,CW,,10,DDoS-LOIC-HTTP,0.0,7
LR,CW_c0.0_it10,526,505,0.0237623762376237,0.0627376425855513,CW,,10,DDoS-LOIC-UDP,0.0,7
LR,CW_c0.0_it10,59,0,,1.0,CW,,10,DDoS-LOIC-UDP - Attempted,0.0,7
LR,CW_c0.0_it10,4496,4496,0.0,0.0,CW,,10,DoS GoldenEye,0.0,7
LR,CW_c0.0_it10,873,873,0.0,0.0,CW,,10,DoS GoldenEye - Attempted,0.0,7
LR,CW_c0.0_it10,6080,6080,0.0029605263157894,0.0029605263157894,CW,,10,DoS Hulk,0.0,7
LR,CW_c0.0_it10,17,17,0.0,0.0,CW,,10,DoS Hulk - Attempted,0.0,7
LR,CW_c0.0_it10,1774,1718,0.0139697322467986,0.0450958286358511,CW,,10,DoS Slowloris,0.0,7
LR,CW_c0.0_it10,451,440,0.0,0.024390243902439,CW,,10,DoS Slowloris - Attempted,0.0,7
LR,CW_c0.0_it10,5862,5862,0.0,0.0,CW,,10,FTP-BruteForce - Attempted,0.0,7
LR,CW_c0.0_it10,40,38,0.6842105263157895,0.7,CW,,10,Infiltration - Communication Victim Attacker,0.0,7
LR,CW_c0.0_it10,15,0,,0.3333333333333333,CW,,10,Infiltration - Dropbox Download,0.0,7
LR,CW_c0.0_it10,8,0,,0.375,CW,,10,Infiltration - Dropbox Download - Attempted,0.0,7
LR,CW_c0.0_it10,5945,5141,0.1962653180315113,0.304793944491169,CW,,10,Infiltration - NMAP Portscan,0.0,7
LR,CW_c0.0_it10,5952,5952,0.0,0.0,CW,,10,SSH-BruteForce,0.0,7
LR,CW_c0.0_it10,23,0,,1.0,CW,,10,Web Attack - Brute Force,0.0,7
LR,CW_c0.0_it10,24,1,1.0,1.0,CW,,10,Web Attack - Brute Force - Attempted,0.0,7
LR,CW_c0.0_it10,8,0,,1.0,CW,,10,Web Attack - SQL,0.0,7
LR,CW_c0.0_it10,2,1,1.0,1.0,CW,,10,Web Attack - SQL - Attempted,0.0,7
LR,CW_c0.0_it10,22,0,,1.0,CW,,10,Web Attack - XSS,0.0,7
LR,CW_c0.0_it10,1,0,,1.0,CW,,10,Web Attack - XSS - Attempted,0.0,7
SVM,CW_c0.0_it10,60000,0,,,CW,,10,Benign,0.0,7
SVM,CW_c0.0_it10,5944,5941,0.0008416091567076,0.0008411843876177,CW,,10,Botnet Ares,0.0,7
SVM,CW_c0.0_it10,51,51,0.0,0.0,CW,,10,Botnet Ares - Attempted,0.0,7
SVM,CW_c0.0_it10,6072,6072,0.0,0.0,CW,,10,DDoS-HOIC,0.0,7
SVM,CW_c0.0_it10,6058,0,,1.0,CW,,10,DDoS-LOIC-HTTP,0.0,7
SVM,CW_c0.0_it10,526,505,0.0118811881188118,0.0513307984790874,CW,,10,DDoS-LOIC-UDP,0.0,7
SVM,CW_c0.0_it10,59,0,,1.0,CW,,10,DDoS-LOIC-UDP - Attempted,0.0,7
SVM,CW_c0.0_it10,4496,4496,0.0,0.0,CW,,10,DoS GoldenEye,0.0,7
SVM,CW_c0.0_it10,873,873,0.0,0.0,CW,,10,DoS GoldenEye - Attempted,0.0,7
SVM,CW_c0.0_it10,6080,6080,0.0029605263157894,0.0029605263157894,CW,,10,DoS Hulk,0.0,7
SVM,CW_c0.0_it10,17,17,0.6470588235294118,0.6470588235294118,CW,,10,DoS Hulk - Attempted,0.0,7
SVM,CW_c0.0_it10,1774,1718,0.3242142025611176,0.3455467869222097,CW,,10,DoS Slowloris,0.0,7
SVM,CW_c0.0_it10,451,440,0.0,0.024390243902439,CW,,10,DoS Slowloris - Attempted,0.0,7
SVM,CW_c0.0_it10,5862,5862,0.0,0.0,CW,,10,FTP-BruteForce - Attempted,0.0,7
SVM,CW_c0.0_it10,40,40,0.675,0.675,CW,,10,Infiltration - Communication Victim Attacker,0.0,7
SVM,CW_c0.0_it10,15,0,,0.2666666666666666,CW,,10,Infiltration - Dropbox Download,0.0,7
SVM,CW_c0.0_it10,8,0,,0.25,CW,,10,Infiltration - Dropbox Download - Attempted,0.0,7
SVM,CW_c0.0_it10,5945,4785,0.2221525600835945,0.3735912531539108,CW,,10,Infiltration - NMAP Portscan,0.0,7
SVM,CW_c0.0_it10,5952,5952,0.0001680107526881,0.0001680107526881,CW,,10,SSH-BruteForce,0.0,7
SVM,CW_c0.0_it10,23,0,,1.0,CW,,10,Web Attack - Brute Force,0.0,7
SVM,CW_c0.0_it10,24,1,1.0,1.0,CW,,10,Web Attack - Brute Force - Attempted,0.0,7
SVM,CW_c0.0_it10,8,0,,1.0,CW,,10,Web Attack - SQL,0.0,7
SVM,CW_c0.0_it10,2,0,,1.0,CW,,10,Web Attack - SQL - Attempted,0.0,7
SVM,CW_c0.0_it10,22,0,,1.0,CW,,10,Web Attack - XSS,0.0,7
SVM,CW_c0.0_it10,1,0,,1.0,CW,,10,Web Attack - XSS - Attempted,0.0,7
RF,CW_c0.0_it10,60000,0,,,CW,,10,Benign,0.0,7
RF,CW_c0.0_it10,5944,5944,0.9993270524899058,0.9993270524899058,CW,,10,Botnet Ares,0.0,7
RF,CW_c0.0_it10,51,51,0.0392156862745098,0.0392156862745098,CW,,10,Botnet Ares - Attempted,0.0,7
RF,CW_c0.0_it10,6072,6072,1.0,1.0,CW,,10,DDoS-HOIC,0.0,7
RF,CW_c0.0_it10,6058,6058,0.9887751733245296,0.9887751733245296,CW,,10,DDoS-LOIC-HTTP,0.0,7
RF,CW_c0.0_it10,526,526,0.9562737642585551,0.9562737642585551,CW,,10,DDoS-LOIC-UDP,0.0,7
RF,CW_c0.0_it10,59,58,0.8793103448275862,0.864406779661017,CW,,10,DDoS-LOIC-UDP - Attempted,0.0,7
RF,CW_c0.0_it10,4496,4496,1.0,1.0,CW,,10,DoS GoldenEye,0.0,7
RF,CW_c0.0_it10,873,873,1.0,1.0,CW,,10,DoS GoldenEye - Attempted,0.0,7
RF,CW_c0.0_it10,6080,6080,1.0,1.0,CW,,10,DoS Hulk,0.0,7
RF,CW_c0.0_it10,17,17,0.7647058823529411,0.7647058823529411,CW,,10,DoS Hulk - Attempted,0.0,7
RF,CW_c0.0_it10,1774,1774,0.6178128523111612,0.6178128523111612,CW,,10,DoS Slowloris,0.0,7
RF,CW_c0.0_it10,451,451,1.0,1.0,CW,,10,DoS Slowloris - Attempted,0.0,7
RF,CW_c0.0_it10,5862,5862,0.990617536676902,0.990617536676902,CW,,10,FTP-BruteForce - Attempted,0.0,7
RF,CW_c0.0_it10,40,40,0.975,0.975,CW,,10,Infiltration - Communication Victim Attacker,0.0,7
RF,CW_c0.0_it10,15,8,1.0,1.0,CW,,10,Infiltration - Dropbox Download,0.0,7
RF,CW_c0.0_it10,8,1,1.0,1.0,CW,,10,Infiltration - Dropbox Download - Attempted,0.0,7
RF,CW_c0.0_it10,5945,5940,0.185016835016835,0.185534062237174,CW,,10,Infiltration - NMAP Portscan,0.0,7
RF,CW_c0.0_it10,5952,5952,1.0,1.0,CW,,10,SSH-BruteForce,0.0,7
RF,CW_c0.0_it10,23,22,1.0,1.0,CW,,10,Web Attack - Brute Force,0.0,7
RF,CW_c0.0_it10,24,23,1.0,1.0,CW,,10,Web Attack - Brute Force - Attempted,0.0,7
RF,CW_c0.0_it10,8,6,0.3333333333333333,0.5,CW,,10,Web Attack - SQL,0.0,7
RF,CW_c0.0_it10,2,2,0.5,0.5,CW,,10,Web Attack - SQL - Attempted,0.0,7
RF,CW_c0.0_it10,22,22,1.0,1.0,CW,,10,Web Attack - XSS,0.0,7
RF,CW_c0.0_it10,1,1,1.0,1.0,CW,,10,Web Attack - XSS - Attempted,0.0,7
MLP,CW_c0.0_it10,60000,0,,,CW,,10,Benign,0.0,7
MLP,CW_c0.0_it10,5944,5944,0.9986541049798116,0.9986541049798116,CW,,10,Botnet Ares,0.0,7
MLP,CW_c0.0_it10,51,51,1.0,1.0,CW,,10,Botnet Ares - Attempted,0.0,7
MLP,CW_c0.0_it10,6072,6072,0.99901185770751,0.99901185770751,CW,,10,DDoS-HOIC,0.0,7
MLP,CW_c0.0_it10,6058,6058,1.0,1.0,CW,,10,DDoS-LOIC-HTTP,0.0,7
MLP,CW_c0.0_it10,526,522,0.992337164750958,0.9847908745247148,CW,,10,DDoS-LOIC-UDP,0.0,7
MLP,CW_c0.0_it10,59,51,0.9803921568627452,0.847457627118644,CW,,10,DDoS-LOIC-UDP - Attempted,0.0,7
MLP,CW_c0.0_it10,4496,4496,0.9955516014234876,0.9955516014234876,CW,,10,DoS GoldenEye,0.0,7
MLP,CW_c0.0_it10,873,873,0.9988545246277204,0.9988545246277204,CW,,10,DoS GoldenEye - Attempted,0.0,7
MLP,CW_c0.0_it10,6080,6080,0.996217105263158,0.996217105263158,CW,,10,DoS Hulk,0.0,7
MLP,CW_c0.0_it10,17,17,1.0,1.0,CW,,10,DoS Hulk - Attempted,0.0,7
MLP,CW_c0.0_it10,1774,1774,1.0,1.0,CW,,10,DoS Slowloris,0.0,7
MLP,CW_c0.0_it10,451,451,0.9977827050997784,0.9977827050997784,CW,,10,DoS Slowloris - Attempted,0.0,7
MLP,CW_c0.0_it10,5862,5862,1.0,1.0,CW,,10,FTP-BruteForce - Attempted,0.0,7
MLP,CW_c0.0_it10,40,37,1.0,0.95,CW,,10,Infiltration - Communication Victim Attacker,0.0,7
MLP,CW_c0.0_it10,15,0,,0.0,CW,,10,Infiltration - Dropbox Download,0.0,7
MLP,CW_c0.0_it10,8,0,,0.0,CW,,10,Infiltration - Dropbox Download - Attempted,0.0,7
MLP,CW_c0.0_it10,5945,5825,0.9896995708154508,0.969722455845248,CW,,10,Infiltration - NMAP Portscan,0.0,7
MLP,CW_c0.0_it10,5952,5952,1.0,1.0,CW,,10,SSH-BruteForce,0.0,7
MLP,CW_c0.0_it10,23,22,1.0,0.9565217391304348,CW,,10,Web Attack - Brute Force,0.0,7
MLP,CW_c0.0_it10,24,23,1.0,0.9583333333333334,CW,,10,Web Attack - Brute Force - Attempted,0.0,7
MLP,CW_c0.0_it10,8,7,1.0,0.875,CW,,10,Web Attack - SQL,0.0,7
MLP,CW_c0.0_it10,2,2,1.0,1.0,CW,,10,Web Attack - SQL - Attempted,0.0,7
MLP,CW_c0.0_it10,22,22,1.0,1.0,CW,,10,Web Attack - XSS,0.0,7
MLP,CW_c0.0_it10,1,0,,0.0,CW,,10,Web Attack - XSS - Attempted,0.0,7
LR,CW_c0.5_it10,60000,0,,,CW,,10,Benign,0.5,7
LR,CW_c0.5_it10,5944,5940,0.0008417508417508,0.0008411843876177,CW,,10,Botnet Ares,0.5,7
LR,CW_c0.5_it10,51,51,0.0,0.0,CW,,10,Botnet Ares - Attempted,0.5,7
LR,CW_c0.5_it10,6072,6072,0.0,0.0,CW,,10,DDoS-HOIC,0.5,7
LR,CW_c0.5_it10,6058,0,,1.0,CW,,10,DDoS-LOIC-HTTP,0.5,7
LR,CW_c0.5_it10,526,505,0.0237623762376237,0.0627376425855513,CW,,10,DDoS-LOIC-UDP,0.5,7
LR,CW_c0.5_it10,59,0,,1.0,CW,,10,DDoS-LOIC-UDP - Attempted,0.5,7
LR,CW_c0.5_it10,4496,4496,0.0,0.0,CW,,10,DoS GoldenEye,0.5,7
LR,CW_c0.5_it10,873,873,0.0,0.0,CW,,10,DoS GoldenEye - Attempted,0.5,7
LR,CW_c0.5_it10,6080,6080,0.0029605263157894,0.0029605263157894,CW,,10,DoS Hulk,0.5,7
LR,CW_c0.5_it10,17,17,0.0,0.0,CW,,10,DoS Hulk - Attempted,0.5,7
LR,CW_c0.5_it10,1774,1718,0.0145518044237485,0.0456595264937993,CW,,10,DoS Slowloris,0.5,7
LR,CW_c0.5_it10,451,440,0.0,0.024390243902439,CW,,10,DoS Slowloris - Attempted,0.5,7
LR,CW_c0.5_it10,5862,5862,0.0,0.0,CW,,10,FTP-BruteForce - Attempted,0.5,7
LR,CW_c0.5_it10,40,38,0.7105263157894737,0.725,CW,,10,Infiltration - Communication Victim Attacker,0.5,7
LR,CW_c0.5_it10,15,0,,0.3333333333333333,CW,,10,Infiltration - Dropbox Download,0.5,7
LR,CW_c0.5_it10,8,0,,0.375,CW,,10,Infiltration - Dropbox Download - Attempted,0.5,7
LR,CW_c0.5_it10,5945,5141,0.1978214355183816,0.3061396131202691,CW,,10,Infiltration - NMAP Portscan,0.5,7
LR,CW_c0.5_it10,5952,5952,0.0,0.0,CW,,10,SSH-BruteForce,0.5,7
LR,CW_c0.5_it10,23,0,,1.0,CW,,10,Web Attack - Brute Force,0.5,7
LR,CW_c0.5_it10,24,1,1.0,1.0,CW,,10,Web Attack - Brute Force - Attempted,0.5,7
LR,CW_c0.5_it10,8,0,,1.0,CW,,10,Web Attack - SQL,0.5,7
LR,CW_c0.5_it10,2,1,1.0,1.0,CW,,10,Web Attack - SQL - Attempted,0.5,7
LR,CW_c0.5_it10,22,0,,1.0,CW,,10,Web Attack - XSS,0.5,7
LR,CW_c0.5_it10,1,0,,1.0,CW,,10,Web Attack - XSS - Attempted,0.5,7
SVM,CW_c0.5_it10,60000,0,,,CW,,10,Benign,0.5,7
SVM,CW_c0.5_it10,5944,5941,0.0013465746507322,0.0013458950201884,CW,,10,Botnet Ares,0.5,7
SVM,CW_c0.5_it10,51,51,0.0,0.0,CW,,10,Botnet Ares - Attempted,0.5,7
SVM,CW_c0.5_it10,6072,6072,0.0,0.0,CW,,10,DDoS-HOIC,0.5,7
SVM,CW_c0.5_it10,6058,0,,1.0,CW,,10,DDoS-LOIC-HTTP,0.5,7
SVM,CW_c0.5_it10,526,505,0.0118811881188118,0.0513307984790874,CW,,10,DDoS-LOIC-UDP,0.5,7
SVM,CW_c0.5_it10,59,0,,1.0,CW,,10,DDoS-LOIC-UDP - Attempted,0.5,7
SVM,CW_c0.5_it10,4496,4496,0.0,0.0,CW,,10,DoS GoldenEye,0.5,7
SVM,CW_c0.5_it10,873,873,0.0,0.0,CW,,10,DoS GoldenEye - Attempted,0.5,7
SVM,CW_c0.5_it10,6080,6080,0.0029605263157894,0.0029605263157894,CW,,10,DoS Hulk,0.5,7
SVM,CW_c0.5_it10,17,17,0.6470588235294118,0.6470588235294118,CW,,10,DoS Hulk - Attempted,0.5,7
SVM,CW_c0.5_it10,1774,1718,0.3242142025611176,0.3455467869222097,CW,,10,DoS Slowloris,0.5,7
SVM,CW_c0.5_it10,451,440,0.0,0.024390243902439,CW,,10,DoS Slowloris - Attempted,0.5,7
SVM,CW_c0.5_it10,5862,5862,0.0,0.0,CW,,10,FTP-BruteForce - Attempted,0.5,7
SVM,CW_c0.5_it10,40,40,0.675,0.675,CW,,10,Infiltration - Communication Victim Attacker,0.5,7
SVM,CW_c0.5_it10,15,0,,0.1333333333333333,CW,,10,Infiltration - Dropbox Download,0.5,7
SVM,CW_c0.5_it10,8,0,,0.125,CW,,10,Infiltration - Dropbox Download - Attempted,0.5,7
SVM,CW_c0.5_it10,5945,4785,0.2380355276907001,0.3865433137089991,CW,,10,Infiltration - NMAP Portscan,0.5,7
SVM,CW_c0.5_it10,5952,5952,0.0005040322580645,0.0005040322580645,CW,,10,SSH-BruteForce,0.5,7
SVM,CW_c0.5_it10,23,0,,1.0,CW,,10,Web Attack - Brute Force,0.5,7
SVM,CW_c0.5_it10,24,1,1.0,1.0,CW,,10,Web Attack - Brute Force - Attempted,0.5,7
SVM,CW_c0.5_it10,8,0,,1.0,CW,,10,Web Attack - SQL,0.5,7
SVM,CW_c0.5_it10,2,0,,1.0,CW,,10,Web Attack - SQL - Attempted,0.5,7
SVM,CW_c0.5_it10,22,0,,1.0,CW,,10,Web Attack - XSS,0.5,7
SVM,CW_c0.5_it10,1,0,,1.0,CW,,10,Web Attack - XSS - Attempted,0.5,7
RF,CW_c0.5_it10,60000,0,,,CW,,10,Benign,0.5,7
RF,CW_c0.5_it10,5944,5944,0.9991588156123824,0.9991588156123824,CW,,10,Botnet Ares,0.5,7
RF,CW_c0.5_it10,51,51,0.0392156862745098,0.0392156862745098,CW,,10,Botnet Ares - Attempted,0.5,7
RF,CW_c0.5_it10,6072,6072,1.0,1.0,CW,,10,DDoS-HOIC,0.5,7
RF,CW_c0.5_it10,6058,6058,0.9995047870584352,0.9995047870584352,CW,,10,DDoS-LOIC-HTTP,0.5,7
RF,CW_c0.5_it10,526,526,0.9581749049429658,0.9581749049429658,CW,,10,DDoS-LOIC-UDP,0.5,7
RF,CW_c0.5_it10,59,58,0.8793103448275862,0.864406779661017,CW,,10,DDoS-LOIC-UDP - Attempted,0.5,7
RF,CW_c0.5_it10,4496,4496,1.0,1.0,CW,,10,DoS GoldenEye,0.5,7
RF,CW_c0.5_it10,873,873,1.0,1.0,CW,,10,DoS GoldenEye - Attempted,0.5,7
RF,CW_c0.5_it10,6080,6080,1.0,1.0,CW,,10,DoS Hulk,0.5,7
RF,CW_c0.5_it10,17,17,0.7647058823529411,0.7647058823529411,CW,,10,DoS Hulk - Attempted,0.5,7
RF,CW_c0.5_it10,1774,1774,0.6178128523111612,0.6178128523111612,CW,,10,DoS Slowloris,0.5,7
RF,CW_c0.5_it10,451,451,1.0,1.0,CW,,10,DoS Slowloris - Attempted,0.5,7
RF,CW_c0.5_it10,5862,5862,0.9938587512794268,0.9938587512794268,CW,,10,FTP-BruteForce - Attempted,0.5,7
RF,CW_c0.5_it10,40,40,0.925,0.925,CW,,10,Infiltration - Communication Victim Attacker,0.5,7
RF,CW_c0.5_it10,15,8,1.0,1.0,CW,,10,Infiltration - Dropbox Download,0.5,7
RF,CW_c0.5_it10,8,1,1.0,1.0,CW,,10,Infiltration - Dropbox Download - Attempted,0.5,7
RF,CW_c0.5_it10,5945,5940,0.1944444444444444,0.1949537426408746,CW,,10,Infiltration - NMAP Portscan,0.5,7
RF,CW_c0.5_it10,5952,5952,1.0,1.0,CW,,10,SSH-BruteForce,0.5,7
RF,CW_c0.5_it10,23,22,1.0,1.0,CW,,10,Web Attack - Brute Force,0.5,7
RF,CW_c0.5_it10,24,23,1.0,1.0,CW,,10,Web Attack - Brute Force - Attempted,0.5,7
RF,CW_c0.5_it10,8,6,0.3333333333333333,0.5,CW,,10,Web Attack - SQL,0.5,7
RF,CW_c0.5_it10,2,2,0.5,0.5,CW,,10,Web Attack - SQL - Attempted,0.5,7
RF,CW_c0.5_it10,22,22,1.0,1.0,CW,,10,Web Attack - XSS,0.5,7
RF,CW_c0.5_it10,1,1,1.0,1.0,CW,,10,Web Attack - XSS - Attempted,0.5,7
MLP,CW_c0.5_it10,60000,0,,,CW,,10,Benign,0.5,7
MLP,CW_c0.5_it10,5944,5944,0.9991588156123824,0.9991588156123824,CW,,10,Botnet Ares,0.5,7
MLP,CW_c0.5_it10,51,51,1.0,1.0,CW,,10,Botnet Ares - Attempted,0.5,7
MLP,CW_c0.5_it10,6072,6072,1.0,1.0,CW,,10,DDoS-HOIC,0.5,7
MLP,CW_c0.5_it10,6058,6058,1.0,1.0,CW,,10,DDoS-LOIC-HTTP,0.5,7
MLP,CW_c0.5_it10,526,522,0.992337164750958,0.9847908745247148,CW,,10,DDoS-LOIC-UDP,0.5,7
MLP,CW_c0.5_it10,59,51,1.0,0.864406779661017,CW,,10,DDoS-LOIC-UDP - Attempted,0.5,7
MLP,CW_c0.5_it10,4496,4496,1.0,1.0,CW,,10,DoS GoldenEye,0.5,7
MLP,CW_c0.5_it10,873,873,1.0,1.0,CW,,10,DoS GoldenEye - Attempted,0.5,7
MLP,CW_c0.5_it10,6080,6080,1.0,1.0,CW,,10,DoS Hulk,0.5,7
MLP,CW_c0.5_it10,17,17,1.0,1.0,CW,,10,DoS Hulk - Attempted,0.5,7
MLP,CW_c0.5_it10,1774,1774,1.0,1.0,CW,,10,DoS Slowloris,0.5,7
MLP,CW_c0.5_it10,451,451,1.0,1.0,CW,,10,DoS Slowloris - Attempted,0.5,7
MLP,CW_c0.5_it10,5862,5862,1.0,1.0,CW,,10,FTP-BruteForce - Attempted,0.5,7
MLP,CW_c0.5_it10,40,37,1.0,0.95,CW,,10,Infiltration - Communication Victim Attacker,0.5,7
MLP,CW_c0.5_it10,15,0,,0.0,CW,,10,Infiltration - Dropbox Download,0.5,7
MLP,CW_c0.5_it10,8,0,,0.0,CW,,10,Infiltration - Dropbox Download - Attempted,0.5,7
MLP,CW_c0.5_it10,5945,5825,0.9981115879828326,0.977964676198486,CW,,10,Infiltration - NMAP Portscan,0.5,7
MLP,CW_c0.5_it10,5952,5952,1.0,1.0,CW,,10,SSH-BruteForce,0.5,7
MLP,CW_c0.5_it10,23,22,1.0,0.9565217391304348,CW,,10,Web Attack - Brute Force,0.5,7
MLP,CW_c0.5_it10,24,23,1.0,0.9583333333333334,CW,,10,Web Attack - Brute Force - Attempted,0.5,7
MLP,CW_c0.5_it10,8,7,1.0,0.875,CW,,10,Web Attack - SQL,0.5,7
MLP,CW_c0.5_it10,2,2,1.0,1.0,CW,,10,Web Attack - SQL - Attempted,0.5,7
MLP,CW_c0.5_it10,22,22,1.0,1.0,CW,,10,Web Attack - XSS,0.5,7
MLP,CW_c0.5_it10,1,0,,0.0,CW,,10,Web Attack - XSS - Attempted,0.5,7
LR,FGSM_eps0.15,60000,0,,,FGSM,0.15,1,Benign,,123
LR,FGSM_eps0.15,6052,6045,0.9956989247311828,0.9957038995373432,FGSM,0.15,1,Botnet Ares,,123
LR,FGSM_eps0.15,49,49,1.0,1.0,FGSM,0.15,1,Botnet Ares - Attempted,,123
LR,FGSM_eps0.15,5894,5893,1.0,0.999830335934849,FGSM,0.15,1,DDoS-HOIC,,123
LR,FGSM_eps0.15,5960,5960,1.0,1.0,FGSM,0.15,1,DDoS-LOIC-HTTP,,123
LR,FGSM_eps0.15,516,508,0.0472440944881889,0.0620155038759689,FGSM,0.15,1,DDoS-LOIC-UDP,,123
LR,FGSM_eps0.15,51,0,,0.9019607843137256,FGSM,0.15,1,DDoS-LOIC-UDP - Attempted,,123
LR,FGSM_eps0.15,4580,4453,0.9997754322928364,0.9997816593886464,FGSM,0.15,1,DoS GoldenEye,,123
LR,FGSM_eps0.15,849,848,1.0,1.0,FGSM,0.15,1,DoS GoldenEye - Attempted,,123
LR,FGSM_eps0.15,5951,5951,1.0,1.0,FGSM,0.15,1,DoS Hulk,,123
LR,FGSM_eps0.15,19,19,0.631578947368421,0.631578947368421,FGSM,0.15,1,DoS Hulk - Attempted,,123
LR,FGSM_eps0.15,1713,1633,0.9865278628291488,0.9871570344424986,FGSM,0.15,1,DoS Slowloris,,123
LR,FGSM_eps0.15,437,424,0.9976415094339622,0.9977116704805492,FGSM,0.15,1,DoS Slowloris - Attempted,,123
LR,FGSM_eps0.15,5957,5957,0.1436964915225785,0.1436964915225785,FGSM,0.15,1,FTP-BruteForce - Attempted,,123
LR,FGSM_eps0.15,47,47,0.0,0.0,FGSM,0.15,1,Infiltration - Communication Victim Attacker,,123
LR,FGSM_eps0.15,14,2,1.0,0.3571428571428571,FGSM,0.15,1,Infiltration - Dropbox Download,,123
LR,FGSM_eps0.15,2,0,,0.5,FGSM,0.15,1,Infiltration - Dropbox Download - Attempted,,123
LR,FGSM_eps0.15,6072,4496,0.8209519572953736,0.8549077733860343,FGSM,0.15,1,Infiltration - NMAP Portscan,,123
LR,FGSM_eps0.15,6059,6059,1.0,1.0,FGSM,0.15,1,SSH-BruteForce,,123
LR,FGSM_eps0.15,27,26,0.0,0.037037037037037,FGSM,0.15,1,Web Attack - Brute Force,,123
LR,FGSM_eps0.15,25,10,1.0,1.0,FGSM,0.15,1,Web Attack - Brute Force - Attempted,,123
LR,FGSM_eps0.15,6,2,0.5,0.6666666666666666,FGSM,0.15,1,Web Attack - SQL,,123
LR,FGSM_eps0.15,3,1,0.0,0.0,FGSM,0.15,1,Web Attack - SQL - Attempted,,123
LR,FGSM_eps0.15,19,0,,1.0,FGSM,0.15,1,Web Attack - XSS,,123
LR,FGSM_eps0.15,1,0,,0.0,FGSM,0.15,1,Web Attack - XSS - Attempted,,123
SVM,FGSM_eps0.15,60000,0,,,FGSM,0.15,1,Benign,,123
SVM,FGSM_eps0.15,6052,6045,0.9956989247311828,0.9957038995373432,FGSM,0.15,1,Botnet Ares,,123
SVM,FGSM_eps0.15,49,49,1.0,1.0,FGSM,0.15,1,Botnet Ares - Attempted,,123
SVM,FGSM_eps0.15,5894,5893,0.9972849143051078,0.997115710892433,FGSM,0.15,1,DDoS-HOIC,,123
SVM,FGSM_eps0.15,5960,7,1.0,1.0,FGSM,0.15,1,DDoS-LOIC-HTTP,,123
SVM,FGSM_eps0.15,516,509,0.0,0.0135658914728682,FGSM,0.15,1,DDoS-LOIC-UDP,,123
SVM,FGSM_eps0.15,51,0,,1.0,FGSM,0.15,1,DDoS-LOIC-UDP - Attempted,,123
SVM,FGSM_eps0.15,4580,4545,0.5293729372937294,0.5329694323144105,FGSM,0.15,1,DoS GoldenEye,,123
SVM,FGSM_eps0.15,849,848,0.3160377358490566,0.3168433451118963,FGSM,0.15,1,DoS GoldenEye - Attempted,,123
SVM,FGSM_eps0.15,5951,5950,0.4161344537815126,0.4162325659553016,FGSM,0.15,1,DoS Hulk,,123
SVM,FGSM_eps0.15,19,19,0.5789473684210527,0.5789473684210527,FGSM,0.15,1,DoS Hulk - Attempted,,123
SVM,FGSM_eps0.15,1713,1629,0.7992633517495396,0.809106830122592,FGSM,0.15,1,DoS Slowloris,,123
SVM,FGSM_eps0.15,437,424,0.0471698113207547,0.0755148741418764,FGSM,0.15,1,DoS Slowloris - Attempted,,123
SVM,FGSM_eps0.15,5957,5957,0.0,0.0,FGSM,0.15,1,FTP-BruteForce - Attempted,,123
SVM,FGSM_eps0.15,47,47,0.0851063829787234,0.0851063829787234,FGSM,0.15,1,Infiltration - Communication Victim Attacker,,123
SVM,FGSM_eps0.15,14,1,0.0,0.2142857142857142,FGSM,0.15,1,Infiltration - Dropbox Download,,123
SVM,FGSM_eps0.15,2,0,,0.5,FGSM,0.15,1,Infiltration - Dropbox Download - Attempted,,123
SVM,FGSM_eps0.15,6072,4608,0.7361111111111112,0.7924901185770751,FGSM,0.15,1,Infiltration - NMAP Portscan,,123
SVM,FGSM_eps0.15,6059,6059,1.0,1.0,FGSM,0.15,1,SSH-BruteForce,,123
SVM,FGSM_eps0.15,27,0,,1.0,FGSM,0.15,1,Web Attack - Brute Force,,123
SVM,FGSM_eps0.15,25,0,,1.0,FGSM,0.15,1,Web Attack - Brute Force - Attempted,,123
SVM,FGSM_eps0.15,6,0,,0.8333333333333334,FGSM,0.15,1,Web Attack - SQL,,123
SVM,FGSM_eps0.15,3,0,,0.3333333333333333,FGSM,0.15,1,Web Attack - SQL - Attempted,,123
SVM,FGSM_eps0.15,19,0,,1.0,FGSM,0.15,1,Web Attack - XSS,,123
SVM,FGSM_eps0.15,1,0,,0.0,FGSM,0.15,1,Web Attack - XSS - Attempted,,123
RF,FGSM_eps0.15,60000,0,,,FGSM,0.15,1,Benign,,123
RF,FGSM_eps0.15,6052,6052,0.9945472571050892,0.9945472571050892,FGSM,0.15,1,Botnet Ares,,123
RF,FGSM_eps0.15,49,49,1.0,1.0,FGSM,0.15,1,Botnet Ares - Attempted,,123
RF,FGSM_eps0.15,5894,5894,1.0,1.0,FGSM,0.15,1,DDoS-HOIC,,123
RF,FGSM_eps0.15,5960,5960,1.0,1.0,FGSM,0.15,1,DDoS-LOIC-HTTP,,123
RF,FGSM_eps0.15,516,516,0.5116279069767442,0.5116279069767442,FGSM,0.15,1,DDoS-LOIC-UDP,,123
RF,FGSM_eps0.15,51,51,1.0,1.0,FGSM,0.15,1,DDoS-LOIC-UDP - Attempted,,123
RF,FGSM_eps0.15,4580,4580,1.0,1.0,FGSM,0.15,1,DoS GoldenEye,,123
RF,FGSM_eps0.15,849,849,1.0,1.0,FGSM,0.15,1,DoS GoldenEye - Attempted,,123
RF,FGSM_eps0.15,5951,5951,1.0,1.0,FGSM,0.15,1,DoS Hulk,,123
RF,FGSM_eps0.15,19,19,1.0,1.0,FGSM,0.15,1,DoS Hulk - Attempted,,123
RF,FGSM_eps0.15,1713,1713,1.0,1.0,FGSM,0.15,1,DoS Slowloris,,123
RF,FGSM_eps0.15,437,437,1.0,1.0,FGSM,0.15,1,DoS Slowloris - Attempted,,123
RF,FGSM_eps0.15,5957,5957,1.0,1.0,FGSM,0.15,1,FTP-BruteForce - Attempted,,123
RF,FGSM_eps0.15,47,47,0.0851063829787234,0.0851063829787234,FGSM,0.15,1,Infiltration - Communication Victim Attacker,,123
RF,FGSM_eps0.15,14,5,1.0,1.0,FGSM,0.15,1,Infiltration - Dropbox Download,,123
RF,FGSM_eps0.15,2,2,1.0,1.0,FGSM,0.15,1,Infiltration - Dropbox Download - Attempted,,123
RF,FGSM_eps0.15,6072,6069,0.925358378645576,0.925395256916996,FGSM,0.15,1,Infiltration - NMAP Portscan,,123
RF,FGSM_eps0.15,6059,6059,1.0,1.0,FGSM,0.15,1,SSH-BruteForce,,123
RF,FGSM_eps0.15,27,26,0.0,0.037037037037037,FGSM,0.15,1,Web Attack - Brute Force,,123
RF,FGSM_eps0.15,25,25,1.0,1.0,FGSM,0.15,1,Web Attack - Brute Force - Attempted,,123
RF,FGSM_eps0.15,6,6,0.8333333333333334,0.8333333333333334,FGSM,0.15,1,Web Attack - SQL,,123
RF,FGSM_eps0.15,3,3,0.6666666666666666,0.6666666666666666,FGSM,0.15,1,Web Attack - SQL - Attempted,,123
RF,FGSM_eps0.15,19,19,0.0,0.0,FGSM,0.15,1,Web Attack - XSS,,123
RF,FGSM_eps0.15,1,1,1.0,1.0,FGSM,0.15,1,Web Attack - XSS - Attempted,,123
MLP,FGSM_eps0.15,60000,0,,,FGSM,0.15,1,Benign,,123
MLP,FGSM_eps0.15,6052,6052,0.9945472571050892,0.9945472571050892,FGSM,0.15,1,Botnet Ares,,123
MLP,FGSM_eps0.15,49,49,1.0,1.0,FGSM,0.15,1,Botnet Ares - Attempted,,123
MLP,FGSM_eps0.15,5894,5893,1.0,0.999830335934849,FGSM,0.15,1,DDoS-HOIC,,123
MLP,FGSM_eps0.15,5960,5960,1.0,1.0,FGSM,0.15,1,DDoS-LOIC-HTTP,,123
MLP,FGSM_eps0.15,516,516,0.005813953488372,0.005813953488372,FGSM,0.15,1,DDoS-LOIC-UDP,,123
MLP,FGSM_eps0.15,51,46,1.0,1.0,FGSM,0.15,1,DDoS-LOIC-UDP - Attempted,,123
MLP,FGSM_eps0.15,4580,4579,1.0,0.9997816593886464,FGSM,0.15,1,DoS GoldenEye,,123
MLP,FGSM_eps0.15,849,849,1.0,1.0,FGSM,0.15,1,DoS GoldenEye - Attempted,,123
MLP,FGSM_eps0.15,5951,5951,1.0,1.0,FGSM,0.15,1,DoS Hulk,,123
MLP,FGSM_eps0.15,19,12,1.0,0.631578947368421,FGSM,0.15,1,DoS Hulk - Attempted,,123
MLP,FGSM_eps0.15,1713,1712,1.0,0.9994162288382954,FGSM,0.15,1,DoS Slowloris,,123
MLP,FGSM_eps0.15,437,436,1.0,0.9977116704805492,FGSM,0.15,1,DoS Slowloris - Attempted,,123
MLP,FGSM_eps0.15,5957,5957,1.0,1.0,FGSM,0.15,1,FTP-BruteForce - Attempted,,123
MLP,FGSM_eps0.15,47,47,0.0851063829787234,0.0851063829787234,FGSM,0.15,1,Infiltration - Communication Victim Attacker,,123
MLP,FGSM_eps0.15,14,2,1.0,0.5,FGSM,0.15,1,Infiltration - Dropbox Download,,123
MLP,FGSM_eps0.15,2,0,,0.5,FGSM,0.15,1,Infiltration - Dropbox Download - Attempted,,123
MLP,FGSM_eps0.15,6072,5986,0.8922485800200468,0.8845520421607378,FGSM,0.15,1,Infiltration - NMAP Portscan,,123
MLP,FGSM_eps0.15,6059,6059,1.0,1.0,FGSM,0.15,1,SSH-BruteForce,,123
MLP,FGSM_eps0.15,27,26,0.0,0.0,FGSM,0.15,1,Web Attack - Brute Force,,123
MLP,FGSM_eps0.15,25,25,1.0,1.0,FGSM,0.15,1,Web Attack - Brute Force - Attempted,,123
MLP,FGSM_eps0.15,6,5,0.8,0.6666666666666666,FGSM,0.15,1,Web Attack - SQL,,123
MLP,FGSM_eps0.15,3,1,0.0,0.0,FGSM,0.15,1,Web Attack - SQL - Attempted,,123
MLP,FGSM_eps0.15,19,19,0.0,0.0,FGSM,0.15,1,Web Attack - XSS,,123
MLP,FGSM_eps0.15,1,0,,0.0,FGSM,0.15,1,Web Attack - XSS - Attempted,,123
LR,FGSM_eps0.3,60000,0,,,FGSM,0.3,1,Benign,,123
LR,FGSM_eps0.3,6052,6045,0.9956989247311828,0.9957038995373432,FGSM,0.3,1,Botnet Ares,,123
LR,FGSM_eps0.3,49,49,1.0,1.0,FGSM,0.3,1,Botnet Ares - Attempted,,123
LR,FGSM_eps0.3,5894,5893,1.0,0.999830335934849,FGSM,0.3,1,DDoS-HOIC,,123
LR,FGSM_eps0.3,5960,5960,1.0,1.0,FGSM,0.3,1,DDoS-LOIC-HTTP,,123
LR,FGSM_eps0.3,516,508,0.0531496062992126,0.067829457364341,FGSM,0.3,1,DDoS-LOIC-UDP,,123
LR,FGSM_eps0.3,51,0,,0.9019607843137256,FGSM,0.3,1,DDoS-LOIC-UDP - Attempted,,123
LR,FGSM_eps0.3,4580,4453,0.9997754322928364,0.9997816593886464,FGSM,0.3,1,DoS GoldenEye,,123
LR,FGSM_eps0.3,849,848,1.0,1.0,FGSM,0.3,1,DoS GoldenEye - Attempted,,123
LR,FGSM_eps0.3,5951,5951,1.0,1.0,FGSM,0.3,1,DoS Hulk,,123
LR,FGSM_eps0.3,19,19,0.631578947368421,0.631578947368421,FGSM,0.3,1,DoS Hulk - Attempted,,123
LR,FGSM_eps0.3,1713,1633,0.9993876301285975,0.9994162288382954,FGSM,0.3,1,DoS Slowloris,,123
LR,FGSM_eps0.3,437,424,0.9976415094339622,0.9977116704805492,FGSM,0.3,1,DoS Slowloris - Attempted,,123
LR,FGSM_eps0.3,5957,5957,0.7821050864529125,0.7821050864529125,FGSM,0.3,1,FTP-BruteForce - Attempted,,123
LR,FGSM_eps0.3,47,47,0.0,0.0,FGSM,0.3,1,Infiltration - Communication Victim Attacker,,123
LR,FGSM_eps0.3,14,2,1.0,0.3571428571428571,FGSM,0.3,1,Infiltration - Dropbox Download,,123
LR,FGSM_eps0.3,2,0,,0.5,FGSM,0.3,1,Infiltration - Dropbox Download - Attempted,,123
LR,FGSM_eps0.3,6072,4496,0.9606316725978647,0.9583333333333334,FGSM,0.3,1,Infiltration - NMAP Portscan,,123
LR,FGSM_eps0.3,6059,6059,1.0,1.0,FGSM,0.3,1,SSH-BruteForce,,123
LR,FGSM_eps0.3,27,26,0.0,0.0,FGSM,0.3,1,Web Attack - Brute Force,,123
LR,FGSM_eps0.3,25,10,1.0,1.0,FGSM,0.3,1,Web Attack - Brute Force - Attempted,,123
LR,FGSM_eps0.3,6,2,0.5,0.6666666666666666,FGSM,0.3,1,Web Attack - SQL,,123
LR,FGSM_eps0.3,3,1,0.0,0.0,FGSM,0.3,1,Web Attack - SQL - Attempted,,123
LR,FGSM_eps0.3,19,0,,1.0,FGSM,0.3,1,Web Attack - XSS,,123
LR,FGSM_eps0.3,1,0,,0.0,FGSM,0.3,1,Web Attack - XSS - Attempted,,123
SVM,FGSM_eps0.3,60000,0,,,FGSM,0.3,1,Benign,,123
SVM,FGSM_eps0.3,6052,6045,0.9956989247311828,0.9957038995373432,FGSM,0.3,1,Botnet Ares,,123
SVM,FGSM_eps0.3,49,49,1.0,1.0,FGSM,0.3,1,Botnet Ares - Attempted,,123
SVM,FGSM_eps0.3,5894,5893,1.0,0.999830335934849,FGSM,0.3,1,DDoS-HOIC,,123
SVM,FGSM_eps0.3,5960,7,1.0,1.0,FGSM,0.3,1,DDoS-LOIC-HTTP,,123
SVM,FGSM_eps0.3,516,509,0.0,0.0116279069767441,FGSM,0.3,1,DDoS-LOIC-UDP,,123
SVM,FGSM_eps0.3,51,0,,0.9019607843137256,FGSM,0.3,1,DDoS-LOIC-UDP - Attempted,,123
SVM,FGSM_eps0.3,4580,4545,0.9997799779977998,0.9997816593886464,FGSM,0.3,1,DoS GoldenEye,,123
SVM,FGSM_eps0.3,849,848,1.0,1.0,FGSM,0.3,1,DoS GoldenEye - Attempted,,123
SVM,FGSM_eps0.3,5951,5950,1.0,1.0,FGSM,0.3,1,DoS Hulk,,123
SVM,FGSM_eps0.3,19,19,0.631578947368421,0.631578947368421,FGSM,0.3,1,DoS Hulk - Attempted,,123
SVM,FGSM_eps0.3,1713,1629,0.9993861264579496,0.9994162288382954,FGSM,0.3,1,DoS Slowloris,,123
SVM,FGSM_eps0.3,437,424,0.9976415094339622,0.9977116704805492,FGSM,0.3,1,DoS Slowloris - Attempted,,123
SVM,FGSM_eps0.3,5957,5957,0.7821050864529125,0.7821050864529125,FGSM,0.3,1,FTP-BruteForce - Attempted,,123
SVM,FGSM_eps0.3,47,47,0.0851063829787234,0.0851063829787234,FGSM,0.3,1,Infiltration - Communication Victim Attacker,,123
SVM,FGSM_eps0.3,14,1,0.0,0.2142857142857142,FGSM,0.3,1,Infiltration - Dropbox Download,,123
SVM,FGSM_eps0.3,2,0,,0.0,FGSM,0.3,1,Infiltration - Dropbox Download - Attempted,,123
SVM,FGSM_eps0.3,6072,4608,0.8678385416666666,0.889163372859025,FGSM,0.3,1,Infiltration - NMAP Portscan,,123
SVM,FGSM_eps0.3,6059,6059,1.0,1.0,FGSM,0.3,1,SSH-BruteForce,,123
SVM,FGSM_eps0.3,27,0,,0.9629629629629628,FGSM,0.3,1,Web Attack - Brute Force,,123
SVM,FGSM_eps0.3,25,0,,1.0,FGSM,0.3,1,Web Attack - Brute Force - Attempted,,123
SVM,FGSM_eps0.3,6,0,,0.8333333333333334,FGSM,0.3,1,Web Attack - SQL,,123
SVM,FGSM_eps0.3,3,0,,0.3333333333333333,FGSM,0.3,1,Web Attack - SQL - Attempted,,123
SVM,FGSM_eps0.3,19,0,,1.0,FGSM,0.3,1,Web Attack - XSS,,123
SVM,FGSM_eps0.3,1,0,,0.0,FGSM,0.3,1,Web Attack - XSS - Attempted,,123
RF,FGSM_eps0.3,60000,0,,,FGSM,0.3,1,Benign,,123
RF,FGSM_eps0.3,6052,6052,0.9945472571050892,0.9945472571050892,FGSM,0.3,1,Botnet Ares,,123
RF,FGSM_eps0.3,49,49,1.0,1.0,FGSM,0.3,1,Botnet Ares - Attempted,,123
RF,FGSM_eps0.3,5894,5894,1.0,1.0,FGSM,0.3,1,DDoS-HOIC,,123
RF,FGSM_eps0.3,5960,5960,1.0,1.0,FGSM,0.3,1,DDoS-LOIC-HTTP,,123
RF,FGSM_eps0.3,516,516,0.5193798449612403,0.5193798449612403,FGSM,0.3,1,DDoS-LOIC-UDP,,123
RF,FGSM_eps0.3,51,51,1.0,1.0,FGSM,0.3,1,DDoS-LOIC-UDP - Attempted,,123
RF,FGSM_eps0.3,4580,4580,1.0,1.0,FGSM,0.3,1,DoS GoldenEye,,123
RF,FGSM_eps0.3,849,849,1.0,1.0,FGSM,0.3,1,DoS GoldenEye - Attempted,,123
RF,FGSM_eps0.3,5951,5951,1.0,1.0,FGSM,0.3,1,DoS Hulk,,123
RF,FGSM_eps0.3,19,19,1.0,1.0,FGSM,0.3,1,DoS Hulk - Attempted,,123
RF,FGSM_eps0.3,1713,1713,1.0,1.0,FGSM,0.3,1,DoS Slowloris,,123
RF,FGSM_eps0.3,437,437,1.0,1.0,FGSM,0.3,1,DoS Slowloris - Attempted,,123
RF,FGSM_eps0.3,5957,5957,1.0,1.0,FGSM,0.3,1,FTP-BruteForce - Attempted,,123
RF,FGSM_eps0.3,47,47,0.0851063829787234,0.0851063829787234,FGSM,0.3,1,Infiltration - Communication Victim Attacker,,123
RF,FGSM_eps0.3,14,5,1.0,1.0,FGSM,0.3,1,Infiltration - Dropbox Download,,123
RF,FGSM_eps0.3,2,2,0.5,0.5,FGSM,0.3,1,Infiltration - Dropbox Download - Attempted,,123
RF,FGSM_eps0.3,6072,6069,0.8238589553468446,0.8239459815546772,FGSM,0.3,1,Infiltration - NMAP Portscan,,123
RF,FGSM_eps0.3,6059,6059,1.0,1.0,FGSM,0.3,1,SSH-BruteForce,,123
RF,FGSM_eps0.3,27,26,0.0,0.037037037037037,FGSM,0.3,1,Web Attack - Brute Force,,123
RF,FGSM_eps0.3,25,25,1.0,1.0,FGSM,0.3,1,Web Attack - Brute Force - Attempted,,123
RF,FGSM_eps0.3,6,6,0.8333333333333334,0.8333333333333334,FGSM,0.3,1,Web Attack - SQL,,123
RF,FGSM_eps0.3,3,3,0.6666666666666666,0.6666666666666666,FGSM,0.3,1,Web Attack - SQL - Attempted,,123
RF,FGSM_eps0.3,19,19,0.0,0.0,FGSM,0.3,1,Web Attack - XSS,,123
RF,FGSM_eps0.3,1,1,1.0,1.0,FGSM,0.3,1,Web Attack - XSS - Attempted,,123
MLP,FGSM_eps0.3,60000,0,,,FGSM,0.3,1,Benign,,123
MLP,FGSM_eps0.3,6052,6052,0.9945472571050892,0.9945472571050892,FGSM,0.3,1,Botnet Ares,,123
MLP,FGSM_eps0.3,49,49,1.0,1.0,FGSM,0.3,1,Botnet Ares - Attempted,,123
MLP,FGSM_eps0.3,5894,5893,1.0,0.999830335934849,FGSM,0.3,1,DDoS-HOIC,,123
MLP,FGSM_eps0.3,5960,5960,1.0,1.0,FGSM,0.3,1,DDoS-LOIC-HTTP,,123
MLP,FGSM_eps0.3,516,516,0.0135658914728682,0.0135658914728682,FGSM,0.3,1,DDoS-LOIC-UDP,,123
MLP,FGSM_eps0.3,51,46,1.0,1.0,FGSM,0.3,1,DDoS-LOIC-UDP - Attempted,,123
MLP,FGSM_eps0.3,4580,4579,1.0,0.9997816593886464,FGSM,0.3,1,DoS GoldenEye,,123
MLP,FGSM_eps0.3,849,849,1.0,1.0,FGSM,0.3,1,DoS GoldenEye - Attempted,,123
MLP,FGSM_eps0.3,5951,5951,1.0,1.0,FGSM,0.3,1,DoS Hulk,,123
MLP,FGSM_eps0.3,19,12,1.0,0.631578947368421,FGSM,0.3,1,DoS Hulk - Attempted,,123
MLP,FGSM_eps0.3,1713,1712,1.0,0.9994162288382954,FGSM,0.3,1,DoS Slowloris,,123
MLP,FGSM_eps0.3,437,436,1.0,0.9977116704805492,FGSM,0.3,1,DoS Slowloris - Attempted,,123
MLP,FGSM_eps0.3,5957,5957,1.0,1.0,FGSM,0.3,1,FTP-BruteForce - Attempted,,123
MLP,FGSM_eps0.3,47,47,0.0851063829787234,0.0851063829787234,FGSM,0.3,1,Infiltration - Communication Victim Attacker,,123
MLP,FGSM_eps0.3,14,2,1.0,0.3571428571428571,FGSM,0.3,1,Infiltration - Dropbox Download,,123
MLP,FGSM_eps0.3,2,0,,0.0,FGSM,0.3,1,Infiltration - Dropbox Download - Attempted,,123
MLP,FGSM_eps0.3,6072,5986,0.9117941864350152,0.9038208168642952,FGSM,0.3,1,Infiltration - NMAP Portscan,,123
MLP,FGSM_eps0.3,6059,6059,1.0,1.0,FGSM,0.3,1,SSH-BruteForce,,123
MLP,FGSM_eps0.3,27,26,0.0,0.0,FGSM,0.3,1,Web Attack - Brute Force,,123
MLP,FGSM_eps0.3,25,25,1.0,1.0,FGSM,0.3,1,Web Attack - Brute Force - Attempted,,123
MLP,FGSM_eps0.3,6,5,0.8,0.6666666666666666,FGSM,0.3,1,Web Attack - SQL,,123
MLP,FGSM_eps0.3,3,1,0.0,0.0,FGSM,0.3,1,Web Attack - SQL - Attempted,,123
MLP,FGSM_eps0.3,19,19,0.0,0.0,FGSM,0.3,1,Web Attack - XSS,,123
MLP,FGSM_eps0.3,1,0,,0.0,FGSM,0.3,1,Web Attack - XSS - Attempted,,123
LR,FGSM_eps0.5,60000,0,,,FGSM,0.5,1,Benign,,123
LR,FGSM_eps0.5,6052,6045,0.9956989247311828,0.9957038995373432,FGSM,0.5,1,Botnet Ares,,123
LR,FGSM_eps0.5,49,49,1.0,1.0,FGSM,0.5,1,Botnet Ares - Attempted,,123
LR,FGSM_eps0.5,5894,5893,1.0,0.999830335934849,FGSM,0.5,1,DDoS-HOIC,,123
LR,FGSM_eps0.5,5960,5960,1.0,1.0,FGSM,0.5,1,DDoS-LOIC-HTTP,,123
LR,FGSM_eps0.5,516,508,0.0688976377952756,0.0833333333333333,FGSM,0.5,1,DDoS-LOIC-UDP,,123
LR,FGSM_eps0.5,51,0,,0.9019607843137256,FGSM,0.5,1,DDoS-LOIC-UDP - Attempted,,123
LR,FGSM_eps0.5,4580,4453,0.9997754322928364,0.9997816593886464,FGSM,0.5,1,DoS GoldenEye,,123
LR,FGSM_eps0.5,849,848,1.0,1.0,FGSM,0.5,1,DoS GoldenEye - Attempted,,123
LR,FGSM_eps0.5,5951,5951,1.0,1.0,FGSM,0.5,1,DoS Hulk,,123
LR,FGSM_eps0.5,19,19,0.631578947368421,0.631578947368421,FGSM,0.5,1,DoS Hulk - Attempted,,123
LR,FGSM_eps0.5,1713,1633,0.9993876301285975,0.9994162288382954,FGSM,0.5,1,DoS Slowloris,,123
LR,FGSM_eps0.5,437,424,0.9976415094339622,0.9977116704805492,FGSM,0.5,1,DoS Slowloris - Attempted,,123
LR,FGSM_eps0.5,5957,5957,1.0,1.0,FGSM,0.5,1,FTP-BruteForce - Attempted,,123
LR,FGSM_eps0.5,47,47,0.0,0.0,FGSM,0.5,1,Infiltration - Communication Victim Attacker,,123
LR,FGSM_eps0.5,14,2,1.0,0.3571428571428571,FGSM,0.5,1,Infiltration - Dropbox Download,,123
LR,FGSM_eps0.5,2,0,,0.5,FGSM,0.5,1,Infiltration - Dropbox Download - Attempted,,123
LR,FGSM_eps0.5,6072,4496,0.9757562277580072,0.969532279314888,FGSM,0.5,1,Infiltration - NMAP Portscan,,123
LR,FGSM_eps0.5,6059,6059,1.0,1.0,FGSM,0.5,1,SSH-BruteForce,,123
LR,FGSM_eps0.5,27,26,0.0,0.0,FGSM,0.5,1,Web Attack - Brute Force,,123
LR,FGSM_eps0.5,25,10,1.0,1.0,FGSM,0.5,1,Web Attack - Brute Force - Attempted,,123
LR,FGSM_eps0.5,6,2,0.5,0.6666666666666666,FGSM,0.5,1,Web Attack - SQL,,123
LR,FGSM_eps0.5,3,1,0.0,0.0,FGSM,0.5,1,Web Attack - SQL - Attempted,,123
LR,FGSM_eps0.5,19,0,,1.0,FGSM,0.5,1,Web Attack - XSS,,123
LR,FGSM_eps0.5,1,0,,0.0,FGSM,0.5,1,Web Attack - XSS - Attempted,,123
SVM,FGSM_eps0.5,60000,0,,,FGSM,0.5,1,Benign,,123
SVM,FGSM_eps0.5,6052,6045,0.9956989247311828,0.9957038995373432,FGSM,0.5,1,Botnet Ares,,123
SVM,FGSM_eps0.5,49,49,1.0,1.0,FGSM,0.5,1,Botnet Ares - Attempted,,123
SVM,FGSM_eps0.5,5894,5893,1.0,0.999830335934849,FGSM,0.5,1,DDoS-HOIC,,123
SVM,FGSM_eps0.5,5960,7,1.0,1.0,FGSM,0.5,1,DDoS-LOIC-HTTP,,123
SVM,FGSM_eps0.5,516,509,0.0019646365422396,0.0135658914728682,FGSM,0.5,1,DDoS-LOIC-UDP,,123
SVM,FGSM_eps0.5,51,0,,0.9019607843137256,FGSM,0.5,1,DDoS-LOIC-UDP - Attempted,,123
SVM,FGSM_eps0.5,4580,4545,0.9997799779977998,0.9997816593886464,FGSM,0.5,1,DoS GoldenEye,,123
SVM,FGSM_eps0.5,849,848,1.0,1.0,FGSM,0.5,1,DoS GoldenEye - Attempted,,123
SVM,FGSM_eps0.5,5951,5950,1.0,1.0,FGSM,0.5,1,DoS Hulk,,123
SVM,FGSM_eps0.5,19,19,0.631578947368421,0.631578947368421,FGSM,0.5,1,DoS Hulk - Attempted,,123
SVM,FGSM_eps0.5,1713,1629,0.9993861264579496,0.9994162288382954,FGSM,0.5,1,DoS Slowloris,,123
SVM,FGSM_eps0.5,437,424,0.9976415094339622,0.9977116704805492,FGSM,0.5,1,DoS Slowloris - Attempted,,123
SVM,FGSM_eps0.5,5957,5957,0.7821050864529125,0.7821050864529125,FGSM,0.5,1,FTP-BruteForce - Attempted,,123
SVM,FGSM_eps0.5,47,47,0.0851063829787234,0.0851063829787234,FGSM,0.5,1,Infiltration - Communication Victim Attacker,,123
SVM,FGSM_eps0.5,14,1,0.0,0.1428571428571428,FGSM,0.5,1,Infiltration - Dropbox Download,,123
SVM,FGSM_eps0.5,2,0,,0.0,FGSM,0.5,1,Infiltration - Dropbox Download - Attempted,,123
SVM,FGSM_eps0.5,6072,4608,0.9520399305555556,0.9530632411067194,FGSM,0.5,1,Infiltration - NMAP Portscan,,123
SVM,FGSM_eps0.5,6059,6059,1.0,1.0,FGSM,0.5,1,SSH-BruteForce,,123
SVM,FGSM_eps0.5,27,0,,0.9629629629629628,FGSM,0.5,1,Web Attack - Brute Force,,123
SVM,FGSM_eps0.5,25,0,,1.0,FGSM,0.5,1,Web Attack - Brute Force - Attempted,,123
SVM,FGSM_eps0.5,6,0,,0.8333333333333334,FGSM,0.5,1,Web Attack - SQL,,123
SVM,FGSM_eps0.5,3,0,,0.3333333333333333,FGSM,0.5,1,Web Attack - SQL - Attempted,,123
SVM,FGSM_eps0.5,19,0,,1.0,FGSM,0.5,1,Web Attack - XSS,,123
SVM,FGSM_eps0.5,1,0,,0.0,FGSM,0.5,1,Web Attack - XSS - Attempted,,123
RF,FGSM_eps0.5,60000,0,,,FGSM,0.5,1,Benign,,123
RF,FGSM_eps0.5,6052,6052,0.9945472571050892,0.9945472571050892,FGSM,0.5,1,Botnet Ares,,123
RF,FGSM_eps0.5,49,49,1.0,1.0,FGSM,0.5,1,Botnet Ares - Attempted,,123
RF,FGSM_eps0.5,5894,5894,1.0,1.0,FGSM,0.5,1,DDoS-HOIC,,123
RF,FGSM_eps0.5,5960,5960,1.0,1.0,FGSM,0.5,1,DDoS-LOIC-HTTP,,123
RF,FGSM_eps0.5,516,516,0.5193798449612403,0.5193798449612403,FGSM,0.5,1,DDoS-LOIC-UDP,,123
RF,FGSM_eps0.5,51,51,1.0,1.0,FGSM,0.5,1,DDoS-LOIC-UDP - Attempted,,123
RF,FGSM_eps0.5,4580,4580,1.0,1.0,FGSM,0.5,1,DoS GoldenEye,,123
RF,FGSM_eps0.5,849,849,1.0,1.0,FGSM,0.5,1,DoS GoldenEye - Attempted,,123
RF,FGSM_eps0.5,5951,5951,1.0,1.0,FGSM,0.5,1,DoS Hulk,,123
RF,FGSM_eps0.5,19,19,1.0,1.0,FGSM,0.5,1,DoS Hulk - Attempted,,123
RF,FGSM_eps0.5,1713,1713,0.9994162288382954,0.9994162288382954,FGSM,0.5,1,DoS Slowloris,,123
RF,FGSM_eps0.5,437,437,1.0,1.0,FGSM,0.5,1,DoS Slowloris - Attempted,,123
RF,FGSM_eps0.5,5957,5957,1.0,1.0,FGSM,0.5,1,FTP-BruteForce - Attempted,,123
RF,FGSM_eps0.5,47,47,0.0851063829787234,0.0851063829787234,FGSM,0.5,1,Infiltration - Communication Victim Attacker,,123
RF,FGSM_eps0.5,14,5,1.0,1.0,FGSM,0.5,1,Infiltration - Dropbox Download,,123
RF,FGSM_eps0.5,2,2,0.5,0.5,FGSM,0.5,1,Infiltration - Dropbox Download - Attempted,,123
RF,FGSM_eps0.5,6072,6069,0.956665018948756,0.9566864295125164,FGSM,0.5,1,Infiltration - NMAP Portscan,,123
RF,FGSM_eps0.5,6059,6059,1.0,1.0,FGSM,0.5,1,SSH-BruteForce,,123
RF,FGSM_eps0.5,27,26,0.0,0.037037037037037,FGSM,0.5,1,Web Attack - Brute Force,,123
RF,FGSM_eps0.5,25,25,1.0,1.0,FGSM,0.5,1,Web Attack - Brute Force - Attempted,,123
RF,FGSM_eps0.5,6,6,0.8333333333333334,0.8333333333333334,FGSM,0.5,1,Web Attack - SQL,,123
RF,FGSM_eps0.5,3,3,0.6666666666666666,0.6666666666666666,FGSM,0.5,1,Web Attack - SQL - Attempted,,123
RF,FGSM_eps0.5,19,19,0.0,0.0,FGSM,0.5,1,Web Attack - XSS,,123
RF,FGSM_eps0.5,1,1,1.0,1.0,FGSM,0.5,1,Web Attack - XSS - Attempted,,123
MLP,FGSM_eps0.5,60000,0,,,FGSM,0.5,1,Benign,,123
MLP,FGSM_eps0.5,6052,6052,0.9945472571050892,0.9945472571050892,FGSM,0.5,1,Botnet Ares,,123
MLP,FGSM_eps0.5,49,49,1.0,1.0,FGSM,0.5,1,Botnet Ares - Attempted,,123
MLP,FGSM_eps0.5,5894,5893,1.0,0.999830335934849,FGSM,0.5,1,DDoS-HOIC,,123
MLP,FGSM_eps0.5,5960,5960,1.0,1.0,FGSM,0.5,1,DDoS-LOIC-HTTP,,123
MLP,FGSM_eps0.5,516,516,0.0581395348837209,0.0581395348837209,FGSM,0.5,1,DDoS-LOIC-UDP,,123
MLP,FGSM_eps0.5,51,46,1.0,1.0,FGSM,0.5,1,DDoS-LOIC-UDP - Attempted,,123
MLP,FGSM_eps0.5,4580,4579,0.9997816117056124,0.9995633187772924,FGSM,0.5,1,DoS GoldenEye,,123
MLP,FGSM_eps0.5,849,849,0.784452296819788,0.784452296819788,FGSM,0.5,1,DoS GoldenEye - Attempted,,123
MLP,FGSM_eps0.5,5951,5951,1.0,1.0,FGSM,0.5,1,DoS Hulk,,123
MLP,FGSM_eps0.5,19,12,1.0,0.631578947368421,FGSM,0.5,1,DoS Hulk - Attempted,,123
MLP,FGSM_eps0.5,1713,1712,0.9953271028037384,0.9947460595446584,FGSM,0.5,1,DoS Slowloris,,123
MLP,FGSM_eps0.5,437,436,1.0,0.9977116704805492,FGSM,0.5,1,DoS Slowloris - Attempted,,123
MLP,FGSM_eps0.5,5957,5957,1.0,1.0,FGSM,0.5,1,FTP-BruteForce - Attempted,,123
MLP,FGSM_eps0.5,47,47,0.0851063829787234,0.0851063829787234,FGSM,0.5,1,Infiltration - Communication Victim Attacker,,123
MLP,FGSM_eps0.5,14,2,1.0,0.3571428571428571,FGSM,0.5,1,Infiltration - Dropbox Download,,123
MLP,FGSM_eps0.5,2,0,,0.0,FGSM,0.5,1,Infiltration - Dropbox Download - Attempted,,123
MLP,FGSM_eps0.5,6072,5986,0.9072836618777148,0.8997035573122529,FGSM,0.5,1,Infiltration - NMAP Portscan,,123
MLP,FGSM_eps0.5,6059,6059,1.0,1.0,FGSM,0.5,1,SSH-BruteForce,,123
MLP,FGSM_eps0.5,27,26,0.0,0.0,FGSM,0.5,1,Web Attack - Brute Force,,123
MLP,FGSM_eps0.5,25,25,1.0,1.0,FGSM,0.5,1,Web Attack - Brute Force - Attempted,,123
MLP,FGSM_eps0.5,6,5,0.8,0.6666666666666666,FGSM,0.5,1,Web Attack - SQL,,123
MLP,FGSM_eps0.5,3,1,0.0,0.0,FGSM,0.5,1,Web Attack - SQL - Attempted,,123
MLP,FGSM_eps0.5,19,19,0.0,0.0,FGSM,0.5,1,Web Attack - XSS,,123
MLP,FGSM_eps0.5,1,0,,0.0,FGSM,0.5,1,Web Attack - XSS - Attempted,,123
LR,FGSM_eps0.75,60000,0,,,FGSM,0.75,1,Benign,,123
LR,FGSM_eps0.75,6052,6045,0.9956989247311828,0.9957038995373432,FGSM,0.75,1,Botnet Ares,,123
LR,FGSM_eps0.75,49,49,1.0,1.0,FGSM,0.75,1,Botnet Ares - Attempted,,123
LR,FGSM_eps0.75,5894,5893,1.0,0.999830335934849,FGSM,0.75,1,DDoS-HOIC,,123
LR,FGSM_eps0.75,5960,5960,1.0,1.0,FGSM,0.75,1,DDoS-LOIC-HTTP,,123
LR,FGSM_eps0.75,516,508,0.0748031496062992,0.0891472868217054,FGSM,0.75,1,DDoS-LOIC-UDP,,123
LR,FGSM_eps0.75,51,0,,0.9019607843137256,FGSM,0.75,1,DDoS-LOIC-UDP - Attempted,,123
LR,FGSM_eps0.75,4580,4453,0.9997754322928364,0.9997816593886464,FGSM,0.75,1,DoS GoldenEye,,123
LR,FGSM_eps0.75,849,848,1.0,1.0,FGSM,0.75,1,DoS GoldenEye - Attempted,,123
LR,FGSM_eps0.75,5951,5951,1.0,1.0,FGSM,0.75,1,DoS Hulk,,123
LR,FGSM_eps0.75,19,19,0.631578947368421,0.631578947368421,FGSM,0.75,1,DoS Hulk - Attempted,,123
LR,FGSM_eps0.75,1713,1633,0.9993876301285975,0.9994162288382954,FGSM,0.75,1,DoS Slowloris,,123
LR,FGSM_eps0.75,437,424,0.9976415094339622,0.9977116704805492,FGSM,0.75,1,DoS Slowloris - Attempted,,123
LR,FGSM_eps0.75,5957,5957,1.0,1.0,FGSM,0.75,1,FTP-BruteForce - Attempted,,123
LR,FGSM_eps0.75,47,47,0.0,0.0,FGSM,0.75,1,Infiltration - Communication Victim Attacker,,123
LR,FGSM_eps0.75,14,2,1.0,0.3571428571428571,FGSM,0.75,1,Infiltration - Dropbox Download,,123
LR,FGSM_eps0.75,2,0,,0.5,FGSM,0.75,1,Infiltration - Dropbox Download - Attempted,,123
LR,FGSM_eps0.75,6072,4496,0.976423487544484,0.9700263504611332,FGSM,0.75,1,Infiltration - NMAP Portscan,,123
LR,FGSM_eps0.75,6059,6059,1.0,1.0,FGSM,0.75,1,SSH-BruteForce,,123
LR,FGSM_eps0.75,27,26,0.0,0.0,FGSM,0.75,1,Web Attack - Brute Force,,123
LR,FGSM_eps0.75,25,10,1.0,1.0,FGSM,0.75,1,Web Attack - Brute Force - Attempted,,123
LR,FGSM_eps0.75,6,2,0.5,0.6666666666666666,FGSM,0.75,1,Web Attack - SQL,,123
LR,FGSM_eps0.75,3,1,0.0,0.0,FGSM,0.75,1,Web Attack - SQL - Attempted,,123
LR,FGSM_eps0.75,19,0,,1.0,FGSM,0.75,1,Web Attack - XSS,,123
LR,FGSM_eps0.75,1,0,,0.0,FGSM,0.75,1,Web Attack - XSS - Attempted,,123
SVM,FGSM_eps0.75,60000,0,,,FGSM,0.75,1,Benign,,123
SVM,FGSM_eps0.75,6052,6045,0.9958643507030605,0.995869134170522,FGSM,0.75,1,Botnet Ares,,123
SVM,FGSM_eps0.75,49,49,1.0,1.0,FGSM,0.75,1,Botnet Ares - Attempted,,123
SVM,FGSM_eps0.75,5894,5893,1.0,0.999830335934849,FGSM,0.75,1,DDoS-HOIC,,123
SVM,FGSM_eps0.75,5960,7,1.0,1.0,FGSM,0.75,1,DDoS-LOIC-HTTP,,123
SVM,FGSM_eps0.75,516,509,0.0019646365422396,0.0135658914728682,FGSM,0.75,1,DDoS-LOIC-UDP,,123
SVM,FGSM_eps0.75,51,0,,0.9019607843137256,FGSM,0.75,1,DDoS-LOIC-UDP - Attempted,,123
SVM,FGSM_eps0.75,4580,4545,0.9997799779977998,0.9997816593886464,FGSM,0.75,1,DoS GoldenEye,,123
SVM,FGSM_eps0.75,849,848,1.0,1.0,FGSM,0.75,1,DoS GoldenEye - Attempted,,123
SVM,FGSM_eps0.75,5951,5950,1.0,1.0,FGSM,0.75,1,DoS Hulk,,123
SVM,FGSM_eps0.75,19,19,0.631578947368421,0.631578947368421,FGSM,0.75,1,DoS Hulk - Attempted,,123
SVM,FGSM_eps0.75,1713,1629,0.9993861264579496,0.9994162288382954,FGSM,0.75,1,DoS Slowloris,,123
SVM,FGSM_eps0.75,437,424,0.9976415094339622,0.9977116704805492,FGSM,0.75,1,DoS Slowloris - Attempted,,123
SVM,FGSM_eps0.75,5957,5957,0.7821050864529125,0.7821050864529125,FGSM,0.75,1,FTP-BruteForce - Attempted,,123
SVM,FGSM_eps0.75,47,47,0.0851063829787234,0.0851063829787234,FGSM,0.75,1,Infiltration - Communication Victim Attacker,,123
SVM,FGSM_eps0.75,14,1,0.0,0.1428571428571428,FGSM,0.75,1,Infiltration - Dropbox Download,,123
SVM,FGSM_eps0.75,2,0,,0.0,FGSM,0.75,1,Infiltration - Dropbox Download - Attempted,,123
SVM,FGSM_eps0.75,6072,4608,0.9698350694444444,0.9665678524374176,FGSM,0.75,1,Infiltration - NMAP Portscan,,123
SVM,FGSM_eps0.75,6059,6059,1.0,1.0,FGSM,0.75,1,SSH-BruteForce,,123
SVM,FGSM_eps0.75,27,0,,0.9629629629629628,FGSM,0.75,1,Web Attack - Brute Force,,123
SVM,FGSM_eps0.75,25,0,,1.0,FGSM,0.75,1,Web Attack - Brute Force - Attempted,,123
SVM,FGSM_eps0.75,6,0,,0.8333333333333334,FGSM,0.75,1,Web Attack - SQL,,123
SVM,FGSM_eps0.75,3,0,,0.3333333333333333,FGSM,0.75,1,Web Attack - SQL - Attempted,,123
SVM,FGSM_eps0.75,19,0,,1.0,FGSM,0.75,1,Web Attack - XSS,,123
SVM,FGSM_eps0.75,1,0,,0.0,FGSM,0.75,1,Web Attack - XSS - Attempted,,123
RF,FGSM_eps0.75,60000,0,,,FGSM,0.75,1,Benign,,123
RF,FGSM_eps0.75,6052,6052,0.9945472571050892,0.9945472571050892,FGSM,0.75,1,Botnet Ares,,123
RF,FGSM_eps0.75,49,49,1.0,1.0,FGSM,0.75,1,Botnet Ares - Attempted,,123
RF,FGSM_eps0.75,5894,5894,1.0,1.0,FGSM,0.75,1,DDoS-HOIC,,123
RF,FGSM_eps0.75,5960,5960,1.0,1.0,FGSM,0.75,1,DDoS-LOIC-HTTP,,123
RF,FGSM_eps0.75,516,516,0.5193798449612403,0.5193798449612403,FGSM,0.75,1,DDoS-LOIC-UDP,,123
RF,FGSM_eps0.75,51,51,1.0,1.0,FGSM,0.75,1,DDoS-LOIC-UDP - Attempted,,123
RF,FGSM_eps0.75,4580,4580,1.0,1.0,FGSM,0.75,1,DoS GoldenEye,,123
RF,FGSM_eps0.75,849,849,1.0,1.0,FGSM,0.75,1,DoS GoldenEye - Attempted,,123
RF,FGSM_eps0.75,5951,5951,0.9709292555872964,0.9709292555872964,FGSM,0.75,1,DoS Hulk,,123
RF,FGSM_eps0.75,19,19,1.0,1.0,FGSM,0.75,1,DoS Hulk - Attempted,,123
RF,FGSM_eps0.75,1713,1713,1.0,1.0,FGSM,0.75,1,DoS Slowloris,,123
RF,FGSM_eps0.75,437,437,1.0,1.0,FGSM,0.75,1,DoS Slowloris - Attempted,,123
RF,FGSM_eps0.75,5957,5957,0.9936209501426893,0.9936209501426893,FGSM,0.75,1,FTP-BruteForce - Attempted,,123
RF,FGSM_eps0.75,47,47,0.0851063829787234,0.0851063829787234,FGSM,0.75,1,Infiltration - Communication Victim Attacker,,123
RF,FGSM_eps0.75,14,5,1.0,1.0,FGSM,0.75,1,Infiltration - Dropbox Download,,123
RF,FGSM_eps0.75,2,2,0.5,0.5,FGSM,0.75,1,Infiltration - Dropbox Download - Attempted,,123
RF,FGSM_eps0.75,6072,6069,0.9403526116328884,0.9403820816864296,FGSM,0.75,1,Infiltration - NMAP Portscan,,123
RF,FGSM_eps0.75,6059,6059,1.0,1.0,FGSM,0.75,1,SSH-BruteForce,,123
RF,FGSM_eps0.75,27,26,0.0,0.037037037037037,FGSM,0.75,1,Web Attack - Brute Force,,123
RF,FGSM_eps0.75,25,25,1.0,1.0,FGSM,0.75,1,Web Attack - Brute Force - Attempted,,123
RF,FGSM_eps0.75,6,6,0.8333333333333334,0.8333333333333334,FGSM,0.75,1,Web Attack - SQL,,123
RF,FGSM_eps0.75,3,3,0.6666666666666666,0.6666666666666666,FGSM,0.75,1,Web Attack - SQL - Attempted,,123
RF,FGSM_eps0.75,19,19,0.0,0.0,FGSM,0.75,1,Web Attack - XSS,,123
RF,FGSM_eps0.75,1,1,1.0,1.0,FGSM,0.75,1,Web Attack - XSS - Attempted,,123
MLP,FGSM_eps0.75,60000,0,,,FGSM,0.75,1,Benign,,123
MLP,FGSM_eps0.75,6052,6052,0.9945472571050892,0.9945472571050892,FGSM,0.75,1,Botnet Ares,,123
MLP,FGSM_eps0.75,49,49,1.0,1.0,FGSM,0.75,1,Botnet Ares - Attempted,,123
MLP,FGSM_eps0.75,5894,5893,1.0,0.999830335934849,FGSM,0.75,1,DDoS-HOIC,,123
MLP,FGSM_eps0.75,5960,5960,1.0,1.0,FGSM,0.75,1,DDoS-LOIC-HTTP,,123
MLP,FGSM_eps0.75,516,516,0.063953488372093,0.063953488372093,FGSM,0.75,1,DDoS-LOIC-UDP,,123
MLP,FGSM_eps0.75,51,46,1.0,1.0,FGSM,0.75,1,DDoS-LOIC-UDP - Attempted,,123
MLP,FGSM_eps0.75,4580,4579,0.9327364053286744,0.9325327510917032,FGSM,0.75,1,DoS GoldenEye,,123
MLP,FGSM_eps0.75,849,849,0.6937573616018846,0.6937573616018846,FGSM,0.75,1,DoS GoldenEye - Attempted,,123
MLP,FGSM_eps0.75,5951,5951,1.0,1.0,FGSM,0.75,1,DoS Hulk,,123
MLP,FGSM_eps0.75,19,12,1.0,0.631578947368421,FGSM,0.75,1,DoS Hulk - Attempted,,123
MLP,FGSM_eps0.75,1713,1712,0.9953271028037384,0.9947460595446584,FGSM,0.75,1,DoS Slowloris,,123
MLP,FGSM_eps0.75,437,436,1.0,0.9977116704805492,FGSM,0.75,1,DoS Slowloris - Attempted,,123
MLP,FGSM_eps0.75,5957,5957,1.0,1.0,FGSM,0.75,1,FTP-BruteForce - Attempted,,123
MLP,FGSM_eps0.75,47,47,0.0851063829787234,0.0851063829787234,FGSM,0.75,1,Infiltration - Communication Victim Attacker,,123
MLP,FGSM_eps0.75,14,2,1.0,0.2857142857142857,FGSM,0.75,1,Infiltration - Dropbox Download,,123
MLP,FGSM_eps0.75,2,0,,0.0,FGSM,0.75,1,Infiltration - Dropbox Download - Attempted,,123
MLP,FGSM_eps0.75,6072,5986,0.9132976946207818,0.905961791831357,FGSM,0.75,1,Infiltration - NMAP Portscan,,123
MLP,FGSM_eps0.75,6059,6059,1.0,1.0,FGSM,0.75,1,SSH-BruteForce,,123
MLP,FGSM_eps0.75,27,26,0.0,0.0,FGSM,0.75,1,Web Attack - Brute Force,,123
MLP,FGSM_eps0.75,25,25,1.0,1.0,FGSM,0.75,1,Web Attack - Brute Force - Attempted,,123
MLP,FGSM_eps0.75,6,5,0.8,0.6666666666666666,FGSM,0.75,1,Web Attack - SQL,,123
MLP,FGSM_eps0.75,3,1,0.0,0.0,FGSM,0.75,1,Web Attack - SQL - Attempted,,123
MLP,FGSM_eps0.75,19,19,0.0,0.0,FGSM,0.75,1,Web Attack - XSS,,123
MLP,FGSM_eps0.75,1,0,,0.0,FGSM,0.75,1,Web Attack - XSS - Attempted,,123
LR,PGD_eps0.15_it10,60000,0,,,PGD,0.15,10,Benign,,123
LR,PGD_eps0.15_it10,6052,6045,0.9956989247311828,0.9957038995373432,PGD,0.15,10,Botnet Ares,,123
LR,PGD_eps0.15_it10,49,49,1.0,1.0,PGD,0.15,10,Botnet Ares - Attempted,,123
LR,PGD_eps0.15_it10,5894,5893,1.0,0.999830335934849,PGD,0.15,10,DDoS-HOIC,,123
LR,PGD_eps0.15_it10,5960,5960,1.0,1.0,PGD,0.15,10,DDoS-LOIC-HTTP,,123
LR,PGD_eps0.15_it10,516,508,0.0472440944881889,0.0620155038759689,PGD,0.15,10,DDoS-LOIC-UDP,,123
LR,PGD_eps0.15_it10,51,0,,1.0,PGD,0.15,10,DDoS-LOIC-UDP - Attempted,,123
LR,PGD_eps0.15_it10,4580,4453,0.9997754322928364,0.9997816593886464,PGD,0.15,10,DoS GoldenEye,,123
LR,PGD_eps0.15_it10,849,848,1.0,1.0,PGD,0.15,10,DoS GoldenEye - Attempted,,123
LR,PGD_eps0.15_it10,5951,5951,1.0,1.0,PGD,0.15,10,DoS Hulk,,123
LR,PGD_eps0.15_it10,19,19,0.631578947368421,0.631578947368421,PGD,0.15,10,DoS Hulk - Attempted,,123
LR,PGD_eps0.15_it10,1713,1633,0.9920391916717698,0.99241097489784,PGD,0.15,10,DoS Slowloris,,123
LR,PGD_eps0.15_it10,437,424,0.9976415094339622,0.9977116704805492,PGD,0.15,10,DoS Slowloris - Attempted,,123
LR,PGD_eps0.15_it10,5957,5957,0.1270773879469531,0.1270773879469531,PGD,0.15,10,FTP-BruteForce - Attempted,,123
LR,PGD_eps0.15_it10,47,47,0.0,0.0,PGD,0.15,10,Infiltration - Communication Victim Attacker,,123
LR,PGD_eps0.15_it10,14,2,1.0,0.4285714285714285,PGD,0.15,10,Infiltration - Dropbox Download,,123
LR,PGD_eps0.15_it10,2,0,,0.5,PGD,0.15,10,Infiltration - Dropbox Download - Attempted,,123
LR,PGD_eps0.15_it10,6072,4496,0.8064946619217082,0.8470026350461133,PGD,0.15,10,Infiltration - NMAP Portscan,,123
LR,PGD_eps0.15_it10,6059,6059,1.0,1.0,PGD,0.15,10,SSH-BruteForce,,123
LR,PGD_eps0.15_it10,27,26,0.0,0.037037037037037,PGD,0.15,10,Web Attack - Brute Force,,123
LR,PGD_eps0.15_it10,25,10,1.0,1.0,PGD,0.15,10,Web Attack - Brute Force - Attempted,,123
LR,PGD_eps0.15_it10,6,2,0.5,0.6666666666666666,PGD,0.15,10,Web Attack - SQL,,123
LR,PGD_eps0.15_it10,3,1,0.0,0.0,PGD,0.15,10,Web Attack - SQL - Attempted,,123
LR,PGD_eps0.15_it10,19,0,,1.0,PGD,0.15,10,Web Attack - XSS,,123
LR,PGD_eps0.15_it10,1,0,,0.0,PGD,0.15,10,Web Attack - XSS - Attempted,,123
SVM,PGD_eps0.15_it10,60000,0,,,PGD,0.15,10,Benign,,123
SVM,PGD_eps0.15_it10,6052,6045,0.9956989247311828,0.9957038995373432,PGD,0.15,10,Botnet Ares,,123
SVM,PGD_eps0.15_it10,49,49,0.3061224489795918,0.3061224489795918,PGD,0.15,10,Botnet Ares - Attempted,,123
SVM,PGD_eps0.15_it10,5894,5893,1.0,0.999830335934849,PGD,0.15,10,DDoS-HOIC,,123
SVM,PGD_eps0.15_it10,5960,7,1.0,1.0,PGD,0.15,10,DDoS-LOIC-HTTP,,123
SVM,PGD_eps0.15_it10,516,509,0.0,0.0135658914728682,PGD,0.15,10,DDoS-LOIC-UDP,,123
SVM,PGD_eps0.15_it10,51,0,,1.0,PGD,0.15,10,DDoS-LOIC-UDP - Attempted,,123
SVM,PGD_eps0.15_it10,4580,4545,0.9718371837183718,0.9720524017467248,PGD,0.15,10,DoS GoldenEye,,123
SVM,PGD_eps0.15_it10,849,848,0.9941037735849056,0.994110718492344,PGD,0.15,10,DoS GoldenEye - Attempted,,123
SVM,PGD_eps0.15_it10,5951,5950,0.9783193277310924,0.9783229709292556,PGD,0.15,10,DoS Hulk,,123
SVM,PGD_eps0.15_it10,19,19,0.631578947368421,0.631578947368421,PGD,0.15,10,DoS Hulk - Attempted,,123
SVM,PGD_eps0.15_it10,1713,1629,0.4960098219766728,0.5207238762405137,PGD,0.15,10,DoS Slowloris,,123
SVM,PGD_eps0.15_it10,437,424,0.9976415094339622,0.9977116704805492,PGD,0.15,10,DoS Slowloris - Attempted,,123
SVM,PGD_eps0.15_it10,5957,5957,0.0857814336075205,0.0857814336075205,PGD,0.15,10,FTP-BruteForce - Attempted,,123
SVM,PGD_eps0.15_it10,47,47,0.0851063829787234,0.0851063829787234,PGD,0.15,10,Infiltration - Communication Victim Attacker,,123
SVM,PGD_eps0.15_it10,14,1,0.0,0.2142857142857142,PGD,0.15,10,Infiltration - Dropbox Download,,123
SVM,PGD_eps0.15_it10,2,0,,0.0,PGD,0.15,10,Infiltration - Dropbox Download - Attempted,,123
SVM,PGD_eps0.15_it10,6072,4608,0.7693142361111112,0.8181818181818182,PGD,0.15,10,Infiltration - NMAP Portscan,,123
SVM,PGD_eps0.15_it10,6059,6059,1.0,1.0,PGD,0.15,10,SSH-BruteForce,,123
SVM,PGD_eps0.15_it10,27,0,,1.0,PGD,0.15,10,Web Attack - Brute Force,,123
SVM,PGD_eps0.15_it10,25,0,,1.0,PGD,0.15,10,Web Attack - Brute Force - Attempted,,123
SVM,PGD_eps0.15_it10,6,0,,0.8333333333333334,PGD,0.15,10,Web Attack - SQL,,123
SVM,PGD_eps0.15_it10,3,0,,0.3333333333333333,PGD,0.15,10,Web Attack - SQL - Attempted,,123
SVM,PGD_eps0.15_it10,19,0,,1.0,PGD,0.15,10,Web Attack - XSS,,123
SVM,PGD_eps0.15_it10,1,0,,0.0,PGD,0.15,10,Web Attack - XSS - Attempted,,123
RF,PGD_eps0.15_it10,60000,0,,,PGD,0.15,10,Benign,,123
RF,PGD_eps0.15_it10,6052,6052,0.9945472571050892,0.9945472571050892,PGD,0.15,10,Botnet Ares,,123
RF,PGD_eps0.15_it10,49,49,1.0,1.0,PGD,0.15,10,Botnet Ares - Attempted,,123
RF,PGD_eps0.15_it10,5894,5894,1.0,1.0,PGD,0.15,10,DDoS-HOIC,,123
RF,PGD_eps0.15_it10,5960,5960,1.0,1.0,PGD,0.15,10,DDoS-LOIC-HTTP,,123
RF,PGD_eps0.15_it10,516,516,0.5213178294573644,0.5213178294573644,PGD,0.15,10,DDoS-LOIC-UDP,,123
RF,PGD_eps0.15_it10,51,51,0.9019607843137256,0.9019607843137256,PGD,0.15,10,DDoS-LOIC-UDP - Attempted,,123
RF,PGD_eps0.15_it10,4580,4580,0.9989082969432316,0.9989082969432316,PGD,0.15,10,DoS GoldenEye,,123
RF,PGD_eps0.15_it10,849,849,1.0,1.0,PGD,0.15,10,DoS GoldenEye - Attempted,,123
RF,PGD_eps0.15_it10,5951,5951,1.0,1.0,PGD,0.15,10,DoS Hulk,,123
RF,PGD_eps0.15_it10,19,19,1.0,1.0,PGD,0.15,10,DoS Hulk - Attempted,,123
RF,PGD_eps0.15_it10,1713,1713,0.9859894921190894,0.9859894921190894,PGD,0.15,10,DoS Slowloris,,123
RF,PGD_eps0.15_it10,437,437,1.0,1.0,PGD,0.15,10,DoS Slowloris - Attempted,,123
RF,PGD_eps0.15_it10,5957,5957,1.0,1.0,PGD,0.15,10,FTP-BruteForce - Attempted,,123
RF,PGD_eps0.15_it10,47,47,0.0851063829787234,0.0851063829787234,PGD,0.15,10,Infiltration - Communication Victim Attacker,,123
RF,PGD_eps0.15_it10,14,5,1.0,1.0,PGD,0.15,10,Infiltration - Dropbox Download,,123
RF,PGD_eps0.15_it10,2,2,1.0,1.0,PGD,0.15,10,Infiltration - Dropbox Download - Attempted,,123
RF,PGD_eps0.15_it10,6072,6069,0.8073817762399077,0.8074769433465085,PGD,0.15,10,Infiltration - NMAP Portscan,,123
RF,PGD_eps0.15_it10,6059,6059,1.0,1.0,PGD,0.15,10,SSH-BruteForce,,123
RF,PGD_eps0.15_it10,27,26,0.0,0.037037037037037,PGD,0.15,10,Web Attack - Brute Force,,123
RF,PGD_eps0.15_it10,25,25,1.0,1.0,PGD,0.15,10,Web Attack - Brute Force - Attempted,,123
RF,PGD_eps0.15_it10,6,6,0.8333333333333334,0.8333333333333334,PGD,0.15,10,Web Attack - SQL,,123
RF,PGD_eps0.15_it10,3,3,0.6666666666666666,0.6666666666666666,PGD,0.15,10,Web Attack - SQL - Attempted,,123
RF,PGD_eps0.15_it10,19,19,0.0,0.0,PGD,0.15,10,Web Attack - XSS,,123
RF,PGD_eps0.15_it10,1,1,1.0,1.0,PGD,0.15,10,Web Attack - XSS - Attempted,,123
MLP,PGD_eps0.15_it10,60000,0,,,PGD,0.15,10,Benign,,123
MLP,PGD_eps0.15_it10,6052,6052,0.9945472571050892,0.9945472571050892,PGD,0.15,10,Botnet Ares,,123
MLP,PGD_eps0.15_it10,49,49,1.0,1.0,PGD,0.15,10,Botnet Ares - Attempted,,123
MLP,PGD_eps0.15_it10,5894,5893,1.0,0.999830335934849,PGD,0.15,10,DDoS-HOIC,,123
MLP,PGD_eps0.15_it10,5960,5960,1.0,1.0,PGD,0.15,10,DDoS-LOIC-HTTP,,123
MLP,PGD_eps0.15_it10,516,516,0.0096899224806201,0.0096899224806201,PGD,0.15,10,DDoS-LOIC-UDP,,123
MLP,PGD_eps0.15_it10,51,46,1.0,0.9019607843137256,PGD,0.15,10,DDoS-LOIC-UDP - Attempted,,123
MLP,PGD_eps0.15_it10,4580,4579,1.0,0.9997816593886464,PGD,0.15,10,DoS GoldenEye,,123
MLP,PGD_eps0.15_it10,849,849,1.0,1.0,PGD,0.15,10,DoS GoldenEye - Attempted,,123
MLP,PGD_eps0.15_it10,5951,5951,1.0,1.0,PGD,0.15,10,DoS Hulk,,123
MLP,PGD_eps0.15_it10,19,12,1.0,0.631578947368421,PGD,0.15,10,DoS Hulk - Attempted,,123
MLP,PGD_eps0.15_it10,1713,1712,1.0,0.9994162288382954,PGD,0.15,10,DoS Slowloris,,123
MLP,PGD_eps0.15_it10,437,436,1.0,0.9977116704805492,PGD,0.15,10,DoS Slowloris - Attempted,,123
MLP,PGD_eps0.15_it10,5957,5957,1.0,1.0,PGD,0.15,10,FTP-BruteForce - Attempted,,123
MLP,PGD_eps0.15_it10,47,47,0.0851063829787234,0.0851063829787234,PGD,0.15,10,Infiltration - Communication Victim Attacker,,123
MLP,PGD_eps0.15_it10,14,2,1.0,0.4285714285714285,PGD,0.15,10,Infiltration - Dropbox Download,,123
MLP,PGD_eps0.15_it10,2,0,,0.0,PGD,0.15,10,Infiltration - Dropbox Download - Attempted,,123
MLP,PGD_eps0.15_it10,6072,5986,0.8942532576010691,0.8852108036890646,PGD,0.15,10,Infiltration - NMAP Portscan,,123
MLP,PGD_eps0.15_it10,6059,6059,1.0,1.0,PGD,0.15,10,SSH-BruteForce,,123
MLP,PGD_eps0.15_it10,27,26,0.0,0.0,PGD,0.15,10,Web Attack - Brute Force,,123
MLP,PGD_eps0.15_it10,25,25,1.0,1.0,PGD,0.15,10,Web Attack - Brute Force - Attempted,,123
MLP,PGD_eps0.15_it10,6,5,0.8,0.6666666666666666,PGD,0.15,10,Web Attack - SQL,,123
MLP,PGD_eps0.15_it10,3,1,0.0,0.0,PGD,0.15,10,Web Attack - SQL - Attempted,,123
MLP,PGD_eps0.15_it10,19,19,0.0,0.0,PGD,0.15,10,Web Attack - XSS,,123
MLP,PGD_eps0.15_it10,1,0,,0.0,PGD,0.15,10,Web Attack - XSS - Attempted,,123
LR,PGD_eps0.15_it25,60000,0,,,PGD,0.15,25,Benign,,123
LR,PGD_eps0.15_it25,6052,6045,0.9956989247311828,0.9957038995373432,PGD,0.15,25,Botnet Ares,,123
LR,PGD_eps0.15_it25,49,49,1.0,1.0,PGD,0.15,25,Botnet Ares - Attempted,,123
LR,PGD_eps0.15_it25,5894,5893,1.0,0.999830335934849,PGD,0.15,25,DDoS-HOIC,,123
LR,PGD_eps0.15_it25,5960,5960,1.0,1.0,PGD,0.15,25,DDoS-LOIC-HTTP,,123
LR,PGD_eps0.15_it25,516,508,0.0472440944881889,0.0620155038759689,PGD,0.15,25,DDoS-LOIC-UDP,,123
LR,PGD_eps0.15_it25,51,0,,1.0,PGD,0.15,25,DDoS-LOIC-UDP - Attempted,,123
LR,PGD_eps0.15_it25,4580,4453,0.9997754322928364,0.9997816593886464,PGD,0.15,25,DoS GoldenEye,,123
LR,PGD_eps0.15_it25,849,848,1.0,1.0,PGD,0.15,25,DoS GoldenEye - Attempted,,123
LR,PGD_eps0.15_it25,5951,5951,1.0,1.0,PGD,0.15,25,DoS Hulk,,123
LR,PGD_eps0.15_it25,19,19,0.631578947368421,0.631578947368421,PGD,0.15,25,DoS Hulk - Attempted,,123
LR,PGD_eps0.15_it25,1713,1633,0.994488671157379,0.9947460595446584,PGD,0.15,25,DoS Slowloris,,123
LR,PGD_eps0.15_it25,437,424,0.9976415094339622,0.9977116704805492,PGD,0.15,25,DoS Slowloris - Attempted,,123
LR,PGD_eps0.15_it25,5957,5957,0.1270773879469531,0.1270773879469531,PGD,0.15,25,FTP-BruteForce - Attempted,,123
LR,PGD_eps0.15_it25,47,47,0.0,0.0,PGD,0.15,25,Infiltration - Communication Victim Attacker,,123
LR,PGD_eps0.15_it25,14,2,1.0,0.4285714285714285,PGD,0.15,25,Infiltration - Dropbox Download,,123
LR,PGD_eps0.15_it25,2,0,,0.5,PGD,0.15,25,Infiltration - Dropbox Download - Attempted,,123
LR,PGD_eps0.15_it25,6072,4496,0.798932384341637,0.8414031620553359,PGD,0.15,25,Infiltration - NMAP Portscan,,123
LR,PGD_eps0.15_it25,6059,6059,1.0,1.0,PGD,0.15,25,SSH-BruteForce,,123
LR,PGD_eps0.15_it25,27,26,0.0,0.037037037037037,PGD,0.15,25,Web Attack - Brute Force,,123
LR,PGD_eps0.15_it25,25,10,1.0,1.0,PGD,0.15,25,Web Attack - Brute Force - Attempted,,123
LR,PGD_eps0.15_it25,6,2,0.5,0.6666666666666666,PGD,0.15,25,Web Attack - SQL,,123
LR,PGD_eps0.15_it25,3,1,0.0,0.0,PGD,0.15,25,Web Attack - SQL - Attempted,,123
LR,PGD_eps0.15_it25,19,0,,1.0,PGD,0.15,25,Web Attack - XSS,,123
LR,PGD_eps0.15_it25,1,0,,0.0,PGD,0.15,25,Web Attack - XSS - Attempted,,123
SVM,PGD_eps0.15_it25,60000,0,,,PGD,0.15,25,Benign,,123
SVM,PGD_eps0.15_it25,6052,6045,0.9956989247311828,0.9957038995373432,PGD,0.15,25,Botnet Ares,,123
SVM,PGD_eps0.15_it25,49,49,0.3061224489795918,0.3061224489795918,PGD,0.15,25,Botnet Ares - Attempted,,123
SVM,PGD_eps0.15_it25,5894,5893,1.0,0.999830335934849,PGD,0.15,25,DDoS-HOIC,,123
SVM,PGD_eps0.15_it25,5960,7,1.0,1.0,PGD,0.15,25,DDoS-LOIC-HTTP,,123
SVM,PGD_eps0.15_it25,516,509,0.0,0.0135658914728682,PGD,0.15,25,DDoS-LOIC-UDP,,123
SVM,PGD_eps0.15_it25,51,0,,1.0,PGD,0.15,25,DDoS-LOIC-UDP - Attempted,,123
SVM,PGD_eps0.15_it25,4580,4545,0.9577557755775578,0.9580786026200874,PGD,0.15,25,DoS GoldenEye,,123
SVM,PGD_eps0.15_it25,849,848,0.9846698113207548,0.9846878680800942,PGD,0.15,25,DoS GoldenEye - Attempted,,123
SVM,PGD_eps0.15_it25,5951,5950,0.9976470588235294,0.9976474542093766,PGD,0.15,25,DoS Hulk,,123
SVM,PGD_eps0.15_it25,19,19,0.631578947368421,0.631578947368421,PGD,0.15,25,DoS Hulk - Attempted,,123
SVM,PGD_eps0.15_it25,1713,1629,0.5598526703499079,0.5814360770577933,PGD,0.15,25,DoS Slowloris,,123
SVM,PGD_eps0.15_it25,437,424,0.9976415094339622,0.9977116704805492,PGD,0.15,25,DoS Slowloris - Attempted,,123
SVM,PGD_eps0.15_it25,5957,5957,0.0644619775054557,0.0644619775054557,PGD,0.15,25,FTP-BruteForce - Attempted,,123
SVM,PGD_eps0.15_it25,47,47,0.0851063829787234,0.0851063829787234,PGD,0.15,25,Infiltration - Communication Victim Attacker,,123
SVM,PGD_eps0.15_it25,14,1,0.0,0.2857142857142857,PGD,0.15,25,Infiltration - Dropbox Download,,123
SVM,PGD_eps0.15_it25,2,0,,0.0,PGD,0.15,25,Infiltration - Dropbox Download - Attempted,,123
SVM,PGD_eps0.15_it25,6072,4608,0.7621527777777778,0.8147233201581028,PGD,0.15,25,Infiltration - NMAP Portscan,,123
SVM,PGD_eps0.15_it25,6059,6059,1.0,1.0,PGD,0.15,25,SSH-BruteForce,,123
SVM,PGD_eps0.15_it25,27,0,,1.0,PGD,0.15,25,Web Attack - Brute Force,,123
SVM,PGD_eps0.15_it25,25,0,,1.0,PGD,0.15,25,Web Attack - Brute Force - Attempted,,123
SVM,PGD_eps0.15_it25,6,0,,0.8333333333333334,PGD,0.15,25,Web Attack - SQL,,123
SVM,PGD_eps0.15_it25,3,0,,0.3333333333333333,PGD,0.15,25,Web Attack - SQL - Attempted,,123
SVM,PGD_eps0.15_it25,19,0,,1.0,PGD,0.15,25,Web Attack - XSS,,123
SVM,PGD_eps0.15_it25,1,0,,0.0,PGD,0.15,25,Web Attack - XSS - Attempted,,123
RF,PGD_eps0.15_it25,60000,0,,,PGD,0.15,25,Benign,,123
RF,PGD_eps0.15_it25,6052,6052,0.9945472571050892,0.9945472571050892,PGD,0.15,25,Botnet Ares,,123
RF,PGD_eps0.15_it25,49,49,1.0,1.0,PGD,0.15,25,Botnet Ares - Attempted,,123
RF,PGD_eps0.15_it25,5894,5894,1.0,1.0,PGD,0.15,25,DDoS-HOIC,,123
RF,PGD_eps0.15_it25,5960,5960,1.0,1.0,PGD,0.15,25,DDoS-LOIC-HTTP,,123
RF,PGD_eps0.15_it25,516,516,0.5213178294573644,0.5213178294573644,PGD,0.15,25,DDoS-LOIC-UDP,,123
RF,PGD_eps0.15_it25,51,51,1.0,1.0,PGD,0.15,25,DDoS-LOIC-UDP - Attempted,,123
RF,PGD_eps0.15_it25,4580,4580,0.9997816593886464,0.9997816593886464,PGD,0.15,25,DoS GoldenEye,,123
RF,PGD_eps0.15_it25,849,849,1.0,1.0,PGD,0.15,25,DoS GoldenEye - Attempted,,123
RF,PGD_eps0.15_it25,5951,5951,1.0,1.0,PGD,0.15,25,DoS Hulk,,123
RF,PGD_eps0.15_it25,19,19,0.5789473684210527,0.5789473684210527,PGD,0.15,25,DoS Hulk - Attempted,,123
RF,PGD_eps0.15_it25,1713,1713,0.9877408056042032,0.9877408056042032,PGD,0.15,25,DoS Slowloris,,123
RF,PGD_eps0.15_it25,437,437,1.0,1.0,PGD,0.15,25,DoS Slowloris - Attempted,,123
RF,PGD_eps0.15_it25,5957,5957,1.0,1.0,PGD,0.15,25,FTP-BruteForce - Attempted,,123
RF,PGD_eps0.15_it25,47,47,0.0851063829787234,0.0851063829787234,PGD,0.15,25,Infiltration - Communication Victim Attacker,,123
RF,PGD_eps0.15_it25,14,5,1.0,1.0,PGD,0.15,25,Infiltration - Dropbox Download,,123
RF,PGD_eps0.15_it25,2,2,1.0,1.0,PGD,0.15,25,Infiltration - Dropbox Download - Attempted,,123
RF,PGD_eps0.15_it25,6072,6069,0.913330037897512,0.913372859025033,PGD,0.15,25,Infiltration - NMAP Portscan,,123
RF,PGD_eps0.15_it25,6059,6059,1.0,1.0,PGD,0.15,25,SSH-BruteForce,,123
RF,PGD_eps0.15_it25,27,26,0.0,0.037037037037037,PGD,0.15,25,Web Attack - Brute Force,,123
RF,PGD_eps0.15_it25,25,25,1.0,1.0,PGD,0.15,25,Web Attack - Brute Force - Attempted,,123
RF,PGD_eps0.15_it25,6,6,0.8333333333333334,0.8333333333333334,PGD,0.15,25,Web Attack - SQL,,123
RF,PGD_eps0.15_it25,3,3,0.6666666666666666,0.6666666666666666,PGD,0.15,25,Web Attack - SQL - Attempted,,123
RF,PGD_eps0.15_it25,19,19,0.0,0.0,PGD,0.15,25,Web Attack - XSS,,123
RF,PGD_eps0.15_it25,1,1,1.0,1.0,PGD,0.15,25,Web Attack - XSS - Attempted,,123
MLP,PGD_eps0.15_it25,60000,0,,,PGD,0.15,25,Benign,,123
MLP,PGD_eps0.15_it25,6052,6052,0.9945472571050892,0.9945472571050892,PGD,0.15,25,Botnet Ares,,123
MLP,PGD_eps0.15_it25,49,49,1.0,1.0,PGD,0.15,25,Botnet Ares - Attempted,,123
MLP,PGD_eps0.15_it25,5894,5893,1.0,0.999830335934849,PGD,0.15,25,DDoS-HOIC,,123
MLP,PGD_eps0.15_it25,5960,5960,1.0,1.0,PGD,0.15,25,DDoS-LOIC-HTTP,,123
MLP,PGD_eps0.15_it25,516,516,0.0116279069767441,0.0116279069767441,PGD,0.15,25,DDoS-LOIC-UDP,,123
MLP,PGD_eps0.15_it25,51,46,1.0,1.0,PGD,0.15,25,DDoS-LOIC-UDP - Attempted,,123
MLP,PGD_eps0.15_it25,4580,4579,1.0,0.9997816593886464,PGD,0.15,25,DoS GoldenEye,,123
MLP,PGD_eps0.15_it25,849,849,1.0,1.0,PGD,0.15,25,DoS GoldenEye - Attempted,,123
MLP,PGD_eps0.15_it25,5951,5951,1.0,1.0,PGD,0.15,25,DoS Hulk,,123
MLP,PGD_eps0.15_it25,19,12,1.0,0.631578947368421,PGD,0.15,25,DoS Hulk - Attempted,,123
MLP,PGD_eps0.15_it25,1713,1712,1.0,0.9994162288382954,PGD,0.15,25,DoS Slowloris,,123
MLP,PGD_eps0.15_it25,437,436,1.0,0.9977116704805492,PGD,0.15,25,DoS Slowloris - Attempted,,123
MLP,PGD_eps0.15_it25,5957,5957,1.0,1.0,PGD,0.15,25,FTP-BruteForce - Attempted,,123
MLP,PGD_eps0.15_it25,47,47,0.0851063829787234,0.0851063829787234,PGD,0.15,25,Infiltration - Communication Victim Attacker,,123
MLP,PGD_eps0.15_it25,14,2,1.0,0.5,PGD,0.15,25,Infiltration - Dropbox Download,,123
MLP,PGD_eps0.15_it25,2,0,,0.0,PGD,0.15,25,Infiltration - Dropbox Download - Attempted,,123
MLP,PGD_eps0.15_it25,6072,5986,0.889909789508854,0.8827404479578392,PGD,0.15,25,Infiltration - NMAP Portscan,,123
MLP,PGD_eps0.15_it25,6059,6059,1.0,1.0,PGD,0.15,25,SSH-BruteForce,,123
MLP,PGD_eps0.15_it25,27,26,0.0,0.0,PGD,0.15,25,Web Attack - Brute Force,,123
MLP,PGD_eps0.15_it25,25,25,1.0,1.0,PGD,0.15,25,Web Attack - Brute Force - Attempted,,123
MLP,PGD_eps0.15_it25,6,5,0.8,0.6666666666666666,PGD,0.15,25,Web Attack - SQL,,123
MLP,PGD_eps0.15_it25,3,1,0.0,0.0,PGD,0.15,25,Web Attack - SQL - Attempted,,123
MLP,PGD_eps0.15_it25,19,19,0.0,0.0,PGD,0.15,25,Web Attack - XSS,,123
MLP,PGD_eps0.15_it25,1,0,,0.0,PGD,0.15,25,Web Attack - XSS - Attempted,,123
LR,PGD_eps0.3_it10,60000,0,,,PGD,0.3,10,Benign,,123
LR,PGD_eps0.3_it10,6052,6045,0.9956989247311828,0.9957038995373432,PGD,0.3,10,Botnet Ares,,123
LR,PGD_eps0.3_it10,49,49,1.0,1.0,PGD,0.3,10,Botnet Ares - Attempted,,123
LR,PGD_eps0.3_it10,5894,5893,1.0,0.999830335934849,PGD,0.3,10,DDoS-HOIC,,123
LR,PGD_eps0.3_it10,5960,5960,1.0,1.0,PGD,0.3,10,DDoS-LOIC-HTTP,,123
LR,PGD_eps0.3_it10,516,508,0.0531496062992126,0.067829457364341,PGD,0.3,10,DDoS-LOIC-UDP,,123
LR,PGD_eps0.3_it10,51,0,,1.0,PGD,0.3,10,DDoS-LOIC-UDP - Attempted,,123
LR,PGD_eps0.3_it10,4580,4453,0.9997754322928364,0.9997816593886464,PGD,0.3,10,DoS GoldenEye,,123
LR,PGD_eps0.3_it10,849,848,1.0,1.0,PGD,0.3,10,DoS GoldenEye - Attempted,,123
LR,PGD_eps0.3_it10,5951,5951,1.0,1.0,PGD,0.3,10,DoS Hulk,,123
LR,PGD_eps0.3_it10,19,19,0.631578947368421,0.631578947368421,PGD,0.3,10,DoS Hulk - Attempted,,123
LR,PGD_eps0.3_it10,1713,1633,0.9993876301285975,0.9994162288382954,PGD,0.3,10,DoS Slowloris,,123
LR,PGD_eps0.3_it10,437,424,0.9976415094339622,0.9977116704805492,PGD,0.3,10,DoS Slowloris - Attempted,,123
LR,PGD_eps0.3_it10,5957,5957,0.7821050864529125,0.7821050864529125,PGD,0.3,10,FTP-BruteForce - Attempted,,123
LR,PGD_eps0.3_it10,47,47,0.0851063829787234,0.0851063829787234,PGD,0.3,10,Infiltration - Communication Victim Attacker,,123
LR,PGD_eps0.3_it10,14,2,1.0,0.3571428571428571,PGD,0.3,10,Infiltration - Dropbox Download,,123
LR,PGD_eps0.3_it10,2,0,,0.5,PGD,0.3,10,Infiltration - Dropbox Download - Attempted,,123
LR,PGD_eps0.3_it10,6072,4496,0.8213967971530249,0.8580368906455863,PGD,0.3,10,Infiltration - NMAP Portscan,,123
LR,PGD_eps0.3_it10,6059,6059,1.0,1.0,PGD,0.3,10,SSH-BruteForce,,123
LR,PGD_eps0.3_it10,27,26,0.0,0.037037037037037,PGD,0.3,10,Web Attack - Brute Force,,123
LR,PGD_eps0.3_it10,25,10,1.0,1.0,PGD,0.3,10,Web Attack - Brute Force - Attempted,,123
LR,PGD_eps0.3_it10,6,2,0.5,0.6666666666666666,PGD,0.3,10,Web Attack - SQL,,123
LR,PGD_eps0.3_it10,3,1,0.0,0.0,PGD,0.3,10,Web Attack - SQL - Attempted,,123
LR,PGD_eps0.3_it10,19,0,,1.0,PGD,0.3,10,Web Attack - XSS,,123
LR,PGD_eps0.3_it10,1,0,,0.0,PGD,0.3,10,Web Attack - XSS - Attempted,,123
SVM,PGD_eps0.3_it10,60000,0,,,PGD,0.3,10,Benign,,123
SVM,PGD_eps0.3_it10,6052,6045,0.9956989247311828,0.9957038995373432,PGD,0.3,10,Botnet Ares,,123
SVM,PGD_eps0.3_it10,49,49,1.0,1.0,PGD,0.3,10,Botnet Ares - Attempted,,123
SVM,PGD_eps0.3_it10,5894,5893,1.0,0.999830335934849,PGD,0.3,10,DDoS-HOIC,,123
SVM,PGD_eps0.3_it10,5960,7,1.0,1.0,PGD,0.3,10,DDoS-LOIC-HTTP,,123
SVM,PGD_eps0.3_it10,516,509,0.0157170923379174,0.0290697674418604,PGD,0.3,10,DDoS-LOIC-UDP,,123
SVM,PGD_eps0.3_it10,51,0,,1.0,PGD,0.3,10,DDoS-LOIC-UDP - Attempted,,123
SVM,PGD_eps0.3_it10,4580,4545,0.9997799779977998,0.9997816593886464,PGD,0.3,10,DoS GoldenEye,,123
SVM,PGD_eps0.3_it10,849,848,1.0,1.0,PGD,0.3,10,DoS GoldenEye - Attempted,,123
SVM,PGD_eps0.3_it10,5951,5950,1.0,1.0,PGD,0.3,10,DoS Hulk,,123
SVM,PGD_eps0.3_it10,19,19,0.631578947368421,0.631578947368421,PGD,0.3,10,DoS Hulk - Attempted,,123
SVM,PGD_eps0.3_it10,1713,1629,0.9993861264579496,0.9994162288382954,PGD,0.3,10,DoS Slowloris,,123
SVM,PGD_eps0.3_it10,437,424,0.9976415094339622,0.9977116704805492,PGD,0.3,10,DoS Slowloris - Attempted,,123
SVM,PGD_eps0.3_it10,5957,5957,0.1149907671646802,0.1149907671646802,PGD,0.3,10,FTP-BruteForce - Attempted,,123
SVM,PGD_eps0.3_it10,47,47,0.0851063829787234,0.0851063829787234,PGD,0.3,10,Infiltration - Communication Victim Attacker,,123
SVM,PGD_eps0.3_it10,14,1,0.0,0.2142857142857142,PGD,0.3,10,Infiltration - Dropbox Download,,123
SVM,PGD_eps0.3_it10,2,0,,0.0,PGD,0.3,10,Infiltration - Dropbox Download - Attempted,,123
SVM,PGD_eps0.3_it10,6072,4608,0.8324652777777778,0.8656126482213439,PGD,0.3,10,Infiltration - NMAP Portscan,,123
SVM,PGD_eps0.3_it10,6059,6059,1.0,1.0,PGD,0.3,10,SSH-BruteForce,,123
SVM,PGD_eps0.3_it10,27,0,,1.0,PGD,0.3,10,Web Attack - Brute Force,,123
SVM,PGD_eps0.3_it10,25,0,,1.0,PGD,0.3,10,Web Attack - Brute Force - Attempted,,123
SVM,PGD_eps0.3_it10,6,0,,0.8333333333333334,PGD,0.3,10,Web Attack - SQL,,123
SVM,PGD_eps0.3_it10,3,0,,0.3333333333333333,PGD,0.3,10,Web Attack - SQL - Attempted,,123
SVM,PGD_eps0.3_it10,19,0,,1.0,PGD,0.3,10,Web Attack - XSS,,123
SVM,PGD_eps0.3_it10,1,0,,0.0,PGD,0.3,10,Web Attack - XSS - Attempted,,123
RF,PGD_eps0.3_it10,60000,0,,,PGD,0.3,10,Benign,,123
RF,PGD_eps0.3_it10,6052,6052,0.9945472571050892,0.9945472571050892,PGD,0.3,10,Botnet Ares,,123
RF,PGD_eps0.3_it10,49,49,1.0,1.0,PGD,0.3,10,Botnet Ares - Attempted,,123
RF,PGD_eps0.3_it10,5894,5894,1.0,1.0,PGD,0.3,10,DDoS-HOIC,,123
RF,PGD_eps0.3_it10,5960,5960,1.0,1.0,PGD,0.3,10,DDoS-LOIC-HTTP,,123
RF,PGD_eps0.3_it10,516,516,0.5213178294573644,0.5213178294573644,PGD,0.3,10,DDoS-LOIC-UDP,,123
RF,PGD_eps0.3_it10,51,51,0.9019607843137256,0.9019607843137256,PGD,0.3,10,DDoS-LOIC-UDP - Attempted,,123
RF,PGD_eps0.3_it10,4580,4580,0.9997816593886464,0.9997816593886464,PGD,0.3,10,DoS GoldenEye,,123
RF,PGD_eps0.3_it10,849,849,1.0,1.0,PGD,0.3,10,DoS GoldenEye - Attempted,,123
RF,PGD_eps0.3_it10,5951,5951,1.0,1.0,PGD,0.3,10,DoS Hulk,,123
RF,PGD_eps0.3_it10,19,19,0.3684210526315789,0.3684210526315789,PGD,0.3,10,DoS Hulk - Attempted,,123
RF,PGD_eps0.3_it10,1713,1713,0.971395213076474,0.971395213076474,PGD,0.3,10,DoS Slowloris,,123
RF,PGD_eps0.3_it10,437,437,1.0,1.0,PGD,0.3,10,DoS Slowloris - Attempted,,123
RF,PGD_eps0.3_it10,5957,5957,1.0,1.0,PGD,0.3,10,FTP-BruteForce - Attempted,,123
RF,PGD_eps0.3_it10,47,47,0.0851063829787234,0.0851063829787234,PGD,0.3,10,Infiltration - Communication Victim Attacker,,123
RF,PGD_eps0.3_it10,14,5,1.0,1.0,PGD,0.3,10,Infiltration - Dropbox Download,,123
RF,PGD_eps0.3_it10,2,2,1.0,1.0,PGD,0.3,10,Infiltration - Dropbox Download - Attempted,,123
RF,PGD_eps0.3_it10,6072,6069,0.5369912670950733,0.5372200263504612,PGD,0.3,10,Infiltration - NMAP Portscan,,123
RF,PGD_eps0.3_it10,6059,6059,1.0,1.0,PGD,0.3,10,SSH-BruteForce,,123
RF,PGD_eps0.3_it10,27,26,0.0,0.037037037037037,PGD,0.3,10,Web Attack - Brute Force,,123
RF,PGD_eps0.3_it10,25,25,1.0,1.0,PGD,0.3,10,Web Attack - Brute Force - Attempted,,123
RF,PGD_eps0.3_it10,6,6,0.8333333333333334,0.8333333333333334,PGD,0.3,10,Web Attack - SQL,,123
RF,PGD_eps0.3_it10,3,3,0.6666666666666666,0.6666666666666666,PGD,0.3,10,Web Attack - SQL - Attempted,,123
RF,PGD_eps0.3_it10,19,19,0.0,0.0,PGD,0.3,10,Web Attack - XSS,,123
RF,PGD_eps0.3_it10,1,1,0.0,0.0,PGD,0.3,10,Web Attack - XSS - Attempted,,123
MLP,PGD_eps0.3_it10,60000,0,,,PGD,0.3,10,Benign,,123
MLP,PGD_eps0.3_it10,6052,6052,0.9945472571050892,0.9945472571050892,PGD,0.3,10,Botnet Ares,,123
MLP,PGD_eps0.3_it10,49,49,1.0,1.0,PGD,0.3,10,Botnet Ares - Attempted,,123
MLP,PGD_eps0.3_it10,5894,5893,1.0,0.999830335934849,PGD,0.3,10,DDoS-HOIC,,123
MLP,PGD_eps0.3_it10,5960,5960,1.0,1.0,PGD,0.3,10,DDoS-LOIC-HTTP,,123
MLP,PGD_eps0.3_it10,516,516,0.0445736434108527,0.0445736434108527,PGD,0.3,10,DDoS-LOIC-UDP,,123
MLP,PGD_eps0.3_it10,51,46,1.0,0.9019607843137256,PGD,0.3,10,DDoS-LOIC-UDP - Attempted,,123
MLP,PGD_eps0.3_it10,4580,4579,1.0,0.9997816593886464,PGD,0.3,10,DoS GoldenEye,,123
MLP,PGD_eps0.3_it10,849,849,1.0,1.0,PGD,0.3,10,DoS GoldenEye - Attempted,,123
MLP,PGD_eps0.3_it10,5951,5951,1.0,1.0,PGD,0.3,10,DoS Hulk,,123
MLP,PGD_eps0.3_it10,19,12,1.0,0.631578947368421,PGD,0.3,10,DoS Hulk - Attempted,,123
MLP,PGD_eps0.3_it10,1713,1712,1.0,0.9994162288382954,PGD,0.3,10,DoS Slowloris,,123
MLP,PGD_eps0.3_it10,437,436,1.0,0.9977116704805492,PGD,0.3,10,DoS Slowloris - Attempted,,123
MLP,PGD_eps0.3_it10,5957,5957,1.0,1.0,PGD,0.3,10,FTP-BruteForce - Attempted,,123
MLP,PGD_eps0.3_it10,47,47,0.0851063829787234,0.0851063829787234,PGD,0.3,10,Infiltration - Communication Victim Attacker,,123
MLP,PGD_eps0.3_it10,14,2,1.0,0.2857142857142857,PGD,0.3,10,Infiltration - Dropbox Download,,123
MLP,PGD_eps0.3_it10,2,0,,0.0,PGD,0.3,10,Infiltration - Dropbox Download - Attempted,,123
MLP,PGD_eps0.3_it10,6072,5986,0.9238222519211492,0.910737812911726,PGD,0.3,10,Infiltration - NMAP Portscan,,123
MLP,PGD_eps0.3_it10,6059,6059,1.0,1.0,PGD,0.3,10,SSH-BruteForce,,123
MLP,PGD_eps0.3_it10,27,26,0.0,0.0,PGD,0.3,10,Web Attack - Brute Force,,123
MLP,PGD_eps0.3_it10,25,25,1.0,1.0,PGD,0.3,10,Web Attack - Brute Force - Attempted,,123
MLP,PGD_eps0.3_it10,6,5,0.8,0.6666666666666666,PGD,0.3,10,Web Attack - SQL,,123
MLP,PGD_eps0.3_it10,3,1,0.0,0.0,PGD,0.3,10,Web Attack - SQL - Attempted,,123
MLP,PGD_eps0.3_it10,19,19,0.0,0.0,PGD,0.3,10,Web Attack - XSS,,123
MLP,PGD_eps0.3_it10,1,0,,0.0,PGD,0.3,10,Web Attack - XSS - Attempted,,123
LR,PGD_eps0.3_it25,60000,0,,,PGD,0.3,25,Benign,,123
LR,PGD_eps0.3_it25,6052,6045,0.9956989247311828,0.9957038995373432,PGD,0.3,25,Botnet Ares,,123
LR,PGD_eps0.3_it25,49,49,1.0,1.0,PGD,0.3,25,Botnet Ares - Attempted,,123
LR,PGD_eps0.3_it25,5894,5893,1.0,0.999830335934849,PGD,0.3,25,DDoS-HOIC,,123
LR,PGD_eps0.3_it25,5960,5960,1.0,1.0,PGD,0.3,25,DDoS-LOIC-HTTP,,123
LR,PGD_eps0.3_it25,516,508,0.0531496062992126,0.067829457364341,PGD,0.3,25,DDoS-LOIC-UDP,,123
LR,PGD_eps0.3_it25,51,0,,1.0,PGD,0.3,25,DDoS-LOIC-UDP - Attempted,,123
LR,PGD_eps0.3_it25,4580,4453,0.9997754322928364,0.9997816593886464,PGD,0.3,25,DoS GoldenEye,,123
LR,PGD_eps0.3_it25,849,848,1.0,1.0,PGD,0.3,25,DoS GoldenEye - Attempted,,123
LR,PGD_eps0.3_it25,5951,5951,1.0,1.0,PGD,0.3,25,DoS Hulk,,123
LR,PGD_eps0.3_it25,19,19,0.631578947368421,0.631578947368421,PGD,0.3,25,DoS Hulk - Attempted,,123
LR,PGD_eps0.3_it25,1713,1633,0.9993876301285975,0.9994162288382954,PGD,0.3,25,DoS Slowloris,,123
LR,PGD_eps0.3_it25,437,424,0.9976415094339622,0.9977116704805492,PGD,0.3,25,DoS Slowloris - Attempted,,123
LR,PGD_eps0.3_it25,5957,5957,0.7821050864529125,0.7821050864529125,PGD,0.3,25,FTP-BruteForce - Attempted,,123
LR,PGD_eps0.3_it25,47,47,0.0851063829787234,0.0851063829787234,PGD,0.3,25,Infiltration - Communication Victim Attacker,,123
LR,PGD_eps0.3_it25,14,2,1.0,0.3571428571428571,PGD,0.3,25,Infiltration - Dropbox Download,,123
LR,PGD_eps0.3_it25,2,0,,0.5,PGD,0.3,25,Infiltration - Dropbox Download - Attempted,,123
LR,PGD_eps0.3_it25,6072,4496,0.8213967971530249,0.8578722002635046,PGD,0.3,25,Infiltration - NMAP Portscan,,123
LR,PGD_eps0.3_it25,6059,6059,1.0,1.0,PGD,0.3,25,SSH-BruteForce,,123
LR,PGD_eps0.3_it25,27,26,0.0,0.037037037037037,PGD,0.3,25,Web Attack - Brute Force,,123
LR,PGD_eps0.3_it25,25,10,1.0,1.0,PGD,0.3,25,Web Attack - Brute Force - Attempted,,123
LR,PGD_eps0.3_it25,6,2,0.5,0.6666666666666666,PGD,0.3,25,Web Attack - SQL,,123
LR,PGD_eps0.3_it25,3,1,0.0,0.0,PGD,0.3,25,Web Attack - SQL - Attempted,,123
LR,PGD_eps0.3_it25,19,0,,1.0,PGD,0.3,25,Web Attack - XSS,,123
LR,PGD_eps0.3_it25,1,0,,0.0,PGD,0.3,25,Web Attack - XSS - Attempted,,123
SVM,PGD_eps0.3_it25,60000,0,,,PGD,0.3,25,Benign,,123
SVM,PGD_eps0.3_it25,6052,6045,0.9956989247311828,0.9957038995373432,PGD,0.3,25,Botnet Ares,,123
SVM,PGD_eps0.3_it25,49,49,1.0,1.0,PGD,0.3,25,Botnet Ares - Attempted,,123
SVM,PGD_eps0.3_it25,5894,5893,1.0,0.999830335934849,PGD,0.3,25,DDoS-HOIC,,123
SVM,PGD_eps0.3_it25,5960,7,1.0,1.0,PGD,0.3,25,DDoS-LOIC-HTTP,,123
SVM,PGD_eps0.3_it25,516,509,0.0235756385068762,0.0368217054263565,PGD,0.3,25,DDoS-LOIC-UDP,,123
SVM,PGD_eps0.3_it25,51,0,,1.0,PGD,0.3,25,DDoS-LOIC-UDP - Attempted,,123
SVM,PGD_eps0.3_it25,4580,4545,0.9997799779977998,0.9997816593886464,PGD,0.3,25,DoS GoldenEye,,123
SVM,PGD_eps0.3_it25,849,848,1.0,1.0,PGD,0.3,25,DoS GoldenEye - Attempted,,123
SVM,PGD_eps0.3_it25,5951,5950,1.0,1.0,PGD,0.3,25,DoS Hulk,,123
SVM,PGD_eps0.3_it25,19,19,0.631578947368421,0.631578947368421,PGD,0.3,25,DoS Hulk - Attempted,,123
SVM,PGD_eps0.3_it25,1713,1629,0.9993861264579496,0.9994162288382954,PGD,0.3,25,DoS Slowloris,,123
SVM,PGD_eps0.3_it25,437,424,0.9976415094339622,0.9977116704805492,PGD,0.3,25,DoS Slowloris - Attempted,,123
SVM,PGD_eps0.3_it25,5957,5957,0.0045324827933523,0.0045324827933523,PGD,0.3,25,FTP-BruteForce - Attempted,,123
SVM,PGD_eps0.3_it25,47,47,0.0851063829787234,0.0851063829787234,PGD,0.3,25,Infiltration - Communication Victim Attacker,,123
SVM,PGD_eps0.3_it25,14,1,0.0,0.2142857142857142,PGD,0.3,25,Infiltration - Dropbox Download,,123
SVM,PGD_eps0.3_it25,2,0,,0.0,PGD,0.3,25,Infiltration - Dropbox Download - Attempted,,123
SVM,PGD_eps0.3_it25,6072,4608,0.8333333333333334,0.8662714097496707,PGD,0.3,25,Infiltration - NMAP Portscan,,123
SVM,PGD_eps0.3_it25,6059,6059,1.0,1.0,PGD,0.3,25,SSH-BruteForce,,123
SVM,PGD_eps0.3_it25,27,0,,1.0,PGD,0.3,25,Web Attack - Brute Force,,123
SVM,PGD_eps0.3_it25,25,0,,1.0,PGD,0.3,25,Web Attack - Brute Force - Attempted,,123
SVM,PGD_eps0.3_it25,6,0,,0.8333333333333334,PGD,0.3,25,Web Attack - SQL,,123
SVM,PGD_eps0.3_it25,3,0,,0.3333333333333333,PGD,0.3,25,Web Attack - SQL - Attempted,,123
SVM,PGD_eps0.3_it25,19,0,,1.0,PGD,0.3,25,Web Attack - XSS,,123
SVM,PGD_eps0.3_it25,1,0,,0.0,PGD,0.3,25,Web Attack - XSS - Attempted,,123
RF,PGD_eps0.3_it25,60000,0,,,PGD,0.3,25,Benign,,123
RF,PGD_eps0.3_it25,6052,6052,0.9945472571050892,0.9945472571050892,PGD,0.3,25,Botnet Ares,,123
RF,PGD_eps0.3_it25,49,49,1.0,1.0,PGD,0.3,25,Botnet Ares - Attempted,,123
RF,PGD_eps0.3_it25,5894,5894,1.0,1.0,PGD,0.3,25,DDoS-HOIC,,123
RF,PGD_eps0.3_it25,5960,5960,1.0,1.0,PGD,0.3,25,DDoS-LOIC-HTTP,,123
RF,PGD_eps0.3_it25,516,516,0.5213178294573644,0.5213178294573644,PGD,0.3,25,DDoS-LOIC-UDP,,123
RF,PGD_eps0.3_it25,51,51,0.9019607843137256,0.9019607843137256,PGD,0.3,25,DDoS-LOIC-UDP - Attempted,,123
RF,PGD_eps0.3_it25,4580,4580,0.9997816593886464,0.9997816593886464,PGD,0.3,25,DoS GoldenEye,,123
RF,PGD_eps0.3_it25,849,849,1.0,1.0,PGD,0.3,25,DoS GoldenEye - Attempted,,123
RF,PGD_eps0.3_it25,5951,5951,1.0,1.0,PGD,0.3,25,DoS Hulk,,123
RF,PGD_eps0.3_it25,19,19,0.5789473684210527,0.5789473684210527,PGD,0.3,25,DoS Hulk - Attempted,,123
RF,PGD_eps0.3_it25,1713,1713,0.9702276707530648,0.9702276707530648,PGD,0.3,25,DoS Slowloris,,123
RF,PGD_eps0.3_it25,437,437,1.0,1.0,PGD,0.3,25,DoS Slowloris - Attempted,,123
RF,PGD_eps0.3_it25,5957,5957,1.0,1.0,PGD,0.3,25,FTP-BruteForce - Attempted,,123
RF,PGD_eps0.3_it25,47,47,0.0851063829787234,0.0851063829787234,PGD,0.3,25,Infiltration - Communication Victim Attacker,,123
RF,PGD_eps0.3_it25,14,5,1.0,1.0,PGD,0.3,25,Infiltration - Dropbox Download,,123
RF,PGD_eps0.3_it25,2,2,1.0,1.0,PGD,0.3,25,Infiltration - Dropbox Download - Attempted,,123
RF,PGD_eps0.3_it25,6072,6069,0.6117976602405668,0.6119894598155468,PGD,0.3,25,Infiltration - NMAP Portscan,,123
RF,PGD_eps0.3_it25,6059,6059,1.0,1.0,PGD,0.3,25,SSH-BruteForce,,123
RF,PGD_eps0.3_it25,27,26,0.0,0.037037037037037,PGD,0.3,25,Web Attack - Brute Force,,123
RF,PGD_eps0.3_it25,25,25,1.0,1.0,PGD,0.3,25,Web Attack - Brute Force - Attempted,,123
RF,PGD_eps0.3_it25,6,6,0.8333333333333334,0.8333333333333334,PGD,0.3,25,Web Attack - SQL,,123
RF,PGD_eps0.3_it25,3,3,0.6666666666666666,0.6666666666666666,PGD,0.3,25,Web Attack - SQL - Attempted,,123
RF,PGD_eps0.3_it25,19,19,0.0,0.0,PGD,0.3,25,Web Attack - XSS,,123
RF,PGD_eps0.3_it25,1,1,1.0,1.0,PGD,0.3,25,Web Attack - XSS - Attempted,,123
MLP,PGD_eps0.3_it25,60000,0,,,PGD,0.3,25,Benign,,123
MLP,PGD_eps0.3_it25,6052,6052,0.9945472571050892,0.9945472571050892,PGD,0.3,25,Botnet Ares,,123
MLP,PGD_eps0.3_it25,49,49,1.0,1.0,PGD,0.3,25,Botnet Ares - Attempted,,123
MLP,PGD_eps0.3_it25,5894,5893,1.0,0.999830335934849,PGD,0.3,25,DDoS-HOIC,,123
MLP,PGD_eps0.3_it25,5960,5960,1.0,1.0,PGD,0.3,25,DDoS-LOIC-HTTP,,123
MLP,PGD_eps0.3_it25,516,516,0.0387596899224806,0.0387596899224806,PGD,0.3,25,DDoS-LOIC-UDP,,123
MLP,PGD_eps0.3_it25,51,46,1.0,0.9019607843137256,PGD,0.3,25,DDoS-LOIC-UDP - Attempted,,123
MLP,PGD_eps0.3_it25,4580,4579,1.0,0.9997816593886464,PGD,0.3,25,DoS GoldenEye,,123
MLP,PGD_eps0.3_it25,849,849,1.0,1.0,PGD,0.3,25,DoS GoldenEye - Attempted,,123
MLP,PGD_eps0.3_it25,5951,5951,1.0,1.0,PGD,0.3,25,DoS Hulk,,123
MLP,PGD_eps0.3_it25,19,12,1.0,0.631578947368421,PGD,0.3,25,DoS Hulk - Attempted,,123
MLP,PGD_eps0.3_it25,1713,1712,1.0,0.9994162288382954,PGD,0.3,25,DoS Slowloris,,123
MLP,PGD_eps0.3_it25,437,436,1.0,0.9977116704805492,PGD,0.3,25,DoS Slowloris - Attempted,,123
MLP,PGD_eps0.3_it25,5957,5957,1.0,1.0,PGD,0.3,25,FTP-BruteForce - Attempted,,123
MLP,PGD_eps0.3_it25,47,47,0.0851063829787234,0.0851063829787234,PGD,0.3,25,Infiltration - Communication Victim Attacker,,123
MLP,PGD_eps0.3_it25,14,2,1.0,0.2857142857142857,PGD,0.3,25,Infiltration - Dropbox Download,,123
MLP,PGD_eps0.3_it25,2,0,,0.0,PGD,0.3,25,Infiltration - Dropbox Download - Attempted,,123
MLP,PGD_eps0.3_it25,6072,5986,0.922652856665553,0.9095849802371542,PGD,0.3,25,Infiltration - NMAP Portscan,,123
MLP,PGD_eps0.3_it25,6059,6059,1.0,1.0,PGD,0.3,25,SSH-BruteForce,,123
MLP,PGD_eps0.3_it25,27,26,0.0,0.0,PGD,0.3,25,Web Attack - Brute Force,,123
MLP,PGD_eps0.3_it25,25,25,1.0,1.0,PGD,0.3,25,Web Attack - Brute Force - Attempted,,123
MLP,PGD_eps0.3_it25,6,5,0.8,0.6666666666666666,PGD,0.3,25,Web Attack - SQL,,123
MLP,PGD_eps0.3_it25,3,1,0.0,0.0,PGD,0.3,25,Web Attack - SQL - Attempted,,123
MLP,PGD_eps0.3_it25,19,19,0.0,0.0,PGD,0.3,25,Web Attack - XSS,,123
MLP,PGD_eps0.3_it25,1,0,,0.0,PGD,0.3,25,Web Attack - XSS - Attempted,,123
LR,PGD_eps0.5_it10,60000,0,,,PGD,0.5,10,Benign,,123
LR,PGD_eps0.5_it10,6052,6045,0.9956989247311828,0.9957038995373432,PGD,0.5,10,Botnet Ares,,123
LR,PGD_eps0.5_it10,49,49,1.0,1.0,PGD,0.5,10,Botnet Ares - Attempted,,123
LR,PGD_eps0.5_it10,5894,5893,1.0,0.999830335934849,PGD,0.5,10,DDoS-HOIC,,123
LR,PGD_eps0.5_it10,5960,5960,1.0,1.0,PGD,0.5,10,DDoS-LOIC-HTTP,,123
LR,PGD_eps0.5_it10,516,508,0.0590551181102362,0.0736434108527131,PGD,0.5,10,DDoS-LOIC-UDP,,123
LR,PGD_eps0.5_it10,51,0,,1.0,PGD,0.5,10,DDoS-LOIC-UDP - Attempted,,123
LR,PGD_eps0.5_it10,4580,4453,0.9997754322928364,0.9997816593886464,PGD,0.5,10,DoS GoldenEye,,123
LR,PGD_eps0.5_it10,849,848,1.0,1.0,PGD,0.5,10,DoS GoldenEye - Attempted,,123
LR,PGD_eps0.5_it10,5951,5951,1.0,1.0,PGD,0.5,10,DoS Hulk,,123
LR,PGD_eps0.5_it10,19,19,0.631578947368421,0.631578947368421,PGD,0.5,10,DoS Hulk - Attempted,,123
LR,PGD_eps0.5_it10,1713,1633,0.9993876301285975,0.9994162288382954,PGD,0.5,10,DoS Slowloris,,123
LR,PGD_eps0.5_it10,437,424,0.9976415094339622,0.9977116704805492,PGD,0.5,10,DoS Slowloris - Attempted,,123
LR,PGD_eps0.5_it10,5957,5957,1.0,1.0,PGD,0.5,10,FTP-BruteForce - Attempted,,123
LR,PGD_eps0.5_it10,47,47,0.0851063829787234,0.0851063829787234,PGD,0.5,10,Infiltration - Communication Victim Attacker,,123
LR,PGD_eps0.5_it10,14,2,1.0,0.3571428571428571,PGD,0.5,10,Infiltration - Dropbox Download,,123
LR,PGD_eps0.5_it10,2,0,,0.5,PGD,0.5,10,Infiltration - Dropbox Download - Attempted,,123
LR,PGD_eps0.5_it10,6072,4496,0.8231761565836299,0.8593544137022397,PGD,0.5,10,Infiltration - NMAP Portscan,,123
LR,PGD_eps0.5_it10,6059,6059,1.0,1.0,PGD,0.5,10,SSH-BruteForce,,123
LR,PGD_eps0.5_it10,27,26,0.0,0.037037037037037,PGD,0.5,10,Web Attack - Brute Force,,123
LR,PGD_eps0.5_it10,25,10,1.0,1.0,PGD,0.5,10,Web Attack - Brute Force - Attempted,,123
LR,PGD_eps0.5_it10,6,2,0.5,0.6666666666666666,PGD,0.5,10,Web Attack - SQL,,123
LR,PGD_eps0.5_it10,3,1,0.0,0.0,PGD,0.5,10,Web Attack - SQL - Attempted,,123
LR,PGD_eps0.5_it10,19,0,,1.0,PGD,0.5,10,Web Attack - XSS,,123
LR,PGD_eps0.5_it10,1,0,,0.0,PGD,0.5,10,Web Attack - XSS - Attempted,,123
SVM,PGD_eps0.5_it10,60000,0,,,PGD,0.5,10,Benign,,123
SVM,PGD_eps0.5_it10,6052,6045,0.9956989247311828,0.9957038995373432,PGD,0.5,10,Botnet Ares,,123
SVM,PGD_eps0.5_it10,49,49,1.0,1.0,PGD,0.5,10,Botnet Ares - Attempted,,123
SVM,PGD_eps0.5_it10,5894,5893,1.0,0.999830335934849,PGD,0.5,10,DDoS-HOIC,,123
SVM,PGD_eps0.5_it10,5960,7,1.0,1.0,PGD,0.5,10,DDoS-LOIC-HTTP,,123
SVM,PGD_eps0.5_it10,516,509,0.0451866404715127,0.0581395348837209,PGD,0.5,10,DDoS-LOIC-UDP,,123
SVM,PGD_eps0.5_it10,51,0,,1.0,PGD,0.5,10,DDoS-LOIC-UDP - Attempted,,123
SVM,PGD_eps0.5_it10,4580,4545,0.9997799779977998,0.9997816593886464,PGD,0.5,10,DoS GoldenEye,,123
SVM,PGD_eps0.5_it10,849,848,1.0,1.0,PGD,0.5,10,DoS GoldenEye - Attempted,,123
SVM,PGD_eps0.5_it10,5951,5950,1.0,1.0,PGD,0.5,10,DoS Hulk,,123
SVM,PGD_eps0.5_it10,19,19,0.631578947368421,0.631578947368421,PGD,0.5,10,DoS Hulk - Attempted,,123
SVM,PGD_eps0.5_it10,1713,1629,0.9993861264579496,0.9994162288382954,PGD,0.5,10,DoS Slowloris,,123
SVM,PGD_eps0.5_it10,437,424,0.9976415094339622,0.9977116704805492,PGD,0.5,10,DoS Slowloris - Attempted,,123
SVM,PGD_eps0.5_it10,5957,5957,0.7821050864529125,0.7821050864529125,PGD,0.5,10,FTP-BruteForce - Attempted,,123
SVM,PGD_eps0.5_it10,47,47,0.0851063829787234,0.0851063829787234,PGD,0.5,10,Infiltration - Communication Victim Attacker,,123
SVM,PGD_eps0.5_it10,14,1,0.0,0.1428571428571428,PGD,0.5,10,Infiltration - Dropbox Download,,123
SVM,PGD_eps0.5_it10,2,0,,0.0,PGD,0.5,10,Infiltration - Dropbox Download - Attempted,,123
SVM,PGD_eps0.5_it10,6072,4608,0.8643663194444444,0.8898221343873518,PGD,0.5,10,Infiltration - NMAP Portscan,,123
SVM,PGD_eps0.5_it10,6059,6059,1.0,1.0,PGD,0.5,10,SSH-BruteForce,,123
SVM,PGD_eps0.5_it10,27,0,,1.0,PGD,0.5,10,Web Attack - Brute Force,,123
SVM,PGD_eps0.5_it10,25,0,,1.0,PGD,0.5,10,Web Attack - Brute Force - Attempted,,123
SVM,PGD_eps0.5_it10,6,0,,0.8333333333333334,PGD,0.5,10,Web Attack - SQL,,123
SVM,PGD_eps0.5_it10,3,0,,0.3333333333333333,PGD,0.5,10,Web Attack - SQL - Attempted,,123
SVM,PGD_eps0.5_it10,19,0,,1.0,PGD,0.5,10,Web Attack - XSS,,123
SVM,PGD_eps0.5_it10,1,0,,0.0,PGD,0.5,10,Web Attack - XSS - Attempted,,123
RF,PGD_eps0.5_it10,60000,0,,,PGD,0.5,10,Benign,,123
RF,PGD_eps0.5_it10,6052,6052,0.9945472571050892,0.9945472571050892,PGD,0.5,10,Botnet Ares,,123
RF,PGD_eps0.5_it10,49,49,1.0,1.0,PGD,0.5,10,Botnet Ares - Attempted,,123
RF,PGD_eps0.5_it10,5894,5894,1.0,1.0,PGD,0.5,10,DDoS-HOIC,,123
RF,PGD_eps0.5_it10,5960,5960,1.0,1.0,PGD,0.5,10,DDoS-LOIC-HTTP,,123
RF,PGD_eps0.5_it10,516,516,0.5213178294573644,0.5213178294573644,PGD,0.5,10,DDoS-LOIC-UDP,,123
RF,PGD_eps0.5_it10,51,51,0.9019607843137256,0.9019607843137256,PGD,0.5,10,DDoS-LOIC-UDP - Attempted,,123
RF,PGD_eps0.5_it10,4580,4580,0.9995633187772924,0.9995633187772924,PGD,0.5,10,DoS GoldenEye,,123
RF,PGD_eps0.5_it10,849,849,1.0,1.0,PGD,0.5,10,DoS GoldenEye - Attempted,,123
RF,PGD_eps0.5_it10,5951,5951,1.0,1.0,PGD,0.5,10,DoS Hulk,,123
RF,PGD_eps0.5_it10,19,19,1.0,1.0,PGD,0.5,10,DoS Hulk - Attempted,,123
RF,PGD_eps0.5_it10,1713,1713,0.9223584354932868,0.9223584354932868,PGD,0.5,10,DoS Slowloris,,123
RF,PGD_eps0.5_it10,437,437,1.0,1.0,PGD,0.5,10,DoS Slowloris - Attempted,,123
RF,PGD_eps0.5_it10,5957,5957,1.0,1.0,PGD,0.5,10,FTP-BruteForce - Attempted,,123
RF,PGD_eps0.5_it10,47,47,0.0851063829787234,0.0851063829787234,PGD,0.5,10,Infiltration - Communication Victim Attacker,,123
RF,PGD_eps0.5_it10,14,5,1.0,1.0,PGD,0.5,10,Infiltration - Dropbox Download,,123
RF,PGD_eps0.5_it10,2,2,1.0,1.0,PGD,0.5,10,Infiltration - Dropbox Download - Attempted,,123
RF,PGD_eps0.5_it10,6072,6069,0.4967869500741473,0.4970355731225296,PGD,0.5,10,Infiltration - NMAP Portscan,,123
RF,PGD_eps0.5_it10,6059,6059,1.0,1.0,PGD,0.5,10,SSH-BruteForce,,123
RF,PGD_eps0.5_it10,27,26,0.0,0.037037037037037,PGD,0.5,10,Web Attack - Brute Force,,123
RF,PGD_eps0.5_it10,25,25,1.0,1.0,PGD,0.5,10,Web Attack - Brute Force - Attempted,,123
RF,PGD_eps0.5_it10,6,6,0.8333333333333334,0.8333333333333334,PGD,0.5,10,Web Attack - SQL,,123
RF,PGD_eps0.5_it10,3,3,0.0,0.0,PGD,0.5,10,Web Attack - SQL - Attempted,,123
RF,PGD_eps0.5_it10,19,19,0.0,0.0,PGD,0.5,10,Web Attack - XSS,,123
RF,PGD_eps0.5_it10,1,1,1.0,1.0,PGD,0.5,10,Web Attack - XSS - Attempted,,123
MLP,PGD_eps0.5_it10,60000,0,,,PGD,0.5,10,Benign,,123
MLP,PGD_eps0.5_it10,6052,6052,0.9945472571050892,0.9945472571050892,PGD,0.5,10,Botnet Ares,,123
MLP,PGD_eps0.5_it10,49,49,1.0,1.0,PGD,0.5,10,Botnet Ares - Attempted,,123
MLP,PGD_eps0.5_it10,5894,5893,1.0,0.999830335934849,PGD,0.5,10,DDoS-HOIC,,123
MLP,PGD_eps0.5_it10,5960,5960,1.0,1.0,PGD,0.5,10,DDoS-LOIC-HTTP,,123
MLP,PGD_eps0.5_it10,516,516,0.0620155038759689,0.0620155038759689,PGD,0.5,10,DDoS-LOIC-UDP,,123
MLP,PGD_eps0.5_it10,51,46,1.0,0.9019607843137256,PGD,0.5,10,DDoS-LOIC-UDP - Attempted,,123
MLP,PGD_eps0.5_it10,4580,4579,1.0,0.9997816593886464,PGD,0.5,10,DoS GoldenEye,,123
MLP,PGD_eps0.5_it10,849,849,1.0,1.0,PGD,0.5,10,DoS GoldenEye - Attempted,,123
MLP,PGD_eps0.5_it10,5951,5951,1.0,1.0,PGD,0.5,10,DoS Hulk,,123
MLP,PGD_eps0.5_it10,19,12,1.0,0.631578947368421,PGD,0.5,10,DoS Hulk - Attempted,,123
MLP,PGD_eps0.5_it10,1713,1712,1.0,0.9994162288382954,PGD,0.5,10,DoS Slowloris,,123
MLP,PGD_eps0.5_it10,437,436,1.0,0.9977116704805492,PGD,0.5,10,DoS Slowloris - Attempted,,123
MLP,PGD_eps0.5_it10,5957,5957,1.0,1.0,PGD,0.5,10,FTP-BruteForce - Attempted,,123
MLP,PGD_eps0.5_it10,47,47,0.0851063829787234,0.0851063829787234,PGD,0.5,10,Infiltration - Communication Victim Attacker,,123
MLP,PGD_eps0.5_it10,14,2,1.0,0.2857142857142857,PGD,0.5,10,Infiltration - Dropbox Download,,123
MLP,PGD_eps0.5_it10,2,0,,0.0,PGD,0.5,10,Infiltration - Dropbox Download - Attempted,,123
MLP,PGD_eps0.5_it10,6072,5986,0.9248245907116606,0.911725955204216,PGD,0.5,10,Infiltration - NMAP Portscan,,123
MLP,PGD_eps0.5_it10,6059,6059,1.0,1.0,PGD,0.5,10,SSH-BruteForce,,123
MLP,PGD_eps0.5_it10,27,26,0.0,0.0,PGD,0.5,10,Web Attack - Brute Force,,123
MLP,PGD_eps0.5_it10,25,25,1.0,1.0,PGD,0.5,10,Web Attack - Brute Force - Attempted,,123
MLP,PGD_eps0.5_it10,6,5,0.8,0.6666666666666666,PGD,0.5,10,Web Attack - SQL,,123
MLP,PGD_eps0.5_it10,3,1,0.0,0.0,PGD,0.5,10,Web Attack - SQL - Attempted,,123
MLP,PGD_eps0.5_it10,19,19,0.0,0.0,PGD,0.5,10,Web Attack - XSS,,123
MLP,PGD_eps0.5_it10,1,0,,0.0,PGD,0.5,10,Web Attack - XSS - Attempted,,123
LR,PGD_eps0.5_it25,60000,0,,,PGD,0.5,25,Benign,,123
LR,PGD_eps0.5_it25,6052,6045,0.9956989247311828,0.9957038995373432,PGD,0.5,25,Botnet Ares,,123
LR,PGD_eps0.5_it25,49,49,1.0,1.0,PGD,0.5,25,Botnet Ares - Attempted,,123
LR,PGD_eps0.5_it25,5894,5893,1.0,0.999830335934849,PGD,0.5,25,DDoS-HOIC,,123
LR,PGD_eps0.5_it25,5960,5960,1.0,1.0,PGD,0.5,25,DDoS-LOIC-HTTP,,123
LR,PGD_eps0.5_it25,516,508,0.0590551181102362,0.0736434108527131,PGD,0.5,25,DDoS-LOIC-UDP,,123
LR,PGD_eps0.5_it25,51,0,,1.0,PGD,0.5,25,DDoS-LOIC-UDP - Attempted,,123
LR,PGD_eps0.5_it25,4580,4453,0.9997754322928364,0.9997816593886464,PGD,0.5,25,DoS GoldenEye,,123
LR,PGD_eps0.5_it25,849,848,1.0,1.0,PGD,0.5,25,DoS GoldenEye - Attempted,,123
LR,PGD_eps0.5_it25,5951,5951,1.0,1.0,PGD,0.5,25,DoS Hulk,,123
LR,PGD_eps0.5_it25,19,19,0.631578947368421,0.631578947368421,PGD,0.5,25,DoS Hulk - Attempted,,123
LR,PGD_eps0.5_it25,1713,1633,0.9993876301285975,0.9994162288382954,PGD,0.5,25,DoS Slowloris,,123
LR,PGD_eps0.5_it25,437,424,0.9976415094339622,0.9977116704805492,PGD,0.5,25,DoS Slowloris - Attempted,,123
LR,PGD_eps0.5_it25,5957,5957,1.0,1.0,PGD,0.5,25,FTP-BruteForce - Attempted,,123
LR,PGD_eps0.5_it25,47,47,0.0851063829787234,0.0851063829787234,PGD,0.5,25,Infiltration - Communication Victim Attacker,,123
LR,PGD_eps0.5_it25,14,2,1.0,0.3571428571428571,PGD,0.5,25,Infiltration - Dropbox Download,,123
LR,PGD_eps0.5_it25,2,0,,0.5,PGD,0.5,25,Infiltration - Dropbox Download - Attempted,,123
LR,PGD_eps0.5_it25,6072,4496,0.8227313167259787,0.8580368906455863,PGD,0.5,25,Infiltration - NMAP Portscan,,123
LR,PGD_eps0.5_it25,6059,6059,1.0,1.0,PGD,0.5,25,SSH-BruteForce,,123
LR,PGD_eps0.5_it25,27,26,0.0,0.037037037037037,PGD,0.5,25,Web Attack - Brute Force,,123
LR,PGD_eps0.5_it25,25,10,1.0,1.0,PGD,0.5,25,Web Attack - Brute Force - Attempted,,123
LR,PGD_eps0.5_it25,6,2,0.5,0.6666666666666666,PGD,0.5,25,Web Attack - SQL,,123
LR,PGD_eps0.5_it25,3,1,0.0,0.0,PGD,0.5,25,Web Attack - SQL - Attempted,,123
LR,PGD_eps0.5_it25,19,0,,1.0,PGD,0.5,25,Web Attack - XSS,,123
LR,PGD_eps0.5_it25,1,0,,0.0,PGD,0.5,25,Web Attack - XSS - Attempted,,123
SVM,PGD_eps0.5_it25,60000,0,,,PGD,0.5,25,Benign,,123
SVM,PGD_eps0.5_it25,6052,6045,0.9956989247311828,0.9957038995373432,PGD,0.5,25,Botnet Ares,,123
SVM,PGD_eps0.5_it25,49,49,1.0,1.0,PGD,0.5,25,Botnet Ares - Attempted,,123
SVM,PGD_eps0.5_it25,5894,5893,1.0,0.999830335934849,PGD,0.5,25,DDoS-HOIC,,123
SVM,PGD_eps0.5_it25,5960,7,1.0,1.0,PGD,0.5,25,DDoS-LOIC-HTTP,,123
SVM,PGD_eps0.5_it25,516,509,0.0451866404715127,0.0581395348837209,PGD,0.5,25,DDoS-LOIC-UDP,,123
SVM,PGD_eps0.5_it25,51,0,,1.0,PGD,0.5,25,DDoS-LOIC-UDP - Attempted,,123
SVM,PGD_eps0.5_it25,4580,4545,0.9997799779977998,0.9997816593886464,PGD,0.5,25,DoS GoldenEye,,123
SVM,PGD_eps0.5_it25,849,848,1.0,1.0,PGD,0.5,25,DoS GoldenEye - Attempted,,123
SVM,PGD_eps0.5_it25,5951,5950,1.0,1.0,PGD,0.5,25,DoS Hulk,,123
SVM,PGD_eps0.5_it25,19,19,0.631578947368421,0.631578947368421,PGD,0.5,25,DoS Hulk - Attempted,,123
SVM,PGD_eps0.5_it25,1713,1629,0.9993861264579496,0.9994162288382954,PGD,0.5,25,DoS Slowloris,,123
SVM,PGD_eps0.5_it25,437,424,0.9976415094339622,0.9977116704805492,PGD,0.5,25,DoS Slowloris - Attempted,,123
SVM,PGD_eps0.5_it25,5957,5957,0.7821050864529125,0.7821050864529125,PGD,0.5,25,FTP-BruteForce - Attempted,,123
SVM,PGD_eps0.5_it25,47,47,0.0851063829787234,0.0851063829787234,PGD,0.5,25,Infiltration - Communication Victim Attacker,,123
SVM,PGD_eps0.5_it25,14,1,0.0,0.1428571428571428,PGD,0.5,25,Infiltration - Dropbox Download,,123
SVM,PGD_eps0.5_it25,2,0,,0.0,PGD,0.5,25,Infiltration - Dropbox Download - Attempted,,123
SVM,PGD_eps0.5_it25,6072,4608,0.8381076388888888,0.8698945981554678,PGD,0.5,25,Infiltration - NMAP Portscan,,123
SVM,PGD_eps0.5_it25,6059,6059,1.0,1.0,PGD,0.5,25,SSH-BruteForce,,123
SVM,PGD_eps0.5_it25,27,0,,1.0,PGD,0.5,25,Web Attack - Brute Force,,123
SVM,PGD_eps0.5_it25,25,0,,1.0,PGD,0.5,25,Web Attack - Brute Force - Attempted,,123
SVM,PGD_eps0.5_it25,6,0,,0.8333333333333334,PGD,0.5,25,Web Attack - SQL,,123
SVM,PGD_eps0.5_it25,3,0,,0.3333333333333333,PGD,0.5,25,Web Attack - SQL - Attempted,,123
SVM,PGD_eps0.5_it25,19,0,,1.0,PGD,0.5,25,Web Attack - XSS,,123
SVM,PGD_eps0.5_it25,1,0,,0.0,PGD,0.5,25,Web Attack - XSS - Attempted,,123
RF,PGD_eps0.5_it25,60000,0,,,PGD,0.5,25,Benign,,123
RF,PGD_eps0.5_it25,6052,6052,0.0251156642432253,0.0251156642432253,PGD,0.5,25,Botnet Ares,,123
RF,PGD_eps0.5_it25,49,49,0.9591836734693876,0.9591836734693876,PGD,0.5,25,Botnet Ares - Attempted,,123
RF,PGD_eps0.5_it25,5894,5894,1.0,1.0,PGD,0.5,25,DDoS-HOIC,,123
RF,PGD_eps0.5_it25,5960,5960,1.0,1.0,PGD,0.5,25,DDoS-LOIC-HTTP,,123
RF,PGD_eps0.5_it25,516,516,0.5213178294573644,0.5213178294573644,PGD,0.5,25,DDoS-LOIC-UDP,,123
RF,PGD_eps0.5_it25,51,51,0.9019607843137256,0.9019607843137256,PGD,0.5,25,DDoS-LOIC-UDP - Attempted,,123
RF,PGD_eps0.5_it25,4580,4580,0.9997816593886464,0.9997816593886464,PGD,0.5,25,DoS GoldenEye,,123
RF,PGD_eps0.5_it25,849,849,1.0,1.0,PGD,0.5,25,DoS GoldenEye - Attempted,,123
RF,PGD_eps0.5_it25,5951,5951,1.0,1.0,PGD,0.5,25,DoS Hulk,,123
RF,PGD_eps0.5_it25,19,19,1.0,1.0,PGD,0.5,25,DoS Hulk - Attempted,,123
RF,PGD_eps0.5_it25,1713,1713,0.9229422066549912,0.9229422066549912,PGD,0.5,25,DoS Slowloris,,123
RF,PGD_eps0.5_it25,437,437,1.0,1.0,PGD,0.5,25,DoS Slowloris - Attempted,,123
RF,PGD_eps0.5_it25,5957,5957,1.0,1.0,PGD,0.5,25,FTP-BruteForce - Attempted,,123
RF,PGD_eps0.5_it25,47,47,0.0851063829787234,0.0851063829787234,PGD,0.5,25,Infiltration - Communication Victim Attacker,,123
RF,PGD_eps0.5_it25,14,5,1.0,1.0,PGD,0.5,25,Infiltration - Dropbox Download,,123
RF,PGD_eps0.5_it25,2,2,1.0,1.0,PGD,0.5,25,Infiltration - Dropbox Download - Attempted,,123
RF,PGD_eps0.5_it25,6072,6069,0.6180589883012029,0.6182476943346509,PGD,0.5,25,Infiltration - NMAP Portscan,,123
RF,PGD_eps0.5_it25,6059,6059,1.0,1.0,PGD,0.5,25,SSH-BruteForce,,123
RF,PGD_eps0.5_it25,27,26,0.0,0.037037037037037,PGD,0.5,25,Web Attack - Brute Force,,123
RF,PGD_eps0.5_it25,25,25,1.0,1.0,PGD,0.5,25,Web Attack - Brute Force - Attempted,,123
RF,PGD_eps0.5_it25,6,6,0.8333333333333334,0.8333333333333334,PGD,0.5,25,Web Attack - SQL,,123
RF,PGD_eps0.5_it25,3,3,0.6666666666666666,0.6666666666666666,PGD,0.5,25,Web Attack - SQL - Attempted,,123
RF,PGD_eps0.5_it25,19,19,0.0,0.0,PGD,0.5,25,Web Attack - XSS,,123
RF,PGD_eps0.5_it25,1,1,1.0,1.0,PGD,0.5,25,Web Attack - XSS - Attempted,,123
MLP,PGD_eps0.5_it25,60000,0,,,PGD,0.5,25,Benign,,123
MLP,PGD_eps0.5_it25,6052,6052,0.9945472571050892,0.9945472571050892,PGD,0.5,25,Botnet Ares,,123
MLP,PGD_eps0.5_it25,49,49,1.0,1.0,PGD,0.5,25,Botnet Ares - Attempted,,123
MLP,PGD_eps0.5_it25,5894,5893,1.0,0.999830335934849,PGD,0.5,25,DDoS-HOIC,,123
MLP,PGD_eps0.5_it25,5960,5960,1.0,1.0,PGD,0.5,25,DDoS-LOIC-HTTP,,123
MLP,PGD_eps0.5_it25,516,516,0.0620155038759689,0.0620155038759689,PGD,0.5,25,DDoS-LOIC-UDP,,123
MLP,PGD_eps0.5_it25,51,46,1.0,0.9019607843137256,PGD,0.5,25,DDoS-LOIC-UDP - Attempted,,123
MLP,PGD_eps0.5_it25,4580,4579,1.0,0.9997816593886464,PGD,0.5,25,DoS GoldenEye,,123
MLP,PGD_eps0.5_it25,849,849,1.0,1.0,PGD,0.5,25,DoS GoldenEye - Attempted,,123
MLP,PGD_eps0.5_it25,5951,5951,1.0,1.0,PGD,0.5,25,DoS Hulk,,123
MLP,PGD_eps0.5_it25,19,12,1.0,0.631578947368421,PGD,0.5,25,DoS Hulk - Attempted,,123
MLP,PGD_eps0.5_it25,1713,1712,1.0,0.9994162288382954,PGD,0.5,25,DoS Slowloris,,123
MLP,PGD_eps0.5_it25,437,436,1.0,0.9977116704805492,PGD,0.5,25,DoS Slowloris - Attempted,,123
MLP,PGD_eps0.5_it25,5957,5957,1.0,1.0,PGD,0.5,25,FTP-BruteForce - Attempted,,123
MLP,PGD_eps0.5_it25,47,47,0.0851063829787234,0.0851063829787234,PGD,0.5,25,Infiltration - Communication Victim Attacker,,123
MLP,PGD_eps0.5_it25,14,2,1.0,0.2857142857142857,PGD,0.5,25,Infiltration - Dropbox Download,,123
MLP,PGD_eps0.5_it25,2,0,,0.0,PGD,0.5,25,Infiltration - Dropbox Download - Attempted,,123
MLP,PGD_eps0.5_it25,6072,5986,0.9248245907116606,0.911725955204216,PGD,0.5,25,Infiltration - NMAP Portscan,,123
MLP,PGD_eps0.5_it25,6059,6059,1.0,1.0,PGD,0.5,25,SSH-BruteForce,,123
MLP,PGD_eps0.5_it25,27,26,0.0,0.0,PGD,0.5,25,Web Attack - Brute Force,,123
MLP,PGD_eps0.5_it25,25,25,1.0,1.0,PGD,0.5,25,Web Attack - Brute Force - Attempted,,123
MLP,PGD_eps0.5_it25,6,5,0.8,0.6666666666666666,PGD,0.5,25,Web Attack - SQL,,123
MLP,PGD_eps0.5_it25,3,1,0.0,0.0,PGD,0.5,25,Web Attack - SQL - Attempted,,123
MLP,PGD_eps0.5_it25,19,19,0.0,0.0,PGD,0.5,25,Web Attack - XSS,,123
MLP,PGD_eps0.5_it25,1,0,,0.0,PGD,0.5,25,Web Attack - XSS - Attempted,,123
LR,PGD_eps0.75_it10,60000,0,,,PGD,0.75,10,Benign,,123
LR,PGD_eps0.75_it10,6052,6045,0.9956989247311828,0.9957038995373432,PGD,0.75,10,Botnet Ares,,123
LR,PGD_eps0.75_it10,49,49,1.0,1.0,PGD,0.75,10,Botnet Ares - Attempted,,123
LR,PGD_eps0.75_it10,5894,5893,1.0,0.999830335934849,PGD,0.75,10,DDoS-HOIC,,123
LR,PGD_eps0.75_it10,5960,5960,1.0,1.0,PGD,0.75,10,DDoS-LOIC-HTTP,,123
LR,PGD_eps0.75_it10,516,508,0.0610236220472441,0.0755813953488372,PGD,0.75,10,DDoS-LOIC-UDP,,123
LR,PGD_eps0.75_it10,51,0,,1.0,PGD,0.75,10,DDoS-LOIC-UDP - Attempted,,123
LR,PGD_eps0.75_it10,4580,4453,0.9997754322928364,0.9997816593886464,PGD,0.75,10,DoS GoldenEye,,123
LR,PGD_eps0.75_it10,849,848,1.0,1.0,PGD,0.75,10,DoS GoldenEye - Attempted,,123
LR,PGD_eps0.75_it10,5951,5951,1.0,1.0,PGD,0.75,10,DoS Hulk,,123
LR,PGD_eps0.75_it10,19,19,0.631578947368421,0.631578947368421,PGD,0.75,10,DoS Hulk - Attempted,,123
LR,PGD_eps0.75_it10,1713,1633,0.9993876301285975,0.9994162288382954,PGD,0.75,10,DoS Slowloris,,123
LR,PGD_eps0.75_it10,437,424,0.9976415094339622,0.9977116704805492,PGD,0.75,10,DoS Slowloris - Attempted,,123
LR,PGD_eps0.75_it10,5957,5957,1.0,1.0,PGD,0.75,10,FTP-BruteForce - Attempted,,123
LR,PGD_eps0.75_it10,47,47,0.0851063829787234,0.0851063829787234,PGD,0.75,10,Infiltration - Communication Victim Attacker,,123
LR,PGD_eps0.75_it10,14,2,1.0,0.3571428571428571,PGD,0.75,10,Infiltration - Dropbox Download,,123
LR,PGD_eps0.75_it10,2,0,,0.5,PGD,0.75,10,Infiltration - Dropbox Download - Attempted,,123
LR,PGD_eps0.75_it10,6072,4496,0.826067615658363,0.8614953886693018,PGD,0.75,10,Infiltration - NMAP Portscan,,123
LR,PGD_eps0.75_it10,6059,6059,1.0,1.0,PGD,0.75,10,SSH-BruteForce,,123
LR,PGD_eps0.75_it10,27,26,0.0,0.037037037037037,PGD,0.75,10,Web Attack - Brute Force,,123
LR,PGD_eps0.75_it10,25,10,1.0,1.0,PGD,0.75,10,Web Attack - Brute Force - Attempted,,123
LR,PGD_eps0.75_it10,6,2,0.5,0.6666666666666666,PGD,0.75,10,Web Attack - SQL,,123
LR,PGD_eps0.75_it10,3,1,0.0,0.0,PGD,0.75,10,Web Attack - SQL - Attempted,,123
LR,PGD_eps0.75_it10,19,0,,1.0,PGD,0.75,10,Web Attack - XSS,,123
LR,PGD_eps0.75_it10,1,0,,0.0,PGD,0.75,10,Web Attack - XSS - Attempted,,123
SVM,PGD_eps0.75_it10,60000,0,,,PGD,0.75,10,Benign,,123
SVM,PGD_eps0.75_it10,6052,6045,0.9958643507030605,0.995869134170522,PGD,0.75,10,Botnet Ares,,123
SVM,PGD_eps0.75_it10,49,49,1.0,1.0,PGD,0.75,10,Botnet Ares - Attempted,,123
SVM,PGD_eps0.75_it10,5894,5893,1.0,0.999830335934849,PGD,0.75,10,DDoS-HOIC,,123
SVM,PGD_eps0.75_it10,5960,7,1.0,1.0,PGD,0.75,10,DDoS-LOIC-HTTP,,123
SVM,PGD_eps0.75_it10,516,509,0.0491159135559921,0.0620155038759689,PGD,0.75,10,DDoS-LOIC-UDP,,123
SVM,PGD_eps0.75_it10,51,0,,1.0,PGD,0.75,10,DDoS-LOIC-UDP - Attempted,,123
SVM,PGD_eps0.75_it10,4580,4545,0.9997799779977998,0.9997816593886464,PGD,0.75,10,DoS GoldenEye,,123
SVM,PGD_eps0.75_it10,849,848,1.0,1.0,PGD,0.75,10,DoS GoldenEye - Attempted,,123
SVM,PGD_eps0.75_it10,5951,5950,1.0,1.0,PGD,0.75,10,DoS Hulk,,123
SVM,PGD_eps0.75_it10,19,19,0.631578947368421,0.631578947368421,PGD,0.75,10,DoS Hulk - Attempted,,123
SVM,PGD_eps0.75_it10,1713,1629,0.9993861264579496,0.9994162288382954,PGD,0.75,10,DoS Slowloris,,123
SVM,PGD_eps0.75_it10,437,424,0.9976415094339622,0.9977116704805492,PGD,0.75,10,DoS Slowloris - Attempted,,123
SVM,PGD_eps0.75_it10,5957,5957,1.0,1.0,PGD,0.75,10,FTP-BruteForce - Attempted,,123
SVM,PGD_eps0.75_it10,47,47,0.0851063829787234,0.0851063829787234,PGD,0.75,10,Infiltration - Communication Victim Attacker,,123
SVM,PGD_eps0.75_it10,14,1,0.0,0.1428571428571428,PGD,0.75,10,Infiltration - Dropbox Download,,123
SVM,PGD_eps0.75_it10,2,0,,0.0,PGD,0.75,10,Infiltration - Dropbox Download - Attempted,,123
SVM,PGD_eps0.75_it10,6072,4608,0.8823784722222222,0.9034914361001316,PGD,0.75,10,Infiltration - NMAP Portscan,,123
SVM,PGD_eps0.75_it10,6059,6059,1.0,1.0,PGD,0.75,10,SSH-BruteForce,,123
SVM,PGD_eps0.75_it10,27,0,,1.0,PGD,0.75,10,Web Attack - Brute Force,,123
SVM,PGD_eps0.75_it10,25,0,,1.0,PGD,0.75,10,Web Attack - Brute Force - Attempted,,123
SVM,PGD_eps0.75_it10,6,0,,0.8333333333333334,PGD,0.75,10,Web Attack - SQL,,123
SVM,PGD_eps0.75_it10,3,0,,0.3333333333333333,PGD,0.75,10,Web Attack - SQL - Attempted,,123
SVM,PGD_eps0.75_it10,19,0,,1.0,PGD,0.75,10,Web Attack - XSS,,123
SVM,PGD_eps0.75_it10,1,0,,0.0,PGD,0.75,10,Web Attack - XSS - Attempted,,123
RF,PGD_eps0.75_it10,60000,0,,,PGD,0.75,10,Benign,,123
RF,PGD_eps0.75_it10,6052,6052,0.9945472571050892,0.9945472571050892,PGD,0.75,10,Botnet Ares,,123
RF,PGD_eps0.75_it10,49,49,1.0,1.0,PGD,0.75,10,Botnet Ares - Attempted,,123
RF,PGD_eps0.75_it10,5894,5894,1.0,1.0,PGD,0.75,10,DDoS-HOIC,,123
RF,PGD_eps0.75_it10,5960,5960,1.0,1.0,PGD,0.75,10,DDoS-LOIC-HTTP,,123
RF,PGD_eps0.75_it10,516,516,0.5213178294573644,0.5213178294573644,PGD,0.75,10,DDoS-LOIC-UDP,,123
RF,PGD_eps0.75_it10,51,51,0.9019607843137256,0.9019607843137256,PGD,0.75,10,DDoS-LOIC-UDP - Attempted,,123
RF,PGD_eps0.75_it10,4580,4580,0.985589519650655,0.985589519650655,PGD,0.75,10,DoS GoldenEye,,123
RF,PGD_eps0.75_it10,849,849,1.0,1.0,PGD,0.75,10,DoS GoldenEye - Attempted,,123
RF,PGD_eps0.75_it10,5951,5951,1.0,1.0,PGD,0.75,10,DoS Hulk,,123
RF,PGD_eps0.75_it10,19,19,1.0,1.0,PGD,0.75,10,DoS Hulk - Attempted,,123
RF,PGD_eps0.75_it10,1713,1713,0.9223584354932868,0.9223584354932868,PGD,0.75,10,DoS Slowloris,,123
RF,PGD_eps0.75_it10,437,437,0.7208237986270023,0.7208237986270023,PGD,0.75,10,DoS Slowloris - Attempted,,123
RF,PGD_eps0.75_it10,5957,5957,0.991942252811818,0.991942252811818,PGD,0.75,10,FTP-BruteForce - Attempted,,123
RF,PGD_eps0.75_it10,47,47,0.0851063829787234,0.0851063829787234,PGD,0.75,10,Infiltration - Communication Victim Attacker,,123
RF,PGD_eps0.75_it10,14,5,1.0,1.0,PGD,0.75,10,Infiltration - Dropbox Download,,123
RF,PGD_eps0.75_it10,2,2,1.0,1.0,PGD,0.75,10,Infiltration - Dropbox Download - Attempted,,123
RF,PGD_eps0.75_it10,6072,6069,0.6088317680013182,0.6090250329380764,PGD,0.75,10,Infiltration - NMAP Portscan,,123
RF,PGD_eps0.75_it10,6059,6059,1.0,1.0,PGD,0.75,10,SSH-BruteForce,,123
RF,PGD_eps0.75_it10,27,26,0.0,0.037037037037037,PGD,0.75,10,Web Attack - Brute Force,,123
RF,PGD_eps0.75_it10,25,25,1.0,1.0,PGD,0.75,10,Web Attack - Brute Force - Attempted,,123
RF,PGD_eps0.75_it10,6,6,0.6666666666666666,0.6666666666666666,PGD,0.75,10,Web Attack - SQL,,123
RF,PGD_eps0.75_it10,3,3,0.0,0.0,PGD,0.75,10,Web Attack - SQL - Attempted,,123
RF,PGD_eps0.75_it10,19,19,0.0,0.0,PGD,0.75,10,Web Attack - XSS,,123
RF,PGD_eps0.75_it10,1,1,1.0,1.0,PGD,0.75,10,Web Attack - XSS - Attempted,,123
MLP,PGD_eps0.75_it10,60000,0,,,PGD,0.75,10,Benign,,123
MLP,PGD_eps0.75_it10,6052,6052,0.9945472571050892,0.9945472571050892,PGD,0.75,10,Botnet Ares,,123
MLP,PGD_eps0.75_it10,49,49,1.0,1.0,PGD,0.75,10,Botnet Ares - Attempted,,123
MLP,PGD_eps0.75_it10,5894,5893,1.0,0.999830335934849,PGD,0.75,10,DDoS-HOIC,,123
MLP,PGD_eps0.75_it10,5960,5960,1.0,1.0,PGD,0.75,10,DDoS-LOIC-HTTP,,123
MLP,PGD_eps0.75_it10,516,516,0.0620155038759689,0.0620155038759689,PGD,0.75,10,DDoS-LOIC-UDP,,123
MLP,PGD_eps0.75_it10,51,46,1.0,0.9019607843137256,PGD,0.75,10,DDoS-LOIC-UDP - Attempted,,123
MLP,PGD_eps0.75_it10,4580,4579,1.0,0.9997816593886464,PGD,0.75,10,DoS GoldenEye,,123
MLP,PGD_eps0.75_it10,849,849,1.0,1.0,PGD,0.75,10,DoS GoldenEye - Attempted,,123
MLP,PGD_eps0.75_it10,5951,5951,1.0,1.0,PGD,0.75,10,DoS Hulk,,123
MLP,PGD_eps0.75_it10,19,12,1.0,0.631578947368421,PGD,0.75,10,DoS Hulk - Attempted,,123
MLP,PGD_eps0.75_it10,1713,1712,1.0,0.9994162288382954,PGD,0.75,10,DoS Slowloris,,123
MLP,PGD_eps0.75_it10,437,436,1.0,0.9977116704805492,PGD,0.75,10,DoS Slowloris - Attempted,,123
MLP,PGD_eps0.75_it10,5957,5957,1.0,1.0,PGD,0.75,10,FTP-BruteForce - Attempted,,123
MLP,PGD_eps0.75_it10,47,47,0.0851063829787234,0.0851063829787234,PGD,0.75,10,Infiltration - Communication Victim Attacker,,123
MLP,PGD_eps0.75_it10,14,2,1.0,0.2142857142857142,PGD,0.75,10,Infiltration - Dropbox Download,,123
MLP,PGD_eps0.75_it10,2,0,,0.0,PGD,0.75,10,Infiltration - Dropbox Download - Attempted,,123
MLP,PGD_eps0.75_it10,6072,5986,0.9248245907116606,0.911725955204216,PGD,0.75,10,Infiltration - NMAP Portscan,,123
MLP,PGD_eps0.75_it10,6059,6059,1.0,1.0,PGD,0.75,10,SSH-BruteForce,,123
MLP,PGD_eps0.75_it10,27,26,0.0,0.0,PGD,0.75,10,Web Attack - Brute Force,,123
MLP,PGD_eps0.75_it10,25,25,1.0,1.0,PGD,0.75,10,Web Attack - Brute Force - Attempted,,123
MLP,PGD_eps0.75_it10,6,5,0.8,0.6666666666666666,PGD,0.75,10,Web Attack - SQL,,123
MLP,PGD_eps0.75_it10,3,1,0.0,0.0,PGD,0.75,10,Web Attack - SQL - Attempted,,123
MLP,PGD_eps0.75_it10,19,19,0.0,0.0,PGD,0.75,10,Web Attack - XSS,,123
MLP,PGD_eps0.75_it10,1,0,,0.0,PGD,0.75,10,Web Attack - XSS - Attempted,,123
LR,PGD_eps0.75_it25,60000,0,,,PGD,0.75,25,Benign,,123
LR,PGD_eps0.75_it25,6052,6045,0.9956989247311828,0.9957038995373432,PGD,0.75,25,Botnet Ares,,123
LR,PGD_eps0.75_it25,49,49,1.0,1.0,PGD,0.75,25,Botnet Ares - Attempted,,123
LR,PGD_eps0.75_it25,5894,5893,1.0,0.999830335934849,PGD,0.75,25,DDoS-HOIC,,123
LR,PGD_eps0.75_it25,5960,5960,1.0,1.0,PGD,0.75,25,DDoS-LOIC-HTTP,,123
LR,PGD_eps0.75_it25,516,508,0.0610236220472441,0.0755813953488372,PGD,0.75,25,DDoS-LOIC-UDP,,123
LR,PGD_eps0.75_it25,51,0,,1.0,PGD,0.75,25,DDoS-LOIC-UDP - Attempted,,123
LR,PGD_eps0.75_it25,4580,4453,0.9997754322928364,0.9997816593886464,PGD,0.75,25,DoS GoldenEye,,123
LR,PGD_eps0.75_it25,849,848,1.0,1.0,PGD,0.75,25,DoS GoldenEye - Attempted,,123
LR,PGD_eps0.75_it25,5951,5951,1.0,1.0,PGD,0.75,25,DoS Hulk,,123
LR,PGD_eps0.75_it25,19,19,0.631578947368421,0.631578947368421,PGD,0.75,25,DoS Hulk - Attempted,,123
LR,PGD_eps0.75_it25,1713,1633,0.9993876301285975,0.9994162288382954,PGD,0.75,25,DoS Slowloris,,123
LR,PGD_eps0.75_it25,437,424,0.9976415094339622,0.9977116704805492,PGD,0.75,25,DoS Slowloris - Attempted,,123
LR,PGD_eps0.75_it25,5957,5957,1.0,1.0,PGD,0.75,25,FTP-BruteForce - Attempted,,123
LR,PGD_eps0.75_it25,47,47,0.0851063829787234,0.0851063829787234,PGD,0.75,25,Infiltration - Communication Victim Attacker,,123
LR,PGD_eps0.75_it25,14,2,1.0,0.3571428571428571,PGD,0.75,25,Infiltration - Dropbox Download,,123
LR,PGD_eps0.75_it25,2,0,,0.5,PGD,0.75,25,Infiltration - Dropbox Download - Attempted,,123
LR,PGD_eps0.75_it25,6072,4496,0.8209519572953736,0.857707509881423,PGD,0.75,25,Infiltration - NMAP Portscan,,123
LR,PGD_eps0.75_it25,6059,6059,1.0,1.0,PGD,0.75,25,SSH-BruteForce,,123
LR,PGD_eps0.75_it25,27,26,0.0,0.037037037037037,PGD,0.75,25,Web Attack - Brute Force,,123
LR,PGD_eps0.75_it25,25,10,1.0,1.0,PGD,0.75,25,Web Attack - Brute Force - Attempted,,123
LR,PGD_eps0.75_it25,6,2,0.5,0.6666666666666666,PGD,0.75,25,Web Attack - SQL,,123
LR,PGD_eps0.75_it25,3,1,0.0,0.0,PGD,0.75,25,Web Attack - SQL - Attempted,,123
LR,PGD_eps0.75_it25,19,0,,1.0,PGD,0.75,25,Web Attack - XSS,,123
LR,PGD_eps0.75_it25,1,0,,0.0,PGD,0.75,25,Web Attack - XSS - Attempted,,123
SVM,PGD_eps0.75_it25,60000,0,,,PGD,0.75,25,Benign,,123
SVM,PGD_eps0.75_it25,6052,6045,0.9958643507030605,0.995869134170522,PGD,0.75,25,Botnet Ares,,123
SVM,PGD_eps0.75_it25,49,49,1.0,1.0,PGD,0.75,25,Botnet Ares - Attempted,,123
SVM,PGD_eps0.75_it25,5894,5893,1.0,0.999830335934849,PGD,0.75,25,DDoS-HOIC,,123
SVM,PGD_eps0.75_it25,5960,7,1.0,1.0,PGD,0.75,25,DDoS-LOIC-HTTP,,123
SVM,PGD_eps0.75_it25,516,509,0.0491159135559921,0.0620155038759689,PGD,0.75,25,DDoS-LOIC-UDP,,123
SVM,PGD_eps0.75_it25,51,0,,1.0,PGD,0.75,25,DDoS-LOIC-UDP - Attempted,,123
SVM,PGD_eps0.75_it25,4580,4545,0.9997799779977998,0.9997816593886464,PGD,0.75,25,DoS GoldenEye,,123
SVM,PGD_eps0.75_it25,849,848,1.0,1.0,PGD,0.75,25,DoS GoldenEye - Attempted,,123
SVM,PGD_eps0.75_it25,5951,5950,1.0,1.0,PGD,0.75,25,DoS Hulk,,123
SVM,PGD_eps0.75_it25,19,19,0.631578947368421,0.631578947368421,PGD,0.75,25,DoS Hulk - Attempted,,123
SVM,PGD_eps0.75_it25,1713,1629,0.9993861264579496,0.9994162288382954,PGD,0.75,25,DoS Slowloris,,123
SVM,PGD_eps0.75_it25,437,424,0.9976415094339622,0.9977116704805492,PGD,0.75,25,DoS Slowloris - Attempted,,123
SVM,PGD_eps0.75_it25,5957,5957,1.0,1.0,PGD,0.75,25,FTP-BruteForce - Attempted,,123
SVM,PGD_eps0.75_it25,47,47,0.0851063829787234,0.0851063829787234,PGD,0.75,25,Infiltration - Communication Victim Attacker,,123
SVM,PGD_eps0.75_it25,14,1,0.0,0.1428571428571428,PGD,0.75,25,Infiltration - Dropbox Download,,123
SVM,PGD_eps0.75_it25,2,0,,0.0,PGD,0.75,25,Infiltration - Dropbox Download - Attempted,,123
SVM,PGD_eps0.75_it25,6072,4608,0.8628472222222222,0.88866930171278,PGD,0.75,25,Infiltration - NMAP Portscan,,123
SVM,PGD_eps0.75_it25,6059,6059,1.0,1.0,PGD,0.75,25,SSH-BruteForce,,123
SVM,PGD_eps0.75_it25,27,0,,1.0,PGD,0.75,25,Web Attack - Brute Force,,123
SVM,PGD_eps0.75_it25,25,0,,1.0,PGD,0.75,25,Web Attack - Brute Force - Attempted,,123
SVM,PGD_eps0.75_it25,6,0,,0.8333333333333334,PGD,0.75,25,Web Attack - SQL,,123
SVM,PGD_eps0.75_it25,3,0,,0.3333333333333333,PGD,0.75,25,Web Attack - SQL - Attempted,,123
SVM,PGD_eps0.75_it25,19,0,,1.0,PGD,0.75,25,Web Attack - XSS,,123
SVM,PGD_eps0.75_it25,1,0,,0.0,PGD,0.75,25,Web Attack - XSS - Attempted,,123
RF,PGD_eps0.75_it25,60000,0,,,PGD,0.75,25,Benign,,123
RF,PGD_eps0.75_it25,6052,6052,0.9945472571050892,0.9945472571050892,PGD,0.75,25,Botnet Ares,,123
RF,PGD_eps0.75_it25,49,49,0.9591836734693876,0.9591836734693876,PGD,0.75,25,Botnet Ares - Attempted,,123
RF,PGD_eps0.75_it25,5894,5894,1.0,1.0,PGD,0.75,25,DDoS-HOIC,,123
RF,PGD_eps0.75_it25,5960,5960,1.0,1.0,PGD,0.75,25,DDoS-LOIC-HTTP,,123
RF,PGD_eps0.75_it25,516,516,0.5213178294573644,0.5213178294573644,PGD,0.75,25,DDoS-LOIC-UDP,,123
RF,PGD_eps0.75_it25,51,51,0.9019607843137256,0.9019607843137256,PGD,0.75,25,DDoS-LOIC-UDP - Attempted,,123
RF,PGD_eps0.75_it25,4580,4580,0.9997816593886464,0.9997816593886464,PGD,0.75,25,DoS GoldenEye,,123
RF,PGD_eps0.75_it25,849,849,1.0,1.0,PGD,0.75,25,DoS GoldenEye - Attempted,,123
RF,PGD_eps0.75_it25,5951,5951,1.0,1.0,PGD,0.75,25,DoS Hulk,,123
RF,PGD_eps0.75_it25,19,19,1.0,1.0,PGD,0.75,25,DoS Hulk - Attempted,,123
RF,PGD_eps0.75_it25,1713,1713,0.9176882661996496,0.9176882661996496,PGD,0.75,25,DoS Slowloris,,123
RF,PGD_eps0.75_it25,437,437,1.0,1.0,PGD,0.75,25,DoS Slowloris - Attempted,,123
RF,PGD_eps0.75_it25,5957,5957,1.0,1.0,PGD,0.75,25,FTP-BruteForce - Attempted,,123
RF,PGD_eps0.75_it25,47,47,0.0851063829787234,0.0851063829787234,PGD,0.75,25,Infiltration - Communication Victim Attacker,,123
RF,PGD_eps0.75_it25,14,5,1.0,0.9285714285714286,PGD,0.75,25,Infiltration - Dropbox Download,,123
RF,PGD_eps0.75_it25,2,2,1.0,1.0,PGD,0.75,25,Infiltration - Dropbox Download - Attempted,,123
RF,PGD_eps0.75_it25,6072,6069,0.6134453781512605,0.6136363636363636,PGD,0.75,25,Infiltration - NMAP Portscan,,123
RF,PGD_eps0.75_it25,6059,6059,1.0,1.0,PGD,0.75,25,SSH-BruteForce,,123
RF,PGD_eps0.75_it25,27,26,0.0,0.037037037037037,PGD,0.75,25,Web Attack - Brute Force,,123
RF,PGD_eps0.75_it25,25,25,0.6,0.6,PGD,0.75,25,Web Attack - Brute Force - Attempted,,123
RF,PGD_eps0.75_it25,6,6,0.6666666666666666,0.6666666666666666,PGD,0.75,25,Web Attack - SQL,,123
RF,PGD_eps0.75_it25,3,3,0.6666666666666666,0.6666666666666666,PGD,0.75,25,Web Attack - SQL - Attempted,,123
RF,PGD_eps0.75_it25,19,19,0.0,0.0,PGD,0.75,25,Web Attack - XSS,,123
RF,PGD_eps0.75_it25,1,1,1.0,1.0,PGD,0.75,25,Web Attack - XSS - Attempted,,123
MLP,PGD_eps0.75_it25,60000,0,,,PGD,0.75,25,Benign,,123
MLP,PGD_eps0.75_it25,6052,6052,0.9945472571050892,0.9945472571050892,PGD,0.75,25,Botnet Ares,,123
MLP,PGD_eps0.75_it25,49,49,1.0,1.0,PGD,0.75,25,Botnet Ares - Attempted,,123
MLP,PGD_eps0.75_it25,5894,5893,1.0,0.999830335934849,PGD,0.75,25,DDoS-HOIC,,123
MLP,PGD_eps0.75_it25,5960,5960,1.0,1.0,PGD,0.75,25,DDoS-LOIC-HTTP,,123
MLP,PGD_eps0.75_it25,516,516,0.0620155038759689,0.0620155038759689,PGD,0.75,25,DDoS-LOIC-UDP,,123
MLP,PGD_eps0.75_it25,51,46,1.0,0.9019607843137256,PGD,0.75,25,DDoS-LOIC-UDP - Attempted,,123
MLP,PGD_eps0.75_it25,4580,4579,1.0,0.9997816593886464,PGD,0.75,25,DoS GoldenEye,,123
MLP,PGD_eps0.75_it25,849,849,1.0,1.0,PGD,0.75,25,DoS GoldenEye - Attempted,,123
MLP,PGD_eps0.75_it25,5951,5951,1.0,1.0,PGD,0.75,25,DoS Hulk,,123
MLP,PGD_eps0.75_it25,19,12,1.0,0.631578947368421,PGD,0.75,25,DoS Hulk - Attempted,,123
MLP,PGD_eps0.75_it25,1713,1712,1.0,0.9994162288382954,PGD,0.75,25,DoS Slowloris,,123
MLP,PGD_eps0.75_it25,437,436,1.0,0.9977116704805492,PGD,0.75,25,DoS Slowloris - Attempted,,123
MLP,PGD_eps0.75_it25,5957,5957,1.0,1.0,PGD,0.75,25,FTP-BruteForce - Attempted,,123
MLP,PGD_eps0.75_it25,47,47,0.0851063829787234,0.0851063829787234,PGD,0.75,25,Infiltration - Communication Victim Attacker,,123
MLP,PGD_eps0.75_it25,14,2,1.0,0.2142857142857142,PGD,0.75,25,Infiltration - Dropbox Download,,123
MLP,PGD_eps0.75_it25,2,0,,0.0,PGD,0.75,25,Infiltration - Dropbox Download - Attempted,,123
MLP,PGD_eps0.75_it25,6072,5986,0.9248245907116606,0.911725955204216,PGD,0.75,25,Infiltration - NMAP Portscan,,123
MLP,PGD_eps0.75_it25,6059,6059,1.0,1.0,PGD,0.75,25,SSH-BruteForce,,123
MLP,PGD_eps0.75_it25,27,26,0.0,0.0,PGD,0.75,25,Web Attack - Brute Force,,123
MLP,PGD_eps0.75_it25,25,25,1.0,1.0,PGD,0.75,25,Web Attack - Brute Force - Attempted,,123
MLP,PGD_eps0.75_it25,6,5,0.8,0.6666666666666666,PGD,0.75,25,Web Attack - SQL,,123
MLP,PGD_eps0.75_it25,3,1,0.0,0.0,PGD,0.75,25,Web Attack - SQL - Attempted,,123
MLP,PGD_eps0.75_it25,19,19,0.0,0.0,PGD,0.75,25,Web Attack - XSS,,123
MLP,PGD_eps0.75_it25,1,0,,0.0,PGD,0.75,25,Web Attack - XSS - Attempted,,123
LR,CW_c0.0_it10,60000,0,,,CW,,10,Benign,0.0,123
LR,CW_c0.0_it10,6052,6045,0.9956989247311828,0.9957038995373432,CW,,10,Botnet Ares,0.0,123
LR,CW_c0.0_it10,49,49,0.0408163265306122,0.0408163265306122,CW,,10,Botnet Ares - Attempted,0.0,123
LR,CW_c0.0_it10,5894,5893,0.006448328525369,0.006447234475738,CW,,10,DDoS-HOIC,0.0,123
LR,CW_c0.0_it10,5960,5960,1.0,1.0,CW,,10,DDoS-LOIC-HTTP,0.0,123
LR,CW_c0.0_it10,516,508,0.5295275590551181,0.5368217054263565,CW,,10,DDoS-LOIC-UDP,0.0,123
LR,CW_c0.0_it10,51,0,,1.0,CW,,10,DDoS-LOIC-UDP - Attempted,0.0,123
LR,CW_c0.0_it10,4580,4453,0.7729620480574894,0.7792576419213973,CW,,10,DoS GoldenEye,0.0,123
LR,CW_c0.0_it10,849,848,0.7134433962264151,0.7137809187279152,CW,,10,DoS GoldenEye - Attempted,0.0,123
LR,CW_c0.0_it10,5951,5951,0.0646950092421441,0.0646950092421441,CW,,10,DoS Hulk,0.0,123
LR,CW_c0.0_it10,19,19,0.0,0.0,CW,,10,DoS Hulk - Attempted,0.0,123
LR,CW_c0.0_it10,1713,1633,0.7936313533374157,0.8032691185055458,CW,,10,DoS Slowloris,0.0,123
LR,CW_c0.0_it10,437,424,0.0,0.0297482837528604,CW,,10,DoS Slowloris - Attempted,0.0,123
LR,CW_c0.0_it10,5957,5957,0.0,0.0,CW,,10,FTP-BruteForce - Attempted,0.0,123
LR,CW_c0.0_it10,47,47,0.0,0.0,CW,,10,Infiltration - Communication Victim Attacker,0.0,123
LR,CW_c0.0_it10,14,2,1.0,0.2142857142857142,CW,,10,Infiltration - Dropbox Download,0.0,123
LR,CW_c0.0_it10,2,0,,0.5,CW,,10,Infiltration - Dropbox Download - Attempted,0.0,123
LR,CW_c0.0_it10,6072,4496,0.5302491103202847,0.6482213438735178,CW,,10,Infiltration - NMAP Portscan,0.0,123
LR,CW_c0.0_it10,6059,6059,1.0,1.0,CW,,10,SSH-BruteForce,0.0,123
LR,CW_c0.0_it10,27,26,0.0,0.037037037037037,CW,,10,Web Attack - Brute Force,0.0,123
LR,CW_c0.0_it10,25,10,1.0,1.0,CW,,10,Web Attack - Brute Force - Attempted,0.0,123
LR,CW_c0.0_it10,6,2,0.5,0.8333333333333334,CW,,10,Web Attack - SQL,0.0,123
LR,CW_c0.0_it10,3,1,0.0,0.6666666666666666,CW,,10,Web Attack - SQL - Attempted,0.0,123
LR,CW_c0.0_it10,19,0,,1.0,CW,,10,Web Attack - XSS,0.0,123
LR,CW_c0.0_it10,1,0,,1.0,CW,,10,Web Attack - XSS - Attempted,0.0,123
SVM,CW_c0.0_it10,60000,0,,,CW,,10,Benign,0.0,123
SVM,CW_c0.0_it10,6052,6045,0.0,0.0011566424322538,CW,,10,Botnet Ares,0.0,123
SVM,CW_c0.0_it10,49,49,0.0,0.0,CW,,10,Botnet Ares - Attempted,0.0,123
SVM,CW_c0.0_it10,5894,5893,0.0,0.000169664065151,CW,,10,DDoS-HOIC,0.0,123
SVM,CW_c0.0_it10,5960,7,1.0,1.0,CW,,10,DDoS-LOIC-HTTP,0.0,123
SVM,CW_c0.0_it10,516,509,0.0491159135559921,0.0600775193798449,CW,,10,DDoS-LOIC-UDP,0.0,123
SVM,CW_c0.0_it10,51,0,,1.0,CW,,10,DDoS-LOIC-UDP - Attempted,0.0,123
SVM,CW_c0.0_it10,4580,4545,0.0138613861386138,0.0213973799126637,CW,,10,DoS GoldenEye,0.0,123
SVM,CW_c0.0_it10,849,848,0.0,0.0011778563015312,CW,,10,DoS GoldenEye - Attempted,0.0,123
SVM,CW_c0.0_it10,5951,5950,0.001344537815126,0.0015123508654007,CW,,10,DoS Hulk,0.0,123
SVM,CW_c0.0_it10,19,19,0.0,0.0,CW,,10,DoS Hulk - Attempted,0.0,123
SVM,CW_c0.0_it10,1713,1629,0.3032535297728668,0.3374197314652656,CW,,10,DoS Slowloris,0.0,123
SVM,CW_c0.0_it10,437,424,0.0,0.0297482837528604,CW,,10,DoS Slowloris - Attempted,0.0,123
SVM,CW_c0.0_it10,5957,5957,0.0,0.0,CW,,10,FTP-BruteForce - Attempted,0.0,123
SVM,CW_c0.0_it10,47,47,0.0851063829787234,0.0851063829787234,CW,,10,Infiltration - Communication Victim Attacker,0.0,123
SVM,CW_c0.0_it10,14,1,0.0,0.2857142857142857,CW,,10,Infiltration - Dropbox Download,0.0,123
SVM,CW_c0.0_it10,2,0,,0.5,CW,,10,Infiltration - Dropbox Download - Attempted,0.0,123
SVM,CW_c0.0_it10,6072,4608,0.1888020833333333,0.3843873517786561,CW,,10,Infiltration - NMAP Portscan,0.0,123
SVM,CW_c0.0_it10,6059,6059,0.0,0.0,CW,,10,SSH-BruteForce,0.0,123
SVM,CW_c0.0_it10,27,0,,1.0,CW,,10,Web Attack - Brute Force,0.0,123
SVM,CW_c0.0_it10,25,0,,1.0,CW,,10,Web Attack - Brute Force - Attempted,0.0,123
SVM,CW_c0.0_it10,6,0,,1.0,CW,,10,Web Attack - SQL,0.0,123
SVM,CW_c0.0_it10,3,0,,1.0,CW,,10,Web Attack - SQL - Attempted,0.0,123
SVM,CW_c0.0_it10,19,0,,1.0,CW,,10,Web Attack - XSS,0.0,123
SVM,CW_c0.0_it10,1,0,,1.0,CW,,10,Web Attack - XSS - Attempted,0.0,123
RF,CW_c0.0_it10,60000,0,,,CW,,10,Benign,0.0,123
RF,CW_c0.0_it10,6052,6052,0.9945472571050892,0.9945472571050892,CW,,10,Botnet Ares,0.0,123
RF,CW_c0.0_it10,49,49,0.7142857142857143,0.7142857142857143,CW,,10,Botnet Ares - Attempted,0.0,123
RF,CW_c0.0_it10,5894,5894,0.999830335934849,0.999830335934849,CW,,10,DDoS-HOIC,0.0,123
RF,CW_c0.0_it10,5960,5960,1.0,1.0,CW,,10,DDoS-LOIC-HTTP,0.0,123
RF,CW_c0.0_it10,516,516,0.5387596899224806,0.5387596899224806,CW,,10,DDoS-LOIC-UDP,0.0,123
RF,CW_c0.0_it10,51,51,1.0,1.0,CW,,10,DDoS-LOIC-UDP - Attempted,0.0,123
RF,CW_c0.0_it10,4580,4580,0.9478165938864628,0.9478165938864628,CW,,10,DoS GoldenEye,0.0,123
RF,CW_c0.0_it10,849,849,0.955241460541814,0.955241460541814,CW,,10,DoS GoldenEye - Attempted,0.0,123
RF,CW_c0.0_it10,5951,5951,0.9791631658544784,0.9791631658544784,CW,,10,DoS Hulk,0.0,123
RF,CW_c0.0_it10,19,19,0.3684210526315789,0.3684210526315789,CW,,10,DoS Hulk - Attempted,0.0,123
RF,CW_c0.0_it10,1713,1713,0.968476357267951,0.968476357267951,CW,,10,DoS Slowloris,0.0,123
RF,CW_c0.0_it10,437,437,0.0320366132723112,0.0320366132723112,CW,,10,DoS Slowloris - Attempted,0.0,123
RF,CW_c0.0_it10,5957,5957,0.5135135135135135,0.5135135135135135,CW,,10,FTP-BruteForce - Attempted,0.0,123
RF,CW_c0.0_it10,47,47,0.0851063829787234,0.0851063829787234,CW,,10,Infiltration - Communication Victim Attacker,0.0,123
RF,CW_c0.0_it10,14,5,1.0,1.0,CW,,10,Infiltration - Dropbox Download,0.0,123
RF,CW_c0.0_it10,2,2,1.0,1.0,CW,,10,Infiltration - Dropbox Download - Attempted,0.0,123
RF,CW_c0.0_it10,6072,6069,0.6523315208436316,0.6525032938076416,CW,,10,Infiltration - NMAP Portscan,0.0,123
RF,CW_c0.0_it10,6059,6059,1.0,1.0,CW,,10,SSH-BruteForce,0.0,123
RF,CW_c0.0_it10,27,26,0.0,0.037037037037037,CW,,10,Web Attack - Brute Force,0.0,123
RF,CW_c0.0_it10,25,25,1.0,1.0,CW,,10,Web Attack - Brute Force - Attempted,0.0,123
RF,CW_c0.0_it10,6,6,0.3333333333333333,0.3333333333333333,CW,,10,Web Attack - SQL,0.0,123
RF,CW_c0.0_it10,3,3,0.6666666666666666,0.6666666666666666,CW,,10,Web Attack - SQL - Attempted,0.0,123
RF,CW_c0.0_it10,19,19,0.0,0.0,CW,,10,Web Attack - XSS,0.0,123
RF,CW_c0.0_it10,1,1,1.0,1.0,CW,,10,Web Attack - XSS - Attempted,0.0,123
MLP,CW_c0.0_it10,60000,0,,,CW,,10,Benign,0.0,123
MLP,CW_c0.0_it10,6052,6052,0.9940515532055518,0.9940515532055518,CW,,10,Botnet Ares,0.0,123
MLP,CW_c0.0_it10,49,49,1.0,1.0,CW,,10,Botnet Ares - Attempted,0.0,123
MLP,CW_c0.0_it10,5894,5893,0.9998303071440692,0.999660671869698,CW,,10,DDoS-HOIC,0.0,123
MLP,CW_c0.0_it10,5960,5960,0.980536912751678,0.980536912751678,CW,,10,DDoS-LOIC-HTTP,0.0,123
MLP,CW_c0.0_it10,516,516,0.5426356589147286,0.5426356589147286,CW,,10,DDoS-LOIC-UDP,0.0,123
MLP,CW_c0.0_it10,51,46,1.0,0.9019607843137256,CW,,10,DDoS-LOIC-UDP - Attempted,0.0,123
MLP,CW_c0.0_it10,4580,4579,0.9892989735750164,0.9890829694323144,CW,,10,DoS GoldenEye,0.0,123
MLP,CW_c0.0_it10,849,849,0.9823321554770318,0.9823321554770318,CW,,10,DoS GoldenEye - Attempted,0.0,123
MLP,CW_c0.0_it10,5951,5951,0.963871618215426,0.963871618215426,CW,,10,DoS Hulk,0.0,123
MLP,CW_c0.0_it10,19,12,1.0,0.631578947368421,CW,,10,DoS Hulk - Attempted,0.0,123
MLP,CW_c0.0_it10,1713,1712,0.9982476635514018,0.9976649153531816,CW,,10,DoS Slowloris,0.0,123
MLP,CW_c0.0_it10,437,436,1.0,0.9977116704805492,CW,,10,DoS Slowloris - Attempted,0.0,123
MLP,CW_c0.0_it10,5957,5957,0.995971126405909,0.995971126405909,CW,,10,FTP-BruteForce - Attempted,0.0,123
MLP,CW_c0.0_it10,47,47,0.0851063829787234,0.0851063829787234,CW,,10,Infiltration - Communication Victim Attacker,0.0,123
MLP,CW_c0.0_it10,14,2,1.0,0.1428571428571428,CW,,10,Infiltration - Dropbox Download,0.0,123
MLP,CW_c0.0_it10,2,0,,0.0,CW,,10,Infiltration - Dropbox Download - Attempted,0.0,123
MLP,CW_c0.0_it10,6072,5986,0.9721015703307718,0.9583333333333334,CW,,10,Infiltration - NMAP Portscan,0.0,123
MLP,CW_c0.0_it10,6059,6059,0.9998349562634098,0.9998349562634098,CW,,10,SSH-BruteForce,0.0,123
MLP,CW_c0.0_it10,27,26,0.0,0.0,CW,,10,Web Attack - Brute Force,0.0,123
MLP,CW_c0.0_it10,25,25,1.0,1.0,CW,,10,Web Attack - Brute Force - Attempted,0.0,123
MLP,CW_c0.0_it10,6,5,0.8,0.6666666666666666,CW,,10,Web Attack - SQL,0.0,123
MLP,CW_c0.0_it10,3,1,0.0,0.0,CW,,10,Web Attack - SQL - Attempted,0.0,123
MLP,CW_c0.0_it10,19,19,0.0,0.0,CW,,10,Web Attack - XSS,0.0,123
MLP,CW_c0.0_it10,1,0,,0.0,CW,,10,Web Attack - XSS - Attempted,0.0,123
LR,CW_c0.5_it10,60000,0,,,CW,,10,Benign,0.5,123
LR,CW_c0.5_it10,6052,6045,0.9956989247311828,0.9957038995373432,CW,,10,Botnet Ares,0.5,123
LR,CW_c0.5_it10,49,49,0.0408163265306122,0.0408163265306122,CW,,10,Botnet Ares - Attempted,0.5,123
LR,CW_c0.5_it10,5894,5893,0.006448328525369,0.006447234475738,CW,,10,DDoS-HOIC,0.5,123
LR,CW_c0.5_it10,5960,5960,1.0,1.0,CW,,10,DDoS-LOIC-HTTP,0.5,123
LR,CW_c0.5_it10,516,508,0.5393700787401575,0.5465116279069767,CW,,10,DDoS-LOIC-UDP,0.5,123
LR,CW_c0.5_it10,51,0,,1.0,CW,,10,DDoS-LOIC-UDP - Attempted,0.5,123
LR,CW_c0.5_it10,4580,4453,0.8868178755894902,0.8899563318777293,CW,,10,DoS GoldenEye,0.5,123
LR,CW_c0.5_it10,849,848,0.8066037735849056,0.806831566548881,CW,,10,DoS GoldenEye - Attempted,0.5,123
LR,CW_c0.5_it10,5951,5951,0.074777348344816,0.074777348344816,CW,,10,DoS Hulk,0.5,123
LR,CW_c0.5_it10,19,19,0.0,0.0,CW,,10,DoS Hulk - Attempted,0.5,123
LR,CW_c0.5_it10,1713,1633,0.7948560930802204,0.804436660828955,CW,,10,DoS Slowloris,0.5,123
LR,CW_c0.5_it10,437,424,0.0,0.0297482837528604,CW,,10,DoS Slowloris - Attempted,0.5,123
LR,CW_c0.5_it10,5957,5957,0.0,0.0,CW,,10,FTP-BruteForce - Attempted,0.5,123
LR,CW_c0.5_it10,47,47,0.0,0.0,CW,,10,Infiltration - Communication Victim Attacker,0.5,123
LR,CW_c0.5_it10,14,2,1.0,0.2142857142857142,CW,,10,Infiltration - Dropbox Download,0.5,123
LR,CW_c0.5_it10,2,0,,0.5,CW,,10,Infiltration - Dropbox Download - Attempted,0.5,123
LR,CW_c0.5_it10,6072,4496,0.5413701067615658,0.6553030303030303,CW,,10,Infiltration - NMAP Portscan,0.5,123
LR,CW_c0.5_it10,6059,6059,1.0,1.0,CW,,10,SSH-BruteForce,0.5,123
LR,CW_c0.5_it10,27,26,0.0,0.037037037037037,CW,,10,Web Attack - Brute Force,0.5,123
LR,CW_c0.5_it10,25,10,1.0,1.0,CW,,10,Web Attack - Brute Force - Attempted,0.5,123
LR,CW_c0.5_it10,6,2,0.5,0.6666666666666666,CW,,10,Web Attack - SQL,0.5,123
LR,CW_c0.5_it10,3,1,0.0,0.6666666666666666,CW,,10,Web Attack - SQL - Attempted,0.5,123
LR,CW_c0.5_it10,19,0,,1.0,CW,,10,Web Attack - XSS,0.5,123
LR,CW_c0.5_it10,1,0,,1.0,CW,,10,Web Attack - XSS - Attempted,0.5,123
SVM,CW_c0.5_it10,60000,0,,,CW,,10,Benign,0.5,123
SVM,CW_c0.5_it10,6052,6045,0.0,0.0011566424322538,CW,,10,Botnet Ares,0.5,123
SVM,CW_c0.5_it10,49,49,0.0,0.0,CW,,10,Botnet Ares - Attempted,0.5,123
SVM,CW_c0.5_it10,5894,5893,0.0,0.000169664065151,CW,,10,DDoS-HOIC,0.5,123
SVM,CW_c0.5_it10,5960,7,1.0,1.0,CW,,10,DDoS-LOIC-HTTP,0.5,123
SVM,CW_c0.5_it10,516,509,0.0491159135559921,0.0600775193798449,CW,,10,DDoS-LOIC-UDP,0.5,123
SVM,CW_c0.5_it10,51,0,,1.0,CW,,10,DDoS-LOIC-UDP - Attempted,0.5,123
SVM,CW_c0.5_it10,4580,4545,0.0156215621562156,0.0231441048034934,CW,,10,DoS GoldenEye,0.5,123
SVM,CW_c0.5_it10,849,848,0.0,0.0011778563015312,CW,,10,DoS GoldenEye - Attempted,0.5,123
SVM,CW_c0.5_it10,5951,5950,0.001344537815126,0.0015123508654007,CW,,10,DoS Hulk,0.5,123
SVM,CW_c0.5_it10,19,19,0.0,0.0,CW,,10,DoS Hulk - Attempted,0.5,123
SVM,CW_c0.5_it10,1713,1629,0.3032535297728668,0.3374197314652656,CW,,10,DoS Slowloris,0.5,123
SVM,CW_c0.5_it10,437,424,0.0,0.0297482837528604,CW,,10,DoS Slowloris - Attempted,0.5,123
SVM,CW_c0.5_it10,5957,5957,0.0,0.0,CW,,10,FTP-BruteForce - Attempted,0.5,123
SVM,CW_c0.5_it10,47,47,0.0851063829787234,0.0851063829787234,CW,,10,Infiltration - Communication Victim Attacker,0.5,123
SVM,CW_c0.5_it10,14,1,0.0,0.2857142857142857,CW,,10,Infiltration - Dropbox Download,0.5,123
SVM,CW_c0.5_it10,2,0,,0.5,CW,,10,Infiltration - Dropbox Download - Attempted,0.5,123
SVM,CW_c0.5_it10,6072,4608,0.2005208333333333,0.3932806324110672,CW,,10,Infiltration - NMAP Portscan,0.5,123
SVM,CW_c0.5_it10,6059,6059,0.0,0.0,CW,,10,SSH-BruteForce,0.5,123
SVM,CW_c0.5_it10,27,0,,1.0,CW,,10,Web Attack - Brute Force,0.5,123
SVM,CW_c0.5_it10,25,0,,1.0,CW,,10,Web Attack - Brute Force - Attempted,0.5,123
SVM,CW_c0.5_it10,6,0,,1.0,CW,,10,Web Attack - SQL,0.5,123
SVM,CW_c0.5_it10,3,0,,1.0,CW,,10,Web Attack - SQL - Attempted,0.5,123
SVM,CW_c0.5_it10,19,0,,1.0,CW,,10,Web Attack - XSS,0.5,123
SVM,CW_c0.5_it10,1,0,,1.0,CW,,10,Web Attack - XSS - Attempted,0.5,123
RF,CW_c0.5_it10,60000,0,,,CW,,10,Benign,0.5,123
RF,CW_c0.5_it10,6052,6052,0.9945472571050892,0.9945472571050892,CW,,10,Botnet Ares,0.5,123
RF,CW_c0.5_it10,49,49,0.7142857142857143,0.7142857142857143,CW,,10,Botnet Ares - Attempted,0.5,123
RF,CW_c0.5_it10,5894,5894,0.999830335934849,0.999830335934849,CW,,10,DDoS-HOIC,0.5,123
RF,CW_c0.5_it10,5960,5960,1.0,1.0,CW,,10,DDoS-LOIC-HTTP,0.5,123
RF,CW_c0.5_it10,516,516,0.5484496124031008,0.5484496124031008,CW,,10,DDoS-LOIC-UDP,0.5,123
RF,CW_c0.5_it10,51,51,1.0,1.0,CW,,10,DDoS-LOIC-UDP - Attempted,0.5,123
RF,CW_c0.5_it10,4580,4580,0.998471615720524,0.998471615720524,CW,,10,DoS GoldenEye,0.5,123
RF,CW_c0.5_it10,849,849,0.9422850412249706,0.9422850412249706,CW,,10,DoS GoldenEye - Attempted,0.5,123
RF,CW_c0.5_it10,5951,5951,0.9700890606620736,0.9700890606620736,CW,,10,DoS Hulk,0.5,123
RF,CW_c0.5_it10,19,19,0.3684210526315789,0.3684210526315789,CW,,10,DoS Hulk - Attempted,0.5,123
RF,CW_c0.5_it10,1713,1713,0.971395213076474,0.971395213076474,CW,,10,DoS Slowloris,0.5,123
RF,CW_c0.5_it10,437,437,0.0320366132723112,0.0320366132723112,CW,,10,DoS Slowloris - Attempted,0.5,123
RF,CW_c0.5_it10,5957,5957,0.5057915057915058,0.5057915057915058,CW,,10,FTP-BruteForce - Attempted,0.5,123
RF,CW_c0.5_it10,47,47,0.0851063829787234,0.0851063829787234,CW,,10,Infiltration - Communication Victim Attacker,0.5,123
RF,CW_c0.5_it10,14,5,1.0,1.0,CW,,10,Infiltration - Dropbox Download,0.5,123
RF,CW_c0.5_it10,2,2,1.0,1.0,CW,,10,Infiltration - Dropbox Download - Attempted,0.5,123
RF,CW_c0.5_it10,6072,6069,0.6658428077113199,0.66600790513834,CW,,10,Infiltration - NMAP Portscan,0.5,123
RF,CW_c0.5_it10,6059,6059,1.0,1.0,CW,,10,SSH-BruteForce,0.5,123
RF,CW_c0.5_it10,27,26,0.0,0.037037037037037,CW,,10,Web Attack - Brute Force,0.5,123
RF,CW_c0.5_it10,25,25,1.0,1.0,CW,,10,Web Attack - Brute Force - Attempted,0.5,123
RF,CW_c0.5_it10,6,6,0.5,0.5,CW,,10,Web Attack - SQL,0.5,123
RF,CW_c0.5_it10,3,3,0.6666666666666666,0.6666666666666666,CW,,10,Web Attack - SQL - Attempted,0.5,123
RF,CW_c0.5_it10,19,19,0.0,0.0,CW,,10,Web Attack - XSS,0.5,123
RF,CW_c0.5_it10,1,1,1.0,1.0,CW,,10,Web Attack - XSS - Attempted,0.5,123
MLP,CW_c0.5_it10,60000,0,,,CW,,10,Benign,0.5,123
MLP,CW_c0.5_it10,6052,6052,0.9945472571050892,0.9945472571050892,CW,,10,Botnet Ares,0.5,123
MLP,CW_c0.5_it10,49,49,1.0,1.0,CW,,10,Botnet Ares - Attempted,0.5,123
MLP,CW_c0.5_it10,5894,5893,1.0,0.999830335934849,CW,,10,DDoS-HOIC,0.5,123
MLP,CW_c0.5_it10,5960,5960,1.0,1.0,CW,,10,DDoS-LOIC-HTTP,0.5,123
MLP,CW_c0.5_it10,516,516,0.5523255813953488,0.5523255813953488,CW,,10,DDoS-LOIC-UDP,0.5,123
MLP,CW_c0.5_it10,51,46,1.0,0.9019607843137256,CW,,10,DDoS-LOIC-UDP - Attempted,0.5,123
MLP,CW_c0.5_it10,4580,4579,1.0,0.9997816593886464,CW,,10,DoS GoldenEye,0.5,123
MLP,CW_c0.5_it10,849,849,1.0,1.0,CW,,10,DoS GoldenEye - Attempted,0.5,123
MLP,CW_c0.5_it10,5951,5951,0.999663922029911,0.999663922029911,CW,,10,DoS Hulk,0.5,123
MLP,CW_c0.5_it10,19,12,1.0,0.631578947368421,CW,,10,DoS Hulk - Attempted,0.5,123
MLP,CW_c0.5_it10,1713,1712,1.0,0.9994162288382954,CW,,10,DoS Slowloris,0.5,123
MLP,CW_c0.5_it10,437,436,1.0,0.9977116704805492,CW,,10,DoS Slowloris - Attempted,0.5,123
MLP,CW_c0.5_it10,5957,5957,1.0,1.0,CW,,10,FTP-BruteForce - Attempted,0.5,123
MLP,CW_c0.5_it10,47,47,0.0851063829787234,0.0851063829787234,CW,,10,Infiltration - Communication Victim Attacker,0.5,123
MLP,CW_c0.5_it10,14,2,1.0,0.1428571428571428,CW,,10,Infiltration - Dropbox Download,0.5,123
MLP,CW_c0.5_it10,2,0,,0.0,CW,,10,Infiltration - Dropbox Download - Attempted,0.5,123
MLP,CW_c0.5_it10,6072,5986,0.9759438690277312,0.9621212121212122,CW,,10,Infiltration - NMAP Portscan,0.5,123
MLP,CW_c0.5_it10,6059,6059,1.0,1.0,CW,,10,SSH-BruteForce,0.5,123
MLP,CW_c0.5_it10,27,26,0.0,0.0,CW,,10,Web Attack - Brute Force,0.5,123
MLP,CW_c0.5_it10,25,25,1.0,1.0,CW,,10,Web Attack - Brute Force - Attempted,0.5,123
MLP,CW_c0.5_it10,6,5,0.8,0.6666666666666666,CW,,10,Web Attack - SQL,0.5,123
MLP,CW_c0.5_it10,3,1,0.0,0.0,CW,,10,Web Attack - SQL - Attempted,0.5,123
MLP,CW_c0.5_it10,19,19,0.0,0.0,CW,,10,Web Attack - XSS,0.5,123
MLP,CW_c0.5_it10,1,0,,0.0,CW,,10,Web Attack - XSS - Attempted,0.5,123
LR,FGSM_eps0.15,60000,0,,,FGSM,0.15,1,Benign,,31
LR,FGSM_eps0.15,5986,5986,0.999164717674574,0.999164717674574,FGSM,0.15,1,Botnet Ares,,31
LR,FGSM_eps0.15,52,52,0.0,0.0,FGSM,0.15,1,Botnet Ares - Attempted,,31
LR,FGSM_eps0.15,5940,5940,1.0,1.0,FGSM,0.15,1,DDoS-HOIC,,31
LR,FGSM_eps0.15,5944,5944,0.9998317631224763,0.9998317631224763,FGSM,0.15,1,DDoS-LOIC-HTTP,,31
LR,FGSM_eps0.15,485,482,0.0165975103734439,0.022680412371134,FGSM,0.15,1,DDoS-LOIC-UDP,,31
LR,FGSM_eps0.15,67,0,,0.7910447761194029,FGSM,0.15,1,DDoS-LOIC-UDP - Attempted,,31
LR,FGSM_eps0.15,4542,4542,0.9991193306913254,0.9991193306913254,FGSM,0.15,1,DoS GoldenEye,,31
LR,FGSM_eps0.15,851,851,1.0,1.0,FGSM,0.15,1,DoS GoldenEye - Attempted,,31
LR,FGSM_eps0.15,6058,6052,1.0,1.0,FGSM,0.15,1,DoS Hulk,,31
LR,FGSM_eps0.15,20,20,1.0,1.0,FGSM,0.15,1,DoS Hulk - Attempted,,31
LR,FGSM_eps0.15,1707,1656,1.0,1.0,FGSM,0.15,1,DoS Slowloris,,31
LR,FGSM_eps0.15,475,475,1.0,1.0,FGSM,0.15,1,DoS Slowloris - Attempted,,31
LR,FGSM_eps0.15,5992,5992,1.0,1.0,FGSM,0.15,1,FTP-BruteForce - Attempted,,31
LR,FGSM_eps0.15,41,40,0.675,0.6829268292682927,FGSM,0.15,1,Infiltration - Communication Victim Attacker,,31
LR,FGSM_eps0.15,19,9,0.4444444444444444,0.3157894736842105,FGSM,0.15,1,Infiltration - Dropbox Download,,31
LR,FGSM_eps0.15,7,0,,0.1428571428571428,FGSM,0.15,1,Infiltration - Dropbox Download - Attempted,,31
LR,FGSM_eps0.15,6048,4996,0.8474779823859088,0.871031746031746,FGSM,0.15,1,Infiltration - NMAP Portscan,,31
LR,FGSM_eps0.15,5985,5985,1.0,1.0,FGSM,0.15,1,SSH-BruteForce,,31
LR,FGSM_eps0.15,24,24,0.0,0.0,FGSM,0.15,1,Web Attack - Brute Force,,31
LR,FGSM_eps0.15,30,0,,0.9666666666666668,FGSM,0.15,1,Web Attack - Brute Force - Attempted,,31
LR,FGSM_eps0.15,8,3,1.0,0.5,FGSM,0.15,1,Web Attack - SQL,,31
LR,FGSM_eps0.15,3,0,,0.3333333333333333,FGSM,0.15,1,Web Attack - SQL - Attempted,,31
LR,FGSM_eps0.15,18,0,,1.0,FGSM,0.15,1,Web Attack - XSS,,31
LR,FGSM_eps0.15,1,0,,0.0,FGSM,0.15,1,Web Attack - XSS - Attempted,,31
SVM,FGSM_eps0.15,60000,0,,,FGSM,0.15,1,Benign,,31
SVM,FGSM_eps0.15,5986,5983,1.0,1.0,FGSM,0.15,1,Botnet Ares,,31
SVM,FGSM_eps0.15,52,52,1.0,1.0,FGSM,0.15,1,Botnet Ares - Attempted,,31
SVM,FGSM_eps0.15,5940,5940,1.0,1.0,FGSM,0.15,1,DDoS-HOIC,,31
SVM,FGSM_eps0.15,5944,5944,0.9998317631224763,0.9998317631224763,FGSM,0.15,1,DDoS-LOIC-HTTP,,31
SVM,FGSM_eps0.15,485,484,0.0165289256198347,0.0185567010309278,FGSM,0.15,1,DDoS-LOIC-UDP,,31
SVM,FGSM_eps0.15,67,0,,0.7761194029850746,FGSM,0.15,1,DDoS-LOIC-UDP - Attempted,,31
SVM,FGSM_eps0.15,4542,4542,0.9988991633641569,0.9988991633641569,FGSM,0.15,1,DoS GoldenEye,,31
SVM,FGSM_eps0.15,851,851,1.0,1.0,FGSM,0.15,1,DoS GoldenEye - Attempted,,31
SVM,FGSM_eps0.15,6058,6052,1.0,1.0,FGSM,0.15,1,DoS Hulk,,31
SVM,FGSM_eps0.15,20,20,1.0,1.0,FGSM,0.15,1,DoS Hulk - Attempted,,31
SVM,FGSM_eps0.15,1707,1656,1.0,1.0,FGSM,0.15,1,DoS Slowloris,,31
SVM,FGSM_eps0.15,475,475,1.0,1.0,FGSM,0.15,1,DoS Slowloris - Attempted,,31
SVM,FGSM_eps0.15,5992,5992,1.0,1.0,FGSM,0.15,1,FTP-BruteForce - Attempted,,31
SVM,FGSM_eps0.15,41,39,0.9230769230769232,0.926829268292683,FGSM,0.15,1,Infiltration - Communication Victim Attacker,,31
SVM,FGSM_eps0.15,19,4,0.5,0.2631578947368421,FGSM,0.15,1,Infiltration - Dropbox Download,,31
SVM,FGSM_eps0.15,7,0,,0.1428571428571428,FGSM,0.15,1,Infiltration - Dropbox Download - Attempted,,31
SVM,FGSM_eps0.15,6048,5078,0.886569515557306,0.8961640211640212,FGSM,0.15,1,Infiltration - NMAP Portscan,,31
SVM,FGSM_eps0.15,5985,5985,0.0305764411027568,0.0305764411027568,FGSM,0.15,1,SSH-BruteForce,,31
SVM,FGSM_eps0.15,24,24,0.0,0.0,FGSM,0.15,1,Web Attack - Brute Force,,31
SVM,FGSM_eps0.15,30,0,,0.9333333333333332,FGSM,0.15,1,Web Attack - Brute Force - Attempted,,31
SVM,FGSM_eps0.15,8,4,0.75,0.5,FGSM,0.15,1,Web Attack - SQL,,31
SVM,FGSM_eps0.15,3,0,,0.3333333333333333,FGSM,0.15,1,Web Attack - SQL - Attempted,,31
SVM,FGSM_eps0.15,18,17,1.0,1.0,FGSM,0.15,1,Web Attack - XSS,,31
SVM,FGSM_eps0.15,1,1,0.0,0.0,FGSM,0.15,1,Web Attack - XSS - Attempted,,31
RF,FGSM_eps0.15,60000,0,,,FGSM,0.15,1,Benign,,31
RF,FGSM_eps0.15,5986,5986,1.0,1.0,FGSM,0.15,1,Botnet Ares,,31
RF,FGSM_eps0.15,52,52,1.0,1.0,FGSM,0.15,1,Botnet Ares - Attempted,,31
RF,FGSM_eps0.15,5940,5940,1.0,1.0,FGSM,0.15,1,DDoS-HOIC,,31
RF,FGSM_eps0.15,5944,5944,1.0,1.0,FGSM,0.15,1,DDoS-LOIC-HTTP,,31
RF,FGSM_eps0.15,485,485,0.5835051546391753,0.5835051546391753,FGSM,0.15,1,DDoS-LOIC-UDP,,31
RF,FGSM_eps0.15,67,65,1.0,1.0,FGSM,0.15,1,DDoS-LOIC-UDP - Attempted,,31
RF,FGSM_eps0.15,4542,4542,1.0,1.0,FGSM,0.15,1,DoS GoldenEye,,31
RF,FGSM_eps0.15,851,851,1.0,1.0,FGSM,0.15,1,DoS GoldenEye - Attempted,,31
RF,FGSM_eps0.15,6058,6058,1.0,1.0,FGSM,0.15,1,DoS Hulk,,31
RF,FGSM_eps0.15,20,20,1.0,1.0,FGSM,0.15,1,DoS Hulk - Attempted,,31
RF,FGSM_eps0.15,1707,1707,0.9103690685413004,0.9103690685413004,FGSM,0.15,1,DoS Slowloris,,31
RF,FGSM_eps0.15,475,475,1.0,1.0,FGSM,0.15,1,DoS Slowloris - Attempted,,31
RF,FGSM_eps0.15,5992,5992,1.0,1.0,FGSM,0.15,1,FTP-BruteForce - Attempted,,31
RF,FGSM_eps0.15,41,41,0.7073170731707317,0.7073170731707317,FGSM,0.15,1,Infiltration - Communication Victim Attacker,,31
RF,FGSM_eps0.15,19,11,1.0,1.0,FGSM,0.15,1,Infiltration - Dropbox Download,,31
RF,FGSM_eps0.15,7,0,,1.0,FGSM,0.15,1,Infiltration - Dropbox Download - Attempted,,31
RF,FGSM_eps0.15,6048,6046,0.9857757194839564,0.9857804232804231,FGSM,0.15,1,Infiltration - NMAP Portscan,,31
RF,FGSM_eps0.15,5985,5985,1.0,1.0,FGSM,0.15,1,SSH-BruteForce,,31
RF,FGSM_eps0.15,24,24,1.0,1.0,FGSM,0.15,1,Web Attack - Brute Force,,31
RF,FGSM_eps0.15,30,29,1.0,1.0,FGSM,0.15,1,Web Attack - Brute Force - Attempted,,31
RF,FGSM_eps0.15,8,7,0.4285714285714285,0.375,FGSM,0.15,1,Web Attack - SQL,,31
RF,FGSM_eps0.15,3,3,0.6666666666666666,0.6666666666666666,FGSM,0.15,1,Web Attack - SQL - Attempted,,31
RF,FGSM_eps0.15,18,18,0.0,0.0,FGSM,0.15,1,Web Attack - XSS,,31
RF,FGSM_eps0.15,1,1,1.0,1.0,FGSM,0.15,1,Web Attack - XSS - Attempted,,31
MLP,FGSM_eps0.15,60000,0,,,FGSM,0.15,1,Benign,,31
MLP,FGSM_eps0.15,5986,5986,0.9943200801871032,0.9943200801871032,FGSM,0.15,1,Botnet Ares,,31
MLP,FGSM_eps0.15,52,52,1.0,1.0,FGSM,0.15,1,Botnet Ares - Attempted,,31
MLP,FGSM_eps0.15,5940,5940,1.0,1.0,FGSM,0.15,1,DDoS-HOIC,,31
MLP,FGSM_eps0.15,5944,5943,1.0,0.9998317631224763,FGSM,0.15,1,DDoS-LOIC-HTTP,,31
MLP,FGSM_eps0.15,485,485,0.002061855670103,0.002061855670103,FGSM,0.15,1,DDoS-LOIC-UDP,,31
MLP,FGSM_eps0.15,67,52,1.0,0.7761194029850746,FGSM,0.15,1,DDoS-LOIC-UDP - Attempted,,31
MLP,FGSM_eps0.15,4542,4542,1.0,1.0,FGSM,0.15,1,DoS GoldenEye,,31
MLP,FGSM_eps0.15,851,851,1.0,1.0,FGSM,0.15,1,DoS GoldenEye - Attempted,,31
MLP,FGSM_eps0.15,6058,6058,1.0,1.0,FGSM,0.15,1,DoS Hulk,,31
MLP,FGSM_eps0.15,20,20,1.0,1.0,FGSM,0.15,1,DoS Hulk - Attempted,,31
MLP,FGSM_eps0.15,1707,1707,1.0,1.0,FGSM,0.15,1,DoS Slowloris,,31
MLP,FGSM_eps0.15,475,475,1.0,1.0,FGSM,0.15,1,DoS Slowloris - Attempted,,31
MLP,FGSM_eps0.15,5992,5992,1.0,1.0,FGSM,0.15,1,FTP-BruteForce - Attempted,,31
MLP,FGSM_eps0.15,41,39,0.6153846153846154,0.6097560975609756,FGSM,0.15,1,Infiltration - Communication Victim Attacker,,31
MLP,FGSM_eps0.15,19,4,1.0,0.4736842105263157,FGSM,0.15,1,Infiltration - Dropbox Download,,31
MLP,FGSM_eps0.15,7,0,,0.2857142857142857,FGSM,0.15,1,Infiltration - Dropbox Download - Attempted,,31
MLP,FGSM_eps0.15,6048,5997,0.991162247790562,0.9829695767195769,FGSM,0.15,1,Infiltration - NMAP Portscan,,31
MLP,FGSM_eps0.15,5985,5985,1.0,1.0,FGSM,0.15,1,SSH-BruteForce,,31
MLP,FGSM_eps0.15,24,24,1.0,1.0,FGSM,0.15,1,Web Attack - Brute Force,,31
MLP,FGSM_eps0.15,30,28,1.0,0.9333333333333332,FGSM,0.15,1,Web Attack - Brute Force - Attempted,,31
MLP,FGSM_eps0.15,8,4,1.0,0.5,FGSM,0.15,1,Web Attack - SQL,,31
MLP,FGSM_eps0.15,3,1,1.0,0.3333333333333333,FGSM,0.15,1,Web Attack - SQL - Attempted,,31
MLP,FGSM_eps0.15,18,18,0.0,0.0,FGSM,0.15,1,Web Attack - XSS,,31
MLP,FGSM_eps0.15,1,0,,0.0,FGSM,0.15,1,Web Attack - XSS - Attempted,,31
LR,FGSM_eps0.3,60000,0,,,FGSM,0.3,1,Benign,,31
LR,FGSM_eps0.3,5986,5986,1.0,1.0,FGSM,0.3,1,Botnet Ares,,31
LR,FGSM_eps0.3,52,52,1.0,1.0,FGSM,0.3,1,Botnet Ares - Attempted,,31
LR,FGSM_eps0.3,5940,5940,1.0,1.0,FGSM,0.3,1,DDoS-HOIC,,31
LR,FGSM_eps0.3,5944,5944,0.9998317631224763,0.9998317631224763,FGSM,0.3,1,DDoS-LOIC-HTTP,,31
LR,FGSM_eps0.3,485,482,0.0186721991701244,0.0247422680412371,FGSM,0.3,1,DDoS-LOIC-UDP,,31
LR,FGSM_eps0.3,67,0,,0.7761194029850746,FGSM,0.3,1,DDoS-LOIC-UDP - Attempted,,31
LR,FGSM_eps0.3,4542,4542,1.0,1.0,FGSM,0.3,1,DoS GoldenEye,,31
LR,FGSM_eps0.3,851,851,1.0,1.0,FGSM,0.3,1,DoS GoldenEye - Attempted,,31
LR,FGSM_eps0.3,6058,6052,1.0,1.0,FGSM,0.3,1,DoS Hulk,,31
LR,FGSM_eps0.3,20,20,1.0,1.0,FGSM,0.3,1,DoS Hulk - Attempted,,31
LR,FGSM_eps0.3,1707,1656,1.0,1.0,FGSM,0.3,1,DoS Slowloris,,31
LR,FGSM_eps0.3,475,475,1.0,1.0,FGSM,0.3,1,DoS Slowloris - Attempted,,31
LR,FGSM_eps0.3,5992,5992,1.0,1.0,FGSM,0.3,1,FTP-BruteForce - Attempted,,31
LR,FGSM_eps0.3,41,40,0.775,0.7804878048780488,FGSM,0.3,1,Infiltration - Communication Victim Attacker,,31
LR,FGSM_eps0.3,19,9,0.4444444444444444,0.2105263157894736,FGSM,0.3,1,Infiltration - Dropbox Download,,31
LR,FGSM_eps0.3,7,0,,0.1428571428571428,FGSM,0.3,1,Infiltration - Dropbox Download - Attempted,,31
LR,FGSM_eps0.3,6048,4996,0.9091273018414732,0.921957671957672,FGSM,0.3,1,Infiltration - NMAP Portscan,,31
LR,FGSM_eps0.3,5985,5985,1.0,1.0,FGSM,0.3,1,SSH-BruteForce,,31
LR,FGSM_eps0.3,24,24,0.0,0.0,FGSM,0.3,1,Web Attack - Brute Force,,31
LR,FGSM_eps0.3,30,0,,0.9333333333333332,FGSM,0.3,1,Web Attack - Brute Force - Attempted,,31
LR,FGSM_eps0.3,8,3,1.0,0.5,FGSM,0.3,1,Web Attack - SQL,,31
LR,FGSM_eps0.3,3,0,,0.3333333333333333,FGSM,0.3,1,Web Attack - SQL - Attempted,,31
LR,FGSM_eps0.3,18,0,,1.0,FGSM,0.3,1,Web Attack - XSS,,31
LR,FGSM_eps0.3,1,0,,0.0,FGSM,0.3,1,Web Attack - XSS - Attempted,,31
SVM,FGSM_eps0.3,60000,0,,,FGSM,0.3,1,Benign,,31
SVM,FGSM_eps0.3,5986,5983,1.0,1.0,FGSM,0.3,1,Botnet Ares,,31
SVM,FGSM_eps0.3,52,52,1.0,1.0,FGSM,0.3,1,Botnet Ares - Attempted,,31
SVM,FGSM_eps0.3,5940,5940,1.0,1.0,FGSM,0.3,1,DDoS-HOIC,,31
SVM,FGSM_eps0.3,5944,5944,0.9998317631224763,0.9998317631224763,FGSM,0.3,1,DDoS-LOIC-HTTP,,31
SVM,FGSM_eps0.3,485,484,0.0165289256198347,0.0185567010309278,FGSM,0.3,1,DDoS-LOIC-UDP,,31
SVM,FGSM_eps0.3,67,0,,0.7761194029850746,FGSM,0.3,1,DDoS-LOIC-UDP - Attempted,,31
SVM,FGSM_eps0.3,4542,4542,0.9988991633641569,0.9988991633641569,FGSM,0.3,1,DoS GoldenEye,,31
SVM,FGSM_eps0.3,851,851,1.0,1.0,FGSM,0.3,1,DoS GoldenEye - Attempted,,31
SVM,FGSM_eps0.3,6058,6052,1.0,1.0,FGSM,0.3,1,DoS Hulk,,31
SVM,FGSM_eps0.3,20,20,1.0,1.0,FGSM,0.3,1,DoS Hulk - Attempted,,31
SVM,FGSM_eps0.3,1707,1656,1.0,1.0,FGSM,0.3,1,DoS Slowloris,,31
SVM,FGSM_eps0.3,475,475,1.0,1.0,FGSM,0.3,1,DoS Slowloris - Attempted,,31
SVM,FGSM_eps0.3,5992,5992,1.0,1.0,FGSM,0.3,1,FTP-BruteForce - Attempted,,31
SVM,FGSM_eps0.3,41,39,0.9487179487179488,0.951219512195122,FGSM,0.3,1,Infiltration - Communication Victim Attacker,,31
SVM,FGSM_eps0.3,19,4,0.5,0.2105263157894736,FGSM,0.3,1,Infiltration - Dropbox Download,,31
SVM,FGSM_eps0.3,7,0,,0.0,FGSM,0.3,1,Infiltration - Dropbox Download - Attempted,,31
SVM,FGSM_eps0.3,6048,5078,0.9907443875541552,0.9836309523809524,FGSM,0.3,1,Infiltration - NMAP Portscan,,31
SVM,FGSM_eps0.3,5985,5985,0.0305764411027568,0.0305764411027568,FGSM,0.3,1,SSH-BruteForce,,31
SVM,FGSM_eps0.3,24,24,1.0,1.0,FGSM,0.3,1,Web Attack - Brute Force,,31
SVM,FGSM_eps0.3,30,0,,0.9333333333333332,FGSM,0.3,1,Web Attack - Brute Force - Attempted,,31
SVM,FGSM_eps0.3,8,4,0.75,0.5,FGSM,0.3,1,Web Attack - SQL,,31
SVM,FGSM_eps0.3,3,0,,0.3333333333333333,FGSM,0.3,1,Web Attack - SQL - Attempted,,31
SVM,FGSM_eps0.3,18,17,1.0,1.0,FGSM,0.3,1,Web Attack - XSS,,31
SVM,FGSM_eps0.3,1,1,0.0,0.0,FGSM,0.3,1,Web Attack - XSS - Attempted,,31
RF,FGSM_eps0.3,60000,0,,,FGSM,0.3,1,Benign,,31
RF,FGSM_eps0.3,5986,5986,1.0,1.0,FGSM,0.3,1,Botnet Ares,,31
RF,FGSM_eps0.3,52,52,1.0,1.0,FGSM,0.3,1,Botnet Ares - Attempted,,31
RF,FGSM_eps0.3,5940,5940,1.0,1.0,FGSM,0.3,1,DDoS-HOIC,,31
RF,FGSM_eps0.3,5944,5944,1.0,1.0,FGSM,0.3,1,DDoS-LOIC-HTTP,,31
RF,FGSM_eps0.3,485,485,0.5814432989690722,0.5814432989690722,FGSM,0.3,1,DDoS-LOIC-UDP,,31
RF,FGSM_eps0.3,67,65,1.0,1.0,FGSM,0.3,1,DDoS-LOIC-UDP - Attempted,,31
RF,FGSM_eps0.3,4542,4542,1.0,1.0,FGSM,0.3,1,DoS GoldenEye,,31
RF,FGSM_eps0.3,851,851,1.0,1.0,FGSM,0.3,1,DoS GoldenEye - Attempted,,31
RF,FGSM_eps0.3,6058,6058,1.0,1.0,FGSM,0.3,1,DoS Hulk,,31
RF,FGSM_eps0.3,20,20,1.0,1.0,FGSM,0.3,1,DoS Hulk - Attempted,,31
RF,FGSM_eps0.3,1707,1707,1.0,1.0,FGSM,0.3,1,DoS Slowloris,,31
RF,FGSM_eps0.3,475,475,1.0,1.0,FGSM,0.3,1,DoS Slowloris - Attempted,,31
RF,FGSM_eps0.3,5992,5992,1.0,1.0,FGSM,0.3,1,FTP-BruteForce - Attempted,,31
RF,FGSM_eps0.3,41,41,0.926829268292683,0.926829268292683,FGSM,0.3,1,Infiltration - Communication Victim Attacker,,31
RF,FGSM_eps0.3,19,11,1.0,1.0,FGSM,0.3,1,Infiltration - Dropbox Download,,31
RF,FGSM_eps0.3,7,0,,1.0,FGSM,0.3,1,Infiltration - Dropbox Download - Attempted,,31
RF,FGSM_eps0.3,6048,6046,0.9968574263976182,0.9968584656084656,FGSM,0.3,1,Infiltration - NMAP Portscan,,31
RF,FGSM_eps0.3,5985,5985,1.0,1.0,FGSM,0.3,1,SSH-BruteForce,,31
RF,FGSM_eps0.3,24,24,1.0,1.0,FGSM,0.3,1,Web Attack - Brute Force,,31
RF,FGSM_eps0.3,30,29,1.0,1.0,FGSM,0.3,1,Web Attack - Brute Force - Attempted,,31
RF,FGSM_eps0.3,8,7,0.7142857142857143,0.75,FGSM,0.3,1,Web Attack - SQL,,31
RF,FGSM_eps0.3,3,3,0.6666666666666666,0.6666666666666666,FGSM,0.3,1,Web Attack - SQL - Attempted,,31
RF,FGSM_eps0.3,18,18,0.9444444444444444,0.9444444444444444,FGSM,0.3,1,Web Attack - XSS,,31
RF,FGSM_eps0.3,1,1,1.0,1.0,FGSM,0.3,1,Web Attack - XSS - Attempted,,31
MLP,FGSM_eps0.3,60000,0,,,FGSM,0.3,1,Benign,,31
MLP,FGSM_eps0.3,5986,5986,0.9943200801871032,0.9943200801871032,FGSM,0.3,1,Botnet Ares,,31
MLP,FGSM_eps0.3,52,52,1.0,1.0,FGSM,0.3,1,Botnet Ares - Attempted,,31
MLP,FGSM_eps0.3,5940,5940,1.0,1.0,FGSM,0.3,1,DDoS-HOIC,,31
MLP,FGSM_eps0.3,5944,5943,1.0,0.9998317631224763,FGSM,0.3,1,DDoS-LOIC-HTTP,,31
MLP,FGSM_eps0.3,485,485,0.0041237113402061,0.0041237113402061,FGSM,0.3,1,DDoS-LOIC-UDP,,31
MLP,FGSM_eps0.3,67,52,1.0,0.7761194029850746,FGSM,0.3,1,DDoS-LOIC-UDP - Attempted,,31
MLP,FGSM_eps0.3,4542,4542,1.0,1.0,FGSM,0.3,1,DoS GoldenEye,,31
MLP,FGSM_eps0.3,851,851,1.0,1.0,FGSM,0.3,1,DoS GoldenEye - Attempted,,31
MLP,FGSM_eps0.3,6058,6058,1.0,1.0,FGSM,0.3,1,DoS Hulk,,31
MLP,FGSM_eps0.3,20,20,1.0,1.0,FGSM,0.3,1,DoS Hulk - Attempted,,31
MLP,FGSM_eps0.3,1707,1707,1.0,1.0,FGSM,0.3,1,DoS Slowloris,,31
MLP,FGSM_eps0.3,475,475,1.0,1.0,FGSM,0.3,1,DoS Slowloris - Attempted,,31
MLP,FGSM_eps0.3,5992,5992,1.0,1.0,FGSM,0.3,1,FTP-BruteForce - Attempted,,31
MLP,FGSM_eps0.3,41,39,0.8205128205128205,0.8048780487804879,FGSM,0.3,1,Infiltration - Communication Victim Attacker,,31
MLP,FGSM_eps0.3,19,4,1.0,0.3157894736842105,FGSM,0.3,1,Infiltration - Dropbox Download,,31
MLP,FGSM_eps0.3,7,0,,0.1428571428571428,FGSM,0.3,1,Infiltration - Dropbox Download - Attempted,,31
MLP,FGSM_eps0.3,6048,5997,0.9998332499583124,0.9965277777777778,FGSM,0.3,1,Infiltration - NMAP Portscan,,31
MLP,FGSM_eps0.3,5985,5985,1.0,1.0,FGSM,0.3,1,SSH-BruteForce,,31
MLP,FGSM_eps0.3,24,24,1.0,1.0,FGSM,0.3,1,Web Attack - Brute Force,,31
MLP,FGSM_eps0.3,30,28,1.0,0.9333333333333332,FGSM,0.3,1,Web Attack - Brute Force - Attempted,,31
MLP,FGSM_eps0.3,8,4,1.0,0.5,FGSM,0.3,1,Web Attack - SQL,,31
MLP,FGSM_eps0.3,3,1,1.0,0.3333333333333333,FGSM,0.3,1,Web Attack - SQL - Attempted,,31
MLP,FGSM_eps0.3,18,18,0.0555555555555555,0.0555555555555555,FGSM,0.3,1,Web Attack - XSS,,31
MLP,FGSM_eps0.3,1,0,,0.0,FGSM,0.3,1,Web Attack - XSS - Attempted,,31
LR,FGSM_eps0.5,60000,0,,,FGSM,0.5,1,Benign,,31
LR,FGSM_eps0.5,5986,5986,1.0,1.0,FGSM,0.5,1,Botnet Ares,,31
LR,FGSM_eps0.5,52,52,1.0,1.0,FGSM,0.5,1,Botnet Ares - Attempted,,31
LR,FGSM_eps0.5,5940,5940,1.0,1.0,FGSM,0.5,1,DDoS-HOIC,,31
LR,FGSM_eps0.5,5944,5944,0.9998317631224763,0.9998317631224763,FGSM,0.5,1,DDoS-LOIC-HTTP,,31
LR,FGSM_eps0.5,485,482,0.0248962655601659,0.0309278350515463,FGSM,0.5,1,DDoS-LOIC-UDP,,31
LR,FGSM_eps0.5,67,0,,0.7761194029850746,FGSM,0.5,1,DDoS-LOIC-UDP - Attempted,,31
LR,FGSM_eps0.5,4542,4542,1.0,1.0,FGSM,0.5,1,DoS GoldenEye,,31
LR,FGSM_eps0.5,851,851,1.0,1.0,FGSM,0.5,1,DoS GoldenEye - Attempted,,31
LR,FGSM_eps0.5,6058,6052,1.0,1.0,FGSM,0.5,1,DoS Hulk,,31
LR,FGSM_eps0.5,20,20,1.0,1.0,FGSM,0.5,1,DoS Hulk - Attempted,,31
LR,FGSM_eps0.5,1707,1656,1.0,1.0,FGSM,0.5,1,DoS Slowloris,,31
LR,FGSM_eps0.5,475,475,1.0,1.0,FGSM,0.5,1,DoS Slowloris - Attempted,,31
LR,FGSM_eps0.5,5992,5992,1.0,1.0,FGSM,0.5,1,FTP-BruteForce - Attempted,,31
LR,FGSM_eps0.5,41,40,0.875,0.8780487804878049,FGSM,0.5,1,Infiltration - Communication Victim Attacker,,31
LR,FGSM_eps0.5,19,9,0.4444444444444444,0.2105263157894736,FGSM,0.5,1,Infiltration - Dropbox Download,,31
LR,FGSM_eps0.5,7,0,,0.0,FGSM,0.5,1,Infiltration - Dropbox Download - Attempted,,31
LR,FGSM_eps0.5,6048,4996,0.9795836669335468,0.9751984126984128,FGSM,0.5,1,Infiltration - NMAP Portscan,,31
LR,FGSM_eps0.5,5985,5985,1.0,1.0,FGSM,0.5,1,SSH-BruteForce,,31
LR,FGSM_eps0.5,24,24,1.0,1.0,FGSM,0.5,1,Web Attack - Brute Force,,31
LR,FGSM_eps0.5,30,0,,0.9333333333333332,FGSM,0.5,1,Web Attack - Brute Force - Attempted,,31
LR,FGSM_eps0.5,8,3,1.0,0.5,FGSM,0.5,1,Web Attack - SQL,,31
LR,FGSM_eps0.5,3,0,,0.3333333333333333,FGSM,0.5,1,Web Attack - SQL - Attempted,,31
LR,FGSM_eps0.5,18,0,,1.0,FGSM,0.5,1,Web Attack - XSS,,31
LR,FGSM_eps0.5,1,0,,0.0,FGSM,0.5,1,Web Attack - XSS - Attempted,,31
SVM,FGSM_eps0.5,60000,0,,,FGSM,0.5,1,Benign,,31
SVM,FGSM_eps0.5,5986,5983,1.0,1.0,FGSM,0.5,1,Botnet Ares,,31
SVM,FGSM_eps0.5,52,52,1.0,1.0,FGSM,0.5,1,Botnet Ares - Attempted,,31
SVM,FGSM_eps0.5,5940,5940,1.0,1.0,FGSM,0.5,1,DDoS-HOIC,,31
SVM,FGSM_eps0.5,5944,5944,0.9998317631224763,0.9998317631224763,FGSM,0.5,1,DDoS-LOIC-HTTP,,31
SVM,FGSM_eps0.5,485,484,0.0227272727272727,0.0247422680412371,FGSM,0.5,1,DDoS-LOIC-UDP,,31
SVM,FGSM_eps0.5,67,0,,0.7761194029850746,FGSM,0.5,1,DDoS-LOIC-UDP - Attempted,,31
SVM,FGSM_eps0.5,4542,4542,0.9988991633641569,0.9988991633641569,FGSM,0.5,1,DoS GoldenEye,,31
SVM,FGSM_eps0.5,851,851,1.0,1.0,FGSM,0.5,1,DoS GoldenEye - Attempted,,31
SVM,FGSM_eps0.5,6058,6052,1.0,1.0,FGSM,0.5,1,DoS Hulk,,31
SVM,FGSM_eps0.5,20,20,1.0,1.0,FGSM,0.5,1,DoS Hulk - Attempted,,31
SVM,FGSM_eps0.5,1707,1656,1.0,1.0,FGSM,0.5,1,DoS Slowloris,,31
SVM,FGSM_eps0.5,475,475,1.0,1.0,FGSM,0.5,1,DoS Slowloris - Attempted,,31
SVM,FGSM_eps0.5,5992,5992,1.0,1.0,FGSM,0.5,1,FTP-BruteForce - Attempted,,31
SVM,FGSM_eps0.5,41,39,0.9487179487179488,0.951219512195122,FGSM,0.5,1,Infiltration - Communication Victim Attacker,,31
SVM,FGSM_eps0.5,19,4,0.5,0.2105263157894736,FGSM,0.5,1,Infiltration - Dropbox Download,,31
SVM,FGSM_eps0.5,7,0,,0.0,FGSM,0.5,1,Infiltration - Dropbox Download - Attempted,,31
SVM,FGSM_eps0.5,6048,5078,0.9986215045293424,0.990244708994709,FGSM,0.5,1,Infiltration - NMAP Portscan,,31
SVM,FGSM_eps0.5,5985,5985,0.0305764411027568,0.0305764411027568,FGSM,0.5,1,SSH-BruteForce,,31
SVM,FGSM_eps0.5,24,24,1.0,1.0,FGSM,0.5,1,Web Attack - Brute Force,,31
SVM,FGSM_eps0.5,30,0,,0.9333333333333332,FGSM,0.5,1,Web Attack - Brute Force - Attempted,,31
SVM,FGSM_eps0.5,8,4,0.75,0.5,FGSM,0.5,1,Web Attack - SQL,,31
SVM,FGSM_eps0.5,3,0,,0.3333333333333333,FGSM,0.5,1,Web Attack - SQL - Attempted,,31
SVM,FGSM_eps0.5,18,17,1.0,1.0,FGSM,0.5,1,Web Attack - XSS,,31
SVM,FGSM_eps0.5,1,1,0.0,0.0,FGSM,0.5,1,Web Attack - XSS - Attempted,,31
RF,FGSM_eps0.5,60000,0,,,FGSM,0.5,1,Benign,,31
RF,FGSM_eps0.5,5986,5986,1.0,1.0,FGSM,0.5,1,Botnet Ares,,31
RF,FGSM_eps0.5,52,52,1.0,1.0,FGSM,0.5,1,Botnet Ares - Attempted,,31
RF,FGSM_eps0.5,5940,5940,1.0,1.0,FGSM,0.5,1,DDoS-HOIC,,31
RF,FGSM_eps0.5,5944,5944,1.0,1.0,FGSM,0.5,1,DDoS-LOIC-HTTP,,31
RF,FGSM_eps0.5,485,485,0.5835051546391753,0.5835051546391753,FGSM,0.5,1,DDoS-LOIC-UDP,,31
RF,FGSM_eps0.5,67,65,1.0,1.0,FGSM,0.5,1,DDoS-LOIC-UDP - Attempted,,31
RF,FGSM_eps0.5,4542,4542,1.0,1.0,FGSM,0.5,1,DoS GoldenEye,,31
RF,FGSM_eps0.5,851,851,1.0,1.0,FGSM,0.5,1,DoS GoldenEye - Attempted,,31
RF,FGSM_eps0.5,6058,6058,1.0,1.0,FGSM,0.5,1,DoS Hulk,,31
RF,FGSM_eps0.5,20,20,1.0,1.0,FGSM,0.5,1,DoS Hulk - Attempted,,31
RF,FGSM_eps0.5,1707,1707,1.0,1.0,FGSM,0.5,1,DoS Slowloris,,31
RF,FGSM_eps0.5,475,475,1.0,1.0,FGSM,0.5,1,DoS Slowloris - Attempted,,31
RF,FGSM_eps0.5,5992,5992,1.0,1.0,FGSM,0.5,1,FTP-BruteForce - Attempted,,31
RF,FGSM_eps0.5,41,41,0.975609756097561,0.975609756097561,FGSM,0.5,1,Infiltration - Communication Victim Attacker,,31
RF,FGSM_eps0.5,19,11,1.0,1.0,FGSM,0.5,1,Infiltration - Dropbox Download,,31
RF,FGSM_eps0.5,7,0,,1.0,FGSM,0.5,1,Infiltration - Dropbox Download - Attempted,,31
RF,FGSM_eps0.5,6048,6046,0.9978498180615284,0.9978505291005292,FGSM,0.5,1,Infiltration - NMAP Portscan,,31
RF,FGSM_eps0.5,5985,5985,1.0,1.0,FGSM,0.5,1,SSH-BruteForce,,31
RF,FGSM_eps0.5,24,24,1.0,1.0,FGSM,0.5,1,Web Attack - Brute Force,,31
RF,FGSM_eps0.5,30,29,1.0,1.0,FGSM,0.5,1,Web Attack - Brute Force - Attempted,,31
RF,FGSM_eps0.5,8,7,0.8571428571428571,0.875,FGSM,0.5,1,Web Attack - SQL,,31
RF,FGSM_eps0.5,3,3,0.6666666666666666,0.6666666666666666,FGSM,0.5,1,Web Attack - SQL - Attempted,,31
RF,FGSM_eps0.5,18,18,0.9444444444444444,0.9444444444444444,FGSM,0.5,1,Web Attack - XSS,,31
RF,FGSM_eps0.5,1,1,1.0,1.0,FGSM,0.5,1,Web Attack - XSS - Attempted,,31
MLP,FGSM_eps0.5,60000,0,,,FGSM,0.5,1,Benign,,31
MLP,FGSM_eps0.5,5986,5986,0.9959906448379552,0.9959906448379552,FGSM,0.5,1,Botnet Ares,,31
MLP,FGSM_eps0.5,52,52,1.0,1.0,FGSM,0.5,1,Botnet Ares - Attempted,,31
MLP,FGSM_eps0.5,5940,5940,1.0,1.0,FGSM,0.5,1,DDoS-HOIC,,31
MLP,FGSM_eps0.5,5944,5943,1.0,0.9998317631224763,FGSM,0.5,1,DDoS-LOIC-HTTP,,31
MLP,FGSM_eps0.5,485,485,0.045360824742268,0.045360824742268,FGSM,0.5,1,DDoS-LOIC-UDP,,31
MLP,FGSM_eps0.5,67,52,1.0,0.7761194029850746,FGSM,0.5,1,DDoS-LOIC-UDP - Attempted,,31
MLP,FGSM_eps0.5,4542,4542,1.0,1.0,FGSM,0.5,1,DoS GoldenEye,,31
MLP,FGSM_eps0.5,851,851,1.0,1.0,FGSM,0.5,1,DoS GoldenEye - Attempted,,31
MLP,FGSM_eps0.5,6058,6058,1.0,1.0,FGSM,0.5,1,DoS Hulk,,31
MLP,FGSM_eps0.5,20,20,1.0,1.0,FGSM,0.5,1,DoS Hulk - Attempted,,31
MLP,FGSM_eps0.5,1707,1707,1.0,1.0,FGSM,0.5,1,DoS Slowloris,,31
MLP,FGSM_eps0.5,475,475,1.0,1.0,FGSM,0.5,1,DoS Slowloris - Attempted,,31
MLP,FGSM_eps0.5,5992,5992,1.0,1.0,FGSM,0.5,1,FTP-BruteForce - Attempted,,31
MLP,FGSM_eps0.5,41,39,0.9743589743589745,0.951219512195122,FGSM,0.5,1,Infiltration - Communication Victim Attacker,,31
MLP,FGSM_eps0.5,19,4,1.0,0.3157894736842105,FGSM,0.5,1,Infiltration - Dropbox Download,,31
MLP,FGSM_eps0.5,7,0,,0.1428571428571428,FGSM,0.5,1,Infiltration - Dropbox Download - Attempted,,31
MLP,FGSM_eps0.5,6048,5997,1.0,0.9965277777777778,FGSM,0.5,1,Infiltration - NMAP Portscan,,31
MLP,FGSM_eps0.5,5985,5985,1.0,1.0,FGSM,0.5,1,SSH-BruteForce,,31
MLP,FGSM_eps0.5,24,24,1.0,1.0,FGSM,0.5,1,Web Attack - Brute Force,,31
MLP,FGSM_eps0.5,30,28,1.0,0.9333333333333332,FGSM,0.5,1,Web Attack - Brute Force - Attempted,,31
MLP,FGSM_eps0.5,8,4,1.0,0.5,FGSM,0.5,1,Web Attack - SQL,,31
MLP,FGSM_eps0.5,3,1,1.0,0.3333333333333333,FGSM,0.5,1,Web Attack - SQL - Attempted,,31
MLP,FGSM_eps0.5,18,18,1.0,1.0,FGSM,0.5,1,Web Attack - XSS,,31
MLP,FGSM_eps0.5,1,0,,0.0,FGSM,0.5,1,Web Attack - XSS - Attempted,,31
LR,FGSM_eps0.75,60000,0,,,FGSM,0.75,1,Benign,,31
LR,FGSM_eps0.75,5986,5986,1.0,1.0,FGSM,0.75,1,Botnet Ares,,31
LR,FGSM_eps0.75,52,52,1.0,1.0,FGSM,0.75,1,Botnet Ares - Attempted,,31
LR,FGSM_eps0.75,5940,5940,1.0,1.0,FGSM,0.75,1,DDoS-HOIC,,31
LR,FGSM_eps0.75,5944,5944,0.9998317631224763,0.9998317631224763,FGSM,0.75,1,DDoS-LOIC-HTTP,,31
LR,FGSM_eps0.75,485,482,0.0269709543568464,0.0329896907216494,FGSM,0.75,1,DDoS-LOIC-UDP,,31
LR,FGSM_eps0.75,67,0,,0.7761194029850746,FGSM,0.75,1,DDoS-LOIC-UDP - Attempted,,31
LR,FGSM_eps0.75,4542,4542,1.0,1.0,FGSM,0.75,1,DoS GoldenEye,,31
LR,FGSM_eps0.75,851,851,1.0,1.0,FGSM,0.75,1,DoS GoldenEye - Attempted,,31
LR,FGSM_eps0.75,6058,6052,1.0,1.0,FGSM,0.75,1,DoS Hulk,,31
LR,FGSM_eps0.75,20,20,1.0,1.0,FGSM,0.75,1,DoS Hulk - Attempted,,31
LR,FGSM_eps0.75,1707,1656,1.0,1.0,FGSM,0.75,1,DoS Slowloris,,31
LR,FGSM_eps0.75,475,475,1.0,1.0,FGSM,0.75,1,DoS Slowloris - Attempted,,31
LR,FGSM_eps0.75,5992,5992,1.0,1.0,FGSM,0.75,1,FTP-BruteForce - Attempted,,31
LR,FGSM_eps0.75,41,40,0.9,0.902439024390244,FGSM,0.75,1,Infiltration - Communication Victim Attacker,,31
LR,FGSM_eps0.75,19,9,0.4444444444444444,0.2105263157894736,FGSM,0.75,1,Infiltration - Dropbox Download,,31
LR,FGSM_eps0.75,7,0,,0.0,FGSM,0.75,1,Infiltration - Dropbox Download - Attempted,,31
LR,FGSM_eps0.75,6048,4996,0.99919935948759,0.9914021164021164,FGSM,0.75,1,Infiltration - NMAP Portscan,,31
LR,FGSM_eps0.75,5985,5985,1.0,1.0,FGSM,0.75,1,SSH-BruteForce,,31
LR,FGSM_eps0.75,24,24,1.0,1.0,FGSM,0.75,1,Web Attack - Brute Force,,31
LR,FGSM_eps0.75,30,0,,0.9333333333333332,FGSM,0.75,1,Web Attack - Brute Force - Attempted,,31
LR,FGSM_eps0.75,8,3,1.0,0.5,FGSM,0.75,1,Web Attack - SQL,,31
LR,FGSM_eps0.75,3,0,,0.3333333333333333,FGSM,0.75,1,Web Attack - SQL - Attempted,,31
LR,FGSM_eps0.75,18,0,,1.0,FGSM,0.75,1,Web Attack - XSS,,31
LR,FGSM_eps0.75,1,0,,0.0,FGSM,0.75,1,Web Attack - XSS - Attempted,,31
SVM,FGSM_eps0.75,60000,0,,,FGSM,0.75,1,Benign,,31
SVM,FGSM_eps0.75,5986,5983,1.0,1.0,FGSM,0.75,1,Botnet Ares,,31
SVM,FGSM_eps0.75,52,52,1.0,1.0,FGSM,0.75,1,Botnet Ares - Attempted,,31
SVM,FGSM_eps0.75,5940,5940,1.0,1.0,FGSM,0.75,1,DDoS-HOIC,,31
SVM,FGSM_eps0.75,5944,5944,0.9998317631224763,0.9998317631224763,FGSM,0.75,1,DDoS-LOIC-HTTP,,31
SVM,FGSM_eps0.75,485,484,0.024793388429752,0.0268041237113402,FGSM,0.75,1,DDoS-LOIC-UDP,,31
SVM,FGSM_eps0.75,67,0,,0.7761194029850746,FGSM,0.75,1,DDoS-LOIC-UDP - Attempted,,31
SVM,FGSM_eps0.75,4542,4542,0.9988991633641569,0.9988991633641569,FGSM,0.75,1,DoS GoldenEye,,31
SVM,FGSM_eps0.75,851,851,1.0,1.0,FGSM,0.75,1,DoS GoldenEye - Attempted,,31
SVM,FGSM_eps0.75,6058,6052,1.0,1.0,FGSM,0.75,1,DoS Hulk,,31
SVM,FGSM_eps0.75,20,20,1.0,1.0,FGSM,0.75,1,DoS Hulk - Attempted,,31
SVM,FGSM_eps0.75,1707,1656,1.0,1.0,FGSM,0.75,1,DoS Slowloris,,31
SVM,FGSM_eps0.75,475,475,1.0,1.0,FGSM,0.75,1,DoS Slowloris - Attempted,,31
SVM,FGSM_eps0.75,5992,5992,1.0,1.0,FGSM,0.75,1,FTP-BruteForce - Attempted,,31
SVM,FGSM_eps0.75,41,39,0.9487179487179488,0.951219512195122,FGSM,0.75,1,Infiltration - Communication Victim Attacker,,31
SVM,FGSM_eps0.75,19,4,0.5,0.2105263157894736,FGSM,0.75,1,Infiltration - Dropbox Download,,31
SVM,FGSM_eps0.75,7,0,,0.0,FGSM,0.75,1,Infiltration - Dropbox Download - Attempted,,31
SVM,FGSM_eps0.75,6048,5078,0.9986215045293424,0.990244708994709,FGSM,0.75,1,Infiltration - NMAP Portscan,,31
SVM,FGSM_eps0.75,5985,5985,0.0305764411027568,0.0305764411027568,FGSM,0.75,1,SSH-BruteForce,,31
SVM,FGSM_eps0.75,24,24,1.0,1.0,FGSM,0.75,1,Web Attack - Brute Force,,31
SVM,FGSM_eps0.75,30,0,,0.9333333333333332,FGSM,0.75,1,Web Attack - Brute Force - Attempted,,31
SVM,FGSM_eps0.75,8,4,0.75,0.5,FGSM,0.75,1,Web Attack - SQL,,31
SVM,FGSM_eps0.75,3,0,,0.3333333333333333,FGSM,0.75,1,Web Attack - SQL - Attempted,,31
SVM,FGSM_eps0.75,18,17,1.0,1.0,FGSM,0.75,1,Web Attack - XSS,,31
SVM,FGSM_eps0.75,1,1,0.0,0.0,FGSM,0.75,1,Web Attack - XSS - Attempted,,31
RF,FGSM_eps0.75,60000,0,,,FGSM,0.75,1,Benign,,31
RF,FGSM_eps0.75,5986,5986,1.0,1.0,FGSM,0.75,1,Botnet Ares,,31
RF,FGSM_eps0.75,52,52,1.0,1.0,FGSM,0.75,1,Botnet Ares - Attempted,,31
RF,FGSM_eps0.75,5940,5940,1.0,1.0,FGSM,0.75,1,DDoS-HOIC,,31
RF,FGSM_eps0.75,5944,5944,1.0,1.0,FGSM,0.75,1,DDoS-LOIC-HTTP,,31
RF,FGSM_eps0.75,485,485,0.5835051546391753,0.5835051546391753,FGSM,0.75,1,DDoS-LOIC-UDP,,31
RF,FGSM_eps0.75,67,65,1.0,1.0,FGSM,0.75,1,DDoS-LOIC-UDP - Attempted,,31
RF,FGSM_eps0.75,4542,4542,1.0,1.0,FGSM,0.75,1,DoS GoldenEye,,31
RF,FGSM_eps0.75,851,851,1.0,1.0,FGSM,0.75,1,DoS GoldenEye - Attempted,,31
RF,FGSM_eps0.75,6058,6058,1.0,1.0,FGSM,0.75,1,DoS Hulk,,31
RF,FGSM_eps0.75,20,20,1.0,1.0,FGSM,0.75,1,DoS Hulk - Attempted,,31
RF,FGSM_eps0.75,1707,1707,1.0,1.0,FGSM,0.75,1,DoS Slowloris,,31
RF,FGSM_eps0.75,475,475,1.0,1.0,FGSM,0.75,1,DoS Slowloris - Attempted,,31
RF,FGSM_eps0.75,5992,5992,1.0,1.0,FGSM,0.75,1,FTP-BruteForce - Attempted,,31
RF,FGSM_eps0.75,41,41,0.975609756097561,0.975609756097561,FGSM,0.75,1,Infiltration - Communication Victim Attacker,,31
RF,FGSM_eps0.75,19,11,1.0,1.0,FGSM,0.75,1,Infiltration - Dropbox Download,,31
RF,FGSM_eps0.75,7,0,,1.0,FGSM,0.75,1,Infiltration - Dropbox Download - Attempted,,31
RF,FGSM_eps0.75,6048,6046,1.0,1.0,FGSM,0.75,1,Infiltration - NMAP Portscan,,31
RF,FGSM_eps0.75,5985,5985,1.0,1.0,FGSM,0.75,1,SSH-BruteForce,,31
RF,FGSM_eps0.75,24,24,1.0,1.0,FGSM,0.75,1,Web Attack - Brute Force,,31
RF,FGSM_eps0.75,30,29,1.0,1.0,FGSM,0.75,1,Web Attack - Brute Force - Attempted,,31
RF,FGSM_eps0.75,8,7,0.8571428571428571,0.75,FGSM,0.75,1,Web Attack - SQL,,31
RF,FGSM_eps0.75,3,3,1.0,1.0,FGSM,0.75,1,Web Attack - SQL - Attempted,,31
RF,FGSM_eps0.75,18,18,1.0,1.0,FGSM,0.75,1,Web Attack - XSS,,31
RF,FGSM_eps0.75,1,1,1.0,1.0,FGSM,0.75,1,Web Attack - XSS - Attempted,,31
MLP,FGSM_eps0.75,60000,0,,,FGSM,0.75,1,Benign,,31
MLP,FGSM_eps0.75,5986,5986,0.9981623788840628,0.9981623788840628,FGSM,0.75,1,Botnet Ares,,31
MLP,FGSM_eps0.75,52,52,1.0,1.0,FGSM,0.75,1,Botnet Ares - Attempted,,31
MLP,FGSM_eps0.75,5940,5940,1.0,1.0,FGSM,0.75,1,DDoS-HOIC,,31
MLP,FGSM_eps0.75,5944,5943,1.0,0.9998317631224763,FGSM,0.75,1,DDoS-LOIC-HTTP,,31
MLP,FGSM_eps0.75,485,485,0.3319587628865979,0.3319587628865979,FGSM,0.75,1,DDoS-LOIC-UDP,,31
MLP,FGSM_eps0.75,67,52,1.0,0.7761194029850746,FGSM,0.75,1,DDoS-LOIC-UDP - Attempted,,31
MLP,FGSM_eps0.75,4542,4542,1.0,1.0,FGSM,0.75,1,DoS GoldenEye,,31
MLP,FGSM_eps0.75,851,851,1.0,1.0,FGSM,0.75,1,DoS GoldenEye - Attempted,,31
MLP,FGSM_eps0.75,6058,6058,1.0,1.0,FGSM,0.75,1,DoS Hulk,,31
MLP,FGSM_eps0.75,20,20,1.0,1.0,FGSM,0.75,1,DoS Hulk - Attempted,,31
MLP,FGSM_eps0.75,1707,1707,1.0,1.0,FGSM,0.75,1,DoS Slowloris,,31
MLP,FGSM_eps0.75,475,475,1.0,1.0,FGSM,0.75,1,DoS Slowloris - Attempted,,31
MLP,FGSM_eps0.75,5992,5992,1.0,1.0,FGSM,0.75,1,FTP-BruteForce - Attempted,,31
MLP,FGSM_eps0.75,41,39,0.9743589743589745,0.951219512195122,FGSM,0.75,1,Infiltration - Communication Victim Attacker,,31
MLP,FGSM_eps0.75,19,4,1.0,0.3157894736842105,FGSM,0.75,1,Infiltration - Dropbox Download,,31
MLP,FGSM_eps0.75,7,0,,0.1428571428571428,FGSM,0.75,1,Infiltration - Dropbox Download - Attempted,,31
MLP,FGSM_eps0.75,6048,5997,1.0,0.9915674603174603,FGSM,0.75,1,Infiltration - NMAP Portscan,,31
MLP,FGSM_eps0.75,5985,5985,1.0,1.0,FGSM,0.75,1,SSH-BruteForce,,31
MLP,FGSM_eps0.75,24,24,1.0,1.0,FGSM,0.75,1,Web Attack - Brute Force,,31
MLP,FGSM_eps0.75,30,28,1.0,0.9333333333333332,FGSM,0.75,1,Web Attack - Brute Force - Attempted,,31
MLP,FGSM_eps0.75,8,4,1.0,0.5,FGSM,0.75,1,Web Attack - SQL,,31
MLP,FGSM_eps0.75,3,1,1.0,0.3333333333333333,FGSM,0.75,1,Web Attack - SQL - Attempted,,31
MLP,FGSM_eps0.75,18,18,1.0,1.0,FGSM,0.75,1,Web Attack - XSS,,31
MLP,FGSM_eps0.75,1,0,,0.0,FGSM,0.75,1,Web Attack - XSS - Attempted,,31
LR,PGD_eps0.15_it10,60000,0,,,PGD,0.15,10,Benign,,31
LR,PGD_eps0.15_it10,5986,5986,0.999164717674574,0.999164717674574,PGD,0.15,10,Botnet Ares,,31
LR,PGD_eps0.15_it10,52,52,0.3461538461538461,0.3461538461538461,PGD,0.15,10,Botnet Ares - Attempted,,31
LR,PGD_eps0.15_it10,5940,5940,1.0,1.0,PGD,0.15,10,DDoS-HOIC,,31
LR,PGD_eps0.15_it10,5944,5944,0.9998317631224763,0.9998317631224763,PGD,0.15,10,DDoS-LOIC-HTTP,,31
LR,PGD_eps0.15_it10,485,482,0.0165975103734439,0.022680412371134,PGD,0.15,10,DDoS-LOIC-UDP,,31
LR,PGD_eps0.15_it10,67,0,,0.7910447761194029,PGD,0.15,10,DDoS-LOIC-UDP - Attempted,,31
LR,PGD_eps0.15_it10,4542,4542,0.9927344782034346,0.9927344782034346,PGD,0.15,10,DoS GoldenEye,,31
LR,PGD_eps0.15_it10,851,851,1.0,1.0,PGD,0.15,10,DoS GoldenEye - Attempted,,31
LR,PGD_eps0.15_it10,6058,6052,1.0,1.0,PGD,0.15,10,DoS Hulk,,31
LR,PGD_eps0.15_it10,20,20,1.0,1.0,PGD,0.15,10,DoS Hulk - Attempted,,31
LR,PGD_eps0.15_it10,1707,1656,1.0,1.0,PGD,0.15,10,DoS Slowloris,,31
LR,PGD_eps0.15_it10,475,475,1.0,1.0,PGD,0.15,10,DoS Slowloris - Attempted,,31
LR,PGD_eps0.15_it10,5992,5992,1.0,1.0,PGD,0.15,10,FTP-BruteForce - Attempted,,31
LR,PGD_eps0.15_it10,41,40,0.675,0.6829268292682927,PGD,0.15,10,Infiltration - Communication Victim Attacker,,31
LR,PGD_eps0.15_it10,19,9,0.4444444444444444,0.3157894736842105,PGD,0.15,10,Infiltration - Dropbox Download,,31
LR,PGD_eps0.15_it10,7,0,,0.1428571428571428,PGD,0.15,10,Infiltration - Dropbox Download - Attempted,,31
LR,PGD_eps0.15_it10,6048,4996,0.855084067253803,0.8764880952380952,PGD,0.15,10,Infiltration - NMAP Portscan,,31
LR,PGD_eps0.15_it10,5985,5985,1.0,1.0,PGD,0.15,10,SSH-BruteForce,,31
LR,PGD_eps0.15_it10,24,24,0.0,0.0,PGD,0.15,10,Web Attack - Brute Force,,31
LR,PGD_eps0.15_it10,30,0,,0.9333333333333332,PGD,0.15,10,Web Attack - Brute Force - Attempted,,31
LR,PGD_eps0.15_it10,8,3,1.0,0.5,PGD,0.15,10,Web Attack - SQL,,31
LR,PGD_eps0.15_it10,3,0,,0.3333333333333333,PGD,0.15,10,Web Attack - SQL - Attempted,,31
LR,PGD_eps0.15_it10,18,0,,1.0,PGD,0.15,10,Web Attack - XSS,,31
LR,PGD_eps0.15_it10,1,0,,0.0,PGD,0.15,10,Web Attack - XSS - Attempted,,31
SVM,PGD_eps0.15_it10,60000,0,,,PGD,0.15,10,Benign,,31
SVM,PGD_eps0.15_it10,5986,5983,1.0,1.0,PGD,0.15,10,Botnet Ares,,31
SVM,PGD_eps0.15_it10,52,52,1.0,1.0,PGD,0.15,10,Botnet Ares - Attempted,,31
SVM,PGD_eps0.15_it10,5940,5940,1.0,1.0,PGD,0.15,10,DDoS-HOIC,,31
SVM,PGD_eps0.15_it10,5944,5944,0.9998317631224763,0.9998317631224763,PGD,0.15,10,DDoS-LOIC-HTTP,,31
SVM,PGD_eps0.15_it10,485,484,0.0165289256198347,0.0185567010309278,PGD,0.15,10,DDoS-LOIC-UDP,,31
SVM,PGD_eps0.15_it10,67,0,,0.7761194029850746,PGD,0.15,10,DDoS-LOIC-UDP - Attempted,,31
SVM,PGD_eps0.15_it10,4542,4542,0.998678996036988,0.998678996036988,PGD,0.15,10,DoS GoldenEye,,31
SVM,PGD_eps0.15_it10,851,851,1.0,1.0,PGD,0.15,10,DoS GoldenEye - Attempted,,31
SVM,PGD_eps0.15_it10,6058,6052,1.0,1.0,PGD,0.15,10,DoS Hulk,,31
SVM,PGD_eps0.15_it10,20,20,1.0,1.0,PGD,0.15,10,DoS Hulk - Attempted,,31
SVM,PGD_eps0.15_it10,1707,1656,1.0,1.0,PGD,0.15,10,DoS Slowloris,,31
SVM,PGD_eps0.15_it10,475,475,1.0,1.0,PGD,0.15,10,DoS Slowloris - Attempted,,31
SVM,PGD_eps0.15_it10,5992,5992,1.0,1.0,PGD,0.15,10,FTP-BruteForce - Attempted,,31
SVM,PGD_eps0.15_it10,41,39,0.9230769230769232,0.926829268292683,PGD,0.15,10,Infiltration - Communication Victim Attacker,,31
SVM,PGD_eps0.15_it10,19,4,0.5,0.2631578947368421,PGD,0.15,10,Infiltration - Dropbox Download,,31
SVM,PGD_eps0.15_it10,7,0,,0.1428571428571428,PGD,0.15,10,Infiltration - Dropbox Download - Attempted,,31
SVM,PGD_eps0.15_it10,6048,5078,0.9111855061047656,0.9173280423280424,PGD,0.15,10,Infiltration - NMAP Portscan,,31
SVM,PGD_eps0.15_it10,5985,5985,1.0,1.0,PGD,0.15,10,SSH-BruteForce,,31
SVM,PGD_eps0.15_it10,24,24,0.0,0.0,PGD,0.15,10,Web Attack - Brute Force,,31
SVM,PGD_eps0.15_it10,30,0,,0.9333333333333332,PGD,0.15,10,Web Attack - Brute Force - Attempted,,31
SVM,PGD_eps0.15_it10,8,4,0.75,0.5,PGD,0.15,10,Web Attack - SQL,,31
SVM,PGD_eps0.15_it10,3,0,,0.3333333333333333,PGD,0.15,10,Web Attack - SQL - Attempted,,31
SVM,PGD_eps0.15_it10,18,17,1.0,1.0,PGD,0.15,10,Web Attack - XSS,,31
SVM,PGD_eps0.15_it10,1,1,0.0,0.0,PGD,0.15,10,Web Attack - XSS - Attempted,,31
RF,PGD_eps0.15_it10,60000,0,,,PGD,0.15,10,Benign,,31
RF,PGD_eps0.15_it10,5986,5986,1.0,1.0,PGD,0.15,10,Botnet Ares,,31
RF,PGD_eps0.15_it10,52,52,1.0,1.0,PGD,0.15,10,Botnet Ares - Attempted,,31
RF,PGD_eps0.15_it10,5940,5940,1.0,1.0,PGD,0.15,10,DDoS-HOIC,,31
RF,PGD_eps0.15_it10,5944,5944,1.0,1.0,PGD,0.15,10,DDoS-LOIC-HTTP,,31
RF,PGD_eps0.15_it10,485,485,0.5876288659793815,0.5876288659793815,PGD,0.15,10,DDoS-LOIC-UDP,,31
RF,PGD_eps0.15_it10,67,65,1.0,1.0,PGD,0.15,10,DDoS-LOIC-UDP - Attempted,,31
RF,PGD_eps0.15_it10,4542,4542,1.0,1.0,PGD,0.15,10,DoS GoldenEye,,31
RF,PGD_eps0.15_it10,851,851,1.0,1.0,PGD,0.15,10,DoS GoldenEye - Attempted,,31
RF,PGD_eps0.15_it10,6058,6058,1.0,1.0,PGD,0.15,10,DoS Hulk,,31
RF,PGD_eps0.15_it10,20,20,1.0,1.0,PGD,0.15,10,DoS Hulk - Attempted,,31
RF,PGD_eps0.15_it10,1707,1707,0.9103690685413004,0.9103690685413004,PGD,0.15,10,DoS Slowloris,,31
RF,PGD_eps0.15_it10,475,475,1.0,1.0,PGD,0.15,10,DoS Slowloris - Attempted,,31
RF,PGD_eps0.15_it10,5992,5992,1.0,1.0,PGD,0.15,10,FTP-BruteForce - Attempted,,31
RF,PGD_eps0.15_it10,41,41,0.7560975609756098,0.7560975609756098,PGD,0.15,10,Infiltration - Communication Victim Attacker,,31
RF,PGD_eps0.15_it10,19,11,1.0,1.0,PGD,0.15,10,Infiltration - Dropbox Download,,31
RF,PGD_eps0.15_it10,7,0,,1.0,PGD,0.15,10,Infiltration - Dropbox Download - Attempted,,31
RF,PGD_eps0.15_it10,6048,6046,0.7813430367184916,0.781415343915344,PGD,0.15,10,Infiltration - NMAP Portscan,,31
RF,PGD_eps0.15_it10,5985,5985,1.0,1.0,PGD,0.15,10,SSH-BruteForce,,31
RF,PGD_eps0.15_it10,24,24,1.0,1.0,PGD,0.15,10,Web Attack - Brute Force,,31
RF,PGD_eps0.15_it10,30,29,1.0,1.0,PGD,0.15,10,Web Attack - Brute Force - Attempted,,31
RF,PGD_eps0.15_it10,8,7,0.4285714285714285,0.375,PGD,0.15,10,Web Attack - SQL,,31
RF,PGD_eps0.15_it10,3,3,0.6666666666666666,0.6666666666666666,PGD,0.15,10,Web Attack - SQL - Attempted,,31
RF,PGD_eps0.15_it10,18,18,0.0,0.0,PGD,0.15,10,Web Attack - XSS,,31
RF,PGD_eps0.15_it10,1,1,1.0,1.0,PGD,0.15,10,Web Attack - XSS - Attempted,,31
MLP,PGD_eps0.15_it10,60000,0,,,PGD,0.15,10,Benign,,31
MLP,PGD_eps0.15_it10,5986,5986,0.9943200801871032,0.9943200801871032,PGD,0.15,10,Botnet Ares,,31
MLP,PGD_eps0.15_it10,52,52,1.0,1.0,PGD,0.15,10,Botnet Ares - Attempted,,31
MLP,PGD_eps0.15_it10,5940,5940,1.0,1.0,PGD,0.15,10,DDoS-HOIC,,31
MLP,PGD_eps0.15_it10,5944,5943,1.0,0.9998317631224763,PGD,0.15,10,DDoS-LOIC-HTTP,,31
MLP,PGD_eps0.15_it10,485,485,0.002061855670103,0.002061855670103,PGD,0.15,10,DDoS-LOIC-UDP,,31
MLP,PGD_eps0.15_it10,67,52,1.0,0.7761194029850746,PGD,0.15,10,DDoS-LOIC-UDP - Attempted,,31
MLP,PGD_eps0.15_it10,4542,4542,1.0,1.0,PGD,0.15,10,DoS GoldenEye,,31
MLP,PGD_eps0.15_it10,851,851,1.0,1.0,PGD,0.15,10,DoS GoldenEye - Attempted,,31
MLP,PGD_eps0.15_it10,6058,6058,1.0,1.0,PGD,0.15,10,DoS Hulk,,31
MLP,PGD_eps0.15_it10,20,20,1.0,1.0,PGD,0.15,10,DoS Hulk - Attempted,,31
MLP,PGD_eps0.15_it10,1707,1707,1.0,1.0,PGD,0.15,10,DoS Slowloris,,31
MLP,PGD_eps0.15_it10,475,475,1.0,1.0,PGD,0.15,10,DoS Slowloris - Attempted,,31
MLP,PGD_eps0.15_it10,5992,5992,1.0,1.0,PGD,0.15,10,FTP-BruteForce - Attempted,,31
MLP,PGD_eps0.15_it10,41,39,0.6666666666666666,0.6585365853658537,PGD,0.15,10,Infiltration - Communication Victim Attacker,,31
MLP,PGD_eps0.15_it10,19,4,1.0,0.3684210526315789,PGD,0.15,10,Infiltration - Dropbox Download,,31
MLP,PGD_eps0.15_it10,7,0,,0.1428571428571428,PGD,0.15,10,Infiltration - Dropbox Download - Attempted,,31
MLP,PGD_eps0.15_it10,6048,5997,0.991829247957312,0.9836309523809524,PGD,0.15,10,Infiltration - NMAP Portscan,,31
MLP,PGD_eps0.15_it10,5985,5985,1.0,1.0,PGD,0.15,10,SSH-BruteForce,,31
MLP,PGD_eps0.15_it10,24,24,1.0,1.0,PGD,0.15,10,Web Attack - Brute Force,,31
MLP,PGD_eps0.15_it10,30,28,1.0,0.9333333333333332,PGD,0.15,10,Web Attack - Brute Force - Attempted,,31
MLP,PGD_eps0.15_it10,8,4,1.0,0.5,PGD,0.15,10,Web Attack - SQL,,31
MLP,PGD_eps0.15_it10,3,1,1.0,0.3333333333333333,PGD,0.15,10,Web Attack - SQL - Attempted,,31
MLP,PGD_eps0.15_it10,18,18,0.0,0.0,PGD,0.15,10,Web Attack - XSS,,31
MLP,PGD_eps0.15_it10,1,0,,0.0,PGD,0.15,10,Web Attack - XSS - Attempted,,31
LR,PGD_eps0.15_it25,60000,0,,,PGD,0.15,25,Benign,,31
LR,PGD_eps0.15_it25,5986,5986,0.999164717674574,0.999164717674574,PGD,0.15,25,Botnet Ares,,31
LR,PGD_eps0.15_it25,52,52,0.3461538461538461,0.3461538461538461,PGD,0.15,25,Botnet Ares - Attempted,,31
LR,PGD_eps0.15_it25,5940,5940,1.0,1.0,PGD,0.15,25,DDoS-HOIC,,31
LR,PGD_eps0.15_it25,5944,5944,0.9998317631224763,0.9998317631224763,PGD,0.15,25,DDoS-LOIC-HTTP,,31
LR,PGD_eps0.15_it25,485,482,0.0165975103734439,0.022680412371134,PGD,0.15,25,DDoS-LOIC-UDP,,31
LR,PGD_eps0.15_it25,67,0,,0.7910447761194029,PGD,0.15,25,DDoS-LOIC-UDP - Attempted,,31
LR,PGD_eps0.15_it25,4542,4542,0.9953764861294584,0.9953764861294584,PGD,0.15,25,DoS GoldenEye,,31
LR,PGD_eps0.15_it25,851,851,1.0,1.0,PGD,0.15,25,DoS GoldenEye - Attempted,,31
LR,PGD_eps0.15_it25,6058,6052,1.0,1.0,PGD,0.15,25,DoS Hulk,,31
LR,PGD_eps0.15_it25,20,20,1.0,1.0,PGD,0.15,25,DoS Hulk - Attempted,,31
LR,PGD_eps0.15_it25,1707,1656,1.0,1.0,PGD,0.15,25,DoS Slowloris,,31
LR,PGD_eps0.15_it25,475,475,1.0,1.0,PGD,0.15,25,DoS Slowloris - Attempted,,31
LR,PGD_eps0.15_it25,5992,5992,1.0,1.0,PGD,0.15,25,FTP-BruteForce - Attempted,,31
LR,PGD_eps0.15_it25,41,40,0.675,0.6829268292682927,PGD,0.15,25,Infiltration - Communication Victim Attacker,,31
LR,PGD_eps0.15_it25,19,9,0.4444444444444444,0.3157894736842105,PGD,0.15,25,Infiltration - Dropbox Download,,31
LR,PGD_eps0.15_it25,7,0,,0.1428571428571428,PGD,0.15,25,Infiltration - Dropbox Download - Attempted,,31
LR,PGD_eps0.15_it25,6048,4996,0.8520816653322658,0.8718584656084656,PGD,0.15,25,Infiltration - NMAP Portscan,,31
LR,PGD_eps0.15_it25,5985,5985,1.0,1.0,PGD,0.15,25,SSH-BruteForce,,31
LR,PGD_eps0.15_it25,24,24,0.0,0.0,PGD,0.15,25,Web Attack - Brute Force,,31
LR,PGD_eps0.15_it25,30,0,,0.9333333333333332,PGD,0.15,25,Web Attack - Brute Force - Attempted,,31
LR,PGD_eps0.15_it25,8,3,1.0,0.5,PGD,0.15,25,Web Attack - SQL,,31
LR,PGD_eps0.15_it25,3,0,,0.3333333333333333,PGD,0.15,25,Web Attack - SQL - Attempted,,31
LR,PGD_eps0.15_it25,18,0,,1.0,PGD,0.15,25,Web Attack - XSS,,31
LR,PGD_eps0.15_it25,1,0,,0.0,PGD,0.15,25,Web Attack - XSS - Attempted,,31
SVM,PGD_eps0.15_it25,60000,0,,,PGD,0.15,25,Benign,,31
SVM,PGD_eps0.15_it25,5986,5983,1.0,1.0,PGD,0.15,25,Botnet Ares,,31
SVM,PGD_eps0.15_it25,52,52,1.0,1.0,PGD,0.15,25,Botnet Ares - Attempted,,31
SVM,PGD_eps0.15_it25,5940,5940,1.0,1.0,PGD,0.15,25,DDoS-HOIC,,31
SVM,PGD_eps0.15_it25,5944,5944,0.9998317631224763,0.9998317631224763,PGD,0.15,25,DDoS-LOIC-HTTP,,31
SVM,PGD_eps0.15_it25,485,484,0.0165289256198347,0.0185567010309278,PGD,0.15,25,DDoS-LOIC-UDP,,31
SVM,PGD_eps0.15_it25,67,0,,0.7761194029850746,PGD,0.15,25,DDoS-LOIC-UDP - Attempted,,31
SVM,PGD_eps0.15_it25,4542,4542,0.998678996036988,0.998678996036988,PGD,0.15,25,DoS GoldenEye,,31
SVM,PGD_eps0.15_it25,851,851,1.0,1.0,PGD,0.15,25,DoS GoldenEye - Attempted,,31
SVM,PGD_eps0.15_it25,6058,6052,1.0,1.0,PGD,0.15,25,DoS Hulk,,31
SVM,PGD_eps0.15_it25,20,20,1.0,1.0,PGD,0.15,25,DoS Hulk - Attempted,,31
SVM,PGD_eps0.15_it25,1707,1656,1.0,1.0,PGD,0.15,25,DoS Slowloris,,31
SVM,PGD_eps0.15_it25,475,475,1.0,1.0,PGD,0.15,25,DoS Slowloris - Attempted,,31
SVM,PGD_eps0.15_it25,5992,5992,1.0,1.0,PGD,0.15,25,FTP-BruteForce - Attempted,,31
SVM,PGD_eps0.15_it25,41,39,0.9230769230769232,0.926829268292683,PGD,0.15,25,Infiltration - Communication Victim Attacker,,31
SVM,PGD_eps0.15_it25,19,4,0.5,0.2631578947368421,PGD,0.15,25,Infiltration - Dropbox Download,,31
SVM,PGD_eps0.15_it25,7,0,,0.1428571428571428,PGD,0.15,25,Infiltration - Dropbox Download - Attempted,,31
SVM,PGD_eps0.15_it25,6048,5078,0.9163056321386372,0.921626984126984,PGD,0.15,25,Infiltration - NMAP Portscan,,31
SVM,PGD_eps0.15_it25,5985,5985,1.0,1.0,PGD,0.15,25,SSH-BruteForce,,31
SVM,PGD_eps0.15_it25,24,24,0.0,0.0,PGD,0.15,25,Web Attack - Brute Force,,31
SVM,PGD_eps0.15_it25,30,0,,0.9333333333333332,PGD,0.15,25,Web Attack - Brute Force - Attempted,,31
SVM,PGD_eps0.15_it25,8,4,0.75,0.5,PGD,0.15,25,Web Attack - SQL,,31
SVM,PGD_eps0.15_it25,3,0,,0.3333333333333333,PGD,0.15,25,Web Attack - SQL - Attempted,,31
SVM,PGD_eps0.15_it25,18,17,1.0,1.0,PGD,0.15,25,Web Attack - XSS,,31
SVM,PGD_eps0.15_it25,1,1,0.0,0.0,PGD,0.15,25,Web Attack - XSS - Attempted,,31
RF,PGD_eps0.15_it25,60000,0,,,PGD,0.15,25,Benign,,31
RF,PGD_eps0.15_it25,5986,5986,1.0,1.0,PGD,0.15,25,Botnet Ares,,31
RF,PGD_eps0.15_it25,52,52,1.0,1.0,PGD,0.15,25,Botnet Ares - Attempted,,31
RF,PGD_eps0.15_it25,5940,5940,1.0,1.0,PGD,0.15,25,DDoS-HOIC,,31
RF,PGD_eps0.15_it25,5944,5944,1.0,1.0,PGD,0.15,25,DDoS-LOIC-HTTP,,31
RF,PGD_eps0.15_it25,485,485,0.5876288659793815,0.5876288659793815,PGD,0.15,25,DDoS-LOIC-UDP,,31
RF,PGD_eps0.15_it25,67,65,1.0,1.0,PGD,0.15,25,DDoS-LOIC-UDP - Attempted,,31
RF,PGD_eps0.15_it25,4542,4542,1.0,1.0,PGD,0.15,25,DoS GoldenEye,,31
RF,PGD_eps0.15_it25,851,851,1.0,1.0,PGD,0.15,25,DoS GoldenEye - Attempted,,31
RF,PGD_eps0.15_it25,6058,6058,1.0,1.0,PGD,0.15,25,DoS Hulk,,31
RF,PGD_eps0.15_it25,20,20,1.0,1.0,PGD,0.15,25,DoS Hulk - Attempted,,31
RF,PGD_eps0.15_it25,1707,1707,0.9103690685413004,0.9103690685413004,PGD,0.15,25,DoS Slowloris,,31
RF,PGD_eps0.15_it25,475,475,1.0,1.0,PGD,0.15,25,DoS Slowloris - Attempted,,31
RF,PGD_eps0.15_it25,5992,5992,1.0,1.0,PGD,0.15,25,FTP-BruteForce - Attempted,,31
RF,PGD_eps0.15_it25,41,41,0.7560975609756098,0.7560975609756098,PGD,0.15,25,Infiltration - Communication Victim Attacker,,31
RF,PGD_eps0.15_it25,19,11,1.0,1.0,PGD,0.15,25,Infiltration - Dropbox Download,,31
RF,PGD_eps0.15_it25,7,0,,1.0,PGD,0.15,25,Infiltration - Dropbox Download - Attempted,,31
RF,PGD_eps0.15_it25,6048,6046,0.8499834601389349,0.8500330687830688,PGD,0.15,25,Infiltration - NMAP Portscan,,31
RF,PGD_eps0.15_it25,5985,5985,1.0,1.0,PGD,0.15,25,SSH-BruteForce,,31
RF,PGD_eps0.15_it25,24,24,1.0,1.0,PGD,0.15,25,Web Attack - Brute Force,,31
RF,PGD_eps0.15_it25,30,29,1.0,1.0,PGD,0.15,25,Web Attack - Brute Force - Attempted,,31
RF,PGD_eps0.15_it25,8,7,0.4285714285714285,0.375,PGD,0.15,25,Web Attack - SQL,,31
RF,PGD_eps0.15_it25,3,3,0.6666666666666666,0.6666666666666666,PGD,0.15,25,Web Attack - SQL - Attempted,,31
RF,PGD_eps0.15_it25,18,18,0.0,0.0,PGD,0.15,25,Web Attack - XSS,,31
RF,PGD_eps0.15_it25,1,1,1.0,1.0,PGD,0.15,25,Web Attack - XSS - Attempted,,31
MLP,PGD_eps0.15_it25,60000,0,,,PGD,0.15,25,Benign,,31
MLP,PGD_eps0.15_it25,5986,5986,0.9943200801871032,0.9943200801871032,PGD,0.15,25,Botnet Ares,,31
MLP,PGD_eps0.15_it25,52,52,1.0,1.0,PGD,0.15,25,Botnet Ares - Attempted,,31
MLP,PGD_eps0.15_it25,5940,5940,1.0,1.0,PGD,0.15,25,DDoS-HOIC,,31
MLP,PGD_eps0.15_it25,5944,5943,1.0,0.9998317631224763,PGD,0.15,25,DDoS-LOIC-HTTP,,31
MLP,PGD_eps0.15_it25,485,485,0.002061855670103,0.002061855670103,PGD,0.15,25,DDoS-LOIC-UDP,,31
MLP,PGD_eps0.15_it25,67,52,1.0,0.7761194029850746,PGD,0.15,25,DDoS-LOIC-UDP - Attempted,,31
MLP,PGD_eps0.15_it25,4542,4542,1.0,1.0,PGD,0.15,25,DoS GoldenEye,,31
MLP,PGD_eps0.15_it25,851,851,1.0,1.0,PGD,0.15,25,DoS GoldenEye - Attempted,,31
MLP,PGD_eps0.15_it25,6058,6058,1.0,1.0,PGD,0.15,25,DoS Hulk,,31
MLP,PGD_eps0.15_it25,20,20,1.0,1.0,PGD,0.15,25,DoS Hulk - Attempted,,31
MLP,PGD_eps0.15_it25,1707,1707,1.0,1.0,PGD,0.15,25,DoS Slowloris,,31
MLP,PGD_eps0.15_it25,475,475,1.0,1.0,PGD,0.15,25,DoS Slowloris - Attempted,,31
MLP,PGD_eps0.15_it25,5992,5992,1.0,1.0,PGD,0.15,25,FTP-BruteForce - Attempted,,31
MLP,PGD_eps0.15_it25,41,39,0.6923076923076923,0.6829268292682927,PGD,0.15,25,Infiltration - Communication Victim Attacker,,31
MLP,PGD_eps0.15_it25,19,4,1.0,0.3684210526315789,PGD,0.15,25,Infiltration - Dropbox Download,,31
MLP,PGD_eps0.15_it25,7,0,,0.1428571428571428,PGD,0.15,25,Infiltration - Dropbox Download - Attempted,,31
MLP,PGD_eps0.15_it25,6048,5997,0.991829247957312,0.9836309523809524,PGD,0.15,25,Infiltration - NMAP Portscan,,31
MLP,PGD_eps0.15_it25,5985,5985,1.0,1.0,PGD,0.15,25,SSH-BruteForce,,31
MLP,PGD_eps0.15_it25,24,24,1.0,1.0,PGD,0.15,25,Web Attack - Brute Force,,31
MLP,PGD_eps0.15_it25,30,28,1.0,0.9333333333333332,PGD,0.15,25,Web Attack - Brute Force - Attempted,,31
MLP,PGD_eps0.15_it25,8,4,1.0,0.5,PGD,0.15,25,Web Attack - SQL,,31
MLP,PGD_eps0.15_it25,3,1,1.0,0.3333333333333333,PGD,0.15,25,Web Attack - SQL - Attempted,,31
MLP,PGD_eps0.15_it25,18,18,0.0,0.0,PGD,0.15,25,Web Attack - XSS,,31
MLP,PGD_eps0.15_it25,1,0,,0.0,PGD,0.15,25,Web Attack - XSS - Attempted,,31
LR,PGD_eps0.3_it10,60000,0,,,PGD,0.3,10,Benign,,31
LR,PGD_eps0.3_it10,5986,5986,1.0,1.0,PGD,0.3,10,Botnet Ares,,31
LR,PGD_eps0.3_it10,52,52,1.0,1.0,PGD,0.3,10,Botnet Ares - Attempted,,31
LR,PGD_eps0.3_it10,5940,5940,1.0,1.0,PGD,0.3,10,DDoS-HOIC,,31
LR,PGD_eps0.3_it10,5944,5944,0.9998317631224763,0.9998317631224763,PGD,0.3,10,DDoS-LOIC-HTTP,,31
LR,PGD_eps0.3_it10,485,482,0.0186721991701244,0.0247422680412371,PGD,0.3,10,DDoS-LOIC-UDP,,31
LR,PGD_eps0.3_it10,67,0,,0.7761194029850746,PGD,0.3,10,DDoS-LOIC-UDP - Attempted,,31
LR,PGD_eps0.3_it10,4542,4542,1.0,1.0,PGD,0.3,10,DoS GoldenEye,,31
LR,PGD_eps0.3_it10,851,851,1.0,1.0,PGD,0.3,10,DoS GoldenEye - Attempted,,31
LR,PGD_eps0.3_it10,6058,6052,1.0,1.0,PGD,0.3,10,DoS Hulk,,31
LR,PGD_eps0.3_it10,20,20,1.0,1.0,PGD,0.3,10,DoS Hulk - Attempted,,31
LR,PGD_eps0.3_it10,1707,1656,1.0,1.0,PGD,0.3,10,DoS Slowloris,,31
LR,PGD_eps0.3_it10,475,475,1.0,1.0,PGD,0.3,10,DoS Slowloris - Attempted,,31
LR,PGD_eps0.3_it10,5992,5992,1.0,1.0,PGD,0.3,10,FTP-BruteForce - Attempted,,31
LR,PGD_eps0.3_it10,41,40,0.775,0.7804878048780488,PGD,0.3,10,Infiltration - Communication Victim Attacker,,31
LR,PGD_eps0.3_it10,19,9,0.4444444444444444,0.2105263157894736,PGD,0.3,10,Infiltration - Dropbox Download,,31
LR,PGD_eps0.3_it10,7,0,,0.1428571428571428,PGD,0.3,10,Infiltration - Dropbox Download - Attempted,,31
LR,PGD_eps0.3_it10,6048,4996,0.921937550040032,0.9275793650793652,PGD,0.3,10,Infiltration - NMAP Portscan,,31
LR,PGD_eps0.3_it10,5985,5985,1.0,1.0,PGD,0.3,10,SSH-BruteForce,,31
LR,PGD_eps0.3_it10,24,24,0.0,0.0,PGD,0.3,10,Web Attack - Brute Force,,31
LR,PGD_eps0.3_it10,30,0,,0.9333333333333332,PGD,0.3,10,Web Attack - Brute Force - Attempted,,31
LR,PGD_eps0.3_it10,8,3,1.0,0.5,PGD,0.3,10,Web Attack - SQL,,31
LR,PGD_eps0.3_it10,3,0,,0.3333333333333333,PGD,0.3,10,Web Attack - SQL - Attempted,,31
LR,PGD_eps0.3_it10,18,0,,1.0,PGD,0.3,10,Web Attack - XSS,,31
LR,PGD_eps0.3_it10,1,0,,0.0,PGD,0.3,10,Web Attack - XSS - Attempted,,31
SVM,PGD_eps0.3_it10,60000,0,,,PGD,0.3,10,Benign,,31
SVM,PGD_eps0.3_it10,5986,5983,1.0,1.0,PGD,0.3,10,Botnet Ares,,31
SVM,PGD_eps0.3_it10,52,52,1.0,1.0,PGD,0.3,10,Botnet Ares - Attempted,,31
SVM,PGD_eps0.3_it10,5940,5940,1.0,1.0,PGD,0.3,10,DDoS-HOIC,,31
SVM,PGD_eps0.3_it10,5944,5944,0.9998317631224763,0.9998317631224763,PGD,0.3,10,DDoS-LOIC-HTTP,,31
SVM,PGD_eps0.3_it10,485,484,0.018595041322314,0.0206185567010309,PGD,0.3,10,DDoS-LOIC-UDP,,31
SVM,PGD_eps0.3_it10,67,0,,0.7761194029850746,PGD,0.3,10,DDoS-LOIC-UDP - Attempted,,31
SVM,PGD_eps0.3_it10,4542,4542,1.0,1.0,PGD,0.3,10,DoS GoldenEye,,31
SVM,PGD_eps0.3_it10,851,851,1.0,1.0,PGD,0.3,10,DoS GoldenEye - Attempted,,31
SVM,PGD_eps0.3_it10,6058,6052,1.0,1.0,PGD,0.3,10,DoS Hulk,,31
SVM,PGD_eps0.3_it10,20,20,1.0,1.0,PGD,0.3,10,DoS Hulk - Attempted,,31
SVM,PGD_eps0.3_it10,1707,1656,1.0,1.0,PGD,0.3,10,DoS Slowloris,,31
SVM,PGD_eps0.3_it10,475,475,1.0,1.0,PGD,0.3,10,DoS Slowloris - Attempted,,31
SVM,PGD_eps0.3_it10,5992,5992,1.0,1.0,PGD,0.3,10,FTP-BruteForce - Attempted,,31
SVM,PGD_eps0.3_it10,41,39,0.9743589743589745,0.975609756097561,PGD,0.3,10,Infiltration - Communication Victim Attacker,,31
SVM,PGD_eps0.3_it10,19,4,0.5,0.2105263157894736,PGD,0.3,10,Infiltration - Dropbox Download,,31
SVM,PGD_eps0.3_it10,7,0,,0.0,PGD,0.3,10,Infiltration - Dropbox Download - Attempted,,31
SVM,PGD_eps0.3_it10,6048,5078,0.9789287120913746,0.9742063492063492,PGD,0.3,10,Infiltration - NMAP Portscan,,31
SVM,PGD_eps0.3_it10,5985,5985,1.0,1.0,PGD,0.3,10,SSH-BruteForce,,31
SVM,PGD_eps0.3_it10,24,24,1.0,1.0,PGD,0.3,10,Web Attack - Brute Force,,31
SVM,PGD_eps0.3_it10,30,0,,0.9333333333333332,PGD,0.3,10,Web Attack - Brute Force - Attempted,,31
SVM,PGD_eps0.3_it10,8,4,0.75,0.5,PGD,0.3,10,Web Attack - SQL,,31
SVM,PGD_eps0.3_it10,3,0,,0.3333333333333333,PGD,0.3,10,Web Attack - SQL - Attempted,,31
SVM,PGD_eps0.3_it10,18,17,1.0,1.0,PGD,0.3,10,Web Attack - XSS,,31
SVM,PGD_eps0.3_it10,1,1,0.0,0.0,PGD,0.3,10,Web Attack - XSS - Attempted,,31
RF,PGD_eps0.3_it10,60000,0,,,PGD,0.3,10,Benign,,31
RF,PGD_eps0.3_it10,5986,5986,1.0,1.0,PGD,0.3,10,Botnet Ares,,31
RF,PGD_eps0.3_it10,52,52,1.0,1.0,PGD,0.3,10,Botnet Ares - Attempted,,31
RF,PGD_eps0.3_it10,5940,5940,1.0,1.0,PGD,0.3,10,DDoS-HOIC,,31
RF,PGD_eps0.3_it10,5944,5944,1.0,1.0,PGD,0.3,10,DDoS-LOIC-HTTP,,31
RF,PGD_eps0.3_it10,485,485,0.5896907216494846,0.5896907216494846,PGD,0.3,10,DDoS-LOIC-UDP,,31
RF,PGD_eps0.3_it10,67,65,1.0,1.0,PGD,0.3,10,DDoS-LOIC-UDP - Attempted,,31
RF,PGD_eps0.3_it10,4542,4542,1.0,1.0,PGD,0.3,10,DoS GoldenEye,,31
RF,PGD_eps0.3_it10,851,851,1.0,1.0,PGD,0.3,10,DoS GoldenEye - Attempted,,31
RF,PGD_eps0.3_it10,6058,6058,1.0,1.0,PGD,0.3,10,DoS Hulk,,31
RF,PGD_eps0.3_it10,20,20,1.0,1.0,PGD,0.3,10,DoS Hulk - Attempted,,31
RF,PGD_eps0.3_it10,1707,1707,0.705916813122437,0.705916813122437,PGD,0.3,10,DoS Slowloris,,31
RF,PGD_eps0.3_it10,475,475,1.0,1.0,PGD,0.3,10,DoS Slowloris - Attempted,,31
RF,PGD_eps0.3_it10,5992,5992,1.0,1.0,PGD,0.3,10,FTP-BruteForce - Attempted,,31
RF,PGD_eps0.3_it10,41,41,0.902439024390244,0.902439024390244,PGD,0.3,10,Infiltration - Communication Victim Attacker,,31
RF,PGD_eps0.3_it10,19,11,1.0,0.9473684210526316,PGD,0.3,10,Infiltration - Dropbox Download,,31
RF,PGD_eps0.3_it10,7,0,,1.0,PGD,0.3,10,Infiltration - Dropbox Download - Attempted,,31
RF,PGD_eps0.3_it10,6048,6046,0.8706582864703937,0.8707010582010583,PGD,0.3,10,Infiltration - NMAP Portscan,,31
RF,PGD_eps0.3_it10,5985,5985,1.0,1.0,PGD,0.3,10,SSH-BruteForce,,31
RF,PGD_eps0.3_it10,24,24,1.0,1.0,PGD,0.3,10,Web Attack - Brute Force,,31
RF,PGD_eps0.3_it10,30,29,0.9655172413793104,0.9666666666666668,PGD,0.3,10,Web Attack - Brute Force - Attempted,,31
RF,PGD_eps0.3_it10,8,7,0.2857142857142857,0.375,PGD,0.3,10,Web Attack - SQL,,31
RF,PGD_eps0.3_it10,3,3,0.3333333333333333,0.3333333333333333,PGD,0.3,10,Web Attack - SQL - Attempted,,31
RF,PGD_eps0.3_it10,18,18,0.9444444444444444,0.9444444444444444,PGD,0.3,10,Web Attack - XSS,,31
RF,PGD_eps0.3_it10,1,1,0.0,0.0,PGD,0.3,10,Web Attack - XSS - Attempted,,31
MLP,PGD_eps0.3_it10,60000,0,,,PGD,0.3,10,Benign,,31
MLP,PGD_eps0.3_it10,5986,5986,0.9943200801871032,0.9943200801871032,PGD,0.3,10,Botnet Ares,,31
MLP,PGD_eps0.3_it10,52,52,1.0,1.0,PGD,0.3,10,Botnet Ares - Attempted,,31
MLP,PGD_eps0.3_it10,5940,5940,1.0,1.0,PGD,0.3,10,DDoS-HOIC,,31
MLP,PGD_eps0.3_it10,5944,5943,1.0,0.9998317631224763,PGD,0.3,10,DDoS-LOIC-HTTP,,31
MLP,PGD_eps0.3_it10,485,485,0.0082474226804123,0.0082474226804123,PGD,0.3,10,DDoS-LOIC-UDP,,31
MLP,PGD_eps0.3_it10,67,52,1.0,0.7761194029850746,PGD,0.3,10,DDoS-LOIC-UDP - Attempted,,31
MLP,PGD_eps0.3_it10,4542,4542,1.0,1.0,PGD,0.3,10,DoS GoldenEye,,31
MLP,PGD_eps0.3_it10,851,851,1.0,1.0,PGD,0.3,10,DoS GoldenEye - Attempted,,31
MLP,PGD_eps0.3_it10,6058,6058,1.0,1.0,PGD,0.3,10,DoS Hulk,,31
MLP,PGD_eps0.3_it10,20,20,1.0,1.0,PGD,0.3,10,DoS Hulk - Attempted,,31
MLP,PGD_eps0.3_it10,1707,1707,1.0,1.0,PGD,0.3,10,DoS Slowloris,,31
MLP,PGD_eps0.3_it10,475,475,1.0,1.0,PGD,0.3,10,DoS Slowloris - Attempted,,31
MLP,PGD_eps0.3_it10,5992,5992,1.0,1.0,PGD,0.3,10,FTP-BruteForce - Attempted,,31
MLP,PGD_eps0.3_it10,41,39,0.8205128205128205,0.8048780487804879,PGD,0.3,10,Infiltration - Communication Victim Attacker,,31
MLP,PGD_eps0.3_it10,19,4,1.0,0.3157894736842105,PGD,0.3,10,Infiltration - Dropbox Download,,31
MLP,PGD_eps0.3_it10,7,0,,0.1428571428571428,PGD,0.3,10,Infiltration - Dropbox Download - Attempted,,31
MLP,PGD_eps0.3_it10,6048,5997,1.0,0.9917328042328042,PGD,0.3,10,Infiltration - NMAP Portscan,,31
MLP,PGD_eps0.3_it10,5985,5985,1.0,1.0,PGD,0.3,10,SSH-BruteForce,,31
MLP,PGD_eps0.3_it10,24,24,1.0,1.0,PGD,0.3,10,Web Attack - Brute Force,,31
MLP,PGD_eps0.3_it10,30,28,1.0,0.9333333333333332,PGD,0.3,10,Web Attack - Brute Force - Attempted,,31
MLP,PGD_eps0.3_it10,8,4,1.0,0.5,PGD,0.3,10,Web Attack - SQL,,31
MLP,PGD_eps0.3_it10,3,1,1.0,0.3333333333333333,PGD,0.3,10,Web Attack - SQL - Attempted,,31
MLP,PGD_eps0.3_it10,18,18,0.0555555555555555,0.0555555555555555,PGD,0.3,10,Web Attack - XSS,,31
MLP,PGD_eps0.3_it10,1,0,,0.0,PGD,0.3,10,Web Attack - XSS - Attempted,,31
LR,PGD_eps0.3_it25,60000,0,,,PGD,0.3,25,Benign,,31
LR,PGD_eps0.3_it25,5986,5986,1.0,1.0,PGD,0.3,25,Botnet Ares,,31
LR,PGD_eps0.3_it25,52,52,1.0,1.0,PGD,0.3,25,Botnet Ares - Attempted,,31
LR,PGD_eps0.3_it25,5940,5940,1.0,1.0,PGD,0.3,25,DDoS-HOIC,,31
LR,PGD_eps0.3_it25,5944,5944,0.9998317631224763,0.9998317631224763,PGD,0.3,25,DDoS-LOIC-HTTP,,31
LR,PGD_eps0.3_it25,485,482,0.0186721991701244,0.0247422680412371,PGD,0.3,25,DDoS-LOIC-UDP,,31
LR,PGD_eps0.3_it25,67,0,,0.7761194029850746,PGD,0.3,25,DDoS-LOIC-UDP - Attempted,,31
LR,PGD_eps0.3_it25,4542,4542,1.0,1.0,PGD,0.3,25,DoS GoldenEye,,31
LR,PGD_eps0.3_it25,851,851,1.0,1.0,PGD,0.3,25,DoS GoldenEye - Attempted,,31
LR,PGD_eps0.3_it25,6058,6052,1.0,1.0,PGD,0.3,25,DoS Hulk,,31
LR,PGD_eps0.3_it25,20,20,1.0,1.0,PGD,0.3,25,DoS Hulk - Attempted,,31
LR,PGD_eps0.3_it25,1707,1656,1.0,1.0,PGD,0.3,25,DoS Slowloris,,31
LR,PGD_eps0.3_it25,475,475,1.0,1.0,PGD,0.3,25,DoS Slowloris - Attempted,,31
LR,PGD_eps0.3_it25,5992,5992,1.0,1.0,PGD,0.3,25,FTP-BruteForce - Attempted,,31
LR,PGD_eps0.3_it25,41,40,0.775,0.7804878048780488,PGD,0.3,25,Infiltration - Communication Victim Attacker,,31
LR,PGD_eps0.3_it25,19,9,0.4444444444444444,0.2105263157894736,PGD,0.3,25,Infiltration - Dropbox Download,,31
LR,PGD_eps0.3_it25,7,0,,0.1428571428571428,PGD,0.3,25,Infiltration - Dropbox Download - Attempted,,31
LR,PGD_eps0.3_it25,6048,4996,0.94595676541233,0.9474206349206348,PGD,0.3,25,Infiltration - NMAP Portscan,,31
LR,PGD_eps0.3_it25,5985,5985,1.0,1.0,PGD,0.3,25,SSH-BruteForce,,31
LR,PGD_eps0.3_it25,24,24,0.0,0.0,PGD,0.3,25,Web Attack - Brute Force,,31
LR,PGD_eps0.3_it25,30,0,,0.9333333333333332,PGD,0.3,25,Web Attack - Brute Force - Attempted,,31
LR,PGD_eps0.3_it25,8,3,1.0,0.5,PGD,0.3,25,Web Attack - SQL,,31
LR,PGD_eps0.3_it25,3,0,,0.3333333333333333,PGD,0.3,25,Web Attack - SQL - Attempted,,31
LR,PGD_eps0.3_it25,18,0,,1.0,PGD,0.3,25,Web Attack - XSS,,31
LR,PGD_eps0.3_it25,1,0,,0.0,PGD,0.3,25,Web Attack - XSS - Attempted,,31
SVM,PGD_eps0.3_it25,60000,0,,,PGD,0.3,25,Benign,,31
SVM,PGD_eps0.3_it25,5986,5983,1.0,1.0,PGD,0.3,25,Botnet Ares,,31
SVM,PGD_eps0.3_it25,52,52,1.0,1.0,PGD,0.3,25,Botnet Ares - Attempted,,31
SVM,PGD_eps0.3_it25,5940,5940,1.0,1.0,PGD,0.3,25,DDoS-HOIC,,31
SVM,PGD_eps0.3_it25,5944,5944,0.9998317631224763,0.9998317631224763,PGD,0.3,25,DDoS-LOIC-HTTP,,31
SVM,PGD_eps0.3_it25,485,484,0.018595041322314,0.0206185567010309,PGD,0.3,25,DDoS-LOIC-UDP,,31
SVM,PGD_eps0.3_it25,67,0,,0.7761194029850746,PGD,0.3,25,DDoS-LOIC-UDP - Attempted,,31
SVM,PGD_eps0.3_it25,4542,4542,1.0,1.0,PGD,0.3,25,DoS GoldenEye,,31
SVM,PGD_eps0.3_it25,851,851,1.0,1.0,PGD,0.3,25,DoS GoldenEye - Attempted,,31
SVM,PGD_eps0.3_it25,6058,6052,1.0,1.0,PGD,0.3,25,DoS Hulk,,31
SVM,PGD_eps0.3_it25,20,20,1.0,1.0,PGD,0.3,25,DoS Hulk - Attempted,,31
SVM,PGD_eps0.3_it25,1707,1656,1.0,1.0,PGD,0.3,25,DoS Slowloris,,31
SVM,PGD_eps0.3_it25,475,475,1.0,1.0,PGD,0.3,25,DoS Slowloris - Attempted,,31
SVM,PGD_eps0.3_it25,5992,5992,1.0,1.0,PGD,0.3,25,FTP-BruteForce - Attempted,,31
SVM,PGD_eps0.3_it25,41,39,0.9487179487179488,0.951219512195122,PGD,0.3,25,Infiltration - Communication Victim Attacker,,31
SVM,PGD_eps0.3_it25,19,4,0.5,0.2105263157894736,PGD,0.3,25,Infiltration - Dropbox Download,,31
SVM,PGD_eps0.3_it25,7,0,,0.0,PGD,0.3,25,Infiltration - Dropbox Download - Attempted,,31
SVM,PGD_eps0.3_it25,6048,5078,0.9789287120913746,0.9742063492063492,PGD,0.3,25,Infiltration - NMAP Portscan,,31
SVM,PGD_eps0.3_it25,5985,5985,1.0,1.0,PGD,0.3,25,SSH-BruteForce,,31
SVM,PGD_eps0.3_it25,24,24,1.0,1.0,PGD,0.3,25,Web Attack - Brute Force,,31
SVM,PGD_eps0.3_it25,30,0,,0.9333333333333332,PGD,0.3,25,Web Attack - Brute Force - Attempted,,31
SVM,PGD_eps0.3_it25,8,4,0.75,0.5,PGD,0.3,25,Web Attack - SQL,,31
SVM,PGD_eps0.3_it25,3,0,,0.3333333333333333,PGD,0.3,25,Web Attack - SQL - Attempted,,31
SVM,PGD_eps0.3_it25,18,17,1.0,1.0,PGD,0.3,25,Web Attack - XSS,,31
SVM,PGD_eps0.3_it25,1,1,0.0,0.0,PGD,0.3,25,Web Attack - XSS - Attempted,,31
RF,PGD_eps0.3_it25,60000,0,,,PGD,0.3,25,Benign,,31
RF,PGD_eps0.3_it25,5986,5986,1.0,1.0,PGD,0.3,25,Botnet Ares,,31
RF,PGD_eps0.3_it25,52,52,1.0,1.0,PGD,0.3,25,Botnet Ares - Attempted,,31
RF,PGD_eps0.3_it25,5940,5940,1.0,1.0,PGD,0.3,25,DDoS-HOIC,,31
RF,PGD_eps0.3_it25,5944,5944,1.0,1.0,PGD,0.3,25,DDoS-LOIC-HTTP,,31
RF,PGD_eps0.3_it25,485,485,0.5896907216494846,0.5896907216494846,PGD,0.3,25,DDoS-LOIC-UDP,,31
RF,PGD_eps0.3_it25,67,65,1.0,1.0,PGD,0.3,25,DDoS-LOIC-UDP - Attempted,,31
RF,PGD_eps0.3_it25,4542,4542,1.0,1.0,PGD,0.3,25,DoS GoldenEye,,31
RF,PGD_eps0.3_it25,851,851,1.0,1.0,PGD,0.3,25,DoS GoldenEye - Attempted,,31
RF,PGD_eps0.3_it25,6058,6058,1.0,1.0,PGD,0.3,25,DoS Hulk,,31
RF,PGD_eps0.3_it25,20,20,1.0,1.0,PGD,0.3,25,DoS Hulk - Attempted,,31
RF,PGD_eps0.3_it25,1707,1707,0.9173989455184536,0.9173989455184536,PGD,0.3,25,DoS Slowloris,,31
RF,PGD_eps0.3_it25,475,475,1.0,1.0,PGD,0.3,25,DoS Slowloris - Attempted,,31
RF,PGD_eps0.3_it25,5992,5992,1.0,1.0,PGD,0.3,25,FTP-BruteForce - Attempted,,31
RF,PGD_eps0.3_it25,41,41,0.926829268292683,0.926829268292683,PGD,0.3,25,Infiltration - Communication Victim Attacker,,31
RF,PGD_eps0.3_it25,19,11,1.0,1.0,PGD,0.3,25,Infiltration - Dropbox Download,,31
RF,PGD_eps0.3_it25,7,0,,1.0,PGD,0.3,25,Infiltration - Dropbox Download - Attempted,,31
RF,PGD_eps0.3_it25,6048,6046,0.9890836916969896,0.9890873015873016,PGD,0.3,25,Infiltration - NMAP Portscan,,31
RF,PGD_eps0.3_it25,5985,5985,1.0,1.0,PGD,0.3,25,SSH-BruteForce,,31
RF,PGD_eps0.3_it25,24,24,1.0,1.0,PGD,0.3,25,Web Attack - Brute Force,,31
RF,PGD_eps0.3_it25,30,29,0.9655172413793104,0.9666666666666668,PGD,0.3,25,Web Attack - Brute Force - Attempted,,31
RF,PGD_eps0.3_it25,8,7,0.1428571428571428,0.25,PGD,0.3,25,Web Attack - SQL,,31
RF,PGD_eps0.3_it25,3,3,0.3333333333333333,0.3333333333333333,PGD,0.3,25,Web Attack - SQL - Attempted,,31
RF,PGD_eps0.3_it25,18,18,0.9444444444444444,0.9444444444444444,PGD,0.3,25,Web Attack - XSS,,31
RF,PGD_eps0.3_it25,1,1,0.0,0.0,PGD,0.3,25,Web Attack - XSS - Attempted,,31
MLP,PGD_eps0.3_it25,60000,0,,,PGD,0.3,25,Benign,,31
MLP,PGD_eps0.3_it25,5986,5986,0.9943200801871032,0.9943200801871032,PGD,0.3,25,Botnet Ares,,31
MLP,PGD_eps0.3_it25,52,52,1.0,1.0,PGD,0.3,25,Botnet Ares - Attempted,,31
MLP,PGD_eps0.3_it25,5940,5940,1.0,1.0,PGD,0.3,25,DDoS-HOIC,,31
MLP,PGD_eps0.3_it25,5944,5943,1.0,0.9998317631224763,PGD,0.3,25,DDoS-LOIC-HTTP,,31
MLP,PGD_eps0.3_it25,485,485,0.0082474226804123,0.0082474226804123,PGD,0.3,25,DDoS-LOIC-UDP,,31
MLP,PGD_eps0.3_it25,67,52,1.0,0.7761194029850746,PGD,0.3,25,DDoS-LOIC-UDP - Attempted,,31
MLP,PGD_eps0.3_it25,4542,4542,1.0,1.0,PGD,0.3,25,DoS GoldenEye,,31
MLP,PGD_eps0.3_it25,851,851,1.0,1.0,PGD,0.3,25,DoS GoldenEye - Attempted,,31
MLP,PGD_eps0.3_it25,6058,6058,1.0,1.0,PGD,0.3,25,DoS Hulk,,31
MLP,PGD_eps0.3_it25,20,20,1.0,1.0,PGD,0.3,25,DoS Hulk - Attempted,,31
MLP,PGD_eps0.3_it25,1707,1707,1.0,1.0,PGD,0.3,25,DoS Slowloris,,31
MLP,PGD_eps0.3_it25,475,475,1.0,1.0,PGD,0.3,25,DoS Slowloris - Attempted,,31
MLP,PGD_eps0.3_it25,5992,5992,1.0,1.0,PGD,0.3,25,FTP-BruteForce - Attempted,,31
MLP,PGD_eps0.3_it25,41,39,0.8205128205128205,0.8048780487804879,PGD,0.3,25,Infiltration - Communication Victim Attacker,,31
MLP,PGD_eps0.3_it25,19,4,1.0,0.3157894736842105,PGD,0.3,25,Infiltration - Dropbox Download,,31
MLP,PGD_eps0.3_it25,7,0,,0.1428571428571428,PGD,0.3,25,Infiltration - Dropbox Download - Attempted,,31
MLP,PGD_eps0.3_it25,6048,5997,1.0,0.9917328042328042,PGD,0.3,25,Infiltration - NMAP Portscan,,31
MLP,PGD_eps0.3_it25,5985,5985,1.0,1.0,PGD,0.3,25,SSH-BruteForce,,31
MLP,PGD_eps0.3_it25,24,24,1.0,1.0,PGD,0.3,25,Web Attack - Brute Force,,31
MLP,PGD_eps0.3_it25,30,28,1.0,0.9333333333333332,PGD,0.3,25,Web Attack - Brute Force - Attempted,,31
MLP,PGD_eps0.3_it25,8,4,1.0,0.5,PGD,0.3,25,Web Attack - SQL,,31
MLP,PGD_eps0.3_it25,3,1,1.0,0.3333333333333333,PGD,0.3,25,Web Attack - SQL - Attempted,,31
MLP,PGD_eps0.3_it25,18,18,0.0555555555555555,0.0555555555555555,PGD,0.3,25,Web Attack - XSS,,31
MLP,PGD_eps0.3_it25,1,0,,0.0,PGD,0.3,25,Web Attack - XSS - Attempted,,31
LR,PGD_eps0.5_it10,60000,0,,,PGD,0.5,10,Benign,,31
LR,PGD_eps0.5_it10,5986,5986,1.0,1.0,PGD,0.5,10,Botnet Ares,,31
LR,PGD_eps0.5_it10,52,52,1.0,1.0,PGD,0.5,10,Botnet Ares - Attempted,,31
LR,PGD_eps0.5_it10,5940,5940,1.0,1.0,PGD,0.5,10,DDoS-HOIC,,31
LR,PGD_eps0.5_it10,5944,5944,0.9998317631224763,0.9998317631224763,PGD,0.5,10,DDoS-LOIC-HTTP,,31
LR,PGD_eps0.5_it10,485,482,0.0228215767634854,0.0288659793814433,PGD,0.5,10,DDoS-LOIC-UDP,,31
LR,PGD_eps0.5_it10,67,0,,0.7761194029850746,PGD,0.5,10,DDoS-LOIC-UDP - Attempted,,31
LR,PGD_eps0.5_it10,4542,4542,1.0,1.0,PGD,0.5,10,DoS GoldenEye,,31
LR,PGD_eps0.5_it10,851,851,1.0,1.0,PGD,0.5,10,DoS GoldenEye - Attempted,,31
LR,PGD_eps0.5_it10,6058,6052,1.0,1.0,PGD,0.5,10,DoS Hulk,,31
LR,PGD_eps0.5_it10,20,20,1.0,1.0,PGD,0.5,10,DoS Hulk - Attempted,,31
LR,PGD_eps0.5_it10,1707,1656,1.0,1.0,PGD,0.5,10,DoS Slowloris,,31
LR,PGD_eps0.5_it10,475,475,1.0,1.0,PGD,0.5,10,DoS Slowloris - Attempted,,31
LR,PGD_eps0.5_it10,5992,5992,1.0,1.0,PGD,0.5,10,FTP-BruteForce - Attempted,,31
LR,PGD_eps0.5_it10,41,40,0.825,0.8292682926829268,PGD,0.5,10,Infiltration - Communication Victim Attacker,,31
LR,PGD_eps0.5_it10,19,9,0.4444444444444444,0.2105263157894736,PGD,0.5,10,Infiltration - Dropbox Download,,31
LR,PGD_eps0.5_it10,7,0,,0.1428571428571428,PGD,0.5,10,Infiltration - Dropbox Download - Attempted,,31
LR,PGD_eps0.5_it10,6048,4996,0.9765812650120096,0.972718253968254,PGD,0.5,10,Infiltration - NMAP Portscan,,31
LR,PGD_eps0.5_it10,5985,5985,1.0,1.0,PGD,0.5,10,SSH-BruteForce,,31
LR,PGD_eps0.5_it10,24,24,1.0,1.0,PGD,0.5,10,Web Attack - Brute Force,,31
LR,PGD_eps0.5_it10,30,0,,0.9333333333333332,PGD,0.5,10,Web Attack - Brute Force - Attempted,,31
LR,PGD_eps0.5_it10,8,3,1.0,0.5,PGD,0.5,10,Web Attack - SQL,,31
LR,PGD_eps0.5_it10,3,0,,0.3333333333333333,PGD,0.5,10,Web Attack - SQL - Attempted,,31
LR,PGD_eps0.5_it10,18,0,,1.0,PGD,0.5,10,Web Attack - XSS,,31
LR,PGD_eps0.5_it10,1,0,,0.0,PGD,0.5,10,Web Attack - XSS - Attempted,,31
SVM,PGD_eps0.5_it10,60000,0,,,PGD,0.5,10,Benign,,31
SVM,PGD_eps0.5_it10,5986,5983,1.0,1.0,PGD,0.5,10,Botnet Ares,,31
SVM,PGD_eps0.5_it10,52,52,1.0,1.0,PGD,0.5,10,Botnet Ares - Attempted,,31
SVM,PGD_eps0.5_it10,5940,5940,1.0,1.0,PGD,0.5,10,DDoS-HOIC,,31
SVM,PGD_eps0.5_it10,5944,5944,0.9998317631224763,0.9998317631224763,PGD,0.5,10,DDoS-LOIC-HTTP,,31
SVM,PGD_eps0.5_it10,485,484,0.0227272727272727,0.0247422680412371,PGD,0.5,10,DDoS-LOIC-UDP,,31
SVM,PGD_eps0.5_it10,67,0,,0.7761194029850746,PGD,0.5,10,DDoS-LOIC-UDP - Attempted,,31
SVM,PGD_eps0.5_it10,4542,4542,1.0,1.0,PGD,0.5,10,DoS GoldenEye,,31
SVM,PGD_eps0.5_it10,851,851,1.0,1.0,PGD,0.5,10,DoS GoldenEye - Attempted,,31
SVM,PGD_eps0.5_it10,6058,6052,1.0,1.0,PGD,0.5,10,DoS Hulk,,31
SVM,PGD_eps0.5_it10,20,20,1.0,1.0,PGD,0.5,10,DoS Hulk - Attempted,,31
SVM,PGD_eps0.5_it10,1707,1656,1.0,1.0,PGD,0.5,10,DoS Slowloris,,31
SVM,PGD_eps0.5_it10,475,475,1.0,1.0,PGD,0.5,10,DoS Slowloris - Attempted,,31
SVM,PGD_eps0.5_it10,5992,5992,1.0,1.0,PGD,0.5,10,FTP-BruteForce - Attempted,,31
SVM,PGD_eps0.5_it10,41,39,0.9743589743589745,0.975609756097561,PGD,0.5,10,Infiltration - Communication Victim Attacker,,31
SVM,PGD_eps0.5_it10,19,4,0.5,0.2105263157894736,PGD,0.5,10,Infiltration - Dropbox Download,,31
SVM,PGD_eps0.5_it10,7,0,,0.0,PGD,0.5,10,Infiltration - Dropbox Download - Attempted,,31
SVM,PGD_eps0.5_it10,6048,5078,0.9830641985033478,0.9776785714285714,PGD,0.5,10,Infiltration - NMAP Portscan,,31
SVM,PGD_eps0.5_it10,5985,5985,1.0,1.0,PGD,0.5,10,SSH-BruteForce,,31
SVM,PGD_eps0.5_it10,24,24,1.0,1.0,PGD,0.5,10,Web Attack - Brute Force,,31
SVM,PGD_eps0.5_it10,30,0,,0.9333333333333332,PGD,0.5,10,Web Attack - Brute Force - Attempted,,31
SVM,PGD_eps0.5_it10,8,4,0.75,0.5,PGD,0.5,10,Web Attack - SQL,,31
SVM,PGD_eps0.5_it10,3,0,,0.3333333333333333,PGD,0.5,10,Web Attack - SQL - Attempted,,31
SVM,PGD_eps0.5_it10,18,17,1.0,1.0,PGD,0.5,10,Web Attack - XSS,,31
SVM,PGD_eps0.5_it10,1,1,0.0,0.0,PGD,0.5,10,Web Attack - XSS - Attempted,,31
RF,PGD_eps0.5_it10,60000,0,,,PGD,0.5,10,Benign,,31
RF,PGD_eps0.5_it10,5986,5986,1.0,1.0,PGD,0.5,10,Botnet Ares,,31
RF,PGD_eps0.5_it10,52,52,1.0,1.0,PGD,0.5,10,Botnet Ares - Attempted,,31
RF,PGD_eps0.5_it10,5940,5940,1.0,1.0,PGD,0.5,10,DDoS-HOIC,,31
RF,PGD_eps0.5_it10,5944,5944,1.0,1.0,PGD,0.5,10,DDoS-LOIC-HTTP,,31
RF,PGD_eps0.5_it10,485,485,0.5896907216494846,0.5896907216494846,PGD,0.5,10,DDoS-LOIC-UDP,,31
RF,PGD_eps0.5_it10,67,65,1.0,1.0,PGD,0.5,10,DDoS-LOIC-UDP - Attempted,,31
RF,PGD_eps0.5_it10,4542,4542,1.0,1.0,PGD,0.5,10,DoS GoldenEye,,31
RF,PGD_eps0.5_it10,851,851,1.0,1.0,PGD,0.5,10,DoS GoldenEye - Attempted,,31
RF,PGD_eps0.5_it10,6058,6058,1.0,1.0,PGD,0.5,10,DoS Hulk,,31
RF,PGD_eps0.5_it10,20,20,0.35,0.35,PGD,0.5,10,DoS Hulk - Attempted,,31
RF,PGD_eps0.5_it10,1707,1707,0.705916813122437,0.705916813122437,PGD,0.5,10,DoS Slowloris,,31
RF,PGD_eps0.5_it10,475,475,1.0,1.0,PGD,0.5,10,DoS Slowloris - Attempted,,31
RF,PGD_eps0.5_it10,5992,5992,1.0,1.0,PGD,0.5,10,FTP-BruteForce - Attempted,,31
RF,PGD_eps0.5_it10,41,41,0.975609756097561,0.975609756097561,PGD,0.5,10,Infiltration - Communication Victim Attacker,,31
RF,PGD_eps0.5_it10,19,11,0.9090909090909092,0.8421052631578947,PGD,0.5,10,Infiltration - Dropbox Download,,31
RF,PGD_eps0.5_it10,7,0,,1.0,PGD,0.5,10,Infiltration - Dropbox Download - Attempted,,31
RF,PGD_eps0.5_it10,6048,6046,0.976844194508766,0.976851851851852,PGD,0.5,10,Infiltration - NMAP Portscan,,31
RF,PGD_eps0.5_it10,5985,5985,1.0,1.0,PGD,0.5,10,SSH-BruteForce,,31
RF,PGD_eps0.5_it10,24,24,1.0,1.0,PGD,0.5,10,Web Attack - Brute Force,,31
RF,PGD_eps0.5_it10,30,29,1.0,1.0,PGD,0.5,10,Web Attack - Brute Force - Attempted,,31
RF,PGD_eps0.5_it10,8,7,0.2857142857142857,0.375,PGD,0.5,10,Web Attack - SQL,,31
RF,PGD_eps0.5_it10,3,3,0.3333333333333333,0.3333333333333333,PGD,0.5,10,Web Attack - SQL - Attempted,,31
RF,PGD_eps0.5_it10,18,18,0.9444444444444444,0.9444444444444444,PGD,0.5,10,Web Attack - XSS,,31
RF,PGD_eps0.5_it10,1,1,0.0,0.0,PGD,0.5,10,Web Attack - XSS - Attempted,,31
MLP,PGD_eps0.5_it10,60000,0,,,PGD,0.5,10,Benign,,31
MLP,PGD_eps0.5_it10,5986,5986,0.9959906448379552,0.9959906448379552,PGD,0.5,10,Botnet Ares,,31
MLP,PGD_eps0.5_it10,52,52,1.0,1.0,PGD,0.5,10,Botnet Ares - Attempted,,31
MLP,PGD_eps0.5_it10,5940,5940,1.0,1.0,PGD,0.5,10,DDoS-HOIC,,31
MLP,PGD_eps0.5_it10,5944,5943,1.0,0.9998317631224763,PGD,0.5,10,DDoS-LOIC-HTTP,,31
MLP,PGD_eps0.5_it10,485,485,0.0783505154639175,0.0783505154639175,PGD,0.5,10,DDoS-LOIC-UDP,,31
MLP,PGD_eps0.5_it10,67,52,1.0,0.7761194029850746,PGD,0.5,10,DDoS-LOIC-UDP - Attempted,,31
MLP,PGD_eps0.5_it10,4542,4542,1.0,1.0,PGD,0.5,10,DoS GoldenEye,,31
MLP,PGD_eps0.5_it10,851,851,1.0,1.0,PGD,0.5,10,DoS GoldenEye - Attempted,,31
MLP,PGD_eps0.5_it10,6058,6058,1.0,1.0,PGD,0.5,10,DoS Hulk,,31
MLP,PGD_eps0.5_it10,20,20,1.0,1.0,PGD,0.5,10,DoS Hulk - Attempted,,31
MLP,PGD_eps0.5_it10,1707,1707,1.0,1.0,PGD,0.5,10,DoS Slowloris,,31
MLP,PGD_eps0.5_it10,475,475,1.0,1.0,PGD,0.5,10,DoS Slowloris - Attempted,,31
MLP,PGD_eps0.5_it10,5992,5992,1.0,1.0,PGD,0.5,10,FTP-BruteForce - Attempted,,31
MLP,PGD_eps0.5_it10,41,39,1.0,0.975609756097561,PGD,0.5,10,Infiltration - Communication Victim Attacker,,31
MLP,PGD_eps0.5_it10,19,4,1.0,0.3157894736842105,PGD,0.5,10,Infiltration - Dropbox Download,,31
MLP,PGD_eps0.5_it10,7,0,,0.1428571428571428,PGD,0.5,10,Infiltration - Dropbox Download - Attempted,,31
MLP,PGD_eps0.5_it10,6048,5997,1.0,0.9917328042328042,PGD,0.5,10,Infiltration - NMAP Portscan,,31
MLP,PGD_eps0.5_it10,5985,5985,1.0,1.0,PGD,0.5,10,SSH-BruteForce,,31
MLP,PGD_eps0.5_it10,24,24,1.0,1.0,PGD,0.5,10,Web Attack - Brute Force,,31
MLP,PGD_eps0.5_it10,30,28,1.0,0.9333333333333332,PGD,0.5,10,Web Attack - Brute Force - Attempted,,31
MLP,PGD_eps0.5_it10,8,4,1.0,0.5,PGD,0.5,10,Web Attack - SQL,,31
MLP,PGD_eps0.5_it10,3,1,1.0,0.3333333333333333,PGD,0.5,10,Web Attack - SQL - Attempted,,31
MLP,PGD_eps0.5_it10,18,18,0.9444444444444444,0.9444444444444444,PGD,0.5,10,Web Attack - XSS,,31
MLP,PGD_eps0.5_it10,1,0,,0.0,PGD,0.5,10,Web Attack - XSS - Attempted,,31
LR,PGD_eps0.5_it25,60000,0,,,PGD,0.5,25,Benign,,31
LR,PGD_eps0.5_it25,5986,5986,1.0,1.0,PGD,0.5,25,Botnet Ares,,31
LR,PGD_eps0.5_it25,52,52,1.0,1.0,PGD,0.5,25,Botnet Ares - Attempted,,31
LR,PGD_eps0.5_it25,5940,5940,1.0,1.0,PGD,0.5,25,DDoS-HOIC,,31
LR,PGD_eps0.5_it25,5944,5944,0.9998317631224763,0.9998317631224763,PGD,0.5,25,DDoS-LOIC-HTTP,,31
LR,PGD_eps0.5_it25,485,482,0.0228215767634854,0.0288659793814433,PGD,0.5,25,DDoS-LOIC-UDP,,31
LR,PGD_eps0.5_it25,67,0,,0.7761194029850746,PGD,0.5,25,DDoS-LOIC-UDP - Attempted,,31
LR,PGD_eps0.5_it25,4542,4542,1.0,1.0,PGD,0.5,25,DoS GoldenEye,,31
LR,PGD_eps0.5_it25,851,851,1.0,1.0,PGD,0.5,25,DoS GoldenEye - Attempted,,31
LR,PGD_eps0.5_it25,6058,6052,1.0,1.0,PGD,0.5,25,DoS Hulk,,31
LR,PGD_eps0.5_it25,20,20,1.0,1.0,PGD,0.5,25,DoS Hulk - Attempted,,31
LR,PGD_eps0.5_it25,1707,1656,1.0,1.0,PGD,0.5,25,DoS Slowloris,,31
LR,PGD_eps0.5_it25,475,475,1.0,1.0,PGD,0.5,25,DoS Slowloris - Attempted,,31
LR,PGD_eps0.5_it25,5992,5992,1.0,1.0,PGD,0.5,25,FTP-BruteForce - Attempted,,31
LR,PGD_eps0.5_it25,41,40,0.825,0.8292682926829268,PGD,0.5,25,Infiltration - Communication Victim Attacker,,31
LR,PGD_eps0.5_it25,19,9,0.4444444444444444,0.2105263157894736,PGD,0.5,25,Infiltration - Dropbox Download,,31
LR,PGD_eps0.5_it25,7,0,,0.1428571428571428,PGD,0.5,25,Infiltration - Dropbox Download - Attempted,,31
LR,PGD_eps0.5_it25,6048,4996,0.9769815852682144,0.9730489417989416,PGD,0.5,25,Infiltration - NMAP Portscan,,31
LR,PGD_eps0.5_it25,5985,5985,1.0,1.0,PGD,0.5,25,SSH-BruteForce,,31
LR,PGD_eps0.5_it25,24,24,1.0,1.0,PGD,0.5,25,Web Attack - Brute Force,,31
LR,PGD_eps0.5_it25,30,0,,0.9333333333333332,PGD,0.5,25,Web Attack - Brute Force - Attempted,,31
LR,PGD_eps0.5_it25,8,3,1.0,0.5,PGD,0.5,25,Web Attack - SQL,,31
LR,PGD_eps0.5_it25,3,0,,0.3333333333333333,PGD,0.5,25,Web Attack - SQL - Attempted,,31
LR,PGD_eps0.5_it25,18,0,,1.0,PGD,0.5,25,Web Attack - XSS,,31
LR,PGD_eps0.5_it25,1,0,,0.0,PGD,0.5,25,Web Attack - XSS - Attempted,,31
SVM,PGD_eps0.5_it25,60000,0,,,PGD,0.5,25,Benign,,31
SVM,PGD_eps0.5_it25,5986,5983,1.0,1.0,PGD,0.5,25,Botnet Ares,,31
SVM,PGD_eps0.5_it25,52,52,1.0,1.0,PGD,0.5,25,Botnet Ares - Attempted,,31
SVM,PGD_eps0.5_it25,5940,5940,1.0,1.0,PGD,0.5,25,DDoS-HOIC,,31
SVM,PGD_eps0.5_it25,5944,5944,0.9998317631224763,0.9998317631224763,PGD,0.5,25,DDoS-LOIC-HTTP,,31
SVM,PGD_eps0.5_it25,485,484,0.0227272727272727,0.0247422680412371,PGD,0.5,25,DDoS-LOIC-UDP,,31
SVM,PGD_eps0.5_it25,67,0,,0.7761194029850746,PGD,0.5,25,DDoS-LOIC-UDP - Attempted,,31
SVM,PGD_eps0.5_it25,4542,4542,1.0,1.0,PGD,0.5,25,DoS GoldenEye,,31
SVM,PGD_eps0.5_it25,851,851,1.0,1.0,PGD,0.5,25,DoS GoldenEye - Attempted,,31
SVM,PGD_eps0.5_it25,6058,6052,1.0,1.0,PGD,0.5,25,DoS Hulk,,31
SVM,PGD_eps0.5_it25,20,20,1.0,1.0,PGD,0.5,25,DoS Hulk - Attempted,,31
SVM,PGD_eps0.5_it25,1707,1656,1.0,1.0,PGD,0.5,25,DoS Slowloris,,31
SVM,PGD_eps0.5_it25,475,475,1.0,1.0,PGD,0.5,25,DoS Slowloris - Attempted,,31
SVM,PGD_eps0.5_it25,5992,5992,1.0,1.0,PGD,0.5,25,FTP-BruteForce - Attempted,,31
SVM,PGD_eps0.5_it25,41,39,0.9743589743589745,0.975609756097561,PGD,0.5,25,Infiltration - Communication Victim Attacker,,31
SVM,PGD_eps0.5_it25,19,4,0.5,0.2105263157894736,PGD,0.5,25,Infiltration - Dropbox Download,,31
SVM,PGD_eps0.5_it25,7,0,,0.0,PGD,0.5,25,Infiltration - Dropbox Download - Attempted,,31
SVM,PGD_eps0.5_it25,6048,5078,0.9830641985033478,0.9776785714285714,PGD,0.5,25,Infiltration - NMAP Portscan,,31
SVM,PGD_eps0.5_it25,5985,5985,1.0,1.0,PGD,0.5,25,SSH-BruteForce,,31
SVM,PGD_eps0.5_it25,24,24,1.0,1.0,PGD,0.5,25,Web Attack - Brute Force,,31
SVM,PGD_eps0.5_it25,30,0,,0.9333333333333332,PGD,0.5,25,Web Attack - Brute Force - Attempted,,31
SVM,PGD_eps0.5_it25,8,4,0.75,0.5,PGD,0.5,25,Web Attack - SQL,,31
SVM,PGD_eps0.5_it25,3,0,,0.3333333333333333,PGD,0.5,25,Web Attack - SQL - Attempted,,31
SVM,PGD_eps0.5_it25,18,17,1.0,1.0,PGD,0.5,25,Web Attack - XSS,,31
SVM,PGD_eps0.5_it25,1,1,0.0,0.0,PGD,0.5,25,Web Attack - XSS - Attempted,,31
RF,PGD_eps0.5_it25,60000,0,,,PGD,0.5,25,Benign,,31
RF,PGD_eps0.5_it25,5986,5986,1.0,1.0,PGD,0.5,25,Botnet Ares,,31
RF,PGD_eps0.5_it25,52,52,1.0,1.0,PGD,0.5,25,Botnet Ares - Attempted,,31
RF,PGD_eps0.5_it25,5940,5940,1.0,1.0,PGD,0.5,25,DDoS-HOIC,,31
RF,PGD_eps0.5_it25,5944,5944,1.0,1.0,PGD,0.5,25,DDoS-LOIC-HTTP,,31
RF,PGD_eps0.5_it25,485,485,0.5896907216494846,0.5896907216494846,PGD,0.5,25,DDoS-LOIC-UDP,,31
RF,PGD_eps0.5_it25,67,65,1.0,1.0,PGD,0.5,25,DDoS-LOIC-UDP - Attempted,,31
RF,PGD_eps0.5_it25,4542,4542,1.0,1.0,PGD,0.5,25,DoS GoldenEye,,31
RF,PGD_eps0.5_it25,851,851,1.0,1.0,PGD,0.5,25,DoS GoldenEye - Attempted,,31
RF,PGD_eps0.5_it25,6058,6058,1.0,1.0,PGD,0.5,25,DoS Hulk,,31
RF,PGD_eps0.5_it25,20,20,1.0,1.0,PGD,0.5,25,DoS Hulk - Attempted,,31
RF,PGD_eps0.5_it25,1707,1707,0.7709431751611013,0.7709431751611013,PGD,0.5,25,DoS Slowloris,,31
RF,PGD_eps0.5_it25,475,475,1.0,1.0,PGD,0.5,25,DoS Slowloris - Attempted,,31
RF,PGD_eps0.5_it25,5992,5992,1.0,1.0,PGD,0.5,25,FTP-BruteForce - Attempted,,31
RF,PGD_eps0.5_it25,41,41,0.975609756097561,0.975609756097561,PGD,0.5,25,Infiltration - Communication Victim Attacker,,31
RF,PGD_eps0.5_it25,19,11,1.0,0.9473684210526316,PGD,0.5,25,Infiltration - Dropbox Download,,31
RF,PGD_eps0.5_it25,7,0,,1.0,PGD,0.5,25,Infiltration - Dropbox Download - Attempted,,31
RF,PGD_eps0.5_it25,6048,6046,0.992887859741978,0.9928902116402116,PGD,0.5,25,Infiltration - NMAP Portscan,,31
RF,PGD_eps0.5_it25,5985,5985,1.0,1.0,PGD,0.5,25,SSH-BruteForce,,31
RF,PGD_eps0.5_it25,24,24,1.0,1.0,PGD,0.5,25,Web Attack - Brute Force,,31
RF,PGD_eps0.5_it25,30,29,1.0,1.0,PGD,0.5,25,Web Attack - Brute Force - Attempted,,31
RF,PGD_eps0.5_it25,8,7,0.5714285714285714,0.625,PGD,0.5,25,Web Attack - SQL,,31
RF,PGD_eps0.5_it25,3,3,0.6666666666666666,0.6666666666666666,PGD,0.5,25,Web Attack - SQL - Attempted,,31
RF,PGD_eps0.5_it25,18,18,0.9444444444444444,0.9444444444444444,PGD,0.5,25,Web Attack - XSS,,31
RF,PGD_eps0.5_it25,1,1,0.0,0.0,PGD,0.5,25,Web Attack - XSS - Attempted,,31
MLP,PGD_eps0.5_it25,60000,0,,,PGD,0.5,25,Benign,,31
MLP,PGD_eps0.5_it25,5986,5986,0.9959906448379552,0.9959906448379552,PGD,0.5,25,Botnet Ares,,31
MLP,PGD_eps0.5_it25,52,52,1.0,1.0,PGD,0.5,25,Botnet Ares - Attempted,,31
MLP,PGD_eps0.5_it25,5940,5940,1.0,1.0,PGD,0.5,25,DDoS-HOIC,,31
MLP,PGD_eps0.5_it25,5944,5943,1.0,0.9998317631224763,PGD,0.5,25,DDoS-LOIC-HTTP,,31
MLP,PGD_eps0.5_it25,485,485,0.0865979381443299,0.0865979381443299,PGD,0.5,25,DDoS-LOIC-UDP,,31
MLP,PGD_eps0.5_it25,67,52,1.0,0.7761194029850746,PGD,0.5,25,DDoS-LOIC-UDP - Attempted,,31
MLP,PGD_eps0.5_it25,4542,4542,1.0,1.0,PGD,0.5,25,DoS GoldenEye,,31
MLP,PGD_eps0.5_it25,851,851,1.0,1.0,PGD,0.5,25,DoS GoldenEye - Attempted,,31
MLP,PGD_eps0.5_it25,6058,6058,1.0,1.0,PGD,0.5,25,DoS Hulk,,31
MLP,PGD_eps0.5_it25,20,20,1.0,1.0,PGD,0.5,25,DoS Hulk - Attempted,,31
MLP,PGD_eps0.5_it25,1707,1707,1.0,1.0,PGD,0.5,25,DoS Slowloris,,31
MLP,PGD_eps0.5_it25,475,475,1.0,1.0,PGD,0.5,25,DoS Slowloris - Attempted,,31
MLP,PGD_eps0.5_it25,5992,5992,1.0,1.0,PGD,0.5,25,FTP-BruteForce - Attempted,,31
MLP,PGD_eps0.5_it25,41,39,1.0,0.975609756097561,PGD,0.5,25,Infiltration - Communication Victim Attacker,,31
MLP,PGD_eps0.5_it25,19,4,1.0,0.3157894736842105,PGD,0.5,25,Infiltration - Dropbox Download,,31
MLP,PGD_eps0.5_it25,7,0,,0.1428571428571428,PGD,0.5,25,Infiltration - Dropbox Download - Attempted,,31
MLP,PGD_eps0.5_it25,6048,5997,1.0,0.9917328042328042,PGD,0.5,25,Infiltration - NMAP Portscan,,31
MLP,PGD_eps0.5_it25,5985,5985,1.0,1.0,PGD,0.5,25,SSH-BruteForce,,31
MLP,PGD_eps0.5_it25,24,24,1.0,1.0,PGD,0.5,25,Web Attack - Brute Force,,31
MLP,PGD_eps0.5_it25,30,28,1.0,0.9333333333333332,PGD,0.5,25,Web Attack - Brute Force - Attempted,,31
MLP,PGD_eps0.5_it25,8,4,1.0,0.5,PGD,0.5,25,Web Attack - SQL,,31
MLP,PGD_eps0.5_it25,3,1,1.0,0.3333333333333333,PGD,0.5,25,Web Attack - SQL - Attempted,,31
MLP,PGD_eps0.5_it25,18,18,1.0,1.0,PGD,0.5,25,Web Attack - XSS,,31
MLP,PGD_eps0.5_it25,1,0,,0.0,PGD,0.5,25,Web Attack - XSS - Attempted,,31
LR,PGD_eps0.75_it10,60000,0,,,PGD,0.75,10,Benign,,31
LR,PGD_eps0.75_it10,5986,5986,1.0,1.0,PGD,0.75,10,Botnet Ares,,31
LR,PGD_eps0.75_it10,52,52,1.0,1.0,PGD,0.75,10,Botnet Ares - Attempted,,31
LR,PGD_eps0.75_it10,5940,5940,1.0,1.0,PGD,0.75,10,DDoS-HOIC,,31
LR,PGD_eps0.75_it10,5944,5944,0.9998317631224763,0.9998317631224763,PGD,0.75,10,DDoS-LOIC-HTTP,,31
LR,PGD_eps0.75_it10,485,482,0.0248962655601659,0.0309278350515463,PGD,0.75,10,DDoS-LOIC-UDP,,31
LR,PGD_eps0.75_it10,67,0,,0.7761194029850746,PGD,0.75,10,DDoS-LOIC-UDP - Attempted,,31
LR,PGD_eps0.75_it10,4542,4542,1.0,1.0,PGD,0.75,10,DoS GoldenEye,,31
LR,PGD_eps0.75_it10,851,851,1.0,1.0,PGD,0.75,10,DoS GoldenEye - Attempted,,31
LR,PGD_eps0.75_it10,6058,6052,1.0,1.0,PGD,0.75,10,DoS Hulk,,31
LR,PGD_eps0.75_it10,20,20,1.0,1.0,PGD,0.75,10,DoS Hulk - Attempted,,31
LR,PGD_eps0.75_it10,1707,1656,1.0,1.0,PGD,0.75,10,DoS Slowloris,,31
LR,PGD_eps0.75_it10,475,475,1.0,1.0,PGD,0.75,10,DoS Slowloris - Attempted,,31
LR,PGD_eps0.75_it10,5992,5992,1.0,1.0,PGD,0.75,10,FTP-BruteForce - Attempted,,31
LR,PGD_eps0.75_it10,41,40,0.825,0.8292682926829268,PGD,0.75,10,Infiltration - Communication Victim Attacker,,31
LR,PGD_eps0.75_it10,19,9,0.4444444444444444,0.2105263157894736,PGD,0.75,10,Infiltration - Dropbox Download,,31
LR,PGD_eps0.75_it10,7,0,,0.1428571428571428,PGD,0.75,10,Infiltration - Dropbox Download - Attempted,,31
LR,PGD_eps0.75_it10,6048,4996,0.9835868694955964,0.978505291005291,PGD,0.75,10,Infiltration - NMAP Portscan,,31
LR,PGD_eps0.75_it10,5985,5985,1.0,1.0,PGD,0.75,10,SSH-BruteForce,,31
LR,PGD_eps0.75_it10,24,24,1.0,1.0,PGD,0.75,10,Web Attack - Brute Force,,31
LR,PGD_eps0.75_it10,30,0,,0.9333333333333332,PGD,0.75,10,Web Attack - Brute Force - Attempted,,31
LR,PGD_eps0.75_it10,8,3,1.0,0.5,PGD,0.75,10,Web Attack - SQL,,31
LR,PGD_eps0.75_it10,3,0,,0.3333333333333333,PGD,0.75,10,Web Attack - SQL - Attempted,,31
LR,PGD_eps0.75_it10,18,0,,1.0,PGD,0.75,10,Web Attack - XSS,,31
LR,PGD_eps0.75_it10,1,0,,0.0,PGD,0.75,10,Web Attack - XSS - Attempted,,31
SVM,PGD_eps0.75_it10,60000,0,,,PGD,0.75,10,Benign,,31
SVM,PGD_eps0.75_it10,5986,5983,1.0,1.0,PGD,0.75,10,Botnet Ares,,31
SVM,PGD_eps0.75_it10,52,52,1.0,1.0,PGD,0.75,10,Botnet Ares - Attempted,,31
SVM,PGD_eps0.75_it10,5940,5940,1.0,1.0,PGD,0.75,10,DDoS-HOIC,,31
SVM,PGD_eps0.75_it10,5944,5944,0.9998317631224763,0.9998317631224763,PGD,0.75,10,DDoS-LOIC-HTTP,,31
SVM,PGD_eps0.75_it10,485,484,0.024793388429752,0.0268041237113402,PGD,0.75,10,DDoS-LOIC-UDP,,31
SVM,PGD_eps0.75_it10,67,0,,0.7761194029850746,PGD,0.75,10,DDoS-LOIC-UDP - Attempted,,31
SVM,PGD_eps0.75_it10,4542,4542,1.0,1.0,PGD,0.75,10,DoS GoldenEye,,31
SVM,PGD_eps0.75_it10,851,851,1.0,1.0,PGD,0.75,10,DoS GoldenEye - Attempted,,31
SVM,PGD_eps0.75_it10,6058,6052,1.0,1.0,PGD,0.75,10,DoS Hulk,,31
SVM,PGD_eps0.75_it10,20,20,1.0,1.0,PGD,0.75,10,DoS Hulk - Attempted,,31
SVM,PGD_eps0.75_it10,1707,1656,1.0,1.0,PGD,0.75,10,DoS Slowloris,,31
SVM,PGD_eps0.75_it10,475,475,1.0,1.0,PGD,0.75,10,DoS Slowloris - Attempted,,31
SVM,PGD_eps0.75_it10,5992,5992,1.0,1.0,PGD,0.75,10,FTP-BruteForce - Attempted,,31
SVM,PGD_eps0.75_it10,41,39,0.9743589743589745,0.975609756097561,PGD,0.75,10,Infiltration - Communication Victim Attacker,,31
SVM,PGD_eps0.75_it10,19,4,0.5,0.2105263157894736,PGD,0.75,10,Infiltration - Dropbox Download,,31
SVM,PGD_eps0.75_it10,7,0,,0.0,PGD,0.75,10,Infiltration - Dropbox Download - Attempted,,31
SVM,PGD_eps0.75_it10,6048,5078,0.9846396218983852,0.9790013227513228,PGD,0.75,10,Infiltration - NMAP Portscan,,31
SVM,PGD_eps0.75_it10,5985,5985,1.0,1.0,PGD,0.75,10,SSH-BruteForce,,31
SVM,PGD_eps0.75_it10,24,24,1.0,1.0,PGD,0.75,10,Web Attack - Brute Force,,31
SVM,PGD_eps0.75_it10,30,0,,0.9333333333333332,PGD,0.75,10,Web Attack - Brute Force - Attempted,,31
SVM,PGD_eps0.75_it10,8,4,0.75,0.5,PGD,0.75,10,Web Attack - SQL,,31
SVM,PGD_eps0.75_it10,3,0,,0.3333333333333333,PGD,0.75,10,Web Attack - SQL - Attempted,,31
SVM,PGD_eps0.75_it10,18,17,1.0,1.0,PGD,0.75,10,Web Attack - XSS,,31
SVM,PGD_eps0.75_it10,1,1,0.0,0.0,PGD,0.75,10,Web Attack - XSS - Attempted,,31
RF,PGD_eps0.75_it10,60000,0,,,PGD,0.75,10,Benign,,31
RF,PGD_eps0.75_it10,5986,5986,1.0,1.0,PGD,0.75,10,Botnet Ares,,31
RF,PGD_eps0.75_it10,52,52,1.0,1.0,PGD,0.75,10,Botnet Ares - Attempted,,31
RF,PGD_eps0.75_it10,5940,5940,1.0,1.0,PGD,0.75,10,DDoS-HOIC,,31
RF,PGD_eps0.75_it10,5944,5944,0.9700538358008076,0.9700538358008076,PGD,0.75,10,DDoS-LOIC-HTTP,,31
RF,PGD_eps0.75_it10,485,485,0.5938144329896907,0.5938144329896907,PGD,0.75,10,DDoS-LOIC-UDP,,31
RF,PGD_eps0.75_it10,67,65,1.0,1.0,PGD,0.75,10,DDoS-LOIC-UDP - Attempted,,31
RF,PGD_eps0.75_it10,4542,4542,1.0,1.0,PGD,0.75,10,DoS GoldenEye,,31
RF,PGD_eps0.75_it10,851,851,1.0,1.0,PGD,0.75,10,DoS GoldenEye - Attempted,,31
RF,PGD_eps0.75_it10,6058,6058,1.0,1.0,PGD,0.75,10,DoS Hulk,,31
RF,PGD_eps0.75_it10,20,20,1.0,1.0,PGD,0.75,10,DoS Hulk - Attempted,,31
RF,PGD_eps0.75_it10,1707,1707,0.7346221441124781,0.7346221441124781,PGD,0.75,10,DoS Slowloris,,31
RF,PGD_eps0.75_it10,475,475,1.0,1.0,PGD,0.75,10,DoS Slowloris - Attempted,,31
RF,PGD_eps0.75_it10,5992,5992,1.0,1.0,PGD,0.75,10,FTP-BruteForce - Attempted,,31
RF,PGD_eps0.75_it10,41,41,0.975609756097561,0.975609756097561,PGD,0.75,10,Infiltration - Communication Victim Attacker,,31
RF,PGD_eps0.75_it10,19,11,0.8181818181818182,0.7894736842105263,PGD,0.75,10,Infiltration - Dropbox Download,,31
RF,PGD_eps0.75_it10,7,0,,1.0,PGD,0.75,10,Infiltration - Dropbox Download - Attempted,,31
RF,PGD_eps0.75_it10,6048,6046,0.9917300694674164,0.9917328042328042,PGD,0.75,10,Infiltration - NMAP Portscan,,31
RF,PGD_eps0.75_it10,5985,5985,1.0,1.0,PGD,0.75,10,SSH-BruteForce,,31
RF,PGD_eps0.75_it10,24,24,1.0,1.0,PGD,0.75,10,Web Attack - Brute Force,,31
RF,PGD_eps0.75_it10,30,29,1.0,0.9666666666666668,PGD,0.75,10,Web Attack - Brute Force - Attempted,,31
RF,PGD_eps0.75_it10,8,7,0.5714285714285714,0.625,PGD,0.75,10,Web Attack - SQL,,31
RF,PGD_eps0.75_it10,3,3,0.3333333333333333,0.3333333333333333,PGD,0.75,10,Web Attack - SQL - Attempted,,31
RF,PGD_eps0.75_it10,18,18,0.9444444444444444,0.9444444444444444,PGD,0.75,10,Web Attack - XSS,,31
RF,PGD_eps0.75_it10,1,1,0.0,0.0,PGD,0.75,10,Web Attack - XSS - Attempted,,31
MLP,PGD_eps0.75_it10,60000,0,,,PGD,0.75,10,Benign,,31
MLP,PGD_eps0.75_it10,5986,5986,0.9989976612094889,0.9989976612094889,PGD,0.75,10,Botnet Ares,,31
MLP,PGD_eps0.75_it10,52,52,1.0,1.0,PGD,0.75,10,Botnet Ares - Attempted,,31
MLP,PGD_eps0.75_it10,5940,5940,1.0,1.0,PGD,0.75,10,DDoS-HOIC,,31
MLP,PGD_eps0.75_it10,5944,5943,1.0,0.9998317631224763,PGD,0.75,10,DDoS-LOIC-HTTP,,31
MLP,PGD_eps0.75_it10,485,485,0.5463917525773195,0.5463917525773195,PGD,0.75,10,DDoS-LOIC-UDP,,31
MLP,PGD_eps0.75_it10,67,52,1.0,0.7761194029850746,PGD,0.75,10,DDoS-LOIC-UDP - Attempted,,31
MLP,PGD_eps0.75_it10,4542,4542,1.0,1.0,PGD,0.75,10,DoS GoldenEye,,31
MLP,PGD_eps0.75_it10,851,851,1.0,1.0,PGD,0.75,10,DoS GoldenEye - Attempted,,31
MLP,PGD_eps0.75_it10,6058,6058,1.0,1.0,PGD,0.75,10,DoS Hulk,,31
MLP,PGD_eps0.75_it10,20,20,1.0,1.0,PGD,0.75,10,DoS Hulk - Attempted,,31
MLP,PGD_eps0.75_it10,1707,1707,1.0,1.0,PGD,0.75,10,DoS Slowloris,,31
MLP,PGD_eps0.75_it10,475,475,1.0,1.0,PGD,0.75,10,DoS Slowloris - Attempted,,31
MLP,PGD_eps0.75_it10,5992,5992,1.0,1.0,PGD,0.75,10,FTP-BruteForce - Attempted,,31
MLP,PGD_eps0.75_it10,41,39,1.0,0.975609756097561,PGD,0.75,10,Infiltration - Communication Victim Attacker,,31
MLP,PGD_eps0.75_it10,19,4,1.0,0.3157894736842105,PGD,0.75,10,Infiltration - Dropbox Download,,31
MLP,PGD_eps0.75_it10,7,0,,0.1428571428571428,PGD,0.75,10,Infiltration - Dropbox Download - Attempted,,31
MLP,PGD_eps0.75_it10,6048,5997,1.0,0.9917328042328042,PGD,0.75,10,Infiltration - NMAP Portscan,,31
MLP,PGD_eps0.75_it10,5985,5985,1.0,1.0,PGD,0.75,10,SSH-BruteForce,,31
MLP,PGD_eps0.75_it10,24,24,1.0,1.0,PGD,0.75,10,Web Attack - Brute Force,,31
MLP,PGD_eps0.75_it10,30,28,1.0,0.9333333333333332,PGD,0.75,10,Web Attack - Brute Force - Attempted,,31
MLP,PGD_eps0.75_it10,8,4,1.0,0.5,PGD,0.75,10,Web Attack - SQL,,31
MLP,PGD_eps0.75_it10,3,1,1.0,0.3333333333333333,PGD,0.75,10,Web Attack - SQL - Attempted,,31
MLP,PGD_eps0.75_it10,18,18,1.0,1.0,PGD,0.75,10,Web Attack - XSS,,31
MLP,PGD_eps0.75_it10,1,0,,0.0,PGD,0.75,10,Web Attack - XSS - Attempted,,31
LR,PGD_eps0.75_it25,60000,0,,,PGD,0.75,25,Benign,,31
LR,PGD_eps0.75_it25,5986,5986,1.0,1.0,PGD,0.75,25,Botnet Ares,,31
LR,PGD_eps0.75_it25,52,52,1.0,1.0,PGD,0.75,25,Botnet Ares - Attempted,,31
LR,PGD_eps0.75_it25,5940,5940,1.0,1.0,PGD,0.75,25,DDoS-HOIC,,31
LR,PGD_eps0.75_it25,5944,5944,0.9998317631224763,0.9998317631224763,PGD,0.75,25,DDoS-LOIC-HTTP,,31
LR,PGD_eps0.75_it25,485,482,0.0269709543568464,0.0329896907216494,PGD,0.75,25,DDoS-LOIC-UDP,,31
LR,PGD_eps0.75_it25,67,0,,0.7761194029850746,PGD,0.75,25,DDoS-LOIC-UDP - Attempted,,31
LR,PGD_eps0.75_it25,4542,4542,1.0,1.0,PGD,0.75,25,DoS GoldenEye,,31
LR,PGD_eps0.75_it25,851,851,1.0,1.0,PGD,0.75,25,DoS GoldenEye - Attempted,,31
LR,PGD_eps0.75_it25,6058,6052,1.0,1.0,PGD,0.75,25,DoS Hulk,,31
LR,PGD_eps0.75_it25,20,20,1.0,1.0,PGD,0.75,25,DoS Hulk - Attempted,,31
LR,PGD_eps0.75_it25,1707,1656,1.0,1.0,PGD,0.75,25,DoS Slowloris,,31
LR,PGD_eps0.75_it25,475,475,1.0,1.0,PGD,0.75,25,DoS Slowloris - Attempted,,31
LR,PGD_eps0.75_it25,5992,5992,1.0,1.0,PGD,0.75,25,FTP-BruteForce - Attempted,,31
LR,PGD_eps0.75_it25,41,40,0.825,0.8292682926829268,PGD,0.75,25,Infiltration - Communication Victim Attacker,,31
LR,PGD_eps0.75_it25,19,9,0.4444444444444444,0.2105263157894736,PGD,0.75,25,Infiltration - Dropbox Download,,31
LR,PGD_eps0.75_it25,7,0,,0.1428571428571428,PGD,0.75,25,Infiltration - Dropbox Download - Attempted,,31
LR,PGD_eps0.75_it25,6048,4996,0.9835868694955964,0.978505291005291,PGD,0.75,25,Infiltration - NMAP Portscan,,31
LR,PGD_eps0.75_it25,5985,5985,1.0,1.0,PGD,0.75,25,SSH-BruteForce,,31
LR,PGD_eps0.75_it25,24,24,1.0,1.0,PGD,0.75,25,Web Attack - Brute Force,,31
LR,PGD_eps0.75_it25,30,0,,0.9333333333333332,PGD,0.75,25,Web Attack - Brute Force - Attempted,,31
LR,PGD_eps0.75_it25,8,3,1.0,0.5,PGD,0.75,25,Web Attack - SQL,,31
LR,PGD_eps0.75_it25,3,0,,0.3333333333333333,PGD,0.75,25,Web Attack - SQL - Attempted,,31
LR,PGD_eps0.75_it25,18,0,,1.0,PGD,0.75,25,Web Attack - XSS,,31
LR,PGD_eps0.75_it25,1,0,,0.0,PGD,0.75,25,Web Attack - XSS - Attempted,,31
SVM,PGD_eps0.75_it25,60000,0,,,PGD,0.75,25,Benign,,31
SVM,PGD_eps0.75_it25,5986,5983,1.0,1.0,PGD,0.75,25,Botnet Ares,,31
SVM,PGD_eps0.75_it25,52,52,1.0,1.0,PGD,0.75,25,Botnet Ares - Attempted,,31
SVM,PGD_eps0.75_it25,5940,5940,1.0,1.0,PGD,0.75,25,DDoS-HOIC,,31
SVM,PGD_eps0.75_it25,5944,5944,0.9998317631224763,0.9998317631224763,PGD,0.75,25,DDoS-LOIC-HTTP,,31
SVM,PGD_eps0.75_it25,485,484,0.0227272727272727,0.0247422680412371,PGD,0.75,25,DDoS-LOIC-UDP,,31
SVM,PGD_eps0.75_it25,67,0,,0.7761194029850746,PGD,0.75,25,DDoS-LOIC-UDP - Attempted,,31
SVM,PGD_eps0.75_it25,4542,4542,1.0,1.0,PGD,0.75,25,DoS GoldenEye,,31
SVM,PGD_eps0.75_it25,851,851,1.0,1.0,PGD,0.75,25,DoS GoldenEye - Attempted,,31
SVM,PGD_eps0.75_it25,6058,6052,1.0,1.0,PGD,0.75,25,DoS Hulk,,31
SVM,PGD_eps0.75_it25,20,20,1.0,1.0,PGD,0.75,25,DoS Hulk - Attempted,,31
SVM,PGD_eps0.75_it25,1707,1656,1.0,1.0,PGD,0.75,25,DoS Slowloris,,31
SVM,PGD_eps0.75_it25,475,475,1.0,1.0,PGD,0.75,25,DoS Slowloris - Attempted,,31
SVM,PGD_eps0.75_it25,5992,5992,1.0,1.0,PGD,0.75,25,FTP-BruteForce - Attempted,,31
SVM,PGD_eps0.75_it25,41,39,0.9743589743589745,0.975609756097561,PGD,0.75,25,Infiltration - Communication Victim Attacker,,31
SVM,PGD_eps0.75_it25,19,4,0.5,0.2105263157894736,PGD,0.75,25,Infiltration - Dropbox Download,,31
SVM,PGD_eps0.75_it25,7,0,,0.0,PGD,0.75,25,Infiltration - Dropbox Download - Attempted,,31
SVM,PGD_eps0.75_it25,6048,5078,0.9846396218983852,0.9790013227513228,PGD,0.75,25,Infiltration - NMAP Portscan,,31
SVM,PGD_eps0.75_it25,5985,5985,1.0,1.0,PGD,0.75,25,SSH-BruteForce,,31
SVM,PGD_eps0.75_it25,24,24,1.0,1.0,PGD,0.75,25,Web Attack - Brute Force,,31
SVM,PGD_eps0.75_it25,30,0,,0.9333333333333332,PGD,0.75,25,Web Attack - Brute Force - Attempted,,31
SVM,PGD_eps0.75_it25,8,4,0.75,0.5,PGD,0.75,25,Web Attack - SQL,,31
SVM,PGD_eps0.75_it25,3,0,,0.3333333333333333,PGD,0.75,25,Web Attack - SQL - Attempted,,31
SVM,PGD_eps0.75_it25,18,17,1.0,1.0,PGD,0.75,25,Web Attack - XSS,,31
SVM,PGD_eps0.75_it25,1,1,0.0,0.0,PGD,0.75,25,Web Attack - XSS - Attempted,,31
RF,PGD_eps0.75_it25,60000,0,,,PGD,0.75,25,Benign,,31
RF,PGD_eps0.75_it25,5986,5986,1.0,1.0,PGD,0.75,25,Botnet Ares,,31
RF,PGD_eps0.75_it25,52,52,1.0,1.0,PGD,0.75,25,Botnet Ares - Attempted,,31
RF,PGD_eps0.75_it25,5940,5940,1.0,1.0,PGD,0.75,25,DDoS-HOIC,,31
RF,PGD_eps0.75_it25,5944,5944,1.0,1.0,PGD,0.75,25,DDoS-LOIC-HTTP,,31
RF,PGD_eps0.75_it25,485,485,0.5938144329896907,0.5938144329896907,PGD,0.75,25,DDoS-LOIC-UDP,,31
RF,PGD_eps0.75_it25,67,65,1.0,1.0,PGD,0.75,25,DDoS-LOIC-UDP - Attempted,,31
RF,PGD_eps0.75_it25,4542,4542,1.0,1.0,PGD,0.75,25,DoS GoldenEye,,31
RF,PGD_eps0.75_it25,851,851,1.0,1.0,PGD,0.75,25,DoS GoldenEye - Attempted,,31
RF,PGD_eps0.75_it25,6058,6058,1.0,1.0,PGD,0.75,25,DoS Hulk,,31
RF,PGD_eps0.75_it25,20,20,1.0,1.0,PGD,0.75,25,DoS Hulk - Attempted,,31
RF,PGD_eps0.75_it25,1707,1707,0.6549502050380785,0.6549502050380785,PGD,0.75,25,DoS Slowloris,,31
RF,PGD_eps0.75_it25,475,475,1.0,1.0,PGD,0.75,25,DoS Slowloris - Attempted,,31
RF,PGD_eps0.75_it25,5992,5992,1.0,1.0,PGD,0.75,25,FTP-BruteForce - Attempted,,31
RF,PGD_eps0.75_it25,41,41,0.975609756097561,0.975609756097561,PGD,0.75,25,Infiltration - Communication Victim Attacker,,31
RF,PGD_eps0.75_it25,19,11,0.7272727272727273,0.7368421052631579,PGD,0.75,25,Infiltration - Dropbox Download,,31
RF,PGD_eps0.75_it25,7,0,,0.7142857142857143,PGD,0.75,25,Infiltration - Dropbox Download - Attempted,,31
RF,PGD_eps0.75_it25,6048,6046,0.987925901422428,0.9879298941798942,PGD,0.75,25,Infiltration - NMAP Portscan,,31
RF,PGD_eps0.75_it25,5985,5985,1.0,1.0,PGD,0.75,25,SSH-BruteForce,,31
RF,PGD_eps0.75_it25,24,24,1.0,1.0,PGD,0.75,25,Web Attack - Brute Force,,31
RF,PGD_eps0.75_it25,30,29,1.0,1.0,PGD,0.75,25,Web Attack - Brute Force - Attempted,,31
RF,PGD_eps0.75_it25,8,7,0.8571428571428571,0.75,PGD,0.75,25,Web Attack - SQL,,31
RF,PGD_eps0.75_it25,3,3,0.6666666666666666,0.6666666666666666,PGD,0.75,25,Web Attack - SQL - Attempted,,31
RF,PGD_eps0.75_it25,18,18,0.9444444444444444,0.9444444444444444,PGD,0.75,25,Web Attack - XSS,,31
RF,PGD_eps0.75_it25,1,1,1.0,1.0,PGD,0.75,25,Web Attack - XSS - Attempted,,31
MLP,PGD_eps0.75_it25,60000,0,,,PGD,0.75,25,Benign,,31
MLP,PGD_eps0.75_it25,5986,5986,0.9989976612094889,0.9989976612094889,PGD,0.75,25,Botnet Ares,,31
MLP,PGD_eps0.75_it25,52,52,1.0,1.0,PGD,0.75,25,Botnet Ares - Attempted,,31
MLP,PGD_eps0.75_it25,5940,5940,1.0,1.0,PGD,0.75,25,DDoS-HOIC,,31
MLP,PGD_eps0.75_it25,5944,5943,1.0,0.9998317631224763,PGD,0.75,25,DDoS-LOIC-HTTP,,31
MLP,PGD_eps0.75_it25,485,485,0.5649484536082474,0.5649484536082474,PGD,0.75,25,DDoS-LOIC-UDP,,31
MLP,PGD_eps0.75_it25,67,52,1.0,0.7761194029850746,PGD,0.75,25,DDoS-LOIC-UDP - Attempted,,31
MLP,PGD_eps0.75_it25,4542,4542,1.0,1.0,PGD,0.75,25,DoS GoldenEye,,31
MLP,PGD_eps0.75_it25,851,851,1.0,1.0,PGD,0.75,25,DoS GoldenEye - Attempted,,31
MLP,PGD_eps0.75_it25,6058,6058,1.0,1.0,PGD,0.75,25,DoS Hulk,,31
MLP,PGD_eps0.75_it25,20,20,1.0,1.0,PGD,0.75,25,DoS Hulk - Attempted,,31
MLP,PGD_eps0.75_it25,1707,1707,1.0,1.0,PGD,0.75,25,DoS Slowloris,,31
MLP,PGD_eps0.75_it25,475,475,1.0,1.0,PGD,0.75,25,DoS Slowloris - Attempted,,31
MLP,PGD_eps0.75_it25,5992,5992,1.0,1.0,PGD,0.75,25,FTP-BruteForce - Attempted,,31
MLP,PGD_eps0.75_it25,41,39,1.0,0.975609756097561,PGD,0.75,25,Infiltration - Communication Victim Attacker,,31
MLP,PGD_eps0.75_it25,19,4,1.0,0.3157894736842105,PGD,0.75,25,Infiltration - Dropbox Download,,31
MLP,PGD_eps0.75_it25,7,0,,0.1428571428571428,PGD,0.75,25,Infiltration - Dropbox Download - Attempted,,31
MLP,PGD_eps0.75_it25,6048,5997,1.0,0.9917328042328042,PGD,0.75,25,Infiltration - NMAP Portscan,,31
MLP,PGD_eps0.75_it25,5985,5985,1.0,1.0,PGD,0.75,25,SSH-BruteForce,,31
MLP,PGD_eps0.75_it25,24,24,1.0,1.0,PGD,0.75,25,Web Attack - Brute Force,,31
MLP,PGD_eps0.75_it25,30,28,1.0,0.9333333333333332,PGD,0.75,25,Web Attack - Brute Force - Attempted,,31
MLP,PGD_eps0.75_it25,8,4,1.0,0.5,PGD,0.75,25,Web Attack - SQL,,31
MLP,PGD_eps0.75_it25,3,1,1.0,0.3333333333333333,PGD,0.75,25,Web Attack - SQL - Attempted,,31
MLP,PGD_eps0.75_it25,18,18,1.0,1.0,PGD,0.75,25,Web Attack - XSS,,31
MLP,PGD_eps0.75_it25,1,0,,0.0,PGD,0.75,25,Web Attack - XSS - Attempted,,31
LR,CW_c0.0_it10,60000,0,,,CW,,10,Benign,0.0,31
LR,CW_c0.0_it10,5986,5986,1.0,1.0,CW,,10,Botnet Ares,0.0,31
LR,CW_c0.0_it10,52,52,0.0,0.0,CW,,10,Botnet Ares - Attempted,0.0,31
LR,CW_c0.0_it10,5940,5940,1.0,1.0,CW,,10,DDoS-HOIC,0.0,31
LR,CW_c0.0_it10,5944,5944,0.7464670255720054,0.7464670255720054,CW,,10,DDoS-LOIC-HTTP,0.0,31
LR,CW_c0.0_it10,485,482,0.1203319502074688,0.1257731958762886,CW,,10,DDoS-LOIC-UDP,0.0,31
LR,CW_c0.0_it10,67,0,,1.0,CW,,10,DDoS-LOIC-UDP - Attempted,0.0,31
LR,CW_c0.0_it10,4542,4542,0.1021576398062527,0.1021576398062527,CW,,10,DoS GoldenEye,0.0,31
LR,CW_c0.0_it10,851,851,0.1316098707403055,0.1316098707403055,CW,,10,DoS GoldenEye - Attempted,0.0,31
LR,CW_c0.0_it10,6058,6052,0.0009914077990746,0.0019808517662594,CW,,10,DoS Hulk,0.0,31
LR,CW_c0.0_it10,20,20,0.0,0.0,CW,,10,DoS Hulk - Attempted,0.0,31
LR,CW_c0.0_it10,1707,1656,0.9704106280193237,0.971294669009959,CW,,10,DoS Slowloris,0.0,31
LR,CW_c0.0_it10,475,475,1.0,1.0,CW,,10,DoS Slowloris - Attempted,0.0,31
LR,CW_c0.0_it10,5992,5992,0.0,0.0,CW,,10,FTP-BruteForce - Attempted,0.0,31
LR,CW_c0.0_it10,41,40,0.75,0.7560975609756098,CW,,10,Infiltration - Communication Victim Attacker,0.0,31
LR,CW_c0.0_it10,19,9,0.3333333333333333,0.2105263157894736,CW,,10,Infiltration - Dropbox Download,0.0,31
LR,CW_c0.0_it10,7,0,,0.1428571428571428,CW,,10,Infiltration - Dropbox Download - Attempted,0.0,31
LR,CW_c0.0_it10,6048,4996,0.6401120896717374,0.6975859788359788,CW,,10,Infiltration - NMAP Portscan,0.0,31
LR,CW_c0.0_it10,5985,5985,1.0,1.0,CW,,10,SSH-BruteForce,0.0,31
LR,CW_c0.0_it10,24,24,0.0,0.0,CW,,10,Web Attack - Brute Force,0.0,31
LR,CW_c0.0_it10,30,0,,1.0,CW,,10,Web Attack - Brute Force - Attempted,0.0,31
LR,CW_c0.0_it10,8,3,1.0,0.75,CW,,10,Web Attack - SQL,0.0,31
LR,CW_c0.0_it10,3,0,,1.0,CW,,10,Web Attack - SQL - Attempted,0.0,31
LR,CW_c0.0_it10,18,0,,1.0,CW,,10,Web Attack - XSS,0.0,31
LR,CW_c0.0_it10,1,0,,0.0,CW,,10,Web Attack - XSS - Attempted,0.0,31
SVM,CW_c0.0_it10,60000,0,,,CW,,10,Benign,0.0,31
SVM,CW_c0.0_it10,5986,5983,1.0,1.0,CW,,10,Botnet Ares,0.0,31
SVM,CW_c0.0_it10,52,52,0.0,0.0,CW,,10,Botnet Ares - Attempted,0.0,31
SVM,CW_c0.0_it10,5940,5940,1.0,1.0,CW,,10,DDoS-HOIC,0.0,31
SVM,CW_c0.0_it10,5944,5944,0.9998317631224763,0.9998317631224763,CW,,10,DDoS-LOIC-HTTP,0.0,31
SVM,CW_c0.0_it10,485,484,0.0206611570247933,0.022680412371134,CW,,10,DDoS-LOIC-UDP,0.0,31
SVM,CW_c0.0_it10,67,0,,1.0,CW,,10,DDoS-LOIC-UDP - Attempted,0.0,31
SVM,CW_c0.0_it10,4542,4542,0.8837516512549538,0.8837516512549538,CW,,10,DoS GoldenEye,0.0,31
SVM,CW_c0.0_it10,851,851,0.7391304347826086,0.7391304347826086,CW,,10,DoS GoldenEye - Attempted,0.0,31
SVM,CW_c0.0_it10,6058,6052,0.9657964309319234,0.9658303070320238,CW,,10,DoS Hulk,0.0,31
SVM,CW_c0.0_it10,20,20,0.0,0.0,CW,,10,DoS Hulk - Attempted,0.0,31
SVM,CW_c0.0_it10,1707,1656,0.9867149758454108,0.987111892208553,CW,,10,DoS Slowloris,0.0,31
SVM,CW_c0.0_it10,475,475,1.0,1.0,CW,,10,DoS Slowloris - Attempted,0.0,31
SVM,CW_c0.0_it10,5992,5992,0.0,0.0,CW,,10,FTP-BruteForce - Attempted,0.0,31
SVM,CW_c0.0_it10,41,39,0.8205128205128205,0.8292682926829268,CW,,10,Infiltration - Communication Victim Attacker,0.0,31
SVM,CW_c0.0_it10,19,4,0.25,0.2631578947368421,CW,,10,Infiltration - Dropbox Download,0.0,31
SVM,CW_c0.0_it10,7,0,,0.1428571428571428,CW,,10,Infiltration - Dropbox Download - Attempted,0.0,31
SVM,CW_c0.0_it10,6048,5078,0.8625443087829854,0.8766534391534392,CW,,10,Infiltration - NMAP Portscan,0.0,31
SVM,CW_c0.0_it10,5985,5985,1.0,1.0,CW,,10,SSH-BruteForce,0.0,31
SVM,CW_c0.0_it10,24,24,0.0,0.0,CW,,10,Web Attack - Brute Force,0.0,31
SVM,CW_c0.0_it10,30,0,,0.9666666666666668,CW,,10,Web Attack - Brute Force - Attempted,0.0,31
SVM,CW_c0.0_it10,8,4,0.75,0.75,CW,,10,Web Attack - SQL,0.0,31
SVM,CW_c0.0_it10,3,0,,0.6666666666666666,CW,,10,Web Attack - SQL - Attempted,0.0,31
SVM,CW_c0.0_it10,18,17,1.0,1.0,CW,,10,Web Attack - XSS,0.0,31
SVM,CW_c0.0_it10,1,1,0.0,0.0,CW,,10,Web Attack - XSS - Attempted,0.0,31
RF,CW_c0.0_it10,60000,0,,,CW,,10,Benign,0.0,31
RF,CW_c0.0_it10,5986,5986,0.0056799198128967,0.0056799198128967,CW,,10,Botnet Ares,0.0,31
RF,CW_c0.0_it10,52,52,0.4038461538461538,0.4038461538461538,CW,,10,Botnet Ares - Attempted,0.0,31
RF,CW_c0.0_it10,5940,5940,1.0,1.0,CW,,10,DDoS-HOIC,0.0,31
RF,CW_c0.0_it10,5944,5944,0.9989905787348586,0.9989905787348586,CW,,10,DDoS-LOIC-HTTP,0.0,31
RF,CW_c0.0_it10,485,485,0.954639175257732,0.954639175257732,CW,,10,DDoS-LOIC-UDP,0.0,31
RF,CW_c0.0_it10,67,65,0.8307692307692308,0.835820895522388,CW,,10,DDoS-LOIC-UDP - Attempted,0.0,31
RF,CW_c0.0_it10,4542,4542,1.0,1.0,CW,,10,DoS GoldenEye,0.0,31
RF,CW_c0.0_it10,851,851,1.0,1.0,CW,,10,DoS GoldenEye - Attempted,0.0,31
RF,CW_c0.0_it10,6058,6058,1.0,1.0,CW,,10,DoS Hulk,0.0,31
RF,CW_c0.0_it10,20,20,0.0,0.0,CW,,10,DoS Hulk - Attempted,0.0,31
RF,CW_c0.0_it10,1707,1707,0.6174575278265964,0.6174575278265964,CW,,10,DoS Slowloris,0.0,31
RF,CW_c0.0_it10,475,475,0.5768421052631579,0.5768421052631579,CW,,10,DoS Slowloris - Attempted,0.0,31
RF,CW_c0.0_it10,5992,5992,0.0,0.0,CW,,10,FTP-BruteForce - Attempted,0.0,31
RF,CW_c0.0_it10,41,41,0.7560975609756098,0.7560975609756098,CW,,10,Infiltration - Communication Victim Attacker,0.0,31
RF,CW_c0.0_it10,19,11,0.8181818181818182,0.8947368421052632,CW,,10,Infiltration - Dropbox Download,0.0,31
RF,CW_c0.0_it10,7,0,,1.0,CW,,10,Infiltration - Dropbox Download - Attempted,0.0,31
RF,CW_c0.0_it10,6048,6046,0.512570294409527,0.5127314814814815,CW,,10,Infiltration - NMAP Portscan,0.0,31
RF,CW_c0.0_it10,5985,5985,1.0,1.0,CW,,10,SSH-BruteForce,0.0,31
RF,CW_c0.0_it10,24,24,0.9166666666666666,0.9166666666666666,CW,,10,Web Attack - Brute Force,0.0,31
RF,CW_c0.0_it10,30,29,1.0,1.0,CW,,10,Web Attack - Brute Force - Attempted,0.0,31
RF,CW_c0.0_it10,8,7,0.4285714285714285,0.5,CW,,10,Web Attack - SQL,0.0,31
RF,CW_c0.0_it10,3,3,0.6666666666666666,0.6666666666666666,CW,,10,Web Attack - SQL - Attempted,0.0,31
RF,CW_c0.0_it10,18,18,1.0,1.0,CW,,10,Web Attack - XSS,0.0,31
RF,CW_c0.0_it10,1,1,1.0,1.0,CW,,10,Web Attack - XSS - Attempted,0.0,31
MLP,CW_c0.0_it10,60000,0,,,CW,,10,Benign,0.0,31
MLP,CW_c0.0_it10,5986,5986,1.0,1.0,CW,,10,Botnet Ares,0.0,31
MLP,CW_c0.0_it10,52,52,0.903846153846154,0.903846153846154,CW,,10,Botnet Ares - Attempted,0.0,31
MLP,CW_c0.0_it10,5940,5940,1.0,1.0,CW,,10,DDoS-HOIC,0.0,31
MLP,CW_c0.0_it10,5944,5943,0.9860339895675584,0.9858681022880216,CW,,10,DDoS-LOIC-HTTP,0.0,31
MLP,CW_c0.0_it10,485,485,0.954639175257732,0.954639175257732,CW,,10,DDoS-LOIC-UDP,0.0,31
MLP,CW_c0.0_it10,67,52,0.9615384615384616,0.746268656716418,CW,,10,DDoS-LOIC-UDP - Attempted,0.0,31
MLP,CW_c0.0_it10,4542,4542,0.9955966534566272,0.9955966534566272,CW,,10,DoS GoldenEye,0.0,31
MLP,CW_c0.0_it10,851,851,0.9988249118683902,0.9988249118683902,CW,,10,DoS GoldenEye - Attempted,0.0,31
MLP,CW_c0.0_it10,6058,6058,0.9990095741168704,0.9990095741168704,CW,,10,DoS Hulk,0.0,31
MLP,CW_c0.0_it10,20,20,1.0,1.0,CW,,10,DoS Hulk - Attempted,0.0,31
MLP,CW_c0.0_it10,1707,1707,0.9847685998828354,0.9847685998828354,CW,,10,DoS Slowloris,0.0,31
MLP,CW_c0.0_it10,475,475,0.9978947368421052,0.9978947368421052,CW,,10,DoS Slowloris - Attempted,0.0,31
MLP,CW_c0.0_it10,5992,5992,1.0,1.0,CW,,10,FTP-BruteForce - Attempted,0.0,31
MLP,CW_c0.0_it10,41,39,0.9743589743589745,0.951219512195122,CW,,10,Infiltration - Communication Victim Attacker,0.0,31
MLP,CW_c0.0_it10,19,4,1.0,0.3684210526315789,CW,,10,Infiltration - Dropbox Download,0.0,31
MLP,CW_c0.0_it10,7,0,,0.1428571428571428,CW,,10,Infiltration - Dropbox Download - Attempted,0.0,31
MLP,CW_c0.0_it10,6048,5997,0.9874937468734368,0.9791666666666666,CW,,10,Infiltration - NMAP Portscan,0.0,31
MLP,CW_c0.0_it10,5985,5985,0.9883040935672516,0.9883040935672516,CW,,10,SSH-BruteForce,0.0,31
MLP,CW_c0.0_it10,24,24,0.9166666666666666,0.9166666666666666,CW,,10,Web Attack - Brute Force,0.0,31
MLP,CW_c0.0_it10,30,28,1.0,0.9333333333333332,CW,,10,Web Attack - Brute Force - Attempted,0.0,31
MLP,CW_c0.0_it10,8,4,1.0,0.5,CW,,10,Web Attack - SQL,0.0,31
MLP,CW_c0.0_it10,3,1,1.0,0.3333333333333333,CW,,10,Web Attack - SQL - Attempted,0.0,31
MLP,CW_c0.0_it10,18,18,1.0,1.0,CW,,10,Web Attack - XSS,0.0,31
MLP,CW_c0.0_it10,1,0,,0.0,CW,,10,Web Attack - XSS - Attempted,0.0,31
LR,CW_c0.5_it10,60000,0,,,CW,,10,Benign,0.5,31
LR,CW_c0.5_it10,5986,5986,1.0,1.0,CW,,10,Botnet Ares,0.5,31
LR,CW_c0.5_it10,52,52,0.0,0.0,CW,,10,Botnet Ares - Attempted,0.5,31
LR,CW_c0.5_it10,5940,5940,1.0,1.0,CW,,10,DDoS-HOIC,0.5,31
LR,CW_c0.5_it10,5944,5944,0.8620457604306864,0.8620457604306864,CW,,10,DDoS-LOIC-HTTP,0.5,31
LR,CW_c0.5_it10,485,482,0.1182572614107883,0.1237113402061855,CW,,10,DDoS-LOIC-UDP,0.5,31
LR,CW_c0.5_it10,67,0,,1.0,CW,,10,DDoS-LOIC-UDP - Attempted,0.5,31
LR,CW_c0.5_it10,4542,4542,0.142668428005284,0.142668428005284,CW,,10,DoS GoldenEye,0.5,31
LR,CW_c0.5_it10,851,851,0.2103407755581668,0.2103407755581668,CW,,10,DoS GoldenEye - Attempted,0.5,31
LR,CW_c0.5_it10,6058,6052,0.0009914077990746,0.0019808517662594,CW,,10,DoS Hulk,0.5,31
LR,CW_c0.5_it10,20,20,0.0,0.0,CW,,10,DoS Hulk - Attempted,0.5,31
LR,CW_c0.5_it10,1707,1656,0.9722222222222222,0.9730521382542472,CW,,10,DoS Slowloris,0.5,31
LR,CW_c0.5_it10,475,475,1.0,1.0,CW,,10,DoS Slowloris - Attempted,0.5,31
LR,CW_c0.5_it10,5992,5992,0.0,0.0,CW,,10,FTP-BruteForce - Attempted,0.5,31
LR,CW_c0.5_it10,41,40,0.75,0.7560975609756098,CW,,10,Infiltration - Communication Victim Attacker,0.5,31
LR,CW_c0.5_it10,19,9,0.3333333333333333,0.2105263157894736,CW,,10,Infiltration - Dropbox Download,0.5,31
LR,CW_c0.5_it10,7,0,,0.1428571428571428,CW,,10,Infiltration - Dropbox Download - Attempted,0.5,31
LR,CW_c0.5_it10,6048,4996,0.6721377101681345,0.7240410052910053,CW,,10,Infiltration - NMAP Portscan,0.5,31
LR,CW_c0.5_it10,5985,5985,1.0,1.0,CW,,10,SSH-BruteForce,0.5,31
LR,CW_c0.5_it10,24,24,0.0,0.0,CW,,10,Web Attack - Brute Force,0.5,31
LR,CW_c0.5_it10,30,0,,1.0,CW,,10,Web Attack - Brute Force - Attempted,0.5,31
LR,CW_c0.5_it10,8,3,1.0,0.75,CW,,10,Web Attack - SQL,0.5,31
LR,CW_c0.5_it10,3,0,,1.0,CW,,10,Web Attack - SQL - Attempted,0.5,31
LR,CW_c0.5_it10,18,0,,1.0,CW,,10,Web Attack - XSS,0.5,31
LR,CW_c0.5_it10,1,0,,0.0,CW,,10,Web Attack - XSS - Attempted,0.5,31
SVM,CW_c0.5_it10,60000,0,,,CW,,10,Benign,0.5,31
SVM,CW_c0.5_it10,5986,5983,1.0,1.0,CW,,10,Botnet Ares,0.5,31
SVM,CW_c0.5_it10,52,52,0.0,0.0,CW,,10,Botnet Ares - Attempted,0.5,31
SVM,CW_c0.5_it10,5940,5940,1.0,1.0,CW,,10,DDoS-HOIC,0.5,31
SVM,CW_c0.5_it10,5944,5944,0.9998317631224763,0.9998317631224763,CW,,10,DDoS-LOIC-HTTP,0.5,31
SVM,CW_c0.5_it10,485,484,0.0206611570247933,0.022680412371134,CW,,10,DDoS-LOIC-UDP,0.5,31
SVM,CW_c0.5_it10,67,0,,1.0,CW,,10,DDoS-LOIC-UDP - Attempted,0.5,31
SVM,CW_c0.5_it10,4542,4542,0.9319682959048876,0.9319682959048876,CW,,10,DoS GoldenEye,0.5,31
SVM,CW_c0.5_it10,851,851,0.9377203290246768,0.9377203290246768,CW,,10,DoS GoldenEye - Attempted,0.5,31
SVM,CW_c0.5_it10,6058,6052,0.9887640449438202,0.9887751733245296,CW,,10,DoS Hulk,0.5,31
SVM,CW_c0.5_it10,20,20,0.0,0.0,CW,,10,DoS Hulk - Attempted,0.5,31
SVM,CW_c0.5_it10,1707,1656,0.9867149758454108,0.987111892208553,CW,,10,DoS Slowloris,0.5,31
SVM,CW_c0.5_it10,475,475,1.0,1.0,CW,,10,DoS Slowloris - Attempted,0.5,31
SVM,CW_c0.5_it10,5992,5992,0.0,0.0,CW,,10,FTP-BruteForce - Attempted,0.5,31
SVM,CW_c0.5_it10,41,39,0.7948717948717948,0.8048780487804879,CW,,10,Infiltration - Communication Victim Attacker,0.5,31
SVM,CW_c0.5_it10,19,4,0.25,0.2631578947368421,CW,,10,Infiltration - Dropbox Download,0.5,31
SVM,CW_c0.5_it10,7,0,,0.1428571428571428,CW,,10,Infiltration - Dropbox Download - Attempted,0.5,31
SVM,CW_c0.5_it10,6048,5078,0.8660890114218196,0.8796296296296297,CW,,10,Infiltration - NMAP Portscan,0.5,31
SVM,CW_c0.5_it10,5985,5985,1.0,1.0,CW,,10,SSH-BruteForce,0.5,31
SVM,CW_c0.5_it10,24,24,0.0,0.0,CW,,10,Web Attack - Brute Force,0.5,31
SVM,CW_c0.5_it10,30,0,,0.9666666666666668,CW,,10,Web Attack - Brute Force - Attempted,0.5,31
SVM,CW_c0.5_it10,8,4,0.75,0.75,CW,,10,Web Attack - SQL,0.5,31
SVM,CW_c0.5_it10,3,0,,0.6666666666666666,CW,,10,Web Attack - SQL - Attempted,0.5,31
SVM,CW_c0.5_it10,18,17,1.0,1.0,CW,,10,Web Attack - XSS,0.5,31
SVM,CW_c0.5_it10,1,1,0.0,0.0,CW,,10,Web Attack - XSS - Attempted,0.5,31
RF,CW_c0.5_it10,60000,0,,,CW,,10,Benign,0.5,31
RF,CW_c0.5_it10,5986,5986,0.0056799198128967,0.0056799198128967,CW,,10,Botnet Ares,0.5,31
RF,CW_c0.5_it10,52,52,0.3269230769230769,0.3269230769230769,CW,,10,Botnet Ares - Attempted,0.5,31
RF,CW_c0.5_it10,5940,5940,1.0,1.0,CW,,10,DDoS-HOIC,0.5,31
RF,CW_c0.5_it10,5944,5944,0.998485868102288,0.998485868102288,CW,,10,DDoS-LOIC-HTTP,0.5,31
RF,CW_c0.5_it10,485,485,0.9587628865979382,0.9587628865979382,CW,,10,DDoS-LOIC-UDP,0.5,31
RF,CW_c0.5_it10,67,65,1.0,1.0,CW,,10,DDoS-LOIC-UDP - Attempted,0.5,31
RF,CW_c0.5_it10,4542,4542,1.0,1.0,CW,,10,DoS GoldenEye,0.5,31
RF,CW_c0.5_it10,851,851,1.0,1.0,CW,,10,DoS GoldenEye - Attempted,0.5,31
RF,CW_c0.5_it10,6058,6058,1.0,1.0,CW,,10,DoS Hulk,0.5,31
RF,CW_c0.5_it10,20,20,0.0,0.0,CW,,10,DoS Hulk - Attempted,0.5,31
RF,CW_c0.5_it10,1707,1707,0.6174575278265964,0.6174575278265964,CW,,10,DoS Slowloris,0.5,31
RF,CW_c0.5_it10,475,475,0.5747368421052632,0.5747368421052632,CW,,10,DoS Slowloris - Attempted,0.5,31
RF,CW_c0.5_it10,5992,5992,0.0,0.0,CW,,10,FTP-BruteForce - Attempted,0.5,31
RF,CW_c0.5_it10,41,41,0.7804878048780488,0.7804878048780488,CW,,10,Infiltration - Communication Victim Attacker,0.5,31
RF,CW_c0.5_it10,19,11,0.8181818181818182,0.8947368421052632,CW,,10,Infiltration - Dropbox Download,0.5,31
RF,CW_c0.5_it10,7,0,,1.0,CW,,10,Infiltration - Dropbox Download - Attempted,0.5,31
RF,CW_c0.5_it10,6048,6046,0.4993384055573933,0.4995039682539682,CW,,10,Infiltration - NMAP Portscan,0.5,31
RF,CW_c0.5_it10,5985,5985,1.0,1.0,CW,,10,SSH-BruteForce,0.5,31
RF,CW_c0.5_it10,24,24,0.9583333333333334,0.9583333333333334,CW,,10,Web Attack - Brute Force,0.5,31
RF,CW_c0.5_it10,30,29,1.0,1.0,CW,,10,Web Attack - Brute Force - Attempted,0.5,31
RF,CW_c0.5_it10,8,7,0.4285714285714285,0.5,CW,,10,Web Attack - SQL,0.5,31
RF,CW_c0.5_it10,3,3,0.6666666666666666,0.6666666666666666,CW,,10,Web Attack - SQL - Attempted,0.5,31
RF,CW_c0.5_it10,18,18,1.0,1.0,CW,,10,Web Attack - XSS,0.5,31
RF,CW_c0.5_it10,1,1,1.0,1.0,CW,,10,Web Attack - XSS - Attempted,0.5,31
MLP,CW_c0.5_it10,60000,0,,,CW,,10,Benign,0.5,31
MLP,CW_c0.5_it10,5986,5986,1.0,1.0,CW,,10,Botnet Ares,0.5,31
MLP,CW_c0.5_it10,52,52,1.0,1.0,CW,,10,Botnet Ares - Attempted,0.5,31
MLP,CW_c0.5_it10,5940,5940,1.0,1.0,CW,,10,DDoS-HOIC,0.5,31
MLP,CW_c0.5_it10,5944,5943,1.0,0.9998317631224763,CW,,10,DDoS-LOIC-HTTP,0.5,31
MLP,CW_c0.5_it10,485,485,0.9587628865979382,0.9587628865979382,CW,,10,DDoS-LOIC-UDP,0.5,31
MLP,CW_c0.5_it10,67,52,1.0,0.7761194029850746,CW,,10,DDoS-LOIC-UDP - Attempted,0.5,31
MLP,CW_c0.5_it10,4542,4542,1.0,1.0,CW,,10,DoS GoldenEye,0.5,31
MLP,CW_c0.5_it10,851,851,1.0,1.0,CW,,10,DoS GoldenEye - Attempted,0.5,31
MLP,CW_c0.5_it10,6058,6058,1.0,1.0,CW,,10,DoS Hulk,0.5,31
MLP,CW_c0.5_it10,20,20,1.0,1.0,CW,,10,DoS Hulk - Attempted,0.5,31
MLP,CW_c0.5_it10,1707,1707,1.0,1.0,CW,,10,DoS Slowloris,0.5,31
MLP,CW_c0.5_it10,475,475,1.0,1.0,CW,,10,DoS Slowloris - Attempted,0.5,31
MLP,CW_c0.5_it10,5992,5992,1.0,1.0,CW,,10,FTP-BruteForce - Attempted,0.5,31
MLP,CW_c0.5_it10,41,39,1.0,0.975609756097561,CW,,10,Infiltration - Communication Victim Attacker,0.5,31
MLP,CW_c0.5_it10,19,4,1.0,0.3157894736842105,CW,,10,Infiltration - Dropbox Download,0.5,31
MLP,CW_c0.5_it10,7,0,,0.1428571428571428,CW,,10,Infiltration - Dropbox Download - Attempted,0.5,31
MLP,CW_c0.5_it10,6048,5997,1.0,0.9915674603174603,CW,,10,Infiltration - NMAP Portscan,0.5,31
MLP,CW_c0.5_it10,5985,5985,1.0,1.0,CW,,10,SSH-BruteForce,0.5,31
MLP,CW_c0.5_it10,24,24,0.9583333333333334,0.9583333333333334,CW,,10,Web Attack - Brute Force,0.5,31
MLP,CW_c0.5_it10,30,28,1.0,0.9333333333333332,CW,,10,Web Attack - Brute Force - Attempted,0.5,31
MLP,CW_c0.5_it10,8,4,1.0,0.5,CW,,10,Web Attack - SQL,0.5,31
MLP,CW_c0.5_it10,3,1,1.0,0.3333333333333333,CW,,10,Web Attack - SQL - Attempted,0.5,31
MLP,CW_c0.5_it10,18,18,1.0,1.0,CW,,10,Web Attack - XSS,0.5,31
MLP,CW_c0.5_it10,1,0,,0.0,CW,,10,Web Attack - XSS - Attempted,0.5,31
LR,FGSM_eps0.15,60000,0,,,FGSM,0.15,1,Benign,,99
LR,FGSM_eps0.15,6031,6025,1.0,1.0,FGSM,0.15,1,Botnet Ares,,99
LR,FGSM_eps0.15,69,69,1.0,1.0,FGSM,0.15,1,Botnet Ares - Attempted,,99
LR,FGSM_eps0.15,6039,6039,1.0,1.0,FGSM,0.15,1,DDoS-HOIC,,99
LR,FGSM_eps0.15,5969,0,,1.0,FGSM,0.15,1,DDoS-LOIC-HTTP,,99
LR,FGSM_eps0.15,504,496,0.0080645161290322,0.0238095238095238,FGSM,0.15,1,DDoS-LOIC-UDP,,99
LR,FGSM_eps0.15,38,0,,0.9736842105263158,FGSM,0.15,1,DDoS-LOIC-UDP - Attempted,,99
LR,FGSM_eps0.15,4580,4580,0.8941048034934498,0.8941048034934498,FGSM,0.15,1,DoS GoldenEye,,99
LR,FGSM_eps0.15,824,824,0.7135922330097088,0.7135922330097088,FGSM,0.15,1,DoS GoldenEye - Attempted,,99
LR,FGSM_eps0.15,5995,5995,0.9964970809007506,0.9964970809007506,FGSM,0.15,1,DoS Hulk,,99
LR,FGSM_eps0.15,15,15,0.8666666666666667,0.8666666666666667,FGSM,0.15,1,DoS Hulk - Attempted,,99
LR,FGSM_eps0.15,1747,1691,0.3560023654642223,0.3766456783056668,FGSM,0.15,1,DoS Slowloris,,99
LR,FGSM_eps0.15,466,450,1.0,1.0,FGSM,0.15,1,DoS Slowloris - Attempted,,99
LR,FGSM_eps0.15,5932,5932,0.0,0.0,FGSM,0.15,1,FTP-BruteForce - Attempted,,99
LR,FGSM_eps0.15,40,40,0.45,0.45,FGSM,0.15,1,Infiltration - Communication Victim Attacker,,99
LR,FGSM_eps0.15,25,0,,0.28,FGSM,0.15,1,Infiltration - Dropbox Download,,99
LR,FGSM_eps0.15,4,0,,0.0,FGSM,0.15,1,Infiltration - Dropbox Download - Attempted,,99
LR,FGSM_eps0.15,5946,5341,0.5242463958060288,0.5662630339724184,FGSM,0.15,1,Infiltration - NMAP Portscan,,99
LR,FGSM_eps0.15,5989,5989,0.8291868425446652,0.8291868425446652,FGSM,0.15,1,SSH-BruteForce,,99
LR,FGSM_eps0.15,36,0,,0.9722222222222222,FGSM,0.15,1,Web Attack - Brute Force,,99
LR,FGSM_eps0.15,28,0,,0.9642857142857144,FGSM,0.15,1,Web Attack - Brute Force - Attempted,,99
LR,FGSM_eps0.15,3,2,1.0,0.6666666666666666,FGSM,0.15,1,Web Attack - SQL,,99
LR,FGSM_eps0.15,4,2,0.5,0.25,FGSM,0.15,1,Web Attack - SQL - Attempted,,99
LR,FGSM_eps0.15,19,0,,1.0,FGSM,0.15,1,Web Attack - XSS,,99
SVM,FGSM_eps0.15,60000,0,,,FGSM,0.15,1,Benign,,99
SVM,FGSM_eps0.15,6031,6031,1.0,1.0,FGSM,0.15,1,Botnet Ares,,99
SVM,FGSM_eps0.15,69,69,1.0,1.0,FGSM,0.15,1,Botnet Ares - Attempted,,99
SVM,FGSM_eps0.15,6039,6039,1.0,1.0,FGSM,0.15,1,DDoS-HOIC,,99
SVM,FGSM_eps0.15,5969,0,,1.0,FGSM,0.15,1,DDoS-LOIC-HTTP,,99
SVM,FGSM_eps0.15,504,497,0.0140845070422535,0.0277777777777777,FGSM,0.15,1,DDoS-LOIC-UDP,,99
SVM,FGSM_eps0.15,38,0,,0.9736842105263158,FGSM,0.15,1,DDoS-LOIC-UDP - Attempted,,99
SVM,FGSM_eps0.15,4580,4580,0.9548034934497815,0.9548034934497815,FGSM,0.15,1,DoS GoldenEye,,99
SVM,FGSM_eps0.15,824,824,1.0,1.0,FGSM,0.15,1,DoS GoldenEye - Attempted,,99
SVM,FGSM_eps0.15,5995,5995,0.996163469557965,0.996163469557965,FGSM,0.15,1,DoS Hulk,,99
SVM,FGSM_eps0.15,15,15,1.0,1.0,FGSM,0.15,1,DoS Hulk - Attempted,,99
SVM,FGSM_eps0.15,1747,1667,0.9082183563287344,0.9124212936462508,FGSM,0.15,1,DoS Slowloris,,99
SVM,FGSM_eps0.15,466,450,1.0,1.0,FGSM,0.15,1,DoS Slowloris - Attempted,,99
SVM,FGSM_eps0.15,5932,5932,0.0,0.0,FGSM,0.15,1,FTP-BruteForce - Attempted,,99
SVM,FGSM_eps0.15,40,40,0.2,0.2,FGSM,0.15,1,Infiltration - Communication Victim Attacker,,99
SVM,FGSM_eps0.15,25,0,,0.2,FGSM,0.15,1,Infiltration - Dropbox Download,,99
SVM,FGSM_eps0.15,4,0,,0.0,FGSM,0.15,1,Infiltration - Dropbox Download - Attempted,,99
SVM,FGSM_eps0.15,5946,4787,0.7064967620639231,0.7584931046081399,FGSM,0.15,1,Infiltration - NMAP Portscan,,99
SVM,FGSM_eps0.15,5989,5989,0.262815161128736,0.262815161128736,FGSM,0.15,1,SSH-BruteForce,,99
SVM,FGSM_eps0.15,36,0,,0.9444444444444444,FGSM,0.15,1,Web Attack - Brute Force,,99
SVM,FGSM_eps0.15,28,0,,0.9285714285714286,FGSM,0.15,1,Web Attack - Brute Force - Attempted,,99
SVM,FGSM_eps0.15,3,0,,1.0,FGSM,0.15,1,Web Attack - SQL,,99
SVM,FGSM_eps0.15,4,0,,0.25,FGSM,0.15,1,Web Attack - SQL - Attempted,,99
SVM,FGSM_eps0.15,19,0,,1.0,FGSM,0.15,1,Web Attack - XSS,,99
RF,FGSM_eps0.15,60000,0,,,FGSM,0.15,1,Benign,,99
RF,FGSM_eps0.15,6031,6031,1.0,1.0,FGSM,0.15,1,Botnet Ares,,99
RF,FGSM_eps0.15,69,69,1.0,1.0,FGSM,0.15,1,Botnet Ares - Attempted,,99
RF,FGSM_eps0.15,6039,6039,1.0,1.0,FGSM,0.15,1,DDoS-HOIC,,99
RF,FGSM_eps0.15,5969,5969,1.0,1.0,FGSM,0.15,1,DDoS-LOIC-HTTP,,99
RF,FGSM_eps0.15,504,504,0.4325396825396825,0.4325396825396825,FGSM,0.15,1,DDoS-LOIC-UDP,,99
RF,FGSM_eps0.15,38,38,1.0,1.0,FGSM,0.15,1,DDoS-LOIC-UDP - Attempted,,99
RF,FGSM_eps0.15,4580,4580,0.9997816593886464,0.9997816593886464,FGSM,0.15,1,DoS GoldenEye,,99
RF,FGSM_eps0.15,824,824,1.0,1.0,FGSM,0.15,1,DoS GoldenEye - Attempted,,99
RF,FGSM_eps0.15,5995,5995,1.0,1.0,FGSM,0.15,1,DoS Hulk,,99
RF,FGSM_eps0.15,15,15,0.5333333333333333,0.5333333333333333,FGSM,0.15,1,DoS Hulk - Attempted,,99
RF,FGSM_eps0.15,1747,1747,0.9261591299370348,0.9261591299370348,FGSM,0.15,1,DoS Slowloris,,99
RF,FGSM_eps0.15,466,466,1.0,1.0,FGSM,0.15,1,DoS Slowloris - Attempted,,99
RF,FGSM_eps0.15,5932,5932,0.7934929197572488,0.7934929197572488,FGSM,0.15,1,FTP-BruteForce - Attempted,,99
RF,FGSM_eps0.15,40,40,0.775,0.775,FGSM,0.15,1,Infiltration - Communication Victim Attacker,,99
RF,FGSM_eps0.15,25,14,1.0,0.92,FGSM,0.15,1,Infiltration - Dropbox Download,,99
RF,FGSM_eps0.15,4,0,,1.0,FGSM,0.15,1,Infiltration - Dropbox Download - Attempted,,99
RF,FGSM_eps0.15,5946,5942,1.0,1.0,FGSM,0.15,1,Infiltration - NMAP Portscan,,99
RF,FGSM_eps0.15,5989,5989,1.0,1.0,FGSM,0.15,1,SSH-BruteForce,,99
RF,FGSM_eps0.15,36,35,1.0,1.0,FGSM,0.15,1,Web Attack - Brute Force,,99
RF,FGSM_eps0.15,28,28,1.0,1.0,FGSM,0.15,1,Web Attack - Brute Force - Attempted,,99
RF,FGSM_eps0.15,3,3,1.0,1.0,FGSM,0.15,1,Web Attack - SQL,,99
RF,FGSM_eps0.15,4,4,1.0,1.0,FGSM,0.15,1,Web Attack - SQL - Attempted,,99
RF,FGSM_eps0.15,19,19,1.0,1.0,FGSM,0.15,1,Web Attack - XSS,,99
MLP,FGSM_eps0.15,60000,0,,,FGSM,0.15,1,Benign,,99
MLP,FGSM_eps0.15,6031,6031,0.9936992206930856,0.9936992206930856,FGSM,0.15,1,Botnet Ares,,99
MLP,FGSM_eps0.15,69,69,1.0,1.0,FGSM,0.15,1,Botnet Ares - Attempted,,99
MLP,FGSM_eps0.15,6039,6039,1.0,1.0,FGSM,0.15,1,DDoS-HOIC,,99
MLP,FGSM_eps0.15,5969,5969,1.0,1.0,FGSM,0.15,1,DDoS-LOIC-HTTP,,99
MLP,FGSM_eps0.15,504,504,0.0039682539682539,0.0039682539682539,FGSM,0.15,1,DDoS-LOIC-UDP,,99
MLP,FGSM_eps0.15,38,37,1.0,0.9736842105263158,FGSM,0.15,1,DDoS-LOIC-UDP - Attempted,,99
MLP,FGSM_eps0.15,4580,4579,1.0,1.0,FGSM,0.15,1,DoS GoldenEye,,99
MLP,FGSM_eps0.15,824,824,0.9866504854368932,0.9866504854368932,FGSM,0.15,1,DoS GoldenEye - Attempted,,99
MLP,FGSM_eps0.15,5995,5995,1.0,1.0,FGSM,0.15,1,DoS Hulk,,99
MLP,FGSM_eps0.15,15,15,1.0,1.0,FGSM,0.15,1,DoS Hulk - Attempted,,99
MLP,FGSM_eps0.15,1747,1747,0.3875214653692043,0.3875214653692043,FGSM,0.15,1,DoS Slowloris,,99
MLP,FGSM_eps0.15,466,466,1.0,1.0,FGSM,0.15,1,DoS Slowloris - Attempted,,99
MLP,FGSM_eps0.15,5932,5932,0.7754551584625758,0.7754551584625758,FGSM,0.15,1,FTP-BruteForce - Attempted,,99
MLP,FGSM_eps0.15,40,40,1.0,1.0,FGSM,0.15,1,Infiltration - Communication Victim Attacker,,99
MLP,FGSM_eps0.15,25,5,1.0,0.4,FGSM,0.15,1,Infiltration - Dropbox Download,,99
MLP,FGSM_eps0.15,4,0,,0.5,FGSM,0.15,1,Infiltration - Dropbox Download - Attempted,,99
MLP,FGSM_eps0.15,5946,5831,0.987823700908935,0.974100235452405,FGSM,0.15,1,Infiltration - NMAP Portscan,,99
MLP,FGSM_eps0.15,5989,5989,1.0,1.0,FGSM,0.15,1,SSH-BruteForce,,99
MLP,FGSM_eps0.15,36,34,1.0,0.9722222222222222,FGSM,0.15,1,Web Attack - Brute Force,,99
MLP,FGSM_eps0.15,28,27,1.0,0.9642857142857144,FGSM,0.15,1,Web Attack - Brute Force - Attempted,,99
MLP,FGSM_eps0.15,3,2,1.0,0.6666666666666666,FGSM,0.15,1,Web Attack - SQL,,99
MLP,FGSM_eps0.15,4,1,1.0,0.25,FGSM,0.15,1,Web Attack - SQL - Attempted,,99
MLP,FGSM_eps0.15,19,19,0.0526315789473684,0.0526315789473684,FGSM,0.15,1,Web Attack - XSS,,99
LR,FGSM_eps0.3,60000,0,,,FGSM,0.3,1,Benign,,99
LR,FGSM_eps0.3,6031,6025,1.0,1.0,FGSM,0.3,1,Botnet Ares,,99
LR,FGSM_eps0.3,69,69,1.0,1.0,FGSM,0.3,1,Botnet Ares - Attempted,,99
LR,FGSM_eps0.3,6039,6039,1.0,1.0,FGSM,0.3,1,DDoS-HOIC,,99
LR,FGSM_eps0.3,5969,0,,1.0,FGSM,0.3,1,DDoS-LOIC-HTTP,,99
LR,FGSM_eps0.3,504,496,0.0161290322580645,0.0317460317460317,FGSM,0.3,1,DDoS-LOIC-UDP,,99
LR,FGSM_eps0.3,38,0,,0.9736842105263158,FGSM,0.3,1,DDoS-LOIC-UDP - Attempted,,99
LR,FGSM_eps0.3,4580,4580,0.9775109170305676,0.9775109170305676,FGSM,0.3,1,DoS GoldenEye,,99
LR,FGSM_eps0.3,824,824,0.9866504854368932,0.9866504854368932,FGSM,0.3,1,DoS GoldenEye - Attempted,,99
LR,FGSM_eps0.3,5995,5995,0.9996663886572144,0.9996663886572144,FGSM,0.3,1,DoS Hulk,,99
LR,FGSM_eps0.3,15,15,1.0,1.0,FGSM,0.3,1,DoS Hulk - Attempted,,99
LR,FGSM_eps0.3,1747,1691,0.4098166765227676,0.4287349742415569,FGSM,0.3,1,DoS Slowloris,,99
LR,FGSM_eps0.3,466,450,1.0,1.0,FGSM,0.3,1,DoS Slowloris - Attempted,,99
LR,FGSM_eps0.3,5932,5932,0.334794335805799,0.334794335805799,FGSM,0.3,1,FTP-BruteForce - Attempted,,99
LR,FGSM_eps0.3,40,40,1.0,1.0,FGSM,0.3,1,Infiltration - Communication Victim Attacker,,99
LR,FGSM_eps0.3,25,0,,0.24,FGSM,0.3,1,Infiltration - Dropbox Download,,99
LR,FGSM_eps0.3,4,0,,0.0,FGSM,0.3,1,Infiltration - Dropbox Download - Attempted,,99
LR,FGSM_eps0.3,5946,5341,0.8659427073581726,0.8730238816010764,FGSM,0.3,1,Infiltration - NMAP Portscan,,99
LR,FGSM_eps0.3,5989,5989,1.0,1.0,FGSM,0.3,1,SSH-BruteForce,,99
LR,FGSM_eps0.3,36,0,,0.9444444444444444,FGSM,0.3,1,Web Attack - Brute Force,,99
LR,FGSM_eps0.3,28,0,,0.9642857142857144,FGSM,0.3,1,Web Attack - Brute Force - Attempted,,99
LR,FGSM_eps0.3,3,2,1.0,0.6666666666666666,FGSM,0.3,1,Web Attack - SQL,,99
LR,FGSM_eps0.3,4,2,0.5,0.25,FGSM,0.3,1,Web Attack - SQL - Attempted,,99
LR,FGSM_eps0.3,19,0,,1.0,FGSM,0.3,1,Web Attack - XSS,,99
SVM,FGSM_eps0.3,60000,0,,,FGSM,0.3,1,Benign,,99
SVM,FGSM_eps0.3,6031,6031,1.0,1.0,FGSM,0.3,1,Botnet Ares,,99
SVM,FGSM_eps0.3,69,69,1.0,1.0,FGSM,0.3,1,Botnet Ares - Attempted,,99
SVM,FGSM_eps0.3,6039,6039,1.0,1.0,FGSM,0.3,1,DDoS-HOIC,,99
SVM,FGSM_eps0.3,5969,0,,1.0,FGSM,0.3,1,DDoS-LOIC-HTTP,,99
SVM,FGSM_eps0.3,504,497,0.0140845070422535,0.0277777777777777,FGSM,0.3,1,DDoS-LOIC-UDP,,99
SVM,FGSM_eps0.3,38,0,,0.9473684210526316,FGSM,0.3,1,DDoS-LOIC-UDP - Attempted,,99
SVM,FGSM_eps0.3,4580,4580,0.9548034934497815,0.9548034934497815,FGSM,0.3,1,DoS GoldenEye,,99
SVM,FGSM_eps0.3,824,824,1.0,1.0,FGSM,0.3,1,DoS GoldenEye - Attempted,,99
SVM,FGSM_eps0.3,5995,5995,0.996163469557965,0.996163469557965,FGSM,0.3,1,DoS Hulk,,99
SVM,FGSM_eps0.3,15,15,1.0,1.0,FGSM,0.3,1,DoS Hulk - Attempted,,99
SVM,FGSM_eps0.3,1747,1667,0.964007198560288,0.9656554092730396,FGSM,0.3,1,DoS Slowloris,,99
SVM,FGSM_eps0.3,466,450,1.0,1.0,FGSM,0.3,1,DoS Slowloris - Attempted,,99
SVM,FGSM_eps0.3,5932,5932,0.7754551584625758,0.7754551584625758,FGSM,0.3,1,FTP-BruteForce - Attempted,,99
SVM,FGSM_eps0.3,40,40,0.375,0.375,FGSM,0.3,1,Infiltration - Communication Victim Attacker,,99
SVM,FGSM_eps0.3,25,0,,0.2,FGSM,0.3,1,Infiltration - Dropbox Download,,99
SVM,FGSM_eps0.3,4,0,,0.0,FGSM,0.3,1,Infiltration - Dropbox Download - Attempted,,99
SVM,FGSM_eps0.3,5946,4787,0.8819720075203676,0.8995963673057518,FGSM,0.3,1,Infiltration - NMAP Portscan,,99
SVM,FGSM_eps0.3,5989,5989,0.262815161128736,0.262815161128736,FGSM,0.3,1,SSH-BruteForce,,99
SVM,FGSM_eps0.3,36,0,,0.9444444444444444,FGSM,0.3,1,Web Attack - Brute Force,,99
SVM,FGSM_eps0.3,28,0,,0.9285714285714286,FGSM,0.3,1,Web Attack - Brute Force - Attempted,,99
SVM,FGSM_eps0.3,3,0,,1.0,FGSM,0.3,1,Web Attack - SQL,,99
SVM,FGSM_eps0.3,4,0,,0.25,FGSM,0.3,1,Web Attack - SQL - Attempted,,99
SVM,FGSM_eps0.3,19,0,,1.0,FGSM,0.3,1,Web Attack - XSS,,99
RF,FGSM_eps0.3,60000,0,,,FGSM,0.3,1,Benign,,99
RF,FGSM_eps0.3,6031,6031,1.0,1.0,FGSM,0.3,1,Botnet Ares,,99
RF,FGSM_eps0.3,69,69,1.0,1.0,FGSM,0.3,1,Botnet Ares - Attempted,,99
RF,FGSM_eps0.3,6039,6039,1.0,1.0,FGSM,0.3,1,DDoS-HOIC,,99
RF,FGSM_eps0.3,5969,5969,1.0,1.0,FGSM,0.3,1,DDoS-LOIC-HTTP,,99
RF,FGSM_eps0.3,504,504,0.4424603174603174,0.4424603174603174,FGSM,0.3,1,DDoS-LOIC-UDP,,99
RF,FGSM_eps0.3,38,38,1.0,1.0,FGSM,0.3,1,DDoS-LOIC-UDP - Attempted,,99
RF,FGSM_eps0.3,4580,4580,0.9997816593886464,0.9997816593886464,FGSM,0.3,1,DoS GoldenEye,,99
RF,FGSM_eps0.3,824,824,1.0,1.0,FGSM,0.3,1,DoS GoldenEye - Attempted,,99
RF,FGSM_eps0.3,5995,5995,1.0,1.0,FGSM,0.3,1,DoS Hulk,,99
RF,FGSM_eps0.3,15,15,0.0,0.0,FGSM,0.3,1,DoS Hulk - Attempted,,99
RF,FGSM_eps0.3,1747,1747,1.0,1.0,FGSM,0.3,1,DoS Slowloris,,99
RF,FGSM_eps0.3,466,466,0.0665236051502145,0.0665236051502145,FGSM,0.3,1,DoS Slowloris - Attempted,,99
RF,FGSM_eps0.3,5932,5932,0.7934929197572488,0.7934929197572488,FGSM,0.3,1,FTP-BruteForce - Attempted,,99
RF,FGSM_eps0.3,40,40,0.8,0.8,FGSM,0.3,1,Infiltration - Communication Victim Attacker,,99
RF,FGSM_eps0.3,25,14,1.0,0.84,FGSM,0.3,1,Infiltration - Dropbox Download,,99
RF,FGSM_eps0.3,4,0,,0.75,FGSM,0.3,1,Infiltration - Dropbox Download - Attempted,,99
RF,FGSM_eps0.3,5946,5942,1.0,1.0,FGSM,0.3,1,Infiltration - NMAP Portscan,,99
RF,FGSM_eps0.3,5989,5989,1.0,1.0,FGSM,0.3,1,SSH-BruteForce,,99
RF,FGSM_eps0.3,36,35,1.0,1.0,FGSM,0.3,1,Web Attack - Brute Force,,99
RF,FGSM_eps0.3,28,28,0.9642857142857144,0.9642857142857144,FGSM,0.3,1,Web Attack - Brute Force - Attempted,,99
RF,FGSM_eps0.3,3,3,1.0,1.0,FGSM,0.3,1,Web Attack - SQL,,99
RF,FGSM_eps0.3,4,4,1.0,1.0,FGSM,0.3,1,Web Attack - SQL - Attempted,,99
RF,FGSM_eps0.3,19,19,1.0,1.0,FGSM,0.3,1,Web Attack - XSS,,99
MLP,FGSM_eps0.3,60000,0,,,FGSM,0.3,1,Benign,,99
MLP,FGSM_eps0.3,6031,6031,0.9995025700547172,0.9995025700547172,FGSM,0.3,1,Botnet Ares,,99
MLP,FGSM_eps0.3,69,69,1.0,1.0,FGSM,0.3,1,Botnet Ares - Attempted,,99
MLP,FGSM_eps0.3,6039,6039,1.0,1.0,FGSM,0.3,1,DDoS-HOIC,,99
MLP,FGSM_eps0.3,5969,5969,1.0,1.0,FGSM,0.3,1,DDoS-LOIC-HTTP,,99
MLP,FGSM_eps0.3,504,504,0.0158730158730158,0.0158730158730158,FGSM,0.3,1,DDoS-LOIC-UDP,,99
MLP,FGSM_eps0.3,38,37,1.0,0.9736842105263158,FGSM,0.3,1,DDoS-LOIC-UDP - Attempted,,99
MLP,FGSM_eps0.3,4580,4579,1.0,0.9997816593886464,FGSM,0.3,1,DoS GoldenEye,,99
MLP,FGSM_eps0.3,824,824,0.9866504854368932,0.9866504854368932,FGSM,0.3,1,DoS GoldenEye - Attempted,,99
MLP,FGSM_eps0.3,5995,5995,1.0,1.0,FGSM,0.3,1,DoS Hulk,,99
MLP,FGSM_eps0.3,15,15,1.0,1.0,FGSM,0.3,1,DoS Hulk - Attempted,,99
MLP,FGSM_eps0.3,1747,1747,0.4006868918145392,0.4006868918145392,FGSM,0.3,1,DoS Slowloris,,99
MLP,FGSM_eps0.3,466,466,1.0,1.0,FGSM,0.3,1,DoS Slowloris - Attempted,,99
MLP,FGSM_eps0.3,5932,5932,0.7754551584625758,0.7754551584625758,FGSM,0.3,1,FTP-BruteForce - Attempted,,99
MLP,FGSM_eps0.3,40,40,1.0,1.0,FGSM,0.3,1,Infiltration - Communication Victim Attacker,,99
MLP,FGSM_eps0.3,25,5,1.0,0.28,FGSM,0.3,1,Infiltration - Dropbox Download,,99
MLP,FGSM_eps0.3,4,0,,0.25,FGSM,0.3,1,Infiltration - Dropbox Download - Attempted,,99
MLP,FGSM_eps0.3,5946,5831,0.9965700565940662,0.981163807601749,FGSM,0.3,1,Infiltration - NMAP Portscan,,99
MLP,FGSM_eps0.3,5989,5989,1.0,1.0,FGSM,0.3,1,SSH-BruteForce,,99
MLP,FGSM_eps0.3,36,34,1.0,0.9444444444444444,FGSM,0.3,1,Web Attack - Brute Force,,99
MLP,FGSM_eps0.3,28,27,1.0,0.9642857142857144,FGSM,0.3,1,Web Attack - Brute Force - Attempted,,99
MLP,FGSM_eps0.3,3,2,1.0,0.6666666666666666,FGSM,0.3,1,Web Attack - SQL,,99
MLP,FGSM_eps0.3,4,1,1.0,0.25,FGSM,0.3,1,Web Attack - SQL - Attempted,,99
MLP,FGSM_eps0.3,19,19,1.0,1.0,FGSM,0.3,1,Web Attack - XSS,,99
LR,FGSM_eps0.5,60000,0,,,FGSM,0.5,1,Benign,,99
LR,FGSM_eps0.5,6031,6025,1.0,1.0,FGSM,0.5,1,Botnet Ares,,99
LR,FGSM_eps0.5,69,69,1.0,1.0,FGSM,0.5,1,Botnet Ares - Attempted,,99
LR,FGSM_eps0.5,6039,6039,1.0,1.0,FGSM,0.5,1,DDoS-HOIC,,99
LR,FGSM_eps0.5,5969,0,,1.0,FGSM,0.5,1,DDoS-LOIC-HTTP,,99
LR,FGSM_eps0.5,504,496,0.0302419354838709,0.0456349206349206,FGSM,0.5,1,DDoS-LOIC-UDP,,99
LR,FGSM_eps0.5,38,0,,0.9736842105263158,FGSM,0.5,1,DDoS-LOIC-UDP - Attempted,,99
LR,FGSM_eps0.5,4580,4580,0.9997816593886464,0.9997816593886464,FGSM,0.5,1,DoS GoldenEye,,99
LR,FGSM_eps0.5,824,824,0.9866504854368932,0.9866504854368932,FGSM,0.5,1,DoS GoldenEye - Attempted,,99
LR,FGSM_eps0.5,5995,5995,1.0,1.0,FGSM,0.5,1,DoS Hulk,,99
LR,FGSM_eps0.5,15,15,1.0,1.0,FGSM,0.5,1,DoS Hulk - Attempted,,99
LR,FGSM_eps0.5,1747,1691,0.4204612655233589,0.4390383514596451,FGSM,0.5,1,DoS Slowloris,,99
LR,FGSM_eps0.5,466,450,1.0,1.0,FGSM,0.5,1,DoS Slowloris - Attempted,,99
LR,FGSM_eps0.5,5932,5932,1.0,1.0,FGSM,0.5,1,FTP-BruteForce - Attempted,,99
LR,FGSM_eps0.5,40,40,1.0,1.0,FGSM,0.5,1,Infiltration - Communication Victim Attacker,,99
LR,FGSM_eps0.5,25,0,,0.2,FGSM,0.5,1,Infiltration - Dropbox Download,,99
LR,FGSM_eps0.5,4,0,,0.0,FGSM,0.5,1,Infiltration - Dropbox Download - Attempted,,99
LR,FGSM_eps0.5,5946,5341,0.9754727579105036,0.96535486041036,FGSM,0.5,1,Infiltration - NMAP Portscan,,99
LR,FGSM_eps0.5,5989,5989,1.0,1.0,FGSM,0.5,1,SSH-BruteForce,,99
LR,FGSM_eps0.5,36,0,,0.9444444444444444,FGSM,0.5,1,Web Attack - Brute Force,,99
LR,FGSM_eps0.5,28,0,,0.9642857142857144,FGSM,0.5,1,Web Attack - Brute Force - Attempted,,99
LR,FGSM_eps0.5,3,2,1.0,0.6666666666666666,FGSM,0.5,1,Web Attack - SQL,,99
LR,FGSM_eps0.5,4,2,0.5,0.25,FGSM,0.5,1,Web Attack - SQL - Attempted,,99
LR,FGSM_eps0.5,19,0,,1.0,FGSM,0.5,1,Web Attack - XSS,,99
SVM,FGSM_eps0.5,60000,0,,,FGSM,0.5,1,Benign,,99
SVM,FGSM_eps0.5,6031,6031,1.0,1.0,FGSM,0.5,1,Botnet Ares,,99
SVM,FGSM_eps0.5,69,69,1.0,1.0,FGSM,0.5,1,Botnet Ares - Attempted,,99
SVM,FGSM_eps0.5,6039,6039,1.0,1.0,FGSM,0.5,1,DDoS-HOIC,,99
SVM,FGSM_eps0.5,5969,0,,1.0,FGSM,0.5,1,DDoS-LOIC-HTTP,,99
SVM,FGSM_eps0.5,504,497,0.0140845070422535,0.0277777777777777,FGSM,0.5,1,DDoS-LOIC-UDP,,99
SVM,FGSM_eps0.5,38,0,,0.9473684210526316,FGSM,0.5,1,DDoS-LOIC-UDP - Attempted,,99
SVM,FGSM_eps0.5,4580,4580,0.9548034934497815,0.9548034934497815,FGSM,0.5,1,DoS GoldenEye,,99
SVM,FGSM_eps0.5,824,824,1.0,1.0,FGSM,0.5,1,DoS GoldenEye - Attempted,,99
SVM,FGSM_eps0.5,5995,5995,0.996163469557965,0.996163469557965,FGSM,0.5,1,DoS Hulk,,99
SVM,FGSM_eps0.5,15,15,1.0,1.0,FGSM,0.5,1,DoS Hulk - Attempted,,99
SVM,FGSM_eps0.5,1747,1667,0.964007198560288,0.9656554092730396,FGSM,0.5,1,DoS Slowloris,,99
SVM,FGSM_eps0.5,466,450,1.0,1.0,FGSM,0.5,1,DoS Slowloris - Attempted,,99
SVM,FGSM_eps0.5,5932,5932,1.0,1.0,FGSM,0.5,1,FTP-BruteForce - Attempted,,99
SVM,FGSM_eps0.5,40,40,0.375,0.375,FGSM,0.5,1,Infiltration - Communication Victim Attacker,,99
SVM,FGSM_eps0.5,25,0,,0.2,FGSM,0.5,1,Infiltration - Dropbox Download,,99
SVM,FGSM_eps0.5,4,0,,0.0,FGSM,0.5,1,Infiltration - Dropbox Download - Attempted,,99
SVM,FGSM_eps0.5,5946,4787,0.9905995404219762,0.9870501177262024,FGSM,0.5,1,Infiltration - NMAP Portscan,,99
SVM,FGSM_eps0.5,5989,5989,0.262815161128736,0.262815161128736,FGSM,0.5,1,SSH-BruteForce,,99
SVM,FGSM_eps0.5,36,0,,0.9444444444444444,FGSM,0.5,1,Web Attack - Brute Force,,99
SVM,FGSM_eps0.5,28,0,,0.9285714285714286,FGSM,0.5,1,Web Attack - Brute Force - Attempted,,99
SVM,FGSM_eps0.5,3,0,,1.0,FGSM,0.5,1,Web Attack - SQL,,99
SVM,FGSM_eps0.5,4,0,,0.25,FGSM,0.5,1,Web Attack - SQL - Attempted,,99
SVM,FGSM_eps0.5,19,0,,1.0,FGSM,0.5,1,Web Attack - XSS,,99
RF,FGSM_eps0.5,60000,0,,,FGSM,0.5,1,Benign,,99
RF,FGSM_eps0.5,6031,6031,1.0,1.0,FGSM,0.5,1,Botnet Ares,,99
RF,FGSM_eps0.5,69,69,1.0,1.0,FGSM,0.5,1,Botnet Ares - Attempted,,99
RF,FGSM_eps0.5,6039,6039,1.0,1.0,FGSM,0.5,1,DDoS-HOIC,,99
RF,FGSM_eps0.5,5969,5969,1.0,1.0,FGSM,0.5,1,DDoS-LOIC-HTTP,,99
RF,FGSM_eps0.5,504,504,0.4424603174603174,0.4424603174603174,FGSM,0.5,1,DDoS-LOIC-UDP,,99
RF,FGSM_eps0.5,38,38,1.0,1.0,FGSM,0.5,1,DDoS-LOIC-UDP - Attempted,,99
RF,FGSM_eps0.5,4580,4580,0.9997816593886464,0.9997816593886464,FGSM,0.5,1,DoS GoldenEye,,99
RF,FGSM_eps0.5,824,824,1.0,1.0,FGSM,0.5,1,DoS GoldenEye - Attempted,,99
RF,FGSM_eps0.5,5995,5995,1.0,1.0,FGSM,0.5,1,DoS Hulk,,99
RF,FGSM_eps0.5,15,15,0.0,0.0,FGSM,0.5,1,DoS Hulk - Attempted,,99
RF,FGSM_eps0.5,1747,1747,1.0,1.0,FGSM,0.5,1,DoS Slowloris,,99
RF,FGSM_eps0.5,466,466,0.0665236051502145,0.0665236051502145,FGSM,0.5,1,DoS Slowloris - Attempted,,99
RF,FGSM_eps0.5,5932,5932,0.7934929197572488,0.7934929197572488,FGSM,0.5,1,FTP-BruteForce - Attempted,,99
RF,FGSM_eps0.5,40,40,1.0,1.0,FGSM,0.5,1,Infiltration - Communication Victim Attacker,,99
RF,FGSM_eps0.5,25,14,1.0,0.8,FGSM,0.5,1,Infiltration - Dropbox Download,,99
RF,FGSM_eps0.5,4,0,,0.75,FGSM,0.5,1,Infiltration - Dropbox Download - Attempted,,99
RF,FGSM_eps0.5,5946,5942,0.9988219454729048,0.9988227379751092,FGSM,0.5,1,Infiltration - NMAP Portscan,,99
RF,FGSM_eps0.5,5989,5989,1.0,1.0,FGSM,0.5,1,SSH-BruteForce,,99
RF,FGSM_eps0.5,36,35,1.0,1.0,FGSM,0.5,1,Web Attack - Brute Force,,99
RF,FGSM_eps0.5,28,28,0.4642857142857143,0.4642857142857143,FGSM,0.5,1,Web Attack - Brute Force - Attempted,,99
RF,FGSM_eps0.5,3,3,1.0,1.0,FGSM,0.5,1,Web Attack - SQL,,99
RF,FGSM_eps0.5,4,4,0.75,0.75,FGSM,0.5,1,Web Attack - SQL - Attempted,,99
RF,FGSM_eps0.5,19,19,1.0,1.0,FGSM,0.5,1,Web Attack - XSS,,99
MLP,FGSM_eps0.5,60000,0,,,FGSM,0.5,1,Benign,,99
MLP,FGSM_eps0.5,6031,6031,0.9996683800364782,0.9996683800364782,FGSM,0.5,1,Botnet Ares,,99
MLP,FGSM_eps0.5,69,69,1.0,1.0,FGSM,0.5,1,Botnet Ares - Attempted,,99
MLP,FGSM_eps0.5,6039,6039,1.0,1.0,FGSM,0.5,1,DDoS-HOIC,,99
MLP,FGSM_eps0.5,5969,5969,1.0,1.0,FGSM,0.5,1,DDoS-LOIC-HTTP,,99
MLP,FGSM_eps0.5,504,504,0.0892857142857142,0.0892857142857142,FGSM,0.5,1,DDoS-LOIC-UDP,,99
MLP,FGSM_eps0.5,38,37,1.0,0.9736842105263158,FGSM,0.5,1,DDoS-LOIC-UDP - Attempted,,99
MLP,FGSM_eps0.5,4580,4579,1.0,0.9997816593886464,FGSM,0.5,1,DoS GoldenEye,,99
MLP,FGSM_eps0.5,824,824,0.9866504854368932,0.9866504854368932,FGSM,0.5,1,DoS GoldenEye - Attempted,,99
MLP,FGSM_eps0.5,5995,5995,1.0,1.0,FGSM,0.5,1,DoS Hulk,,99
MLP,FGSM_eps0.5,15,15,1.0,1.0,FGSM,0.5,1,DoS Hulk - Attempted,,99
MLP,FGSM_eps0.5,1747,1747,0.3989696622781912,0.3989696622781912,FGSM,0.5,1,DoS Slowloris,,99
MLP,FGSM_eps0.5,466,466,1.0,1.0,FGSM,0.5,1,DoS Slowloris - Attempted,,99
MLP,FGSM_eps0.5,5932,5932,1.0,1.0,FGSM,0.5,1,FTP-BruteForce - Attempted,,99
MLP,FGSM_eps0.5,40,40,1.0,1.0,FGSM,0.5,1,Infiltration - Communication Victim Attacker,,99
MLP,FGSM_eps0.5,25,5,1.0,0.24,FGSM,0.5,1,Infiltration - Dropbox Download,,99
MLP,FGSM_eps0.5,4,0,,0.0,FGSM,0.5,1,Infiltration - Dropbox Download - Attempted,,99
MLP,FGSM_eps0.5,5946,5831,0.9991425141485164,0.9798183652875884,FGSM,0.5,1,Infiltration - NMAP Portscan,,99
MLP,FGSM_eps0.5,5989,5989,1.0,1.0,FGSM,0.5,1,SSH-BruteForce,,99
MLP,FGSM_eps0.5,36,34,1.0,0.9444444444444444,FGSM,0.5,1,Web Attack - Brute Force,,99
MLP,FGSM_eps0.5,28,27,1.0,0.9642857142857144,FGSM,0.5,1,Web Attack - Brute Force - Attempted,,99
MLP,FGSM_eps0.5,3,2,1.0,0.6666666666666666,FGSM,0.5,1,Web Attack - SQL,,99
MLP,FGSM_eps0.5,4,1,1.0,0.25,FGSM,0.5,1,Web Attack - SQL - Attempted,,99
MLP,FGSM_eps0.5,19,19,1.0,1.0,FGSM,0.5,1,Web Attack - XSS,,99
LR,FGSM_eps0.75,60000,0,,,FGSM,0.75,1,Benign,,99
LR,FGSM_eps0.75,6031,6025,1.0,1.0,FGSM,0.75,1,Botnet Ares,,99
LR,FGSM_eps0.75,69,69,1.0,1.0,FGSM,0.75,1,Botnet Ares - Attempted,,99
LR,FGSM_eps0.75,6039,6039,1.0,1.0,FGSM,0.75,1,DDoS-HOIC,,99
LR,FGSM_eps0.75,5969,0,,1.0,FGSM,0.75,1,DDoS-LOIC-HTTP,,99
LR,FGSM_eps0.75,504,496,0.032258064516129,0.0476190476190476,FGSM,0.75,1,DDoS-LOIC-UDP,,99
LR,FGSM_eps0.75,38,0,,0.9736842105263158,FGSM,0.75,1,DDoS-LOIC-UDP - Attempted,,99
LR,FGSM_eps0.75,4580,4580,0.9997816593886464,0.9997816593886464,FGSM,0.75,1,DoS GoldenEye,,99
LR,FGSM_eps0.75,824,824,0.9866504854368932,0.9866504854368932,FGSM,0.75,1,DoS GoldenEye - Attempted,,99
LR,FGSM_eps0.75,5995,5995,1.0,1.0,FGSM,0.75,1,DoS Hulk,,99
LR,FGSM_eps0.75,15,15,1.0,1.0,FGSM,0.75,1,DoS Hulk - Attempted,,99
LR,FGSM_eps0.75,1747,1691,0.4506209343583678,0.4682312535775615,FGSM,0.75,1,DoS Slowloris,,99
LR,FGSM_eps0.75,466,450,1.0,1.0,FGSM,0.75,1,DoS Slowloris - Attempted,,99
LR,FGSM_eps0.75,5932,5932,1.0,1.0,FGSM,0.75,1,FTP-BruteForce - Attempted,,99
LR,FGSM_eps0.75,40,40,1.0,1.0,FGSM,0.75,1,Infiltration - Communication Victim Attacker,,99
LR,FGSM_eps0.75,25,0,,0.2,FGSM,0.75,1,Infiltration - Dropbox Download,,99
LR,FGSM_eps0.75,4,0,,0.0,FGSM,0.75,1,Infiltration - Dropbox Download - Attempted,,99
LR,FGSM_eps0.75,5946,5341,0.9921363040629096,0.9803229061553986,FGSM,0.75,1,Infiltration - NMAP Portscan,,99
LR,FGSM_eps0.75,5989,5989,1.0,1.0,FGSM,0.75,1,SSH-BruteForce,,99
LR,FGSM_eps0.75,36,0,,0.9444444444444444,FGSM,0.75,1,Web Attack - Brute Force,,99
LR,FGSM_eps0.75,28,0,,0.9642857142857144,FGSM,0.75,1,Web Attack - Brute Force - Attempted,,99
LR,FGSM_eps0.75,3,2,1.0,0.6666666666666666,FGSM,0.75,1,Web Attack - SQL,,99
LR,FGSM_eps0.75,4,2,0.5,0.25,FGSM,0.75,1,Web Attack - SQL - Attempted,,99
LR,FGSM_eps0.75,19,0,,1.0,FGSM,0.75,1,Web Attack - XSS,,99
SVM,FGSM_eps0.75,60000,0,,,FGSM,0.75,1,Benign,,99
SVM,FGSM_eps0.75,6031,6031,1.0,1.0,FGSM,0.75,1,Botnet Ares,,99
SVM,FGSM_eps0.75,69,69,1.0,1.0,FGSM,0.75,1,Botnet Ares - Attempted,,99
SVM,FGSM_eps0.75,6039,6039,1.0,1.0,FGSM,0.75,1,DDoS-HOIC,,99
SVM,FGSM_eps0.75,5969,0,,1.0,FGSM,0.75,1,DDoS-LOIC-HTTP,,99
SVM,FGSM_eps0.75,504,497,0.0140845070422535,0.0277777777777777,FGSM,0.75,1,DDoS-LOIC-UDP,,99
SVM,FGSM_eps0.75,38,0,,0.9473684210526316,FGSM,0.75,1,DDoS-LOIC-UDP - Attempted,,99
SVM,FGSM_eps0.75,4580,4580,0.9548034934497815,0.9548034934497815,FGSM,0.75,1,DoS GoldenEye,,99
SVM,FGSM_eps0.75,824,824,1.0,1.0,FGSM,0.75,1,DoS GoldenEye - Attempted,,99
SVM,FGSM_eps0.75,5995,5995,0.996163469557965,0.996163469557965,FGSM,0.75,1,DoS Hulk,,99
SVM,FGSM_eps0.75,15,15,1.0,1.0,FGSM,0.75,1,DoS Hulk - Attempted,,99
SVM,FGSM_eps0.75,1747,1667,0.964007198560288,0.9656554092730396,FGSM,0.75,1,DoS Slowloris,,99
SVM,FGSM_eps0.75,466,450,1.0,1.0,FGSM,0.75,1,DoS Slowloris - Attempted,,99
SVM,FGSM_eps0.75,5932,5932,1.0,1.0,FGSM,0.75,1,FTP-BruteForce - Attempted,,99
SVM,FGSM_eps0.75,40,40,0.375,0.375,FGSM,0.75,1,Infiltration - Communication Victim Attacker,,99
SVM,FGSM_eps0.75,25,0,,0.2,FGSM,0.75,1,Infiltration - Dropbox Download,,99
SVM,FGSM_eps0.75,4,0,,0.0,FGSM,0.75,1,Infiltration - Dropbox Download - Attempted,,99
SVM,FGSM_eps0.75,5946,4787,0.9972843116774598,0.9924318869828456,FGSM,0.75,1,Infiltration - NMAP Portscan,,99
SVM,FGSM_eps0.75,5989,5989,0.262815161128736,0.262815161128736,FGSM,0.75,1,SSH-BruteForce,,99
SVM,FGSM_eps0.75,36,0,,0.9444444444444444,FGSM,0.75,1,Web Attack - Brute Force,,99
SVM,FGSM_eps0.75,28,0,,0.9285714285714286,FGSM,0.75,1,Web Attack - Brute Force - Attempted,,99
SVM,FGSM_eps0.75,3,0,,1.0,FGSM,0.75,1,Web Attack - SQL,,99
SVM,FGSM_eps0.75,4,0,,0.25,FGSM,0.75,1,Web Attack - SQL - Attempted,,99
SVM,FGSM_eps0.75,19,0,,1.0,FGSM,0.75,1,Web Attack - XSS,,99
RF,FGSM_eps0.75,60000,0,,,FGSM,0.75,1,Benign,,99
RF,FGSM_eps0.75,6031,6031,1.0,1.0,FGSM,0.75,1,Botnet Ares,,99
RF,FGSM_eps0.75,69,69,1.0,1.0,FGSM,0.75,1,Botnet Ares - Attempted,,99
RF,FGSM_eps0.75,6039,6039,1.0,1.0,FGSM,0.75,1,DDoS-HOIC,,99
RF,FGSM_eps0.75,5969,5969,1.0,1.0,FGSM,0.75,1,DDoS-LOIC-HTTP,,99
RF,FGSM_eps0.75,504,504,0.4424603174603174,0.4424603174603174,FGSM,0.75,1,DDoS-LOIC-UDP,,99
RF,FGSM_eps0.75,38,38,1.0,1.0,FGSM,0.75,1,DDoS-LOIC-UDP - Attempted,,99
RF,FGSM_eps0.75,4580,4580,0.9997816593886464,0.9997816593886464,FGSM,0.75,1,DoS GoldenEye,,99
RF,FGSM_eps0.75,824,824,1.0,1.0,FGSM,0.75,1,DoS GoldenEye - Attempted,,99
RF,FGSM_eps0.75,5995,5995,1.0,1.0,FGSM,0.75,1,DoS Hulk,,99
RF,FGSM_eps0.75,15,15,0.4666666666666667,0.4666666666666667,FGSM,0.75,1,DoS Hulk - Attempted,,99
RF,FGSM_eps0.75,1747,1747,1.0,1.0,FGSM,0.75,1,DoS Slowloris,,99
RF,FGSM_eps0.75,466,466,0.0665236051502145,0.0665236051502145,FGSM,0.75,1,DoS Slowloris - Attempted,,99
RF,FGSM_eps0.75,5932,5932,0.7934929197572488,0.7934929197572488,FGSM,0.75,1,FTP-BruteForce - Attempted,,99
RF,FGSM_eps0.75,40,40,1.0,1.0,FGSM,0.75,1,Infiltration - Communication Victim Attacker,,99
RF,FGSM_eps0.75,25,14,1.0,0.92,FGSM,0.75,1,Infiltration - Dropbox Download,,99
RF,FGSM_eps0.75,4,0,,1.0,FGSM,0.75,1,Infiltration - Dropbox Download - Attempted,,99
RF,FGSM_eps0.75,5946,5942,0.9988219454729048,0.9988227379751092,FGSM,0.75,1,Infiltration - NMAP Portscan,,99
RF,FGSM_eps0.75,5989,5989,1.0,1.0,FGSM,0.75,1,SSH-BruteForce,,99
RF,FGSM_eps0.75,36,35,1.0,1.0,FGSM,0.75,1,Web Attack - Brute Force,,99
RF,FGSM_eps0.75,28,28,0.4642857142857143,0.4642857142857143,FGSM,0.75,1,Web Attack - Brute Force - Attempted,,99
RF,FGSM_eps0.75,3,3,1.0,1.0,FGSM,0.75,1,Web Attack - SQL,,99
RF,FGSM_eps0.75,4,4,0.75,0.75,FGSM,0.75,1,Web Attack - SQL - Attempted,,99
RF,FGSM_eps0.75,19,19,1.0,1.0,FGSM,0.75,1,Web Attack - XSS,,99
MLP,FGSM_eps0.75,60000,0,,,FGSM,0.75,1,Benign,,99
MLP,FGSM_eps0.75,6031,6031,1.0,1.0,FGSM,0.75,1,Botnet Ares,,99
MLP,FGSM_eps0.75,69,69,1.0,1.0,FGSM,0.75,1,Botnet Ares - Attempted,,99
MLP,FGSM_eps0.75,6039,6039,1.0,1.0,FGSM,0.75,1,DDoS-HOIC,,99
MLP,FGSM_eps0.75,5969,5969,1.0,1.0,FGSM,0.75,1,DDoS-LOIC-HTTP,,99
MLP,FGSM_eps0.75,504,504,0.2083333333333333,0.2083333333333333,FGSM,0.75,1,DDoS-LOIC-UDP,,99
MLP,FGSM_eps0.75,38,37,1.0,0.9736842105263158,FGSM,0.75,1,DDoS-LOIC-UDP - Attempted,,99
MLP,FGSM_eps0.75,4580,4579,1.0,0.9997816593886464,FGSM,0.75,1,DoS GoldenEye,,99
MLP,FGSM_eps0.75,824,824,0.9866504854368932,0.9866504854368932,FGSM,0.75,1,DoS GoldenEye - Attempted,,99
MLP,FGSM_eps0.75,5995,5995,1.0,1.0,FGSM,0.75,1,DoS Hulk,,99
MLP,FGSM_eps0.75,15,15,1.0,1.0,FGSM,0.75,1,DoS Hulk - Attempted,,99
MLP,FGSM_eps0.75,1747,1747,0.3966800228963938,0.3966800228963938,FGSM,0.75,1,DoS Slowloris,,99
MLP,FGSM_eps0.75,466,466,1.0,1.0,FGSM,0.75,1,DoS Slowloris - Attempted,,99
MLP,FGSM_eps0.75,5932,5932,1.0,1.0,FGSM,0.75,1,FTP-BruteForce - Attempted,,99
MLP,FGSM_eps0.75,40,40,1.0,1.0,FGSM,0.75,1,Infiltration - Communication Victim Attacker,,99
MLP,FGSM_eps0.75,25,5,1.0,0.28,FGSM,0.75,1,Infiltration - Dropbox Download,,99
MLP,FGSM_eps0.75,4,0,,0.0,FGSM,0.75,1,Infiltration - Dropbox Download - Attempted,,99
MLP,FGSM_eps0.75,5946,5831,0.9891956782713084,0.9700639085099226,FGSM,0.75,1,Infiltration - NMAP Portscan,,99
MLP,FGSM_eps0.75,5989,5989,1.0,1.0,FGSM,0.75,1,SSH-BruteForce,,99
MLP,FGSM_eps0.75,36,34,1.0,0.9444444444444444,FGSM,0.75,1,Web Attack - Brute Force,,99
MLP,FGSM_eps0.75,28,27,0.9629629629629628,0.9285714285714286,FGSM,0.75,1,Web Attack - Brute Force - Attempted,,99
MLP,FGSM_eps0.75,3,2,1.0,0.6666666666666666,FGSM,0.75,1,Web Attack - SQL,,99
MLP,FGSM_eps0.75,4,1,1.0,0.25,FGSM,0.75,1,Web Attack - SQL - Attempted,,99
MLP,FGSM_eps0.75,19,19,1.0,1.0,FGSM,0.75,1,Web Attack - XSS,,99
LR,PGD_eps0.15_it10,60000,0,,,PGD,0.15,10,Benign,,99
LR,PGD_eps0.15_it10,6031,6025,1.0,1.0,PGD,0.15,10,Botnet Ares,,99
LR,PGD_eps0.15_it10,69,69,0.3478260869565217,0.3478260869565217,PGD,0.15,10,Botnet Ares - Attempted,,99
LR,PGD_eps0.15_it10,6039,6039,0.999337638681901,0.999337638681901,PGD,0.15,10,DDoS-HOIC,,99
LR,PGD_eps0.15_it10,5969,0,,1.0,PGD,0.15,10,DDoS-LOIC-HTTP,,99
LR,PGD_eps0.15_it10,504,496,0.002016129032258,0.0178571428571428,PGD,0.15,10,DDoS-LOIC-UDP,,99
LR,PGD_eps0.15_it10,38,0,,0.9736842105263158,PGD,0.15,10,DDoS-LOIC-UDP - Attempted,,99
LR,PGD_eps0.15_it10,4580,4580,0.1805676855895196,0.1805676855895196,PGD,0.15,10,DoS GoldenEye,,99
LR,PGD_eps0.15_it10,824,824,0.0,0.0,PGD,0.15,10,DoS GoldenEye - Attempted,,99
LR,PGD_eps0.15_it10,5995,5995,0.0016680567139282,0.0016680567139282,PGD,0.15,10,DoS Hulk,,99
LR,PGD_eps0.15_it10,15,15,0.9333333333333332,0.9333333333333332,PGD,0.15,10,DoS Hulk - Attempted,,99
LR,PGD_eps0.15_it10,1747,1691,0.3394441159077468,0.3606182026330853,PGD,0.15,10,DoS Slowloris,,99
LR,PGD_eps0.15_it10,466,450,1.0,1.0,PGD,0.15,10,DoS Slowloris - Attempted,,99
LR,PGD_eps0.15_it10,5932,5932,0.0,0.0,PGD,0.15,10,FTP-BruteForce - Attempted,,99
LR,PGD_eps0.15_it10,40,40,0.275,0.275,PGD,0.15,10,Infiltration - Communication Victim Attacker,,99
LR,PGD_eps0.15_it10,25,0,,0.28,PGD,0.15,10,Infiltration - Dropbox Download,,99
LR,PGD_eps0.15_it10,4,0,,0.0,PGD,0.15,10,Infiltration - Dropbox Download - Attempted,,99
LR,PGD_eps0.15_it10,5946,5341,0.5480247144729451,0.5876219307097208,PGD,0.15,10,Infiltration - NMAP Portscan,,99
LR,PGD_eps0.15_it10,5989,5989,0.835197862748372,0.835197862748372,PGD,0.15,10,SSH-BruteForce,,99
LR,PGD_eps0.15_it10,36,0,,0.9722222222222222,PGD,0.15,10,Web Attack - Brute Force,,99
LR,PGD_eps0.15_it10,28,0,,0.9642857142857144,PGD,0.15,10,Web Attack - Brute Force - Attempted,,99
LR,PGD_eps0.15_it10,3,2,1.0,0.6666666666666666,PGD,0.15,10,Web Attack - SQL,,99
LR,PGD_eps0.15_it10,4,2,0.5,0.25,PGD,0.15,10,Web Attack - SQL - Attempted,,99
LR,PGD_eps0.15_it10,19,0,,1.0,PGD,0.15,10,Web Attack - XSS,,99
SVM,PGD_eps0.15_it10,60000,0,,,PGD,0.15,10,Benign,,99
SVM,PGD_eps0.15_it10,6031,6031,0.0064665892886751,0.0064665892886751,PGD,0.15,10,Botnet Ares,,99
SVM,PGD_eps0.15_it10,69,69,0.3478260869565217,0.3478260869565217,PGD,0.15,10,Botnet Ares - Attempted,,99
SVM,PGD_eps0.15_it10,6039,6039,0.999337638681901,0.999337638681901,PGD,0.15,10,DDoS-HOIC,,99
SVM,PGD_eps0.15_it10,5969,0,,1.0,PGD,0.15,10,DDoS-LOIC-HTTP,,99
SVM,PGD_eps0.15_it10,504,497,0.0,0.0138888888888888,PGD,0.15,10,DDoS-LOIC-UDP,,99
SVM,PGD_eps0.15_it10,38,0,,0.9736842105263158,PGD,0.15,10,DDoS-LOIC-UDP - Attempted,,99
SVM,PGD_eps0.15_it10,4580,4580,0.1805676855895196,0.1805676855895196,PGD,0.15,10,DoS GoldenEye,,99
SVM,PGD_eps0.15_it10,824,824,0.0133495145631067,0.0133495145631067,PGD,0.15,10,DoS GoldenEye - Attempted,,99
SVM,PGD_eps0.15_it10,5995,5995,0.0016680567139282,0.0016680567139282,PGD,0.15,10,DoS Hulk,,99
SVM,PGD_eps0.15_it10,15,15,1.0,1.0,PGD,0.15,10,DoS Hulk - Attempted,,99
SVM,PGD_eps0.15_it10,1747,1667,0.913017396520696,0.9158557527189468,PGD,0.15,10,DoS Slowloris,,99
SVM,PGD_eps0.15_it10,466,450,1.0,1.0,PGD,0.15,10,DoS Slowloris - Attempted,,99
SVM,PGD_eps0.15_it10,5932,5932,0.0,0.0,PGD,0.15,10,FTP-BruteForce - Attempted,,99
SVM,PGD_eps0.15_it10,40,40,0.0,0.0,PGD,0.15,10,Infiltration - Communication Victim Attacker,,99
SVM,PGD_eps0.15_it10,25,0,,0.2,PGD,0.15,10,Infiltration - Dropbox Download,,99
SVM,PGD_eps0.15_it10,4,0,,0.0,PGD,0.15,10,Infiltration - Dropbox Download - Attempted,,99
SVM,PGD_eps0.15_it10,5946,4787,0.4944641738040526,0.5598721829801547,PGD,0.15,10,Infiltration - NMAP Portscan,,99
SVM,PGD_eps0.15_it10,5989,5989,0.0,0.0,PGD,0.15,10,SSH-BruteForce,,99
SVM,PGD_eps0.15_it10,36,0,,0.9444444444444444,PGD,0.15,10,Web Attack - Brute Force,,99
SVM,PGD_eps0.15_it10,28,0,,0.5714285714285714,PGD,0.15,10,Web Attack - Brute Force - Attempted,,99
SVM,PGD_eps0.15_it10,3,0,,0.6666666666666666,PGD,0.15,10,Web Attack - SQL,,99
SVM,PGD_eps0.15_it10,4,0,,0.25,PGD,0.15,10,Web Attack - SQL - Attempted,,99
SVM,PGD_eps0.15_it10,19,0,,1.0,PGD,0.15,10,Web Attack - XSS,,99
RF,PGD_eps0.15_it10,60000,0,,,PGD,0.15,10,Benign,,99
RF,PGD_eps0.15_it10,6031,6031,1.0,1.0,PGD,0.15,10,Botnet Ares,,99
RF,PGD_eps0.15_it10,69,69,1.0,1.0,PGD,0.15,10,Botnet Ares - Attempted,,99
RF,PGD_eps0.15_it10,6039,6039,1.0,1.0,PGD,0.15,10,DDoS-HOIC,,99
RF,PGD_eps0.15_it10,5969,5969,1.0,1.0,PGD,0.15,10,DDoS-LOIC-HTTP,,99
RF,PGD_eps0.15_it10,504,504,0.4265873015873015,0.4265873015873015,PGD,0.15,10,DDoS-LOIC-UDP,,99
RF,PGD_eps0.15_it10,38,38,1.0,1.0,PGD,0.15,10,DDoS-LOIC-UDP - Attempted,,99
RF,PGD_eps0.15_it10,4580,4580,0.9997816593886464,0.9997816593886464,PGD,0.15,10,DoS GoldenEye,,99
RF,PGD_eps0.15_it10,824,824,1.0,1.0,PGD,0.15,10,DoS GoldenEye - Attempted,,99
RF,PGD_eps0.15_it10,5995,5995,1.0,1.0,PGD,0.15,10,DoS Hulk,,99
RF,PGD_eps0.15_it10,15,15,1.0,1.0,PGD,0.15,10,DoS Hulk - Attempted,,99
RF,PGD_eps0.15_it10,1747,1747,0.9805380652547224,0.9805380652547224,PGD,0.15,10,DoS Slowloris,,99
RF,PGD_eps0.15_it10,466,466,1.0,1.0,PGD,0.15,10,DoS Slowloris - Attempted,,99
RF,PGD_eps0.15_it10,5932,5932,0.728422117329737,0.728422117329737,PGD,0.15,10,FTP-BruteForce - Attempted,,99
RF,PGD_eps0.15_it10,40,40,0.625,0.625,PGD,0.15,10,Infiltration - Communication Victim Attacker,,99
RF,PGD_eps0.15_it10,25,14,1.0,0.96,PGD,0.15,10,Infiltration - Dropbox Download,,99
RF,PGD_eps0.15_it10,4,0,,1.0,PGD,0.15,10,Infiltration - Dropbox Download - Attempted,,99
RF,PGD_eps0.15_it10,5946,5942,0.8243015819589364,0.8244197780020182,PGD,0.15,10,Infiltration - NMAP Portscan,,99
RF,PGD_eps0.15_it10,5989,5989,1.0,1.0,PGD,0.15,10,SSH-BruteForce,,99
RF,PGD_eps0.15_it10,36,35,1.0,1.0,PGD,0.15,10,Web Attack - Brute Force,,99
RF,PGD_eps0.15_it10,28,28,1.0,1.0,PGD,0.15,10,Web Attack - Brute Force - Attempted,,99
RF,PGD_eps0.15_it10,3,3,1.0,1.0,PGD,0.15,10,Web Attack - SQL,,99
RF,PGD_eps0.15_it10,4,4,0.75,0.75,PGD,0.15,10,Web Attack - SQL - Attempted,,99
RF,PGD_eps0.15_it10,19,19,1.0,1.0,PGD,0.15,10,Web Attack - XSS,,99
MLP,PGD_eps0.15_it10,60000,0,,,PGD,0.15,10,Benign,,99
MLP,PGD_eps0.15_it10,6031,6031,0.9938650306748468,0.9938650306748468,PGD,0.15,10,Botnet Ares,,99
MLP,PGD_eps0.15_it10,69,69,1.0,1.0,PGD,0.15,10,Botnet Ares - Attempted,,99
MLP,PGD_eps0.15_it10,6039,6039,1.0,1.0,PGD,0.15,10,DDoS-HOIC,,99
MLP,PGD_eps0.15_it10,5969,5969,1.0,1.0,PGD,0.15,10,DDoS-LOIC-HTTP,,99
MLP,PGD_eps0.15_it10,504,504,0.0039682539682539,0.0039682539682539,PGD,0.15,10,DDoS-LOIC-UDP,,99
MLP,PGD_eps0.15_it10,38,37,1.0,0.9736842105263158,PGD,0.15,10,DDoS-LOIC-UDP - Attempted,,99
MLP,PGD_eps0.15_it10,4580,4579,0.9995632234112252,0.9995633187772924,PGD,0.15,10,DoS GoldenEye,,99
MLP,PGD_eps0.15_it10,824,824,0.9866504854368932,0.9866504854368932,PGD,0.15,10,DoS GoldenEye - Attempted,,99
MLP,PGD_eps0.15_it10,5995,5995,1.0,1.0,PGD,0.15,10,DoS Hulk,,99
MLP,PGD_eps0.15_it10,15,15,1.0,1.0,PGD,0.15,10,DoS Hulk - Attempted,,99
MLP,PGD_eps0.15_it10,1747,1747,0.3840870062965083,0.3840870062965083,PGD,0.15,10,DoS Slowloris,,99
MLP,PGD_eps0.15_it10,466,466,1.0,1.0,PGD,0.15,10,DoS Slowloris - Attempted,,99
MLP,PGD_eps0.15_it10,5932,5932,0.7754551584625758,0.7754551584625758,PGD,0.15,10,FTP-BruteForce - Attempted,,99
MLP,PGD_eps0.15_it10,40,40,1.0,1.0,PGD,0.15,10,Infiltration - Communication Victim Attacker,,99
MLP,PGD_eps0.15_it10,25,5,1.0,0.28,PGD,0.15,10,Infiltration - Dropbox Download,,99
MLP,PGD_eps0.15_it10,4,0,,0.0,PGD,0.15,10,Infiltration - Dropbox Download - Attempted,,99
MLP,PGD_eps0.15_it10,5946,5831,0.9917681358257588,0.9727547931382442,PGD,0.15,10,Infiltration - NMAP Portscan,,99
MLP,PGD_eps0.15_it10,5989,5989,1.0,1.0,PGD,0.15,10,SSH-BruteForce,,99
MLP,PGD_eps0.15_it10,36,34,1.0,0.9722222222222222,PGD,0.15,10,Web Attack - Brute Force,,99
MLP,PGD_eps0.15_it10,28,27,1.0,0.9642857142857144,PGD,0.15,10,Web Attack - Brute Force - Attempted,,99
MLP,PGD_eps0.15_it10,3,2,1.0,0.6666666666666666,PGD,0.15,10,Web Attack - SQL,,99
MLP,PGD_eps0.15_it10,4,1,1.0,0.25,PGD,0.15,10,Web Attack - SQL - Attempted,,99
MLP,PGD_eps0.15_it10,19,19,0.0526315789473684,0.0526315789473684,PGD,0.15,10,Web Attack - XSS,,99
LR,PGD_eps0.15_it25,60000,0,,,PGD,0.15,25,Benign,,99
LR,PGD_eps0.15_it25,6031,6025,1.0,1.0,PGD,0.15,25,Botnet Ares,,99
LR,PGD_eps0.15_it25,69,69,0.0,0.0,PGD,0.15,25,Botnet Ares - Attempted,,99
LR,PGD_eps0.15_it25,6039,6039,0.998675277363802,0.998675277363802,PGD,0.15,25,DDoS-HOIC,,99
LR,PGD_eps0.15_it25,5969,0,,1.0,PGD,0.15,25,DDoS-LOIC-HTTP,,99
LR,PGD_eps0.15_it25,504,496,0.002016129032258,0.0178571428571428,PGD,0.15,25,DDoS-LOIC-UDP,,99
LR,PGD_eps0.15_it25,38,0,,1.0,PGD,0.15,25,DDoS-LOIC-UDP - Attempted,,99
LR,PGD_eps0.15_it25,4580,4580,0.1803493449781659,0.1803493449781659,PGD,0.15,25,DoS GoldenEye,,99
LR,PGD_eps0.15_it25,824,824,0.0,0.0,PGD,0.15,25,DoS GoldenEye - Attempted,,99
LR,PGD_eps0.15_it25,5995,5995,0.0018348623853211,0.0018348623853211,PGD,0.15,25,DoS Hulk,,99
LR,PGD_eps0.15_it25,15,15,0.9333333333333332,0.9333333333333332,PGD,0.15,25,DoS Hulk - Attempted,,99
LR,PGD_eps0.15_it25,1747,1691,0.3276167947959787,0.3491700057240984,PGD,0.15,25,DoS Slowloris,,99
LR,PGD_eps0.15_it25,466,450,1.0,1.0,PGD,0.15,25,DoS Slowloris - Attempted,,99
LR,PGD_eps0.15_it25,5932,5932,0.0,0.0,PGD,0.15,25,FTP-BruteForce - Attempted,,99
LR,PGD_eps0.15_it25,40,40,0.275,0.275,PGD,0.15,25,Infiltration - Communication Victim Attacker,,99
LR,PGD_eps0.15_it25,25,0,,0.28,PGD,0.15,25,Infiltration - Dropbox Download,,99
LR,PGD_eps0.15_it25,4,0,,0.0,PGD,0.15,25,Infiltration - Dropbox Download - Attempted,,99
LR,PGD_eps0.15_it25,5946,5341,0.5718030331398615,0.6111671712075345,PGD,0.15,25,Infiltration - NMAP Portscan,,99
LR,PGD_eps0.15_it25,5989,5989,0.840207046251461,0.840207046251461,PGD,0.15,25,SSH-BruteForce,,99
LR,PGD_eps0.15_it25,36,0,,0.9722222222222222,PGD,0.15,25,Web Attack - Brute Force,,99
LR,PGD_eps0.15_it25,28,0,,0.9642857142857144,PGD,0.15,25,Web Attack - Brute Force - Attempted,,99
LR,PGD_eps0.15_it25,3,2,1.0,0.6666666666666666,PGD,0.15,25,Web Attack - SQL,,99
LR,PGD_eps0.15_it25,4,2,0.5,0.25,PGD,0.15,25,Web Attack - SQL - Attempted,,99
LR,PGD_eps0.15_it25,19,0,,1.0,PGD,0.15,25,Web Attack - XSS,,99
SVM,PGD_eps0.15_it25,60000,0,,,PGD,0.15,25,Benign,,99
SVM,PGD_eps0.15_it25,6031,6031,0.0064665892886751,0.0064665892886751,PGD,0.15,25,Botnet Ares,,99
SVM,PGD_eps0.15_it25,69,69,0.0,0.0,PGD,0.15,25,Botnet Ares - Attempted,,99
SVM,PGD_eps0.15_it25,6039,6039,0.999337638681901,0.999337638681901,PGD,0.15,25,DDoS-HOIC,,99
SVM,PGD_eps0.15_it25,5969,0,,1.0,PGD,0.15,25,DDoS-LOIC-HTTP,,99
SVM,PGD_eps0.15_it25,504,497,0.0,0.0138888888888888,PGD,0.15,25,DDoS-LOIC-UDP,,99
SVM,PGD_eps0.15_it25,38,0,,1.0,PGD,0.15,25,DDoS-LOIC-UDP - Attempted,,99
SVM,PGD_eps0.15_it25,4580,4580,0.1803493449781659,0.1803493449781659,PGD,0.15,25,DoS GoldenEye,,99
SVM,PGD_eps0.15_it25,824,824,0.0133495145631067,0.0133495145631067,PGD,0.15,25,DoS GoldenEye - Attempted,,99
SVM,PGD_eps0.15_it25,5995,5995,0.0,0.0,PGD,0.15,25,DoS Hulk,,99
SVM,PGD_eps0.15_it25,15,15,1.0,1.0,PGD,0.15,25,DoS Hulk - Attempted,,99
SVM,PGD_eps0.15_it25,1747,1667,0.913017396520696,0.914710933028048,PGD,0.15,25,DoS Slowloris,,99
SVM,PGD_eps0.15_it25,466,450,1.0,1.0,PGD,0.15,25,DoS Slowloris - Attempted,,99
SVM,PGD_eps0.15_it25,5932,5932,0.0,0.0,PGD,0.15,25,FTP-BruteForce - Attempted,,99
SVM,PGD_eps0.15_it25,40,40,0.0,0.0,PGD,0.15,25,Infiltration - Communication Victim Attacker,,99
SVM,PGD_eps0.15_it25,25,0,,0.2,PGD,0.15,25,Infiltration - Dropbox Download,,99
SVM,PGD_eps0.15_it25,4,0,,0.0,PGD,0.15,25,Infiltration - Dropbox Download - Attempted,,99
SVM,PGD_eps0.15_it25,5946,4787,0.5494046375600585,0.6192398250924992,PGD,0.15,25,Infiltration - NMAP Portscan,,99
SVM,PGD_eps0.15_it25,5989,5989,0.0,0.0,PGD,0.15,25,SSH-BruteForce,,99
SVM,PGD_eps0.15_it25,36,0,,0.9444444444444444,PGD,0.15,25,Web Attack - Brute Force,,99
SVM,PGD_eps0.15_it25,28,0,,0.0,PGD,0.15,25,Web Attack - Brute Force - Attempted,,99
SVM,PGD_eps0.15_it25,3,0,,0.6666666666666666,PGD,0.15,25,Web Attack - SQL,,99
SVM,PGD_eps0.15_it25,4,0,,0.25,PGD,0.15,25,Web Attack - SQL - Attempted,,99
SVM,PGD_eps0.15_it25,19,0,,1.0,PGD,0.15,25,Web Attack - XSS,,99
RF,PGD_eps0.15_it25,60000,0,,,PGD,0.15,25,Benign,,99
RF,PGD_eps0.15_it25,6031,6031,1.0,1.0,PGD,0.15,25,Botnet Ares,,99
RF,PGD_eps0.15_it25,69,69,1.0,1.0,PGD,0.15,25,Botnet Ares - Attempted,,99
RF,PGD_eps0.15_it25,6039,6039,1.0,1.0,PGD,0.15,25,DDoS-HOIC,,99
RF,PGD_eps0.15_it25,5969,5969,1.0,1.0,PGD,0.15,25,DDoS-LOIC-HTTP,,99
RF,PGD_eps0.15_it25,504,504,0.4265873015873015,0.4265873015873015,PGD,0.15,25,DDoS-LOIC-UDP,,99
RF,PGD_eps0.15_it25,38,38,1.0,1.0,PGD,0.15,25,DDoS-LOIC-UDP - Attempted,,99
RF,PGD_eps0.15_it25,4580,4580,0.9997816593886464,0.9997816593886464,PGD,0.15,25,DoS GoldenEye,,99
RF,PGD_eps0.15_it25,824,824,1.0,1.0,PGD,0.15,25,DoS GoldenEye - Attempted,,99
RF,PGD_eps0.15_it25,5995,5995,1.0,1.0,PGD,0.15,25,DoS Hulk,,99
RF,PGD_eps0.15_it25,15,15,1.0,1.0,PGD,0.15,25,DoS Hulk - Attempted,,99
RF,PGD_eps0.15_it25,1747,1747,0.9891242129364624,0.9891242129364624,PGD,0.15,25,DoS Slowloris,,99
RF,PGD_eps0.15_it25,466,466,1.0,1.0,PGD,0.15,25,DoS Slowloris - Attempted,,99
RF,PGD_eps0.15_it25,5932,5932,0.9937626432906272,0.9937626432906272,PGD,0.15,25,FTP-BruteForce - Attempted,,99
RF,PGD_eps0.15_it25,40,40,0.625,0.625,PGD,0.15,25,Infiltration - Communication Victim Attacker,,99
RF,PGD_eps0.15_it25,25,14,1.0,0.92,PGD,0.15,25,Infiltration - Dropbox Download,,99
RF,PGD_eps0.15_it25,4,0,,1.0,PGD,0.15,25,Infiltration - Dropbox Download - Attempted,,99
RF,PGD_eps0.15_it25,5946,5942,0.98653651969034,0.9865455768583922,PGD,0.15,25,Infiltration - NMAP Portscan,,99
RF,PGD_eps0.15_it25,5989,5989,1.0,1.0,PGD,0.15,25,SSH-BruteForce,,99
RF,PGD_eps0.15_it25,36,35,1.0,1.0,PGD,0.15,25,Web Attack - Brute Force,,99
RF,PGD_eps0.15_it25,28,28,1.0,1.0,PGD,0.15,25,Web Attack - Brute Force - Attempted,,99
RF,PGD_eps0.15_it25,3,3,1.0,1.0,PGD,0.15,25,Web Attack - SQL,,99
RF,PGD_eps0.15_it25,4,4,0.5,0.5,PGD,0.15,25,Web Attack - SQL - Attempted,,99
RF,PGD_eps0.15_it25,19,19,1.0,1.0,PGD,0.15,25,Web Attack - XSS,,99
MLP,PGD_eps0.15_it25,60000,0,,,PGD,0.15,25,Benign,,99
MLP,PGD_eps0.15_it25,6031,6031,0.9938650306748468,0.9938650306748468,PGD,0.15,25,Botnet Ares,,99
MLP,PGD_eps0.15_it25,69,69,1.0,1.0,PGD,0.15,25,Botnet Ares - Attempted,,99
MLP,PGD_eps0.15_it25,6039,6039,1.0,1.0,PGD,0.15,25,DDoS-HOIC,,99
MLP,PGD_eps0.15_it25,5969,5969,1.0,1.0,PGD,0.15,25,DDoS-LOIC-HTTP,,99
MLP,PGD_eps0.15_it25,504,504,0.0039682539682539,0.0039682539682539,PGD,0.15,25,DDoS-LOIC-UDP,,99
MLP,PGD_eps0.15_it25,38,37,1.0,0.9736842105263158,PGD,0.15,25,DDoS-LOIC-UDP - Attempted,,99
MLP,PGD_eps0.15_it25,4580,4579,0.9888621969862416,0.9888646288209608,PGD,0.15,25,DoS GoldenEye,,99
MLP,PGD_eps0.15_it25,824,824,0.9866504854368932,0.9866504854368932,PGD,0.15,25,DoS GoldenEye - Attempted,,99
MLP,PGD_eps0.15_it25,5995,5995,1.0,1.0,PGD,0.15,25,DoS Hulk,,99
MLP,PGD_eps0.15_it25,15,15,1.0,1.0,PGD,0.15,25,DoS Hulk - Attempted,,99
MLP,PGD_eps0.15_it25,1747,1747,0.3898111047510017,0.3898111047510017,PGD,0.15,25,DoS Slowloris,,99
MLP,PGD_eps0.15_it25,466,466,1.0,1.0,PGD,0.15,25,DoS Slowloris - Attempted,,99
MLP,PGD_eps0.15_it25,5932,5932,0.7754551584625758,0.7754551584625758,PGD,0.15,25,FTP-BruteForce - Attempted,,99
MLP,PGD_eps0.15_it25,40,40,1.0,1.0,PGD,0.15,25,Infiltration - Communication Victim Attacker,,99
MLP,PGD_eps0.15_it25,25,5,1.0,0.28,PGD,0.15,25,Infiltration - Dropbox Download,,99
MLP,PGD_eps0.15_it25,4,0,,0.0,PGD,0.15,25,Infiltration - Dropbox Download - Attempted,,99
MLP,PGD_eps0.15_it25,5946,5831,0.9915966386554622,0.972586612848974,PGD,0.15,25,Infiltration - NMAP Portscan,,99
MLP,PGD_eps0.15_it25,5989,5989,1.0,1.0,PGD,0.15,25,SSH-BruteForce,,99
MLP,PGD_eps0.15_it25,36,34,1.0,0.9722222222222222,PGD,0.15,25,Web Attack - Brute Force,,99
MLP,PGD_eps0.15_it25,28,27,1.0,0.9642857142857144,PGD,0.15,25,Web Attack - Brute Force - Attempted,,99
MLP,PGD_eps0.15_it25,3,2,1.0,0.6666666666666666,PGD,0.15,25,Web Attack - SQL,,99
MLP,PGD_eps0.15_it25,4,1,1.0,0.25,PGD,0.15,25,Web Attack - SQL - Attempted,,99
MLP,PGD_eps0.15_it25,19,19,0.0526315789473684,0.0526315789473684,PGD,0.15,25,Web Attack - XSS,,99
LR,PGD_eps0.3_it10,60000,0,,,PGD,0.3,10,Benign,,99
LR,PGD_eps0.3_it10,6031,6025,1.0,1.0,PGD,0.3,10,Botnet Ares,,99
LR,PGD_eps0.3_it10,69,69,0.6521739130434783,0.6521739130434783,PGD,0.3,10,Botnet Ares - Attempted,,99
LR,PGD_eps0.3_it10,6039,6039,1.0,1.0,PGD,0.3,10,DDoS-HOIC,,99
LR,PGD_eps0.3_it10,5969,0,,1.0,PGD,0.3,10,DDoS-LOIC-HTTP,,99
LR,PGD_eps0.3_it10,504,496,0.0080645161290322,0.0238095238095238,PGD,0.3,10,DDoS-LOIC-UDP,,99
LR,PGD_eps0.3_it10,38,0,,0.9736842105263158,PGD,0.3,10,DDoS-LOIC-UDP - Attempted,,99
LR,PGD_eps0.3_it10,4580,4580,0.908951965065502,0.908951965065502,PGD,0.3,10,DoS GoldenEye,,99
LR,PGD_eps0.3_it10,824,824,1.0,1.0,PGD,0.3,10,DoS GoldenEye - Attempted,,99
LR,PGD_eps0.3_it10,5995,5995,0.8954128440366973,0.8954128440366973,PGD,0.3,10,DoS Hulk,,99
LR,PGD_eps0.3_it10,15,15,0.6,0.6,PGD,0.3,10,DoS Hulk - Attempted,,99
LR,PGD_eps0.3_it10,1747,1691,0.9745712596096984,0.9753863766456784,PGD,0.3,10,DoS Slowloris,,99
LR,PGD_eps0.3_it10,466,450,1.0,1.0,PGD,0.3,10,DoS Slowloris - Attempted,,99
LR,PGD_eps0.3_it10,5932,5932,0.1067093728927849,0.1067093728927849,PGD,0.3,10,FTP-BruteForce - Attempted,,99
LR,PGD_eps0.3_it10,40,40,0.875,0.875,PGD,0.3,10,Infiltration - Communication Victim Attacker,,99
LR,PGD_eps0.3_it10,25,0,,0.24,PGD,0.3,10,Infiltration - Dropbox Download,,99
LR,PGD_eps0.3_it10,4,0,,0.0,PGD,0.3,10,Infiltration - Dropbox Download - Attempted,,99
LR,PGD_eps0.3_it10,5946,5341,0.6996817075454035,0.7127480659266734,PGD,0.3,10,Infiltration - NMAP Portscan,,99
LR,PGD_eps0.3_it10,5989,5989,0.998330272165637,0.998330272165637,PGD,0.3,10,SSH-BruteForce,,99
LR,PGD_eps0.3_it10,36,0,,0.9444444444444444,PGD,0.3,10,Web Attack - Brute Force,,99
LR,PGD_eps0.3_it10,28,0,,0.9642857142857144,PGD,0.3,10,Web Attack - Brute Force - Attempted,,99
LR,PGD_eps0.3_it10,3,2,1.0,0.6666666666666666,PGD,0.3,10,Web Attack - SQL,,99
LR,PGD_eps0.3_it10,4,2,0.5,0.25,PGD,0.3,10,Web Attack - SQL - Attempted,,99
LR,PGD_eps0.3_it10,19,0,,1.0,PGD,0.3,10,Web Attack - XSS,,99
SVM,PGD_eps0.3_it10,60000,0,,,PGD,0.3,10,Benign,,99
SVM,PGD_eps0.3_it10,6031,6031,0.0160835682308074,0.0160835682308074,PGD,0.3,10,Botnet Ares,,99
SVM,PGD_eps0.3_it10,69,69,1.0,1.0,PGD,0.3,10,Botnet Ares - Attempted,,99
SVM,PGD_eps0.3_it10,6039,6039,1.0,1.0,PGD,0.3,10,DDoS-HOIC,,99
SVM,PGD_eps0.3_it10,5969,0,,1.0,PGD,0.3,10,DDoS-LOIC-HTTP,,99
SVM,PGD_eps0.3_it10,504,497,0.0,0.0119047619047619,PGD,0.3,10,DDoS-LOIC-UDP,,99
SVM,PGD_eps0.3_it10,38,0,,0.9736842105263158,PGD,0.3,10,DDoS-LOIC-UDP - Attempted,,99
SVM,PGD_eps0.3_it10,4580,4580,0.0034934497816593,0.0034934497816593,PGD,0.3,10,DoS GoldenEye,,99
SVM,PGD_eps0.3_it10,824,824,0.0133495145631067,0.0133495145631067,PGD,0.3,10,DoS GoldenEye - Attempted,,99
SVM,PGD_eps0.3_it10,5995,5995,0.0015012510425354,0.0015012510425354,PGD,0.3,10,DoS Hulk,,99
SVM,PGD_eps0.3_it10,15,15,0.6666666666666666,0.6666666666666666,PGD,0.3,10,DoS Hulk - Attempted,,99
SVM,PGD_eps0.3_it10,1747,1667,0.6370725854829035,0.6514024041213509,PGD,0.3,10,DoS Slowloris,,99
SVM,PGD_eps0.3_it10,466,450,1.0,1.0,PGD,0.3,10,DoS Slowloris - Attempted,,99
SVM,PGD_eps0.3_it10,5932,5932,0.0755225893459204,0.0755225893459204,PGD,0.3,10,FTP-BruteForce - Attempted,,99
SVM,PGD_eps0.3_it10,40,40,0.15,0.15,PGD,0.3,10,Infiltration - Communication Victim Attacker,,99
SVM,PGD_eps0.3_it10,25,0,,0.2,PGD,0.3,10,Infiltration - Dropbox Download,,99
SVM,PGD_eps0.3_it10,4,0,,0.0,PGD,0.3,10,Infiltration - Dropbox Download - Attempted,,99
SVM,PGD_eps0.3_it10,5946,4787,0.4528932525590139,0.4698957282206525,PGD,0.3,10,Infiltration - NMAP Portscan,,99
SVM,PGD_eps0.3_it10,5989,5989,0.0,0.0,PGD,0.3,10,SSH-BruteForce,,99
SVM,PGD_eps0.3_it10,36,0,,0.9444444444444444,PGD,0.3,10,Web Attack - Brute Force,,99
SVM,PGD_eps0.3_it10,28,0,,0.9642857142857144,PGD,0.3,10,Web Attack - Brute Force - Attempted,,99
SVM,PGD_eps0.3_it10,3,0,,0.6666666666666666,PGD,0.3,10,Web Attack - SQL,,99
SVM,PGD_eps0.3_it10,4,0,,0.25,PGD,0.3,10,Web Attack - SQL - Attempted,,99
SVM,PGD_eps0.3_it10,19,0,,1.0,PGD,0.3,10,Web Attack - XSS,,99
RF,PGD_eps0.3_it10,60000,0,,,PGD,0.3,10,Benign,,99
RF,PGD_eps0.3_it10,6031,6031,1.0,1.0,PGD,0.3,10,Botnet Ares,,99
RF,PGD_eps0.3_it10,69,69,1.0,1.0,PGD,0.3,10,Botnet Ares - Attempted,,99
RF,PGD_eps0.3_it10,6039,6039,1.0,1.0,PGD,0.3,10,DDoS-HOIC,,99
RF,PGD_eps0.3_it10,5969,5969,1.0,1.0,PGD,0.3,10,DDoS-LOIC-HTTP,,99
RF,PGD_eps0.3_it10,504,504,0.4444444444444444,0.4444444444444444,PGD,0.3,10,DDoS-LOIC-UDP,,99
RF,PGD_eps0.3_it10,38,38,1.0,1.0,PGD,0.3,10,DDoS-LOIC-UDP - Attempted,,99
RF,PGD_eps0.3_it10,4580,4580,0.9997816593886464,0.9997816593886464,PGD,0.3,10,DoS GoldenEye,,99
RF,PGD_eps0.3_it10,824,824,1.0,1.0,PGD,0.3,10,DoS GoldenEye - Attempted,,99
RF,PGD_eps0.3_it10,5995,5995,1.0,1.0,PGD,0.3,10,DoS Hulk,,99
RF,PGD_eps0.3_it10,15,15,0.6,0.6,PGD,0.3,10,DoS Hulk - Attempted,,99
RF,PGD_eps0.3_it10,1747,1747,0.9908414424728106,0.9908414424728106,PGD,0.3,10,DoS Slowloris,,99
RF,PGD_eps0.3_it10,466,466,1.0,1.0,PGD,0.3,10,DoS Slowloris - Attempted,,99
RF,PGD_eps0.3_it10,5932,5932,0.7719150370869858,0.7719150370869858,PGD,0.3,10,FTP-BruteForce - Attempted,,99
RF,PGD_eps0.3_it10,40,40,0.75,0.75,PGD,0.3,10,Infiltration - Communication Victim Attacker,,99
RF,PGD_eps0.3_it10,25,14,1.0,0.84,PGD,0.3,10,Infiltration - Dropbox Download,,99
RF,PGD_eps0.3_it10,4,0,,1.0,PGD,0.3,10,Infiltration - Dropbox Download - Attempted,,99
RF,PGD_eps0.3_it10,5946,5942,0.9227532817233256,0.9228052472250252,PGD,0.3,10,Infiltration - NMAP Portscan,,99
RF,PGD_eps0.3_it10,5989,5989,1.0,1.0,PGD,0.3,10,SSH-BruteForce,,99
RF,PGD_eps0.3_it10,36,35,1.0,1.0,PGD,0.3,10,Web Attack - Brute Force,,99
RF,PGD_eps0.3_it10,28,28,0.9642857142857144,0.9642857142857144,PGD,0.3,10,Web Attack - Brute Force - Attempted,,99
RF,PGD_eps0.3_it10,3,3,1.0,1.0,PGD,0.3,10,Web Attack - SQL,,99
RF,PGD_eps0.3_it10,4,4,0.75,0.75,PGD,0.3,10,Web Attack - SQL - Attempted,,99
RF,PGD_eps0.3_it10,19,19,1.0,1.0,PGD,0.3,10,Web Attack - XSS,,99
MLP,PGD_eps0.3_it10,60000,0,,,PGD,0.3,10,Benign,,99
MLP,PGD_eps0.3_it10,6031,6031,0.9996683800364782,0.9996683800364782,PGD,0.3,10,Botnet Ares,,99
MLP,PGD_eps0.3_it10,69,69,1.0,1.0,PGD,0.3,10,Botnet Ares - Attempted,,99
MLP,PGD_eps0.3_it10,6039,6039,1.0,1.0,PGD,0.3,10,DDoS-HOIC,,99
MLP,PGD_eps0.3_it10,5969,5969,1.0,1.0,PGD,0.3,10,DDoS-LOIC-HTTP,,99
MLP,PGD_eps0.3_it10,504,504,0.0337301587301587,0.0337301587301587,PGD,0.3,10,DDoS-LOIC-UDP,,99
MLP,PGD_eps0.3_it10,38,37,1.0,0.9736842105263158,PGD,0.3,10,DDoS-LOIC-UDP - Attempted,,99
MLP,PGD_eps0.3_it10,4580,4579,1.0,0.9997816593886464,PGD,0.3,10,DoS GoldenEye,,99
MLP,PGD_eps0.3_it10,824,824,1.0,1.0,PGD,0.3,10,DoS GoldenEye - Attempted,,99
MLP,PGD_eps0.3_it10,5995,5995,1.0,1.0,PGD,0.3,10,DoS Hulk,,99
MLP,PGD_eps0.3_it10,15,15,1.0,1.0,PGD,0.3,10,DoS Hulk - Attempted,,99
MLP,PGD_eps0.3_it10,1747,1747,1.0,1.0,PGD,0.3,10,DoS Slowloris,,99
MLP,PGD_eps0.3_it10,466,466,1.0,1.0,PGD,0.3,10,DoS Slowloris - Attempted,,99
MLP,PGD_eps0.3_it10,5932,5932,1.0,1.0,PGD,0.3,10,FTP-BruteForce - Attempted,,99
MLP,PGD_eps0.3_it10,40,40,1.0,1.0,PGD,0.3,10,Infiltration - Communication Victim Attacker,,99
MLP,PGD_eps0.3_it10,25,5,1.0,0.24,PGD,0.3,10,Infiltration - Dropbox Download,,99
MLP,PGD_eps0.3_it10,4,0,,0.0,PGD,0.3,10,Infiltration - Dropbox Download - Attempted,,99
MLP,PGD_eps0.3_it10,5946,5831,1.0,0.9806592667339388,PGD,0.3,10,Infiltration - NMAP Portscan,,99
MLP,PGD_eps0.3_it10,5989,5989,1.0,1.0,PGD,0.3,10,SSH-BruteForce,,99
MLP,PGD_eps0.3_it10,36,34,1.0,0.9444444444444444,PGD,0.3,10,Web Attack - Brute Force,,99
MLP,PGD_eps0.3_it10,28,27,1.0,0.9642857142857144,PGD,0.3,10,Web Attack - Brute Force - Attempted,,99
MLP,PGD_eps0.3_it10,3,2,1.0,0.6666666666666666,PGD,0.3,10,Web Attack - SQL,,99
MLP,PGD_eps0.3_it10,4,1,1.0,0.25,PGD,0.3,10,Web Attack - SQL - Attempted,,99
MLP,PGD_eps0.3_it10,19,19,1.0,1.0,PGD,0.3,10,Web Attack - XSS,,99
LR,PGD_eps0.3_it25,60000,0,,,PGD,0.3,25,Benign,,99
LR,PGD_eps0.3_it25,6031,6025,1.0,1.0,PGD,0.3,25,Botnet Ares,,99
LR,PGD_eps0.3_it25,69,69,0.0,0.0,PGD,0.3,25,Botnet Ares - Attempted,,99
LR,PGD_eps0.3_it25,6039,6039,1.0,1.0,PGD,0.3,25,DDoS-HOIC,,99
LR,PGD_eps0.3_it25,5969,0,,1.0,PGD,0.3,25,DDoS-LOIC-HTTP,,99
LR,PGD_eps0.3_it25,504,496,0.0080645161290322,0.0238095238095238,PGD,0.3,25,DDoS-LOIC-UDP,,99
LR,PGD_eps0.3_it25,38,0,,0.9736842105263158,PGD,0.3,25,DDoS-LOIC-UDP - Attempted,,99
LR,PGD_eps0.3_it25,4580,4580,0.8334061135371179,0.8334061135371179,PGD,0.3,25,DoS GoldenEye,,99
LR,PGD_eps0.3_it25,824,824,0.7342233009708737,0.7342233009708737,PGD,0.3,25,DoS GoldenEye - Attempted,,99
LR,PGD_eps0.3_it25,5995,5995,0.8954128440366973,0.8954128440366973,PGD,0.3,25,DoS Hulk,,99
LR,PGD_eps0.3_it25,15,15,1.0,1.0,PGD,0.3,25,DoS Hulk - Attempted,,99
LR,PGD_eps0.3_it25,1747,1691,0.9887640449438202,0.9891242129364624,PGD,0.3,25,DoS Slowloris,,99
LR,PGD_eps0.3_it25,466,450,1.0,1.0,PGD,0.3,25,DoS Slowloris - Attempted,,99
LR,PGD_eps0.3_it25,5932,5932,0.0755225893459204,0.0755225893459204,PGD,0.3,25,FTP-BruteForce - Attempted,,99
LR,PGD_eps0.3_it25,40,40,0.125,0.125,PGD,0.3,25,Infiltration - Communication Victim Attacker,,99
LR,PGD_eps0.3_it25,25,0,,0.24,PGD,0.3,25,Infiltration - Dropbox Download,,99
LR,PGD_eps0.3_it25,4,0,,0.0,PGD,0.3,25,Infiltration - Dropbox Download - Attempted,,99
LR,PGD_eps0.3_it25,5946,5341,0.6687886163639768,0.6804574503868147,PGD,0.3,25,Infiltration - NMAP Portscan,,99
LR,PGD_eps0.3_it25,5989,5989,1.0,1.0,PGD,0.3,25,SSH-BruteForce,,99
LR,PGD_eps0.3_it25,36,0,,0.9444444444444444,PGD,0.3,25,Web Attack - Brute Force,,99
LR,PGD_eps0.3_it25,28,0,,0.9642857142857144,PGD,0.3,25,Web Attack - Brute Force - Attempted,,99
LR,PGD_eps0.3_it25,3,2,1.0,0.6666666666666666,PGD,0.3,25,Web Attack - SQL,,99
LR,PGD_eps0.3_it25,4,2,0.5,0.25,PGD,0.3,25,Web Attack - SQL - Attempted,,99
LR,PGD_eps0.3_it25,19,0,,1.0,PGD,0.3,25,Web Attack - XSS,,99
SVM,PGD_eps0.3_it25,60000,0,,,PGD,0.3,25,Benign,,99
SVM,PGD_eps0.3_it25,6031,6031,0.0160835682308074,0.0160835682308074,PGD,0.3,25,Botnet Ares,,99
SVM,PGD_eps0.3_it25,69,69,0.0,0.0,PGD,0.3,25,Botnet Ares - Attempted,,99
SVM,PGD_eps0.3_it25,6039,6039,1.0,1.0,PGD,0.3,25,DDoS-HOIC,,99
SVM,PGD_eps0.3_it25,5969,0,,1.0,PGD,0.3,25,DDoS-LOIC-HTTP,,99
SVM,PGD_eps0.3_it25,504,497,0.0,0.0119047619047619,PGD,0.3,25,DDoS-LOIC-UDP,,99
SVM,PGD_eps0.3_it25,38,0,,0.9736842105263158,PGD,0.3,25,DDoS-LOIC-UDP - Attempted,,99
SVM,PGD_eps0.3_it25,4580,4580,0.0034934497816593,0.0034934497816593,PGD,0.3,25,DoS GoldenEye,,99
SVM,PGD_eps0.3_it25,824,824,0.0133495145631067,0.0133495145631067,PGD,0.3,25,DoS GoldenEye - Attempted,,99
SVM,PGD_eps0.3_it25,5995,5995,0.0015012510425354,0.0015012510425354,PGD,0.3,25,DoS Hulk,,99
SVM,PGD_eps0.3_it25,15,15,1.0,1.0,PGD,0.3,25,DoS Hulk - Attempted,,99
SVM,PGD_eps0.3_it25,1747,1667,0.9634073185362928,0.963365769891242,PGD,0.3,25,DoS Slowloris,,99
SVM,PGD_eps0.3_it25,466,450,1.0,1.0,PGD,0.3,25,DoS Slowloris - Attempted,,99
SVM,PGD_eps0.3_it25,5932,5932,0.0755225893459204,0.0755225893459204,PGD,0.3,25,FTP-BruteForce - Attempted,,99
SVM,PGD_eps0.3_it25,40,40,0.15,0.15,PGD,0.3,25,Infiltration - Communication Victim Attacker,,99
SVM,PGD_eps0.3_it25,25,0,,0.2,PGD,0.3,25,Infiltration - Dropbox Download,,99
SVM,PGD_eps0.3_it25,4,0,,0.0,PGD,0.3,25,Infiltration - Dropbox Download - Attempted,,99
SVM,PGD_eps0.3_it25,5946,4787,0.4309588468769584,0.456945845946855,PGD,0.3,25,Infiltration - NMAP Portscan,,99
SVM,PGD_eps0.3_it25,5989,5989,0.0,0.0,PGD,0.3,25,SSH-BruteForce,,99
SVM,PGD_eps0.3_it25,36,0,,0.9444444444444444,PGD,0.3,25,Web Attack - Brute Force,,99
SVM,PGD_eps0.3_it25,28,0,,0.3928571428571428,PGD,0.3,25,Web Attack - Brute Force - Attempted,,99
SVM,PGD_eps0.3_it25,3,0,,0.6666666666666666,PGD,0.3,25,Web Attack - SQL,,99
SVM,PGD_eps0.3_it25,4,0,,0.25,PGD,0.3,25,Web Attack - SQL - Attempted,,99
SVM,PGD_eps0.3_it25,19,0,,1.0,PGD,0.3,25,Web Attack - XSS,,99
RF,PGD_eps0.3_it25,60000,0,,,PGD,0.3,25,Benign,,99
RF,PGD_eps0.3_it25,6031,6031,1.0,1.0,PGD,0.3,25,Botnet Ares,,99
RF,PGD_eps0.3_it25,69,69,1.0,1.0,PGD,0.3,25,Botnet Ares - Attempted,,99
RF,PGD_eps0.3_it25,6039,6039,1.0,1.0,PGD,0.3,25,DDoS-HOIC,,99
RF,PGD_eps0.3_it25,5969,5969,1.0,1.0,PGD,0.3,25,DDoS-LOIC-HTTP,,99
RF,PGD_eps0.3_it25,504,504,0.4444444444444444,0.4444444444444444,PGD,0.3,25,DDoS-LOIC-UDP,,99
RF,PGD_eps0.3_it25,38,38,1.0,1.0,PGD,0.3,25,DDoS-LOIC-UDP - Attempted,,99
RF,PGD_eps0.3_it25,4580,4580,0.9997816593886464,0.9997816593886464,PGD,0.3,25,DoS GoldenEye,,99
RF,PGD_eps0.3_it25,824,824,1.0,1.0,PGD,0.3,25,DoS GoldenEye - Attempted,,99
RF,PGD_eps0.3_it25,5995,5995,1.0,1.0,PGD,0.3,25,DoS Hulk,,99
RF,PGD_eps0.3_it25,15,15,0.6666666666666666,0.6666666666666666,PGD,0.3,25,DoS Hulk - Attempted,,99
RF,PGD_eps0.3_it25,1747,1747,0.9816828849456212,0.9816828849456212,PGD,0.3,25,DoS Slowloris,,99
RF,PGD_eps0.3_it25,466,466,1.0,1.0,PGD,0.3,25,DoS Slowloris - Attempted,,99
RF,PGD_eps0.3_it25,5932,5932,0.9325691166554282,0.9325691166554282,PGD,0.3,25,FTP-BruteForce - Attempted,,99
RF,PGD_eps0.3_it25,40,40,0.8,0.8,PGD,0.3,25,Infiltration - Communication Victim Attacker,,99
RF,PGD_eps0.3_it25,25,14,1.0,0.88,PGD,0.3,25,Infiltration - Dropbox Download,,99
RF,PGD_eps0.3_it25,4,0,,0.75,PGD,0.3,25,Infiltration - Dropbox Download - Attempted,,99
RF,PGD_eps0.3_it25,5946,5942,0.9456411982497476,0.9456777665657584,PGD,0.3,25,Infiltration - NMAP Portscan,,99
RF,PGD_eps0.3_it25,5989,5989,1.0,1.0,PGD,0.3,25,SSH-BruteForce,,99
RF,PGD_eps0.3_it25,36,35,1.0,1.0,PGD,0.3,25,Web Attack - Brute Force,,99
RF,PGD_eps0.3_it25,28,28,0.9642857142857144,0.9642857142857144,PGD,0.3,25,Web Attack - Brute Force - Attempted,,99
RF,PGD_eps0.3_it25,3,3,1.0,1.0,PGD,0.3,25,Web Attack - SQL,,99
RF,PGD_eps0.3_it25,4,4,0.75,0.75,PGD,0.3,25,Web Attack - SQL - Attempted,,99
RF,PGD_eps0.3_it25,19,19,1.0,1.0,PGD,0.3,25,Web Attack - XSS,,99
MLP,PGD_eps0.3_it25,60000,0,,,PGD,0.3,25,Benign,,99
MLP,PGD_eps0.3_it25,6031,6031,0.9996683800364782,0.9996683800364782,PGD,0.3,25,Botnet Ares,,99
MLP,PGD_eps0.3_it25,69,69,1.0,1.0,PGD,0.3,25,Botnet Ares - Attempted,,99
MLP,PGD_eps0.3_it25,6039,6039,1.0,1.0,PGD,0.3,25,DDoS-HOIC,,99
MLP,PGD_eps0.3_it25,5969,5969,1.0,1.0,PGD,0.3,25,DDoS-LOIC-HTTP,,99
MLP,PGD_eps0.3_it25,504,504,0.0337301587301587,0.0337301587301587,PGD,0.3,25,DDoS-LOIC-UDP,,99
MLP,PGD_eps0.3_it25,38,37,1.0,0.9736842105263158,PGD,0.3,25,DDoS-LOIC-UDP - Attempted,,99
MLP,PGD_eps0.3_it25,4580,4579,1.0,0.9997816593886464,PGD,0.3,25,DoS GoldenEye,,99
MLP,PGD_eps0.3_it25,824,824,1.0,1.0,PGD,0.3,25,DoS GoldenEye - Attempted,,99
MLP,PGD_eps0.3_it25,5995,5995,1.0,1.0,PGD,0.3,25,DoS Hulk,,99
MLP,PGD_eps0.3_it25,15,15,1.0,1.0,PGD,0.3,25,DoS Hulk - Attempted,,99
MLP,PGD_eps0.3_it25,1747,1747,1.0,1.0,PGD,0.3,25,DoS Slowloris,,99
MLP,PGD_eps0.3_it25,466,466,1.0,1.0,PGD,0.3,25,DoS Slowloris - Attempted,,99
MLP,PGD_eps0.3_it25,5932,5932,1.0,1.0,PGD,0.3,25,FTP-BruteForce - Attempted,,99
MLP,PGD_eps0.3_it25,40,40,1.0,1.0,PGD,0.3,25,Infiltration - Communication Victim Attacker,,99
MLP,PGD_eps0.3_it25,25,5,1.0,0.24,PGD,0.3,25,Infiltration - Dropbox Download,,99
MLP,PGD_eps0.3_it25,4,0,,0.0,PGD,0.3,25,Infiltration - Dropbox Download - Attempted,,99
MLP,PGD_eps0.3_it25,5946,5831,1.0,0.9806592667339388,PGD,0.3,25,Infiltration - NMAP Portscan,,99
MLP,PGD_eps0.3_it25,5989,5989,1.0,1.0,PGD,0.3,25,SSH-BruteForce,,99
MLP,PGD_eps0.3_it25,36,34,1.0,0.9444444444444444,PGD,0.3,25,Web Attack - Brute Force,,99
MLP,PGD_eps0.3_it25,28,27,1.0,0.9642857142857144,PGD,0.3,25,Web Attack - Brute Force - Attempted,,99
MLP,PGD_eps0.3_it25,3,2,1.0,0.6666666666666666,PGD,0.3,25,Web Attack - SQL,,99
MLP,PGD_eps0.3_it25,4,1,1.0,0.25,PGD,0.3,25,Web Attack - SQL - Attempted,,99
MLP,PGD_eps0.3_it25,19,19,1.0,1.0,PGD,0.3,25,Web Attack - XSS,,99
LR,PGD_eps0.5_it10,60000,0,,,PGD,0.5,10,Benign,,99
LR,PGD_eps0.5_it10,6031,6025,0.0225726141078838,0.023545017410048,PGD,0.5,10,Botnet Ares,,99
LR,PGD_eps0.5_it10,69,69,1.0,1.0,PGD,0.5,10,Botnet Ares - Attempted,,99
LR,PGD_eps0.5_it10,6039,6039,1.0,1.0,PGD,0.5,10,DDoS-HOIC,,99
LR,PGD_eps0.5_it10,5969,0,,1.0,PGD,0.5,10,DDoS-LOIC-HTTP,,99
LR,PGD_eps0.5_it10,504,496,0.032258064516129,0.0476190476190476,PGD,0.5,10,DDoS-LOIC-UDP,,99
LR,PGD_eps0.5_it10,38,0,,0.9736842105263158,PGD,0.5,10,DDoS-LOIC-UDP - Attempted,,99
LR,PGD_eps0.5_it10,4580,4580,0.909170305676856,0.909170305676856,PGD,0.5,10,DoS GoldenEye,,99
LR,PGD_eps0.5_it10,824,824,0.9975728155339806,0.9975728155339806,PGD,0.5,10,DoS GoldenEye - Attempted,,99
LR,PGD_eps0.5_it10,5995,5995,0.8954128440366973,0.8954128440366973,PGD,0.5,10,DoS Hulk,,99
LR,PGD_eps0.5_it10,15,15,0.6,0.6,PGD,0.5,10,DoS Hulk - Attempted,,99
LR,PGD_eps0.5_it10,1747,1691,0.994086339444116,0.9942759015455066,PGD,0.5,10,DoS Slowloris,,99
LR,PGD_eps0.5_it10,466,450,1.0,1.0,PGD,0.5,10,DoS Slowloris - Attempted,,99
LR,PGD_eps0.5_it10,5932,5932,0.1097437626432906,0.1097437626432906,PGD,0.5,10,FTP-BruteForce - Attempted,,99
LR,PGD_eps0.5_it10,40,40,0.2,0.2,PGD,0.5,10,Infiltration - Communication Victim Attacker,,99
LR,PGD_eps0.5_it10,25,0,,0.24,PGD,0.5,10,Infiltration - Dropbox Download,,99
LR,PGD_eps0.5_it10,4,0,,0.0,PGD,0.5,10,Infiltration - Dropbox Download - Attempted,,99
LR,PGD_eps0.5_it10,5946,5341,0.8378580790114211,0.8414059872182981,PGD,0.5,10,Infiltration - NMAP Portscan,,99
LR,PGD_eps0.5_it10,5989,5989,0.0,0.0,PGD,0.5,10,SSH-BruteForce,,99
LR,PGD_eps0.5_it10,36,0,,0.9444444444444444,PGD,0.5,10,Web Attack - Brute Force,,99
LR,PGD_eps0.5_it10,28,0,,0.9642857142857144,PGD,0.5,10,Web Attack - Brute Force - Attempted,,99
LR,PGD_eps0.5_it10,3,2,1.0,0.6666666666666666,PGD,0.5,10,Web Attack - SQL,,99
LR,PGD_eps0.5_it10,4,2,0.5,0.25,PGD,0.5,10,Web Attack - SQL - Attempted,,99
LR,PGD_eps0.5_it10,19,0,,1.0,PGD,0.5,10,Web Attack - XSS,,99
SVM,PGD_eps0.5_it10,60000,0,,,PGD,0.5,10,Benign,,99
SVM,PGD_eps0.5_it10,6031,6031,0.0160835682308074,0.0160835682308074,PGD,0.5,10,Botnet Ares,,99
SVM,PGD_eps0.5_it10,69,69,0.0,0.0,PGD,0.5,10,Botnet Ares - Attempted,,99
SVM,PGD_eps0.5_it10,6039,6039,1.0,1.0,PGD,0.5,10,DDoS-HOIC,,99
SVM,PGD_eps0.5_it10,5969,0,,1.0,PGD,0.5,10,DDoS-LOIC-HTTP,,99
SVM,PGD_eps0.5_it10,504,497,0.028169014084507,0.0416666666666666,PGD,0.5,10,DDoS-LOIC-UDP,,99
SVM,PGD_eps0.5_it10,38,0,,0.9473684210526316,PGD,0.5,10,DDoS-LOIC-UDP - Attempted,,99
SVM,PGD_eps0.5_it10,4580,4580,0.7266375545851529,0.7266375545851529,PGD,0.5,10,DoS GoldenEye,,99
SVM,PGD_eps0.5_it10,824,824,0.9975728155339806,0.9975728155339806,PGD,0.5,10,DoS GoldenEye - Attempted,,99
SVM,PGD_eps0.5_it10,5995,5995,0.2195162635529608,0.2195162635529608,PGD,0.5,10,DoS Hulk,,99
SVM,PGD_eps0.5_it10,15,15,0.6,0.6,PGD,0.5,10,DoS Hulk - Attempted,,99
SVM,PGD_eps0.5_it10,1747,1667,0.2465506898620276,0.2787635947338294,PGD,0.5,10,DoS Slowloris,,99
SVM,PGD_eps0.5_it10,466,450,1.0,1.0,PGD,0.5,10,DoS Slowloris - Attempted,,99
SVM,PGD_eps0.5_it10,5932,5932,0.1067093728927849,0.1067093728927849,PGD,0.5,10,FTP-BruteForce - Attempted,,99
SVM,PGD_eps0.5_it10,40,40,0.2,0.2,PGD,0.5,10,Infiltration - Communication Victim Attacker,,99
SVM,PGD_eps0.5_it10,25,0,,0.2,PGD,0.5,10,Infiltration - Dropbox Download,,99
SVM,PGD_eps0.5_it10,4,0,,0.0,PGD,0.5,10,Infiltration - Dropbox Download - Attempted,,99
SVM,PGD_eps0.5_it10,5946,4787,0.3636933361186547,0.410359905819038,PGD,0.5,10,Infiltration - NMAP Portscan,,99
SVM,PGD_eps0.5_it10,5989,5989,0.0,0.0,PGD,0.5,10,SSH-BruteForce,,99
SVM,PGD_eps0.5_it10,36,0,,0.9444444444444444,PGD,0.5,10,Web Attack - Brute Force,,99
SVM,PGD_eps0.5_it10,28,0,,0.9642857142857144,PGD,0.5,10,Web Attack - Brute Force - Attempted,,99
SVM,PGD_eps0.5_it10,3,0,,0.6666666666666666,PGD,0.5,10,Web Attack - SQL,,99
SVM,PGD_eps0.5_it10,4,0,,0.25,PGD,0.5,10,Web Attack - SQL - Attempted,,99
SVM,PGD_eps0.5_it10,19,0,,1.0,PGD,0.5,10,Web Attack - XSS,,99
RF,PGD_eps0.5_it10,60000,0,,,PGD,0.5,10,Benign,,99
RF,PGD_eps0.5_it10,6031,6031,1.0,1.0,PGD,0.5,10,Botnet Ares,,99
RF,PGD_eps0.5_it10,69,69,1.0,1.0,PGD,0.5,10,Botnet Ares - Attempted,,99
RF,PGD_eps0.5_it10,6039,6039,1.0,1.0,PGD,0.5,10,DDoS-HOIC,,99
RF,PGD_eps0.5_it10,5969,5969,1.0,1.0,PGD,0.5,10,DDoS-LOIC-HTTP,,99
RF,PGD_eps0.5_it10,504,504,0.4464285714285714,0.4464285714285714,PGD,0.5,10,DDoS-LOIC-UDP,,99
RF,PGD_eps0.5_it10,38,38,1.0,1.0,PGD,0.5,10,DDoS-LOIC-UDP - Attempted,,99
RF,PGD_eps0.5_it10,4580,4580,1.0,1.0,PGD,0.5,10,DoS GoldenEye,,99
RF,PGD_eps0.5_it10,824,824,1.0,1.0,PGD,0.5,10,DoS GoldenEye - Attempted,,99
RF,PGD_eps0.5_it10,5995,5995,1.0,1.0,PGD,0.5,10,DoS Hulk,,99
RF,PGD_eps0.5_it10,15,15,0.9333333333333332,0.9333333333333332,PGD,0.5,10,DoS Hulk - Attempted,,99
RF,PGD_eps0.5_it10,1747,1747,0.9822552947910704,0.9822552947910704,PGD,0.5,10,DoS Slowloris,,99
RF,PGD_eps0.5_it10,466,466,1.0,1.0,PGD,0.5,10,DoS Slowloris - Attempted,,99
RF,PGD_eps0.5_it10,5932,5932,0.7240391099123399,0.7240391099123399,PGD,0.5,10,FTP-BruteForce - Attempted,,99
RF,PGD_eps0.5_it10,40,40,0.85,0.85,PGD,0.5,10,Infiltration - Communication Victim Attacker,,99
RF,PGD_eps0.5_it10,25,14,1.0,0.84,PGD,0.5,10,Infiltration - Dropbox Download,,99
RF,PGD_eps0.5_it10,4,0,,0.75,PGD,0.5,10,Infiltration - Dropbox Download - Attempted,,99
RF,PGD_eps0.5_it10,5946,5942,0.9225849882194548,0.9226370669357552,PGD,0.5,10,Infiltration - NMAP Portscan,,99
RF,PGD_eps0.5_it10,5989,5989,1.0,1.0,PGD,0.5,10,SSH-BruteForce,,99
RF,PGD_eps0.5_it10,36,35,1.0,1.0,PGD,0.5,10,Web Attack - Brute Force,,99
RF,PGD_eps0.5_it10,28,28,0.9642857142857144,0.9642857142857144,PGD,0.5,10,Web Attack - Brute Force - Attempted,,99
RF,PGD_eps0.5_it10,3,3,1.0,1.0,PGD,0.5,10,Web Attack - SQL,,99
RF,PGD_eps0.5_it10,4,4,0.75,0.75,PGD,0.5,10,Web Attack - SQL - Attempted,,99
RF,PGD_eps0.5_it10,19,19,1.0,1.0,PGD,0.5,10,Web Attack - XSS,,99
MLP,PGD_eps0.5_it10,60000,0,,,PGD,0.5,10,Benign,,99
MLP,PGD_eps0.5_it10,6031,6031,0.9996683800364782,0.9996683800364782,PGD,0.5,10,Botnet Ares,,99
MLP,PGD_eps0.5_it10,69,69,1.0,1.0,PGD,0.5,10,Botnet Ares - Attempted,,99
MLP,PGD_eps0.5_it10,6039,6039,1.0,1.0,PGD,0.5,10,DDoS-HOIC,,99
MLP,PGD_eps0.5_it10,5969,5969,1.0,1.0,PGD,0.5,10,DDoS-LOIC-HTTP,,99
MLP,PGD_eps0.5_it10,504,504,0.1031746031746031,0.1031746031746031,PGD,0.5,10,DDoS-LOIC-UDP,,99
MLP,PGD_eps0.5_it10,38,37,1.0,0.9736842105263158,PGD,0.5,10,DDoS-LOIC-UDP - Attempted,,99
MLP,PGD_eps0.5_it10,4580,4579,1.0,0.9997816593886464,PGD,0.5,10,DoS GoldenEye,,99
MLP,PGD_eps0.5_it10,824,824,1.0,1.0,PGD,0.5,10,DoS GoldenEye - Attempted,,99
MLP,PGD_eps0.5_it10,5995,5995,1.0,1.0,PGD,0.5,10,DoS Hulk,,99
MLP,PGD_eps0.5_it10,15,15,1.0,1.0,PGD,0.5,10,DoS Hulk - Attempted,,99
MLP,PGD_eps0.5_it10,1747,1747,1.0,1.0,PGD,0.5,10,DoS Slowloris,,99
MLP,PGD_eps0.5_it10,466,466,1.0,1.0,PGD,0.5,10,DoS Slowloris - Attempted,,99
MLP,PGD_eps0.5_it10,5932,5932,1.0,1.0,PGD,0.5,10,FTP-BruteForce - Attempted,,99
MLP,PGD_eps0.5_it10,40,40,1.0,1.0,PGD,0.5,10,Infiltration - Communication Victim Attacker,,99
MLP,PGD_eps0.5_it10,25,5,1.0,0.2,PGD,0.5,10,Infiltration - Dropbox Download,,99
MLP,PGD_eps0.5_it10,4,0,,0.0,PGD,0.5,10,Infiltration - Dropbox Download - Attempted,,99
MLP,PGD_eps0.5_it10,5946,5831,1.0,0.9806592667339388,PGD,0.5,10,Infiltration - NMAP Portscan,,99
MLP,PGD_eps0.5_it10,5989,5989,1.0,1.0,PGD,0.5,10,SSH-BruteForce,,99
MLP,PGD_eps0.5_it10,36,34,1.0,0.9444444444444444,PGD,0.5,10,Web Attack - Brute Force,,99
MLP,PGD_eps0.5_it10,28,27,1.0,0.9642857142857144,PGD,0.5,10,Web Attack - Brute Force - Attempted,,99
MLP,PGD_eps0.5_it10,3,2,1.0,0.6666666666666666,PGD,0.5,10,Web Attack - SQL,,99
MLP,PGD_eps0.5_it10,4,1,1.0,0.25,PGD,0.5,10,Web Attack - SQL - Attempted,,99
MLP,PGD_eps0.5_it10,19,19,1.0,1.0,PGD,0.5,10,Web Attack - XSS,,99
LR,PGD_eps0.5_it25,60000,0,,,PGD,0.5,25,Benign,,99
LR,PGD_eps0.5_it25,6031,6025,0.9903734439834024,0.9903830210578676,PGD,0.5,25,Botnet Ares,,99
LR,PGD_eps0.5_it25,69,69,1.0,1.0,PGD,0.5,25,Botnet Ares - Attempted,,99
LR,PGD_eps0.5_it25,6039,6039,1.0,1.0,PGD,0.5,25,DDoS-HOIC,,99
LR,PGD_eps0.5_it25,5969,0,,1.0,PGD,0.5,25,DDoS-LOIC-HTTP,,99
LR,PGD_eps0.5_it25,504,496,0.032258064516129,0.0476190476190476,PGD,0.5,25,DDoS-LOIC-UDP,,99
LR,PGD_eps0.5_it25,38,0,,0.9736842105263158,PGD,0.5,25,DDoS-LOIC-UDP - Attempted,,99
LR,PGD_eps0.5_it25,4580,4580,0.745414847161572,0.745414847161572,PGD,0.5,25,DoS GoldenEye,,99
LR,PGD_eps0.5_it25,824,824,1.0,1.0,PGD,0.5,25,DoS GoldenEye - Attempted,,99
LR,PGD_eps0.5_it25,5995,5995,0.8954128440366973,0.8954128440366973,PGD,0.5,25,DoS Hulk,,99
LR,PGD_eps0.5_it25,15,15,0.6,0.6,PGD,0.5,25,DoS Hulk - Attempted,,99
LR,PGD_eps0.5_it25,1747,1691,0.6918982850384388,0.7017744705208929,PGD,0.5,25,DoS Slowloris,,99
LR,PGD_eps0.5_it25,466,450,1.0,1.0,PGD,0.5,25,DoS Slowloris - Attempted,,99
LR,PGD_eps0.5_it25,5932,5932,0.0320296695886716,0.0320296695886716,PGD,0.5,25,FTP-BruteForce - Attempted,,99
LR,PGD_eps0.5_it25,40,40,0.2,0.2,PGD,0.5,25,Infiltration - Communication Victim Attacker,,99
LR,PGD_eps0.5_it25,25,0,,0.24,PGD,0.5,25,Infiltration - Dropbox Download,,99
LR,PGD_eps0.5_it25,4,0,,0.0,PGD,0.5,25,Infiltration - Dropbox Download - Attempted,,99
LR,PGD_eps0.5_it25,5946,5341,0.7416214192098858,0.751597712748066,PGD,0.5,25,Infiltration - NMAP Portscan,,99
LR,PGD_eps0.5_it25,5989,5989,0.8864585072633161,0.8864585072633161,PGD,0.5,25,SSH-BruteForce,,99
LR,PGD_eps0.5_it25,36,0,,0.9444444444444444,PGD,0.5,25,Web Attack - Brute Force,,99
LR,PGD_eps0.5_it25,28,0,,0.9642857142857144,PGD,0.5,25,Web Attack - Brute Force - Attempted,,99
LR,PGD_eps0.5_it25,3,2,1.0,0.6666666666666666,PGD,0.5,25,Web Attack - SQL,,99
LR,PGD_eps0.5_it25,4,2,0.5,0.25,PGD,0.5,25,Web Attack - SQL - Attempted,,99
LR,PGD_eps0.5_it25,19,0,,1.0,PGD,0.5,25,Web Attack - XSS,,99
SVM,PGD_eps0.5_it25,60000,0,,,PGD,0.5,25,Benign,,99
SVM,PGD_eps0.5_it25,6031,6031,0.9925385508207594,0.9925385508207594,PGD,0.5,25,Botnet Ares,,99
SVM,PGD_eps0.5_it25,69,69,0.6521739130434783,0.6521739130434783,PGD,0.5,25,Botnet Ares - Attempted,,99
SVM,PGD_eps0.5_it25,6039,6039,1.0,1.0,PGD,0.5,25,DDoS-HOIC,,99
SVM,PGD_eps0.5_it25,5969,0,,1.0,PGD,0.5,25,DDoS-LOIC-HTTP,,99
SVM,PGD_eps0.5_it25,504,497,0.028169014084507,0.0416666666666666,PGD,0.5,25,DDoS-LOIC-UDP,,99
SVM,PGD_eps0.5_it25,38,0,,0.9473684210526316,PGD,0.5,25,DDoS-LOIC-UDP - Attempted,,99
SVM,PGD_eps0.5_it25,4580,4580,0.7290393013100437,0.7290393013100437,PGD,0.5,25,DoS GoldenEye,,99
SVM,PGD_eps0.5_it25,824,824,1.0,1.0,PGD,0.5,25,DoS GoldenEye - Attempted,,99
SVM,PGD_eps0.5_it25,5995,5995,0.8952460383653045,0.8952460383653045,PGD,0.5,25,DoS Hulk,,99
SVM,PGD_eps0.5_it25,15,15,0.6,0.6,PGD,0.5,25,DoS Hulk - Attempted,,99
SVM,PGD_eps0.5_it25,1747,1667,0.650869826034793,0.6571265025758443,PGD,0.5,25,DoS Slowloris,,99
SVM,PGD_eps0.5_it25,466,450,1.0,1.0,PGD,0.5,25,DoS Slowloris - Attempted,,99
SVM,PGD_eps0.5_it25,5932,5932,0.0146662171274443,0.0146662171274443,PGD,0.5,25,FTP-BruteForce - Attempted,,99
SVM,PGD_eps0.5_it25,40,40,0.2,0.2,PGD,0.5,25,Infiltration - Communication Victim Attacker,,99
SVM,PGD_eps0.5_it25,25,0,,0.2,PGD,0.5,25,Infiltration - Dropbox Download,,99
SVM,PGD_eps0.5_it25,4,0,,0.0,PGD,0.5,25,Infiltration - Dropbox Download - Attempted,,99
SVM,PGD_eps0.5_it25,5946,4787,0.2782536035095049,0.3197107299024554,PGD,0.5,25,Infiltration - NMAP Portscan,,99
SVM,PGD_eps0.5_it25,5989,5989,0.0,0.0,PGD,0.5,25,SSH-BruteForce,,99
SVM,PGD_eps0.5_it25,36,0,,0.9444444444444444,PGD,0.5,25,Web Attack - Brute Force,,99
SVM,PGD_eps0.5_it25,28,0,,0.9285714285714286,PGD,0.5,25,Web Attack - Brute Force - Attempted,,99
SVM,PGD_eps0.5_it25,3,0,,0.6666666666666666,PGD,0.5,25,Web Attack - SQL,,99
SVM,PGD_eps0.5_it25,4,0,,0.25,PGD,0.5,25,Web Attack - SQL - Attempted,,99
SVM,PGD_eps0.5_it25,19,0,,1.0,PGD,0.5,25,Web Attack - XSS,,99
RF,PGD_eps0.5_it25,60000,0,,,PGD,0.5,25,Benign,,99
RF,PGD_eps0.5_it25,6031,6031,1.0,1.0,PGD,0.5,25,Botnet Ares,,99
RF,PGD_eps0.5_it25,69,69,1.0,1.0,PGD,0.5,25,Botnet Ares - Attempted,,99
RF,PGD_eps0.5_it25,6039,6039,1.0,1.0,PGD,0.5,25,DDoS-HOIC,,99
RF,PGD_eps0.5_it25,5969,5969,1.0,1.0,PGD,0.5,25,DDoS-LOIC-HTTP,,99
RF,PGD_eps0.5_it25,504,504,0.4464285714285714,0.4464285714285714,PGD,0.5,25,DDoS-LOIC-UDP,,99
RF,PGD_eps0.5_it25,38,38,1.0,1.0,PGD,0.5,25,DDoS-LOIC-UDP - Attempted,,99
RF,PGD_eps0.5_it25,4580,4580,1.0,1.0,PGD,0.5,25,DoS GoldenEye,,99
RF,PGD_eps0.5_it25,824,824,1.0,1.0,PGD,0.5,25,DoS GoldenEye - Attempted,,99
RF,PGD_eps0.5_it25,5995,5995,1.0,1.0,PGD,0.5,25,DoS Hulk,,99
RF,PGD_eps0.5_it25,15,15,1.0,1.0,PGD,0.5,25,DoS Hulk - Attempted,,99
RF,PGD_eps0.5_it25,1747,1747,0.9828277046365196,0.9828277046365196,PGD,0.5,25,DoS Slowloris,,99
RF,PGD_eps0.5_it25,466,466,1.0,1.0,PGD,0.5,25,DoS Slowloris - Attempted,,99
RF,PGD_eps0.5_it25,5932,5932,0.7754551584625758,0.7754551584625758,PGD,0.5,25,FTP-BruteForce - Attempted,,99
RF,PGD_eps0.5_it25,40,40,1.0,1.0,PGD,0.5,25,Infiltration - Communication Victim Attacker,,99
RF,PGD_eps0.5_it25,25,14,1.0,0.84,PGD,0.5,25,Infiltration - Dropbox Download,,99
RF,PGD_eps0.5_it25,4,0,,0.75,PGD,0.5,25,Infiltration - Dropbox Download - Attempted,,99
RF,PGD_eps0.5_it25,5946,5942,0.963648603163918,0.963673057517659,PGD,0.5,25,Infiltration - NMAP Portscan,,99
RF,PGD_eps0.5_it25,5989,5989,1.0,1.0,PGD,0.5,25,SSH-BruteForce,,99
RF,PGD_eps0.5_it25,36,35,1.0,1.0,PGD,0.5,25,Web Attack - Brute Force,,99
RF,PGD_eps0.5_it25,28,28,0.9642857142857144,0.9642857142857144,PGD,0.5,25,Web Attack - Brute Force - Attempted,,99
RF,PGD_eps0.5_it25,3,3,1.0,1.0,PGD,0.5,25,Web Attack - SQL,,99
RF,PGD_eps0.5_it25,4,4,0.75,0.75,PGD,0.5,25,Web Attack - SQL - Attempted,,99
RF,PGD_eps0.5_it25,19,19,1.0,1.0,PGD,0.5,25,Web Attack - XSS,,99
MLP,PGD_eps0.5_it25,60000,0,,,PGD,0.5,25,Benign,,99
MLP,PGD_eps0.5_it25,6031,6031,0.9996683800364782,0.9996683800364782,PGD,0.5,25,Botnet Ares,,99
MLP,PGD_eps0.5_it25,69,69,1.0,1.0,PGD,0.5,25,Botnet Ares - Attempted,,99
MLP,PGD_eps0.5_it25,6039,6039,1.0,1.0,PGD,0.5,25,DDoS-HOIC,,99
MLP,PGD_eps0.5_it25,5969,5969,1.0,1.0,PGD,0.5,25,DDoS-LOIC-HTTP,,99
MLP,PGD_eps0.5_it25,504,504,0.1031746031746031,0.1031746031746031,PGD,0.5,25,DDoS-LOIC-UDP,,99
MLP,PGD_eps0.5_it25,38,37,1.0,0.9736842105263158,PGD,0.5,25,DDoS-LOIC-UDP - Attempted,,99
MLP,PGD_eps0.5_it25,4580,4579,1.0,0.9997816593886464,PGD,0.5,25,DoS GoldenEye,,99
MLP,PGD_eps0.5_it25,824,824,1.0,1.0,PGD,0.5,25,DoS GoldenEye - Attempted,,99
MLP,PGD_eps0.5_it25,5995,5995,1.0,1.0,PGD,0.5,25,DoS Hulk,,99
MLP,PGD_eps0.5_it25,15,15,1.0,1.0,PGD,0.5,25,DoS Hulk - Attempted,,99
MLP,PGD_eps0.5_it25,1747,1747,1.0,1.0,PGD,0.5,25,DoS Slowloris,,99
MLP,PGD_eps0.5_it25,466,466,1.0,1.0,PGD,0.5,25,DoS Slowloris - Attempted,,99
MLP,PGD_eps0.5_it25,5932,5932,1.0,1.0,PGD,0.5,25,FTP-BruteForce - Attempted,,99
MLP,PGD_eps0.5_it25,40,40,1.0,1.0,PGD,0.5,25,Infiltration - Communication Victim Attacker,,99
MLP,PGD_eps0.5_it25,25,5,1.0,0.2,PGD,0.5,25,Infiltration - Dropbox Download,,99
MLP,PGD_eps0.5_it25,4,0,,0.0,PGD,0.5,25,Infiltration - Dropbox Download - Attempted,,99
MLP,PGD_eps0.5_it25,5946,5831,1.0,0.9806592667339388,PGD,0.5,25,Infiltration - NMAP Portscan,,99
MLP,PGD_eps0.5_it25,5989,5989,1.0,1.0,PGD,0.5,25,SSH-BruteForce,,99
MLP,PGD_eps0.5_it25,36,34,1.0,0.9444444444444444,PGD,0.5,25,Web Attack - Brute Force,,99
MLP,PGD_eps0.5_it25,28,27,1.0,0.9642857142857144,PGD,0.5,25,Web Attack - Brute Force - Attempted,,99
MLP,PGD_eps0.5_it25,3,2,1.0,0.6666666666666666,PGD,0.5,25,Web Attack - SQL,,99
MLP,PGD_eps0.5_it25,4,1,1.0,0.25,PGD,0.5,25,Web Attack - SQL - Attempted,,99
MLP,PGD_eps0.5_it25,19,19,1.0,1.0,PGD,0.5,25,Web Attack - XSS,,99
LR,PGD_eps0.75_it10,60000,0,,,PGD,0.75,10,Benign,,99
LR,PGD_eps0.75_it10,6031,6025,1.0,1.0,PGD,0.75,10,Botnet Ares,,99
LR,PGD_eps0.75_it10,69,69,1.0,1.0,PGD,0.75,10,Botnet Ares - Attempted,,99
LR,PGD_eps0.75_it10,6039,6039,1.0,1.0,PGD,0.75,10,DDoS-HOIC,,99
LR,PGD_eps0.75_it10,5969,0,,1.0,PGD,0.75,10,DDoS-LOIC-HTTP,,99
LR,PGD_eps0.75_it10,504,496,0.032258064516129,0.0476190476190476,PGD,0.75,10,DDoS-LOIC-UDP,,99
LR,PGD_eps0.75_it10,38,0,,0.9736842105263158,PGD,0.75,10,DDoS-LOIC-UDP - Attempted,,99
LR,PGD_eps0.75_it10,4580,4580,0.909170305676856,0.909170305676856,PGD,0.75,10,DoS GoldenEye,,99
LR,PGD_eps0.75_it10,824,824,1.0,1.0,PGD,0.75,10,DoS GoldenEye - Attempted,,99
LR,PGD_eps0.75_it10,5995,5995,0.8954128440366973,0.8954128440366973,PGD,0.75,10,DoS Hulk,,99
LR,PGD_eps0.75_it10,15,15,0.6,0.6,PGD,0.75,10,DoS Hulk - Attempted,,99
LR,PGD_eps0.75_it10,1747,1691,0.5943228858663513,0.6073268460217516,PGD,0.75,10,DoS Slowloris,,99
LR,PGD_eps0.75_it10,466,450,1.0,1.0,PGD,0.75,10,DoS Slowloris - Attempted,,99
LR,PGD_eps0.75_it10,5932,5932,0.1097437626432906,0.1097437626432906,PGD,0.75,10,FTP-BruteForce - Attempted,,99
LR,PGD_eps0.75_it10,40,40,0.15,0.15,PGD,0.75,10,Infiltration - Communication Victim Attacker,,99
LR,PGD_eps0.75_it10,25,0,,0.2,PGD,0.75,10,Infiltration - Dropbox Download,,99
LR,PGD_eps0.75_it10,4,0,,0.0,PGD,0.75,10,Infiltration - Dropbox Download - Attempted,,99
LR,PGD_eps0.75_it10,5946,5341,0.8288709979404606,0.8333333333333334,PGD,0.75,10,Infiltration - NMAP Portscan,,99
LR,PGD_eps0.75_it10,5989,5989,0.0,0.0,PGD,0.75,10,SSH-BruteForce,,99
LR,PGD_eps0.75_it10,36,0,,0.9444444444444444,PGD,0.75,10,Web Attack - Brute Force,,99
LR,PGD_eps0.75_it10,28,0,,0.9642857142857144,PGD,0.75,10,Web Attack - Brute Force - Attempted,,99
LR,PGD_eps0.75_it10,3,2,1.0,0.6666666666666666,PGD,0.75,10,Web Attack - SQL,,99
LR,PGD_eps0.75_it10,4,2,0.5,0.25,PGD,0.75,10,Web Attack - SQL - Attempted,,99
LR,PGD_eps0.75_it10,19,0,,1.0,PGD,0.75,10,Web Attack - XSS,,99
SVM,PGD_eps0.75_it10,60000,0,,,PGD,0.75,10,Benign,,99
SVM,PGD_eps0.75_it10,6031,6031,1.0,1.0,PGD,0.75,10,Botnet Ares,,99
SVM,PGD_eps0.75_it10,69,69,0.0,0.0,PGD,0.75,10,Botnet Ares - Attempted,,99
SVM,PGD_eps0.75_it10,6039,6039,1.0,1.0,PGD,0.75,10,DDoS-HOIC,,99
SVM,PGD_eps0.75_it10,5969,0,,1.0,PGD,0.75,10,DDoS-LOIC-HTTP,,99
SVM,PGD_eps0.75_it10,504,497,0.028169014084507,0.0416666666666666,PGD,0.75,10,DDoS-LOIC-UDP,,99
SVM,PGD_eps0.75_it10,38,0,,0.9736842105263158,PGD,0.75,10,DDoS-LOIC-UDP - Attempted,,99
SVM,PGD_eps0.75_it10,4580,4580,0.72882096069869,0.72882096069869,PGD,0.75,10,DoS GoldenEye,,99
SVM,PGD_eps0.75_it10,824,824,1.0,1.0,PGD,0.75,10,DoS GoldenEye - Attempted,,99
SVM,PGD_eps0.75_it10,5995,5995,0.8952460383653045,0.8952460383653045,PGD,0.75,10,DoS Hulk,,99
SVM,PGD_eps0.75_it10,15,15,0.6,0.6,PGD,0.75,10,DoS Hulk - Attempted,,99
SVM,PGD_eps0.75_it10,1747,1667,0.2471505698860228,0.2793360045792787,PGD,0.75,10,DoS Slowloris,,99
SVM,PGD_eps0.75_it10,466,450,1.0,1.0,PGD,0.75,10,DoS Slowloris - Attempted,,99
SVM,PGD_eps0.75_it10,5932,5932,0.0950775455158462,0.0950775455158462,PGD,0.75,10,FTP-BruteForce - Attempted,,99
SVM,PGD_eps0.75_it10,40,40,0.2,0.2,PGD,0.75,10,Infiltration - Communication Victim Attacker,,99
SVM,PGD_eps0.75_it10,25,0,,0.2,PGD,0.75,10,Infiltration - Dropbox Download,,99
SVM,PGD_eps0.75_it10,4,0,,0.0,PGD,0.75,10,Infiltration - Dropbox Download - Attempted,,99
SVM,PGD_eps0.75_it10,5946,4787,0.3632755379151869,0.4095190043726875,PGD,0.75,10,Infiltration - NMAP Portscan,,99
SVM,PGD_eps0.75_it10,5989,5989,0.0,0.0,PGD,0.75,10,SSH-BruteForce,,99
SVM,PGD_eps0.75_it10,36,0,,0.9444444444444444,PGD,0.75,10,Web Attack - Brute Force,,99
SVM,PGD_eps0.75_it10,28,0,,0.9642857142857144,PGD,0.75,10,Web Attack - Brute Force - Attempted,,99
SVM,PGD_eps0.75_it10,3,0,,0.6666666666666666,PGD,0.75,10,Web Attack - SQL,,99
SVM,PGD_eps0.75_it10,4,0,,0.25,PGD,0.75,10,Web Attack - SQL - Attempted,,99
SVM,PGD_eps0.75_it10,19,0,,1.0,PGD,0.75,10,Web Attack - XSS,,99
RF,PGD_eps0.75_it10,60000,0,,,PGD,0.75,10,Benign,,99
RF,PGD_eps0.75_it10,6031,6031,1.0,1.0,PGD,0.75,10,Botnet Ares,,99
RF,PGD_eps0.75_it10,69,69,1.0,1.0,PGD,0.75,10,Botnet Ares - Attempted,,99
RF,PGD_eps0.75_it10,6039,6039,1.0,1.0,PGD,0.75,10,DDoS-HOIC,,99
RF,PGD_eps0.75_it10,5969,5969,1.0,1.0,PGD,0.75,10,DDoS-LOIC-HTTP,,99
RF,PGD_eps0.75_it10,504,504,0.4484126984126984,0.4484126984126984,PGD,0.75,10,DDoS-LOIC-UDP,,99
RF,PGD_eps0.75_it10,38,38,1.0,1.0,PGD,0.75,10,DDoS-LOIC-UDP - Attempted,,99
RF,PGD_eps0.75_it10,4580,4580,1.0,1.0,PGD,0.75,10,DoS GoldenEye,,99
RF,PGD_eps0.75_it10,824,824,1.0,1.0,PGD,0.75,10,DoS GoldenEye - Attempted,,99
RF,PGD_eps0.75_it10,5995,5995,1.0,1.0,PGD,0.75,10,DoS Hulk,,99
RF,PGD_eps0.75_it10,15,15,0.9333333333333332,0.9333333333333332,PGD,0.75,10,DoS Hulk - Attempted,,99
RF,PGD_eps0.75_it10,1747,1747,0.9971379507727532,0.9971379507727532,PGD,0.75,10,DoS Slowloris,,99
RF,PGD_eps0.75_it10,466,466,1.0,1.0,PGD,0.75,10,DoS Slowloris - Attempted,,99
RF,PGD_eps0.75_it10,5932,5932,0.7754551584625758,0.7754551584625758,PGD,0.75,10,FTP-BruteForce - Attempted,,99
RF,PGD_eps0.75_it10,40,40,0.875,0.875,PGD,0.75,10,Infiltration - Communication Victim Attacker,,99
RF,PGD_eps0.75_it10,25,14,1.0,0.8,PGD,0.75,10,Infiltration - Dropbox Download,,99
RF,PGD_eps0.75_it10,4,0,,0.75,PGD,0.75,10,Infiltration - Dropbox Download - Attempted,,99
RF,PGD_eps0.75_it10,5946,5942,0.9052507573207674,0.905146316851665,PGD,0.75,10,Infiltration - NMAP Portscan,,99
RF,PGD_eps0.75_it10,5989,5989,1.0,1.0,PGD,0.75,10,SSH-BruteForce,,99
RF,PGD_eps0.75_it10,36,35,1.0,1.0,PGD,0.75,10,Web Attack - Brute Force,,99
RF,PGD_eps0.75_it10,28,28,0.9642857142857144,0.9642857142857144,PGD,0.75,10,Web Attack - Brute Force - Attempted,,99
RF,PGD_eps0.75_it10,3,3,1.0,1.0,PGD,0.75,10,Web Attack - SQL,,99
RF,PGD_eps0.75_it10,4,4,0.75,0.75,PGD,0.75,10,Web Attack - SQL - Attempted,,99
RF,PGD_eps0.75_it10,19,19,1.0,1.0,PGD,0.75,10,Web Attack - XSS,,99
MLP,PGD_eps0.75_it10,60000,0,,,PGD,0.75,10,Benign,,99
MLP,PGD_eps0.75_it10,6031,6031,0.9996683800364782,0.9996683800364782,PGD,0.75,10,Botnet Ares,,99
MLP,PGD_eps0.75_it10,69,69,1.0,1.0,PGD,0.75,10,Botnet Ares - Attempted,,99
MLP,PGD_eps0.75_it10,6039,6039,1.0,1.0,PGD,0.75,10,DDoS-HOIC,,99
MLP,PGD_eps0.75_it10,5969,5969,1.0,1.0,PGD,0.75,10,DDoS-LOIC-HTTP,,99
MLP,PGD_eps0.75_it10,504,504,0.2261904761904762,0.2261904761904762,PGD,0.75,10,DDoS-LOIC-UDP,,99
MLP,PGD_eps0.75_it10,38,37,1.0,0.9736842105263158,PGD,0.75,10,DDoS-LOIC-UDP - Attempted,,99
MLP,PGD_eps0.75_it10,4580,4579,1.0,0.9997816593886464,PGD,0.75,10,DoS GoldenEye,,99
MLP,PGD_eps0.75_it10,824,824,1.0,1.0,PGD,0.75,10,DoS GoldenEye - Attempted,,99
MLP,PGD_eps0.75_it10,5995,5995,1.0,1.0,PGD,0.75,10,DoS Hulk,,99
MLP,PGD_eps0.75_it10,15,15,1.0,1.0,PGD,0.75,10,DoS Hulk - Attempted,,99
MLP,PGD_eps0.75_it10,1747,1747,1.0,1.0,PGD,0.75,10,DoS Slowloris,,99
MLP,PGD_eps0.75_it10,466,466,1.0,1.0,PGD,0.75,10,DoS Slowloris - Attempted,,99
MLP,PGD_eps0.75_it10,5932,5932,1.0,1.0,PGD,0.75,10,FTP-BruteForce - Attempted,,99
MLP,PGD_eps0.75_it10,40,40,1.0,1.0,PGD,0.75,10,Infiltration - Communication Victim Attacker,,99
MLP,PGD_eps0.75_it10,25,5,1.0,0.2,PGD,0.75,10,Infiltration - Dropbox Download,,99
MLP,PGD_eps0.75_it10,4,0,,0.0,PGD,0.75,10,Infiltration - Dropbox Download - Attempted,,99
MLP,PGD_eps0.75_it10,5946,5831,1.0,0.9806592667339388,PGD,0.75,10,Infiltration - NMAP Portscan,,99
MLP,PGD_eps0.75_it10,5989,5989,1.0,1.0,PGD,0.75,10,SSH-BruteForce,,99
MLP,PGD_eps0.75_it10,36,34,1.0,0.9444444444444444,PGD,0.75,10,Web Attack - Brute Force,,99
MLP,PGD_eps0.75_it10,28,27,1.0,0.9642857142857144,PGD,0.75,10,Web Attack - Brute Force - Attempted,,99
MLP,PGD_eps0.75_it10,3,2,1.0,0.6666666666666666,PGD,0.75,10,Web Attack - SQL,,99
MLP,PGD_eps0.75_it10,4,1,1.0,0.25,PGD,0.75,10,Web Attack - SQL - Attempted,,99
MLP,PGD_eps0.75_it10,19,19,1.0,1.0,PGD,0.75,10,Web Attack - XSS,,99
LR,PGD_eps0.75_it25,60000,0,,,PGD,0.75,25,Benign,,99
LR,PGD_eps0.75_it25,6031,6025,1.0,1.0,PGD,0.75,25,Botnet Ares,,99
LR,PGD_eps0.75_it25,69,69,1.0,1.0,PGD,0.75,25,Botnet Ares - Attempted,,99
LR,PGD_eps0.75_it25,6039,6039,1.0,1.0,PGD,0.75,25,DDoS-HOIC,,99
LR,PGD_eps0.75_it25,5969,0,,1.0,PGD,0.75,25,DDoS-LOIC-HTTP,,99
LR,PGD_eps0.75_it25,504,496,0.034274193548387,0.0496031746031746,PGD,0.75,25,DDoS-LOIC-UDP,,99
LR,PGD_eps0.75_it25,38,0,,0.9736842105263158,PGD,0.75,25,DDoS-LOIC-UDP - Attempted,,99
LR,PGD_eps0.75_it25,4580,4580,0.9203056768558951,0.9203056768558951,PGD,0.75,25,DoS GoldenEye,,99
LR,PGD_eps0.75_it25,824,824,1.0,1.0,PGD,0.75,25,DoS GoldenEye - Attempted,,99
LR,PGD_eps0.75_it25,5995,5995,0.8954128440366973,0.8954128440366973,PGD,0.75,25,DoS Hulk,,99
LR,PGD_eps0.75_it25,15,15,0.6,0.6,PGD,0.75,25,DoS Hulk - Attempted,,99
LR,PGD_eps0.75_it25,1747,1691,0.9905381431105854,0.9908414424728106,PGD,0.75,25,DoS Slowloris,,99
LR,PGD_eps0.75_it25,466,450,1.0,1.0,PGD,0.75,25,DoS Slowloris - Attempted,,99
LR,PGD_eps0.75_it25,5932,5932,0.1097437626432906,0.1097437626432906,PGD,0.75,25,FTP-BruteForce - Attempted,,99
LR,PGD_eps0.75_it25,40,40,0.3,0.3,PGD,0.75,25,Infiltration - Communication Victim Attacker,,99
LR,PGD_eps0.75_it25,25,0,,0.2,PGD,0.75,25,Infiltration - Dropbox Download,,99
LR,PGD_eps0.75_it25,4,0,,0.0,PGD,0.75,25,Infiltration - Dropbox Download - Attempted,,99
LR,PGD_eps0.75_it25,5946,5341,0.7751357423703427,0.7800201816347124,PGD,0.75,25,Infiltration - NMAP Portscan,,99
LR,PGD_eps0.75_it25,5989,5989,0.0539322090499248,0.0539322090499248,PGD,0.75,25,SSH-BruteForce,,99
LR,PGD_eps0.75_it25,36,0,,0.9444444444444444,PGD,0.75,25,Web Attack - Brute Force,,99
LR,PGD_eps0.75_it25,28,0,,0.9642857142857144,PGD,0.75,25,Web Attack - Brute Force - Attempted,,99
LR,PGD_eps0.75_it25,3,2,1.0,0.6666666666666666,PGD,0.75,25,Web Attack - SQL,,99
LR,PGD_eps0.75_it25,4,2,0.5,0.25,PGD,0.75,25,Web Attack - SQL - Attempted,,99
LR,PGD_eps0.75_it25,19,0,,1.0,PGD,0.75,25,Web Attack - XSS,,99
SVM,PGD_eps0.75_it25,60000,0,,,PGD,0.75,25,Benign,,99
SVM,PGD_eps0.75_it25,6031,6031,0.9925385508207594,0.9925385508207594,PGD,0.75,25,Botnet Ares,,99
SVM,PGD_eps0.75_it25,69,69,0.0,0.0,PGD,0.75,25,Botnet Ares - Attempted,,99
SVM,PGD_eps0.75_it25,6039,6039,1.0,1.0,PGD,0.75,25,DDoS-HOIC,,99
SVM,PGD_eps0.75_it25,5969,0,,1.0,PGD,0.75,25,DDoS-LOIC-HTTP,,99
SVM,PGD_eps0.75_it25,504,497,0.028169014084507,0.0416666666666666,PGD,0.75,25,DDoS-LOIC-UDP,,99
SVM,PGD_eps0.75_it25,38,0,,0.9473684210526316,PGD,0.75,25,DDoS-LOIC-UDP - Attempted,,99
SVM,PGD_eps0.75_it25,4580,4580,0.9203056768558951,0.9203056768558951,PGD,0.75,25,DoS GoldenEye,,99
SVM,PGD_eps0.75_it25,824,824,0.9987864077669902,0.9987864077669902,PGD,0.75,25,DoS GoldenEye - Attempted,,99
SVM,PGD_eps0.75_it25,5995,5995,0.8954128440366973,0.8954128440366973,PGD,0.75,25,DoS Hulk,,99
SVM,PGD_eps0.75_it25,15,15,0.6,0.6,PGD,0.75,25,DoS Hulk - Attempted,,99
SVM,PGD_eps0.75_it25,1747,1667,0.7936412717456509,0.8013737836290784,PGD,0.75,25,DoS Slowloris,,99
SVM,PGD_eps0.75_it25,466,450,0.1377777777777777,0.167381974248927,PGD,0.75,25,DoS Slowloris - Attempted,,99
SVM,PGD_eps0.75_it25,5932,5932,0.0441672285906945,0.0441672285906945,PGD,0.75,25,FTP-BruteForce - Attempted,,99
SVM,PGD_eps0.75_it25,40,40,0.325,0.325,PGD,0.75,25,Infiltration - Communication Victim Attacker,,99
SVM,PGD_eps0.75_it25,25,0,,0.2,PGD,0.75,25,Infiltration - Dropbox Download,,99
SVM,PGD_eps0.75_it25,4,0,,0.0,PGD,0.75,25,Infiltration - Dropbox Download - Attempted,,99
SVM,PGD_eps0.75_it25,5946,4787,0.2274911217881763,0.2591658257652203,PGD,0.75,25,Infiltration - NMAP Portscan,,99
SVM,PGD_eps0.75_it25,5989,5989,0.0,0.0,PGD,0.75,25,SSH-BruteForce,,99
SVM,PGD_eps0.75_it25,36,0,,0.9444444444444444,PGD,0.75,25,Web Attack - Brute Force,,99
SVM,PGD_eps0.75_it25,28,0,,0.9642857142857144,PGD,0.75,25,Web Attack - Brute Force - Attempted,,99
SVM,PGD_eps0.75_it25,3,0,,0.6666666666666666,PGD,0.75,25,Web Attack - SQL,,99
SVM,PGD_eps0.75_it25,4,0,,0.25,PGD,0.75,25,Web Attack - SQL - Attempted,,99
SVM,PGD_eps0.75_it25,19,0,,1.0,PGD,0.75,25,Web Attack - XSS,,99
RF,PGD_eps0.75_it25,60000,0,,,PGD,0.75,25,Benign,,99
RF,PGD_eps0.75_it25,6031,6031,1.0,1.0,PGD,0.75,25,Botnet Ares,,99
RF,PGD_eps0.75_it25,69,69,1.0,1.0,PGD,0.75,25,Botnet Ares - Attempted,,99
RF,PGD_eps0.75_it25,6039,6039,1.0,1.0,PGD,0.75,25,DDoS-HOIC,,99
RF,PGD_eps0.75_it25,5969,5969,1.0,1.0,PGD,0.75,25,DDoS-LOIC-HTTP,,99
RF,PGD_eps0.75_it25,504,504,0.4484126984126984,0.4484126984126984,PGD,0.75,25,DDoS-LOIC-UDP,,99
RF,PGD_eps0.75_it25,38,38,0.9736842105263158,0.9736842105263158,PGD,0.75,25,DDoS-LOIC-UDP - Attempted,,99
RF,PGD_eps0.75_it25,4580,4580,1.0,1.0,PGD,0.75,25,DoS GoldenEye,,99
RF,PGD_eps0.75_it25,824,824,1.0,1.0,PGD,0.75,25,DoS GoldenEye - Attempted,,99
RF,PGD_eps0.75_it25,5995,5995,1.0,1.0,PGD,0.75,25,DoS Hulk,,99
RF,PGD_eps0.75_it25,15,15,1.0,1.0,PGD,0.75,25,DoS Hulk - Attempted,,99
RF,PGD_eps0.75_it25,1747,1747,0.7029192902117917,0.7029192902117917,PGD,0.75,25,DoS Slowloris,,99
RF,PGD_eps0.75_it25,466,466,1.0,1.0,PGD,0.75,25,DoS Slowloris - Attempted,,99
RF,PGD_eps0.75_it25,5932,5932,1.0,1.0,PGD,0.75,25,FTP-BruteForce - Attempted,,99
RF,PGD_eps0.75_it25,40,40,1.0,1.0,PGD,0.75,25,Infiltration - Communication Victim Attacker,,99
RF,PGD_eps0.75_it25,25,14,1.0,0.84,PGD,0.75,25,Infiltration - Dropbox Download,,99
RF,PGD_eps0.75_it25,4,0,,1.0,PGD,0.75,25,Infiltration - Dropbox Download - Attempted,,99
RF,PGD_eps0.75_it25,5946,5942,0.9503534163581284,0.9503868146653212,PGD,0.75,25,Infiltration - NMAP Portscan,,99
RF,PGD_eps0.75_it25,5989,5989,1.0,1.0,PGD,0.75,25,SSH-BruteForce,,99
RF,PGD_eps0.75_it25,36,35,1.0,1.0,PGD,0.75,25,Web Attack - Brute Force,,99
RF,PGD_eps0.75_it25,28,28,1.0,1.0,PGD,0.75,25,Web Attack - Brute Force - Attempted,,99
RF,PGD_eps0.75_it25,3,3,1.0,1.0,PGD,0.75,25,Web Attack - SQL,,99
RF,PGD_eps0.75_it25,4,4,1.0,1.0,PGD,0.75,25,Web Attack - SQL - Attempted,,99
RF,PGD_eps0.75_it25,19,19,1.0,1.0,PGD,0.75,25,Web Attack - XSS,,99
MLP,PGD_eps0.75_it25,60000,0,,,PGD,0.75,25,Benign,,99
MLP,PGD_eps0.75_it25,6031,6031,0.9996683800364782,0.9996683800364782,PGD,0.75,25,Botnet Ares,,99
MLP,PGD_eps0.75_it25,69,69,1.0,1.0,PGD,0.75,25,Botnet Ares - Attempted,,99
MLP,PGD_eps0.75_it25,6039,6039,1.0,1.0,PGD,0.75,25,DDoS-HOIC,,99
MLP,PGD_eps0.75_it25,5969,5969,1.0,1.0,PGD,0.75,25,DDoS-LOIC-HTTP,,99
MLP,PGD_eps0.75_it25,504,504,0.25,0.25,PGD,0.75,25,DDoS-LOIC-UDP,,99
MLP,PGD_eps0.75_it25,38,37,1.0,0.9736842105263158,PGD,0.75,25,DDoS-LOIC-UDP - Attempted,,99
MLP,PGD_eps0.75_it25,4580,4579,1.0,0.9997816593886464,PGD,0.75,25,DoS GoldenEye,,99
MLP,PGD_eps0.75_it25,824,824,1.0,1.0,PGD,0.75,25,DoS GoldenEye - Attempted,,99
MLP,PGD_eps0.75_it25,5995,5995,1.0,1.0,PGD,0.75,25,DoS Hulk,,99
MLP,PGD_eps0.75_it25,15,15,1.0,1.0,PGD,0.75,25,DoS Hulk - Attempted,,99
MLP,PGD_eps0.75_it25,1747,1747,1.0,1.0,PGD,0.75,25,DoS Slowloris,,99
MLP,PGD_eps0.75_it25,466,466,1.0,1.0,PGD,0.75,25,DoS Slowloris - Attempted,,99
MLP,PGD_eps0.75_it25,5932,5932,1.0,1.0,PGD,0.75,25,FTP-BruteForce - Attempted,,99
MLP,PGD_eps0.75_it25,40,40,1.0,1.0,PGD,0.75,25,Infiltration - Communication Victim Attacker,,99
MLP,PGD_eps0.75_it25,25,5,1.0,0.2,PGD,0.75,25,Infiltration - Dropbox Download,,99
MLP,PGD_eps0.75_it25,4,0,,0.0,PGD,0.75,25,Infiltration - Dropbox Download - Attempted,,99
MLP,PGD_eps0.75_it25,5946,5831,1.0,0.9806592667339388,PGD,0.75,25,Infiltration - NMAP Portscan,,99
MLP,PGD_eps0.75_it25,5989,5989,1.0,1.0,PGD,0.75,25,SSH-BruteForce,,99
MLP,PGD_eps0.75_it25,36,34,1.0,0.9444444444444444,PGD,0.75,25,Web Attack - Brute Force,,99
MLP,PGD_eps0.75_it25,28,27,1.0,0.9642857142857144,PGD,0.75,25,Web Attack - Brute Force - Attempted,,99
MLP,PGD_eps0.75_it25,3,2,1.0,0.6666666666666666,PGD,0.75,25,Web Attack - SQL,,99
MLP,PGD_eps0.75_it25,4,1,1.0,0.25,PGD,0.75,25,Web Attack - SQL - Attempted,,99
MLP,PGD_eps0.75_it25,19,19,1.0,1.0,PGD,0.75,25,Web Attack - XSS,,99
LR,CW_c0.0_it10,60000,0,,,CW,,10,Benign,0.0,99
LR,CW_c0.0_it10,6031,6025,0.0033195020746887,0.0043110595257834,CW,,10,Botnet Ares,0.0,99
LR,CW_c0.0_it10,69,69,0.0,0.0,CW,,10,Botnet Ares - Attempted,0.0,99
LR,CW_c0.0_it10,6039,6039,0.0,0.0,CW,,10,DDoS-HOIC,0.0,99
LR,CW_c0.0_it10,5969,0,,1.0,CW,,10,DDoS-LOIC-HTTP,0.0,99
LR,CW_c0.0_it10,504,496,0.407258064516129,0.4166666666666667,CW,,10,DDoS-LOIC-UDP,0.0,99
LR,CW_c0.0_it10,38,0,,1.0,CW,,10,DDoS-LOIC-UDP - Attempted,0.0,99
LR,CW_c0.0_it10,4580,4580,0.0017467248908296,0.0017467248908296,CW,,10,DoS GoldenEye,0.0,99
LR,CW_c0.0_it10,824,824,0.0133495145631067,0.0133495145631067,CW,,10,DoS GoldenEye - Attempted,0.0,99
LR,CW_c0.0_it10,5995,5995,0.0018348623853211,0.0018348623853211,CW,,10,DoS Hulk,0.0,99
LR,CW_c0.0_it10,15,15,0.0,0.0,CW,,10,DoS Hulk - Attempted,0.0,99
LR,CW_c0.0_it10,1747,1691,0.959787108219988,0.9610761305094448,CW,,10,DoS Slowloris,0.0,99
LR,CW_c0.0_it10,466,450,0.0333333333333333,0.0665236051502145,CW,,10,DoS Slowloris - Attempted,0.0,99
LR,CW_c0.0_it10,5932,5932,0.0,0.0,CW,,10,FTP-BruteForce - Attempted,0.0,99
LR,CW_c0.0_it10,40,40,0.875,0.875,CW,,10,Infiltration - Communication Victim Attacker,0.0,99
LR,CW_c0.0_it10,25,0,,0.24,CW,,10,Infiltration - Dropbox Download,0.0,99
LR,CW_c0.0_it10,4,0,,0.0,CW,,10,Infiltration - Dropbox Download - Attempted,0.0,99
LR,CW_c0.0_it10,5946,5341,0.3370155401610185,0.403464513958964,CW,,10,Infiltration - NMAP Portscan,0.0,99
LR,CW_c0.0_it10,5989,5989,1.0,1.0,CW,,10,SSH-BruteForce,0.0,99
LR,CW_c0.0_it10,36,0,,0.9722222222222222,CW,,10,Web Attack - Brute Force,0.0,99
LR,CW_c0.0_it10,28,0,,0.9642857142857144,CW,,10,Web Attack - Brute Force - Attempted,0.0,99
LR,CW_c0.0_it10,3,2,0.5,0.3333333333333333,CW,,10,Web Attack - SQL,0.0,99
LR,CW_c0.0_it10,4,2,0.5,0.5,CW,,10,Web Attack - SQL - Attempted,0.0,99
LR,CW_c0.0_it10,19,0,,1.0,CW,,10,Web Attack - XSS,0.0,99
SVM,CW_c0.0_it10,60000,0,,,CW,,10,Benign,0.0,99
SVM,CW_c0.0_it10,6031,6031,0.003316199635218,0.003316199635218,CW,,10,Botnet Ares,0.0,99
SVM,CW_c0.0_it10,69,69,0.0,0.0,CW,,10,Botnet Ares - Attempted,0.0,99
SVM,CW_c0.0_it10,6039,6039,0.0,0.0,CW,,10,DDoS-HOIC,0.0,99
SVM,CW_c0.0_it10,5969,0,,1.0,CW,,10,DDoS-LOIC-HTTP,0.0,99
SVM,CW_c0.0_it10,504,497,0.0221327967806841,0.0357142857142857,CW,,10,DDoS-LOIC-UDP,0.0,99
SVM,CW_c0.0_it10,38,0,,1.0,CW,,10,DDoS-LOIC-UDP - Attempted,0.0,99
SVM,CW_c0.0_it10,4580,4580,0.0,0.0,CW,,10,DoS GoldenEye,0.0,99
SVM,CW_c0.0_it10,824,824,0.0,0.0,CW,,10,DoS GoldenEye - Attempted,0.0,99
SVM,CW_c0.0_it10,5995,5995,0.0003336113427856,0.0003336113427856,CW,,10,DoS Hulk,0.0,99
SVM,CW_c0.0_it10,15,15,0.0,0.0,CW,,10,DoS Hulk - Attempted,0.0,99
SVM,CW_c0.0_it10,1747,1667,0.0503899220155968,0.093875214653692,CW,,10,DoS Slowloris,0.0,99
SVM,CW_c0.0_it10,466,450,0.0,0.0343347639484978,CW,,10,DoS Slowloris - Attempted,0.0,99
SVM,CW_c0.0_it10,5932,5932,0.0,0.0,CW,,10,FTP-BruteForce - Attempted,0.0,99
SVM,CW_c0.0_it10,40,40,0.0,0.0,CW,,10,Infiltration - Communication Victim Attacker,0.0,99
SVM,CW_c0.0_it10,25,0,,0.4,CW,,10,Infiltration - Dropbox Download,0.0,99
SVM,CW_c0.0_it10,4,0,,0.5,CW,,10,Infiltration - Dropbox Download - Attempted,0.0,99
SVM,CW_c0.0_it10,5946,4787,0.2224775433465636,0.3738647830474268,CW,,10,Infiltration - NMAP Portscan,0.0,99
SVM,CW_c0.0_it10,5989,5989,0.0,0.0,CW,,10,SSH-BruteForce,0.0,99
SVM,CW_c0.0_it10,36,0,,0.9722222222222222,CW,,10,Web Attack - Brute Force,0.0,99
SVM,CW_c0.0_it10,28,0,,1.0,CW,,10,Web Attack - Brute Force - Attempted,0.0,99
SVM,CW_c0.0_it10,3,0,,1.0,CW,,10,Web Attack - SQL,0.0,99
SVM,CW_c0.0_it10,4,0,,0.75,CW,,10,Web Attack - SQL - Attempted,0.0,99
SVM,CW_c0.0_it10,19,0,,1.0,CW,,10,Web Attack - XSS,0.0,99
RF,CW_c0.0_it10,60000,0,,,CW,,10,Benign,0.0,99
RF,CW_c0.0_it10,6031,6031,0.9970154203283038,0.9970154203283038,CW,,10,Botnet Ares,0.0,99
RF,CW_c0.0_it10,69,69,0.6521739130434783,0.6521739130434783,CW,,10,Botnet Ares - Attempted,0.0,99
RF,CW_c0.0_it10,6039,6039,1.0,1.0,CW,,10,DDoS-HOIC,0.0,99
RF,CW_c0.0_it10,5969,5969,1.0,1.0,CW,,10,DDoS-LOIC-HTTP,0.0,99
RF,CW_c0.0_it10,504,504,0.9543650793650794,0.9543650793650794,CW,,10,DDoS-LOIC-UDP,0.0,99
RF,CW_c0.0_it10,38,38,1.0,1.0,CW,,10,DDoS-LOIC-UDP - Attempted,0.0,99
RF,CW_c0.0_it10,4580,4580,0.9997816593886464,0.9997816593886464,CW,,10,DoS GoldenEye,0.0,99
RF,CW_c0.0_it10,824,824,1.0,1.0,CW,,10,DoS GoldenEye - Attempted,0.0,99
RF,CW_c0.0_it10,5995,5995,0.9978315262718932,0.9978315262718932,CW,,10,DoS Hulk,0.0,99
RF,CW_c0.0_it10,15,15,0.8666666666666667,0.8666666666666667,CW,,10,DoS Hulk - Attempted,0.0,99
RF,CW_c0.0_it10,1747,1747,0.6222095020034345,0.6222095020034345,CW,,10,DoS Slowloris,0.0,99
RF,CW_c0.0_it10,466,466,1.0,1.0,CW,,10,DoS Slowloris - Attempted,0.0,99
RF,CW_c0.0_it10,5932,5932,0.5527646662171275,0.5527646662171275,CW,,10,FTP-BruteForce - Attempted,0.0,99
RF,CW_c0.0_it10,40,40,1.0,1.0,CW,,10,Infiltration - Communication Victim Attacker,0.0,99
RF,CW_c0.0_it10,25,14,1.0,1.0,CW,,10,Infiltration - Dropbox Download,0.0,99
RF,CW_c0.0_it10,4,0,,1.0,CW,,10,Infiltration - Dropbox Download - Attempted,0.0,99
RF,CW_c0.0_it10,5946,5942,0.713227869404241,0.7134207870837538,CW,,10,Infiltration - NMAP Portscan,0.0,99
RF,CW_c0.0_it10,5989,5989,1.0,1.0,CW,,10,SSH-BruteForce,0.0,99
RF,CW_c0.0_it10,36,35,0.9714285714285714,0.9722222222222222,CW,,10,Web Attack - Brute Force,0.0,99
RF,CW_c0.0_it10,28,28,0.9642857142857144,0.9642857142857144,CW,,10,Web Attack - Brute Force - Attempted,0.0,99
RF,CW_c0.0_it10,3,3,0.6666666666666666,0.6666666666666666,CW,,10,Web Attack - SQL,0.0,99
RF,CW_c0.0_it10,4,4,1.0,1.0,CW,,10,Web Attack - SQL - Attempted,0.0,99
RF,CW_c0.0_it10,19,19,0.9473684210526316,0.9473684210526316,CW,,10,Web Attack - XSS,0.0,99
MLP,CW_c0.0_it10,60000,0,,,CW,,10,Benign,0.0,99
MLP,CW_c0.0_it10,6031,6031,0.9973470402918256,0.9973470402918256,CW,,10,Botnet Ares,0.0,99
MLP,CW_c0.0_it10,69,69,1.0,1.0,CW,,10,Botnet Ares - Attempted,0.0,99
MLP,CW_c0.0_it10,6039,6039,0.9991720483523764,0.9991720483523764,CW,,10,DDoS-HOIC,0.0,99
MLP,CW_c0.0_it10,5969,5969,1.0,1.0,CW,,10,DDoS-LOIC-HTTP,0.0,99
MLP,CW_c0.0_it10,504,504,0.9543650793650794,0.9543650793650794,CW,,10,DDoS-LOIC-UDP,0.0,99
MLP,CW_c0.0_it10,38,37,0.972972972972973,0.9473684210526316,CW,,10,DDoS-LOIC-UDP - Attempted,0.0,99
MLP,CW_c0.0_it10,4580,4579,0.9997816117056124,0.9995633187772924,CW,,10,DoS GoldenEye,0.0,99
MLP,CW_c0.0_it10,824,824,1.0,1.0,CW,,10,DoS GoldenEye - Attempted,0.0,99
MLP,CW_c0.0_it10,5995,5995,0.9809841534612176,0.9809841534612176,CW,,10,DoS Hulk,0.0,99
MLP,CW_c0.0_it10,15,15,1.0,1.0,CW,,10,DoS Hulk - Attempted,0.0,99
MLP,CW_c0.0_it10,1747,1747,1.0,1.0,CW,,10,DoS Slowloris,0.0,99
MLP,CW_c0.0_it10,466,466,1.0,1.0,CW,,10,DoS Slowloris - Attempted,0.0,99
MLP,CW_c0.0_it10,5932,5932,1.0,1.0,CW,,10,FTP-BruteForce - Attempted,0.0,99
MLP,CW_c0.0_it10,40,40,1.0,1.0,CW,,10,Infiltration - Communication Victim Attacker,0.0,99
MLP,CW_c0.0_it10,25,5,1.0,0.2,CW,,10,Infiltration - Dropbox Download,0.0,99
MLP,CW_c0.0_it10,4,0,,0.0,CW,,10,Infiltration - Dropbox Download - Attempted,0.0,99
MLP,CW_c0.0_it10,5946,5831,0.9919396329960556,0.9730911537167845,CW,,10,Infiltration - NMAP Portscan,0.0,99
MLP,CW_c0.0_it10,5989,5989,1.0,1.0,CW,,10,SSH-BruteForce,0.0,99
MLP,CW_c0.0_it10,36,34,1.0,0.9444444444444444,CW,,10,Web Attack - Brute Force,0.0,99
MLP,CW_c0.0_it10,28,27,1.0,0.9642857142857144,CW,,10,Web Attack - Brute Force - Attempted,0.0,99
MLP,CW_c0.0_it10,3,2,1.0,0.6666666666666666,CW,,10,Web Attack - SQL,0.0,99
MLP,CW_c0.0_it10,4,1,1.0,0.25,CW,,10,Web Attack - SQL - Attempted,0.0,99
MLP,CW_c0.0_it10,19,19,1.0,1.0,CW,,10,Web Attack - XSS,0.0,99
LR,CW_c0.5_it10,60000,0,,,CW,,10,Benign,0.5,99
LR,CW_c0.5_it10,6031,6025,0.0034854771784232,0.0044768695075443,CW,,10,Botnet Ares,0.5,99
LR,CW_c0.5_it10,69,69,0.0,0.0,CW,,10,Botnet Ares - Attempted,0.5,99
LR,CW_c0.5_it10,6039,6039,0.0,0.0,CW,,10,DDoS-HOIC,0.5,99
LR,CW_c0.5_it10,5969,0,,1.0,CW,,10,DDoS-LOIC-HTTP,0.5,99
LR,CW_c0.5_it10,504,496,0.4133064516129032,0.4226190476190476,CW,,10,DDoS-LOIC-UDP,0.5,99
LR,CW_c0.5_it10,38,0,,1.0,CW,,10,DDoS-LOIC-UDP - Attempted,0.5,99
LR,CW_c0.5_it10,4580,4580,0.0017467248908296,0.0017467248908296,CW,,10,DoS GoldenEye,0.5,99
LR,CW_c0.5_it10,824,824,0.0133495145631067,0.0133495145631067,CW,,10,DoS GoldenEye - Attempted,0.5,99
LR,CW_c0.5_it10,5995,5995,0.0018348623853211,0.0018348623853211,CW,,10,DoS Hulk,0.5,99
LR,CW_c0.5_it10,15,15,0.0,0.0,CW,,10,DoS Hulk - Attempted,0.5,99
LR,CW_c0.5_it10,1747,1691,0.959787108219988,0.9610761305094448,CW,,10,DoS Slowloris,0.5,99
LR,CW_c0.5_it10,466,450,0.0422222222222222,0.075107296137339,CW,,10,DoS Slowloris - Attempted,0.5,99
LR,CW_c0.5_it10,5932,5932,0.0,0.0,CW,,10,FTP-BruteForce - Attempted,0.5,99
LR,CW_c0.5_it10,40,40,0.775,0.775,CW,,10,Infiltration - Communication Victim Attacker,0.5,99
LR,CW_c0.5_it10,25,0,,0.24,CW,,10,Infiltration - Dropbox Download,0.5,99
LR,CW_c0.5_it10,4,0,,0.0,CW,,10,Infiltration - Dropbox Download - Attempted,0.5,99
LR,CW_c0.5_it10,5946,5341,0.3699681707545403,0.4330642448705011,CW,,10,Infiltration - NMAP Portscan,0.5,99
LR,CW_c0.5_it10,5989,5989,1.0,1.0,CW,,10,SSH-BruteForce,0.5,99
LR,CW_c0.5_it10,36,0,,0.9722222222222222,CW,,10,Web Attack - Brute Force,0.5,99
LR,CW_c0.5_it10,28,0,,0.9642857142857144,CW,,10,Web Attack - Brute Force - Attempted,0.5,99
LR,CW_c0.5_it10,3,2,1.0,0.6666666666666666,CW,,10,Web Attack - SQL,0.5,99
LR,CW_c0.5_it10,4,2,0.5,0.5,CW,,10,Web Attack - SQL - Attempted,0.5,99
LR,CW_c0.5_it10,19,0,,1.0,CW,,10,Web Attack - XSS,0.5,99
SVM,CW_c0.5_it10,60000,0,,,CW,,10,Benign,0.5,99
SVM,CW_c0.5_it10,6031,6031,0.0034820096169789,0.0034820096169789,CW,,10,Botnet Ares,0.5,99
SVM,CW_c0.5_it10,69,69,0.0,0.0,CW,,10,Botnet Ares - Attempted,0.5,99
SVM,CW_c0.5_it10,6039,6039,0.0,0.0,CW,,10,DDoS-HOIC,0.5,99
SVM,CW_c0.5_it10,5969,0,,1.0,CW,,10,DDoS-LOIC-HTTP,0.5,99
SVM,CW_c0.5_it10,504,497,0.0221327967806841,0.0357142857142857,CW,,10,DDoS-LOIC-UDP,0.5,99
SVM,CW_c0.5_it10,38,0,,0.9736842105263158,CW,,10,DDoS-LOIC-UDP - Attempted,0.5,99
SVM,CW_c0.5_it10,4580,4580,0.0,0.0,CW,,10,DoS GoldenEye,0.5,99
SVM,CW_c0.5_it10,824,824,0.0,0.0,CW,,10,DoS GoldenEye - Attempted,0.5,99
SVM,CW_c0.5_it10,5995,5995,0.0,0.0,CW,,10,DoS Hulk,0.5,99
SVM,CW_c0.5_it10,15,15,0.0,0.0,CW,,10,DoS Hulk - Attempted,0.5,99
SVM,CW_c0.5_it10,1747,1667,0.0,0.0457927876359473,CW,,10,DoS Slowloris,0.5,99
SVM,CW_c0.5_it10,466,450,0.0,0.0343347639484978,CW,,10,DoS Slowloris - Attempted,0.5,99
SVM,CW_c0.5_it10,5932,5932,0.0,0.0,CW,,10,FTP-BruteForce - Attempted,0.5,99
SVM,CW_c0.5_it10,40,40,0.0,0.0,CW,,10,Infiltration - Communication Victim Attacker,0.5,99
SVM,CW_c0.5_it10,25,0,,0.4,CW,,10,Infiltration - Dropbox Download,0.5,99
SVM,CW_c0.5_it10,4,0,,0.5,CW,,10,Infiltration - Dropbox Download - Attempted,0.5,99
SVM,CW_c0.5_it10,5946,4787,0.2241487361604345,0.3730238816010763,CW,,10,Infiltration - NMAP Portscan,0.5,99
SVM,CW_c0.5_it10,5989,5989,0.0,0.0,CW,,10,SSH-BruteForce,0.5,99
SVM,CW_c0.5_it10,36,0,,0.9722222222222222,CW,,10,Web Attack - Brute Force,0.5,99
SVM,CW_c0.5_it10,28,0,,1.0,CW,,10,Web Attack - Brute Force - Attempted,0.5,99
SVM,CW_c0.5_it10,3,0,,1.0,CW,,10,Web Attack - SQL,0.5,99
SVM,CW_c0.5_it10,4,0,,0.75,CW,,10,Web Attack - SQL - Attempted,0.5,99
SVM,CW_c0.5_it10,19,0,,1.0,CW,,10,Web Attack - XSS,0.5,99
RF,CW_c0.5_it10,60000,0,,,CW,,10,Benign,0.5,99
RF,CW_c0.5_it10,6031,6031,0.9971812303100648,0.9971812303100648,CW,,10,Botnet Ares,0.5,99
RF,CW_c0.5_it10,69,69,0.6521739130434783,0.6521739130434783,CW,,10,Botnet Ares - Attempted,0.5,99
RF,CW_c0.5_it10,6039,6039,1.0,1.0,CW,,10,DDoS-HOIC,0.5,99
RF,CW_c0.5_it10,5969,5969,1.0,1.0,CW,,10,DDoS-LOIC-HTTP,0.5,99
RF,CW_c0.5_it10,504,504,0.9722222222222222,0.9722222222222222,CW,,10,DDoS-LOIC-UDP,0.5,99
RF,CW_c0.5_it10,38,38,1.0,1.0,CW,,10,DDoS-LOIC-UDP - Attempted,0.5,99
RF,CW_c0.5_it10,4580,4580,0.9997816593886464,0.9997816593886464,CW,,10,DoS GoldenEye,0.5,99
RF,CW_c0.5_it10,824,824,1.0,1.0,CW,,10,DoS GoldenEye - Attempted,0.5,99
RF,CW_c0.5_it10,5995,5995,1.0,1.0,CW,,10,DoS Hulk,0.5,99
RF,CW_c0.5_it10,15,15,0.8666666666666667,0.8666666666666667,CW,,10,DoS Hulk - Attempted,0.5,99
RF,CW_c0.5_it10,1747,1747,0.6725815684029766,0.6725815684029766,CW,,10,DoS Slowloris,0.5,99
RF,CW_c0.5_it10,466,466,1.0,1.0,CW,,10,DoS Slowloris - Attempted,0.5,99
RF,CW_c0.5_it10,5932,5932,0.5473701955495617,0.5473701955495617,CW,,10,FTP-BruteForce - Attempted,0.5,99
RF,CW_c0.5_it10,40,40,0.975,0.975,CW,,10,Infiltration - Communication Victim Attacker,0.5,99
RF,CW_c0.5_it10,25,14,1.0,1.0,CW,,10,Infiltration - Dropbox Download,0.5,99
RF,CW_c0.5_it10,4,0,,1.0,CW,,10,Infiltration - Dropbox Download - Attempted,0.5,99
RF,CW_c0.5_it10,5946,5942,0.7618646920228879,0.762024890682812,CW,,10,Infiltration - NMAP Portscan,0.5,99
RF,CW_c0.5_it10,5989,5989,1.0,1.0,CW,,10,SSH-BruteForce,0.5,99
RF,CW_c0.5_it10,36,35,0.9714285714285714,0.9722222222222222,CW,,10,Web Attack - Brute Force,0.5,99
RF,CW_c0.5_it10,28,28,1.0,1.0,CW,,10,Web Attack - Brute Force - Attempted,0.5,99
RF,CW_c0.5_it10,3,3,1.0,1.0,CW,,10,Web Attack - SQL,0.5,99
RF,CW_c0.5_it10,4,4,1.0,1.0,CW,,10,Web Attack - SQL - Attempted,0.5,99
RF,CW_c0.5_it10,19,19,0.9473684210526316,0.9473684210526316,CW,,10,Web Attack - XSS,0.5,99
MLP,CW_c0.5_it10,60000,0,,,CW,,10,Benign,0.5,99
MLP,CW_c0.5_it10,6031,6031,0.9975128502735864,0.9975128502735864,CW,,10,Botnet Ares,0.5,99
MLP,CW_c0.5_it10,69,69,1.0,1.0,CW,,10,Botnet Ares - Attempted,0.5,99
MLP,CW_c0.5_it10,6039,6039,1.0,1.0,CW,,10,DDoS-HOIC,0.5,99
MLP,CW_c0.5_it10,5969,5969,1.0,1.0,CW,,10,DDoS-LOIC-HTTP,0.5,99
MLP,CW_c0.5_it10,504,504,0.9722222222222222,0.9722222222222222,CW,,10,DDoS-LOIC-UDP,0.5,99
MLP,CW_c0.5_it10,38,37,1.0,0.9736842105263158,CW,,10,DDoS-LOIC-UDP - Attempted,0.5,99
MLP,CW_c0.5_it10,4580,4579,1.0,0.9997816593886464,CW,,10,DoS GoldenEye,0.5,99
MLP,CW_c0.5_it10,824,824,1.0,1.0,CW,,10,DoS GoldenEye - Attempted,0.5,99
MLP,CW_c0.5_it10,5995,5995,1.0,1.0,CW,,10,DoS Hulk,0.5,99
MLP,CW_c0.5_it10,15,15,1.0,1.0,CW,,10,DoS Hulk - Attempted,0.5,99
MLP,CW_c0.5_it10,1747,1747,1.0,1.0,CW,,10,DoS Slowloris,0.5,99
MLP,CW_c0.5_it10,466,466,1.0,1.0,CW,,10,DoS Slowloris - Attempted,0.5,99
MLP,CW_c0.5_it10,5932,5932,1.0,1.0,CW,,10,FTP-BruteForce - Attempted,0.5,99
MLP,CW_c0.5_it10,40,40,1.0,1.0,CW,,10,Infiltration - Communication Victim Attacker,0.5,99
MLP,CW_c0.5_it10,25,5,1.0,0.2,CW,,10,Infiltration - Dropbox Download,0.5,99
MLP,CW_c0.5_it10,4,0,,0.0,CW,,10,Infiltration - Dropbox Download - Attempted,0.5,99
MLP,CW_c0.5_it10,5946,5831,0.9969130509346597,0.9776320215270772,CW,,10,Infiltration - NMAP Portscan,0.5,99
MLP,CW_c0.5_it10,5989,5989,1.0,1.0,CW,,10,SSH-BruteForce,0.5,99
MLP,CW_c0.5_it10,36,34,1.0,0.9444444444444444,CW,,10,Web Attack - Brute Force,0.5,99
MLP,CW_c0.5_it10,28,27,1.0,0.9642857142857144,CW,,10,Web Attack - Brute Force - Attempted,0.5,99
MLP,CW_c0.5_it10,3,2,1.0,0.6666666666666666,CW,,10,Web Attack - SQL,0.5,99
MLP,CW_c0.5_it10,4,1,1.0,0.25,CW,,10,Web Attack - SQL - Attempted,0.5,99
MLP,CW_c0.5_it10,19,19,1.0,1.0,CW,,10,Web Attack - XSS,0.5,99
