accuracy,precision,recall,f1,fpr,fnr,model,config,attack,asr,best_params,family,epsilon,iters,confidence,n_samples,n_eligible,mean_l2,median_queries_success,query_budget_exhausted,numerical_stagnation,elapsed_s,seed
0.9323137176686036,0.9546197440196972,0.8940818639047373,0.9233596123840028,0.0356333333333333,0.1059181360952627,LR,tuned,clean,0.0,"{'class_weight': 'balanced', 'C': 100.0}",,,,,,,,,,,,42
0.5746987842579078,0.5376150859678314,0.4817406516509949,0.5081465327433999,0.3473666666666666,0.518259348349005,LR,tuned,FGSM_eps0.15,0.3593918569757849,"{'class_weight': 'balanced', 'C': 100.0}",FGSM,0.15,1.0,,,,,,,,,42
0.2053978586257853,0.0424202323187766,0.0344114665129316,0.0379984414273013,0.65125,0.9655885334870684,LR,tuned,FGSM_eps0.3,0.7289466288314914,"{'class_weight': 'balanced', 'C': 100.0}",FGSM,0.3,1.0,,,,,,,,,42
0.0445590781755709,0.021124923932887,0.0241536290082102,0.0225379806711309,0.9383333333333334,0.9758463709917896,LR,tuned,FGSM_eps0.5,0.8900120576956202,"{'class_weight': 'balanced', 'C': 100.0}",FGSM,0.5,1.0,,,,,,,,,42
0.0393642965286528,0.014768447482215,0.0168379619505794,0.0157354512098834,0.94175,0.9831620380494204,LR,tuned,FGSM_eps0.75,0.8953337624543304,"{'class_weight': 'balanced', 'C': 100.0}",FGSM,0.75,1.0,,,,,,,,,42
0.6631097975576367,0.6136721385203509,0.7052660875096912,0.6562887322640916,0.3722333333333333,0.2947339124903087,LR,tuned,PGD_eps0.15_it10,0.2698929312892668,"{'class_weight': 'balanced', 'C': 100.0}",PGD,0.15,10.0,,,,,,,,,42
0.5813531816904345,0.542365918287698,0.5248991113850069,0.5334895843856707,0.3713166666666667,0.4751008886149931,LR,tuned,PGD_eps0.15_it25,0.3516586130930256,"{'class_weight': 'balanced', 'C': 100.0}",PGD,0.15,25.0,,,,,,,,,42
0.2778165598397142,0.090640339134315,0.0646084726557064,0.0754419155282675,0.5434333333333333,0.9353915273442936,LR,tuned,PGD_eps0.3_it10,0.6556122680253483,"{'class_weight': 'balanced', 'C': 100.0}",PGD,0.3,10.0,,,,,,,,,42
0.3237989900546676,0.205133809315654,0.1679223903146929,0.1846722270198183,0.5455166666666666,0.8320776096853071,LR,tuned,PGD_eps0.3_it25,0.6093125300309148,"{'class_weight': 'balanced', 'C': 100.0}",PGD,0.3,25.0,,,,,,,,,42
0.1620989456315784,0.0283525933888739,0.0251674850406536,0.0266652624927597,0.7231,0.9748325149593464,LR,tuned,PGD_eps0.5_it10,0.7711213656926829,"{'class_weight': 'balanced', 'C': 100.0}",PGD,0.5,10.0,,,,,,,,,42
0.1825516985032138,0.0301494507566828,0.0254259189312764,0.0275869506605554,0.6857166666666666,0.9745740810687236,LR,tuned,PGD_eps0.5_it25,0.7506504809479343,"{'class_weight': 'balanced', 'C': 100.0}",PGD,0.5,25.0,,,,,,,,,42
0.1386181699500467,0.0216544699790302,0.0201180844084845,0.0208580232282531,0.7620333333333333,0.9798819155915154,LR,tuned,PGD_eps0.75_it10,0.7947290644860068,"{'class_weight': 'balanced', 'C': 100.0}",PGD,0.75,10.0,,,,,,,,,42
0.1380288840738692,0.0204562493306201,0.0189849511957537,0.0196931579164432,0.7621666666666667,0.9810150488042464,LR,tuned,PGD_eps0.75_it25,0.795427141600863,"{'class_weight': 'balanced', 'C': 100.0}",PGD,0.75,25.0,,,,,,,,,42
0.6598460603972693,0.5974744932973418,0.778820348686957,0.6762000103560765,0.4399,0.2211796513130429,LR,tuned,CW_c0.0_it10,0.2727487013045883,"{'class_weight': 'balanced', 'C': 100.0}",CW,,10.0,0.0,,,,,,,,42
0.6521309483876232,0.5918807367707756,0.7640100988012644,0.667019568707424,0.4416666666666666,0.2359899011987356,LR,tuned,CW_c0.5_it10,0.2804366155045647,"{'class_weight': 'balanced', 'C': 100.0}",CW,,10.0,0.5,,,,,,,,42
0.07,0.109090909090909,0.12,0.1142857142857142,0.98,0.88,LR,tuned,HopSkipJump_direct,1.0,"{'class_weight': 'balanced', 'C': 100.0}",,,,,100.0,93.0,0.2903904020786285,556.0,0.0,0.0,0.7627804279327393,42
0.9258497049037652,0.963043573846898,0.870822813748683,0.9146144129284156,0.0280166666666666,0.129177186251317,LR,as_submitted,clean,0.0,{'max_iter': 500},,,,,,,,,,,,42
0.5864845017814565,0.5518789675079073,0.4960141542253941,0.5224574407940197,0.3376666666666666,0.5039858457746059,LR,as_submitted,FGSM_eps0.15,0.3411149288777277,{'max_iter': 500},FGSM,0.15,1.0,,,,,,,,,42
0.3394921262341006,0.0689246530830689,0.0358427926763811,0.0471606811226491,0.4059333333333333,0.9641572073236188,LR,as_submitted,FGSM_eps0.3,0.5883883484583375,{'max_iter': 500},FGSM,0.3,1.0,,,,,,,,,42
0.0950382129225859,0.026252846290733,0.027274715225732,0.0267540267540267,0.84815,0.972725284774268,LR,as_submitted,FGSM_eps0.5,0.8328785255160784,{'max_iter': 500},FGSM,0.5,1.0,,,,,,,,,42
0.0418120993989284,0.0180634832242795,0.0206349521897302,0.0192637820483079,0.9404333333333332,0.9793650478102698,LR,as_submitted,FGSM_eps0.75,0.8863675511998768,{'max_iter': 500},FGSM,0.75,1.0,,,,,,,,,42
0.6736262839632648,0.6230238599026338,0.7199769397451444,0.6680008115535717,0.3652333333333333,0.2800230602548555,LR,as_submitted,PGD_eps0.15_it10,0.2528943002456869,{'max_iter': 500},PGD,0.15,10.0,,,,,,,,,42
0.6206268188535217,0.5812657352065036,0.6012563862990279,0.5910920888055035,0.3631333333333333,0.3987436137009721,LR,as_submitted,PGD_eps0.15_it25,0.3059028312919866,{'max_iter': 500},PGD,0.15,25.0,,,,,,,,,42
0.4017116488218815,0.2963184131270121,0.226885076436793,0.2569945619743523,0.4517166666666666,0.773114923563207,LR,as_submitted,PGD_eps0.3_it10,0.5252441003417858,{'max_iter': 500},PGD,0.3,10.0,,,,,,,,,42
0.3600627362809715,0.2609033900702532,0.2200067590402163,0.238716148445336,0.5225166666666666,0.7799932409597837,LR,as_submitted,PGD_eps0.3_it25,0.5665666391666591,{'max_iter': 500},PGD,0.3,25.0,,,,,,,,,42
0.1958242296220411,0.0381506783411911,0.0315289346559847,0.0345251700680272,0.6664333333333333,0.9684710653440152,LR,as_submitted,PGD_eps0.5_it10,0.7308958051911553,{'max_iter': 500},PGD,0.5,10.0,,,,,,,,,42
0.2315258877818373,0.0538091045626391,0.0413096634395562,0.0467381158556471,0.609,0.9586903365604436,LR,as_submitted,PGD_eps0.5_it25,0.6952122789044722,{'max_iter': 500},PGD,0.5,25.0,,,,,,,,,42
0.1539486686672166,0.0226793600071011,0.0203168797089636,0.0214332151919971,0.7340166666666667,0.9796831202910364,LR,as_submitted,PGD_eps0.75_it10,0.7728620255115455,{'max_iter': 500},PGD,0.75,10.0,,,,,,,,,42
0.153150866250238,0.0221271312329556,0.0198397709878138,0.0209211160723644,0.7350833333333333,0.980160229012186,LR,as_submitted,PGD_eps0.75_it25,0.7737686191672031,{'max_iter': 500},PGD,0.75,25.0,,,,,,,,,42
0.7041512923492561,0.6445800877135563,0.7830348090571139,0.7070935544964142,0.3619833333333333,0.2169651909428861,LR,as_submitted,CW_c0.0_it10,0.2219794565877628,{'max_iter': 500},CW,,10.0,0.0,,,,,,,,42
0.6920029373634443,0.6332278171197337,0.7714848020992784,0.6955524290028587,0.3746333333333333,0.2285151979007216,LR,as_submitted,CW_c0.5_it10,0.234118745637018,{'max_iter': 500},CW,,10.0,0.5,,,,,,,,42
0.07,0.109090909090909,0.12,0.1142857142857142,0.98,0.88,LR,as_submitted,HopSkipJump_direct,1.0,{'max_iter': 500},,,,,100.0,93.0,0.3131383657455444,556.0,0.0,0.0,0.7826745510101318,42
0.9262304742391412,0.9672650709219858,0.8676023298809216,0.914727057418023,0.0246166666666666,0.1323976701190783,SVM,tuned,clean,0.0,"{'class_weight': 'balanced', 'C': 1.0}",,,,,,,,,,,,42
0.4462616610608959,0.3510532426604744,0.2524501520784049,0.2936965898446986,0.39125,0.7475498479215952,SVM,tuned,FGSM_eps0.15,0.4807303518489977,"{'class_weight': 'balanced', 'C': 1.0}",FGSM,0.15,1.0,,,,,,,,,42
0.1588624062808808,0.0290484954653302,0.0260421843627616,0.0274633123689727,0.7297833333333333,0.9739578156372384,SVM,tuned,FGSM_eps0.3,0.7681930681849088,"{'class_weight': 'balanced', 'C': 1.0}",FGSM,0.3,1.0,,,,,,,,,42
0.0181318731131519,0.0187520743445071,0.0224638689541379,0.0204408346372656,0.9855,0.977536131045862,SVM,tuned,FGSM_eps0.5,0.9095763487847112,"{'class_weight': 'balanced', 'C': 1.0}",FGSM,0.5,1.0,,,,,,,,,42
0.0115500031730777,0.0136321473530775,0.0163608532294296,0.0148723740682177,0.9924833333333334,0.9836391467705704,SVM,tuned,FGSM_eps0.75,0.9161763505978984,"{'class_weight': 'balanced', 'C': 1.0}",FGSM,0.75,1.0,,,,,,,,,42
0.4810839233747042,0.4134444971418586,0.3292646561835278,0.3665840378911956,0.3916333333333333,0.6707353438164722,SVM,tuned,PGD_eps0.15_it10,0.4459352873448591,"{'class_weight': 'balanced', 'C': 1.0}",PGD,0.15,10.0,,,,,,,,,42
0.5237482208099508,0.4750832793042545,0.4224400135180804,0.4472177792743497,0.3913166666666666,0.5775599864819195,SVM,tuned,PGD_eps0.15_it25,0.4032709899096126,"{'class_weight': 'balanced', 'C': 1.0}",PGD,0.15,25.0,,,,,,,,,42
0.1138862950237074,0.0300935097868293,0.0301970061427747,0.0301451691324581,0.81595,0.9698029938572252,SVM,tuned,PGD_eps0.3_it10,0.8135408828409019,"{'class_weight': 'balanced', 'C': 1.0}",PGD,0.3,10.0,,,,,,,,,42
0.1941198335494048,0.0342763348459978,0.0282289326680317,0.0309600898278662,0.6668,0.9717710673319684,SVM,tuned,PGD_eps0.3_it25,0.7333073443152045,"{'class_weight': 'balanced', 'C': 1.0}",PGD,0.3,25.0,,,,,,,,,42
0.0224200611044123,0.0203125260577356,0.0242132675983539,0.0220920319953566,0.9790833333333332,0.975786732401646,SVM,tuned,PGD_eps0.5_it10,0.905088710189206,"{'class_weight': 'balanced', 'C': 1.0}",PGD,0.5,10.0,,,,,,,,,42
0.0200266538534763,0.0206055578598092,0.0246903763195038,0.0224637812223046,0.9838833333333332,0.9753096236804962,SVM,tuned,PGD_eps0.5_it25,0.9076815680443868,"{'class_weight': 'balanced', 'C': 1.0}",PGD,0.5,25.0,,,,,,,,,42
0.0172071475843812,0.0172327838340866,0.0206150726596823,0.0187727984503842,0.98565,0.9793849273403176,SVM,tuned,PGD_eps0.75_it10,0.9105373380597084,"{'class_weight': 'balanced', 'C': 1.0}",PGD,0.75,10.0,,,,,,,,,42
0.0166631913909866,0.0168305974612879,0.0201379639385324,0.0183363350861156,0.98625,0.9798620360614676,SVM,tuned,PGD_eps0.75_it25,0.9111266239358856,"{'class_weight': 'balanced', 'C': 1.0}",PGD,0.75,25.0,,,,,,,,,42
0.4905487611397695,0.4657718900703039,0.7968113233803152,0.5878936329368281,0.7662166666666667,0.2031886766196847,SVM,tuned,CW_c0.0_it10,0.4361712736734268,"{'class_weight': 'balanced', 'C': 1.0}",CW,,10.0,0.0,,,,,,,,42
0.4869586502633654,0.4635007256894049,0.793570959982506,0.5852024511097429,0.7701,0.206429040017494,SVM,tuned,CW_c0.5_it10,0.4398067142326138,"{'class_weight': 'balanced', 'C': 1.0}",CW,,10.0,0.5,,,,,,,,42
0.06,0.1071428571428571,0.12,0.1132075471698113,1.0,0.88,SVM,tuned,HopSkipJump_direct,1.0,"{'class_weight': 'balanced', 'C': 1.0}",,,,,100.0,94.0,0.2553918957710266,557.0,0.0,0.0,0.7489621639251709,42
0.9230845942540096,0.9679310730670247,0.8598294336321889,0.9106834547521792,0.0238833333333333,0.140170566367811,SVM,as_submitted,clean,0.0,{'max_iter': 500},,,,,,,,,,,,42
0.4214209948958777,0.3190629183400267,0.2369043595809395,0.2719131119299967,0.4238833333333333,0.7630956404190605,SVM,as_submitted,FGSM_eps0.15,0.5024432699019973,{'max_iter': 500},FGSM,0.15,1.0,,,,,,,,,42
0.0446769353508064,0.0220937901350272,0.025306641750989,0.0235913306956014,0.9390833333333334,0.974693358249011,SVM,as_submitted,FGSM_eps0.3,0.8792235931932948,{'max_iter': 500},FGSM,0.3,1.0,,,,,,,,,42
0.0161645648803749,0.0182705833678113,0.0219470011728922,0.0199407557257423,0.9886833333333334,0.9780529988271076,SVM,as_submitted,FGSM_eps0.5,0.9083977770323564,{'max_iter': 500},FGSM,0.5,1.0,,,,,,,,,42
0.0106978051367596,0.0129020504157143,0.0154861539073216,0.0140764900931505,0.9933166666666666,0.9845138460926784,SVM,as_submitted,FGSM_eps0.75,0.9139279983318676,{'max_iter': 500},FGSM,0.75,1.0,,,,,,,,,42
0.415664125182452,0.2864,0.188597101564519,0.2274296399290406,0.3939666666666667,0.811402898435481,SVM,as_submitted,PGD_eps0.15_it10,0.5082092055519796,{'max_iter': 500},PGD,0.15,10.0,,,,,,,,,42
0.4263709962557682,0.3125505838825297,0.2149573584080472,0.2547262040777865,0.3963833333333333,0.7850426415919528,SVM,as_submitted,PGD_eps0.15_it25,0.4975114004152199,{'max_iter': 500},PGD,0.15,25.0,,,,,,,,,42
0.108591788074667,0.0262420583244544,0.0264397749637198,0.0263405456255879,0.8225333333333333,0.97356022503628,SVM,as_submitted,PGD_eps0.3_it10,0.8156804438682538,{'max_iter': 500},PGD,0.3,10.0,,,,,,,,,42
0.1122090967607408,0.0263937784672912,0.0263801363735761,0.0263869556571883,0.8158333333333333,0.9736198636264238,SVM,as_submitted,PGD_eps0.3_it25,0.8120722011187366,{'max_iter': 500},PGD,0.3,25.0,,,,,,,,,42
0.0174972575541916,0.0182991572101665,0.0219271216428443,0.0199495383391059,0.9862166666666666,0.9780728783571556,SVM,as_submitted,PGD_eps0.5_it10,0.9070650843585396,{'max_iter': 500},PGD,0.5,10.0,,,,,,,,,42
0.0167901145027787,0.0182276131769072,0.0218674830527006,0.0198823327398758,0.9874666666666668,0.9781325169472994,SVM,as_submitted,PGD_eps0.5_it25,0.9077903592830656,{'max_iter': 500},PGD,0.5,25.0,,,,,,,,,42
0.0151310481129253,0.0146444559085387,0.0174939864421605,0.0159428954472163,0.98685,0.9825060135578396,SVM,as_submitted,PGD_eps0.75_it10,0.9094675575460324,{'max_iter': 500},PGD,0.75,10.0,,,,,,,,,42
0.0148137403334451,0.0139730864033042,0.0166789257101962,0.0152065756205424,0.98675,0.9833210742898038,SVM,as_submitted,PGD_eps0.75_it25,0.9098211290717388,{'max_iter': 500},PGD,0.75,25.0,,,,,,,,,42
0.482969638178472,0.4609018098968928,0.7882233663996183,0.5816768136140248,0.77295,0.2117766336003816,SVM,as_submitted,CW_c0.0_it10,0.4405863847764793,{'max_iter': 500},CW,,10.0,0.0,,,,,,,,42
0.4807938134048938,0.4596849792262201,0.789614933502972,0.5810840465218345,0.7781166666666667,0.210385066497028,SVM,as_submitted,CW_c0.5_it10,0.4427984732962838,{'max_iter': 500},CW,,10.0,0.5,,,,,,,,42
0.06,0.1071428571428571,0.12,0.1132075471698113,1.0,0.88,SVM,as_submitted,HopSkipJump_direct,1.0,{'max_iter': 500},,,,,100.0,94.0,0.2334585636854171,557.0,0.0,0.0,0.7569012641906738,42
0.999764285649529,0.9998608100853036,0.9996222889290896,0.9997415352804342,0.0001166666666666,0.0003777110709102,RF,tuned,clean,0.0,"{'n_estimators': 50, 'min_samples_leaf': 1, 'max_features': 'log2', 'max_depth': None}",,,,,,,,,,,,42
0.5433759734549377,0.4215686274509804,0.0034192791682404,0.0067835380883831,0.0039333333333333,0.9965807208317596,RF,tuned,FGSM_eps0.15,0.4564427078139307,"{'n_estimators': 50, 'min_samples_leaf': 1, 'max_features': 'log2', 'max_depth': None}",FGSM,0.15,1.0,,,,,,,,,42
0.5307652557047405,0.0924369747899159,0.003280122457905,0.0063354323452618,0.027,0.9967198775420948,RF,tuned,FGSM_eps0.3,0.4690624915006844,"{'n_estimators': 50, 'min_samples_leaf': 1, 'max_features': 'log2', 'max_depth': None}",FGSM,0.3,1.0,,,,,,,,,42
0.538752345811084,0.167824074074074,0.0028825318569469,0.0056677155197686,0.0119833333333333,0.9971174681430532,RF,tuned,FGSM_eps0.5,0.4610844673308976,"{'n_estimators': 50, 'min_samples_leaf': 1, 'max_features': 'log2', 'max_depth': None}",FGSM,0.5,1.0,,,,,,,,,42
0.5421339401466868,0.2635294117647059,0.0022265073653658,0.0044157073016874,0.0052166666666666,0.997773492634634,RF,tuned,FGSM_eps0.75,0.4576756751856251,"{'n_estimators': 50, 'min_samples_leaf': 1, 'max_features': 'log2', 'max_depth': None}",FGSM,0.75,1.0,,,,,,,,,42
0.5448174573674334,0.640117994100295,0.0043138580203963,0.0085699616918763,0.0020333333333333,0.9956861419796036,RF,tuned,PGD_eps0.15_it10,0.4550012239014351,"{'n_estimators': 50, 'min_samples_leaf': 1, 'max_features': 'log2', 'max_depth': None}",PGD,0.15,10.0,,,,,,,,,42
0.5448355892405465,0.6750902527075813,0.0037174721189591,0.0073942269671807,0.0015,0.9962825278810408,RF,tuned,PGD_eps0.15_it25,0.454983092028322,"{'n_estimators': 50, 'min_samples_leaf': 1, 'max_features': 'log2', 'max_depth': None}",PGD,0.15,25.0,,,,,,,,,42
0.5191517909757668,0.4078539673986259,0.120370554440093,0.1858815944987643,0.1465166666666666,0.879629445559907,RF,tuned,PGD_eps0.3_it10,0.4806850221662149,"{'n_estimators': 50, 'min_samples_leaf': 1, 'max_features': 'log2', 'max_depth': None}",PGD,0.3,10.0,,,,,,,,,42
0.4347479216340444,0.0125445127873098,0.0030813271574259,0.0049474137793453,0.20335,0.996918672842574,RF,tuned,PGD_eps0.3_it25,0.5650888915079372,"{'n_estimators': 50, 'min_samples_leaf': 1, 'max_features': 'log2', 'max_depth': None}",PGD,0.3,25.0,,,,,,,,,42
0.6439897373598179,0.835420719844358,0.2731646223883267,0.4117091878773352,0.0451166666666666,0.7268353776116733,RF,tuned,PGD_eps0.5_it10,0.3558470757821637,"{'n_estimators': 50, 'min_samples_leaf': 1, 'max_features': 'log2', 'max_depth': None}",PGD,0.5,10.0,,,,,,,,,42
0.5072028865941997,0.0405711695376246,0.0035584358785758,0.0065429955222516,0.07055,0.9964415641214242,RF,tuned,PGD_eps0.5_it25,0.4926248606112254,"{'n_estimators': 50, 'min_samples_leaf': 1, 'max_features': 'log2', 'max_depth': None}",PGD,0.5,25.0,,,,,,,,,42
0.5645086715683164,0.7298722368687893,0.0715464286424269,0.1303182822174747,0.0222,0.9284535713575732,RF,tuned,PGD_eps0.75_it10,0.4353190756371087,"{'n_estimators': 50, 'min_samples_leaf': 1, 'max_features': 'log2', 'max_depth': None}",PGD,0.75,10.0,,,,,,,,,42
0.5501754258723698,0.6165873555404486,0.0360614675069081,0.0681378533195605,0.0188,0.963938532493092,RF,tuned,PGD_eps0.75_it25,0.4496432553964987,"{'n_estimators': 50, 'min_samples_leaf': 1, 'max_features': 'log2', 'max_depth': None}",PGD,0.75,25.0,,,,,,,,,42
0.5821600500439698,0.9198884017536868,0.091763910701151,0.1668805697655501,0.0067,0.908236089298849,RF,tuned,CW_c0.0_it10,0.4176767630980118,"{'n_estimators': 50, 'min_samples_leaf': 1, 'max_features': 'log2', 'max_depth': None}",CW,,10.0,0.0,,,,,,,,42
0.5788872469470459,0.9729928799410754,0.078782577579866,0.1457628365455348,0.0018333333333333,0.921217422420134,RF,tuned,CW_c0.5_it10,0.4209314343218226,"{'n_estimators': 50, 'min_samples_leaf': 1, 'max_features': 'log2', 'max_depth': None}",CW,,10.0,0.5,,,,,,,,42
0.1,0.0,0.0,0.0,0.8,1.0,RF,tuned,HopSkipJump_direct,0.9,"{'n_estimators': 50, 'min_samples_leaf': 1, 'max_features': 'log2', 'max_depth': None}",,,,,100.0,100.0,1.3612394332885742,565.0,0.0,0.0,23.174971342086792,42
0.999764285649529,0.9998608100853036,0.9996222889290896,0.9997415352804342,0.0001166666666666,0.0003777110709102,RF,as_submitted,clean,0.0,{'n_estimators': 50},,,,,,,,,,,,42
0.5433759734549377,0.4215686274509804,0.0034192791682404,0.0067835380883831,0.0039333333333333,0.9965807208317596,RF,as_submitted,FGSM_eps0.15,0.4564427078139307,{'n_estimators': 50},FGSM,0.15,1.0,,,,,,,,,42
0.5307652557047405,0.0924369747899159,0.003280122457905,0.0063354323452618,0.027,0.9967198775420948,RF,as_submitted,FGSM_eps0.3,0.4690624915006844,{'n_estimators': 50},FGSM,0.3,1.0,,,,,,,,,42
0.538752345811084,0.167824074074074,0.0028825318569469,0.0056677155197686,0.0119833333333333,0.9971174681430532,RF,as_submitted,FGSM_eps0.5,0.4610844673308976,{'n_estimators': 50},FGSM,0.5,1.0,,,,,,,,,42
0.5421339401466868,0.2635294117647059,0.0022265073653658,0.0044157073016874,0.0052166666666666,0.997773492634634,RF,as_submitted,FGSM_eps0.75,0.4576756751856251,{'n_estimators': 50},FGSM,0.75,1.0,,,,,,,,,42
0.5448174573674334,0.640117994100295,0.0043138580203963,0.0085699616918763,0.0020333333333333,0.9956861419796036,RF,as_submitted,PGD_eps0.15_it10,0.4550012239014351,{'n_estimators': 50},PGD,0.15,10.0,,,,,,,,,42
0.5448355892405465,0.6750902527075813,0.0037174721189591,0.0073942269671807,0.0015,0.9962825278810408,RF,as_submitted,PGD_eps0.15_it25,0.454983092028322,{'n_estimators': 50},PGD,0.15,25.0,,,,,,,,,42
0.5191517909757668,0.4078539673986259,0.120370554440093,0.1858815944987643,0.1465166666666666,0.879629445559907,RF,as_submitted,PGD_eps0.3_it10,0.4806850221662149,{'n_estimators': 50},PGD,0.3,10.0,,,,,,,,,42
0.4347479216340444,0.0125445127873098,0.0030813271574259,0.0049474137793453,0.20335,0.996918672842574,RF,as_submitted,PGD_eps0.3_it25,0.5650888915079372,{'n_estimators': 50},PGD,0.3,25.0,,,,,,,,,42
0.6439897373598179,0.835420719844358,0.2731646223883267,0.4117091878773352,0.0451166666666666,0.7268353776116733,RF,as_submitted,PGD_eps0.5_it10,0.3558470757821637,{'n_estimators': 50},PGD,0.5,10.0,,,,,,,,,42
0.5072028865941997,0.0405711695376246,0.0035584358785758,0.0065429955222516,0.07055,0.9964415641214242,RF,as_submitted,PGD_eps0.5_it25,0.4926248606112254,{'n_estimators': 50},PGD,0.5,25.0,,,,,,,,,42
0.5645086715683164,0.7298722368687893,0.0715464286424269,0.1303182822174747,0.0222,0.9284535713575732,RF,as_submitted,PGD_eps0.75_it10,0.4353190756371087,{'n_estimators': 50},PGD,0.75,10.0,,,,,,,,,42
0.5501754258723698,0.6165873555404486,0.0360614675069081,0.0681378533195605,0.0188,0.963938532493092,RF,as_submitted,PGD_eps0.75_it25,0.4496432553964987,{'n_estimators': 50},PGD,0.75,25.0,,,,,,,,,42
0.5821600500439698,0.9198884017536868,0.091763910701151,0.1668805697655501,0.0067,0.908236089298849,RF,as_submitted,CW_c0.0_it10,0.4176767630980118,{'n_estimators': 50},CW,,10.0,0.0,,,,,,,,42
0.5788872469470459,0.9729928799410754,0.078782577579866,0.1457628365455348,0.0018333333333333,0.921217422420134,RF,as_submitted,CW_c0.5_it10,0.4209314343218226,{'n_estimators': 50},CW,,10.0,0.5,,,,,,,,42
0.1,0.0,0.0,0.0,0.8,1.0,RF,as_submitted,HopSkipJump_direct,0.9,{'n_estimators': 50},,,,,100.0,100.0,1.3612394332885742,565.0,0.0,0.0,22.91521453857422,42
0.9197664614743026,0.9582974018794914,0.8615589527463571,0.90735700527594,0.0314333333333333,0.1384410472536429,LR,tuned,clean,0.0,"{'class_weight': 'balanced', 'C': 0.01}",,,,,,,,,,,,7
0.8888516178163786,0.9055324592260952,0.8443631592549152,0.8738786931116781,0.07385,0.1556368407450848,LR,tuned,FGSM_eps0.15,0.034015393960273,"{'class_weight': 'balanced', 'C': 0.01}",FGSM,0.15,1.0,,,,,,,,,7
0.8236131383552577,0.8672524227921042,0.7240522434049659,0.7892091007583966,0.0929166666666666,0.275947756595034,LR,tuned,FGSM_eps0.3,0.1008676101284643,"{'class_weight': 'balanced', 'C': 0.01}",FGSM,0.3,1.0,,,,,,,,,7
0.8046925287616837,0.8368312564414878,0.7102160904916208,0.7683423839991398,0.1161,0.2897839095083792,LR,tuned,FGSM_eps0.5,0.1201508571843014,"{'class_weight': 'balanced', 'C': 0.01}",FGSM,0.5,1.0,,,,,,,,,7
0.7047405782254336,0.6785246924764954,0.6699998012046995,0.6742353011783063,0.2661333333333333,0.3300001987953004,LR,tuned,FGSM_eps0.75,0.2206286320408329,"{'class_weight': 'balanced', 'C': 0.01}",FGSM,0.75,1.0,,,,,,,,,7
0.8332411629783415,0.7926518333730763,0.8590541319603204,0.8245182217134135,0.1884,0.1409458680396795,LR,tuned,PGD_eps0.15_it10,0.0871780459280345,"{'class_weight': 'balanced', 'C': 0.01}",PGD,0.15,10.0,,,,,,,,,7
0.8463867709853766,0.8152130775772465,0.8575432876766793,0.8358425855955357,0.1629666666666666,0.1424567123233207,LR,tuned,PGD_eps0.15_it25,0.0773596366372628,"{'class_weight': 'balanced', 'C': 0.01}",PGD,0.15,25.0,,,,,,,,,7
0.7878480186395656,0.7233346616191805,0.8660517265371847,0.7882856393229049,0.2777166666666666,0.1339482734628153,LR,tuned,PGD_eps0.3_it10,0.1360706417776488,"{'class_weight': 'balanced', 'C': 0.01}",PGD,0.3,10.0,,,,,,,,,7
0.8025076380515489,0.7432656055410547,0.8661113651273283,0.8,0.2508166666666667,0.1338886348726716,LR,tuned,PGD_eps0.3_it25,0.1213747586194391,"{'class_weight': 'balanced', 'C': 0.01}",PGD,0.3,25.0,,,,,,,,,7
0.7492905904644479,0.6794719409182396,0.8523149712740791,0.7561418669864729,0.3370833333333333,0.1476850287259209,LR,tuned,PGD_eps0.5_it10,0.1753714767504057,"{'class_weight': 'balanced', 'C': 0.01}",PGD,0.5,10.0,,,,,,,,,7
0.668576557301252,0.6426347901880214,0.6155895274635708,0.6288214927555361,0.287,0.3844104725364292,LR,tuned,PGD_eps0.5_it25,0.2579349609711431,"{'class_weight': 'balanced', 'C': 0.01}",PGD,0.5,25.0,,,,,,,,,7
0.584761973835707,0.5462922966162707,0.5279605590123849,0.5369700155684506,0.3676166666666666,0.4720394409876151,LR,tuned,PGD_eps0.75_it10,0.3392926756298559,"{'class_weight': 'balanced', 'C': 0.01}",PGD,0.75,10.0,,,,,,,,,7
0.5192605822144457,0.4758450679246621,0.5333876707154643,0.5029759394126855,0.4925833333333333,0.4666123292845357,LR,tuned,PGD_eps0.75_it25,0.4053289575079553,"{'class_weight': 'balanced', 'C': 0.01}",PGD,0.75,25.0,,,,,,,,,7
0.8860139796741703,0.9006158420046719,0.843090869331849,0.8709044797880752,0.078,0.156909130668151,LR,tuned,CW_c0.0_it10,0.0340425917699427,"{'class_weight': 'balanced', 'C': 0.01}",CW,,10.0,0.0,,,,,,,,7
0.8778999664560347,0.8840099247305102,0.8428523149712741,0.8629406496784173,0.0927166666666666,0.1571476850287259,LR,tuned,CW_c0.5_it10,0.0421566049880782,"{'class_weight': 'balanced', 'C': 0.01}",CW,,10.0,0.5,,,,,,,,7
0.13,0.1864406779661017,0.22,0.2018348623853211,0.96,0.78,LR,tuned,HopSkipJump_direct,1.0,"{'class_weight': 'balanced', 'C': 0.01}",,,,,100.0,87.0,0.9000759720802307,556.0,0.0,0.0,0.7564687728881836,7
0.9195307471238316,0.960842770373996,0.8585372641790748,0.9068136482939632,0.0293333333333333,0.1414627358209252,LR,as_submitted,clean,0.0,{'max_iter': 500},,,,,,,,,,,,7
0.7268705293600355,0.7027820213877944,0.6950281295350178,0.6988835693796164,0.2464333333333333,0.3049718704649822,LR,as_submitted,FGSM_eps0.15,0.1941017016762916,{'max_iter': 500},FGSM,0.15,1.0,,,,,,,,,7
0.598233955558779,0.5632140217506071,0.5302069459077987,0.5462122918757296,0.3447333333333333,0.4697930540922012,LR,as_submitted,FGSM_eps0.3,0.3231553085591507,{'max_iter': 500},FGSM,0.3,1.0,,,,,,,,,7
0.4076045075836559,0.3744196920610534,0.4457189432041826,0.4069700957480601,0.62435,0.5542810567958173,LR,as_submitted,FGSM_eps0.5,0.5139479433922921,{'max_iter': 500},FGSM,0.5,1.0,,,,,,,,,7
0.1419544346028666,0.1263860335007246,0.1490964753593225,0.1368051438734096,0.8640333333333333,0.8509035246406775,LR,as_submitted,FGSM_eps0.75,0.7796614779289774,{'max_iter': 500},FGSM,0.75,1.0,,,,,,,,,7
0.727160639329846,0.6685573201654877,0.7966920462000279,0.7270220504866346,0.3311333333333333,0.2033079537999721,LR,as_submitted,PGD_eps0.15_it10,0.1939385148182733,{'max_iter': 500},PGD,0.15,10.0,,,,,,,,,7
0.694468872106833,0.6473323630684037,0.7250462199073614,0.6839889352524732,0.3311666666666666,0.2749537800926386,LR,as_submitted,PGD_eps0.15_it25,0.2266302820412862,{'max_iter': 500},PGD,0.15,25.0,,,,,,,,,7
0.4589630381766588,0.4095862667566786,0.4221418205673617,0.4157692759525394,0.5101666666666667,0.5778581794326382,LR,as_submitted,PGD_eps0.3_it10,0.4622358412735827,{'max_iter': 500},PGD,0.3,10.0,,,,,,,,,7
0.4223819841708747,0.3752882970017112,0.4011092777766734,0.3877694177789308,0.5597833333333333,0.5988907222233266,LR,as_submitted,PGD_eps0.3_it25,0.4991432689954035,{'max_iter': 500},PGD,0.3,25.0,,,,,,,,,7
0.2138382455599575,0.2092774451097804,0.2605411208079041,0.2321124964579201,0.8253166666666667,0.7394588791920959,LR,as_submitted,PGD_eps0.5_it10,0.7077867329084431,{'max_iter': 500},PGD,0.5,10.0,,,,,,,,,7
0.2110459371005321,0.206771540365727,0.2573802755302865,0.2293168493951363,0.8278,0.7426197244697136,LR,as_submitted,PGD_eps0.5_it25,0.7105518435581988,{'max_iter': 500},PGD,0.5,25.0,,,,,,,,,7
0.0933247509133931,0.1372672076595247,0.1869669801005904,0.1583080147114518,0.9851833333333332,0.8130330198994096,LR,as_submitted,PGD_eps0.75_it10,0.8285359419054785,{'max_iter': 500},PGD,0.75,10.0,,,,,,,,,7
0.1063162379989664,0.1394362199548856,0.1855555334671888,0.1592234997100065,0.9601166666666666,0.8144444665328112,LR,as_submitted,PGD_eps0.75_it25,0.8155535207564617,{'max_iter': 500},PGD,0.75,25.0,,,,,,,,,7
0.7745210919013988,0.7162585034013605,0.8372462874977635,0.7720410987782187,0.2780666666666667,0.1627537125022364,LR,as_submitted,CW_c0.0_it10,0.1453541608115826,{'max_iter': 500},CW,,10.0,0.0,,,,,,,,7
0.7729708167502244,0.7142905617481888,0.8369480945470449,0.7707700194061001,0.2806666666666667,0.1630519054529551,LR,as_submitted,CW_c0.5_it10,0.1469678975186531,{'max_iter': 500},CW,,10.0,0.5,,,,,,,,7
0.13,0.1864406779661017,0.22,0.2018348623853211,0.96,0.78,LR,as_submitted,HopSkipJump_direct,1.0,{'max_iter': 500},,,,,100.0,87.0,0.5214714407920837,557.0,0.0,0.0,0.7501661777496338,7
0.9221689346617952,0.9653949129852744,0.8601673856430034,0.909748430978838,0.02585,0.1398326143569966,SVM,tuned,clean,0.0,"{'class_weight': 'balanced', 'C': 0.01}",,,,,,,,,,,,7
0.8759145263501446,0.8832049564634963,0.8388366499015963,0.8604492297025866,0.093,0.1611633500984036,SVM,tuned,FGSM_eps0.15,0.0472063316500911,"{'class_weight': 'balanced', 'C': 0.01}",FGSM,0.15,1.0,,,,,,,,,7
0.7628804293627554,0.7582342373171358,0.7047690992584935,0.7305247323792745,0.1884,0.2952309007415065,SVM,tuned,FGSM_eps0.3,0.1609203738792236,"{'class_weight': 'balanced', 'C': 0.01}",FGSM,0.3,1.0,,,,,,,,,7
0.6430287480848209,0.6262068646925671,0.538953939128879,0.5793134395333184,0.2697166666666666,0.461046060871121,SVM,tuned,FGSM_eps0.5,0.281841835670834,"{'class_weight': 'balanced', 'C': 0.01}",FGSM,0.5,1.0,,,,,,,,,7
0.5335213004179397,0.4883315423450457,0.4787984812039043,0.4835180277844696,0.4206,0.5212015187960957,SVM,tuned,FGSM_eps0.75,0.3916575251806388,"{'class_weight': 'balanced', 'C': 0.01}",FGSM,0.75,1.0,,,,,,,,,7
0.7880656011169234,0.7294386311735233,0.8508836451106296,0.7854947192629907,0.2646,0.1491163548893704,SVM,tuned,PGD_eps0.15_it10,0.1350552568833123,"{'class_weight': 'balanced', 'C': 0.01}",PGD,0.15,10.0,,,,,,,,,7
0.8057895070850294,0.7563417535015,0.8470071367512872,0.7991109944108932,0.2287666666666666,0.1529928632487128,SVM,tuned,PGD_eps0.15_it25,0.1173948124711023,"{'class_weight': 'balanced', 'C': 0.01}",PGD,0.15,25.0,,,,,,,,,7
0.6540619928741739,0.6173316587769297,0.6351509850307139,0.6261145623077073,0.3300833333333333,0.3648490149692861,SVM,tuned,PGD_eps0.3_it10,0.2715338658060071,"{'class_weight': 'balanced', 'C': 0.01}",PGD,0.3,10.0,,,,,,,,,7
0.5964660979302466,0.566538002021873,0.4901894519213566,0.5256056359043773,0.3144333333333333,0.5098105480786435,SVM,tuned,PGD_eps0.3_it25,0.3283954198888516,"{'class_weight': 'balanced', 'C': 0.01}",PGD,0.3,25.0,,,,,,,,,7
0.4262440731439761,0.383735090798381,0.4259586903365604,0.4037459605618941,0.5735166666666667,0.5740413096634396,SVM,tuned,PGD_eps0.5_it10,0.5010108519260582,"{'class_weight': 'balanced', 'C': 0.01}",PGD,0.5,10.0,,,,,,,,,7
0.4723624924072781,0.4187099829123175,0.4043098821143868,0.4113839556616368,0.4705833333333333,0.5956901178856132,SVM,tuned,PGD_eps0.5_it25,0.4549740260917654,"{'class_weight': 'balanced', 'C': 0.01}",PGD,0.5,25.0,,,,,,,,,7
0.3565270210239069,0.3198815124586164,0.3649484126195256,0.3409320940079671,0.6505333333333333,0.6350515873804743,SVM,tuned,PGD_eps0.75_it10,0.5701295522333935,"{'class_weight': 'balanced', 'C': 0.01}",PGD,0.75,10.0,,,,,,,,,7
0.3529097123378331,0.3181386678633688,0.366419497843071,0.3405764966740576,0.6584166666666667,0.633580502156929,SVM,tuned,PGD_eps0.75_it25,0.5732844981550819,"{'class_weight': 'balanced', 'C': 0.01}",PGD,0.75,25.0,,,,,,,,,7
0.8698675466669085,0.8667292351008916,0.8445023159652506,0.8554714245438801,0.1088666666666666,0.1554976840347494,SVM,tuned,CW_c0.0_it10,0.052382981423896,"{'class_weight': 'balanced', 'C': 0.01}",CW,,10.0,0.0,,,,,,,,7
0.8689337552015811,0.865045419365351,0.8443234001948194,0.8545588072554602,0.1104333333333333,0.1556765998051806,SVM,tuned,CW_c0.5_it10,0.0533258388257798,"{'class_weight': 'balanced', 'C': 0.01}",CW,,10.0,0.5,,,,,,,,7
0.13,0.1864406779661017,0.22,0.2018348623853211,0.96,0.78,SVM,tuned,HopSkipJump_direct,1.0,"{'class_weight': 'balanced', 'C': 0.01}",,,,,100.0,87.0,0.8056374192237854,556.0,0.0,0.0,0.7400290966033936,7
0.9206821210665168,0.9710056220529562,0.8514999105421148,0.9073346396229413,0.0213166666666666,0.1485000894578852,SVM,as_submitted,clean,0.0,{'max_iter': 500},,,,,,,,,,,,7
0.5977806587309502,0.5579660619788718,0.5680376915889709,0.5629568335402013,0.3772833333333333,0.4319623084110291,SVM,as_submitted,FGSM_eps0.15,0.3244154737405147,{'max_iter': 500},FGSM,0.15,1.0,,,,,,,,,7
0.3381775654333971,0.3039015792929467,0.3496411744826352,0.3251707849173114,0.6714333333333333,0.6503588255173648,SVM,as_submitted,FGSM_eps0.3,0.584508127612123,{'max_iter': 500},FGSM,0.3,1.0,,,,,,,,,7
0.0352936910147502,0.0470785773099339,0.0579687096197045,0.0519591596728497,0.9837166666666668,0.9420312903802954,SVM,as_submitted,FGSM_eps0.5,0.8874917273328922,{'max_iter': 500},FGSM,0.5,1.0,,,,,,,,,7
0.0110151129162398,0.0130870537563157,0.0157048287378486,0.0142769364224527,0.9929166666666668,0.9842951712621514,SVM,as_submitted,FGSM_eps0.75,0.9120060197818736,{'max_iter': 500},FGSM,0.75,1.0,,,,,,,,,7
0.596629284788265,0.5553903062197307,0.5790509512355128,0.5669738878237258,0.3886333333333333,0.4209490487644872,SVM,as_submitted,PGD_eps0.15_it10,0.3256484411122091,{'max_iter': 500},PGD,0.15,10.0,,,,,,,,,7
0.6030207700606511,0.561294571455452,0.5930063813291454,0.5767148712396566,0.3885833333333333,0.4069936186708546,SVM,as_submitted,PGD_eps0.15_it25,0.3192660217763796,{'max_iter': 500},PGD,0.15,25.0,,,,,,,,,7
0.1825426325666573,0.1520710782174588,0.173190465777389,0.1619451260316752,0.8096166666666667,0.8268095342226109,SVM,as_submitted,PGD_eps0.3_it10,0.7401974560982022,{'max_iter': 500},PGD,0.3,10.0,,,,,,,,,7
0.180067631886712,0.1528335178522004,0.1756356479732819,0.1634431278963287,0.8162166666666667,0.8243643520267181,SVM,as_submitted,PGD_eps0.3_it25,0.7426543249050344,{'max_iter': 500},PGD,0.3,25.0,,,,,,,,,7
0.0422381984170874,0.0437148557953927,0.0527006341570085,0.0477890144755106,0.9665333333333334,0.9472993658429916,SVM,as_submitted,PGD_eps0.5_it10,0.8807557364713562,{'max_iter': 500},PGD,0.5,10.0,,,,,,,,,7
0.0556648504573765,0.0449322383318125,0.0528596703973918,0.0485746385217526,0.9419833333333332,0.9471403296026082,SVM,as_submitted,PGD_eps0.5_it25,0.8673290844310672,{'max_iter': 500},PGD,0.5,25.0,,,,,,,,,7
0.0126379155598669,0.0186760840998685,0.0226030256644732,0.0204527670597123,0.9957166666666668,0.9773969743355267,SVM,as_submitted,PGD_eps0.75_it10,0.910392283074803,{'max_iter': 500},PGD,0.75,10.0,,,,,,,,,7
0.0232813250772871,0.0372119258662369,0.0459018348806234,0.0411025962813632,0.9956833333333334,0.9540981651193766,SVM,as_submitted,PGD_eps0.75_it25,0.899767005430496,{'max_iter': 500},PGD,0.75,25.0,,,,,,,,,7
0.7717559812516432,0.7196224106284416,0.8183607339522494,0.7658220783569595,0.2673166666666666,0.1816392660477506,SVM,as_submitted,CW_c0.0_it10,0.1492978432136932,{'max_iter': 500},CW,,10.0,0.0,,,,,,,,7
0.7534337234708032,0.6955881357079976,0.8167902510784645,0.7513326201643946,0.2996833333333333,0.1832097489215355,SVM,as_submitted,CW_c0.5_it10,0.1679827384567963,{'max_iter': 500},CW,,10.0,0.5,,,,,,,,7
0.13,0.1864406779661017,0.22,0.2018348623853211,0.96,0.78,SVM,as_submitted,HopSkipJump_direct,1.0,{'max_iter': 500},,,,,100.0,87.0,0.2983772158622741,556.0,0.0,0.0,0.7483856678009033,7
0.9997280219033028,0.9998806801232972,0.9995228912788502,0.9997017536883128,0.0001,0.0004771087211498,RF,tuned,clean,0.0,"{'n_estimators': 200, 'min_samples_leaf': 1, 'max_features': 'log2', 'max_depth': 40}",,,,,,,,,,,,7
0.5560682846341441,0.7760330578512397,0.0373337574299743,0.0712402556758909,0.0090333333333333,0.9626662425700256,RF,tuned,FGSM_eps0.15,0.443714132888498,"{'n_estimators': 200, 'min_samples_leaf': 1, 'max_features': 'log2', 'max_depth': 40}",FGSM,0.15,1.0,,,,,,,,,7
0.5495952059327489,0.7006451612903226,0.0215891696320299,0.0418876439164561,0.0077333333333333,0.97841083036797,RF,tuned,FGSM_eps0.3,0.4501872115898933,"{'n_estimators': 200, 'min_samples_leaf': 1, 'max_features': 'log2', 'max_depth': 40}",FGSM,0.3,1.0,,,,,,,,,7
0.5444729517782835,0.5265116279069767,0.0112518140071168,0.0220327766748413,0.0084833333333333,0.9887481859928832,RF,tuned,FGSM_eps0.5,0.4553094657443587,"{'n_estimators': 200, 'min_samples_leaf': 1, 'max_features': 'log2', 'max_depth': 40}",FGSM,0.5,1.0,,,,,,,,,7
0.53081965132408,0.2048879837067209,0.0099994036140985,0.0190681981879525,0.0325333333333333,0.9900005963859014,RF,tuned,FGSM_eps0.75,0.4689627661985621,"{'n_estimators': 200, 'min_samples_leaf': 1, 'max_features': 'log2', 'max_depth': 40}",FGSM,0.75,1.0,,,,,,,,,7
0.5688603211154728,0.8224935430852313,0.0696379937578275,0.1284043840035189,0.0126,0.9303620062421724,RF,tuned,PGD_eps0.15_it10,0.4309039645340562,"{'n_estimators': 200, 'min_samples_leaf': 1, 'max_features': 'log2', 'max_depth': 40}",PGD,0.15,10.0,,,,,,,,,7
0.5762943890918651,0.9048808172531214,0.0792398067709679,0.1457190904438108,0.0069833333333333,0.920760193229032,RF,tuned,PGD_eps0.15_it25,0.4234608306211073,"{'n_estimators': 200, 'min_samples_leaf': 1, 'max_features': 'log2', 'max_depth': 40}",PGD,0.15,25.0,,,,,,,,,7
0.5600029010996981,0.8511904761904762,0.0426415919527662,0.0812146224182647,0.00625,0.9573584080472336,RF,tuned,PGD_eps0.3_it10,0.439779516422944,"{'n_estimators': 200, 'min_samples_leaf': 1, 'max_features': 'log2', 'max_depth': 40}",PGD,0.3,10.0,,,,,,,,,7
0.5503658105400578,0.8018787361229718,0.0186668787149871,0.0364844387457745,0.0038666666666666,0.9813331212850128,RF,tuned,PGD_eps0.3_it25,0.4494256729191409,"{'n_estimators': 200, 'min_samples_leaf': 1, 'max_features': 'log2', 'max_depth': 40}",PGD,0.3,25.0,,,,,,,,,7
0.5539196576702357,0.7319544111439426,0.0344711051030753,0.0658414337788578,0.0105833333333333,0.9655288948969246,RF,tuned,PGD_eps0.5_it10,0.4458627598524065,"{'n_estimators': 200, 'min_samples_leaf': 1, 'max_features': 'log2', 'max_depth': 40}",PGD,0.5,10.0,,,,,,,,,7
0.5510548217183576,0.7261698440207972,0.0249885692702224,0.0483145635545989,0.0079,0.9750114307297776,RF,tuned,PGD_eps0.5_it25,0.4487366617408411,"{'n_estimators': 200, 'min_samples_leaf': 1, 'max_features': 'log2', 'max_depth': 40}",PGD,0.5,25.0,,,,,,,,,7
0.5491781728511463,0.6568627450980392,0.023974713237779,0.0462609562899173,0.0105,0.9760252867622208,RF,tuned,PGD_eps0.75_it10,0.4506042446714958,"{'n_estimators': 200, 'min_samples_leaf': 1, 'max_features': 'log2', 'max_depth': 40}",PGD,0.75,10.0,,,,,,,,,7
0.538688884255188,0.3823410287565816,0.0187662763652267,0.0357765481694838,0.0254166666666666,0.9812337236347732,RF,tuned,PGD_eps0.75_it25,0.4611116651405673,"{'n_estimators': 200, 'min_samples_leaf': 1, 'max_features': 'log2', 'max_depth': 40}",PGD,0.75,25.0,,,,,,,,,7
0.5997298350906141,0.9142203070293564,0.1349621294952587,0.2352024112664345,0.0106166666666666,0.8650378705047412,RF,tuned,CW_c0.0_it10,0.400034450558915,"{'n_estimators': 200, 'min_samples_leaf': 1, 'max_features': 'log2', 'max_depth': 40}",CW,,10.0,0.0,,,,,,,,7
0.6013617036707977,0.9495881851746664,0.1329344174303719,0.2332199843055192,0.0059166666666666,0.8670655825696281,RF,tuned,CW_c0.5_it10,0.3984025819787313,"{'n_estimators': 200, 'min_samples_leaf': 1, 'max_features': 'log2', 'max_depth': 40}",CW,,10.0,0.5,,,,,,,,7
0.09,0.0,0.0,0.0,0.82,1.0,RF,tuned,HopSkipJump_direct,0.91,"{'n_estimators': 200, 'min_samples_leaf': 1, 'max_features': 'log2', 'max_depth': 40}",,,,,100.0,100.0,0.9280683398246764,564.0,0.0,0.0,86.77456736564636,7
0.9997280219033028,0.9998806801232972,0.9995228912788502,0.9997017536883128,0.0001,0.0004771087211498,RF,as_submitted,clean,0.0,{'n_estimators': 50},,,,,,,,,,,,7
0.5366671804030715,0.3846153846153846,0.0266385702641989,0.0498261661739825,0.0357333333333333,0.9733614297358012,RF,as_submitted,FGSM_eps0.15,0.4631152371195706,{'n_estimators': 50},FGSM,0.15,1.0,,,,,,,,,7
0.5534482289692937,0.9596136962247586,0.0217283263423652,0.0424944597799463,0.0007666666666666,0.9782716736576348,RF,as_submitted,FGSM_eps0.3,0.4463341885533485,{'n_estimators': 50},FGSM,0.3,1.0,,,,,,,,,7
0.5457965785155435,0.6218487394957983,0.0102975965648172,0.0202596996245306,0.00525,0.9897024034351828,RF,as_submitted,FGSM_eps0.5,0.4539949049436552,{'n_estimators': 50},FGSM,0.5,1.0,,,,,,,,,7
0.5315177284389364,0.2115222876366694,0.0099994036140985,0.0190960687914048,0.03125,0.9900005963859014,RF,as_submitted,FGSM_eps0.75,0.4682646890837058,{'n_estimators': 50},FGSM,0.75,1.0,,,,,,,,,7
0.5652339464928424,0.7664018161180477,0.067113293441743,0.1234188784090078,0.01715,0.932886706558257,RF,as_submitted,PGD_eps0.15_it10,0.4345394050932432,{'n_estimators': 50},PGD,0.15,10.0,,,,,,,,,7
0.5732573003454122,0.919522326064382,0.070413295429696,0.1308097128612316,0.0051666666666666,0.929586704570304,RF,as_submitted,PGD_eps0.15_it25,0.4265069853041168,{'n_estimators': 50},PGD,0.15,25.0,,,,,,,,,7
0.5617616927916739,0.8899920571882446,0.0445500268373655,0.084852615437042,0.0046166666666666,0.9554499731626344,RF,as_submitted,PGD_eps0.3_it10,0.4380297906675249,{'n_estimators': 50},PGD,0.3,10.0,,,,,,,,,7
0.5574825707369699,0.859344894026975,0.0354650816054708,0.0681189026136428,0.0048666666666666,0.9645349183945292,RF,as_submitted,PGD_eps0.3_it25,0.442281714912559,{'n_estimators': 50},PGD,0.3,25.0,,,,,,,,,7
0.5600119670362547,0.8347826086956521,0.0438940023457845,0.083402583666994,0.0072833333333333,0.9561059976542154,RF,as_submitted,PGD_eps0.5_it10,0.439779516422944,{'n_estimators': 50},PGD,0.5,10.0,,,,,,,,,7
0.5554880646945233,0.946629213483146,0.0267976065045822,0.0521197827053569,0.0012666666666666,0.9732023934954178,RF,as_submitted,PGD_eps0.5_it25,0.4442943528281189,{'n_estimators': 50},PGD,0.5,25.0,,,,,,,,,7
0.5609004288187991,0.8733519776268478,0.0434566526847305,0.0827936219369011,0.0052833333333333,0.9565433473152696,RF,as_submitted,PGD_eps0.75_it10,0.438881988703843,{'n_estimators': 50},PGD,0.75,10.0,,,,,,,,,7
0.5482987770051585,0.6610625420309347,0.0195415780370952,0.037960996331338,0.0084,0.9804584219629048,RF,as_submitted,PGD_eps0.75_it25,0.4514836405174836,{'n_estimators': 50},PGD,0.75,25.0,,,,,,,,,7
0.5937735147729436,0.9595250041813012,0.1140488638848577,0.2038662449806332,0.0040333333333333,0.8859511361151422,RF,as_submitted,CW_c0.0_it10,0.405999836813142,{'n_estimators': 50},CW,,10.0,0.0,,,,,,,,7
0.5917699427939404,0.9451384199864956,0.1113054887382462,0.1991569886353531,0.0054166666666666,0.8886945112617538,RF,as_submitted,CW_c0.5_it10,0.4080034087921452,{'n_estimators': 50},CW,,10.0,0.5,,,,,,,,7
0.11,0.0,0.0,0.0,0.78,1.0,RF,as_submitted,HopSkipJump_direct,0.89,{'n_estimators': 50},,,,,100.0,100.0,1.1780445575714111,564.0,0.0,0.0,22.736470699310303,7
0.9715510910854646,0.9715462598228388,0.965906605967835,0.968718224774209,0.0237166666666666,0.034093394032165,LR,tuned,clean,0.0,"{'class_weight': 'balanced', 'C': 100.0}",,,,,,,,,,,,123
0.0594272141283555,0.0427752587903156,0.0496988251197741,0.0459778570640379,0.9324166666666668,0.9503011748802258,LR,tuned,FGSM_eps0.15,0.913257119026681,"{'class_weight': 'balanced', 'C': 100.0}",FGSM,0.15,1.0,,,,,,,,,123
0.0418755609548244,0.0140397676418455,0.0159036240383277,0.0149136870362775,0.93635,0.9840963759616724,LR,tuned,FGSM_eps0.3,0.9308178381367688,"{'class_weight': 'balanced', 'C': 100.0}",FGSM,0.3,1.0,,,,,,,,,123
0.0401077033262921,0.0141618294985663,0.0161024193388068,0.0150699076270476,0.9397666666666666,0.9838975806611931,LR,tuned,FGSM_eps0.5,0.9327670144964324,"{'class_weight': 'balanced', 'C': 100.0}",FGSM,0.5,1.0,,,,,,,,,123
0.0389019337642675,0.0140950719581334,0.016062660278711,0.0150146801947448,0.94195,0.9839373397212888,LR,tuned,FGSM_eps0.75,0.9339818499950138,"{'class_weight': 'balanced', 'C': 100.0}",FGSM,0.75,1.0,,,,,,,,,123
0.0758093614860883,0.0850236266032337,0.1051627139534421,0.0940268927577963,0.9488,0.8948372860465579,LR,tuned,PGD_eps0.15_it10,0.8966573891915904,"{'class_weight': 'balanced', 'C': 100.0}",PGD,0.15,10.0,,,,,,,,,123
0.0681305132226684,0.0840136324007291,0.1053615092539212,0.0934843193283239,0.9630833333333332,0.8946384907460787,LR,tuned,PGD_eps0.15_it25,0.904535688059255,"{'class_weight': 'balanced', 'C': 100.0}",PGD,0.15,25.0,,,,,,,,,123
0.0265359963010978,0.0218494998408203,0.0259229071824742,0.023712540005819,0.97295,0.9740770928175256,LR,tuned,PGD_eps0.3_it10,0.9459398203131376,"{'class_weight': 'balanced', 'C': 100.0}",PGD,0.3,10.0,,,,,,,,,123
0.0255296773433179,0.0218249322674515,0.0259427867125221,0.023706368020927,0.9748166666666668,0.974057213287478,LR,tuned,PGD_eps0.3_it25,0.9469189414612476,"{'class_weight': 'balanced', 'C': 100.0}",PGD,0.3,25.0,,,,,,,,,123
0.0236711603492198,0.0220849086457587,0.0263602568435282,0.0240339302544769,0.9785833333333334,0.9736397431564716,LR,tuned,PGD_eps0.5_it10,0.948985974996147,"{'class_weight': 'balanced', 'C': 100.0}",PGD,0.5,10.0,,,,,,,,,123
0.0237799515878987,0.0222962284572475,0.026618690734151,0.0242664781891661,0.9786,0.973381309265849,LR,tuned,PGD_eps0.5_it25,0.948877183757468,"{'class_weight': 'balanced', 'C': 100.0}",PGD,0.5,25.0,,,,,,,,,123
0.0236530284761067,0.0220841730093433,0.0263602568435282,0.0240334946441194,0.9786166666666668,0.9736397431564716,LR,tuned,PGD_eps0.75_it10,0.9490131728058168,"{'class_weight': 'balanced', 'C': 100.0}",PGD,0.75,10.0,,,,,,,,,123
0.0239884681287,0.0226864181091877,0.0270957994553008,0.0246958317856916,0.9786166666666668,0.9729042005446992,LR,tuned,PGD_eps0.75_it25,0.9486777331532232,"{'class_weight': 'balanced', 'C': 100.0}",PGD,0.75,25.0,,,,,,,,,123
0.1059082708539205,0.1282658870595476,0.165715762479375,0.1446054834205025,0.9442333333333334,0.834284237520625,LR,tuned,CW_c0.0_it10,0.8661958423614952,"{'class_weight': 'balanced', 'C': 100.0}",CW,,10.0,0.0,,,,,,,,123
0.0968876639801274,0.1258895109775896,0.1649404608075065,0.1427932191721883,0.9601666666666666,0.8350595391924935,LR,tuned,CW_c0.5_it10,0.8752889767277409,"{'class_weight': 'balanced', 'C': 100.0}",CW,,10.0,0.5,,,,,,,,123
0.02,0.0,0.0,0.0,0.96,1.0,LR,tuned,HopSkipJump_direct,1.0,"{'class_weight': 'balanced', 'C': 100.0}",,,,,100.0,98.0,0.1035438552498817,556.0,0.0,0.0,0.7710235118865967,123
0.9700098818708468,0.9721122742159088,0.9618313023080134,0.9669444610987868,0.0231333333333333,0.0381686976919865,LR,as_submitted,clean,0.0,{'max_iter': 500},,,,,,,,,,,,123
0.1019011268959139,0.1067488225046777,0.1315627298570661,0.1178639168647984,0.9229666666666668,0.8684372701429338,LR,as_submitted,FGSM_eps0.15,0.8692147992348349,{'max_iter': 500},FGSM,0.15,1.0,,,,,,,,,123
0.0550936964543122,0.037149576831299,0.0430193030236765,0.039869558007996,0.9347833333333332,0.9569806969763236,LR,as_submitted,FGSM_eps0.3,0.9160312956129932,{'max_iter': 500},FGSM,0.3,1.0,,,,,,,,,123
0.0409780332357234,0.0138450753592709,0.0157048287378486,0.0147164293099112,0.9378333333333332,0.9842951712621514,LR,as_submitted,FGSM_eps0.5,0.9301560247681386,{'max_iter': 500},FGSM,0.5,1.0,,,,,,,,,123
0.0396906702446896,0.0137086903304773,0.0155855515575611,0.0145869963625538,0.9401,0.9844144484424387,LR,as_submitted,FGSM_eps0.75,0.931452453695729,{'max_iter': 500},FGSM,0.75,1.0,,,,,,,,,123
0.1071865679083977,0.1094411206770757,0.1341868278233902,0.1205572423647079,0.91545,0.8658131721766097,LR,as_submitted,PGD_eps0.15_it10,0.86372084168155,{'max_iter': 500},PGD,0.15,10.0,,,,,,,,,123
0.1448192705547446,0.1177369499531136,0.1347832137248275,0.1256847315296276,0.8467666666666667,0.8652167862751724,LR,as_submitted,PGD_eps0.15_it25,0.8260790730986465,{'max_iter': 500},PGD,0.15,25.0,,,,,,,,,123
0.0496722663934797,0.0460139557346745,0.0549271415223744,0.0500770276393294,0.9547333333333332,0.9450728584776256,LR,as_submitted,PGD_eps0.3_it10,0.9212804728792507,{'max_iter': 500},PGD,0.3,10.0,,,,,,,,,123
0.0477140240972593,0.0458641002240106,0.0549470210524223,0.0499963823167643,0.95835,0.9450529789475776,LR,as_submitted,PGD_eps0.3_it25,0.923220583302358,{'max_iter': 500},PGD,0.3,25.0,,,,,,,,,123
0.0271887437331713,0.0242701430502929,0.0289048366896606,0.0263855115595397,0.97425,0.9710951633103392,LR,as_submitted,PGD_eps0.5_it10,0.9437639955395593,{'max_iter': 500},PGD,0.5,10.0,,,,,,,,,123
0.0272250074793976,0.0243987917424609,0.0290638729300439,0.0265277979387429,0.9743166666666668,0.970936127069956,LR,as_submitted,PGD_eps0.5_it25,0.9437549296030028,{'max_iter': 500},PGD,0.5,25.0,,,,,,,,,123
0.0269892931289266,0.0240388628282389,0.0286265232689899,0.0261328784276718,0.9743833333333334,0.97137347673101,LR,as_submitted,PGD_eps0.75_it10,0.9439725120803604,{'max_iter': 500},PGD,0.75,10.0,,,,,,,,,123
0.0271978096697279,0.0244134432466708,0.0290837524600918,0.0265447386803835,0.9743833333333334,0.970916247539908,LR,as_submitted,PGD_eps0.75_it25,0.9437639955395593,{'max_iter': 500},PGD,0.75,25.0,,,,,,,,,123
0.244145671468591,0.285164877998077,0.4363159254915214,0.3449072437121372,0.9169666666666668,0.5636840745084786,LR,as_submitted,CW_c0.0_it10,0.7262993753569712,{'max_iter': 500},CW,,10.0,0.0,,,,,,,,123
0.2290599530384486,0.2751553599171413,0.4224996521082241,0.3332679958915817,0.9331166666666668,0.5775003478917758,LR,as_submitted,CW_c0.5_it10,0.7415029509623492,{'max_iter': 500},CW,,10.0,0.5,,,,,,,,123
0.02,0.0,0.0,0.0,0.96,1.0,LR,as_submitted,HopSkipJump_direct,1.0,{'max_iter': 500},,,,,100.0,98.0,0.1475439369678497,556.0,0.0,0.0,0.8099703788757324,123
0.9197029999184064,0.9645162736483456,0.8553962984315051,0.9066849286203446,0.0263833333333333,0.1446037015684949,SVM,tuned,clean,0.0,"{'class_weight': 'balanced', 'C': 10.0}",,,,,,,,,,,,123
0.2297308323436352,0.2057425204604883,0.2408802655905214,0.2219291738784032,0.7796166666666666,0.7591197344094786,SVM,tuned,FGSM_eps0.15,0.6906611787530711,"{'class_weight': 'balanced', 'C': 10.0}",FGSM,0.15,1.0,,,,,,,,,123
0.0511137503059753,0.0432378839819856,0.0511500308132715,0.0468623361958273,0.9489166666666666,0.9488499691867284,SVM,tuned,FGSM_eps0.3,0.8696227663798809,"{'class_weight': 'balanced', 'C': 10.0}",FGSM,0.3,1.0,,,,,,,,,123
0.0304252830838689,0.0359331476323119,0.0435958093950659,0.0393953275309207,0.9806166666666668,0.956404190604934,SVM,tuned,FGSM_eps0.5,0.8903112336019873,"{'class_weight': 'balanced', 'C': 10.0}",FGSM,0.5,1.0,,,,,,,,,123
0.0085854419190774,0.0133823359757403,0.0161421783989026,0.0146332672553613,0.99775,0.9838578216010974,SVM,tuned,FGSM_eps0.75,0.9121601407033354,"{'class_weight': 'balanced', 'C': 10.0}",FGSM,0.75,1.0,,,,,,,,,123
0.2392228679183703,0.1627300274929261,0.1612031091584995,0.1619629696207082,0.6953666666666667,0.8387968908415006,SVM,tuned,PGD_eps0.15_it10,0.6812326047342321,"{'class_weight': 'balanced', 'C': 10.0}",PGD,0.15,10.0,,,,,,,,,123
0.3289575079553593,0.2037328536091747,0.1620976880106554,0.1805460221863029,0.53115,0.8379023119893446,SVM,tuned,PGD_eps0.15_it25,0.5913891734585641,"{'class_weight': 'balanced', 'C': 10.0}",PGD,0.15,25.0,,,,,,,,,123
0.1459253148146469,0.1163579168123034,0.1323579110589825,0.1238432707420737,0.8427,0.8676420889410175,SVM,tuned,PGD_eps0.3_it10,0.774539223774512,"{'class_weight': 'balanced', 'C': 10.0}",PGD,0.3,10.0,,,,,,,,,123
0.149515425691051,0.1243870433040955,0.1432121344651412,0.1331374342767906,0.8452,0.8567878655348588,SVM,tuned,PGD_eps0.3_it25,0.770949112898108,"{'class_weight': 'balanced', 'C': 10.0}",PGD,0.3,25.0,,,,,,,,,123
0.0872233756108174,0.0454061467939578,0.0500168976005407,0.0476001286489963,0.8815833333333334,0.9499831023994592,SVM,tuned,PGD_eps0.5_it10,0.8332411629783415,"{'class_weight': 'balanced', 'C': 10.0}",PGD,0.5,10.0,,,,,,,,,123
0.0885651342211907,0.047949027160316,0.0529590680476313,0.0503296744818726,0.8815833333333334,0.9470409319523686,SVM,tuned,PGD_eps0.5_it25,0.8318994043679683,"{'class_weight': 'balanced', 'C': 10.0}",PGD,0.5,25.0,,,,,,,,,123
0.0748121084648649,0.0212596676904858,0.0228415800250482,0.0220222522496621,0.8816166666666667,0.9771584199749518,SVM,tuned,PGD_eps0.75_it10,0.845652430124294,"{'class_weight': 'balanced', 'C': 10.0}",PGD,0.75,10.0,,,,,,,,,123
0.0752835371658069,0.0222181146025878,0.0238951951175874,0.0230261582521575,0.8816333333333334,0.9761048048824126,SVM,tuned,PGD_eps0.75_it25,0.8451810014233521,"{'class_weight': 'balanced', 'C': 10.0}",PGD,0.75,25.0,,,,,,,,,123
0.7218570664442491,0.6559832117136453,0.8202691688368487,0.7289848415250344,0.36065,0.1797308311631513,SVM,tuned,CW_c0.0_it10,0.1979547247128364,"{'class_weight': 'balanced', 'C': 10.0}",CW,,10.0,0.0,,,,,,,,123
0.6729372727849651,0.6044950422328315,0.8180625410015308,0.6952474277315042,0.4487333333333333,0.1819374589984692,SVM,tuned,CW_c0.5_it10,0.246883584308677,"{'class_weight': 'balanced', 'C': 10.0}",CW,,10.0,0.5,,,,,,,,123
0.08,0.1111111111111111,0.12,0.1153846153846153,0.96,0.88,SVM,tuned,HopSkipJump_direct,1.0,"{'class_weight': 'balanced', 'C': 10.0}",,,,,100.0,92.0,0.240568459033966,557.0,0.0,0.0,0.7773253917694092,123
0.9178716807339782,0.969364530225783,0.8466691847404727,0.9038720699498084,0.0224333333333333,0.1533308152595272,SVM,as_submitted,clean,0.0,{'max_iter': 500},,,,,,,,,,,,123
0.3275704196622032,0.2764666217127444,0.2934218635071467,0.2846920176293024,0.6438,0.7065781364928533,SVM,as_submitted,FGSM_eps0.15,0.5909812063135182,{'max_iter': 500},FGSM,0.15,1.0,,,,,,,,,123
0.0533349047623364,0.0435860673020156,0.0513687056437985,0.047158448005256,0.9450166666666666,0.9486312943562014,SVM,as_submitted,FGSM_eps0.3,0.8655612268025349,{'max_iter': 500},FGSM,0.3,1.0,,,,,,,,,123
0.030914843657924,0.0360106260863861,0.0436554479852096,0.0394662353416902,0.9797666666666668,0.9563445520147904,SVM,as_submitted,FGSM_eps0.5,0.8879903538435038,{'max_iter': 500},FGSM,0.5,1.0,,,,,,,,,123
0.0207247309683326,0.0341136583790765,0.0420054469912331,0.0376504548167814,0.9971166666666668,0.9579945530087668,SVM,as_submitted,FGSM_eps0.75,0.8981804665330952,{'max_iter': 500},FGSM,0.75,1.0,,,,,,,,,123
0.2556684768319991,0.1710969984071492,0.1644235930262608,0.1676939296865496,0.6678333333333333,0.8355764069737391,SVM,as_submitted,PGD_eps0.15_it10,0.6629284788265052,{'max_iter': 500},PGD,0.15,10.0,,,,,,,,,123
0.3507701513104811,0.2185147023856701,0.1644235930262608,0.1876488871747169,0.493,0.8355764069737391,SVM,as_submitted,PGD_eps0.15_it25,0.5677089471727876,{'max_iter': 500},PGD,0.15,25.0,,,,,,,,,123
0.1471673481228978,0.11701289837064,0.132914537900324,0.1244578470244411,0.8408833333333333,0.867085462099676,SVM,as_submitted,PGD_eps0.3_it10,0.7714568053452762,{'max_iter': 500},PGD,0.3,10.0,,,,,,,,,123
0.1541299873983481,0.1272043141266841,0.1458362324314653,0.1358845648026376,0.8389166666666666,0.8541637675685346,SVM,as_submitted,PGD_eps0.3_it25,0.7644941660698259,{'max_iter': 500},PGD,0.3,25.0,,,,,,,,,123
0.0906684315023163,0.0462968004210449,0.0507126811522175,0.0484042351333915,0.8758333333333334,0.9492873188477824,SVM,as_submitted,PGD_eps0.5_it10,0.8279647879024142,{'max_iter': 500},PGD,0.5,10.0,,,,,,,,,123
0.0917744757622186,0.0483873888556889,0.0531181042880146,0.0506425078655092,0.8758166666666667,0.9468818957119852,SVM,as_submitted,PGD_eps0.5_it25,0.826858743642512,{'max_iter': 500},PGD,0.5,25.0,,,,,,,,,123
0.0781121093714586,0.0217245615994638,0.0231994115659105,0.022437776987339,0.87585,0.9768005884340896,SVM,as_submitted,PGD_eps0.75_it10,0.840521110033272,{'max_iter': 500},PGD,0.75,10.0,,,,,,,,,123
0.0789280436615504,0.0233608385370205,0.0249885692702224,0.0241473043194283,0.87585,0.9750114307297776,SVM,as_submitted,PGD_eps0.75_it25,0.8397051757431802,{'max_iter': 500},PGD,0.75,25.0,,,,,,,,,123
0.7446850946937074,0.6841431161529633,0.8176450708705246,0.7449602434297513,0.3164833333333333,0.1823549291294753,SVM,as_submitted,CW_c0.0_it10,0.1733497728982892,{'max_iter': 500},CW,,10.0,0.0,,,,,,,,123
0.7068710733162289,0.6400274288564037,0.8164125400075543,0.7175392464335322,0.3849666666666667,0.1835874599924457,SVM,as_submitted,CW_c0.5_it10,0.2112000580219939,{'max_iter': 500},CW,,10.0,0.5,,,,,,,,123
0.08,0.1111111111111111,0.12,0.1153846153846153,0.96,0.88,SVM,as_submitted,HopSkipJump_direct,1.0,{'max_iter': 500},,,,,100.0,92.0,0.2527221441268921,557.0,0.0,0.0,0.7692427635192871,123
0.9998005493957554,0.9998806991032548,0.9996819275192336,0.999781303431548,0.0001,0.0003180724807665,RF,tuned,clean,0.0,"{'n_estimators': 50, 'min_samples_leaf': 2, 'max_features': 'log2', 'max_depth': 40}",,,,,,,,,,,,123
0.5483622385610546,0.6289808917197452,0.0235572431067729,0.0454136087531377,0.01165,0.976442756893227,RF,tuned,FGSM_eps0.15,0.4514745745809271,"{'n_estimators': 50, 'min_samples_leaf': 2, 'max_features': 'log2', 'max_depth': 40}",FGSM,0.15,1.0,,,,,,,,,123
0.5462770731530421,0.5415584415584416,0.0331590561199133,0.0624918045070528,0.0235333333333333,0.9668409438800868,RF,tuned,FGSM_eps0.3,0.4535597399889395,"{'n_estimators': 50, 'min_samples_leaf': 2, 'max_features': 'log2', 'max_depth': 40}",FGSM,0.3,1.0,,,,,,,,,123
0.5191064612929839,0.2339351582217045,0.0239548337077311,0.0434594438633822,0.0657666666666666,0.9760451662922688,RF,tuned,FGSM_eps0.5,0.4807575496586675,"{'n_estimators': 50, 'min_samples_leaf': 2, 'max_features': 'log2', 'max_depth': 40}",FGSM,0.5,1.0,,,,,,,,,123
0.5199767912024151,0.2341708542713567,0.0231596525058147,0.042150584319259,0.0635,0.9768403474941852,RF,tuned,FGSM_eps0.75,0.4798872197492362,"{'n_estimators': 50, 'min_samples_leaf': 2, 'max_features': 'log2', 'max_depth': 40}",FGSM,0.75,1.0,,,,,,,,,123
0.5589693843322484,0.7555555555555555,0.0486650895572828,0.0914405244383019,0.0132,0.9513349104427172,RF,tuned,PGD_eps0.15_it10,0.4408583628731766,"{'n_estimators': 50, 'min_samples_leaf': 2, 'max_features': 'log2', 'max_depth': 40}",PGD,0.15,10.0,,,,,,,,,123
0.5529768002683517,0.6574865463754352,0.0412897839095083,0.0777000486326736,0.0180333333333333,0.9587102160904916,RF,tuned,PGD_eps0.15_it25,0.4468509469370733,"{'n_estimators': 50, 'min_samples_leaf': 2, 'max_features': 'log2', 'max_depth': 40}",PGD,0.15,25.0,,,,,,,,,123
0.5421792698294697,0.4871593291404612,0.0739120927181281,0.1283507378959178,0.0652333333333333,0.9260879072818718,RF,tuned,PGD_eps0.3_it10,0.4576575433125119,"{'n_estimators': 50, 'min_samples_leaf': 2, 'max_features': 'log2', 'max_depth': 40}",PGD,0.3,10.0,,,,,,,,,123
0.5292693761729056,0.3926299045599151,0.0588831680019084,0.1024080764776047,0.0763666666666666,0.9411168319980916,RF,tuned,PGD_eps0.3_it25,0.4705674369690761,"{'n_estimators': 50, 'min_samples_leaf': 2, 'max_features': 'log2', 'max_depth': 40}",PGD,0.3,25.0,,,,,,,,,123
0.541852896113433,0.4863849765258216,0.0823807725185376,0.1408972680754126,0.0729333333333333,0.9176192274814624,RF,tuned,PGD_eps0.5_it10,0.4579929829651052,"{'n_estimators': 50, 'min_samples_leaf': 2, 'max_features': 'log2', 'max_depth': 40}",PGD,0.5,10.0,,,,,,,,,123
0.4975385982248896,0.291869918699187,0.0713675128719957,0.1146909892497164,0.1451666666666666,0.9286324871280044,RF,tuned,PGD_eps0.5_it25,0.5023254127267618,"{'n_estimators': 50, 'min_samples_leaf': 2, 'max_features': 'log2', 'max_depth': 40}",PGD,0.5,25.0,,,,,,,,,123
0.5550619656763642,0.5876377164115038,0.081645229906765,0.1433708022062417,0.0480333333333333,0.918354770093235,RF,tuned,PGD_eps0.75_it10,0.444783913402174,"{'n_estimators': 50, 'min_samples_leaf': 2, 'max_features': 'log2', 'max_depth': 40}",PGD,0.75,10.0,,,,,,,,,123
0.4918270581942467,0.2740490411820182,0.069319921277061,0.1106509908451933,0.15395,0.930680078722939,RF,tuned,PGD_eps0.75_it25,0.508027886820848,"{'n_estimators': 50, 'min_samples_leaf': 2, 'max_features': 'log2', 'max_depth': 40}",PGD,0.75,25.0,,,,,,,,,123
0.6509523766352683,0.973747591522158,0.2411188199510963,0.3865262352809955,0.00545,0.7588811800489036,RF,tuned,CW_c0.0_it10,0.3488663046336002,"{'n_estimators': 50, 'min_samples_leaf': 2, 'max_features': 'log2', 'max_depth': 40}",CW,,10.0,0.0,,,,,,,,123
0.6471628151546196,0.9717387700977954,0.2330874898117408,0.3759880709968093,0.0056833333333333,0.7669125101882591,RF,tuned,CW_c0.5_it10,0.3526558661142489,"{'n_estimators': 50, 'min_samples_leaf': 2, 'max_features': 'log2', 'max_depth': 40}",CW,,10.0,0.5,,,,,,,,123
0.15,0.0,0.0,0.0,0.7,1.0,RF,tuned,HopSkipJump_direct,0.85,"{'n_estimators': 50, 'min_samples_leaf': 2, 'max_features': 'log2', 'max_depth': 40}",,,,,100.0,100.0,0.9929159283638,564.0,0.0,0.0,22.70600724220276,123
0.9998368131419816,0.9999005865394176,0.9997415661093773,0.9998210700013916,8.333333333333333e-05,0.0002584338906228,RF,as_submitted,clean,0.0,{'n_estimators': 50},,,,,,,,,,,,123
0.4835770559277626,0.0995670995670995,0.0164602508796692,0.0282502260359269,0.1248,0.9835397491203308,RF,as_submitted,FGSM_eps0.15,0.5162869550238888,{'n_estimators': 50},FGSM,0.15,1.0,,,,,,,,,123
0.3884572495761674,0.071927722871119,0.0286464027990378,0.0409741672235096,0.3098833333333333,0.971353597200962,RF,as_submitted,FGSM_eps0.3,0.6114067613754839,{'n_estimators': 50},FGSM,0.3,1.0,,,,,,,,,123
0.4144492896838708,0.0408819181076043,0.0126433811104705,0.0193136957181901,0.2486833333333333,0.9873566188895294,RF,as_submitted,FGSM_eps0.5,0.5854147212677806,{'n_estimators': 50},FGSM,0.5,1.0,,,,,,,,,123
0.5472471283645957,0.618860510805501,0.0187861558952746,0.0364653675477522,0.0097,0.9812138441047252,RF,as_submitted,FGSM_eps0.75,0.4526168825870557,{'n_estimators': 50},FGSM,0.75,1.0,,,,,,,,,123
0.516731185915161,0.2558139534883721,0.0312705007653619,0.0557287607170693,0.0762666666666666,0.968729499234638,RF,as_submitted,PGD_eps0.15_it10,0.4831328250364904,{'n_estimators': 50},PGD,0.15,10.0,,,,,,,,,123
0.4846015067586557,0.1102512203833789,0.0184084448243643,0.0315491806071343,0.12455,0.9815915551756356,RF,as_submitted,PGD_eps0.15_it25,0.5152625041929957,{'n_estimators': 50},PGD,0.15,25.0,,,,,,,,,123
0.5601298242114902,0.6893039049235993,0.0645687135956106,0.1180768881214214,0.0244,0.9354312864043894,RF,as_submitted,PGD_eps0.3_it10,0.4397341867401612,{'n_estimators': 50},PGD,0.3,10.0,,,,,,,,,123
0.5392509723216957,0.4574659891821013,0.0554837683637158,0.0989646124388341,0.0551666666666666,0.944516231636284,RF,as_submitted,PGD_eps0.3_it25,0.4606130386299557,{'n_estimators': 50},PGD,0.3,25.0,,,,,,,,,123
0.5509732282893485,0.5608681975463983,0.0708904041508458,0.1258714106704788,0.0465333333333333,0.929109595849154,RF,as_submitted,PGD_eps0.5_it10,0.4488907826623029,{'n_estimators': 50},PGD,0.5,10.0,,,,,,,,,123
0.582005929122508,0.6590616235882665,0.1728525137665745,0.2738755197177775,0.0749666666666666,0.8271474862334255,RF,as_submitted,PGD_eps0.5_it25,0.4178580818291433,{'n_estimators': 50},PGD,0.5,25.0,,,,,,,,,123
0.5526232287426452,0.5904275444570564,0.062044013279526,0.1122884023817661,0.0360833333333333,0.937955986720474,RF,as_submitted,PGD_eps0.75_it10,0.4472407822090061,{'n_estimators': 50},PGD,0.75,10.0,,,,,,,,,123
0.5193875053262377,0.3399102079395085,0.0571934079478361,0.0979120935218745,0.0931166666666666,0.942806592052164,RF,as_submitted,PGD_eps0.75_it25,0.4804855715619702,{'n_estimators': 50},PGD,0.75,25.0,,,,,,,,,123
0.5834111492887772,0.7653011460619361,0.1247838101107289,0.214579950431587,0.0320833333333333,0.875216189889271,RF,as_submitted,CW_c0.0_it10,0.4164437957263175,{'n_estimators': 50},CW,,10.0,0.0,,,,,,,,123
0.5750886195298406,0.6975379659456972,0.1205295906804763,0.2055428426137808,0.0438166666666666,0.8794704093195237,RF,as_submitted,CW_c0.5_it10,0.4247663254852543,{'n_estimators': 50},CW,,10.0,0.5,,,,,,,,123
0.18,0.0,0.0,0.0,0.64,1.0,RF,as_submitted,HopSkipJump_direct,0.82,{'n_estimators': 50},,,,,100.0,100.0,1.2571221590042114,564.5,0.0,0.0,21.60795545578003,123
0.9803631814184564,0.9766322751846644,0.9803987833727612,0.9785119047619047,0.0196666666666666,0.0196012166272389,LR,tuned,clean,0.0,"{'class_weight': 'balanced', 'C': 100.0}",,,,,,,,,,,,31
0.0902513984207138,0.1095176417346795,0.13951454187623,0.1227094698559239,0.95105,0.86048545812377,LR,tuned,FGSM_eps0.15,0.8913084866232106,"{'class_weight': 'balanced', 'C': 100.0}",FGSM,0.15,1.0,,,,,,,,,31
0.0617752916965087,0.0981352192704083,0.1290976681311254,0.1115069927968611,0.9946666666666668,0.8709023318688747,LR,tuned,FGSM_eps0.3,0.9198389889667552,"{'class_weight': 'balanced', 'C': 100.0}",FGSM,0.3,1.0,,,,,,,,,31
0.0602250165453342,0.09656882759455,0.1269506788859511,0.1096949292290779,0.9957166666666668,0.8730493211140489,LR,tuned,FGSM_eps0.5,0.921425527864156,"{'class_weight': 'balanced', 'C': 100.0}",FGSM,0.5,1.0,,,,,,,,,31
0.0600708956238724,0.0965440087080095,0.1269506788859511,0.1096789152332781,0.996,0.8730493211140489,LR,tuned,FGSM_eps0.75,0.9215887147221744,"{'class_weight': 'balanced', 'C': 100.0}",FGSM,0.75,1.0,,,,,,,,,31
0.0292013816487312,0.0179805423026639,0.0210524223207363,0.0193956043956043,0.9639666666666666,0.9789475776792635,LR,tuned,PGD_eps0.15_it10,0.95234037152208,"{'class_weight': 'balanced', 'C': 100.0}",PGD,0.15,10.0,,,,,,,,,31
0.0280772055157158,0.0175013142944358,0.0205156750094427,0.018888990573808,0.9655833333333332,0.9794843249905572,LR,tuned,PGD_eps0.15_it25,0.9534554817185388,"{'class_weight': 'balanced', 'C': 100.0}",PGD,0.15,25.0,,,,,,,,,31
0.0132997289284969,0.0113862129989815,0.0135578394926743,0.0123774954627949,0.9869166666666668,0.9864421605073256,LR,tuned,PGD_eps0.3_it10,0.9682420242423144,"{'class_weight': 'balanced', 'C': 100.0}",PGD,0.3,10.0,,,,,,,,,31
0.0130368167683562,0.0113970097450273,0.0135777190227223,0.0123921582857816,0.9874166666666668,0.9864222809772776,LR,tuned,PGD_eps0.3_it25,0.968504936402455,"{'class_weight': 'balanced', 'C': 100.0}",PGD,0.3,25.0,,,,,,,,,31
0.0126379155598669,0.0109319714266639,0.0130210921813808,0.0118854281022328,0.9876833333333334,0.9869789078186192,LR,tuned,PGD_eps0.5_it10,0.9689038376109445,"{'class_weight': 'balanced', 'C': 100.0}",PGD,0.5,10.0,,,,,,,,,31
0.0128373661641115,0.010935986910208,0.0130210921813808,0.0118878009383195,0.9873166666666666,0.9869789078186192,LR,tuned,PGD_eps0.5_it25,0.9687043870066996,"{'class_weight': 'balanced', 'C': 100.0}",PGD,0.5,25.0,,,,,,,,,31
0.0105164864056281,0.0107430319962748,0.0128421764109496,0.0116991895685244,0.9914333333333334,0.9871578235890504,LR,tuned,PGD_eps0.75_it10,0.9710343327017398,"{'class_weight': 'balanced', 'C': 100.0}",PGD,0.75,10.0,,,,,,,,,31
0.0105890138980807,0.0107444614463442,0.0128421764109496,0.0117000371286007,0.9913,0.9871578235890504,LR,tuned,PGD_eps0.75_it25,0.9709618052092872,"{'class_weight': 'balanced', 'C': 100.0}",PGD,0.75,25.0,,,,,,,,,31
0.0151038503032555,0.017996430460074,0.0216488082221736,0.0196543789198213,0.9903833333333332,0.9783511917778264,LR,tuned,CW_c0.0_it10,0.9660208697859533,"{'class_weight': 'balanced', 'C': 100.0}",CW,,10.0,0.0,,,,,,,,31
0.0141700588379282,0.01747229699602,0.0210325427906884,0.019087825647687,0.9915833333333334,0.9789674572093116,LR,tuned,CW_c0.5_it10,0.9670815843630728,"{'class_weight': 'balanced', 'C': 100.0}",CW,,10.0,0.5,,,,,,,,31
0.0,0.0,0.0,0.0,1.0,1.0,LR,tuned,HopSkipJump_direct,1.0,"{'class_weight': 'balanced', 'C': 100.0}",,,,,100.0,100.0,0.046763390302658,556.0,0.0,0.0,0.7494828701019287,31
0.9770903783215326,0.9747029132387424,0.9750710693199212,0.9748869565217392,0.0212166666666666,0.0249289306800787,LR,as_submitted,clean,0.0,{'max_iter': 500},,,,,,,,,,,,31
0.0746579875434031,0.0255531318167653,0.027712064886786,0.0265888456549935,0.8859833333333333,0.972287935113214,LR,as_submitted,FGSM_eps0.15,0.9032664569413345,{'max_iter': 500},FGSM,0.15,1.0,,,,,,,,,31
0.0337343499270192,0.0175561918151113,0.0203566387690595,0.0188529872042713,0.95505,0.9796433612309404,LR,as_submitted,FGSM_eps0.3,0.9442263583039446,{'max_iter': 500},FGSM,0.3,1.0,,,,,,,,,31
0.0276329746244435,0.0115273775216138,0.0133590441921952,0.0123758045654195,0.9604,0.9866409558078048,LR,as_submitted,FGSM_eps0.5,0.950608777639774,{'max_iter': 500},FGSM,0.5,1.0,,,,,,,,,31
0.0261461610291651,0.0098180569859251,0.0113710911874043,0.0105376601604598,0.9614666666666668,0.9886289088125956,LR,as_submitted,FGSM_eps0.75,0.9521318549812788,{'max_iter': 500},FGSM,0.75,1.0,,,,,,,,,31
0.1302956401911099,0.0283830156695745,0.0272945947557799,0.0278281666447095,0.78335,0.97270540524422,LR,as_submitted,PGD_eps0.15_it10,0.8476741339764104,{'max_iter': 500},PGD,0.15,10.0,,,,,,,,,31
0.1324623990281316,0.0288371706770195,0.0276126672365465,0.028211638062354,0.7796333333333333,0.9723873327634536,LR,as_submitted,PGD_eps0.15_it25,0.8456252323146243,{'max_iter': 500},PGD,0.15,25.0,,,,,,,,,31
0.0203258297598433,0.0165723659981921,0.0196807347474305,0.0179932934088203,0.9791333333333332,0.9803192652525694,LR,as_submitted,PGD_eps0.3_it10,0.9579159225043744,{'max_iter': 500},PGD,0.3,10.0,,,,,,,,,31
0.0188480821011214,0.0145823905063609,0.0172951911416814,0.0158233603724855,0.97985,0.9827048088583186,LR,as_submitted,PGD_eps0.3_it25,0.9593936701630962,{'max_iter': 500},PGD,0.3,25.0,,,,,,,,,31
0.0144783006808518,0.0115254010471554,0.0136969962030097,0.0125177137458667,0.9848666666666668,0.9863030037969902,LR,as_submitted,PGD_eps0.5_it10,0.9637725175199224,{'max_iter': 500},PGD,0.5,10.0,,,,,,,,,31
0.0144239050615123,0.0114915611461452,0.0136572371429139,0.012481151100049,0.9849333333333332,0.986342762857086,LR,as_submitted,PGD_eps0.5_it25,0.9638269131392618,{'max_iter': 500},PGD,0.5,25.0,,,,,,,,,31
0.0133450586112798,0.0109135274258782,0.012981333121285,0.0118579587241344,0.98635,0.987018666878715,LR,as_submitted,PGD_eps0.75_it10,0.9649057595894944,{'max_iter': 500},PGD,0.75,10.0,,,,,,,,,31
0.0143785753787295,0.0109179811782042,0.0129614535912371,0.0118522827460212,0.9844333333333334,0.9870385464087628,LR,as_submitted,PGD_eps0.75_it25,0.9638722428220448,{'max_iter': 500},PGD,0.75,25.0,,,,,,,,,31
0.2467657271334415,0.2796057497075394,0.4133749478162336,0.3335793121149897,0.8929166666666667,0.5866250521837664,LR,as_submitted,CW_c0.0_it10,0.7308323436352593,{'max_iter': 500},CW,,10.0,0.0,,,,,,,,31
0.2099489587771864,0.2583497310770038,0.391507464763533,0.3112863837892091,0.9422666666666668,0.608492535236467,LR,as_submitted,CW_c0.5_it10,0.7676581779280709,{'max_iter': 500},CW,,10.0,0.5,,,,,,,,31
0.01,0.0196078431372549,0.02,0.0198019801980198,1.0,0.98,LR,as_submitted,HopSkipJump_direct,1.0,{'max_iter': 500},,,,,100.0,99.0,0.1313091218471527,557.0,0.0,0.0,0.7439420223236084,31
0.9776343345149272,0.9740931615460852,0.9769397451444248,0.9755143767431242,0.0217833333333333,0.0230602548555752,SVM,tuned,clean,0.0,"{'class_weight': None, 'C': 1.0}",,,,,,,,,,,,31
0.0690824365611089,0.105251258553643,0.1388187583245532,0.1197267014719371,0.9893833333333332,0.8611812416754467,SVM,tuned,FGSM_eps0.15,0.9097214037696164,"{'class_weight': None, 'C': 1.0}",FGSM,0.15,1.0,,,,,,,,,31
0.0608777639774076,0.0972228521323718,0.127845257738107,0.1104508372692142,0.9952666666666666,0.8721547422618929,SVM,tuned,FGSM_eps0.3,0.9179804719726572,"{'class_weight': None, 'C': 1.0}",FGSM,0.3,1.0,,,,,,,,,31
0.0601162253066553,0.0965757048907702,0.1269904379460469,0.1097142071997801,0.99595,0.8730095620539531,SVM,tuned,FGSM_eps0.5,0.918751076579966,"{'class_weight': None, 'C': 1.0}",FGSM,0.5,1.0,,,,,,,,,31
0.0600708956238724,0.0965562072927374,0.126970558415999,0.1096942061467913,0.9960166666666668,0.873029441584001,SVM,tuned,FGSM_eps0.75,0.9187964062627488,"{'class_weight': None, 'C': 1.0}",FGSM,0.75,1.0,,,,,,,,,31
0.0169261035511273,0.0174963895021663,0.0209530246704967,0.0190693298596034,0.98645,0.9790469753295032,SVM,tuned,PGD_eps0.15_it10,0.961877736779598,"{'class_weight': None, 'C': 1.0}",PGD,0.15,10.0,,,,,,,,,31
0.0169895651070233,0.01708151939118,0.0204361568892511,0.0186088609313481,0.9859,0.9795638431107488,SVM,tuned,PGD_eps0.15_it25,0.9618052092871454,"{'class_weight': None, 'C': 1.0}",PGD,0.15,25.0,,,,,,,,,31
0.0103351676744966,0.0112756982961905,0.0134982009025306,0.0122872576252476,0.9923166666666666,0.9865017990974694,SVM,tuned,PGD_eps0.3_it10,0.968486804529342,"{'class_weight': None, 'C': 1.0}",PGD,0.3,10.0,,,,,,,,,31
0.0113052228860502,0.0113120290120273,0.0135180804325785,0.012317055499203,0.99055,0.9864819195674214,SVM,tuned,PGD_eps0.3_it25,0.9675167493177884,"{'class_weight': None, 'C': 1.0}",PGD,0.3,25.0,,,,,,,,,31
0.0096914861789797,0.0108892319439602,0.0130409717114287,0.0118683624916324,0.9931166666666666,0.9869590282885712,SVM,tuned,PGD_eps0.5_it10,0.9691304860248589,"{'class_weight': None, 'C': 1.0}",PGD,0.5,10.0,,,,,,,,,31
0.0096914861789797,0.0108892319439602,0.0130409717114287,0.0118683624916324,0.9931166666666666,0.9869590282885712,SVM,tuned,PGD_eps0.5_it25,0.9691304860248589,"{'class_weight': None, 'C': 1.0}",PGD,0.5,25.0,,,,,,,,,31
0.0096642883693099,0.0107425117885368,0.0128620559409975,0.0117071228886013,0.9930166666666668,0.9871379440590023,SVM,tuned,PGD_eps0.75_it10,0.9691576838345284,"{'class_weight': None, 'C': 1.0}",PGD,0.75,10.0,,,,,,,,,31
0.0096189586865271,0.0107578650286378,0.0128819354710454,0.011724474841231,0.9931166666666666,0.9871180645289546,SVM,tuned,PGD_eps0.75_it25,0.9692030135173114,"{'class_weight': None, 'C': 1.0}",PGD,0.75,25.0,,,,,,,,,31
0.0799706263655567,0.1226794851000457,0.1653976899986084,0.1408713025515992,0.99165,0.8346023100013915,SVM,tuned,CW_c0.0_it10,0.8983617852642267,"{'class_weight': None, 'C': 1.0}",CW,,10.0,0.0,,,,,,,,31
0.0745582622412808,0.1154942965779467,0.1545832256525455,0.1322100466713706,0.9925333333333334,0.8454167743474544,SVM,tuned,CW_c0.5_it10,0.9037922812616156,"{'class_weight': None, 'C': 1.0}",CW,,10.0,0.5,,,,,,,,31
0.01,0.0196078431372549,0.02,0.0198019801980198,1.0,0.98,SVM,tuned,HopSkipJump_direct,1.0,"{'class_weight': None, 'C': 1.0}",,,,,100.0,99.0,0.0647156834602356,557.0,0.0,0.0,0.7484776973724365,31
0.9776343345149272,0.9740931615460852,0.9769397451444248,0.9755143767431242,0.0217833333333333,0.0230602548555752,SVM,as_submitted,clean,0.0,{'max_iter': 500},,,,,,,,,,,,31
0.0690824365611089,0.105251258553643,0.1388187583245532,0.1197267014719371,0.9893833333333332,0.8611812416754467,SVM,as_submitted,FGSM_eps0.15,0.9097214037696164,{'max_iter': 500},FGSM,0.15,1.0,,,,,,,,,31
0.0608777639774076,0.0972228521323718,0.127845257738107,0.1104508372692142,0.9952666666666666,0.8721547422618929,SVM,as_submitted,FGSM_eps0.3,0.9179804719726572,{'max_iter': 500},FGSM,0.3,1.0,,,,,,,,,31
0.0601162253066553,0.0965757048907702,0.1269904379460469,0.1097142071997801,0.99595,0.8730095620539531,SVM,as_submitted,FGSM_eps0.5,0.918751076579966,{'max_iter': 500},FGSM,0.5,1.0,,,,,,,,,31
0.0600708956238724,0.0965562072927374,0.126970558415999,0.1096942061467913,0.9960166666666668,0.873029441584001,SVM,as_submitted,FGSM_eps0.75,0.9187964062627488,{'max_iter': 500},FGSM,0.75,1.0,,,,,,,,,31
0.0169261035511273,0.0174963895021663,0.0209530246704967,0.0190693298596034,0.98645,0.9790469753295032,SVM,as_submitted,PGD_eps0.15_it10,0.961877736779598,{'max_iter': 500},PGD,0.15,10.0,,,,,,,,,31
0.0169895651070233,0.01708151939118,0.0204361568892511,0.0186088609313481,0.9859,0.9795638431107488,SVM,as_submitted,PGD_eps0.15_it25,0.9618052092871454,{'max_iter': 500},PGD,0.15,25.0,,,,,,,,,31
0.0103351676744966,0.0112756982961905,0.0134982009025306,0.0122872576252476,0.9923166666666666,0.9865017990974694,SVM,as_submitted,PGD_eps0.3_it10,0.968486804529342,{'max_iter': 500},PGD,0.3,10.0,,,,,,,,,31
0.0113052228860502,0.0113120290120273,0.0135180804325785,0.012317055499203,0.99055,0.9864819195674214,SVM,as_submitted,PGD_eps0.3_it25,0.9675167493177884,{'max_iter': 500},PGD,0.3,25.0,,,,,,,,,31
0.0096914861789797,0.0108892319439602,0.0130409717114287,0.0118683624916324,0.9931166666666666,0.9869590282885712,SVM,as_submitted,PGD_eps0.5_it10,0.9691304860248589,{'max_iter': 500},PGD,0.5,10.0,,,,,,,,,31
0.0096914861789797,0.0108892319439602,0.0130409717114287,0.0118683624916324,0.9931166666666666,0.9869590282885712,SVM,as_submitted,PGD_eps0.5_it25,0.9691304860248589,{'max_iter': 500},PGD,0.5,25.0,,,,,,,,,31
0.0096642883693099,0.0107425117885368,0.0128620559409975,0.0117071228886013,0.9930166666666668,0.9871379440590023,SVM,as_submitted,PGD_eps0.75_it10,0.9691576838345284,{'max_iter': 500},PGD,0.75,10.0,,,,,,,,,31
0.0096189586865271,0.0107578650286378,0.0128819354710454,0.011724474841231,0.9931166666666666,0.9871180645289546,SVM,as_submitted,PGD_eps0.75_it25,0.9692030135173114,{'max_iter': 500},PGD,0.75,25.0,,,,,,,,,31
0.0799706263655567,0.1226794851000457,0.1653976899986084,0.1408713025515992,0.99165,0.8346023100013915,SVM,as_submitted,CW_c0.0_it10,0.8983617852642267,{'max_iter': 500},CW,,10.0,0.0,,,,,,,,31
0.0745582622412808,0.1154942965779467,0.1545832256525455,0.1322100466713706,0.9925333333333334,0.8454167743474544,SVM,as_submitted,CW_c0.5_it10,0.9037922812616156,{'max_iter': 500},CW,,10.0,0.5,,,,,,,,31
0.01,0.0196078431372549,0.02,0.0198019801980198,1.0,0.98,SVM,as_submitted,HopSkipJump_direct,1.0,{'max_iter': 500},,,,,100.0,99.0,0.0647156834602356,557.0,0.0,0.0,0.7428064346313477,31
0.9997733515860856,0.9999204549974148,0.999582529868994,0.99975146387776,6.666666666666667e-05,0.0004174701310061,RF,tuned,clean,0.0,"{'n_estimators': 400, 'min_samples_leaf': 1, 'max_features': 'log2', 'max_depth': None}",,,,,,,,,,,,31
0.5466941062346445,1.0,0.0060036180744687,0.0119355794881928,0.0,0.9939963819255312,RF,tuned,FGSM_eps0.15,0.4531155090976673,"{'n_estimators': 400, 'min_samples_leaf': 1, 'max_features': 'log2', 'max_depth': None}",FGSM,0.15,1.0,,,,,,,,,31
0.5459506994370054,1.0,0.0043734966105401,0.0087089048552144,0.0,0.99562650338946,RF,tuned,FGSM_eps0.3,0.4538679818318631,"{'n_estimators': 400, 'min_samples_leaf': 1, 'max_features': 'log2', 'max_depth': None}",FGSM,0.3,1.0,,,,,,,,,31
0.5457965785155435,1.0,0.0040355445997256,0.0080386488734011,0.0,0.9959644554002745,RF,tuned,FGSM_eps0.5,0.4540130368167683,"{'n_estimators': 400, 'min_samples_leaf': 1, 'max_features': 'log2', 'max_depth': None}",FGSM,0.5,1.0,,,,,,,,,31
0.5457965785155435,1.0,0.0040355445997256,0.0080386488734011,0.0,0.9959644554002745,RF,tuned,FGSM_eps0.75,0.4540130368167683,"{'n_estimators': 400, 'min_samples_leaf': 1, 'max_features': 'log2', 'max_depth': None}",FGSM,0.75,1.0,,,,,,,,,31
0.551326799815055,1.0,0.0161620579289505,0.0318100007825338,0.0,0.9838379420710496,RF,tuned,PGD_eps0.15_it10,0.448482815517257,"{'n_estimators': 400, 'min_samples_leaf': 1, 'max_features': 'log2', 'max_depth': None}",PGD,0.15,10.0,,,,,,,,,31
0.5479814692256784,1.0,0.0088265113412718,0.0174985713441188,0.0,0.991173488658728,RF,tuned,PGD_eps0.15_it25,0.4518281461066335,"{'n_estimators': 400, 'min_samples_leaf': 1, 'max_features': 'log2', 'max_depth': None}",PGD,0.15,25.0,,,,,,,,,31
0.5525778990598624,1.0,0.018905433075562,0.0371092987864361,0.0,0.981094566924438,RF,tuned,PGD_eps0.3_it10,0.4472407822090061,"{'n_estimators': 400, 'min_samples_leaf': 1, 'max_features': 'log2', 'max_depth': None}",PGD,0.3,10.0,,,,,,,,,31
0.5492235025339293,1.0,0.0115500069578355,0.0228362550113984,0.0,0.9884499930421644,RF,tuned,PGD_eps0.3_it25,0.4505951787349392,"{'n_estimators': 400, 'min_samples_leaf': 1, 'max_features': 'log2', 'max_depth': None}",PGD,0.3,25.0,,,,,,,,,31
0.547709491128981,0.8053097345132744,0.0108542234061586,0.0214197446107373,0.0022,0.9891457765938412,RF,tuned,PGD_eps0.5_it10,0.4521001242033308,"{'n_estimators': 400, 'min_samples_leaf': 1, 'max_features': 'log2', 'max_depth': None}",PGD,0.5,10.0,,,,,,,,,31
0.5445817430169624,0.5873417721518988,0.004612050971115,0.0091522348021618,0.0027166666666666,0.9953879490288848,RF,tuned,PGD_eps0.5_it25,0.4552369382519061,"{'n_estimators': 400, 'min_samples_leaf': 1, 'max_features': 'log2', 'max_depth': None}",PGD,0.5,25.0,,,,,,,,,31
0.5269847601606484,0.0894736842105263,0.0040554241297735,0.0077591617062548,0.0346,0.9959445758702264,RF,tuned,PGD_eps0.75_it10,0.4728248551716635,"{'n_estimators': 400, 'min_samples_leaf': 1, 'max_features': 'log2', 'max_depth': None}",PGD,0.75,10.0,,,,,,,,,31
0.5445998748900756,0.5559055118110237,0.0070174741069121,0.0138599866504377,0.0047,0.992982525893088,RF,tuned,PGD_eps0.75_it25,0.455218806378793,"{'n_estimators': 400, 'min_samples_leaf': 1, 'max_features': 'log2', 'max_depth': None}",PGD,0.75,25.0,,,,,,,,,31
0.6876603537528444,0.9998738568274992,0.3151501898495119,0.4792466519544122,3.3333333333333335e-05,0.6848498101504881,RF,tuned,CW_c0.0_it10,0.3121401956429109,"{'n_estimators': 400, 'min_samples_leaf': 1, 'max_features': 'log2', 'max_depth': None}",CW,,10.0,0.0,,,,,,,,31
0.683308704205688,0.999869918699187,0.3056080154265153,0.4681324035445659,3.3333333333333335e-05,0.6943919845734847,RF,tuned,CW_c0.5_it10,0.3164918451900673,"{'n_estimators': 400, 'min_samples_leaf': 1, 'max_features': 'log2', 'max_depth': None}",CW,,10.0,0.5,,,,,,,,31
0.37,0.0,0.0,0.0,0.26,1.0,RF,tuned,HopSkipJump_direct,0.63,"{'n_estimators': 400, 'min_samples_leaf': 1, 'max_features': 'log2', 'max_depth': None}",,,,,100.0,100.0,0.6044237017631531,563.0,0.0,0.0,124.44634747505188,31
0.999764285649529,0.999900570724044,0.999582529868994,0.9997415250024854,8.333333333333333e-05,0.0004174701310061,RF,as_submitted,clean,0.0,{'n_estimators': 50},,,,,,,,,,,,31
0.5480721285912441,0.954,0.0094825358328529,0.0187784185973269,0.0003833333333333,0.9905174641671473,RF,as_submitted,FGSM_eps0.15,0.4517465526776243,{'n_estimators': 50},FGSM,0.15,1.0,,,,,,,,,31
0.5451982267028095,0.7133956386292835,0.0045524123809713,0.0090470922882427,0.0015333333333333,0.9954475876190289,RF,as_submitted,FGSM_eps0.3,0.4546113886295023,{'n_estimators': 50},FGSM,0.3,1.0,,,,,,,,,31
0.5384984995874998,0.210576923076923,0.0043536170804922,0.0085308610716163,0.0136833333333333,0.9956463829195078,RF,as_submitted,FGSM_eps0.5,0.461311115744812,{'n_estimators': 50},FGSM,0.5,1.0,,,,,,,,,31
0.5399671813096651,0.2411764705882353,0.0040753036598214,0.0080151701757472,0.01075,0.9959246963401786,RF,as_submitted,FGSM_eps0.75,0.4598514999592032,{'n_estimators': 50},FGSM,0.75,1.0,,,,,,,,,31
0.5589059227763524,0.9660825325042396,0.0339741168518776,0.0656398832385927,0.001,0.9660258831481224,RF,as_submitted,PGD_eps0.15_it10,0.440912758492516,{'n_estimators': 50},PGD,0.15,10.0,,,,,,,,,31
0.5554427350117404,0.979560938682816,0.0257241118819951,0.0501317216798388,0.00045,0.9742758881180048,RF,as_submitted,PGD_eps0.15_it25,0.4443759462571281,{'n_estimators': 50},PGD,0.15,25.0,,,,,,,,,31
0.5399581153731087,0.4358452138492871,0.0297795360117686,0.0557499069594343,0.0323166666666666,0.9702204639882314,RF,as_submitted,PGD_eps0.3_it10,0.4598605658957598,{'n_estimators': 50},PGD,0.3,10.0,,,,,,,,,31
0.5283083868979085,0.1636788776305534,0.008349402620122,0.0158883277535039,0.0357666666666666,0.991650597379878,RF,as_submitted,PGD_eps0.3_it25,0.4715012284344034,{'n_estimators': 50},PGD,0.3,25.0,,,,,,,,,31
0.5164501418819071,0.1818372483221476,0.0172355525515376,0.0314866263550689,0.0650166666666666,0.9827644474484624,RF,as_submitted,PGD_eps0.5_it10,0.4833776053235179,{'n_estimators': 50},PGD,0.5,10.0,,,,,,,,,31
0.5348086634089735,0.2797904845045831,0.01274277876071,0.0243754040384834,0.0275,0.98725722123929,RF,as_submitted,PGD_eps0.5_it25,0.465010017859895,{'n_estimators': 50},PGD,0.5,25.0,,,,,,,,,31
0.5083089308541019,0.155932796639832,0.0177126612726875,0.0318117714265312,0.0803833333333333,0.9822873387273124,RF,as_submitted,PGD_eps0.75_it10,0.4915278822878797,{'n_estimators': 50},PGD,0.75,10.0,,,,,,,,,31
0.5167402518517176,0.1836003372681281,0.0173150706717293,0.0316456845967991,0.06455,0.9826849293282708,RF,as_submitted,PGD_eps0.75_it25,0.4831146931633772,{'n_estimators': 50},PGD,0.75,25.0,,,,,,,,,31
0.6872433206712419,0.996918820348362,0.3151700693795599,0.4789294021689877,0.0008166666666666,0.6848299306204402,RF,as_submitted,CW_c0.0_it10,0.3125481627879568,{'n_estimators': 50},CW,,10.0,0.0,,,,,,,,31
0.6875515625141655,0.9945051514205432,0.3166212750730572,0.4803220845019452,0.0014666666666666,0.6833787249269427,RF,as_submitted,CW_c0.5_it10,0.3122489868815898,{'n_estimators': 50},CW,,10.0,0.5,,,,,,,,31
0.12,0.0,0.0,0.0,0.76,1.0,RF,as_submitted,HopSkipJump_direct,0.88,{'n_estimators': 50},,,,,100.0,100.0,1.7397401332855225,569.0,0.0,0.0,22.712218523025516,31
0.9187420106434095,0.9499151103565364,0.8675625708208258,0.9068730843160684,0.03835,0.1324374291791742,LR,tuned,clean,0.0,"{'class_weight': 'balanced', 'C': 100.0}",,,,,,,,,,,,99
0.4295984696699093,0.3107710771077108,0.2059121722362483,0.2477012662465773,0.3828666666666667,0.7940878277637516,LR,tuned,FGSM_eps0.15,0.4901045302484973,"{'class_weight': 'balanced', 'C': 100.0}",FGSM,0.15,1.0,,,,,,,,,99
0.0746670534799597,0.0597101252041371,0.0697771504681629,0.0643523059576301,0.9212333333333332,0.9302228495318372,LR,tuned,FGSM_eps0.3,0.8451447376771257,"{'class_weight': 'balanced', 'C': 100.0}",FGSM,0.3,1.0,,,,,,,,,99
0.0417214400333626,0.0274982088635665,0.0320458024372303,0.0295983474868028,0.9501666666666668,0.9679541975627696,LR,tuned,FGSM_eps0.5,0.8784439226494293,"{'class_weight': 'balanced', 'C': 100.0}",FGSM,0.5,1.0,,,,,,,,,99
0.0272975349718502,0.0261105290292537,0.0312108621752181,0.0284337873080266,0.9759833333333332,0.9687891378247818,LR,tuned,FGSM_eps0.75,0.8928768936474982,"{'class_weight': 'balanced', 'C': 100.0}",FGSM,0.75,1.0,,,,,,,,,99
0.5101493159750868,0.4573233537045938,0.3971930103572351,0.4251425653247085,0.39515,0.6028069896427648,LR,tuned,PGD_eps0.15_it10,0.4095174201970935,"{'class_weight': 'balanced', 'C': 100.0}",PGD,0.15,10.0,,,,,,,,,99
0.4999138736027125,0.4463678516228748,0.4018845794485418,0.4229598401556599,0.4179,0.5981154205514582,LR,tuned,PGD_eps0.15_it25,0.4197709944425808,"{'class_weight': 'balanced', 'C': 100.0}",PGD,0.15,25.0,,,,,,,,,99
0.0818926049155508,0.1204367059384262,0.1607458799673975,0.1377020146114677,0.9842166666666666,0.8392541200326025,LR,tuned,PGD_eps0.3_it10,0.838127702782336,"{'class_weight': 'balanced', 'C': 100.0}",PGD,0.3,10.0,,,,,,,,,99
0.0934788718348549,0.1370681469578555,0.1865296304395364,0.1580188282052577,0.9845333333333334,0.8134703695604636,LR,tuned,PGD_eps0.3_it25,0.8271125898660961,"{'class_weight': 'balanced', 'C': 100.0}",PGD,0.3,25.0,,,,,,,,,99
0.1832679074911833,0.248154759643992,0.3896586684690774,0.3032098383479,0.9897666666666668,0.6103413315309226,LR,tuned,PGD_eps0.5_it10,0.7366436089680244,"{'class_weight': 'balanced', 'C': 100.0}",PGD,0.5,10.0,,,,,,,,,99
0.0969964552188063,0.1455562425410154,0.2012404826749895,0.1689278264497288,0.9904,0.7987595173250104,LR,tuned,PGD_eps0.5_it25,0.8230691821618632,"{'class_weight': 'balanced', 'C': 100.0}",PGD,0.5,25.0,,,,,,,,,99
0.1302775083179967,0.1886259416966917,0.2747549847921595,0.2236860206352417,0.99085,0.7252450152078405,LR,tuned,PGD_eps0.75_it10,0.7896249422046544,"{'class_weight': 'balanced', 'C': 100.0}",PGD,0.75,10.0,,,,,,,,,99
0.1259983862632929,0.1843798778651039,0.2676977516251516,0.2183610757518019,0.9928,0.7323022483748484,LR,tuned,PGD_eps0.75_it25,0.7939040642593583,"{'class_weight': 'balanced', 'C': 100.0}",PGD,0.75,25.0,,,,,,,,,99
0.5613627915831845,0.5147737765466297,0.6649702801025784,0.5803110606073749,0.5255,0.3350297198974216,LR,tuned,CW_c0.0_it10,0.3578325158880538,"{'class_weight': 'balanced', 'C': 100.0}",CW,,10.0,0.0,,,,,,,,99
0.5565397133350861,0.5106369934400098,0.6623064230761585,0.5766657723696851,0.5321333333333333,0.3376935769238415,LR,tuned,CW_c0.5_it10,0.3626465281995956,"{'class_weight': 'balanced', 'C': 100.0}",CW,,10.0,0.5,,,,,,,,99
0.08,0.08,0.08,0.08,0.92,0.92,LR,tuned,HopSkipJump_direct,1.0,"{'class_weight': 'balanced', 'C': 100.0}",,,,,100.0,92.0,0.3097184896469116,556.0,0.0,0.0,0.7543506622314453,99
0.9186150875316176,0.9525999912384456,0.8645607617835914,0.9064476796898612,0.0360666666666666,0.1354392382164085,LR,as_submitted,clean,0.0,{'max_iter': 500},,,,,,,,,,,,99
0.4481927055474465,0.3463921123811185,0.2367652028706041,0.2812743546749167,0.37455,0.7632347971293959,LR,as_submitted,FGSM_eps0.15,0.4714015031322811,{'max_iter': 500},FGSM,0.15,1.0,,,,,,,,,99
0.1094349201744286,0.1045266267306962,0.1259169433234598,0.1142290351668169,0.9043833333333332,0.8740830566765402,LR,as_submitted,FGSM_eps0.3,0.8102952775536477,{'max_iter': 500},FGSM,0.3,1.0,,,,,,,,,99
0.0481763868616447,0.0294451710607833,0.0340138759119734,0.0315650625858999,0.93995,0.9659861240880264,LR,as_submitted,FGSM_eps0.5,0.871907382392138,{'max_iter': 500},FGSM,0.5,1.0,,,,,,,,,99
0.0312049536277345,0.0262990384937518,0.0312108621752181,0.0285451950436814,0.9688,0.9687891378247818,LR,as_submitted,FGSM_eps0.75,0.8888969474991614,{'max_iter': 500},FGSM,0.75,1.0,,,,,,,,,99
0.5287707496622939,0.4813810275449634,0.430451464127388,0.4544939339238487,0.3888,0.569548535872612,LR,as_submitted,PGD_eps0.15_it10,0.3907781293346509,{'max_iter': 500},PGD,0.15,10.0,,,,,,,,,99
0.5279638813087586,0.4803230412279136,0.4280062819314951,0.452658025586847,0.3882333333333333,0.5719937180685049,LR,as_submitted,PGD_eps0.15_it25,0.391331151464602,{'max_iter': 500},PGD,0.15,25.0,,,,,,,,,99
0.090396453405619,0.1286060012174661,0.1721964892749935,0.1472428095464744,0.9781833333333332,0.8278035107250065,LR,as_submitted,PGD_eps0.3_it10,0.8297961070868426,{'max_iter': 500},PGD,0.3,10.0,,,,,,,,,99
0.0988459062763478,0.1409725776965265,0.1916187901318012,0.1624395422909048,0.9789333333333332,0.8083812098681987,LR,as_submitted,PGD_eps0.3_it25,0.8215279729472453,{'max_iter': 500},PGD,0.3,25.0,,,,,,,,,99
0.1844555451800948,0.2492348164824324,0.3917460191241079,0.3046479450254697,0.9893333333333332,0.6082539808758921,LR,as_submitted,PGD_eps0.5_it10,0.7353562459769907,{'max_iter': 500},PGD,0.5,10.0,,,,,,,,,99
0.1034332701739753,0.1540630206034372,0.2150965151183826,0.1795344052300595,0.9901833333333332,0.7849034848816174,LR,as_submitted,PGD_eps0.5_it25,0.8165598397142417,{'max_iter': 500},PGD,0.5,25.0,,,,,,,,,99
0.1369772354333064,0.1965799256505576,0.2890881259567023,0.2340237210125686,0.99055,0.7109118740432976,LR,as_submitted,PGD_eps0.75_it10,0.7828708194700054,{'max_iter': 500},PGD,0.75,10.0,,,,,,,,,99
0.1291261343753116,0.1881891158873155,0.2744965509015367,0.2232931207348232,0.99275,0.7255034490984633,LR,as_submitted,PGD_eps0.75_it25,0.7909576348784711,{'max_iter': 500},PGD,0.75,25.0,,,,,,,,,99
0.6320408329782509,0.5839061798335002,0.6720672723296821,0.6248925610669033,0.4015166666666667,0.3279327276703179,LR,as_submitted,CW_c0.0_it10,0.2870184854446388,{'max_iter': 500},CW,,10.0,0.0,,,,,,,,99
0.6228842370561091,0.5743517917534929,0.6684690773910105,0.6178467418166451,0.4153333333333333,0.3315309226089895,LR,as_submitted,CW_c0.5_it10,0.2961569494936674,{'max_iter': 500},CW,,10.0,0.5,,,,,,,,99
0.07,0.0784313725490196,0.08,0.0792079207920792,0.94,0.92,LR,as_submitted,HopSkipJump_direct,1.0,{'max_iter': 500},,,,,100.0,93.0,0.3694652318954468,556.0,0.0,0.0,0.7382173538208008,99
0.9236104185742908,0.966367463304898,0.8625131701886567,0.9114915966386554,0.0251666666666666,0.1374868298113432,SVM,tuned,clean,0.0,"{'class_weight': 'balanced', 'C': 1.0}",,,,,,,,,,,,99
0.4577482026780776,0.3639277639449357,0.2527881040892193,0.2983435784336727,0.3704166666666666,0.7472118959107806,SVM,tuned,FGSM_eps0.15,0.4688811727695529,"{'class_weight': 'balanced', 'C': 1.0}",FGSM,0.15,1.0,,,,,,,,,99
0.1185915160965703,0.1170815310536195,0.142595869033656,0.1285852574214828,0.9015333333333332,0.8574041309663439,SVM,tuned,FGSM_eps0.3,0.8081829143359655,"{'class_weight': 'balanced', 'C': 1.0}",FGSM,0.3,1.0,,,,,,,,,99
0.1013027750831799,0.089614712210866,0.1059777746854064,0.0971117851189988,0.9026166666666666,0.8940222253145935,SVM,tuned,FGSM_eps0.5,0.8255441828418085,"{'class_weight': 'balanced', 'C': 1.0}",FGSM,0.5,1.0,,,,,,,,,99
0.1010398629230392,0.089143049365066,0.1053615092539212,0.0965761037919787,0.9025833333333332,0.8946384907460787,SVM,tuned,FGSM_eps0.75,0.8258433587481755,"{'class_weight': 'balanced', 'C': 1.0}",FGSM,0.75,1.0,,,,,,,,,99
0.611597146043172,0.5663589305726026,0.6329443571953959,0.5978032294404807,0.4063,0.3670556428046041,SVM,tuned,PGD_eps0.15_it10,0.3146242622594127,"{'class_weight': 'balanced', 'C': 1.0}",PGD,0.15,10.0,,,,,,,,,99
0.6110078601669946,0.5662985406432643,0.6279347156233227,0.5955260602746958,0.4031833333333333,0.3720652843766773,SVM,tuned,PGD_eps0.15_it25,0.3147330534980916,"{'class_weight': 'balanced', 'C': 1.0}",PGD,0.15,25.0,,,,,,,,,99
0.305766842243638,0.3579546068922265,0.6580919627060017,0.4636934110264455,0.9896166666666668,0.3419080372939984,SVM,tuned,PGD_eps0.3_it10,0.6231471492162498,"{'class_weight': 'balanced', 'C': 1.0}",PGD,0.3,10.0,,,,,,,,,99
0.3006445880891725,0.3545618104177053,0.6503389459873169,0.45892164495788,0.9925333333333334,0.3496610540126831,SVM,tuned,PGD_eps0.3_it25,0.6281424802589232,"{'class_weight': 'balanced', 'C': 1.0}",PGD,0.3,25.0,,,,,,,,,99
0.2623954017569785,0.3238740118184808,0.5676599805180605,0.4124359066945909,0.9935333333333334,0.4323400194819394,SVM,tuned,PGD_eps0.5_it10,0.6658023807149398,"{'class_weight': 'balanced', 'C': 1.0}",PGD,0.5,10.0,,,,,,,,,99
0.1746733996355493,0.2411378166427291,0.3771544440689422,0.2941851449837184,0.9950833333333332,0.6228455559310578,SVM,tuned,PGD_eps0.5_it25,0.7539867456007543,"{'class_weight': 'balanced', 'C': 1.0}",PGD,0.5,25.0,,,,,,,,,99
0.1717813658740016,0.238195454197597,0.371250223644713,0.2901985159861699,0.99545,0.628749776355287,SVM,tuned,PGD_eps0.75_it10,0.7564345484710298,"{'class_weight': 'balanced', 'C': 1.0}",PGD,0.75,10.0,,,,,,,,,99
0.1692610355112735,0.2358767893660531,0.3668767270341729,0.2871412679025695,0.9964166666666666,0.633123272965827,SVM,tuned,PGD_eps0.75_it25,0.7592993844229078,"{'class_weight': 'balanced', 'C': 1.0}",PGD,0.75,25.0,,,,,,,,,99
0.8037950010425827,0.7584540191534258,0.8360137566347932,0.7953475177304965,0.2232166666666666,0.1639862433652068,SVM,tuned,CW_c0.0_it10,0.1202052528036408,"{'class_weight': 'balanced', 'C': 1.0}",CW,,10.0,0.0,,,,,,,,99
0.8010208244562704,0.7545652056811448,0.8354173707333559,0.7929355824748103,0.2278166666666666,0.1645826292666441,SVM,tuned,CW_c0.5_it10,0.1229884953265097,"{'class_weight': 'balanced', 'C': 1.0}",CW,,10.0,0.5,,,,,,,,99
0.09,0.1132075471698113,0.12,0.116504854368932,0.94,0.88,SVM,tuned,HopSkipJump_direct,1.0,"{'class_weight': 'balanced', 'C': 1.0}",,,,,100.0,91.0,0.2908323109149933,557.0,0.0,0.0,0.738893985748291,99
0.921425527864156,0.9710594198307464,0.8531300320060434,0.9082828026286548,0.0213166666666666,0.1468699679939566,SVM,as_submitted,clean,0.0,{'max_iter': 500},,,,,,,,,,,,99
0.45850974134883,0.364835795210096,0.2528676222094109,0.2987037384933308,0.3690833333333333,0.747132377790589,SVM,as_submitted,FGSM_eps0.15,0.4658894137058829,{'max_iter': 500},FGSM,0.15,1.0,,,,,,,,,99
0.1200692637552922,0.1175065445026178,0.1427747848040872,0.128914138014593,0.8989666666666667,0.8572252151959128,SVM,as_submitted,FGSM_eps0.3,0.8044749462843259,{'max_iter': 500},FGSM,0.3,1.0,,,,,,,,,99
0.1012755772735102,0.0895963959723646,0.1059578951553585,0.0970926843485864,0.90265,0.8940421048446415,SVM,as_submitted,FGSM_eps0.5,0.8233230283854474,{'max_iter': 500},FGSM,0.5,1.0,,,,,,,,,99
0.1010217310499261,0.0891124081207003,0.1053217501938254,0.0965414191479281,0.9025833333333332,0.8946782498061746,SVM,as_submitted,FGSM_eps0.75,0.8236403361649275,{'max_iter': 500},FGSM,0.75,1.0,,,,,,,,,99
0.6122317616021323,0.5670220529341615,0.6333021887362583,0.5983321751216122,0.4054333333333333,0.3666978112637417,SVM,as_submitted,PGD_eps0.15_it10,0.3118138219268742,{'max_iter': 500},PGD,0.15,10.0,,,,,,,,,99
0.6110985195325603,0.5664739884393064,0.6273184501918375,0.5953456781971342,0.4025,0.3726815498081625,SVM,as_submitted,PGD_eps0.15_it25,0.3124484374858344,{'max_iter': 500},PGD,0.15,25.0,,,,,,,,,99
0.3061748093886839,0.3581165880469122,0.65801244458581,0.4638095438271994,0.9888,0.34198755541419,SVM,as_submitted,PGD_eps0.3_it10,0.6205996210438519,{'max_iter': 500},PGD,0.3,10.0,,,,,,,,,99
0.3007715112009646,0.3546093140230683,0.650299186927221,0.4589515331355094,0.9922666666666666,0.3497008130727789,SVM,as_submitted,PGD_eps0.3_it25,0.6258759961197792,{'max_iter': 500},PGD,0.3,25.0,,,,,,,,,99
0.2623319402010824,0.3238043379617025,0.5674413056875336,0.4123216929688346,0.9934666666666668,0.4325586943124664,SVM,as_submitted,PGD_eps0.5_it10,0.6637172153069273,{'max_iter': 500},PGD,0.5,10.0,,,,,,,,,99
0.1748003227473414,0.2411741523753829,0.3771345645388943,0.294206135045439,0.9948333333333332,0.6228654354611057,SVM,as_submitted,PGD_eps0.5_it25,0.7525271298151456,{'max_iter': 500},PGD,0.5,25.0,,,,,,,,,99
0.1713008712365031,0.2376600334426815,0.3701369699620301,0.2894610015080142,0.9954,0.62986303003797,SVM,as_submitted,PGD_eps0.75_it10,0.7547573502080632,{'max_iter': 500},PGD,0.75,10.0,,,,,,,,,99
0.1694332883058484,0.2359340841973383,0.3668767270341729,0.2871837166599234,0.9961,0.633123272965827,SVM,as_submitted,PGD_eps0.75_it25,0.7588370216585224,{'max_iter': 500},PGD,0.75,25.0,,,,,,,,,99
0.8062790676590845,0.7651133385864287,0.8300300180903724,0.7962507389820165,0.2136333333333333,0.1699699819096276,SVM,as_submitted,CW_c0.0_it10,0.115391240492099,{'max_iter': 500},CW,,10.0,0.0,,,,,,,,99
0.8056353861635677,0.7632423756019262,0.8318390553247321,0.7960657109971748,0.2163333333333333,0.1681609446752678,SVM,as_submitted,CW_c0.5_it10,0.1161709110359645,{'max_iter': 500},CW,,10.0,0.5,,,,,,,,99
0.11,0.1578947368421052,0.18,0.1682242990654205,0.96,0.82,SVM,as_submitted,HopSkipJump_direct,1.0,{'max_iter': 500},,,,,100.0,89.0,0.2975334823131561,557.0,0.0,0.0,0.7416400909423828,99
0.9997552197129724,0.999880687241489,0.999582529868994,0.9997315863248204,0.0001,0.0004174701310061,RF,tuned,clean,0.0,"{'n_estimators': 50, 'min_samples_leaf': 2, 'max_features': 'log2', 'max_depth': None}",,,,,,,,,,,,99
0.5465127875035131,0.531084656084656,0.0478897878854143,0.0878571819325662,0.03545,0.9521102121145856,RF,tuned,FGSM_eps0.15,0.4533058937653554,"{'n_estimators': 50, 'min_samples_leaf': 2, 'max_features': 'log2', 'max_depth': None}",FGSM,0.15,1.0,,,,,,,,,99
0.5014732146904436,0.2360297431275349,0.0416476154503707,0.0708021426519542,0.1130166666666666,0.9583523845496292,RF,tuned,FGSM_eps0.3,0.4983817303246511,"{'n_estimators': 50, 'min_samples_leaf': 2, 'max_features': 'log2', 'max_depth': None}",FGSM,0.3,1.0,,,,,,,,,99
0.4886630463360017,0.2056751278834089,0.0423632785320955,0.0702558354213372,0.1371666666666666,0.9576367214679044,RF,tuned,FGSM_eps0.5,0.5111918986790931,"{'n_estimators': 50, 'min_samples_leaf': 2, 'max_features': 'log2', 'max_depth': None}",FGSM,0.5,1.0,,,,,,,,,99
0.5039844791166151,0.2390197703326624,0.0401367711667296,0.068731914893617,0.1071333333333333,0.9598632288332704,RF,tuned,FGSM_eps0.75,0.4958795318350362,"{'n_estimators': 50, 'min_samples_leaf': 2, 'max_features': 'log2', 'max_depth': None}",FGSM,0.75,1.0,,,,,,,,,99
0.5135490421838028,0.3479601087941976,0.0762976363238773,0.1251528540915983,0.1198666666666666,0.9237023636761228,RF,tuned,PGD_eps0.15_it10,0.4862787050216222,"{'n_estimators': 50, 'min_samples_leaf': 2, 'max_features': 'log2', 'max_depth': None}",PGD,0.15,10.0,,,,,,,,,99
0.5610545497402609,0.6144973288003885,0.1006103015724708,0.1729103674473428,0.0529166666666666,0.8993896984275291,RF,tuned,PGD_eps0.15_it25,0.4387641315286075,"{'n_estimators': 50, 'min_samples_leaf': 2, 'max_features': 'log2', 'max_depth': None}",PGD,0.15,25.0,,,,,,,,,99
0.3432182261588533,0.1500284504014667,0.0943482496073792,0.1158451005040458,0.4481333333333333,0.9056517503926208,RF,tuned,PGD_eps0.3_it10,0.656645784792798,"{'n_estimators': 50, 'min_samples_leaf': 2, 'max_features': 'log2', 'max_depth': None}",PGD,0.3,10.0,,,,,,,,,99
0.3244970671695239,0.0364597296158707,0.01892531260561,0.0249169000444944,0.4193166666666666,0.98107468739439,RF,tuned,PGD_eps0.3_it25,0.6753669437821274,"{'n_estimators': 50, 'min_samples_leaf': 2, 'max_features': 'log2', 'max_depth': None}",PGD,0.3,25.0,,,,,,,,,99
0.4222641269956393,0.0717794933962866,0.0223644713038983,0.0341033102946526,0.2424666666666666,0.9776355286961016,RF,tuned,PGD_eps0.5_it10,0.577599883956012,"{'n_estimators': 50, 'min_samples_leaf': 2, 'max_features': 'log2', 'max_depth': None}",PGD,0.5,10.0,,,,,,,,,99
0.4388638568307299,0.0795124782356355,0.0217879649325089,0.0342035046109195,0.2114666666666666,0.978212035067491,RF,tuned,PGD_eps0.5_it25,0.561009220057478,"{'n_estimators': 50, 'min_samples_leaf': 2, 'max_features': 'log2', 'max_depth': None}",PGD,0.5,25.0,,,,,,,,,99
0.366508617172697,0.084490298475778,0.0395602647953402,0.0538886481802426,0.3593833333333333,0.9604397352046598,RF,tuned,PGD_eps0.75_it10,0.6333644597155109,"{'n_estimators': 50, 'min_samples_leaf': 2, 'max_features': 'log2', 'max_depth': None}",PGD,0.75,10.0,,,,,,,,,99
0.3656020235170394,0.0478094975405691,0.020674711249826,0.028866437215499,0.3452166666666666,0.979325288750174,RF,tuned,PGD_eps0.75_it25,0.6342801193077251,"{'n_estimators': 50, 'min_samples_leaf': 2, 'max_features': 'log2', 'max_depth': None}",PGD,0.75,25.0,,,,,,,,,99
0.6405900111511019,0.889896846879801,0.2418146035027732,0.3802913774776464,0.0250833333333333,0.7581853964972268,RF,tuned,CW_c0.0_it10,0.3592105382446534,"{'n_estimators': 50, 'min_samples_leaf': 2, 'max_features': 'log2', 'max_depth': None}",CW,,10.0,0.0,,,,,,,,99
0.6385955051086553,0.8849472674976031,0.2385344810448681,0.3757790235194638,0.026,0.7614655189551319,RF,tuned,CW_c0.5_it10,0.3612050442871001,"{'n_estimators': 50, 'min_samples_leaf': 2, 'max_features': 'log2', 'max_depth': None}",CW,,10.0,0.5,,,,,,,,99
0.07,0.0,0.0,0.0,0.86,1.0,RF,tuned,HopSkipJump_direct,0.93,"{'n_estimators': 50, 'min_samples_leaf': 2, 'max_features': 'log2', 'max_depth': None}",,,,,100.0,100.0,1.2045693397521973,564.0,0.0,0.0,23.121968030929565,99
0.999764285649529,0.9998806896140308,0.9996024093990418,0.999741530141562,0.0001,0.0003975906009581,RF,as_submitted,clean,0.0,{'n_estimators': 50},,,,,,,,,,,,99
0.496396290218761,0.193717888836992,0.0329801403494821,0.0563643467477534,0.1150833333333333,0.9670198596505178,RF,as_submitted,FGSM_eps0.15,0.503431456986664,{'n_estimators': 50},FGSM,0.15,1.0,,,,,,,,,99
0.4766960100813214,0.1734882492738315,0.0391825537244299,0.0639270887389725,0.1565,0.96081744627557,RF,as_submitted,FGSM_eps0.3,0.5231589349337733,{'n_estimators': 50},FGSM,0.3,1.0,,,,,,,,,99
0.4583918841735945,0.1480984340044742,0.0394807466751486,0.062342065198625,0.1904,0.9605192533248514,RF,as_submitted,FGSM_eps0.5,0.5414811927146134,{'n_estimators': 50},FGSM,0.5,1.0,,,,,,,,,99
0.4743298006400551,0.1698194325021496,0.0392620718446215,0.0637785994542489,0.1609166666666666,0.9607379281553784,RF,as_submitted,FGSM_eps0.75,0.5255070125019266,{'n_estimators': 50},FGSM,0.75,1.0,,,,,,,,,99
0.5549985041204681,0.6275659824046921,0.0595590720235373,0.1087931441436534,0.0296333333333333,0.9404409279764626,RF,as_submitted,PGD_eps0.15_it10,0.4448292430849569,{'n_estimators': 50},PGD,0.15,10.0,,,,,,,,,99
0.5173476696010081,0.1163398692810457,0.0088463908713198,0.0164425066509015,0.0563333333333333,0.9911536091286802,RF,as_submitted,PGD_eps0.15_it25,0.4824891435409735,{'n_estimators': 50},PGD,0.15,25.0,,,,,,,,,99
0.502597390823459,0.2415004533091568,0.0423632785320955,0.0720821283000997,0.11155,0.9576367214679044,RF,as_submitted,PGD_eps0.3_it10,0.4972575541916357,{'n_estimators': 50},PGD,0.3,10.0,,,,,,,,,99
0.4795971097794257,0.1145618416766207,0.0209729042005447,0.0354550342788009,0.1359,0.9790270957994552,RF,as_submitted,PGD_eps0.3_it25,0.520257835235669,{'n_estimators': 50},PGD,0.3,25.0,,,,,,,,,99
0.4484374858344741,0.1574326960593055,0.0481283422459893,0.0737199494526575,0.21595,0.9518716577540108,RF,as_submitted,PGD_eps0.5_it10,0.5514265251171773,{'n_estimators': 50},PGD,0.5,10.0,,,,,,,,,99
0.3844501056181609,0.0874214426414032,0.0370554440093036,0.0520488656195462,0.3243,0.9629445559906964,RF,as_submitted,PGD_eps0.5_it25,0.6154139053334905,{'n_estimators': 50},PGD,0.5,25.0,,,,,,,,,99
0.3982937907400524,0.107221434508385,0.0435958093950659,0.0619876759568093,0.3043333333333333,0.956404190604934,RF,as_submitted,PGD_eps0.75_it10,0.6015883520847121,{'n_estimators': 50},PGD,0.75,10.0,,,,,,,,,99
0.5069127766243892,0.1746815286624203,0.0218078444625569,0.0387748970538854,0.0863833333333333,0.9781921555374432,RF,as_submitted,PGD_eps0.75_it25,0.4929421683907056,{'n_estimators': 50},PGD,0.75,25.0,,,,,,,,,99
0.5768020815390333,0.7752621182191156,0.1014253623044351,0.1793826031924618,0.02465,0.8985746376955649,RF,as_submitted,CW_c0.0_it10,0.4230075337932785,{'n_estimators': 50},CW,,10.0,0.0,,,,,,,,99
0.5622784511753987,0.6357286769644056,0.0940898157167564,0.1639190967652559,0.0452,0.9059101842832435,RF,as_submitted,CW_c0.5_it10,0.4375311641569132,{'n_estimators': 50},CW,,10.0,0.5,,,,,,,,99
0.12,0.0,0.0,0.0,0.76,1.0,RF,as_submitted,HopSkipJump_direct,0.88,{'n_estimators': 50},,,,,100.0,100.0,0.8792478442192078,563.0,0.0,0.0,22.13357353210449,99
