accuracy,precision,recall,f1,fpr,fnr,model,defense_attack,ratio,eval_attack,adv_train_s,family,epsilon,iters,confidence,retrain_s,seed
0.8875612745098039,0.5454545454545454,0.6161369193154034,0.5786452353616532,0.073555166374781,0.3838630806845965,MLP,FGSM,0.3,FGSM_eps0.15,7.406994819641113,FGSM,0.15,1,,,42
0.8177083333333334,0.3603603603603603,0.58679706601467,0.4465116279069767,0.1492119089316987,0.4132029339853301,MLP,FGSM,0.3,FGSM_eps0.3,7.406994819641113,FGSM,0.3,1,,,42
0.7408088235294118,0.2292441140024783,0.452322738386308,0.3042763157894737,0.2178633975481611,0.5476772616136919,MLP,FGSM,0.3,FGSM_eps0.5,7.406994819641113,FGSM,0.5,1,,,42
0.7058823529411765,0.1901012373453318,0.4132029339853301,0.2604006163328197,0.2521891418563923,0.58679706601467,MLP,FGSM,0.3,FGSM_eps0.75,7.406994819641113,FGSM,0.75,1,,,42
0.8897058823529411,0.5538461538461539,0.6161369193154034,0.5833333333333334,0.0711033274956217,0.3838630806845965,MLP,FGSM,0.3,PGD_eps0.15_it10,7.406994819641113,PGD,0.15,10,,,42
0.8900122549019608,0.5545851528384279,0.6210268948655256,0.5859284890426759,0.0714535901926444,0.3789731051344743,MLP,FGSM,0.3,PGD_eps0.15_it25,7.406994819641113,PGD,0.15,25,,,42
0.8471200980392157,0.4210526315789473,0.58679706601467,0.4902962206332993,0.1155866900175131,0.4132029339853301,MLP,FGSM,0.3,PGD_eps0.3_it10,7.406994819641113,PGD,0.3,10,,,42
0.8474264705882353,0.421792618629174,0.58679706601467,0.4907975460122699,0.1152364273204903,0.4132029339853301,MLP,FGSM,0.3,PGD_eps0.3_it25,7.406994819641113,PGD,0.3,25,,,42
0.7285539215686274,0.1914618369987063,0.3618581907090464,0.2504230118443316,0.2189141856392294,0.6381418092909535,MLP,FGSM,0.3,PGD_eps0.5_it10,7.406994819641113,PGD,0.5,10,,,42
0.7310049019607843,0.1877496671105193,0.3447432762836185,0.243103448275862,0.2136602451838879,0.6552567237163814,MLP,FGSM,0.3,PGD_eps0.5_it25,7.406994819641113,PGD,0.5,25,,,42
0.6875,0.1435239206534422,0.3007334963325183,0.1943127962085308,0.257092819614711,0.6992665036674817,MLP,FGSM,0.3,PGD_eps0.75_it10,7.406994819641113,PGD,0.75,10,,,42
0.6755514705882353,0.1264367816091954,0.2689486552567237,0.1720093823299452,0.266199649737303,0.7310513447432763,MLP,FGSM,0.3,PGD_eps0.75_it25,7.406994819641113,PGD,0.75,25,,,42
0.9010416666666666,0.5934782608695652,0.6674816625916871,0.6283084004602992,0.0654991243432574,0.3325183374083129,MLP,FGSM,0.3,CW_c0.0_it10,7.406994819641113,CW,,10,0.0,,42
0.8988970588235294,0.5849462365591398,0.6650366748166259,0.6224256292906178,0.067600700525394,0.334963325183374,MLP,FGSM,0.3,CW_c0.5_it10,7.406994819641113,CW,,10,0.5,,42
0.9111519607843136,0.64,0.6650366748166259,0.6522781774580336,0.0535901926444833,0.334963325183374,MLP,FGSM,0.3,Clean,7.406994819641113,Clean,0.0,0,,,42
0.8342524509803921,0.390728476821192,0.5770171149144254,0.4659427443237907,0.1288966725043782,0.4229828850855746,LR,FGSM,0.3,Clean,,Clean,0.0,0,,0.0303883552551269,42
0.7107843137254902,0.2369714847590953,0.589242053789731,0.3380084151472651,0.2718038528896672,0.4107579462102689,LR,FGSM,0.3,FGSM_eps0.15,,FGSM,0.15,1,,0.0303883552551269,42
0.3241421568627451,0.124215809284818,0.726161369193154,0.2121428571428571,0.7334500875656742,0.2738386308068459,LR,FGSM,0.3,FGSM_eps0.3,,FGSM,0.3,1,,0.0303883552551269,42
0.2230392156862745,0.1125683060109289,0.7555012224938875,0.1959416613823716,0.8532399299474606,0.2444987775061124,LR,FGSM,0.3,FGSM_eps0.5,,FGSM,0.5,1,,0.0303883552551269,42
0.2150735294117647,0.1084030556566024,0.7286063569682152,0.1887270424319189,0.8584938704028021,0.2713936430317848,LR,FGSM,0.3,FGSM_eps0.75,,FGSM,0.75,1,,0.0303883552551269,42
0.7034313725490197,0.2335557673975214,0.5990220048899756,0.336076817558299,0.2816112084063047,0.4009779951100244,LR,FGSM,0.3,PGD_eps0.15_it10,,PGD,0.15,10,,0.0303883552551269,42
0.7068014705882353,0.2365384615384615,0.6014669926650367,0.3395445134575569,0.2781085814360771,0.3985330073349633,LR,FGSM,0.3,PGD_eps0.15_it25,,PGD,0.15,25,,0.0303883552551269,42
0.4010416666666667,0.132254995242626,0.6797066014669927,0.2214257268020709,0.6388791593695271,0.3202933985330073,LR,FGSM,0.3,PGD_eps0.3_it10,,PGD,0.3,10,,0.0303883552551269,42
0.4129901960784313,0.1326182350073135,0.6650366748166259,0.2211382113821138,0.6231173380035027,0.334963325183374,LR,FGSM,0.3,PGD_eps0.3_it25,,PGD,0.3,25,,0.0303883552551269,42
0.2619485294117647,0.1141975308641975,0.7237163814180929,0.1972675774741752,0.8042031523642732,0.2762836185819071,LR,FGSM,0.3,PGD_eps0.5_it10,,PGD,0.5,10,,0.0303883552551269,42
0.2833946078431372,0.1149241819632881,0.7041564792176039,0.197598627787307,0.7768826619964974,0.295843520782396,LR,FGSM,0.3,PGD_eps0.5_it25,,PGD,0.5,25,,0.0303883552551269,42
0.2248774509803921,0.1105398457583547,0.7359413202933985,0.1922094508301405,0.8483362521891419,0.2640586797066014,LR,FGSM,0.3,PGD_eps0.75_it10,,PGD,0.75,10,,0.0303883552551269,42
0.2552083333333333,0.1141221374045801,0.7310513447432763,0.1974248927038626,0.8129597197898424,0.2689486552567237,LR,FGSM,0.3,PGD_eps0.75_it25,,PGD,0.75,25,,0.0303883552551269,42
0.7576593137254902,0.2726190476190476,0.5599022004889975,0.366693354683747,0.2140105078809107,0.4400977995110024,LR,FGSM,0.3,CW_c0.0_it10,,CW,,10,0.0,0.0303883552551269,42
0.7405024509803921,0.2566666666666666,0.5647921760391198,0.3529411764705882,0.2343257443082311,0.4352078239608802,LR,FGSM,0.3,CW_c0.5_it10,,CW,,10,0.5,0.0303883552551269,42
0.8370098039215687,0.3966386554621848,0.5770171149144254,0.4701195219123506,0.1257443082311733,0.4229828850855746,SVM,FGSM,0.3,Clean,,Clean,0.0,0,,0.0633077621459961,42
0.7607230392156863,0.2801418439716312,0.5794621026894865,0.3776892430278884,0.2133099824868651,0.4205378973105134,SVM,FGSM,0.3,FGSM_eps0.15,,FGSM,0.15,1,,0.0633077621459961,42
0.4647671568627451,0.1456567796610169,0.6723716381418093,0.239442751414889,0.5649737302977232,0.3276283618581907,SVM,FGSM,0.3,FGSM_eps0.3,,FGSM,0.3,1,,0.0633077621459961,42
0.2791053921568627,0.1145915939730372,0.706601466992665,0.1972023200272944,0.7821366024518389,0.293398533007335,SVM,FGSM,0.3,FGSM_eps0.5,,FGSM,0.5,1,,0.0633077621459961,42
0.2319240196078431,0.1005331302361005,0.6454767726161369,0.1739703459637561,0.8273204903677759,0.3545232273838631,SVM,FGSM,0.3,FGSM_eps0.75,,FGSM,0.75,1,,0.0633077621459961,42
0.7521446078431373,0.2737556561085973,0.5916870415647921,0.374323279195669,0.2248686514886164,0.4083129584352078,SVM,FGSM,0.3,PGD_eps0.15_it10,,PGD,0.15,10,,0.0633077621459961,42
0.7536764705882353,0.2748004561003421,0.589242053789731,0.374805598755832,0.2227670753064798,0.4107579462102689,SVM,FGSM,0.3,PGD_eps0.15_it25,,PGD,0.15,25,,0.0633077621459961,42
0.4623161764705882,0.1431601272534464,0.6601466992665037,0.2352941176470588,0.5660245183887916,0.3398533007334963,SVM,FGSM,0.3,PGD_eps0.3_it10,,PGD,0.3,10,,0.0633077621459961,42
0.4659926470588235,0.142550911039657,0.6503667481662592,0.2338461538461538,0.5604203152364273,0.3496332518337408,SVM,FGSM,0.3,PGD_eps0.3_it25,,PGD,0.3,25,,0.0633077621459961,42
0.2748161764705882,0.1145669291338582,0.7114914425427873,0.1973550356052899,0.7877408056042031,0.2885085574572127,SVM,FGSM,0.3,PGD_eps0.5_it10,,PGD,0.5,10,,0.0633077621459961,42
0.2732843137254901,0.1131257390618841,0.7017114914425427,0.1948404616429056,0.7880910683012259,0.2982885085574572,SVM,FGSM,0.3,PGD_eps0.5_it25,,PGD,0.5,25,,0.0633077621459961,42
0.2208946078431372,0.1111516034985422,0.7457212713936431,0.1934665398033618,0.8542907180385289,0.254278728606357,SVM,FGSM,0.3,PGD_eps0.75_it10,,PGD,0.75,10,,0.0633077621459961,42
0.2267156862745098,0.1122112211221122,0.7481662591687042,0.1951530612244898,0.8479859894921191,0.2518337408312958,SVM,FGSM,0.3,PGD_eps0.75_it25,,PGD,0.75,25,,0.0633077621459961,42
0.8036151960784313,0.3333333333333333,0.5672371638141809,0.4199095022624434,0.1625218914185639,0.432762836185819,SVM,FGSM,0.3,CW_c0.0_it10,,CW,,10,0.0,0.0633077621459961,42
0.7950367647058824,0.3209366391184573,0.5696821515892421,0.4105726872246696,0.1726795096322241,0.4303178484107579,SVM,FGSM,0.3,CW_c0.5_it10,,CW,,10,0.5,0.0633077621459961,42
0.915747549019608,0.6456521739130435,0.726161369193154,0.6835443037974683,0.057092819614711,0.2738386308068459,RF,FGSM,0.3,Clean,,Clean,0.0,0,,1.9286220073699951,42
0.9298406862745098,0.8688524590163934,0.5183374083129584,0.6493108728943339,0.0112084063047285,0.4816625916870415,RF,FGSM,0.3,FGSM_eps0.15,,FGSM,0.15,1,,1.9286220073699951,42
0.867953431372549,0.4804964539007092,0.6625916870415648,0.5570400822199383,0.1026269702276707,0.3374083129584352,RF,FGSM,0.3,FGSM_eps0.3,,FGSM,0.3,1,,1.9286220073699951,42
0.8863357843137255,0.9130434782608696,0.1026894865525672,0.1846153846153846,0.001401050788091,0.8973105134474327,RF,FGSM,0.3,FGSM_eps0.5,,FGSM,0.5,1,,1.9286220073699951,42
0.8866421568627451,0.8,0.1271393643031785,0.2194092827004219,0.0045534150612959,0.8728606356968215,RF,FGSM,0.3,FGSM_eps0.75,,FGSM,0.75,1,,1.9286220073699951,42
0.928921568627451,0.8641975308641975,0.5134474327628362,0.6441717791411042,0.0115586690017513,0.4865525672371638,RF,FGSM,0.3,PGD_eps0.15_it10,,PGD,0.15,10,,1.9286220073699951,42
0.928921568627451,0.8612244897959184,0.5158924205378973,0.6452599388379205,0.011908931698774,0.4841075794621027,RF,FGSM,0.3,PGD_eps0.15_it25,,PGD,0.15,25,,1.9286220073699951,42
0.8863357843137255,0.5399159663865546,0.628361858190709,0.5807909604519774,0.076707530647986,0.3716381418092909,RF,FGSM,0.3,PGD_eps0.3_it10,,PGD,0.3,10,,1.9286220073699951,42
0.8826593137254902,0.5265306122448979,0.6308068459657702,0.5739710789766407,0.0812609457092819,0.3691931540342298,RF,FGSM,0.3,PGD_eps0.3_it25,,PGD,0.3,25,,1.9286220073699951,42
0.8765318627450981,0.53125,0.1246943765281173,0.201980198019802,0.0157618213660245,0.8753056234718827,RF,FGSM,0.3,PGD_eps0.5_it10,,PGD,0.5,10,,1.9286220073699951,42
0.8774509803921569,0.5569620253164557,0.1075794621026894,0.180327868852459,0.0122591943957968,0.8924205378973105,RF,FGSM,0.3,PGD_eps0.5_it25,,PGD,0.5,25,,1.9286220073699951,42
0.8694852941176471,0.3508771929824561,0.0488997555012225,0.0858369098712446,0.0129597197898423,0.9511002444987776,RF,FGSM,0.3,PGD_eps0.75_it10,,PGD,0.75,10,,1.9286220073699951,42
0.8725490196078431,0.4222222222222222,0.0464547677261613,0.0837004405286343,0.0091068301225919,0.9535452322738386,RF,FGSM,0.3,PGD_eps0.75_it25,,PGD,0.75,25,,1.9286220073699951,42
0.9215686274509804,0.7976653696498055,0.5012224938875306,0.6156156156156156,0.0182136602451838,0.4987775061124694,RF,FGSM,0.3,CW_c0.0_it10,,CW,,10,0.0,1.9286220073699951,42
0.9252450980392156,0.880184331797235,0.4669926650366748,0.610223642172524,0.0091068301225919,0.5330073349633252,RF,FGSM,0.3,CW_c0.5_it10,,CW,,10,0.5,1.9286220073699951,42
0.9025735294117648,0.6206896551724138,0.5721271393643031,0.5954198473282443,0.0500875656742556,0.4278728606356968,MLP,FGSM,0.5,FGSM_eps0.15,7.760614395141602,FGSM,0.15,1,,,42
0.8079044117647058,0.3387573964497041,0.5599022004889975,0.4221198156682028,0.1565674255691768,0.4400977995110024,MLP,FGSM,0.5,FGSM_eps0.3,7.760614395141602,FGSM,0.3,1,,,42
0.6112132352941176,0.1576433121019108,0.4841075794621027,0.2378378378378378,0.3705779334500875,0.5158924205378973,MLP,FGSM,0.5,FGSM_eps0.5,7.760614395141602,FGSM,0.5,1,,,42
0.4555759803921568,0.1131221719457013,0.4889975550122249,0.183739090491502,0.5492119089316988,0.511002444987775,MLP,FGSM,0.5,FGSM_eps0.75,7.760614395141602,FGSM,0.75,1,,,42
0.9001225490196079,0.6077922077922078,0.5721271393643031,0.5894206549118388,0.0528896672504378,0.4278728606356968,MLP,FGSM,0.5,PGD_eps0.15_it10,7.760614395141602,PGD,0.15,10,,,42
0.8998161764705882,0.6062176165803109,0.5721271393643031,0.5886792452830188,0.0532399299474605,0.4278728606356968,MLP,FGSM,0.5,PGD_eps0.15_it25,7.760614395141602,PGD,0.15,25,,,42
0.8201593137254902,0.3605015673981191,0.5623471882640587,0.4393505253104107,0.1429071803852889,0.4376528117359413,MLP,FGSM,0.5,PGD_eps0.3_it10,7.760614395141602,PGD,0.3,10,,,42
0.8137254901960784,0.3499245852187028,0.5672371638141809,0.4328358208955223,0.1509632224168126,0.432762836185819,MLP,FGSM,0.5,PGD_eps0.3_it25,7.760614395141602,PGD,0.3,25,,,42
0.6930147058823529,0.1556329849012775,0.3276283618581907,0.2110236220472441,0.2546409807355516,0.6723716381418093,MLP,FGSM,0.5,PGD_eps0.5_it10,7.760614395141602,PGD,0.5,10,,,42
0.6807598039215687,0.1423728813559322,0.3080684596577017,0.1947449768160742,0.2658493870402802,0.6919315403422983,MLP,FGSM,0.5,PGD_eps0.5_it25,7.760614395141602,PGD,0.5,25,,,42
0.5337009803921569,0.100502512562814,0.3422982885085575,0.1553829078801331,0.4388791593695271,0.6577017114914425,MLP,FGSM,0.5,PGD_eps0.75_it10,7.760614395141602,PGD,0.75,10,,,42
0.4914215686274509,0.0914435009797517,0.3422982885085575,0.1443298969072164,0.487215411558669,0.6577017114914425,MLP,FGSM,0.5,PGD_eps0.75_it25,7.760614395141602,PGD,0.75,25,,,42
0.9068627450980392,0.6370757180156658,0.5965770171149144,0.6161616161616161,0.0486865148861646,0.4034229828850856,MLP,FGSM,0.5,CW_c0.0_it10,7.760614395141602,CW,,10,0.0,,42
0.9041053921568628,0.6230769230769231,0.5941320293398533,0.6082603254067585,0.0514886164623467,0.4058679706601467,MLP,FGSM,0.5,CW_c0.5_it10,7.760614395141602,CW,,10,0.5,,42
0.9206495098039216,0.7106741573033708,0.6185819070904646,0.661437908496732,0.036077057793345,0.3814180929095354,MLP,FGSM,0.5,Clean,7.760614395141602,Clean,0.0,0,,,42
0.8314950980392157,0.3868378812199037,0.589242053789731,0.4670542635658914,0.133800350262697,0.4107579462102689,LR,FGSM,0.5,Clean,,Clean,0.0,0,,0.026778221130371,42
0.7576593137254902,0.2809633027522936,0.5990220048899756,0.3825136612021858,0.2196147110332749,0.4009779951100244,LR,FGSM,0.5,FGSM_eps0.15,,FGSM,0.15,1,,0.026778221130371,42
0.4742647058823529,0.1507215392838054,0.6894865525672371,0.2473684210526315,0.5565674255691769,0.3105134474327628,LR,FGSM,0.5,FGSM_eps0.3,,FGSM,0.3,1,,0.026778221130371,42
0.3097426470588235,0.1205761316872428,0.7163814180929096,0.2064107079957731,0.7485113835376532,0.2836185819070904,LR,FGSM,0.5,FGSM_eps0.5,,FGSM,0.5,1,,0.026778221130371,42
0.2230392156862745,0.1091510474090407,0.726161369193154,0.189776357827476,0.8490367775831874,0.2738386308068459,LR,FGSM,0.5,FGSM_eps0.75,,FGSM,0.75,1,,0.026778221130371,42
0.7493872549019608,0.2689265536723164,0.5819070904645477,0.3678516228748068,0.2266199649737303,0.4180929095354523,LR,FGSM,0.5,PGD_eps0.15_it10,,PGD,0.15,10,,0.026778221130371,42
0.7518382352941176,0.2713797035347776,0.5819070904645477,0.3701399688958009,0.2238178633975481,0.4180929095354523,LR,FGSM,0.5,PGD_eps0.15_it25,,PGD,0.15,25,,0.026778221130371,42
0.5569852941176471,0.1669877970456005,0.6356968215158925,0.2644964394710071,0.4542907180385289,0.3643031784841076,LR,FGSM,0.5,PGD_eps0.3_it10,,PGD,0.3,10,,0.026778221130371,42
0.5597426470588235,0.1653645833333333,0.6210268948655256,0.2611825192802056,0.4490367775831874,0.3789731051344743,LR,FGSM,0.5,PGD_eps0.3_it25,,PGD,0.3,25,,0.026778221130371,42
0.430453431372549,0.1400198609731877,0.6894865525672371,0.2327692942633099,0.6066549912434326,0.3105134474327628,LR,FGSM,0.5,PGD_eps0.5_it10,,PGD,0.5,10,,0.026778221130371,42
0.4292279411764705,0.1383084577114428,0.6797066014669927,0.2298470442331542,0.6066549912434326,0.3202933985330073,LR,FGSM,0.5,PGD_eps0.5_it25,,PGD,0.5,25,,0.026778221130371,42
0.3299632352941176,0.1245777027027027,0.7212713936430318,0.2124594886568239,0.7260945709281962,0.2787286063569682,LR,FGSM,0.5,PGD_eps0.75_it10,,PGD,0.75,10,,0.026778221130371,42
0.4197303921568627,0.1376281112737921,0.6894865525672371,0.2294548413344182,0.6189141856392294,0.3105134474327628,LR,FGSM,0.5,PGD_eps0.75_it25,,PGD,0.75,25,,0.026778221130371,42
0.7732843137254902,0.2918238993710692,0.5672371638141809,0.3853820598006645,0.1971978984238178,0.432762836185819,LR,FGSM,0.5,CW_c0.0_it10,,CW,,10,0.0,0.026778221130371,42
0.7604166666666666,0.2771804062126642,0.5672371638141809,0.3723916532905297,0.2119089316987741,0.432762836185819,LR,FGSM,0.5,CW_c0.5_it10,,CW,,10,0.5,0.026778221130371,42
0.8296568627450981,0.3812600969305331,0.5770171149144254,0.4591439688715953,0.1341506129597197,0.4229828850855746,SVM,FGSM,0.5,Clean,,Clean,0.0,0,,0.0548644065856933,42
0.7729779411764706,0.296068796068796,0.589242053789731,0.3941128372853638,0.2007005253940455,0.4107579462102689,SVM,FGSM,0.5,FGSM_eps0.15,,FGSM,0.15,1,,0.0548644065856933,42
0.5888480392156863,0.1811346548188653,0.6479217603911981,0.2831196581196581,0.4196147110332749,0.3520782396088019,SVM,FGSM,0.5,FGSM_eps0.3,,FGSM,0.3,1,,0.0548644065856933,42
0.3572303921568627,0.1287912087912087,0.7163814180929096,0.2183308494783904,0.6942206654991243,0.2836185819070904,SVM,FGSM,0.5,FGSM_eps0.5,,FGSM,0.5,1,,0.0548644065856933,42
0.2680759803921568,0.1024096385542168,0.6234718826405868,0.1759227319765436,0.7828371278458844,0.3765281173594132,SVM,FGSM,0.5,FGSM_eps0.75,,FGSM,0.75,1,,0.0548644065856933,42
0.7689950980392157,0.2883435582822086,0.5745721271393643,0.3839869281045752,0.2031523642732049,0.4254278728606357,SVM,FGSM,0.5,PGD_eps0.15_it10,,PGD,0.15,10,,0.0548644065856933,42
0.7717524509803921,0.292079207920792,0.5770171149144254,0.3878389482333607,0.2003502626970227,0.4229828850855746,SVM,FGSM,0.5,PGD_eps0.15_it25,,PGD,0.15,25,,0.0548644065856933,42
0.6151960784313726,0.1860637509266123,0.6136919315403423,0.285551763367463,0.3845884413309982,0.3863080684596577,SVM,FGSM,0.5,PGD_eps0.3_it10,,PGD,0.3,10,,0.0548644065856933,42
0.6188725490196079,0.18773373223635,0.6136919315403423,0.2875143184421534,0.380385288966725,0.3863080684596577,SVM,FGSM,0.5,PGD_eps0.3_it25,,PGD,0.3,25,,0.0548644065856933,42
0.3278186274509804,0.125157496850063,0.7286063569682152,0.2136200716845878,0.7295971978984238,0.2713936430317848,SVM,FGSM,0.5,PGD_eps0.5_it10,,PGD,0.5,10,,0.0548644065856933,42
0.3192401960784313,0.1224489795918367,0.7188264058679706,0.2092526690391459,0.7380035026269702,0.2811735941320293,SVM,FGSM,0.5,PGD_eps0.5_it25,,PGD,0.5,25,,0.0548644065856933,42
0.2426470588235294,0.1143925233644859,0.7481662591687042,0.1984435797665369,0.8297723292469352,0.2518337408312958,SVM,FGSM,0.5,PGD_eps0.75_it10,,PGD,0.75,10,,0.0548644065856933,42
0.2496936274509804,0.1150943396226415,0.7457212713936431,0.1994115724092841,0.8213660245183888,0.254278728606357,SVM,FGSM,0.5,PGD_eps0.75_it25,,PGD,0.75,25,,0.0548644065856933,42
0.8036151960784313,0.333810888252149,0.5696821515892421,0.4209575429087624,0.1628721541155867,0.4303178484107579,SVM,FGSM,0.5,CW_c0.0_it10,,CW,,10,0.0,0.0548644065856933,42
0.7981004901960784,0.324438202247191,0.5647921760391198,0.4121320249776984,0.1684763572679509,0.4352078239608802,SVM,FGSM,0.5,CW_c0.5_it10,,CW,,10,0.5,0.0548644065856933,42
0.9136029411764706,0.6342494714587738,0.7334963325183375,0.6802721088435374,0.0605954465849387,0.2665036674816626,RF,FGSM,0.5,Clean,,Clean,0.0,0,,2.2262587547302246,42
0.9325980392156864,0.9055793991416308,0.5158924205378973,0.6573208722741433,0.0077057793345008,0.4841075794621027,RF,FGSM,0.5,FGSM_eps0.15,,FGSM,0.15,1,,2.2262587547302246,42
0.9120710784313726,0.6631016042780749,0.6063569682151589,0.6334610472541508,0.0441330998248686,0.393643031784841,RF,FGSM,0.5,FGSM_eps0.3,,FGSM,0.3,1,,2.2262587547302246,42
0.8416053921568627,0.078125,0.0244498777506112,0.037243947858473,0.0413309982486865,0.9755501222493888,RF,FGSM,0.5,FGSM_eps0.5,,FGSM,0.5,1,,2.2262587547302246,42
0.7582720588235294,0.034313725490196,0.0342298288508557,0.0342717258261933,0.1380035026269702,0.9657701711491442,RF,FGSM,0.5,FGSM_eps0.75,,FGSM,0.75,1,,2.2262587547302246,42
0.9307598039215688,0.9030837004405288,0.5012224938875306,0.6446540880503144,0.0077057793345008,0.4987775061124694,RF,FGSM,0.5,PGD_eps0.15_it10,,PGD,0.15,10,,2.2262587547302246,42
0.928002450980392,0.8954545454545455,0.4816625916870415,0.6263910969793323,0.0080560420315236,0.5183374083129584,RF,FGSM,0.5,PGD_eps0.15_it25,,PGD,0.15,25,,2.2262587547302246,42
0.9154411764705882,0.696165191740413,0.5770171149144254,0.6310160427807486,0.036077057793345,0.4229828850855746,RF,FGSM,0.5,PGD_eps0.3_it10,,PGD,0.3,10,,2.2262587547302246,42
0.9160539215686274,0.6945244956772334,0.589242053789731,0.6375661375661376,0.0371278458844133,0.4107579462102689,RF,FGSM,0.5,PGD_eps0.3_it25,,PGD,0.3,25,,2.2262587547302246,42
0.8318014705882353,0.1666666666666666,0.0855745721271393,0.1130856219709208,0.0612959719789842,0.9144254278728606,RF,FGSM,0.5,PGD_eps0.5_it10,,PGD,0.5,10,,2.2262587547302246,42
0.8253676470588235,0.1422222222222222,0.0782396088019559,0.1009463722397476,0.067600700525394,0.921760391198044,RF,FGSM,0.5,PGD_eps0.5_it25,,PGD,0.5,25,,2.2262587547302246,42
0.7984068627450981,0.0505415162454873,0.0342298288508557,0.0408163265306122,0.0921190893169877,0.9657701711491442,RF,FGSM,0.5,PGD_eps0.75_it10,,PGD,0.75,10,,2.2262587547302246,42
0.7184436274509803,0.0277777777777777,0.0366748166259168,0.0316122233930453,0.1838879159369527,0.9633251833740832,RF,FGSM,0.5,PGD_eps0.75_it25,,PGD,0.75,25,,2.2262587547302246,42
0.9221813725490196,0.8163265306122449,0.4889975550122249,0.6116207951070336,0.0157618213660245,0.511002444987775,RF,FGSM,0.5,CW_c0.0_it10,,CW,,10,0.0,2.2262587547302246,42
0.9252450980392156,0.8767123287671232,0.4694376528117359,0.6114649681528662,0.0094570928196147,0.530562347188264,RF,FGSM,0.5,CW_c0.5_it10,,CW,,10,0.5,2.2262587547302246,42
0.8982843137254902,0.5955334987593052,0.58679706601467,0.5911330049261084,0.057092819614711,0.4132029339853301,MLP,PGD,0.3,FGSM_eps0.15,46.72113823890686,FGSM,0.15,1,,,42
0.835171568627451,0.3923205342237061,0.5745721271393643,0.4662698412698413,0.1274956217162872,0.4254278728606357,MLP,PGD,0.3,FGSM_eps0.3,46.72113823890686,FGSM,0.3,1,,,42
0.7607230392156863,0.2657430730478589,0.5158924205378973,0.3507896924355777,0.2042031523642732,0.4841075794621027,MLP,PGD,0.3,FGSM_eps0.5,46.72113823890686,FGSM,0.5,1,,,42
0.6369485294117647,0.1620209059233449,0.4547677261613692,0.2389210019267822,0.3369527145359019,0.5452322738386308,MLP,PGD,0.3,FGSM_eps0.75,46.72113823890686,FGSM,0.75,1,,,42
0.8995098039215687,0.600997506234414,0.589242053789731,0.5950617283950618,0.0560420315236427,0.4107579462102689,MLP,PGD,0.3,PGD_eps0.15_it10,46.72113823890686,PGD,0.15,10,,,42
0.899203431372549,0.6,0.58679706601467,0.5933250927070457,0.0560420315236427,0.4132029339853301,MLP,PGD,0.3,PGD_eps0.15_it25,46.72113823890686,PGD,0.15,25,,,42
0.8391544117647058,0.4006849315068493,0.5721271393643031,0.4712990936555891,0.1225919439579684,0.4278728606356968,MLP,PGD,0.3,PGD_eps0.3_it10,46.72113823890686,PGD,0.3,10,,,42
0.8391544117647058,0.4010238907849829,0.5745721271393643,0.4723618090452261,0.1229422066549912,0.4254278728606357,MLP,PGD,0.3,PGD_eps0.3_it25,46.72113823890686,PGD,0.3,25,,,42
0.8005514705882353,0.3155487804878049,0.5061124694376528,0.3887323943661971,0.1572679509632224,0.4938875305623472,MLP,PGD,0.3,PGD_eps0.5_it10,46.72113823890686,PGD,0.5,10,,,42
0.8020833333333334,0.3174114021571648,0.5036674816625917,0.389413988657845,0.1551663747810858,0.4963325183374083,MLP,PGD,0.3,PGD_eps0.5_it25,46.72113823890686,PGD,0.5,25,,,42
0.7221200980392157,0.1635135135135135,0.295843520782396,0.2106179286335944,0.2168126094570928,0.7041564792176039,MLP,PGD,0.3,PGD_eps0.75_it10,46.72113823890686,PGD,0.75,10,,,42
0.7159926470588235,0.1461748633879781,0.2616136919315403,0.1875547765118317,0.2189141856392294,0.7383863080684596,MLP,PGD,0.3,PGD_eps0.75_it25,46.72113823890686,PGD,0.75,25,,,42
0.9108455882352942,0.6528497409326425,0.6161369193154034,0.6339622641509434,0.0469352014010507,0.3838630806845965,MLP,PGD,0.3,CW_c0.0_it10,46.72113823890686,CW,,10,0.0,,42
0.907781862745098,0.6377551020408163,0.6112469437652812,0.6242197253433208,0.0497373029772329,0.3887530562347188,MLP,PGD,0.3,CW_c0.5_it10,46.72113823890686,CW,,10,0.5,,42
0.9181985294117648,0.6898395721925134,0.6308068459657702,0.6590038314176245,0.0406304728546409,0.3691931540342298,MLP,PGD,0.3,Clean,46.72113823890686,Clean,0.0,0,,,42
0.8553921568627451,0.4409005628517823,0.5745721271393643,0.4989384288747346,0.1043782837127845,0.4254278728606357,LR,PGD,0.3,Clean,,Clean,0.0,0,,0.04270601272583,42
0.6268382352941176,0.197003745318352,0.6430317848410758,0.3016055045871559,0.3754816112084063,0.3569682151589242,LR,PGD,0.3,FGSM_eps0.15,,FGSM,0.15,1,,0.04270601272583,42
0.2591911764705882,0.1164566628484154,0.7457212713936431,0.201453104359313,0.810507880910683,0.254278728606357,LR,PGD,0.3,FGSM_eps0.3,,FGSM,0.3,1,,0.04270601272583,42
0.199142156862745,0.0957095709570957,0.6381418092909535,0.166454081632653,0.8637478108581436,0.3618581907090464,LR,PGD,0.3,FGSM_eps0.5,,FGSM,0.5,1,,0.04270601272583,42
0.190563725490196,0.0890688259109311,0.5916870415647921,0.1548304542546385,0.8669001751313485,0.4083129584352078,LR,PGD,0.3,FGSM_eps0.75,,FGSM,0.75,1,,0.04270601272583,42
0.6608455882352942,0.2096505823627288,0.6161369193154034,0.3128491620111732,0.3327495621716287,0.3838630806845965,LR,PGD,0.3,PGD_eps0.15_it10,,PGD,0.15,10,,0.04270601272583,42
0.6666666666666666,0.2135021097046413,0.6185819070904646,0.3174404015056462,0.3264448336252189,0.3814180929095354,LR,PGD,0.3,PGD_eps0.15_it25,,PGD,0.15,25,,0.04270601272583,42
0.3728553921568627,0.128739800543971,0.6943765281173594,0.217208413001912,0.6732049036777583,0.3056234718826406,LR,PGD,0.3,PGD_eps0.3_it10,,PGD,0.3,10,,0.04270601272583,42
0.3670343137254901,0.1273054430949168,0.6919315403422983,0.2150455927051671,0.6795096322241682,0.3080684596577017,LR,PGD,0.3,PGD_eps0.3_it25,,PGD,0.3,25,,0.04270601272583,42
0.3324142156862745,0.1208226221079691,0.6894865525672371,0.2056142909223478,0.718739054290718,0.3105134474327628,LR,PGD,0.3,PGD_eps0.5_it10,,PGD,0.5,10,,0.04270601272583,42
0.3504901960784313,0.1239560439560439,0.6894865525672371,0.210134128166915,0.6980735551663748,0.3105134474327628,LR,PGD,0.3,PGD_eps0.5_it25,,PGD,0.5,25,,0.04270601272583,42
0.2426470588235294,0.0855765367617517,0.5207823960880196,0.1469979296066252,0.7971978984238178,0.4792176039119804,LR,PGD,0.3,PGD_eps0.75_it10,,PGD,0.75,10,,0.04270601272583,42
0.3474264705882353,0.0965775902484763,0.5036674816625917,0.1620771046420141,0.6749562171628721,0.4963325183374083,LR,PGD,0.3,PGD_eps0.75_it25,,PGD,0.75,25,,0.04270601272583,42
0.7279411764705882,0.2449414270500532,0.5623471882640587,0.3412462908011869,0.2483362521891418,0.4376528117359413,LR,PGD,0.3,CW_c0.0_it10,,CW,,10,0.0,0.04270601272583,42
0.6914828431372549,0.2200374531835206,0.5745721271393643,0.3182125930941097,0.2917688266199649,0.4254278728606357,LR,PGD,0.3,CW_c0.5_it10,,CW,,10,0.5,0.04270601272583,42
0.8376225490196079,0.3976311336717428,0.5745721271393643,0.47,0.124693520140105,0.4254278728606357,SVM,PGD,0.3,Clean,,Clean,0.0,0,,0.045844554901123,42
0.7475490196078431,0.2707182320441988,0.5990220048899756,0.3729071537290715,0.2311733800350262,0.4009779951100244,SVM,PGD,0.3,FGSM_eps0.15,,FGSM,0.15,1,,0.045844554901123,42
0.5039828431372549,0.1570294784580498,0.6772616136919315,0.2549470777726645,0.5208406304728547,0.3227383863080684,SVM,PGD,0.3,FGSM_eps0.3,,FGSM,0.3,1,,0.045844554901123,42
0.2490808823529411,0.0896302250803858,0.5452322738386308,0.1539523645150155,0.7933450087565674,0.4547677261613692,SVM,PGD,0.3,FGSM_eps0.5,,FGSM,0.5,1,,0.045844554901123,42
0.2000612745098039,0.0749034749034749,0.4743276283618582,0.1293764588196065,0.8392294220665499,0.5256723716381418,SVM,PGD,0.3,FGSM_eps0.75,,FGSM,0.75,1,,0.045844554901123,42
0.7481617647058824,0.2697881828316611,0.5916870415647921,0.3705972434915773,0.2294220665499124,0.4083129584352078,SVM,PGD,0.3,PGD_eps0.15_it10,,PGD,0.15,10,,0.045844554901123,42
0.7503063725490197,0.2713963963963964,0.589242053789731,0.3716268311488049,0.2266199649737303,0.4107579462102689,SVM,PGD,0.3,PGD_eps0.15_it25,,PGD,0.15,25,,0.045844554901123,42
0.5551470588235294,0.170145477545857,0.6577017114914425,0.2703517587939698,0.4595446584938704,0.3422982885085575,SVM,PGD,0.3,PGD_eps0.3_it10,,PGD,0.3,10,,0.045844554901123,42
0.5618872549019608,0.1725465041693393,0.6577017114914425,0.2733739837398374,0.4518388791593695,0.3422982885085575,SVM,PGD,0.3,PGD_eps0.3_it25,,PGD,0.3,25,,0.045844554901123,42
0.3262867647058823,0.1188245315161839,0.6821515892420538,0.2023939064200217,0.7246935201401051,0.3178484107579462,SVM,PGD,0.3,PGD_eps0.5_it10,,PGD,0.5,10,,0.045844554901123,42
0.3431372549019608,0.1216746620148277,0.6821515892420538,0.2065136935603256,0.7054290718038528,0.3178484107579462,SVM,PGD,0.3,PGD_eps0.5_it25,,PGD,0.5,25,,0.045844554901123,42
0.2328431372549019,0.0890545311887014,0.5550122249388753,0.1534820824881677,0.8133099824868651,0.4449877750611247,SVM,PGD,0.3,PGD_eps0.75_it10,,PGD,0.75,10,,0.045844554901123,42
0.2481617647058823,0.1068819684736639,0.6797066014669927,0.1847176079734219,0.8136602451838879,0.3202933985330073,SVM,PGD,0.3,PGD_eps0.75_it25,,PGD,0.75,25,,0.045844554901123,42
0.8017769607843137,0.3304843304843304,0.5672371638141809,0.4176417641764176,0.1646234676007005,0.432762836185819,SVM,PGD,0.3,CW_c0.0_it10,,CW,,10,0.0,0.045844554901123,42
0.7950367647058824,0.3204419889502762,0.5672371638141809,0.4095322153574581,0.1723292469352014,0.432762836185819,SVM,PGD,0.3,CW_c0.5_it10,,CW,,10,0.5,0.045844554901123,42
0.9120710784313726,0.6281512605042017,0.7310513447432763,0.6757062146892655,0.0619964973730297,0.2689486552567237,RF,PGD,0.3,Clean,,Clean,0.0,0,,2.1669812202453613,42
0.9120710784313726,0.8388888888888889,0.3691931540342298,0.5127334465195246,0.0101576182136602,0.6308068459657702,RF,PGD,0.3,FGSM_eps0.15,,FGSM,0.15,1,,2.1669812202453613,42
0.899203431372549,0.591324200913242,0.6332518337408313,0.6115702479338843,0.0626970227670753,0.3667481662591687,RF,PGD,0.3,FGSM_eps0.3,,FGSM,0.3,1,,2.1669812202453613,42
0.8578431372549019,0.1518987341772152,0.0293398533007334,0.0491803278688524,0.0234676007005253,0.9706601466992664,RF,PGD,0.3,FGSM_eps0.5,,FGSM,0.5,1,,2.1669812202453613,42
0.8232230392156863,0.0531914893617021,0.0244498777506112,0.033500837520938,0.0623467600700525,0.9755501222493888,RF,PGD,0.3,FGSM_eps0.75,,FGSM,0.75,1,,2.1669812202453613,42
0.9090073529411764,0.8333333333333334,0.3422982885085575,0.4852686308492201,0.0098073555166374,0.6577017114914425,RF,PGD,0.3,PGD_eps0.15_it10,,PGD,0.15,10,,2.1669812202453613,42
0.9074754901960784,0.8203592814371258,0.334963325183374,0.4756944444444444,0.010507880910683,0.6650366748166259,RF,PGD,0.3,PGD_eps0.15_it25,,PGD,0.15,25,,2.1669812202453613,42
0.9004289215686274,0.5995260663507109,0.6185819070904646,0.6089049338146811,0.0591943957968476,0.3814180929095354,RF,PGD,0.3,PGD_eps0.3_it10,,PGD,0.3,10,,2.1669812202453613,42
0.9019607843137256,0.60880195599022,0.60880195599022,0.60880195599022,0.0560420315236427,0.39119804400978,RF,PGD,0.3,PGD_eps0.3_it25,,PGD,0.3,25,,2.1669812202453613,42
0.6933210784313726,0.0922865013774104,0.1638141809290953,0.1180616740088105,0.2308231173380035,0.8361858190709046,RF,PGD,0.3,PGD_eps0.5_it10,,PGD,0.5,10,,2.1669812202453613,42
0.7028186274509803,0.0905109489051095,0.1515892420537897,0.113345521023766,0.2182136602451838,0.8484107579462102,RF,PGD,0.3,PGD_eps0.5_it25,,PGD,0.5,25,,2.1669812202453613,42
0.6767769607843137,0.0345821325648415,0.0586797066014669,0.0435176790571169,0.2346760070052539,0.941320293398533,RF,PGD,0.3,PGD_eps0.75_it10,,PGD,0.75,10,,2.1669812202453613,42
0.5983455882352942,0.034090909090909,0.0806845965770171,0.0479302832244008,0.3274956217162872,0.9193154034229828,RF,PGD,0.3,PGD_eps0.75_it25,,PGD,0.75,25,,2.1669812202453613,42
0.8998161764705882,0.6915887850467289,0.3618581907090464,0.4751203852327448,0.0231173380035026,0.6381418092909535,RF,PGD,0.3,CW_c0.0_it10,,CW,,10,0.0,2.1669812202453613,42
0.9004289215686274,0.7441860465116279,0.3129584352078239,0.4406196213425129,0.0154115586690017,0.687041564792176,RF,PGD,0.3,CW_c0.5_it10,,CW,,10,0.5,2.1669812202453613,42
0.9246323529411764,0.8052434456928839,0.5256723716381418,0.636094674556213,0.0182136602451838,0.4743276283618582,MLP,PGD,0.5,FGSM_eps0.15,47.19113945960999,FGSM,0.15,1,,,42
0.9136029411764706,0.7109634551495017,0.5232273838630807,0.6028169014084507,0.0304728546409807,0.4767726161369193,MLP,PGD,0.5,FGSM_eps0.3,47.19113945960999,FGSM,0.3,1,,,42
0.8388480392156863,0.3661327231121281,0.39119804400978,0.3782505910165484,0.0970227670753064,0.60880195599022,MLP,PGD,0.5,FGSM_eps0.5,47.19113945960999,FGSM,0.5,1,,,42
0.8406862745098039,0.3622828784119106,0.3569682151589242,0.3596059113300492,0.0900175131348511,0.6430317848410758,MLP,PGD,0.5,FGSM_eps0.75,47.19113945960999,FGSM,0.75,1,,,42
0.9246323529411764,0.8052434456928839,0.5256723716381418,0.636094674556213,0.0182136602451838,0.4743276283618582,MLP,PGD,0.5,PGD_eps0.15_it10,47.19113945960999,PGD,0.15,10,,,42
0.9246323529411764,0.8052434456928839,0.5256723716381418,0.636094674556213,0.0182136602451838,0.4743276283618582,MLP,PGD,0.5,PGD_eps0.15_it25,47.19113945960999,PGD,0.15,25,,,42
0.915747549019608,0.7263513513513513,0.5256723716381418,0.6099290780141844,0.0283712784588441,0.4743276283618582,MLP,PGD,0.5,PGD_eps0.3_it10,47.19113945960999,PGD,0.3,10,,,42
0.9154411764705882,0.7239057239057239,0.5256723716381418,0.6090651558073654,0.0287215411558669,0.4743276283618582,MLP,PGD,0.5,PGD_eps0.3_it25,47.19113945960999,PGD,0.3,25,,,42
0.8501838235294118,0.3958333333333333,0.3716381418092909,0.3833543505674653,0.0812609457092819,0.628361858190709,MLP,PGD,0.5,PGD_eps0.5_it10,47.19113945960999,PGD,0.5,10,,,42
0.8455882352941176,0.380352644836272,0.3691931540342298,0.3746898263027295,0.0861646234676007,0.6308068459657702,MLP,PGD,0.5,PGD_eps0.5_it25,47.19113945960999,PGD,0.5,25,,,42
0.8342524509803921,0.2911392405063291,0.2249388753056234,0.2537931034482759,0.0784588441330998,0.7750611246943765,MLP,PGD,0.5,PGD_eps0.75_it10,47.19113945960999,PGD,0.75,10,,,42
0.8216911764705882,0.2253968253968254,0.1735941320293398,0.1961325966850828,0.0854640980735551,0.8264058679706602,MLP,PGD,0.5,PGD_eps0.75_it25,47.19113945960999,PGD,0.75,25,,,42
0.9246323529411764,0.8052434456928839,0.5256723716381418,0.636094674556213,0.0182136602451838,0.4743276283618582,MLP,PGD,0.5,CW_c0.0_it10,47.19113945960999,CW,,10,0.0,,42
0.923406862745098,0.7933579335793358,0.5256723716381418,0.6323529411764706,0.0196147110332749,0.4743276283618582,MLP,PGD,0.5,CW_c0.5_it10,47.19113945960999,CW,,10,0.5,,42
0.9301470588235294,0.8663967611336032,0.5232273838630807,0.6524390243902439,0.0115586690017513,0.4767726161369193,MLP,PGD,0.5,Clean,47.19113945960999,Clean,0.0,0,,,42
0.8428308823529411,0.4097222222222222,0.5770171149144254,0.4791878172588832,0.1190893169877408,0.4229828850855746,LR,PGD,0.5,Clean,,Clean,0.0,0,,0.0297095775604248,42
0.7806372549019608,0.3019354838709677,0.5721271393643031,0.3952702702702703,0.1894921190893169,0.4278728606356968,LR,PGD,0.5,FGSM_eps0.15,,FGSM,0.15,1,,0.0297095775604248,42
0.5370710784313726,0.16320293398533,0.6528117359413202,0.2611246943765281,0.4795096322241681,0.3471882640586797,LR,PGD,0.5,FGSM_eps0.3,,FGSM,0.3,1,,0.0297095775604248,42
0.3339460784313725,0.1194480379473911,0.6772616136919315,0.2030791788856304,0.7152364273204904,0.3227383863080684,LR,PGD,0.5,FGSM_eps0.5,,FGSM,0.5,1,,0.0297095775604248,42
0.3180147058823529,0.116504854368932,0.6748166259168704,0.1987041036717062,0.7330998248686514,0.3251833740831296,LR,PGD,0.5,FGSM_eps0.75,,FGSM,0.75,1,,0.0297095775604248,42
0.7849264705882353,0.3074901445466491,0.5721271393643031,0.4,0.1845884413309982,0.4278728606356968,LR,PGD,0.5,PGD_eps0.15_it10,,PGD,0.15,10,,0.0297095775604248,42
0.7879901960784313,0.3115845539280958,0.5721271393643031,0.4034482758620689,0.1810858143607706,0.4278728606356968,LR,PGD,0.5,PGD_eps0.15_it25,,PGD,0.15,25,,0.0297095775604248,42
0.5897671568627451,0.1788674033149171,0.6332518337408313,0.2789445341949381,0.41646234676007,0.3667481662591687,LR,PGD,0.5,PGD_eps0.3_it10,,PGD,0.3,10,,0.0297095775604248,42
0.5796568627450981,0.1744421906693712,0.6308068459657702,0.2733050847457627,0.4276707530647986,0.3691931540342298,LR,PGD,0.5,PGD_eps0.3_it25,,PGD,0.3,25,,0.0297095775604248,42
0.5006127450980392,0.1509433962264151,0.6454767726161369,0.2446709916589434,0.5201401050788091,0.3545232273838631,LR,PGD,0.5,PGD_eps0.5_it10,,PGD,0.5,10,,0.0297095775604248,42
0.4969362745098039,0.1499148211243611,0.6454767726161369,0.2433179723502304,0.5243432574430823,0.3545232273838631,LR,PGD,0.5,PGD_eps0.5_it25,,PGD,0.5,25,,0.0297095775604248,42
0.4610906862745098,0.1420996818663839,0.6552567237163814,0.2335511982570806,0.5667250437828372,0.3447432762836185,LR,PGD,0.5,PGD_eps0.75_it10,,PGD,0.75,10,,0.0297095775604248,42
0.4911151960784313,0.1529933481152993,0.6748166259168704,0.2494351558969724,0.5352014010507881,0.3251833740831296,LR,PGD,0.5,PGD_eps0.75_it25,,PGD,0.75,25,,0.0297095775604248,42
0.7947303921568627,0.32,0.5672371638141809,0.4091710758377425,0.1726795096322241,0.432762836185819,LR,PGD,0.5,CW_c0.0_it10,,CW,,10,0.0,0.0297095775604248,42
0.7855392156862745,0.3077939233817701,0.5696821515892421,0.3996569468267582,0.1835376532399299,0.4303178484107579,LR,PGD,0.5,CW_c0.5_it10,,CW,,10,0.5,0.0297095775604248,42
0.8339460784313726,0.3897180762852404,0.5745721271393643,0.4644268774703557,0.1288966725043782,0.4254278728606357,SVM,PGD,0.5,Clean,,Clean,0.0,0,,0.0584387779235839,42
0.8091299019607843,0.3440233236151603,0.5770171149144254,0.4310502283105022,0.1576182136602451,0.4229828850855746,SVM,PGD,0.5,FGSM_eps0.15,,FGSM,0.15,1,,0.0584387779235839,42
0.6703431372549019,0.2147134302822925,0.6136919315403423,0.3181242078580482,0.3215411558669002,0.3863080684596577,SVM,PGD,0.5,FGSM_eps0.3,,FGSM,0.3,1,,0.0584387779235839,42
0.5193014705882353,0.1584216725559481,0.6577017114914425,0.2553393450403417,0.5005253940455342,0.3422982885085575,SVM,PGD,0.5,FGSM_eps0.5,,FGSM,0.5,1,,0.0584387779235839,42
0.3691789215686274,0.1194649446494465,0.6332518337408313,0.2010089251067132,0.6686514886164624,0.3667481662591687,SVM,PGD,0.5,FGSM_eps0.75,,FGSM,0.75,1,,0.0584387779235839,42
0.8088235294117647,0.3430656934306569,0.5745721271393643,0.4296160877513711,0.1576182136602451,0.4254278728606357,SVM,PGD,0.5,PGD_eps0.15_it10,,PGD,0.15,10,,0.0584387779235839,42
0.8100490196078431,0.3450807635829662,0.5745721271393643,0.4311926605504587,0.1562171628721541,0.4254278728606357,SVM,PGD,0.5,PGD_eps0.15_it25,,PGD,0.15,25,,0.0584387779235839,42
0.7172181372549019,0.2455445544554455,0.6063569682151589,0.3495419309372797,0.2669001751313485,0.393643031784841,SVM,PGD,0.5,PGD_eps0.3_it10,,PGD,0.3,10,,0.0584387779235839,42
0.7089460784313726,0.2411483253588516,0.6161369193154034,0.3466299862448418,0.2777583187390542,0.3838630806845965,SVM,PGD,0.5,PGD_eps0.3_it25,,PGD,0.3,25,,0.0584387779235839,42
0.59375,0.1804878048780487,0.6332518337408313,0.2809110629067245,0.4119089316987741,0.3667481662591687,SVM,PGD,0.5,PGD_eps0.5_it10,,PGD,0.5,10,,0.0584387779235839,42
0.5802696078431373,0.1764309764309764,0.6405867970660146,0.276663146779303,0.4283712784588441,0.3594132029339853,SVM,PGD,0.5,PGD_eps0.5_it25,,PGD,0.5,25,,0.0584387779235839,42
0.4528186274509804,0.1430793157076205,0.6748166259168704,0.2360992301112061,0.578984238178634,0.3251833740831296,SVM,PGD,0.5,PGD_eps0.75_it10,,PGD,0.75,10,,0.0584387779235839,42
0.4129901960784313,0.1382621219395103,0.7041564792176039,0.2311396468699839,0.6287215411558669,0.295843520782396,SVM,PGD,0.5,PGD_eps0.75_it25,,PGD,0.75,25,,0.0584387779235839,42
0.8115808823529411,0.3476331360946745,0.5745721271393643,0.4331797235023041,0.1544658493870402,0.4254278728606357,SVM,PGD,0.5,CW_c0.0_it10,,CW,,10,0.0,0.0584387779235839,42
0.8097426470588235,0.3441176470588235,0.5721271393643031,0.4297520661157025,0.1562171628721541,0.4278728606356968,SVM,PGD,0.5,CW_c0.5_it10,,CW,,10,0.5,0.0584387779235839,42
0.9114583333333334,0.6265822784810127,0.726161369193154,0.6727066817667045,0.0619964973730297,0.2738386308068459,RF,PGD,0.5,Clean,,Clean,0.0,0,,2.3195297718048096,42
0.8979779411764706,0.8454545454545455,0.2273838630806846,0.3583815028901734,0.005954465849387,0.7726161369193154,RF,PGD,0.5,FGSM_eps0.15,,FGSM,0.15,1,,2.3195297718048096,42
0.9270833333333334,0.8669527896995708,0.4938875305623472,0.6292834890965732,0.0108581436077057,0.5061124694376528,RF,PGD,0.5,FGSM_eps0.3,,FGSM,0.3,1,,2.3195297718048096,42
0.8722426470588235,0.4230769230769231,0.0537897310513447,0.0954446854663774,0.010507880910683,0.9462102689486552,RF,PGD,0.5,FGSM_eps0.5,,FGSM,0.5,1,,2.3195297718048096,42
0.8563112745098039,0.0588235294117647,0.0097799511002444,0.0167714884696016,0.022416812609457,0.9902200488997556,RF,PGD,0.5,FGSM_eps0.75,,FGSM,0.75,1,,2.3195297718048096,42
0.8897058823529411,0.810126582278481,0.1564792176039119,0.2622950819672131,0.0052539404553415,0.843520782396088,RF,PGD,0.5,PGD_eps0.15_it10,,PGD,0.15,10,,2.3195297718048096,42
0.8875612745098039,0.7837837837837838,0.1418092909535452,0.2401656314699793,0.0056042031523642,0.8581907090464548,RF,PGD,0.5,PGD_eps0.15_it25,,PGD,0.15,25,,2.3195297718048096,42
0.9191176470588236,0.8085106382978723,0.4645476772616136,0.5900621118012422,0.0157618213660245,0.5354523227383863,RF,PGD,0.5,PGD_eps0.3_it10,,PGD,0.3,10,,2.3195297718048096,42
0.9178921568627452,0.8105726872246696,0.4498777506112469,0.5786163522012578,0.0150612959719789,0.5501222493887531,RF,PGD,0.5,PGD_eps0.3_it25,,PGD,0.3,25,,2.3195297718048096,42
0.8655024509803921,0.3706896551724138,0.1051344743276283,0.1638095238095238,0.0255691768826619,0.8948655256723717,RF,PGD,0.5,PGD_eps0.5_it10,,PGD,0.5,10,,2.3195297718048096,42
0.8673406862745098,0.3888888888888889,0.1026894865525672,0.1624758220502901,0.0231173380035026,0.8973105134474327,RF,PGD,0.5,PGD_eps0.5_it25,,PGD,0.5,25,,2.3195297718048096,42
0.8428308823529411,0.09375,0.0293398533007334,0.0446927374301676,0.0406304728546409,0.9706601466992664,RF,PGD,0.5,PGD_eps0.75_it10,,PGD,0.75,10,,2.3195297718048096,42
0.8357843137254902,0.0794701986754966,0.0293398533007334,0.0428571428571428,0.0486865148861646,0.9706601466992664,RF,PGD,0.5,PGD_eps0.75_it25,,PGD,0.75,25,,2.3195297718048096,42
0.8949142156862745,0.70625,0.2762836185819071,0.3971880492091388,0.01646234676007,0.7237163814180929,RF,PGD,0.5,CW_c0.0_it10,,CW,,10,0.0,2.3195297718048096,42
0.8970588235294118,0.7967479674796748,0.2396088019559902,0.3684210526315789,0.0087565674255691,0.7603911980440098,RF,PGD,0.5,CW_c0.5_it10,,CW,,10,0.5,2.3195297718048096,42
0.8740808823529411,0.4978540772532189,0.5672371638141809,0.5302857142857142,0.0819614711033275,0.432762836185819,MLP,FGSM,0.3,FGSM_eps0.15,7.6822755336761475,FGSM,0.15,1,,,7
0.7947303921568627,0.3307392996108949,0.6234718826405868,0.4322033898305085,0.1807355516637478,0.3765281173594132,MLP,FGSM,0.3,FGSM_eps0.3,7.6822755336761475,FGSM,0.3,1,,,7
0.7310049019607843,0.2481203007518796,0.5647921760391198,0.3447761194029851,0.2451838879159369,0.4352078239608802,MLP,FGSM,0.3,FGSM_eps0.5,7.6822755336761475,FGSM,0.5,1,,,7
0.5986519607843137,0.1358124494745351,0.4107579462102689,0.2041312272174969,0.374430823117338,0.589242053789731,MLP,FGSM,0.3,FGSM_eps0.75,7.6822755336761475,FGSM,0.75,1,,,7
0.8596813725490197,0.4540337711069418,0.5916870415647921,0.5138004246284501,0.1019264448336252,0.4083129584352078,MLP,FGSM,0.3,PGD_eps0.15_it10,7.6822755336761475,PGD,0.15,10,,,7
0.8581495098039216,0.4484732824427481,0.5745721271393643,0.5037513397642015,0.1012259194395796,0.4254278728606357,MLP,FGSM,0.3,PGD_eps0.15_it25,7.6822755336761475,PGD,0.15,25,,,7
0.7772671568627451,0.3197278911564626,0.6894865525672371,0.4368706429124709,0.2101576182136602,0.3105134474327628,MLP,FGSM,0.3,PGD_eps0.3_it10,7.6822755336761475,PGD,0.3,10,,,7
0.7757352941176471,0.3171007927519819,0.684596577017115,0.4334365325077399,0.2112084063047285,0.3154034229828851,MLP,FGSM,0.3,PGD_eps0.3_it25,7.6822755336761475,PGD,0.3,25,,,7
0.7138480392156863,0.2377622377622377,0.5819070904645477,0.3375886524822695,0.2672504378283712,0.4180929095354523,MLP,FGSM,0.3,PGD_eps0.5_it10,7.6822755336761475,PGD,0.5,10,,,7
0.710171568627451,0.230692076228686,0.5623471882640587,0.3271692745376955,0.2686514886164623,0.4376528117359413,MLP,FGSM,0.3,PGD_eps0.5_it25,7.6822755336761475,PGD,0.5,25,,,7
0.6357230392156863,0.1517857142857142,0.4156479217603912,0.2223675604970569,0.3327495621716287,0.5843520782396088,MLP,FGSM,0.3,PGD_eps0.75_it10,7.6822755336761475,PGD,0.75,10,,,7
0.647671568627451,0.152112676056338,0.3960880195599022,0.2198100407055631,0.3162872154115587,0.6039119804400978,MLP,FGSM,0.3,PGD_eps0.75_it25,7.6822755336761475,PGD,0.75,25,,,7
0.8872549019607843,0.5405940594059406,0.6674816625916871,0.5973741794310722,0.0812609457092819,0.3325183374083129,MLP,FGSM,0.3,CW_c0.0_it10,7.6822755336761475,CW,,10,0.0,,7
0.8832720588235294,0.5269230769230769,0.6699266503667481,0.589881593110872,0.0861646234676007,0.3300733496332518,MLP,FGSM,0.3,CW_c0.5_it10,7.6822755336761475,CW,,10,0.5,,7
0.8930759803921569,0.5619834710743802,0.6650366748166259,0.6091825307950728,0.0742556917688266,0.334963325183374,MLP,FGSM,0.3,Clean,7.6822755336761475,Clean,0.0,0,,,7
0.8477328431372549,0.416030534351145,0.5330073349633252,0.4673097534833869,0.1071803852889667,0.4669926650366748,LR,FGSM,0.3,Clean,,Clean,0.0,0,,0.0456845760345459,7
0.7870710784313726,0.3024861878453038,0.5354523227383863,0.3865842894969108,0.1768826619964973,0.4645476772616136,LR,FGSM,0.3,FGSM_eps0.15,,FGSM,0.15,1,,0.0456845760345459,7
0.6176470588235294,0.1800152555301296,0.5770171149144254,0.2744186046511628,0.3765323992994746,0.4229828850855746,LR,FGSM,0.3,FGSM_eps0.3,,FGSM,0.3,1,,0.0456845760345459,7
0.4662990196078431,0.1371801850843767,0.6161369193154034,0.2243989314336598,0.5551663747810858,0.3838630806845965,LR,FGSM,0.3,FGSM_eps0.5,,FGSM,0.5,1,,0.0456845760345459,7
0.383578431372549,0.1221122112211221,0.6332518337408313,0.2047430830039525,0.6521891418563923,0.3667481662591687,LR,FGSM,0.3,FGSM_eps0.75,,FGSM,0.75,1,,0.0456845760345459,7
0.7941176470588235,0.3134751773049645,0.5403422982885085,0.3967684021543985,0.1695271453590192,0.4596577017114914,LR,FGSM,0.3,PGD_eps0.15_it10,,PGD,0.15,10,,0.0456845760345459,7
0.7962622549019608,0.3160919540229885,0.5378973105134475,0.3981900452488687,0.1667250437828371,0.4621026894865526,LR,FGSM,0.3,PGD_eps0.15_it25,,PGD,0.15,25,,0.0456845760345459,7
0.7282475490196079,0.2473572938689217,0.5721271393643031,0.3453874538745387,0.2493870402802101,0.4278728606356968,LR,FGSM,0.3,PGD_eps0.3_it10,,PGD,0.3,10,,0.0456845760345459,7
0.7239583333333334,0.24375,0.5721271393643031,0.3418553688823959,0.2542907180385289,0.4278728606356968,LR,FGSM,0.3,PGD_eps0.3_it25,,PGD,0.3,25,,0.0456845760345459,7
0.6299019607843137,0.1952707856598017,0.6259168704156479,0.2976744186046511,0.3695271453590192,0.3740831295843521,LR,FGSM,0.3,PGD_eps0.5_it10,,PGD,0.5,10,,0.0456845760345459,7
0.6544117647058824,0.2153602533650039,0.6650366748166259,0.3253588516746411,0.3471103327495621,0.334963325183374,LR,FGSM,0.3,PGD_eps0.5_it25,,PGD,0.5,25,,0.0456845760345459,7
0.5183823529411765,0.1613278974956319,0.6772616136919315,0.2605832549388523,0.5043782837127846,0.3227383863080684,LR,FGSM,0.3,PGD_eps0.75_it10,,PGD,0.75,10,,0.0456845760345459,7
0.6366421568627451,0.2141280353200883,0.7114914425427873,0.3291855203619909,0.3740805604203152,0.2885085574572127,LR,FGSM,0.3,PGD_eps0.75_it25,,PGD,0.75,25,,0.0456845760345459,7
0.8005514705882353,0.3199404761904761,0.5256723716381418,0.3977798334875115,0.1600700525394045,0.4743276283618582,LR,FGSM,0.3,CW_c0.0_it10,,CW,,10,0.0,0.0456845760345459,7
0.7935049019607843,0.3104434907010014,0.530562347188264,0.3916967509025271,0.1688266199649737,0.4694376528117359,LR,FGSM,0.3,CW_c0.5_it10,,CW,,10,0.5,0.0456845760345459,7
0.8474264705882353,0.4142581888246628,0.5256723716381418,0.4633620689655172,0.1064798598949211,0.4743276283618582,SVM,FGSM,0.3,Clean,,Clean,0.0,0,,0.0981354713439941,7
0.8149509803921569,0.344,0.5256723716381418,0.4158607350096712,0.1436077057793345,0.4743276283618582,SVM,FGSM,0.3,FGSM_eps0.15,,FGSM,0.15,1,,0.0981354713439941,7
0.7285539215686274,0.2404787812840043,0.5403422982885085,0.3328313253012048,0.2444833625218914,0.4596577017114914,SVM,FGSM,0.3,FGSM_eps0.3,,FGSM,0.3,1,,0.0981354713439941,7
0.578125,0.1648199445983379,0.5819070904645477,0.2568807339449541,0.422416812609457,0.4180929095354523,SVM,FGSM,0.3,FGSM_eps0.5,,FGSM,0.5,1,,0.0981354713439941,7
0.4849877450980392,0.1410835214446952,0.6112469437652812,0.2292526364053186,0.5330998248686515,0.3887530562347188,SVM,FGSM,0.3,FGSM_eps0.75,,FGSM,0.75,1,,0.0981354713439941,7
0.8143382352941176,0.344391785150079,0.5330073349633252,0.418426103646833,0.1453590192644483,0.4669926650366748,SVM,FGSM,0.3,PGD_eps0.15_it10,,PGD,0.15,10,,0.0981354713439941,7
0.8155637254901961,0.3465818759936407,0.5330073349633252,0.420038535645472,0.1439579684763572,0.4669926650366748,SVM,FGSM,0.3,PGD_eps0.15_it25,,PGD,0.15,25,,0.0981354713439941,7
0.7720588235294118,0.2860791826309067,0.5476772616136919,0.3758389261744966,0.1957968476357268,0.452322738386308,SVM,FGSM,0.3,PGD_eps0.3_it10,,PGD,0.3,10,,0.0981354713439941,7
0.7616421568627451,0.2747252747252747,0.5501222493887531,0.3664495114006514,0.2080560420315236,0.4498777506112469,SVM,FGSM,0.3,PGD_eps0.3_it25,,PGD,0.3,25,,0.0981354713439941,7
0.6678921568627451,0.2189841798501249,0.6430317848410758,0.3267080745341615,0.3285464098073555,0.3569682151589242,SVM,FGSM,0.3,PGD_eps0.5_it10,,PGD,0.5,10,,0.0981354713439941,7
0.6893382352941176,0.2376409366869037,0.6699266503667481,0.3508322663252241,0.3078809106830122,0.3300733496332518,SVM,FGSM,0.3,PGD_eps0.5_it25,,PGD,0.5,25,,0.0981354713439941,7
0.5235906862745098,0.1710677382319173,0.7286063569682152,0.2770804277080427,0.5057793345008756,0.2713936430317848,SVM,FGSM,0.3,PGD_eps0.75_it10,,PGD,0.75,10,,0.0981354713439941,7
0.6029411764705882,0.1997291807718348,0.7212713936430318,0.312831389183457,0.4140105078809107,0.2787286063569682,SVM,FGSM,0.3,PGD_eps0.75_it25,,PGD,0.75,25,,0.0981354713439941,7
0.8189338235294118,0.3498349834983498,0.5183374083129584,0.4177339901477832,0.1380035026269702,0.4816625916870415,SVM,FGSM,0.3,CW_c0.0_it10,,CW,,10,0.0,0.0981354713439941,7
0.8161764705882353,0.3452188006482982,0.5207823960880196,0.4152046783625731,0.1415061295971979,0.4792176039119804,SVM,FGSM,0.3,CW_c0.5_it10,,CW,,10,0.5,0.0981354713439941,7
0.907781862745098,0.6205357142857143,0.6797066014669927,0.6487747957992999,0.0595446584938704,0.3202933985330073,RF,FGSM,0.3,Clean,,Clean,0.0,0,,2.022057056427002,7
0.9243259803921569,0.8552631578947368,0.4767726161369193,0.6122448979591837,0.0115586690017513,0.5232273838630807,RF,FGSM,0.3,FGSM_eps0.15,,FGSM,0.15,1,,2.022057056427002,7
0.8792892156862745,0.5145631067961165,0.6479217603911981,0.5735930735930735,0.0875656742556917,0.3520782396088019,RF,FGSM,0.3,FGSM_eps0.3,,FGSM,0.3,1,,2.022057056427002,7
0.7071078431372549,0.1289009497964721,0.2322738386308068,0.1657940663176265,0.2248686514886164,0.7677261613691931,RF,FGSM,0.3,FGSM_eps0.5,,FGSM,0.5,1,,2.022057056427002,7
0.4889705882352941,0.0401753104455807,0.1344743276283618,0.061867266591676,0.4602451838879159,0.8655256723716381,RF,FGSM,0.3,FGSM_eps0.75,,FGSM,0.75,1,,2.022057056427002,7
0.9243259803921569,0.8552631578947368,0.4767726161369193,0.6122448979591837,0.0115586690017513,0.5232273838630807,RF,FGSM,0.3,PGD_eps0.15_it10,,PGD,0.15,10,,2.022057056427002,7
0.9243259803921569,0.8552631578947368,0.4767726161369193,0.6122448979591837,0.0115586690017513,0.5232273838630807,RF,FGSM,0.3,PGD_eps0.15_it25,,PGD,0.15,25,,2.022057056427002,7
0.8943014705882353,0.5727272727272728,0.6161369193154034,0.5936395759717314,0.0658493870402802,0.3838630806845965,RF,FGSM,0.3,PGD_eps0.3_it10,,PGD,0.3,10,,2.022057056427002,7
0.8912377450980392,0.5608108108108109,0.60880195599022,0.5838218053927315,0.0683012259194395,0.39119804400978,RF,FGSM,0.3,PGD_eps0.3_it25,,PGD,0.3,25,,2.022057056427002,7
0.6881127450980392,0.1309090909090909,0.2640586797066014,0.1750405186385737,0.251138353765324,0.7359413202933985,RF,FGSM,0.3,PGD_eps0.5_it10,,PGD,0.5,10,,2.022057056427002,7
0.6942401960784313,0.1377613776137761,0.2738386308068459,0.1833060556464811,0.2455341506129597,0.726161369193154,RF,FGSM,0.3,PGD_eps0.5_it25,,PGD,0.5,25,,2.022057056427002,7
0.7386642156862745,0.0577689243027888,0.0709046454767726,0.0636663007683863,0.1656742556917688,0.9290953545232272,RF,FGSM,0.3,PGD_eps0.75_it10,,PGD,0.75,10,,2.022057056427002,7
0.7052696078431373,0.0604133545310015,0.0929095354523227,0.0732177263969171,0.2070052539404553,0.9070904645476772,RF,FGSM,0.3,PGD_eps0.75_it25,,PGD,0.75,25,,2.022057056427002,7
0.9126838235294118,0.7080536912751678,0.5158924205378973,0.5968882602545968,0.0304728546409807,0.4841075794621027,RF,FGSM,0.3,CW_c0.0_it10,,CW,,10,0.0,2.022057056427002,7
0.9246323529411764,0.8622222222222222,0.4743276283618582,0.61198738170347,0.0108581436077057,0.5256723716381418,RF,FGSM,0.3,CW_c0.5_it10,,CW,,10,0.5,2.022057056427002,7
0.8900122549019608,0.5654450261780105,0.5281173594132029,0.5461441213653603,0.0581436077057793,0.4718826405867971,MLP,FGSM,0.5,FGSM_eps0.15,7.792531490325928,FGSM,0.15,1,,,7
0.8299632352941176,0.3719298245614035,0.5183374083129584,0.4330949948927477,0.1253940455341506,0.4816625916870415,MLP,FGSM,0.5,FGSM_eps0.3,7.792531490325928,FGSM,0.3,1,,,7
0.7576593137254902,0.2636138613861386,0.5207823960880196,0.3500410846343467,0.2084063047285464,0.4792176039119804,MLP,FGSM,0.5,FGSM_eps0.5,7.792531490325928,FGSM,0.5,1,,,7
0.5778186274509803,0.0862510674637062,0.2469437652811736,0.1278481012658227,0.3747810858143607,0.7530562347188264,MLP,FGSM,0.5,FGSM_eps0.75,7.792531490325928,FGSM,0.75,1,,,7
0.8952205882352942,0.5898123324396782,0.5378973105134475,0.5626598465473146,0.0535901926444833,0.4621026894865526,MLP,FGSM,0.5,PGD_eps0.15_it10,7.792531490325928,PGD,0.15,10,,,7
0.8949142156862745,0.5882352941176471,0.5378973105134475,0.561941251596424,0.0539404553415061,0.4621026894865526,MLP,FGSM,0.5,PGD_eps0.15_it25,7.792531490325928,PGD,0.15,25,,,7
0.8342524509803921,0.3817204301075269,0.5207823960880196,0.4405377456049638,0.1208406304728546,0.4792176039119804,MLP,FGSM,0.5,PGD_eps0.3_it10,7.792531490325928,PGD,0.3,10,,,7
0.8330269607843137,0.3785714285714285,0.5183374083129584,0.4375644994840041,0.1218914185639229,0.4816625916870415,MLP,FGSM,0.5,PGD_eps0.3_it25,7.792531490325928,PGD,0.3,25,,,7
0.7803308823529411,0.2890410958904109,0.5158924205378973,0.3705004389815627,0.1817863397548161,0.4841075794621027,MLP,FGSM,0.5,PGD_eps0.5_it10,7.792531490325928,PGD,0.5,10,,,7
0.78125,0.2884882108183079,0.508557457212714,0.368141592920354,0.1796847635726795,0.491442542787286,MLP,FGSM,0.5,PGD_eps0.5_it25,7.792531490325928,PGD,0.5,25,,,7
0.6326593137254902,0.0893970893970894,0.2102689486552567,0.1254558716265499,0.306830122591944,0.7897310513447433,MLP,FGSM,0.5,PGD_eps0.75_it10,7.792531490325928,PGD,0.75,10,,,7
0.6550245098039216,0.0930760499432463,0.2004889975550122,0.1271317829457364,0.2798598949211909,0.7995110024449877,MLP,FGSM,0.5,PGD_eps0.75_it25,7.792531490325928,PGD,0.75,25,,,7
0.9037990196078431,0.6273458445040214,0.5721271393643031,0.59846547314578,0.0486865148861646,0.4278728606356968,MLP,FGSM,0.5,CW_c0.0_it10,7.792531490325928,CW,,10,0.0,,7
0.9001225490196079,0.6106666666666667,0.5599022004889975,0.5841836734693877,0.0511383537653239,0.4400977995110024,MLP,FGSM,0.5,CW_c0.5_it10,7.792531490325928,CW,,10,0.5,,7
0.9136029411764706,0.6788732394366197,0.589242053789731,0.6308900523560209,0.0399299474605954,0.4107579462102689,MLP,FGSM,0.5,Clean,7.792531490325928,Clean,0.0,0,,,7
0.8354779411764706,0.3865248226950354,0.5330073349633252,0.448098663926002,0.1211908931698774,0.4669926650366748,LR,FGSM,0.5,Clean,,Clean,0.0,0,,0.0395784378051757,7
0.4555759803921568,0.14,0.6503667481662592,0.2304027717626678,0.5723292469352014,0.3496332518337408,LR,FGSM,0.5,FGSM_eps0.15,,FGSM,0.15,1,,0.0395784378051757,7
0.2454044117647058,0.1059094397544128,0.6748166259168704,0.1830845771144278,0.8161120840630472,0.3251833740831296,LR,FGSM,0.5,FGSM_eps0.3,,FGSM,0.3,1,,0.0395784378051757,7
0.199142156862745,0.0754716981132075,0.4792176039119804,0.1304058549567531,0.8409807355516637,0.5207823960880196,LR,FGSM,0.5,FGSM_eps0.5,,FGSM,0.5,1,,0.0395784378051757,7
0.1675857843137254,0.0456692913385826,0.2836185819070904,0.0786707358426585,0.8490367775831874,0.7163814180929096,LR,FGSM,0.5,FGSM_eps0.75,,FGSM,0.75,1,,0.0395784378051757,7
0.3314950980392157,0.1190373871938117,0.6772616136919315,0.202485380116959,0.7180385288966725,0.3227383863080684,LR,FGSM,0.5,PGD_eps0.15_it10,,PGD,0.15,10,,0.0395784378051757,7
0.3314950980392157,0.1187096774193548,0.6748166259168704,0.2019019751280175,0.7176882661996498,0.3251833740831296,LR,FGSM,0.5,PGD_eps0.15_it25,,PGD,0.15,25,,0.0395784378051757,7
0.2172181372549019,0.1049337260677466,0.6968215158924206,0.1824,0.8514886164623467,0.3031784841075794,LR,FGSM,0.5,PGD_eps0.3_it10,,PGD,0.3,10,,0.0395784378051757,7
0.2162990196078431,0.1048179477749172,0.6968215158924206,0.1822250639386189,0.852539404553415,0.3031784841075794,LR,FGSM,0.5,PGD_eps0.3_it25,,PGD,0.3,25,,0.0395784378051757,7
0.1933210784313725,0.080060422960725,0.5183374083129584,0.1386980700032711,0.8532399299474606,0.4816625916870415,LR,FGSM,0.5,PGD_eps0.5_it10,,PGD,0.5,10,,0.0395784378051757,7
0.1973039215686274,0.0845546786922209,0.5501222493887531,0.1465798045602606,0.8532399299474606,0.4498777506112469,LR,FGSM,0.5,PGD_eps0.5_it25,,PGD,0.5,25,,0.0395784378051757,7
0.1639093137254902,0.0450980392156862,0.2811735941320293,0.0777289624873268,0.8528896672504378,0.7188264058679706,LR,FGSM,0.5,PGD_eps0.75_it10,,PGD,0.75,10,,0.0395784378051757,7
0.1709558823529411,0.0536338904003109,0.3374083129584352,0.0925553319919517,0.8528896672504378,0.6625916870415648,LR,FGSM,0.5,PGD_eps0.75_it25,,PGD,0.75,25,,0.0395784378051757,7
0.7665441176470589,0.2751592356687898,0.5281173594132029,0.3618090452261306,0.1992994746059544,0.4718826405867971,LR,FGSM,0.5,CW_c0.0_it10,,CW,,10,0.0,0.0395784378051757,7
0.7542892156862745,0.2618181818181818,0.5281173594132029,0.3500810372771475,0.2133099824868651,0.4718826405867971,LR,FGSM,0.5,CW_c0.5_it10,,CW,,10,0.5,0.0395784378051757,7
0.8394607843137255,0.3948811700182815,0.5281173594132029,0.4518828451882845,0.1159369527145359,0.4718826405867971,SVM,FGSM,0.5,Clean,,Clean,0.0,0,,0.1265981197357177,7
0.6654411764705882,0.2053494391716997,0.5819070904645477,0.3035714285714285,0.3225919439579685,0.4180929095354523,SVM,FGSM,0.5,FGSM_eps0.15,,FGSM,0.15,1,,0.1265981197357177,7
0.3354779411764705,0.1183868169991327,0.6674816625916871,0.2011049723756906,0.7120840630472854,0.3325183374083129,SVM,FGSM,0.5,FGSM_eps0.3,,FGSM,0.3,1,,0.1265981197357177,7
0.2306985294117647,0.088810641627543,0.5550122249388753,0.1531197301854974,0.8157618213660245,0.4449877750611247,SVM,FGSM,0.5,FGSM_eps0.5,,FGSM,0.5,1,,0.1265981197357177,7
0.183517156862745,0.0473515248796147,0.2885085574572127,0.0813512581868321,0.831523642732049,0.7114914425427873,SVM,FGSM,0.5,FGSM_eps0.75,,FGSM,0.75,1,,0.1265981197357177,7
0.5128676470588235,0.1520329994107248,0.6308068459657702,0.245014245014245,0.5040280210157618,0.3691931540342298,SVM,FGSM,0.5,PGD_eps0.15_it10,,PGD,0.15,10,,0.1265981197357177,7
0.5098039215686274,0.1499118165784832,0.6234718826405868,0.2417061611374407,0.5064798598949212,0.3765281173594132,SVM,FGSM,0.5,PGD_eps0.15_it25,,PGD,0.15,25,,0.1265981197357177,7
0.2395833333333333,0.1075350246118894,0.6943765281173594,0.1862295081967213,0.825569176882662,0.3056234718826406,SVM,FGSM,0.5,PGD_eps0.3_it10,,PGD,0.3,10,,0.1265981197357177,7
0.2414215686274509,0.1077798861480075,0.6943765281173594,0.1865965834428383,0.8234676007005254,0.3056234718826406,SVM,FGSM,0.5,PGD_eps0.3_it25,,PGD,0.3,25,,0.1265981197357177,7
0.1997549019607843,0.0863687570409312,0.5623471882640587,0.1497395833333333,0.8521891418563923,0.4376528117359413,SVM,FGSM,0.5,PGD_eps0.5_it10,,PGD,0.5,10,,0.1265981197357177,7
0.2003676470588235,0.0873640794900637,0.5696821515892421,0.1514954486345903,0.852539404553415,0.4303178484107579,SVM,FGSM,0.5,PGD_eps0.5_it25,,PGD,0.5,25,,0.1265981197357177,7
0.167892156862745,0.0499414748341787,0.3129584352078239,0.0861372812920592,0.8528896672504378,0.687041564792176,SVM,FGSM,0.5,PGD_eps0.75_it10,,PGD,0.75,10,,0.1265981197357177,7
0.1780024509803921,0.0620184899845916,0.393643031784841,0.1071547420965058,0.8528896672504378,0.6063569682151589,SVM,FGSM,0.5,PGD_eps0.75_it25,,PGD,0.75,25,,0.1265981197357177,7
0.7953431372549019,0.310948905109489,0.5207823960880196,0.3893967093235831,0.165323992994746,0.4792176039119804,SVM,FGSM,0.5,CW_c0.0_it10,,CW,,10,0.0,0.1265981197357177,7
0.7867647058823529,0.2993006993006993,0.5232273838630807,0.3807829181494662,0.1754816112084063,0.4767726161369193,SVM,FGSM,0.5,CW_c0.5_it10,,CW,,10,0.5,0.1265981197357177,7
0.9090073529411764,0.6212121212121212,0.7017114914425427,0.6590126291618829,0.0612959719789842,0.2982885085574572,RF,FGSM,0.5,Clean,,Clean,0.0,0,,2.495626211166382,7
0.9243259803921569,0.8552631578947368,0.4767726161369193,0.6122448979591837,0.0115586690017513,0.5232273838630807,RF,FGSM,0.5,FGSM_eps0.15,,FGSM,0.15,1,,2.495626211166382,7
0.8912377450980392,0.5692307692307692,0.5427872860635696,0.5556946182728411,0.0588441330998248,0.4572127139364303,RF,FGSM,0.5,FGSM_eps0.3,,FGSM,0.3,1,,2.495626211166382,7
0.7693014705882353,0.2104377104377104,0.3056234718826406,0.2492522432701894,0.1642732049036777,0.6943765281173594,RF,FGSM,0.5,FGSM_eps0.5,,FGSM,0.5,1,,2.495626211166382,7
0.6409313725490197,0.0548424737456242,0.1149144254278728,0.0742496050552922,0.2837127845884413,0.8850855745721271,RF,FGSM,0.5,FGSM_eps0.75,,FGSM,0.75,1,,2.495626211166382,7
0.9252450980392156,0.8634361233480177,0.4792176039119804,0.6163522012578616,0.0108581436077057,0.5207823960880196,RF,FGSM,0.5,PGD_eps0.15_it10,,PGD,0.15,10,,2.495626211166382,7
0.924938725490196,0.8596491228070176,0.4792176039119804,0.6153846153846154,0.0112084063047285,0.5207823960880196,RF,FGSM,0.5,PGD_eps0.15_it25,,PGD,0.15,25,,2.495626211166382,7
0.9019607843137256,0.6186666666666667,0.5672371638141809,0.5918367346938775,0.0500875656742556,0.432762836185819,RF,FGSM,0.5,PGD_eps0.3_it10,,PGD,0.3,10,,2.495626211166382,7
0.8967524509803921,0.5952380952380952,0.5501222493887531,0.5717916137229987,0.0535901926444833,0.4498777506112469,RF,FGSM,0.5,PGD_eps0.3_it25,,PGD,0.3,25,,2.495626211166382,7
0.8560049019607843,0.3979933110367893,0.2909535452322738,0.3361581920903955,0.063047285464098,0.7090464547677262,RF,FGSM,0.5,PGD_eps0.5_it10,,PGD,0.5,10,,2.495626211166382,7
0.8575367647058824,0.4041095890410959,0.2885085574572127,0.3366619115549215,0.0609457092819614,0.7114914425427873,RF,FGSM,0.5,PGD_eps0.5_it25,,PGD,0.5,25,,2.495626211166382,7
0.8278186274509803,0.1194029850746268,0.0586797066014669,0.0786885245901639,0.0619964973730297,0.941320293398533,RF,FGSM,0.5,PGD_eps0.75_it10,,PGD,0.75,10,,2.495626211166382,7
0.8345588235294118,0.1124260355029585,0.0464547677261613,0.0657439446366782,0.052539404553415,0.9535452322738386,RF,FGSM,0.5,PGD_eps0.75_it25,,PGD,0.75,25,,2.495626211166382,7
0.9212622549019608,0.7992125984251969,0.4963325183374083,0.6123680241327301,0.0178633975481611,0.5036674816625917,RF,FGSM,0.5,CW_c0.0_it10,,CW,,10,0.0,2.495626211166382,7
0.928002450980392,0.9027777777777778,0.4767726161369193,0.624,0.0073555166374781,0.5232273838630807,RF,FGSM,0.5,CW_c0.5_it10,,CW,,10,0.5,2.495626211166382,7
0.907781862745098,0.6698113207547169,0.5207823960880196,0.5859697386519945,0.0367775831873905,0.4792176039119804,MLP,PGD,0.3,FGSM_eps0.15,46.927998542785645,FGSM,0.15,1,,,7
0.8771446078431373,0.5096618357487923,0.5158924205378973,0.5127582017010935,0.0711033274956217,0.4841075794621027,MLP,PGD,0.3,FGSM_eps0.3,46.927998542785645,FGSM,0.3,1,,,7
0.78125,0.2462562396006655,0.3618581907090464,0.293069306930693,0.1586690017513135,0.6381418092909535,MLP,PGD,0.3,FGSM_eps0.5,46.927998542785645,FGSM,0.5,1,,,7
0.7215073529411765,0.0915032679738562,0.1369193154034229,0.1096963761018609,0.1947460595446584,0.863080684596577,MLP,PGD,0.3,FGSM_eps0.75,46.927998542785645,FGSM,0.75,1,,,7
0.9071691176470588,0.6666666666666666,0.5183374083129584,0.5832187070151307,0.0371278458844133,0.4816625916870415,MLP,PGD,0.3,PGD_eps0.15_it10,46.927998542785645,PGD,0.15,10,,,7
0.9068627450980392,0.664576802507837,0.5183374083129584,0.5824175824175825,0.037478108581436,0.4816625916870415,MLP,PGD,0.3,PGD_eps0.15_it25,46.927998542785645,PGD,0.15,25,,,7
0.8832720588235294,0.5355329949238579,0.5158924205378973,0.5255292652552926,0.0640980735551663,0.4841075794621027,MLP,PGD,0.3,PGD_eps0.3_it10,46.927998542785645,PGD,0.3,10,,,7
0.8851102941176471,0.5433673469387755,0.5207823960880196,0.5318352059925093,0.0626970227670753,0.4792176039119804,MLP,PGD,0.3,PGD_eps0.3_it25,46.927998542785645,PGD,0.3,25,,,7
0.7791053921568627,0.2459283387622149,0.3691931540342298,0.2952101661779081,0.1621716287215411,0.6308068459657702,MLP,PGD,0.3,PGD_eps0.5_it10,46.927998542785645,PGD,0.5,10,,,7
0.7784926470588235,0.2442996742671009,0.3667481662591687,0.2932551319648094,0.1625218914185639,0.6332518337408313,MLP,PGD,0.3,PGD_eps0.5_it25,46.927998542785645,PGD,0.5,25,,,7
0.7061887254901961,0.087087087087087,0.1418092909535452,0.107906976744186,0.2129597197898423,0.8581907090464548,MLP,PGD,0.3,PGD_eps0.75_it10,46.927998542785645,PGD,0.75,10,,,7
0.7018995098039216,0.087719298245614,0.1466992665036675,0.1097895699908508,0.2185639229422066,0.8533007334963325,MLP,PGD,0.3,PGD_eps0.75_it25,46.927998542785645,PGD,0.75,25,,,7
0.9178921568627452,0.7373737373737373,0.5354523227383863,0.6203966005665722,0.0273204903677758,0.4645476772616136,MLP,PGD,0.3,CW_c0.0_it10,46.927998542785645,CW,,10,0.0,,7
0.9178921568627452,0.7357859531772575,0.5378973105134475,0.6214689265536724,0.0276707530647986,0.4621026894865526,MLP,PGD,0.3,CW_c0.5_it10,46.927998542785645,CW,,10,0.5,,7
0.9215686274509804,0.7647058823529411,0.5403422982885085,0.6332378223495702,0.0238178633975481,0.4596577017114914,MLP,PGD,0.3,Clean,46.927998542785645,Clean,0.0,0,,,7
0.8829656862745098,0.5336658354114713,0.5232273838630807,0.528395061728395,0.0654991243432574,0.4767726161369193,LR,PGD,0.3,Clean,,Clean,0.0,0,,0.0561890602111816,7
0.4283088235294117,0.134470647265429,0.6552567237163814,0.2231473771856786,0.6042031523642732,0.3447432762836185,LR,PGD,0.3,FGSM_eps0.15,,FGSM,0.15,1,,0.0561890602111816,7
0.274203431372549,0.1067415730337078,0.6503667481662592,0.1833850396415029,0.7796847635726795,0.3496332518337408,LR,PGD,0.3,FGSM_eps0.3,,FGSM,0.3,1,,0.0561890602111816,7
0.2086397058823529,0.0566884176182708,0.3398533007334963,0.0971688220901782,0.8101576182136603,0.6601466992665037,LR,PGD,0.3,FGSM_eps0.5,,FGSM,0.5,1,,0.0561890602111816,7
0.1841299019607843,0.0466613032984714,0.2836185819070904,0.0801381692573402,0.830122591943958,0.7163814180929096,LR,PGD,0.3,FGSM_eps0.75,,FGSM,0.75,1,,0.0561890602111816,7
0.3198529411764705,0.1168006771053745,0.6748166259168704,0.1991341991341991,0.7309982486865149,0.3251833740831296,LR,PGD,0.3,PGD_eps0.15_it10,,PGD,0.15,10,,0.0561890602111816,7
0.321078431372549,0.1169987282746926,0.6748166259168704,0.1994219653179191,0.7295971978984238,0.3251833740831296,LR,PGD,0.3,PGD_eps0.15_it25,,PGD,0.15,25,,0.0561890602111816,7
0.2107843137254902,0.096461824953445,0.6332518337408313,0.167420814479638,0.8497373029772329,0.3667481662591687,LR,PGD,0.3,PGD_eps0.3_it10,,PGD,0.3,10,,0.0561890602111816,7
0.211703431372549,0.0971705137751303,0.6381418092909535,0.1686591276252019,0.8493870402802102,0.3618581907090464,LR,PGD,0.3,PGD_eps0.3_it25,,PGD,0.3,25,,0.0561890602111816,7
0.1764705882352941,0.0615621392843401,0.39119804400978,0.1063829787234042,0.8542907180385289,0.60880195599022,LR,PGD,0.3,PGD_eps0.5_it10,,PGD,0.5,10,,0.0561890602111816,7
0.1795343137254902,0.064825469888761,0.4132029339853301,0.1120689655172413,0.8539404553415061,0.58679706601467,LR,PGD,0.3,PGD_eps0.5_it25,,PGD,0.5,25,,0.0561890602111816,7
0.1602328431372549,0.0448868071818891,0.2811735941320293,0.0774150117805452,0.8570928196147111,0.7188264058679706,LR,PGD,0.3,PGD_eps0.75_it10,,PGD,0.75,10,,0.0561890602111816,7
0.1439950980392156,0.0584968530174009,0.3863080684596577,0.1016077170418006,0.8907180385288966,0.6136919315403423,LR,PGD,0.3,PGD_eps0.75_it25,,PGD,0.75,25,,0.0561890602111816,7
0.8100490196078431,0.3333333333333333,0.5158924205378973,0.4049904030710173,0.1478108581436077,0.4841075794621027,LR,PGD,0.3,CW_c0.0_it10,,CW,,10,0.0,0.0561890602111816,7
0.8017769607843137,0.3196969696969697,0.5158924205378973,0.3947614593077642,0.1572679509632224,0.4841075794621027,LR,PGD,0.3,CW_c0.5_it10,,CW,,10,0.5,0.0561890602111816,7
0.8829656862745098,0.5338345864661654,0.5207823960880196,0.5272277227722773,0.0651488616462346,0.4792176039119804,SVM,PGD,0.3,Clean,,Clean,0.0,0,,0.1241712570190429,7
0.553921568627451,0.1642078255291853,0.6259168704156479,0.2601626016260163,0.4563922942206655,0.3740831295843521,SVM,PGD,0.3,FGSM_eps0.15,,FGSM,0.15,1,,0.1241712570190429,7
0.3238357843137255,0.0990187332738626,0.5427872860635696,0.1674839683138438,0.7075306479859895,0.4572127139364303,SVM,PGD,0.3,FGSM_eps0.3,,FGSM,0.3,1,,0.1241712570190429,7
0.2377450980392156,0.0548179871520342,0.3129584352078239,0.0932944606413994,0.773029772329247,0.687041564792176,SVM,PGD,0.3,FGSM_eps0.5,,FGSM,0.5,1,,0.1241712570190429,7
0.2172181372549019,0.0472573839662447,0.2738386308068459,0.0806045340050377,0.7908931698774081,0.726161369193154,SVM,PGD,0.3,FGSM_eps0.75,,FGSM,0.75,1,,0.1241712570190429,7
0.4083946078431372,0.128780487804878,0.6454767726161369,0.2147214314762098,0.625569176882662,0.3545232273838631,SVM,PGD,0.3,PGD_eps0.15_it10,,PGD,0.15,10,,0.1241712570190429,7
0.4175857843137255,0.131786771964462,0.6528117359413202,0.2193018480492813,0.6161120840630473,0.3471882640586797,SVM,PGD,0.3,PGD_eps0.15_it25,,PGD,0.15,25,,0.1241712570190429,7
0.2089460784313725,0.088291019325502,0.5696821515892421,0.1528871391076115,0.8427320490367776,0.4303178484107579,SVM,PGD,0.3,PGD_eps0.3_it10,,PGD,0.3,10,,0.1241712570190429,7
0.2095588235294117,0.0883579825559347,0.5696821515892421,0.1529875246224556,0.842031523642732,0.4303178484107579,SVM,PGD,0.3,PGD_eps0.3_it25,,PGD,0.3,25,,0.1241712570190429,7
0.1688112745098039,0.0576036866359447,0.3667481662591687,0.0995685363425157,0.8595446584938704,0.6332518337408313,SVM,PGD,0.3,PGD_eps0.5_it10,,PGD,0.5,10,,0.1241712570190429,7
0.1675857843137254,0.0635400907715582,0.4107579462102689,0.1100556829348182,0.8672504378283713,0.589242053789731,SVM,PGD,0.3,PGD_eps0.5_it25,,PGD,0.5,25,,0.1241712570190429,7
0.1525735294117647,0.0465563678337822,0.295843520782396,0.0804521276595744,0.8679509632224168,0.7041564792176039,SVM,PGD,0.3,PGD_eps0.75_it10,,PGD,0.75,10,,0.1241712570190429,7
0.1207107843137254,0.0628774422735346,0.432762836185819,0.1098014888337469,0.9239929947460596,0.5672371638141809,SVM,PGD,0.3,PGD_eps0.75_it25,,PGD,0.75,25,,0.1241712570190429,7
0.8302696078431373,0.3721340388007054,0.5158924205378973,0.4323770491803279,0.124693520140105,0.4841075794621027,SVM,PGD,0.3,CW_c0.0_it10,,CW,,10,0.0,0.1241712570190429,7
0.8272058823529411,0.365684575389948,0.5158924205378973,0.4279918864097363,0.1281961471103327,0.4841075794621027,SVM,PGD,0.3,CW_c0.5_it10,,CW,,10,0.5,0.1241712570190429,7
0.9087009803921569,0.623608017817372,0.684596577017115,0.6526806526806527,0.0591943957968476,0.3154034229828851,RF,PGD,0.3,Clean,,Clean,0.0,0,,2.1261448860168457,7
0.9224877450980392,0.8223140495867769,0.4865525672371638,0.6113671274961597,0.0150612959719789,0.5134474327628362,RF,PGD,0.3,FGSM_eps0.15,,FGSM,0.15,1,,2.1261448860168457,7
0.8572303921568627,0.444007858546169,0.5525672371638142,0.4923747276688453,0.099124343257443,0.4474327628361858,RF,PGD,0.3,FGSM_eps0.3,,FGSM,0.3,1,,2.1261448860168457,7
0.7089460784313726,0.0630048465266559,0.0953545232273838,0.0758754863813229,0.2031523642732049,0.904645476772616,RF,PGD,0.3,FGSM_eps0.5,,FGSM,0.5,1,,2.1261448860168457,7
0.5303308823529411,0.0408496732026143,0.1222493887530562,0.0612369871402327,0.4112084063047285,0.8777506112469438,RF,PGD,0.3,FGSM_eps0.75,,FGSM,0.75,1,,2.1261448860168457,7
0.921875,0.8055555555555556,0.4963325183374083,0.6142208774583964,0.0171628721541155,0.5036674816625917,RF,PGD,0.3,PGD_eps0.15_it10,,PGD,0.15,10,,2.1261448860168457,7
0.9231004901960784,0.8185483870967742,0.4963325183374083,0.6179604261796042,0.0157618213660245,0.5036674816625917,RF,PGD,0.3,PGD_eps0.15_it25,,PGD,0.15,25,,2.1261448860168457,7
0.8566176470588235,0.4420432220039292,0.5501222493887531,0.4901960784313725,0.0994746059544658,0.4498777506112469,RF,PGD,0.3,PGD_eps0.3_it10,,PGD,0.3,10,,2.1261448860168457,7
0.8526348039215687,0.433085501858736,0.5696821515892421,0.4920802534318901,0.1068301225919439,0.4303178484107579,RF,PGD,0.3,PGD_eps0.3_it25,,PGD,0.3,25,,2.1261448860168457,7
0.7401960784313726,0.0957642725598526,0.1271393643031785,0.1092436974789916,0.1719789842381786,0.8728606356968215,RF,PGD,0.3,PGD_eps0.5_it10,,PGD,0.5,10,,2.1261448860168457,7
0.7319240196078431,0.0940766550522648,0.1320293398533007,0.1098677517802644,0.1821366024518388,0.8679706601466992,RF,PGD,0.3,PGD_eps0.5_it25,,PGD,0.5,25,,2.1261448860168457,7
0.5471813725490197,0.0451063829787234,0.1295843520782396,0.0669191919191919,0.3929947460595446,0.8704156479217604,RF,PGD,0.3,PGD_eps0.75_it10,,PGD,0.75,10,,2.1261448860168457,7
0.5355392156862745,0.0436933223413025,0.1295843520782396,0.065351418002466,0.4063047285464098,0.8704156479217604,RF,PGD,0.3,PGD_eps0.75_it25,,PGD,0.75,25,,2.1261448860168457,7
0.909313725490196,0.6816720257234726,0.5183374083129584,0.5888888888888889,0.0346760070052539,0.4816625916870415,RF,PGD,0.3,CW_c0.0_it10,,CW,,10,0.0,2.1261448860168457,7
0.9252450980392156,0.8602620087336245,0.4816625916870415,0.6175548589341693,0.0112084063047285,0.5183374083129584,RF,PGD,0.3,CW_c0.5_it10,,CW,,10,0.5,2.1261448860168457,7
0.9151348039215688,0.746268656716418,0.4889975550122249,0.5908419497784343,0.0238178633975481,0.511002444987775,MLP,PGD,0.5,FGSM_eps0.15,47.357818603515625,FGSM,0.15,1,,,7
0.9019607843137256,0.6403785488958991,0.4963325183374083,0.559228650137741,0.0399299474605954,0.5036674816625917,MLP,PGD,0.5,FGSM_eps0.3,47.357818603515625,FGSM,0.3,1,,,7
0.8244485294117647,0.3379446640316205,0.4180929095354523,0.3737704918032787,0.1173380035026269,0.5819070904645477,MLP,PGD,0.5,FGSM_eps0.5,47.357818603515625,FGSM,0.5,1,,,7
0.7674632352941176,0.1128318584070796,0.1246943765281173,0.1184668989547038,0.1404553415061296,0.8753056234718827,MLP,PGD,0.5,FGSM_eps0.75,47.357818603515625,FGSM,0.75,1,,,7
0.914828431372549,0.7434944237918215,0.4889975550122249,0.5899705014749262,0.0241681260945709,0.511002444987775,MLP,PGD,0.5,PGD_eps0.15_it10,47.357818603515625,PGD,0.15,10,,,7
0.9151348039215688,0.746268656716418,0.4889975550122249,0.5908419497784343,0.0238178633975481,0.511002444987775,MLP,PGD,0.5,PGD_eps0.15_it25,47.357818603515625,PGD,0.15,25,,,7
0.8985906862745098,0.6189024390243902,0.4963325183374083,0.5508819538670285,0.0437828371278458,0.5036674816625917,MLP,PGD,0.5,PGD_eps0.3_it10,47.357818603515625,PGD,0.3,10,,,7
0.8985906862745098,0.6189024390243902,0.4963325183374083,0.5508819538670285,0.0437828371278458,0.5036674816625917,MLP,PGD,0.5,PGD_eps0.3_it25,47.357818603515625,PGD,0.3,25,,,7
0.8232230392156863,0.3384615384615385,0.4303178484107579,0.3789020452099031,0.1204903677758318,0.5696821515892421,MLP,PGD,0.5,PGD_eps0.5_it10,47.357818603515625,PGD,0.5,10,,,7
0.8216911764705882,0.3346080305927342,0.4278728606356968,0.3755364806866952,0.1218914185639229,0.5721271393643031,MLP,PGD,0.5,PGD_eps0.5_it25,47.357818603515625,PGD,0.5,25,,,7
0.7665441176470589,0.1103752759381898,0.1222493887530562,0.1160092807424593,0.1411558669001751,0.8777506112469438,MLP,PGD,0.5,PGD_eps0.75_it10,47.357818603515625,PGD,0.75,10,,,7
0.7643995098039216,0.108695652173913,0.1222493887530562,0.1150747986191024,0.1436077057793345,0.8777506112469438,MLP,PGD,0.5,PGD_eps0.75_it25,47.357818603515625,PGD,0.75,25,,,7
0.9194240196078431,0.7874015748031497,0.4889975550122249,0.6033182503770739,0.0189141856392294,0.511002444987775,MLP,PGD,0.5,CW_c0.0_it10,47.357818603515625,CW,,10,0.0,,7
0.9172794117647058,0.7683397683397684,0.4865525672371638,0.5958083832335329,0.021015761821366,0.5134474327628362,MLP,PGD,0.5,CW_c0.5_it10,47.357818603515625,CW,,10,0.5,,7
0.9227941176470588,0.8204081632653061,0.491442542787286,0.6146788990825688,0.0154115586690017,0.508557457212714,MLP,PGD,0.5,Clean,47.357818603515625,Clean,0.0,0,,,7
0.8826593137254902,0.5321782178217822,0.5256723716381418,0.5289052890528906,0.0661996497373029,0.4743276283618582,LR,PGD,0.5,Clean,,Clean,0.0,0,,0.042884349822998,7
0.5618872549019608,0.1669928245270711,0.6259168704156479,0.2636457260556127,0.4472854640980735,0.3740831295843521,LR,PGD,0.5,FGSM_eps0.15,,FGSM,0.15,1,,0.042884349822998,7
0.3026960784313725,0.1105548602419691,0.6479217603911981,0.1888809693513898,0.7467600700525394,0.3520782396088019,LR,PGD,0.5,FGSM_eps0.3,,FGSM,0.3,1,,0.042884349822998,7
0.1850490196078431,0.0581075775422065,0.3618581907090464,0.1001353179972936,0.8402802101576182,0.6381418092909535,LR,PGD,0.5,FGSM_eps0.5,,FGSM,0.5,1,,0.042884349822998,7
0.1629901960784313,0.0418145956607495,0.2591687041564792,0.0720108695652173,0.8507880910683012,0.7408312958435208,LR,PGD,0.5,FGSM_eps0.75,,FGSM,0.75,1,,0.042884349822998,7
0.4368872549019608,0.1367564819522115,0.6577017114914425,0.2264309764309764,0.5947460595446585,0.3422982885085575,LR,PGD,0.5,PGD_eps0.15_it10,,PGD,0.15,10,,0.042884349822998,7
0.4338235294117647,0.1353269133299544,0.6528117359413202,0.2241813602015113,0.5975481611208406,0.3471882640586797,LR,PGD,0.5,PGD_eps0.15_it25,,PGD,0.15,25,,0.042884349822998,7
0.2166053921568627,0.1028106508875739,0.6797066014669927,0.1786058464503694,0.8497373029772329,0.3202933985330073,LR,PGD,0.5,PGD_eps0.3_it10,,PGD,0.3,10,,0.042884349822998,7
0.2166053921568627,0.1028106508875739,0.6797066014669927,0.1786058464503694,0.8497373029772329,0.3202933985330073,LR,PGD,0.5,PGD_eps0.3_it25,,PGD,0.3,25,,0.042884349822998,7
0.1816789215686274,0.0663343558282208,0.4229828850855746,0.114683460391117,0.8528896672504378,0.5770171149144254,LR,PGD,0.5,PGD_eps0.5_it10,,PGD,0.5,10,,0.042884349822998,7
0.1850490196078431,0.0705837466615795,0.452322738386308,0.1221122112211221,0.8532399299474606,0.5476772616136919,LR,PGD,0.5,PGD_eps0.5_it25,,PGD,0.5,25,,0.042884349822998,7
0.1605392156862745,0.0416830515139598,0.2591687041564792,0.0718157181571815,0.8535901926444833,0.7408312958435208,LR,PGD,0.5,PGD_eps0.75_it10,,PGD,0.75,10,,0.042884349822998,7
0.1626838235294117,0.044313725490196,0.2762836185819071,0.0763771544440689,0.8535901926444833,0.7237163814180929,LR,PGD,0.5,PGD_eps0.75_it25,,PGD,0.75,25,,0.042884349822998,7
0.7818627450980392,0.2910344827586207,0.5158924205378973,0.3721340388007054,0.1800350262697022,0.4841075794621027,LR,PGD,0.5,CW_c0.0_it10,,CW,,10,0.0,0.042884349822998,7
0.7653186274509803,0.2720306513409962,0.5207823960880196,0.3573825503355705,0.1996497373029772,0.4792176039119804,LR,PGD,0.5,CW_c0.5_it10,,CW,,10,0.5,0.042884349822998,7
0.8777573529411765,0.5119617224880383,0.5232273838630807,0.5175332527206772,0.0714535901926444,0.4767726161369193,SVM,PGD,0.5,Clean,,Clean,0.0,0,,0.1361761093139648,7
0.6473651960784313,0.1983739837398374,0.5965770171149144,0.2977425259304453,0.3453590192644483,0.4034229828850856,SVM,PGD,0.5,FGSM_eps0.15,,FGSM,0.15,1,,0.1361761093139648,7
0.3857230392156863,0.1192748091603053,0.6112469437652812,0.1996007984031936,0.646584938704028,0.3887530562347188,SVM,PGD,0.5,FGSM_eps0.3,,FGSM,0.3,1,,0.1361761093139648,7
0.2729779411764705,0.0536363636363636,0.2885085574572127,0.0904561134534304,0.729246935201401,0.7114914425427873,SVM,PGD,0.5,FGSM_eps0.5,,FGSM,0.5,1,,0.1361761093139648,7
0.1868872549019608,0.0401474805407619,0.2396088019559902,0.0687719298245614,0.8206654991243433,0.7603911980440098,SVM,PGD,0.5,FGSM_eps0.75,,FGSM,0.75,1,,0.1361761093139648,7
0.5643382352941176,0.1674326986211425,0.6234718826405868,0.2639751552795031,0.4441330998248686,0.3765281173594132,SVM,PGD,0.5,PGD_eps0.15_it10,,PGD,0.15,10,,0.1361761093139648,7
0.5625,0.1672109732201175,0.6259168704156479,0.2639175257731959,0.446584938704028,0.3740831295843521,SVM,PGD,0.5,PGD_eps0.15_it25,,PGD,0.15,25,,0.1361761093139648,7
0.221813725490196,0.0998873450995118,0.6503667481662592,0.1731770833333333,0.8395796847635727,0.3496332518337408,SVM,PGD,0.5,PGD_eps0.3_it10,,PGD,0.3,10,,0.1361761093139648,7
0.2212009803921568,0.0995118287645512,0.6479217603911981,0.1725260416666666,0.8399299474605955,0.3520782396088019,SVM,PGD,0.5,PGD_eps0.3_it25,,PGD,0.3,25,,0.1361761093139648,7
0.1740196078431372,0.0566110895696006,0.3569682151589242,0.0977242302543507,0.8521891418563923,0.6430317848410758,SVM,PGD,0.5,PGD_eps0.5_it10,,PGD,0.5,10,,0.1361761093139648,7
0.1780024509803921,0.0620184899845916,0.393643031784841,0.1071547420965058,0.8528896672504378,0.6063569682151589,SVM,PGD,0.5,PGD_eps0.5_it25,,PGD,0.5,25,,0.1361761093139648,7
0.1608455882352941,0.040977147360126,0.254278728606357,0.0705802511028164,0.852539404553415,0.7457212713936431,SVM,PGD,0.5,PGD_eps0.75_it10,,PGD,0.75,10,,0.1361761093139648,7
0.1617647058823529,0.0424695241840346,0.2640586797066014,0.073170731707317,0.8528896672504378,0.7359413202933985,SVM,PGD,0.5,PGD_eps0.75_it25,,PGD,0.75,25,,0.1361761093139648,7
0.8020833333333334,0.3201820940819423,0.5158924205378973,0.3951310861423221,0.1569176882661996,0.4841075794621027,SVM,PGD,0.5,CW_c0.0_it10,,CW,,10,0.0,0.1361761093139648,7
0.7950367647058824,0.311046511627907,0.5232273838630807,0.390154968094804,0.1660245183887916,0.4767726161369193,SVM,PGD,0.5,CW_c0.5_it10,,CW,,10,0.5,0.1361761093139648,7
0.9087009803921569,0.621978021978022,0.6919315403422983,0.6550925925925926,0.0602451838879159,0.3080684596577017,RF,PGD,0.5,Clean,,Clean,0.0,0,,2.5802388191223145,7
0.9252450980392156,0.8767123287671232,0.4694376528117359,0.6114649681528662,0.0094570928196147,0.530562347188264,RF,PGD,0.5,FGSM_eps0.15,,FGSM,0.15,1,,2.5802388191223145,7
0.9212622549019608,0.804,0.491442542787286,0.6100151745068285,0.0171628721541155,0.508557457212714,RF,PGD,0.5,FGSM_eps0.3,,FGSM,0.3,1,,2.5802388191223145,7
0.8789828431372549,0.5333333333333333,0.2738386308068459,0.3618739903069466,0.0343257443082311,0.726161369193154,RF,PGD,0.5,FGSM_eps0.5,,FGSM,0.5,1,,2.5802388191223145,7
0.4025735294117647,0.0512521840419336,0.2151589242053789,0.0827845719661335,0.5705779334500876,0.784841075794621,RF,PGD,0.5,FGSM_eps0.75,,FGSM,0.75,1,,2.5802388191223145,7
0.924938725490196,0.8693693693693694,0.4718826405867971,0.6117274167987322,0.0101576182136602,0.5281173594132029,RF,PGD,0.5,PGD_eps0.15_it10,,PGD,0.15,10,,2.5802388191223145,7
0.9255514705882352,0.8738738738738738,0.4743276283618582,0.6148969889064976,0.0098073555166374,0.5256723716381418,RF,PGD,0.5,PGD_eps0.15_it25,,PGD,0.15,25,,2.5802388191223145,7
0.9240196078431372,0.8340248962655602,0.491442542787286,0.6184615384615385,0.0140105078809106,0.508557457212714,RF,PGD,0.5,PGD_eps0.3_it10,,PGD,0.3,10,,2.5802388191223145,7
0.9227941176470588,0.8257261410788381,0.4865525672371638,0.6123076923076923,0.0147110332749562,0.5134474327628362,RF,PGD,0.5,PGD_eps0.3_it25,,PGD,0.3,25,,2.5802388191223145,7
0.8774509803921569,0.5248618784530387,0.2322738386308068,0.3220338983050847,0.0301225919439579,0.7677261613691931,RF,PGD,0.5,PGD_eps0.5_it10,,PGD,0.5,10,,2.5802388191223145,7
0.8734681372549019,0.4893617021276595,0.2249388753056234,0.3082077051926298,0.0336252189141856,0.7750611246943765,RF,PGD,0.5,PGD_eps0.5_it25,,PGD,0.5,25,,2.5802388191223145,7
0.7107843137254902,0.0607553366174055,0.0904645476772616,0.0726915520628683,0.2003502626970227,0.9095354523227384,RF,PGD,0.5,PGD_eps0.75_it10,,PGD,0.75,10,,2.5802388191223145,7
0.7699142156862745,0.0849514563106796,0.0855745721271393,0.0852618757612667,0.1320490367775832,0.9144254278728606,RF,PGD,0.5,PGD_eps0.75_it25,,PGD,0.75,25,,2.5802388191223145,7
0.904718137254902,0.6991869918699187,0.4205378973105134,0.5251908396946565,0.0259194395796847,0.5794621026894865,RF,PGD,0.5,CW_c0.0_it10,,CW,,10,0.0,2.5802388191223145,7
0.9163602941176472,0.8617021276595744,0.3960880195599022,0.542713567839196,0.0091068301225919,0.6039119804400978,RF,PGD,0.5,CW_c0.5_it10,,CW,,10,0.5,2.5802388191223145,7
0.8697916666666666,0.4832635983263598,0.5647921760391198,0.5208568207440811,0.0865148861646234,0.4352078239608802,MLP,FGSM,0.3,FGSM_eps0.15,7.671905755996704,FGSM,0.15,1,,,123
0.828125,0.3652482269503546,0.5036674816625917,0.4234326824254882,0.1253940455341506,0.4963325183374083,MLP,FGSM,0.3,FGSM_eps0.3,7.671905755996704,FGSM,0.3,1,,,123
0.7545955882352942,0.2151162790697674,0.3618581907090464,0.2698268003646308,0.1891418563922942,0.6381418092909535,MLP,FGSM,0.3,FGSM_eps0.5,7.671905755996704,FGSM,0.5,1,,,123
0.7352941176470589,0.1439749608763693,0.2249388753056234,0.1755725190839694,0.1915936952714536,0.7750611246943765,MLP,FGSM,0.3,FGSM_eps0.75,7.671905755996704,FGSM,0.75,1,,,123
0.8661151960784313,0.4717741935483871,0.5721271393643031,0.5171270718232044,0.0917688266199649,0.4278728606356968,MLP,FGSM,0.3,PGD_eps0.15_it10,7.671905755996704,PGD,0.15,10,,,123
0.8682598039215687,0.4784394250513347,0.5696821515892421,0.5200892857142857,0.0889667250437828,0.4303178484107579,MLP,FGSM,0.3,PGD_eps0.15_it25,7.671905755996704,PGD,0.15,25,,,123
0.8324142156862745,0.3736263736263736,0.4987775061124694,0.4272251308900524,0.1197898423817863,0.5012224938875306,MLP,FGSM,0.3,PGD_eps0.3_it10,7.671905755996704,PGD,0.3,10,,,123
0.8318014705882353,0.3722627737226277,0.4987775061124694,0.4263322884012539,0.1204903677758318,0.5012224938875306,MLP,FGSM,0.3,PGD_eps0.3_it25,7.671905755996704,PGD,0.3,25,,,123
0.7530637254901961,0.2110625909752547,0.3545232273838631,0.2645985401459854,0.1898423817863397,0.6454767726161369,MLP,FGSM,0.3,PGD_eps0.5_it10,7.671905755996704,PGD,0.5,10,,,123
0.75,0.209700427960057,0.3594132029339853,0.2648648648648649,0.1940455341506129,0.6405867970660146,MLP,FGSM,0.3,PGD_eps0.5_it25,7.671905755996704,PGD,0.5,25,,,123
0.711703431372549,0.11671469740634,0.1980440097799511,0.1468721668177697,0.2147110332749562,0.8019559902200489,MLP,FGSM,0.3,PGD_eps0.75_it10,7.671905755996704,PGD,0.75,10,,,123
0.6899509803921569,0.1058823529411764,0.1980440097799511,0.1379897785349233,0.2395796847635727,0.8019559902200489,MLP,FGSM,0.3,PGD_eps0.75_it25,7.671905755996704,PGD,0.75,25,,,123
0.8360906862745098,0.4068047337278107,0.6723716381418093,0.5069124423963134,0.1404553415061296,0.3276283618581907,MLP,FGSM,0.3,CW_c0.0_it10,7.671905755996704,CW,,10,0.0,,123
0.836703431372549,0.4057750759878419,0.6528117359413202,0.5004686035613871,0.1369527145359019,0.3471882640586797,MLP,FGSM,0.3,CW_c0.5_it10,7.671905755996704,CW,,10,0.5,,123
0.8538602941176471,0.4451612903225806,0.6748166259168704,0.5364431486880467,0.1204903677758318,0.3251833740831296,MLP,FGSM,0.3,Clean,7.671905755996704,Clean,0.0,0,,,123
0.8618259803921569,0.4551282051282051,0.5207823960880196,0.4857468643101482,0.0893169877408056,0.4792176039119804,LR,FGSM,0.3,Clean,,Clean,0.0,0,,0.0437049865722656,123
0.6409313725490197,0.19601593625498,0.6014669926650367,0.2956730769230769,0.353415061295972,0.3985330073349633,LR,FGSM,0.3,FGSM_eps0.15,,FGSM,0.15,1,,0.0437049865722656,123
0.3474264705882353,0.1295738269479122,0.7359413202933985,0.2203513909224011,0.708231173380035,0.2640586797066014,LR,FGSM,0.3,FGSM_eps0.3,,FGSM,0.3,1,,0.0437049865722656,123
0.1899509803921568,0.1094023068857042,0.7652811735941321,0.1914373088685015,0.8924693520140105,0.2347188264058679,LR,FGSM,0.3,FGSM_eps0.5,,FGSM,0.5,1,,0.0437049865722656,123
0.1636029411764706,0.1005163511187607,0.7139364303178484,0.176222088111044,0.9152364273204904,0.2860635696821516,LR,FGSM,0.3,FGSM_eps0.75,,FGSM,0.75,1,,0.0437049865722656,123
0.5879289215686274,0.1824966078697422,0.6577017114914425,0.2857142857142857,0.4220665499124343,0.3422982885085575,LR,FGSM,0.3,PGD_eps0.15_it10,,PGD,0.15,10,,0.0437049865722656,123
0.5750612745098039,0.181640625,0.6821515892420538,0.2868894601542416,0.4402802101576182,0.3178484107579462,LR,FGSM,0.3,PGD_eps0.15_it25,,PGD,0.15,25,,0.0437049865722656,123
0.2754289215686274,0.1191588785046729,0.7481662591687042,0.2055760833053409,0.7922942206654991,0.2518337408312958,LR,FGSM,0.3,PGD_eps0.3_it10,,PGD,0.3,10,,0.0437049865722656,123
0.28125,0.120344962759702,0.7506112469437652,0.2074324324324324,0.7859894921190893,0.2493887530562347,LR,FGSM,0.3,PGD_eps0.3_it25,,PGD,0.3,25,,0.0437049865722656,123
0.1795343137254902,0.1070315206096293,0.7555012224938875,0.1875,0.9029772329246936,0.2444987775061124,LR,FGSM,0.3,PGD_eps0.5_it10,,PGD,0.5,10,,0.0437049865722656,123
0.1911764705882352,0.107908611599297,0.7506112469437652,0.1886908420405654,0.8889667250437828,0.2493887530562347,LR,FGSM,0.3,PGD_eps0.5_it25,,PGD,0.5,25,,0.0437049865722656,123
0.1611519607843137,0.1007884813164209,0.7188264058679706,0.1767889356584485,0.918739054290718,0.2811735941320293,LR,FGSM,0.3,PGD_eps0.75_it10,,PGD,0.75,10,,0.0437049865722656,123
0.1657475490196078,0.0999308437067773,0.706601466992665,0.1750984550136322,0.9117338003502627,0.293398533007335,LR,FGSM,0.3,PGD_eps0.75_it25,,PGD,0.75,25,,0.0437049865722656,123
0.6893382352941176,0.2048780487804878,0.5134474327628362,0.2928870292887029,0.2854640980735551,0.4865525672371638,LR,FGSM,0.3,CW_c0.0_it10,,CW,,10,0.0,0.0437049865722656,123
0.6182598039215687,0.1702127659574468,0.5281173594132029,0.2574493444576877,0.3688266199649737,0.4718826405867971,LR,FGSM,0.3,CW_c0.5_it10,,CW,,10,0.5,0.0437049865722656,123
0.8572303921568627,0.4392324093816631,0.5036674816625917,0.4692482915717539,0.0921190893169877,0.4963325183374083,SVM,FGSM,0.3,Clean,,Clean,0.0,0,,0.0753600597381591,123
0.7362132352941176,0.2472035794183445,0.5403422982885085,0.3392171910974674,0.2357267950963222,0.4596577017114914,SVM,FGSM,0.3,FGSM_eps0.15,,FGSM,0.15,1,,0.0753600597381591,123
0.4494485294117647,0.1441025641025641,0.687041564792176,0.238236540907164,0.5845884413309983,0.3129584352078239,SVM,FGSM,0.3,FGSM_eps0.3,,FGSM,0.3,1,,0.0753600597381591,123
0.21875,0.1125588128845457,0.7603911980440098,0.1960907944514502,0.8588441330998249,0.2396088019559902,SVM,FGSM,0.3,FGSM_eps0.5,,FGSM,0.5,1,,0.0753600597381591,123
0.1669730392156862,0.1017241379310344,0.7212713936430318,0.1783016016923541,0.9124343257443084,0.2787286063569682,SVM,FGSM,0.3,FGSM_eps0.75,,FGSM,0.75,1,,0.0753600597381591,123
0.7349877450980392,0.2488986784140969,0.5525672371638142,0.343204252088079,0.2388791593695271,0.4474327628361858,SVM,FGSM,0.3,PGD_eps0.15_it10,,PGD,0.15,10,,0.0753600597381591,123
0.7349877450980392,0.2483443708609271,0.5501222493887531,0.3422053231939163,0.2385288966725043,0.4498777506112469,SVM,FGSM,0.3,PGD_eps0.15_it25,,PGD,0.15,25,,0.0753600597381591,123
0.3685661764705882,0.1322350845948352,0.726161369193154,0.223728813559322,0.682661996497373,0.2738386308068459,SVM,FGSM,0.3,PGD_eps0.3_it10,,PGD,0.3,10,,0.0753600597381591,123
0.3817401960784313,0.135478024467603,0.7310513447432763,0.2285932721712538,0.6683012259194396,0.2689486552567237,SVM,FGSM,0.3,PGD_eps0.3_it25,,PGD,0.3,25,,0.0753600597381591,123
0.197610294117647,0.1087110481586402,0.7506112469437652,0.1899164862356944,0.8816112084063047,0.2493887530562347,SVM,FGSM,0.3,PGD_eps0.5_it10,,PGD,0.5,10,,0.0753600597381591,123
0.2178308823529411,0.1107480029048656,0.7457212713936431,0.1928548846032247,0.8577933450087566,0.254278728606357,SVM,FGSM,0.3,PGD_eps0.5_it25,,PGD,0.5,25,,0.0753600597381591,123
0.1642156862745098,0.1025025711347274,0.7310513447432763,0.179795550210463,0.9169877408056042,0.2689486552567237,SVM,FGSM,0.3,PGD_eps0.75_it10,,PGD,0.75,10,,0.0753600597381591,123
0.1724877450980392,0.1029106029106029,0.726161369193154,0.1802731411229135,0.906830122591944,0.2738386308068459,SVM,FGSM,0.3,PGD_eps0.75_it25,,PGD,0.75,25,,0.0753600597381591,123
0.7686887254901961,0.2693333333333333,0.4938875305623472,0.3485763589301122,0.1919439579684763,0.5061124694376528,SVM,FGSM,0.3,CW_c0.0_it10,,CW,,10,0.0,0.0753600597381591,123
0.7276348039215687,0.2285067873303167,0.4938875305623472,0.3124516627996906,0.2388791593695271,0.5061124694376528,SVM,FGSM,0.3,CW_c0.5_it10,,CW,,10,0.5,0.0753600597381591,123
0.9114583333333334,0.6401869158878505,0.6699266503667481,0.6547192353643967,0.0539404553415061,0.3300733496332518,RF,FGSM,0.3,Clean,,Clean,0.0,0,,1.909686803817749,123
0.9169730392156864,0.8520408163265306,0.4083129584352078,0.5520661157024793,0.0101576182136602,0.5916870415647921,RF,FGSM,0.3,FGSM_eps0.15,,FGSM,0.15,1,,1.909686803817749,123
0.9090073529411764,0.6717791411042945,0.5354523227383863,0.5959183673469388,0.037478108581436,0.4645476772616136,RF,FGSM,0.3,FGSM_eps0.3,,FGSM,0.3,1,,1.909686803817749,123
0.8737745098039216,0.4782608695652174,0.0806845965770171,0.1380753138075313,0.0126094570928196,0.9193154034229828,RF,FGSM,0.3,FGSM_eps0.5,,FGSM,0.5,1,,1.909686803817749,123
0.8167892156862745,0.0478468899521531,0.0244498777506112,0.0323624595469255,0.0697022767075306,0.9755501222493888,RF,FGSM,0.3,FGSM_eps0.75,,FGSM,0.75,1,,1.909686803817749,123
0.915747549019608,0.845360824742268,0.4009779951100244,0.5439469320066335,0.010507880910683,0.5990220048899756,RF,FGSM,0.3,PGD_eps0.15_it10,,PGD,0.15,10,,1.909686803817749,123
0.914828431372549,0.8324873096446701,0.4009779951100244,0.5412541254125413,0.0115586690017513,0.5990220048899756,RF,FGSM,0.3,PGD_eps0.15_it25,,PGD,0.15,25,,1.909686803817749,123
0.9034926470588236,0.6407185628742516,0.5232273838630807,0.576043068640646,0.042031523642732,0.4767726161369193,RF,FGSM,0.3,PGD_eps0.3_it10,,PGD,0.3,10,,1.909686803817749,123
0.9044117647058824,0.6456456456456456,0.5256723716381418,0.5795148247978437,0.0413309982486865,0.4743276283618582,RF,FGSM,0.3,PGD_eps0.3_it25,,PGD,0.3,25,,1.909686803817749,123
0.8363970588235294,0.2146118721461187,0.1149144254278728,0.1496815286624203,0.0602451838879159,0.8850855745721271,RF,FGSM,0.3,PGD_eps0.5_it10,,PGD,0.5,10,,1.909686803817749,123
0.8296568627450981,0.2,0.1198044009779951,0.1498470948012232,0.0686514886164623,0.8801955990220048,RF,FGSM,0.3,PGD_eps0.5_it25,,PGD,0.5,25,,1.909686803817749,123
0.7760416666666666,0.0451977401129943,0.0391198044009779,0.0419397116644823,0.1183887915936952,0.960880195599022,RF,FGSM,0.3,PGD_eps0.75_it10,,PGD,0.75,10,,1.909686803817749,123
0.7567401960784313,0.0491803278688524,0.0513447432762836,0.0502392344497607,0.1422066549912434,0.9486552567237164,RF,FGSM,0.3,PGD_eps0.75_it25,,PGD,0.75,25,,1.909686803817749,123
0.9108455882352942,0.7478991596638656,0.4352078239608802,0.5502318392581144,0.021015761821366,0.5647921760391198,RF,FGSM,0.3,CW_c0.0_it10,,CW,,10,0.0,1.909686803817749,123
0.9087009803921569,0.7444933920704846,0.4132029339853301,0.5314465408805031,0.0203152364273204,0.58679706601467,RF,FGSM,0.3,CW_c0.5_it10,,CW,,10,0.5,1.909686803817749,123
0.9001225490196079,0.6261398176291794,0.5036674816625917,0.5582655826558266,0.0430823117338003,0.4963325183374083,MLP,FGSM,0.5,FGSM_eps0.15,7.936996698379517,FGSM,0.15,1,,,123
0.8725490196078431,0.4910941475826972,0.4718826405867971,0.4812967581047381,0.0700525394045534,0.5281173594132029,MLP,FGSM,0.5,FGSM_eps0.3,7.936996698379517,FGSM,0.3,1,,,123
0.8115808823529411,0.3078358208955223,0.4034229828850856,0.3492063492063492,0.1299474605954466,0.5965770171149144,MLP,FGSM,0.5,FGSM_eps0.5,7.936996698379517,FGSM,0.5,1,,,123
0.7861519607843137,0.17960088691796,0.1980440097799511,0.1883720930232558,0.1295971978984238,0.8019559902200489,MLP,FGSM,0.5,FGSM_eps0.75,7.936996698379517,FGSM,0.75,1,,,123
0.899203431372549,0.6197604790419161,0.5061124694376528,0.5572005383580081,0.0444833625218914,0.4938875305623472,MLP,FGSM,0.5,PGD_eps0.15_it10,7.936996698379517,PGD,0.15,10,,,123
0.8982843137254902,0.6142433234421365,0.5061124694376528,0.5549597855227882,0.0455341506129597,0.4938875305623472,MLP,FGSM,0.5,PGD_eps0.15_it25,7.936996698379517,PGD,0.15,25,,,123
0.8685661764705882,0.4760765550239234,0.4865525672371638,0.4812575574365175,0.076707530647986,0.5134474327628362,MLP,FGSM,0.5,PGD_eps0.3_it10,7.936996698379517,PGD,0.3,10,,,123
0.8685661764705882,0.4760765550239234,0.4865525672371638,0.4812575574365175,0.076707530647986,0.5134474327628362,MLP,FGSM,0.5,PGD_eps0.3_it25,7.936996698379517,PGD,0.3,25,,,123
0.7864583333333334,0.2791411042944785,0.4449877750611247,0.3430725730442978,0.1646234676007005,0.5550122249388753,MLP,FGSM,0.5,PGD_eps0.5_it10,7.936996698379517,PGD,0.5,10,,,123
0.7846200980392157,0.2738461538461538,0.4352078239608802,0.336166194523135,0.165323992994746,0.5647921760391198,MLP,FGSM,0.5,PGD_eps0.5_it25,7.936996698379517,PGD,0.5,25,,,123
0.7368259803921569,0.1451104100946372,0.2249388753056234,0.1764141898370086,0.1898423817863397,0.7750611246943765,MLP,FGSM,0.5,PGD_eps0.75_it10,7.936996698379517,PGD,0.75,10,,,123
0.7199754901960784,0.1259259259259259,0.2078239608801956,0.1568265682656826,0.2066549912434325,0.7921760391198044,MLP,FGSM,0.5,PGD_eps0.75_it25,7.936996698379517,PGD,0.75,25,,,123
0.9041053921568628,0.6420118343195266,0.530562347188264,0.5809906291834003,0.0423817863397548,0.4694376528117359,MLP,FGSM,0.5,CW_c0.0_it10,7.936996698379517,CW,,10,0.0,,123
0.9010416666666666,0.6207865168539326,0.5403422982885085,0.5777777777777777,0.0472854640980735,0.4596577017114914,MLP,FGSM,0.5,CW_c0.5_it10,7.936996698379517,CW,,10,0.5,,123
0.9126838235294118,0.6867469879518072,0.5574572127139364,0.6153846153846154,0.0364273204903677,0.4425427872860635,MLP,FGSM,0.5,Clean,7.936996698379517,Clean,0.0,0,,,123
0.8244485294117647,0.362876254180602,0.530562347188264,0.4309831181727904,0.1334500875656742,0.4694376528117359,LR,FGSM,0.5,Clean,,Clean,0.0,0,,0.0477135181427001,123
0.7420343137254902,0.2491309385863267,0.5256723716381418,0.3380503144654088,0.226970227670753,0.4743276283618582,LR,FGSM,0.5,FGSM_eps0.15,,FGSM,0.15,1,,0.0477135181427001,123
0.5386029411764706,0.164525993883792,0.6577017114914425,0.2632093933463796,0.4784588441330998,0.3422982885085575,LR,FGSM,0.5,FGSM_eps0.3,,FGSM,0.3,1,,0.0477135181427001,123
0.3005514705882353,0.1169255928045789,0.6992665036674817,0.2003502626970227,0.7565674255691769,0.3007334963325183,LR,FGSM,0.5,FGSM_eps0.5,,FGSM,0.5,1,,0.0477135181427001,123
0.221813725490196,0.0968596292092319,0.6259168704156479,0.1677588466579292,0.836077057793345,0.3740831295843521,LR,FGSM,0.5,FGSM_eps0.75,,FGSM,0.75,1,,0.0477135181427001,123
0.7371323529411765,0.2445961319681456,0.5256723716381418,0.3338509316770186,0.2325744308231173,0.4743276283618582,LR,FGSM,0.5,PGD_eps0.15_it10,,PGD,0.15,10,,0.0477135181427001,123
0.7371323529411765,0.2451759364358683,0.5281173594132029,0.3348837209302325,0.2329246935201401,0.4718826405867971,LR,FGSM,0.5,PGD_eps0.15_it25,,PGD,0.15,25,,0.0477135181427001,123
0.5582107843137255,0.1599736668861092,0.5941320293398533,0.2520746887966805,0.4469352014010508,0.4058679706601467,LR,FGSM,0.5,PGD_eps0.3_it10,,PGD,0.3,10,,0.0477135181427001,123
0.5545343137254902,0.1587197909862834,0.5941320293398533,0.2505154639175257,0.451138353765324,0.4058679706601467,LR,FGSM,0.5,PGD_eps0.3_it25,,PGD,0.3,25,,0.0477135181427001,123
0.3538602941176471,0.1258802816901408,0.6992665036674817,0.2133532264080567,0.6956217162872154,0.3007334963325183,LR,FGSM,0.5,PGD_eps0.5_it10,,PGD,0.5,10,,0.0477135181427001,123
0.3207720588235294,0.1223893065998329,0.7163814180929096,0.2090617195861576,0.7359019264448337,0.2836185819070904,LR,FGSM,0.5,PGD_eps0.5_it25,,PGD,0.5,25,,0.0477135181427001,123
0.2371323529411764,0.1086874764949229,0.706601466992665,0.1883963494132985,0.830122591943958,0.293398533007335,LR,FGSM,0.5,PGD_eps0.75_it10,,PGD,0.75,10,,0.0477135181427001,123
0.2251838235294117,0.1094325718496683,0.726161369193154,0.1902017291066282,0.8465849387040281,0.2738386308068459,LR,FGSM,0.5,PGD_eps0.75_it25,,PGD,0.75,25,,0.0477135181427001,123
0.7524509803921569,0.2564102564102564,0.5134474327628362,0.3420195439739413,0.2133099824868651,0.4865525672371638,LR,FGSM,0.5,CW_c0.0_it10,,CW,,10,0.0,0.0477135181427001,123
0.7319240196078431,0.2376126126126126,0.5158924205378973,0.3253662297609869,0.2371278458844133,0.4841075794621027,LR,FGSM,0.5,CW_c0.5_it10,,CW,,10,0.5,0.0477135181427001,123
0.8256740196078431,0.3620689655172414,0.5134474327628362,0.4246713852376138,0.1295971978984238,0.4865525672371638,SVM,FGSM,0.5,Clean,,Clean,0.0,0,,0.1032474040985107,123
0.7873774509803921,0.2967189728958631,0.508557457212714,0.3747747747747748,0.1726795096322241,0.491442542787286,SVM,FGSM,0.5,FGSM_eps0.15,,FGSM,0.15,1,,0.1032474040985107,123
0.7055759803921569,0.2183673469387755,0.5232273838630807,0.3081353491720662,0.2683012259194395,0.4767726161369193,SVM,FGSM,0.5,FGSM_eps0.3,,FGSM,0.3,1,,0.1032474040985107,123
0.5,0.1495702005730659,0.6381418092909535,0.2423398328690807,0.5197898423817864,0.3618581907090464,SVM,FGSM,0.5,FGSM_eps0.5,,FGSM,0.5,1,,0.1032474040985107,123
0.3118872549019608,0.1103097157403479,0.6356968215158925,0.187997107736804,0.7345008756567426,0.3643031784841076,SVM,FGSM,0.5,FGSM_eps0.75,,FGSM,0.75,1,,0.1032474040985107,123
0.7806372549019608,0.2882758620689655,0.511002444987775,0.3686067019400352,0.1807355516637478,0.4889975550122249,SVM,FGSM,0.5,PGD_eps0.15_it10,,PGD,0.15,10,,0.1032474040985107,123
0.7809436274509803,0.2875,0.5061124694376528,0.366696191319752,0.1796847635726795,0.4938875305623472,SVM,FGSM,0.5,PGD_eps0.15_it25,,PGD,0.15,25,,0.1032474040985107,123
0.6639093137254902,0.1993006993006993,0.5574572127139364,0.2936252414681262,0.3208406304728546,0.4425427872860635,SVM,FGSM,0.5,PGD_eps0.3_it10,,PGD,0.3,10,,0.1032474040985107,123
0.6590073529411765,0.1986301369863013,0.5672371638141809,0.2942295497780596,0.32784588441331,0.432762836185819,SVM,FGSM,0.5,PGD_eps0.3_it25,,PGD,0.3,25,,0.1032474040985107,123
0.4926470588235294,0.1451337507114399,0.6234718826405868,0.2354570637119113,0.5260945709281961,0.3765281173594132,SVM,FGSM,0.5,PGD_eps0.5_it10,,PGD,0.5,10,,0.1032474040985107,123
0.4399509803921568,0.1392984239959329,0.6699266503667481,0.2306397306397306,0.5929947460595446,0.3300733496332518,SVM,FGSM,0.5,PGD_eps0.5_it25,,PGD,0.5,25,,0.1032474040985107,123
0.3612132352941176,0.1258928571428571,0.6894865525672371,0.2129105322763307,0.6858143607705779,0.3105134474327628,SVM,FGSM,0.5,PGD_eps0.75_it10,,PGD,0.75,10,,0.1032474040985107,123
0.2974877450980392,0.1201612903225806,0.7286063569682152,0.2062997577016268,0.7642732049036778,0.2713936430317848,SVM,FGSM,0.5,PGD_eps0.75_it25,,PGD,0.75,25,,0.1032474040985107,123
0.7965686274509803,0.3082706766917293,0.5012224938875306,0.3817504655493482,0.1611208406304728,0.4987775061124694,SVM,FGSM,0.5,CW_c0.0_it10,,CW,,10,0.0,0.1032474040985107,123
0.7879901960784313,0.2958152958152958,0.5012224938875306,0.3720508166969147,0.1709281961471103,0.4987775061124694,SVM,FGSM,0.5,CW_c0.5_it10,,CW,,10,0.5,0.1032474040985107,123
0.9059436274509804,0.6180555555555556,0.6528117359413202,0.6349583828775267,0.0577933450087565,0.3471882640586797,RF,FGSM,0.5,Clean,,Clean,0.0,0,,2.360948085784912,123
0.9246323529411764,0.9095477386934674,0.4425427872860635,0.5953947368421053,0.0063047285464098,0.5574572127139364,RF,FGSM,0.5,FGSM_eps0.15,,FGSM,0.15,1,,2.360948085784912,123
0.9197303921568628,0.8024691358024691,0.4767726161369193,0.598159509202454,0.0168126094570928,0.5232273838630807,RF,FGSM,0.5,FGSM_eps0.3,,FGSM,0.3,1,,2.360948085784912,123
0.8814338235294118,0.6571428571428571,0.1124694376528117,0.1920668058455114,0.0084063047285464,0.8875305623471883,RF,FGSM,0.5,FGSM_eps0.5,,FGSM,0.5,1,,2.360948085784912,123
0.8700980392156863,0.2222222222222222,0.0146699266503667,0.0275229357798165,0.0073555166374781,0.9853300733496332,RF,FGSM,0.5,FGSM_eps0.75,,FGSM,0.75,1,,2.360948085784912,123
0.9243259803921569,0.900990099009901,0.4449877750611247,0.5957446808510638,0.0070052539404553,0.5550122249388753,RF,FGSM,0.5,PGD_eps0.15_it10,,PGD,0.15,10,,2.360948085784912,123
0.9243259803921569,0.900990099009901,0.4449877750611247,0.5957446808510638,0.0070052539404553,0.5550122249388753,RF,FGSM,0.5,PGD_eps0.15_it25,,PGD,0.15,25,,2.360948085784912,123
0.9206495098039216,0.8048780487804879,0.4841075794621027,0.6045801526717557,0.0168126094570928,0.5158924205378973,RF,FGSM,0.5,PGD_eps0.3_it10,,PGD,0.3,10,,2.360948085784912,123
0.9200367647058824,0.796,0.4865525672371638,0.6039453717754173,0.0178633975481611,0.5134474327628362,RF,FGSM,0.5,PGD_eps0.3_it25,,PGD,0.3,25,,2.360948085784912,123
0.8844975490196079,0.6095890410958904,0.2176039119804401,0.3207207207207207,0.0199649737302977,0.78239608801956,RF,FGSM,0.5,PGD_eps0.5_it10,,PGD,0.5,10,,2.360948085784912,123
0.8808210784313726,0.5694444444444444,0.2004889975550122,0.2965641952983725,0.0217162872154115,0.7995110024449877,RF,FGSM,0.5,PGD_eps0.5_it25,,PGD,0.5,25,,2.360948085784912,123
0.8498774509803921,0.1596638655462184,0.0464547677261613,0.0719696969696969,0.0350262697022767,0.9535452322738386,RF,FGSM,0.5,PGD_eps0.75_it10,,PGD,0.75,10,,2.360948085784912,123
0.8443627450980392,0.1221374045801526,0.0391198044009779,0.0592592592592592,0.0402802101576182,0.960880195599022,RF,FGSM,0.5,PGD_eps0.75_it25,,PGD,0.75,25,,2.360948085784912,123
0.9151348039215688,0.8142857142857143,0.4180929095354523,0.5525040387722132,0.0136602451838879,0.5819070904645477,RF,FGSM,0.5,CW_c0.0_it10,,CW,,10,0.0,2.360948085784912,123
0.914828431372549,0.8465608465608465,0.39119804400978,0.5351170568561873,0.0101576182136602,0.60880195599022,RF,FGSM,0.5,CW_c0.5_it10,,CW,,10,0.5,2.360948085784912,123
0.9096200980392156,0.6952054794520548,0.4963325183374083,0.579172610556348,0.0311733800350262,0.5036674816625917,MLP,PGD,0.3,FGSM_eps0.15,47.00812482833862,FGSM,0.15,1,,,123
0.8878676470588235,0.5630498533724341,0.4694376528117359,0.512,0.0521891418563922,0.530562347188264,MLP,PGD,0.3,FGSM_eps0.3,47.00812482833862,FGSM,0.3,1,,,123
0.7919730392156863,0.2786885245901639,0.4156479217603912,0.3336604514229637,0.1541155866900175,0.5843520782396088,MLP,PGD,0.3,FGSM_eps0.5,47.00812482833862,FGSM,0.5,1,,,123
0.6544117647058824,0.1113513513513513,0.2518337408312958,0.1544227886056971,0.2879159369527145,0.7481662591687042,MLP,PGD,0.3,FGSM_eps0.75,47.00812482833862,FGSM,0.75,1,,,123
0.9087009803921569,0.6920415224913494,0.4889975550122249,0.5730659025787965,0.0311733800350262,0.511002444987775,MLP,PGD,0.3,PGD_eps0.15_it10,47.00812482833862,PGD,0.15,10,,,123
0.9096200980392156,0.6979166666666666,0.491442542787286,0.5767575322812052,0.0304728546409807,0.508557457212714,MLP,PGD,0.3,PGD_eps0.15_it25,47.00812482833862,PGD,0.15,25,,,123
0.8884803921568627,0.5659824046920822,0.4718826405867971,0.5146666666666667,0.0518388791593695,0.5281173594132029,MLP,PGD,0.3,PGD_eps0.3_it10,47.00812482833862,PGD,0.3,10,,,123
0.8887867647058824,0.5672514619883041,0.4743276283618582,0.5166444740346205,0.0518388791593695,0.5256723716381418,MLP,PGD,0.3,PGD_eps0.3_it25,47.00812482833862,PGD,0.3,25,,,123
0.7561274509803921,0.2547528517110266,0.491442542787286,0.335559265442404,0.205954465849387,0.508557457212714,MLP,PGD,0.3,PGD_eps0.5_it10,47.00812482833862,PGD,0.5,10,,,123
0.7545955882352942,0.2531486146095718,0.491442542787286,0.3341645885286783,0.2077057793345008,0.508557457212714,MLP,PGD,0.3,PGD_eps0.5_it25,47.00812482833862,PGD,0.5,25,,,123
0.6176470588235294,0.1053621825023518,0.2738386308068459,0.1521739130434782,0.3330998248686515,0.726161369193154,MLP,PGD,0.3,PGD_eps0.75_it10,47.00812482833862,PGD,0.75,10,,,123
0.5628063725490197,0.096031746031746,0.295843520782396,0.1449970041941282,0.3989492119089317,0.7041564792176039,MLP,PGD,0.3,PGD_eps0.75_it25,47.00812482833862,PGD,0.75,25,,,123
0.914828431372549,0.7364620938628159,0.4987775061124694,0.5947521865889213,0.0255691768826619,0.5012224938875306,MLP,PGD,0.3,CW_c0.0_it10,47.00812482833862,CW,,10,0.0,,123
0.913296568627451,0.723404255319149,0.4987775061124694,0.5904486251808972,0.0273204903677758,0.5012224938875306,MLP,PGD,0.3,CW_c0.5_it10,47.00812482833862,CW,,10,0.5,,123
0.9215686274509804,0.8,0.4987775061124694,0.6144578313253012,0.0178633975481611,0.5012224938875306,MLP,PGD,0.3,Clean,47.00812482833862,Clean,0.0,0,,,123
0.8743872549019608,0.4988290398126463,0.5207823960880196,0.5095693779904307,0.0749562171628721,0.4792176039119804,LR,PGD,0.3,Clean,,Clean,0.0,0,,0.0398027896881103,123
0.5404411764705882,0.1601246105919003,0.628361858190709,0.2552135054617676,0.47215411558669,0.3716381418092909,LR,PGD,0.3,FGSM_eps0.15,,FGSM,0.15,1,,0.0398027896881103,123
0.1813725490196078,0.108883511925337,0.7701711491442543,0.1907934585099939,0.9029772329246936,0.2298288508557457,LR,PGD,0.3,FGSM_eps0.3,,FGSM,0.3,1,,0.0398027896881103,123
0.166360294117647,0.1073369565217391,0.7726161369193154,0.1884879212645392,0.9204903677758318,0.2273838630806846,LR,PGD,0.3,FGSM_eps0.5,,FGSM,0.5,1,,0.0398027896881103,123
0.1553308823529411,0.0965635738831615,0.687041564792176,0.1693281108767701,0.9208406304728548,0.3129584352078239,LR,PGD,0.3,FGSM_eps0.75,,FGSM,0.75,1,,0.0398027896881103,123
0.5514705882352942,0.165079365079365,0.6356968215158925,0.2620967741935484,0.4605954465849387,0.3643031784841076,LR,PGD,0.3,PGD_eps0.15_it10,,PGD,0.15,10,,0.0398027896881103,123
0.5502450980392157,0.1629535327816677,0.6259168704156479,0.2585858585858586,0.4605954465849387,0.3740831295843521,LR,PGD,0.3,PGD_eps0.15_it25,,PGD,0.15,25,,0.0398027896881103,123
0.1709558823529411,0.1076187222412026,0.7701711491442543,0.1888489208633093,0.9148861646234676,0.2298288508557457,LR,PGD,0.3,PGD_eps0.3_it10,,PGD,0.3,10,,0.0398027896881103,123
0.1731004901960784,0.1076079506511309,0.7677261613691931,0.1887586414186955,0.9120840630472856,0.2322738386308068,LR,PGD,0.3,PGD_eps0.3_it25,,PGD,0.3,25,,0.0398027896881103,123
0.1651348039215686,0.1066576086956521,0.7677261613691931,0.1872949597375484,0.9211908931698776,0.2322738386308068,LR,PGD,0.3,PGD_eps0.5_it10,,PGD,0.5,10,,0.0398027896881103,123
0.1651348039215686,0.1066576086956521,0.7677261613691931,0.1872949597375484,0.9211908931698776,0.2322738386308068,LR,PGD,0.3,PGD_eps0.5_it25,,PGD,0.5,25,,0.0398027896881103,123
0.152267156862745,0.0934482758620689,0.6625916870415648,0.1637957086733152,0.9208406304728548,0.3374083129584352,LR,PGD,0.3,PGD_eps0.75_it10,,PGD,0.75,10,,0.0398027896881103,123
0.1504289215686274,0.0912863070539419,0.6454767726161369,0.1599515298394425,0.9204903677758318,0.3545232273838631,LR,PGD,0.3,PGD_eps0.75_it25,,PGD,0.75,25,,0.0398027896881103,123
0.7095588235294118,0.218978102189781,0.5134474327628362,0.3070175438596491,0.2623467600700525,0.4865525672371638,LR,PGD,0.3,CW_c0.0_it10,,CW,,10,0.0,0.0398027896881103,123
0.6495098039215687,0.1850899742930591,0.5281173594132029,0.2741116751269035,0.3330998248686515,0.4718826405867971,LR,PGD,0.3,CW_c0.5_it10,,CW,,10,0.5,0.0398027896881103,123
0.8621323529411765,0.4551422319474836,0.508557457212714,0.4803695150115473,0.087215411558669,0.491442542787286,SVM,PGD,0.3,Clean,,Clean,0.0,0,,0.0877108573913574,123
0.7251838235294118,0.2376344086021505,0.5403422982885085,0.3300970873786408,0.2483362521891418,0.4596577017114914,SVM,PGD,0.3,FGSM_eps0.15,,FGSM,0.15,1,,0.0877108573913574,123
0.3517156862745098,0.1261498028909329,0.7041564792176039,0.2139673105497771,0.6987740805604203,0.295843520782396,SVM,PGD,0.3,FGSM_eps0.3,,FGSM,0.3,1,,0.0877108573913574,123
0.1856617647058823,0.1085972850678733,0.7628361858190709,0.1901279707495429,0.8970227670753065,0.2371638141809291,SVM,PGD,0.3,FGSM_eps0.5,,FGSM,0.5,1,,0.0877108573913574,123
0.1657475490196078,0.1040383299110198,0.7432762836185819,0.182527769438607,0.9169877408056042,0.2567237163814181,SVM,PGD,0.3,FGSM_eps0.75,,FGSM,0.75,1,,0.0877108573913574,123
0.7251838235294118,0.2342047930283224,0.5256723716381418,0.3240391861341371,0.2462346760070052,0.4743276283618582,SVM,PGD,0.3,PGD_eps0.15_it10,,PGD,0.15,10,,0.0877108573913574,123
0.7291666666666666,0.2369878183831672,0.5232273838630807,0.3262195121951219,0.2413309982486865,0.4767726161369193,SVM,PGD,0.3,PGD_eps0.15_it25,,PGD,0.15,25,,0.0877108573913574,123
0.3219975490196078,0.1263463131731566,0.7457212713936431,0.2160821820758058,0.7387040280210158,0.254278728606357,SVM,PGD,0.3,PGD_eps0.3_it10,,PGD,0.3,10,,0.0877108573913574,123
0.3253676470588235,0.1275446614042376,0.7506112469437652,0.2180397727272727,0.7355516637478109,0.2493887530562347,SVM,PGD,0.3,PGD_eps0.3_it25,,PGD,0.3,25,,0.0877108573913574,123
0.1703431372549019,0.1075452372823489,0.7701711491442543,0.188735769922109,0.9155866900175132,0.2298288508557457,SVM,PGD,0.3,PGD_eps0.5_it10,,PGD,0.5,10,,0.0877108573913574,123
0.173406862745098,0.1076448405896468,0.7677261613691931,0.1888153938665063,0.9117338003502627,0.2322738386308068,SVM,PGD,0.3,PGD_eps0.5_it25,,PGD,0.5,25,,0.0877108573913574,123
0.1636029411764706,0.1045996592844974,0.7506112469437652,0.1836124401913875,0.9204903677758318,0.2493887530562347,SVM,PGD,0.3,PGD_eps0.75_it10,,PGD,0.75,10,,0.0877108573913574,123
0.1629901960784313,0.1029059829059829,0.7359413202933985,0.1805638872225554,0.9190893169877408,0.2640586797066014,SVM,PGD,0.3,PGD_eps0.75_it25,,PGD,0.75,25,,0.0877108573913574,123
0.7797181372549019,0.2847222222222222,0.5012224938875306,0.3631532329495128,0.180385288966725,0.4987775061124694,SVM,PGD,0.3,CW_c0.0_it10,,CW,,10,0.0,0.0877108573913574,123
0.7524509803921569,0.2540073982737361,0.5036674816625917,0.3377049180327869,0.2119089316987741,0.4963325183374083,SVM,PGD,0.3,CW_c0.5_it10,,CW,,10,0.5,0.0877108573913574,123
0.9099264705882352,0.6334106728538283,0.6674816625916871,0.65,0.0553415061295972,0.3325183374083129,RF,PGD,0.3,Clean,,Clean,0.0,0,,2.0232126712799072,123
0.9221813725490196,0.8672985781990521,0.4474327628361858,0.5903225806451613,0.0098073555166374,0.5525672371638142,RF,PGD,0.3,FGSM_eps0.15,,FGSM,0.15,1,,2.0232126712799072,123
0.9114583333333334,0.7,0.5134474327628362,0.5923836389280677,0.031523642732049,0.4865525672371638,RF,PGD,0.3,FGSM_eps0.3,,FGSM,0.3,1,,2.0232126712799072,123
0.8710171568627451,0.4634146341463415,0.1858190709046454,0.2652705061082024,0.0308231173380035,0.8141809290953546,RF,PGD,0.3,FGSM_eps0.5,,FGSM,0.5,1,,2.0232126712799072,123
0.7359068627450981,0.0618955512572533,0.0782396088019559,0.0691144708423326,0.169877408056042,0.921760391198044,RF,PGD,0.3,FGSM_eps0.75,,FGSM,0.75,1,,2.0232126712799072,123
0.9231004901960784,0.8761904761904762,0.4498777506112469,0.5945072697899838,0.0091068301225919,0.5501222493887531,RF,PGD,0.3,PGD_eps0.15_it10,,PGD,0.15,10,,2.0232126712799072,123
0.9231004901960784,0.8761904761904762,0.4498777506112469,0.5945072697899838,0.0091068301225919,0.5501222493887531,RF,PGD,0.3,PGD_eps0.15_it25,,PGD,0.15,25,,2.0232126712799072,123
0.915747549019608,0.7310344827586207,0.5183374083129584,0.6065808297567954,0.0273204903677758,0.4816625916870415,RF,PGD,0.3,PGD_eps0.3_it10,,PGD,0.3,10,,2.0232126712799072,123
0.9154411764705882,0.7224080267558528,0.5281173594132029,0.6101694915254238,0.0290718038528896,0.4718826405867971,RF,PGD,0.3,PGD_eps0.3_it25,,PGD,0.3,25,,2.0232126712799072,123
0.8777573529411765,0.5252525252525253,0.254278728606357,0.342668863261944,0.0329246935201401,0.7457212713936431,RF,PGD,0.3,PGD_eps0.5_it10,,PGD,0.5,10,,2.0232126712799072,123
0.8768382352941176,0.517948717948718,0.2469437652811736,0.3344370860927152,0.0329246935201401,0.7530562347188264,RF,PGD,0.3,PGD_eps0.5_it25,,PGD,0.5,25,,2.0232126712799072,123
0.8033088235294118,0.168091168091168,0.1442542787286063,0.1552631578947368,0.1022767075306479,0.8557457212713936,RF,PGD,0.3,PGD_eps0.75_it10,,PGD,0.75,10,,2.0232126712799072,123
0.8057598039215687,0.1883656509695291,0.1662591687041564,0.1766233766233766,0.1026269702276707,0.8337408312958435,RF,PGD,0.3,PGD_eps0.75_it25,,PGD,0.75,25,,2.0232126712799072,123
0.9126838235294118,0.746031746031746,0.4596577017114914,0.5688350983358548,0.022416812609457,0.5403422982885085,RF,PGD,0.3,CW_c0.0_it10,,CW,,10,0.0,2.0232126712799072,123
0.9166666666666666,0.8246445497630331,0.4254278728606357,0.5612903225806452,0.0129597197898423,0.5745721271393643,RF,PGD,0.3,CW_c0.5_it10,,CW,,10,0.5,2.0232126712799072,123
0.9139093137254902,0.7580645161290323,0.4596577017114914,0.5722983257229832,0.021015761821366,0.5403422982885085,MLP,PGD,0.5,FGSM_eps0.15,47.42454600334168,FGSM,0.15,1,,,123
0.8982843137254902,0.6270627062706271,0.4645476772616136,0.5337078651685393,0.0395796847635726,0.5354523227383863,MLP,PGD,0.5,FGSM_eps0.3,47.42454600334168,FGSM,0.3,1,,,123
0.7671568627450981,0.2585969738651995,0.4596577017114914,0.3309859154929577,0.1887915936952714,0.5403422982885085,MLP,PGD,0.5,FGSM_eps0.5,47.42454600334168,FGSM,0.5,1,,,123
0.5033700980392157,0.0932885906040268,0.3398533007334963,0.1463928383359663,0.4732049036777583,0.6601466992665037,MLP,PGD,0.5,FGSM_eps0.75,47.42454600334168,FGSM,0.75,1,,,123
0.9142156862745098,0.7611336032388664,0.4596577017114914,0.573170731707317,0.0206654991243432,0.5403422982885085,MLP,PGD,0.5,PGD_eps0.15_it10,47.42454600334168,PGD,0.15,10,,,123
0.9142156862745098,0.7611336032388664,0.4596577017114914,0.573170731707317,0.0206654991243432,0.5403422982885085,MLP,PGD,0.5,PGD_eps0.15_it25,47.42454600334168,PGD,0.15,25,,,123
0.8955269607843137,0.60828025477707,0.4669926650366748,0.5283540802213001,0.0430823117338003,0.5330073349633252,MLP,PGD,0.5,PGD_eps0.3_it10,47.42454600334168,PGD,0.3,10,,,123
0.8946078431372549,0.6031746031746031,0.4645476772616136,0.5248618784530387,0.0437828371278458,0.5354523227383863,MLP,PGD,0.5,PGD_eps0.3_it25,47.42454600334168,PGD,0.3,25,,,123
0.7518382352941176,0.2521631644004944,0.4987775061124694,0.334975369458128,0.2119089316987741,0.5012224938875306,MLP,PGD,0.5,PGD_eps0.5_it10,47.42454600334168,PGD,0.5,10,,,123
0.7310049019607843,0.2338251986379114,0.5036674816625917,0.3193798449612403,0.2364273204903677,0.4963325183374083,MLP,PGD,0.5,PGD_eps0.5_it25,47.42454600334168,PGD,0.5,25,,,123
0.5548406862745098,0.0990783410138248,0.3154034229828851,0.1507890122735242,0.4108581436077058,0.684596577017115,MLP,PGD,0.5,PGD_eps0.75_it10,47.42454600334168,PGD,0.75,10,,,123
0.4733455882352941,0.0921544209215442,0.3618581907090464,0.1468982630272952,0.5106830122591944,0.6381418092909535,MLP,PGD,0.5,PGD_eps0.75_it25,47.42454600334168,PGD,0.75,25,,,123
0.9145220588235294,0.7663934426229508,0.4572127139364303,0.5727411944869831,0.0199649737302977,0.5427872860635696,MLP,PGD,0.5,CW_c0.0_it10,47.42454600334168,CW,,10,0.0,,123
0.9129901960784312,0.751004016064257,0.4572127139364303,0.5683890577507599,0.0217162872154115,0.5427872860635696,MLP,PGD,0.5,CW_c0.5_it10,47.42454600334168,CW,,10,0.5,,123
0.9212622549019608,0.8392857142857143,0.4596577017114914,0.593996840442338,0.0126094570928196,0.5403422982885085,MLP,PGD,0.5,Clean,47.42454600334168,Clean,0.0,0,,,123
0.8621323529411765,0.4557235421166307,0.5158924205378973,0.4839449541284403,0.0882661996497373,0.4841075794621027,LR,PGD,0.5,Clean,,Clean,0.0,0,,0.0417380332946777,123
0.4378063725490196,0.1398989898989899,0.6772616136919315,0.231896190874843,0.5964973730297723,0.3227383863080684,LR,PGD,0.5,FGSM_eps0.15,,FGSM,0.15,1,,0.0417380332946777,123
0.2077205882352941,0.1111111111111111,0.7603911980440098,0.1938902743142144,0.8714535901926445,0.2396088019559902,LR,PGD,0.5,FGSM_eps0.3,,FGSM,0.3,1,,0.0417380332946777,123
0.1712622549019608,0.0969101123595505,0.6748166259168704,0.1694811175928768,0.9008756567425568,0.3251833740831296,LR,PGD,0.5,FGSM_eps0.5,,FGSM,0.5,1,,0.0417380332946777,123
0.1605392156862745,0.0909090909090909,0.6332518337408313,0.1589932473910374,0.9071803852889668,0.3667481662591687,LR,PGD,0.5,FGSM_eps0.75,,FGSM,0.75,1,,0.0417380332946777,123
0.4001225490196078,0.1348420556341348,0.6992665036674817,0.2260869565217391,0.6427320490367776,0.3007334963325183,LR,PGD,0.5,PGD_eps0.15_it10,,PGD,0.15,10,,0.0417380332946777,123
0.4034926470588235,0.1355450236966824,0.6992665036674817,0.2270742358078602,0.6388791593695271,0.3007334963325183,LR,PGD,0.5,PGD_eps0.15_it25,,PGD,0.15,25,,0.0417380332946777,123
0.1875,0.1090972464273266,0.7652811735941321,0.1909701037217815,0.8952714535901927,0.2347188264058679,LR,PGD,0.5,PGD_eps0.3_it10,,PGD,0.3,10,,0.0417380332946777,123
0.1914828431372549,0.1090462833099579,0.7603911980440098,0.1907390371051824,0.8900175131348511,0.2396088019559902,LR,PGD,0.5,PGD_eps0.3_it25,,PGD,0.3,25,,0.0417380332946777,123
0.1620710784313725,0.1000687757909215,0.7114914425427873,0.1754597527886644,0.9166374781085814,0.2885085574572127,LR,PGD,0.5,PGD_eps0.5_it10,,PGD,0.5,10,,0.0417380332946777,123
0.1657475490196078,0.1015840220385674,0.7212713936430318,0.1780863265922125,0.9138353765323992,0.2787286063569682,LR,PGD,0.5,PGD_eps0.5_it25,,PGD,0.5,25,,0.0417380332946777,123
0.1461397058823529,0.0865785813630041,0.60880195599022,0.1515981735159817,0.9201401050788092,0.39119804400978,LR,PGD,0.5,PGD_eps0.75_it10,,PGD,0.75,10,,0.0417380332946777,123
0.1470588235294117,0.0817189151109545,0.5672371638141809,0.1428571428571428,0.9131348511383538,0.432762836185819,LR,PGD,0.5,PGD_eps0.75_it25,,PGD,0.75,25,,0.0417380332946777,123
0.6651348039215687,0.1896551724137931,0.511002444987775,0.2766379880873593,0.312784588441331,0.4889975550122249,LR,PGD,0.5,CW_c0.0_it10,,CW,,10,0.0,0.0417380332946777,123
0.5753676470588235,0.1528073916133617,0.5256723716381418,0.236784140969163,0.4175131348511383,0.4743276283618582,LR,PGD,0.5,CW_c0.5_it10,,CW,,10,0.5,0.0417380332946777,123
0.8526348039215687,0.4256198347107438,0.5036674816625917,0.4613661814109742,0.0973730297723292,0.4963325183374083,SVM,PGD,0.5,Clean,,Clean,0.0,0,,0.1326191425323486,123
0.6544117647058824,0.1971356360572873,0.5721271393643031,0.2932330827067669,0.333800350262697,0.4278728606356968,SVM,PGD,0.5,FGSM_eps0.15,,FGSM,0.15,1,,0.1326191425323486,123
0.296875,0.1163547599674532,0.6992665036674817,0.1995116846878269,0.76077057793345,0.3007334963325183,SVM,PGD,0.5,FGSM_eps0.3,,FGSM,0.3,1,,0.1326191425323486,123
0.1844362745098039,0.1012389380530973,0.6992665036674817,0.1768707482993197,0.8893169877408056,0.3007334963325183,SVM,PGD,0.5,FGSM_eps0.5,,FGSM,0.5,1,,0.1326191425323486,123
0.1651348039215686,0.0925404644616467,0.6430317848410758,0.1617963703475853,0.9033274956217164,0.3569682151589242,SVM,PGD,0.5,FGSM_eps0.75,,FGSM,0.75,1,,0.1326191425323486,123
0.6534926470588235,0.1935483870967742,0.5574572127139364,0.2873345935727788,0.3327495621716287,0.4425427872860635,SVM,PGD,0.5,PGD_eps0.15_it10,,PGD,0.15,10,,0.1326191425323486,123
0.6528799019607843,0.1926994906621392,0.5550122249388753,0.2860743541272841,0.3330998248686515,0.4449877750611247,SVM,PGD,0.5,PGD_eps0.15_it25,,PGD,0.15,25,,0.1326191425323486,123
0.2647058823529412,0.1157854110382091,0.7334963325183375,0.2,0.8024518388791594,0.2665036674816626,SVM,PGD,0.5,PGD_eps0.3_it10,,PGD,0.3,10,,0.1326191425323486,123
0.2625612745098039,0.1148804934464148,0.7286063569682152,0.1984681984681984,0.8042031523642732,0.2713936430317848,SVM,PGD,0.5,PGD_eps0.3_it25,,PGD,0.3,25,,0.1326191425323486,123
0.1688112745098039,0.1019350380096752,0.7212713936430318,0.1786254919769906,0.9103327495621716,0.2787286063569682,SVM,PGD,0.5,PGD_eps0.5_it10,,PGD,0.5,10,,0.1326191425323486,123
0.1709558823529411,0.1024575977847006,0.7237163814180929,0.1795027289266222,0.908231173380035,0.2762836185819071,SVM,PGD,0.5,PGD_eps0.5_it25,,PGD,0.5,25,,0.1326191425323486,123
0.1547181372549019,0.0945479641131815,0.6699266503667481,0.1657091019050499,0.9190893169877408,0.3300733496332518,SVM,PGD,0.5,PGD_eps0.75_it10,,PGD,0.75,10,,0.1326191425323486,123
0.1669730392156862,0.0975609756097561,0.684596577017115,0.1707837755413235,0.9071803852889668,0.3154034229828851,SVM,PGD,0.5,PGD_eps0.75_it25,,PGD,0.75,25,,0.1326191425323486,123
0.7711397058823529,0.2710027100271002,0.4889975550122249,0.3487358326068003,0.1884413309982487,0.511002444987775,SVM,PGD,0.5,CW_c0.0_it10,,CW,,10,0.0,0.1326191425323486,123
0.7322303921568627,0.2305909617612977,0.4865525672371638,0.3128930817610063,0.2325744308231173,0.5134474327628362,SVM,PGD,0.5,CW_c0.5_it10,,CW,,10,0.5,0.1326191425323486,123
0.9108455882352942,0.6432038834951457,0.6479217603911981,0.6455542021924482,0.0514886164623467,0.3520782396088019,RF,PGD,0.5,Clean,,Clean,0.0,0,,2.43491005897522,123
0.9221813725490196,0.8817733990147784,0.4376528117359413,0.5849673202614379,0.0084063047285464,0.5623471882640587,RF,PGD,0.5,FGSM_eps0.15,,FGSM,0.15,1,,2.43491005897522,123
0.9255514705882352,0.9108910891089108,0.4498777506112469,0.602291325695581,0.0063047285464098,0.5501222493887531,RF,PGD,0.5,FGSM_eps0.3,,FGSM,0.3,1,,2.43491005897522,123
0.8648897058823529,0.4047619047619047,0.1662591687041564,0.2357019064124783,0.0350262697022767,0.8337408312958435,RF,PGD,0.5,FGSM_eps0.5,,FGSM,0.5,1,,2.43491005897522,123
0.8762254901960784,0.7777777777777778,0.0171149144254278,0.0334928229665071,0.0007005253940455,0.982885085574572,RF,PGD,0.5,FGSM_eps0.75,,FGSM,0.75,1,,2.43491005897522,123
0.9224877450980392,0.8786407766990292,0.4425427872860635,0.5886178861788618,0.0087565674255691,0.5574572127139364,RF,PGD,0.5,PGD_eps0.15_it10,,PGD,0.15,10,,2.43491005897522,123
0.9221813725490196,0.8743961352657005,0.4425427872860635,0.5876623376623377,0.0091068301225919,0.5574572127139364,RF,PGD,0.5,PGD_eps0.15_it25,,PGD,0.15,25,,2.43491005897522,123
0.9237132352941176,0.8921568627450981,0.4449877750611247,0.5938009787928222,0.0077057793345008,0.5550122249388753,RF,PGD,0.5,PGD_eps0.3_it10,,PGD,0.3,10,,2.43491005897522,123
0.9246323529411764,0.893719806763285,0.452322738386308,0.6006493506493507,0.0077057793345008,0.5476772616136919,RF,PGD,0.5,PGD_eps0.3_it25,,PGD,0.3,25,,2.43491005897522,123
0.8872549019607843,0.5990338164251208,0.3031784841075794,0.4025974025974026,0.0290718038528896,0.6968215158924206,RF,PGD,0.5,PGD_eps0.5_it10,,PGD,0.5,10,,2.43491005897522,123
0.8811274509803921,0.5492957746478874,0.2860635696821516,0.3762057877813505,0.0336252189141856,0.7139364303178484,RF,PGD,0.5,PGD_eps0.5_it25,,PGD,0.5,25,,2.43491005897522,123
0.850796568627451,0.1904761904761904,0.0586797066014669,0.0897196261682242,0.0357267950963222,0.941320293398533,RF,PGD,0.5,PGD_eps0.75_it10,,PGD,0.75,10,,2.43491005897522,123
0.8511029411764706,0.1764705882352941,0.0513447432762836,0.0795454545454545,0.0343257443082311,0.9486552567237164,RF,PGD,0.5,PGD_eps0.75_it25,,PGD,0.75,25,,2.43491005897522,123
0.90625,0.7136929460580913,0.4205378973105134,0.5292307692307693,0.0241681260945709,0.5794621026894865,RF,PGD,0.5,CW_c0.0_it10,,CW,,10,0.0,2.43491005897522,123
0.914828431372549,0.8465608465608465,0.39119804400978,0.5351170568561873,0.0101576182136602,0.60880195599022,RF,PGD,0.5,CW_c0.5_it10,,CW,,10,0.5,2.43491005897522,123
0.8811274509803921,0.5245901639344263,0.5476772616136919,0.5358851674641149,0.0711033274956217,0.452322738386308,MLP,FGSM,0.3,FGSM_eps0.15,7.79651141166687,FGSM,0.15,1,,,31
0.8305759803921569,0.3686131386861314,0.4938875305623472,0.4221525600835946,0.1211908931698774,0.5061124694376528,MLP,FGSM,0.3,FGSM_eps0.3,7.79651141166687,FGSM,0.3,1,,,31
0.7267156862745098,0.2072727272727272,0.4180929095354523,0.2771474878444084,0.2290718038528896,0.5819070904645477,MLP,FGSM,0.3,FGSM_eps0.5,7.79651141166687,FGSM,0.5,1,,,31
0.5995710784313726,0.1088850174216027,0.3056234718826406,0.1605651894669235,0.3583187390542907,0.6943765281173594,MLP,FGSM,0.3,FGSM_eps0.75,7.79651141166687,FGSM,0.75,1,,,31
0.8930759803921569,0.578125,0.5427872860635696,0.5598991172761665,0.0567425569176882,0.4572127139364303,MLP,FGSM,0.3,PGD_eps0.15_it10,7.79651141166687,PGD,0.15,10,,,31
0.8939950980392157,0.5818181818181818,0.5476772616136919,0.5642317380352645,0.0563922942206655,0.452322738386308,MLP,FGSM,0.3,PGD_eps0.15_it25,7.79651141166687,PGD,0.15,25,,,31
0.8639705882352942,0.4613686534216336,0.511002444987775,0.4849187935034802,0.0854640980735551,0.4889975550122249,MLP,FGSM,0.3,PGD_eps0.3_it10,7.79651141166687,PGD,0.3,10,,,31
0.8618259803921569,0.4543478260869565,0.511002444987775,0.4810126582278481,0.0879159369527145,0.4889975550122249,MLP,FGSM,0.3,PGD_eps0.3_it25,7.79651141166687,PGD,0.3,25,,,31
0.7518382352941176,0.1994002998500749,0.3251833740831296,0.2472118959107806,0.1870402802101576,0.6748166259168704,MLP,FGSM,0.3,PGD_eps0.5_it10,7.79651141166687,PGD,0.5,10,,,31
0.7536764705882353,0.2047832585949177,0.334963325183374,0.2541743970315399,0.1863397548161121,0.6650366748166259,MLP,FGSM,0.3,PGD_eps0.5_it25,7.79651141166687,PGD,0.5,25,,,31
0.6473651960784313,0.1036324786324786,0.2371638141809291,0.1442379182156133,0.2938704028021016,0.7628361858190709,MLP,FGSM,0.3,PGD_eps0.75_it10,7.79651141166687,PGD,0.75,10,,,31
0.6409313725490197,0.1038421599169262,0.2444987775061124,0.1457725947521866,0.302276707530648,0.7555012224938875,MLP,FGSM,0.3,PGD_eps0.75_it25,7.79651141166687,PGD,0.75,25,,,31
0.8884803921568627,0.545271629778672,0.6625916870415648,0.5982339955849889,0.0791593695271453,0.3374083129584352,MLP,FGSM,0.3,CW_c0.0_it10,7.79651141166687,CW,,10,0.0,,31
0.8897058823529411,0.5505154639175258,0.6528117359413202,0.5973154362416108,0.0763572679509632,0.3471882640586797,MLP,FGSM,0.3,CW_c0.5_it10,7.79651141166687,CW,,10,0.5,,31
0.8936887254901961,0.5645833333333333,0.6625916870415648,0.609673790776153,0.0732049036777583,0.3374083129584352,MLP,FGSM,0.3,Clean,7.79651141166687,Clean,0.0,0,,,31
0.8541666666666666,0.4291754756871035,0.4963325183374083,0.4603174603174603,0.0945709281961471,0.5036674816625917,LR,FGSM,0.3,Clean,,Clean,0.0,0,,0.040191650390625,31
0.4454656862745098,0.1372345934748834,0.6479217603911981,0.2264957264957265,0.5835376532399299,0.3520782396088019,LR,FGSM,0.3,FGSM_eps0.15,,FGSM,0.15,1,,0.040191650390625,31
0.214767156862745,0.1043350477590007,0.6943765281173594,0.1814116895560523,0.8539404553415061,0.3056234718826406,LR,FGSM,0.3,FGSM_eps0.3,,FGSM,0.3,1,,0.040191650390625,31
0.1654411764705882,0.0798548094373865,0.5378973105134475,0.1390644753476612,0.8879159369527145,0.4621026894865526,LR,FGSM,0.3,FGSM_eps0.5,,FGSM,0.5,1,,0.040191650390625,31
0.1525735294117647,0.0656100258016955,0.4352078239608802,0.1140294682895579,0.8879159369527145,0.5647921760391198,LR,FGSM,0.3,FGSM_eps0.75,,FGSM,0.75,1,,0.040191650390625,31
0.3511029411764705,0.1227373068432671,0.6797066014669927,0.2079281974569932,0.6959719789842381,0.3202933985330073,LR,FGSM,0.3,PGD_eps0.15_it10,,PGD,0.15,10,,0.040191650390625,31
0.3501838235294117,0.1239015817223198,0.6894865525672371,0.2100558659217877,0.6984238178633976,0.3105134474327628,LR,FGSM,0.3,PGD_eps0.15_it25,,PGD,0.15,25,,0.040191650390625,31
0.1881127450980392,0.1030818278427205,0.7114914425427873,0.1800742574257425,0.8868651488616462,0.2885085574572127,LR,FGSM,0.3,PGD_eps0.3_it10,,PGD,0.3,10,,0.040191650390625,31
0.1881127450980392,0.1030818278427205,0.7114914425427873,0.1800742574257425,0.8868651488616462,0.2885085574572127,LR,FGSM,0.3,PGD_eps0.3_it25,,PGD,0.3,25,,0.040191650390625,31
0.166360294117647,0.081159420289855,0.5476772616136919,0.1413695171978542,0.8882661996497373,0.452322738386308,LR,FGSM,0.3,PGD_eps0.5_it10,,PGD,0.5,10,,0.040191650390625,31
0.1688112745098039,0.0838150289017341,0.5672371638141809,0.1460497324519987,0.8882661996497373,0.432762836185819,LR,FGSM,0.3,PGD_eps0.5_it25,,PGD,0.5,25,,0.040191650390625,31
0.1439950980392156,0.0558659217877094,0.3667481662591687,0.096961861667744,0.8879159369527145,0.6332518337408313,LR,FGSM,0.3,PGD_eps0.75_it10,,PGD,0.75,10,,0.040191650390625,31
0.1439950980392156,0.0561965016747301,0.3691931540342298,0.0975452196382428,0.8882661996497373,0.6308068459657702,LR,FGSM,0.3,PGD_eps0.75_it25,,PGD,0.75,25,,0.040191650390625,31
0.7708333333333334,0.2700135685210312,0.4865525672371638,0.3472949389179756,0.1884413309982487,0.5134474327628362,LR,FGSM,0.3,CW_c0.0_it10,,CW,,10,0.0,0.040191650390625,31
0.7613357843137255,0.2609819121447028,0.4938875305623472,0.3415046491969569,0.2003502626970227,0.5061124694376528,LR,FGSM,0.3,CW_c0.5_it10,,CW,,10,0.5,0.040191650390625,31
0.8535539215686274,0.4261241970021413,0.4865525672371638,0.454337899543379,0.0938704028021015,0.5134474327628362,SVM,FGSM,0.3,Clean,,Clean,0.0,0,,0.0989108085632324,31
0.6669730392156863,0.1962365591397849,0.5354523227383863,0.2872131147540984,0.314185639229422,0.4645476772616136,SVM,FGSM,0.3,FGSM_eps0.15,,FGSM,0.15,1,,0.0989108085632324,31
0.2650122549019608,0.1098039215686274,0.684596577017115,0.1892531260561,0.7950963222416813,0.3154034229828851,SVM,FGSM,0.3,FGSM_eps0.3,,FGSM,0.3,1,,0.0989108085632324,31
0.1761642156862745,0.0793357933579335,0.5256723716381418,0.1378647002244309,0.8739054290718039,0.4743276283618582,SVM,FGSM,0.3,FGSM_eps0.5,,FGSM,0.5,1,,0.0989108085632324,31
0.1498161764705882,0.0625,0.4132029339853301,0.1085769354320591,0.8879159369527145,0.58679706601467,SVM,FGSM,0.3,FGSM_eps0.75,,FGSM,0.75,1,,0.0989108085632324,31
0.5925245098039216,0.1708363116511794,0.5843520782396088,0.2643805309734513,0.4063047285464098,0.4156479217603912,SVM,FGSM,0.3,PGD_eps0.15_it10,,PGD,0.15,10,,0.0989108085632324,31
0.5934436274509803,0.1702586206896551,0.5794621026894865,0.2631871182676291,0.404553415061296,0.4205378973105134,SVM,FGSM,0.3,PGD_eps0.15_it25,,PGD,0.15,25,,0.0989108085632324,31
0.1939338235294117,0.1037803138373751,0.7114914425427873,0.1811391223155929,0.8802101576182136,0.2885085574572127,SVM,FGSM,0.3,PGD_eps0.3_it10,,PGD,0.3,10,,0.0989108085632324,31
0.1951593137254902,0.1039285714285714,0.7114914425427873,0.1813649111872857,0.8788091068301226,0.2885085574572127,SVM,FGSM,0.3,PGD_eps0.3_it25,,PGD,0.3,25,,0.0989108085632324,31
0.1700367647058823,0.0851370851370851,0.5770171149144254,0.1483810122602955,0.8882661996497373,0.4229828850855746,SVM,FGSM,0.3,PGD_eps0.5_it10,,PGD,0.5,10,,0.0989108085632324,31
0.173406862745098,0.0884573894282632,0.6014669926650367,0.1542319749216301,0.8879159369527145,0.3985330073349633,SVM,FGSM,0.3,PGD_eps0.5_it25,,PGD,0.5,25,,0.0989108085632324,31
0.1467524509803921,0.0590200445434298,0.3887530562347188,0.102481469545601,0.8879159369527145,0.6112469437652812,SVM,FGSM,0.3,PGD_eps0.75_it10,,PGD,0.75,10,,0.0989108085632324,31
0.1479779411764706,0.0607407407407407,0.4009779951100244,0.1055001608234158,0.8882661996497373,0.5990220048899756,SVM,FGSM,0.3,PGD_eps0.75_it25,,PGD,0.75,25,,0.0989108085632324,31
0.8075980392156863,0.3213703099510603,0.4816625916870415,0.385518590998043,0.1457092819614711,0.5183374083129584,SVM,FGSM,0.3,CW_c0.0_it10,,CW,,10,0.0,0.0989108085632324,31
0.8020833333333334,0.312202852614897,0.4816625916870415,0.3788461538461538,0.1520140105078809,0.5183374083129584,SVM,FGSM,0.3,CW_c0.5_it10,,CW,,10,0.5,0.0989108085632324,31
0.9160539215686274,0.6523702031602708,0.706601466992665,0.6784037558685446,0.0539404553415061,0.293398533007335,RF,FGSM,0.3,Clean,,Clean,0.0,0,,2.0991835594177246,31
0.9215686274509804,0.8731707317073171,0.4376528117359413,0.5830618892508144,0.0091068301225919,0.5623471882640587,RF,FGSM,0.3,FGSM_eps0.15,,FGSM,0.15,1,,2.0991835594177246,31
0.8875612745098039,0.5444915254237288,0.628361858190709,0.583427922814983,0.0753064798598949,0.3716381418092909,RF,FGSM,0.3,FGSM_eps0.3,,FGSM,0.3,1,,2.0991835594177246,31
0.8900122549019608,0.890625,0.1393643031784841,0.241014799154334,0.0024518388791593,0.8606356968215159,RF,FGSM,0.3,FGSM_eps0.5,,FGSM,0.5,1,,2.0991835594177246,31
0.8786764705882353,0.76,0.0464547677261613,0.0875576036866359,0.0021015761821366,0.9535452322738386,RF,FGSM,0.3,FGSM_eps0.75,,FGSM,0.75,1,,2.0991835594177246,31
0.9200367647058824,0.8457943925233645,0.4425427872860635,0.5810593900481541,0.0115586690017513,0.5574572127139364,RF,FGSM,0.3,PGD_eps0.15_it10,,PGD,0.15,10,,2.0991835594177246,31
0.920343137254902,0.8497652582159625,0.4425427872860635,0.5819935691318328,0.0112084063047285,0.5574572127139364,RF,FGSM,0.3,PGD_eps0.15_it25,,PGD,0.15,25,,2.0991835594177246,31
0.8890931372549019,0.5537757437070938,0.5916870415647921,0.5721040189125296,0.0683012259194395,0.4083129584352078,RF,FGSM,0.3,PGD_eps0.3_it10,,PGD,0.3,10,,2.0991835594177246,31
0.8893995098039216,0.5547945205479452,0.5941320293398533,0.5737898465171193,0.0683012259194395,0.4058679706601467,RF,FGSM,0.3,PGD_eps0.3_it25,,PGD,0.3,25,,2.0991835594177246,31
0.8722426470588235,0.4879518072289157,0.3960880195599022,0.437246963562753,0.0595446584938704,0.6039119804400978,RF,FGSM,0.3,PGD_eps0.5_it10,,PGD,0.5,10,,2.0991835594177246,31
0.8737745098039216,0.495575221238938,0.4107579462102689,0.4491978609625668,0.0598949211908931,0.589242053789731,RF,FGSM,0.3,PGD_eps0.5_it25,,PGD,0.5,25,,2.0991835594177246,31
0.8596813725490197,0.4121863799283154,0.2811735941320293,0.3343023255813953,0.0574430823117338,0.7188264058679706,RF,FGSM,0.3,PGD_eps0.75_it10,,PGD,0.75,10,,2.0991835594177246,31
0.8645833333333334,0.44,0.295843520782396,0.3538011695906433,0.0539404553415061,0.7041564792176039,RF,FGSM,0.3,PGD_eps0.75_it25,,PGD,0.75,25,,2.0991835594177246,31
0.9172794117647058,0.8034934497816594,0.4498777506112469,0.5768025078369906,0.0157618213660245,0.5501222493887531,RF,FGSM,0.3,CW_c0.0_it10,,CW,,10,0.0,2.0991835594177246,31
0.9197303921568628,0.8730964467005076,0.4205378973105134,0.5676567656765676,0.0087565674255691,0.5794621026894865,RF,FGSM,0.3,CW_c0.5_it10,,CW,,10,0.5,2.0991835594177246,31
0.8995098039215687,0.6277602523659306,0.4865525672371638,0.5482093663911846,0.0413309982486865,0.5134474327628362,MLP,FGSM,0.5,FGSM_eps0.15,7.861688137054443,FGSM,0.15,1,,,31
0.867953431372549,0.4736842105263157,0.4841075794621027,0.4788391777509069,0.0770577933450087,0.5158924205378973,MLP,FGSM,0.5,FGSM_eps0.3,7.861688137054443,FGSM,0.3,1,,,31
0.7775735294117647,0.2557781201848998,0.4058679706601467,0.3137996219281663,0.1691768826619964,0.5941320293398533,MLP,FGSM,0.5,FGSM_eps0.5,7.861688137054443,FGSM,0.5,1,,,31
0.7300857843137255,0.1424242424242424,0.2298288508557457,0.1758652946679139,0.1982486865148861,0.7701711491442543,MLP,FGSM,0.5,FGSM_eps0.75,7.861688137054443,FGSM,0.75,1,,,31
0.9007352941176472,0.6340694006309149,0.491442542787286,0.5537190082644629,0.0406304728546409,0.508557457212714,MLP,FGSM,0.5,PGD_eps0.15_it10,7.861688137054443,PGD,0.15,10,,,31
0.8998161764705882,0.6305732484076433,0.4841075794621027,0.5477178423236515,0.0406304728546409,0.5158924205378973,MLP,FGSM,0.5,PGD_eps0.15_it25,7.861688137054443,PGD,0.15,25,,,31
0.8553921568627451,0.4301552106430155,0.4743276283618582,0.4511627906976744,0.0900175131348511,0.5256723716381418,MLP,FGSM,0.5,PGD_eps0.3_it10,7.861688137054443,PGD,0.3,10,,,31
0.8532475490196079,0.4235807860262008,0.4743276283618582,0.447520184544406,0.0924693520140105,0.5256723716381418,MLP,FGSM,0.5,PGD_eps0.3_it25,7.861688137054443,PGD,0.3,25,,,31
0.7775735294117647,0.258751902587519,0.4156479217603912,0.3189493433395872,0.1705779334500875,0.5843520782396088,MLP,FGSM,0.5,PGD_eps0.5_it10,7.861688137054443,PGD,0.5,10,,,31
0.7800245098039216,0.2655538694992412,0.4278728606356968,0.3277153558052434,0.1695271453590192,0.5721271393643031,MLP,FGSM,0.5,PGD_eps0.5_it25,7.861688137054443,PGD,0.5,25,,,31
0.6844362745098039,0.1199510403916768,0.2396088019559902,0.1598694942903752,0.2518388791593695,0.7603911980440098,MLP,FGSM,0.5,PGD_eps0.75_it10,7.861688137054443,PGD,0.75,10,,,31
0.6832107843137255,0.1175030599755202,0.2347188264058679,0.1566068515497553,0.252539404553415,0.7652811735941321,MLP,FGSM,0.5,PGD_eps0.75_it25,7.861688137054443,PGD,0.75,25,,,31
0.9022671568627452,0.6339285714285714,0.5207823960880196,0.5718120805369128,0.0430823117338003,0.4792176039119804,MLP,FGSM,0.5,CW_c0.0_it10,7.861688137054443,CW,,10,0.0,,31
0.8985906862745098,0.6127167630057804,0.5183374083129584,0.56158940397351,0.0469352014010507,0.4816625916870415,MLP,FGSM,0.5,CW_c0.5_it10,7.861688137054443,CW,,10,0.5,,31
0.9120710784313726,0.698051948051948,0.5256723716381418,0.599721059972106,0.0325744308231173,0.4743276283618582,MLP,FGSM,0.5,Clean,7.861688137054443,Clean,0.0,0,,,31
0.8174019607843137,0.3444259567387687,0.5061124694376528,0.4099009900990099,0.1380035026269702,0.4938875305623472,LR,FGSM,0.5,Clean,,Clean,0.0,0,,0.0374636650085449,31
0.7466299019607843,0.2511904761904762,0.5158924205378973,0.3378702962369896,0.2203152364273204,0.4841075794621027,LR,FGSM,0.5,FGSM_eps0.15,,FGSM,0.15,1,,0.0374636650085449,31
0.4577205882352941,0.1386086032926181,0.6381418092909535,0.2277486910994764,0.5681260945709282,0.3618581907090464,LR,FGSM,0.5,FGSM_eps0.3,,FGSM,0.3,1,,0.0374636650085449,31
0.2549019607843137,0.1108118507118122,0.7041564792176039,0.1914893617021276,0.8094570928196148,0.295843520782396,LR,FGSM,0.5,FGSM_eps0.5,,FGSM,0.5,1,,0.0374636650085449,31
0.1838235294117647,0.096022930849158,0.6552567237163814,0.1675,0.8837127845884414,0.3447432762836185,LR,FGSM,0.5,FGSM_eps0.75,,FGSM,0.75,1,,0.0374636650085449,31
0.7405024509803921,0.2488532110091743,0.530562347188264,0.3387978142076502,0.2294220665499124,0.4694376528117359,LR,FGSM,0.5,PGD_eps0.15_it10,,PGD,0.15,10,,0.0374636650085449,31
0.7438725490196079,0.2520325203252032,0.530562347188264,0.3417322834645669,0.225569176882662,0.4694376528117359,LR,FGSM,0.5,PGD_eps0.15_it25,,PGD,0.15,25,,0.0374636650085449,31
0.3964460784313725,0.1333959605448567,0.6943765281173594,0.2237982663514578,0.6462346760070052,0.3056234718826406,LR,FGSM,0.5,PGD_eps0.3_it10,,PGD,0.3,10,,0.0374636650085449,31
0.3915441176470588,0.1327433628318584,0.6968215158924206,0.2230046948356807,0.6521891418563923,0.3031784841075794,LR,FGSM,0.5,PGD_eps0.3_it25,,PGD,0.3,25,,0.0374636650085449,31
0.1902573529411764,0.1033380681818181,0.7114914425427873,0.1804651162790697,0.8844133099824869,0.2885085574572127,LR,FGSM,0.5,PGD_eps0.5_it10,,PGD,0.5,10,,0.0374636650085449,31
0.1933210784313725,0.1039886039886039,0.7139364303178484,0.1815355921666148,0.8812609457092819,0.2860635696821516,LR,FGSM,0.5,PGD_eps0.5_it25,,PGD,0.5,25,,0.0374636650085449,31
0.1859681372549019,0.1019830028328611,0.7041564792176039,0.1781626971852768,0.8882661996497373,0.295843520782396,LR,FGSM,0.5,PGD_eps0.75_it10,,PGD,0.75,10,,0.0374636650085449,31
0.1853553921568627,0.101063829787234,0.6968215158924206,0.1765252400123877,0.8879159369527145,0.3031784841075794,LR,FGSM,0.5,PGD_eps0.75_it25,,PGD,0.75,25,,0.0374636650085449,31
0.796875,0.3081570996978852,0.4987775061124694,0.3809523809523809,0.1604203152364273,0.5012224938875306,LR,FGSM,0.5,CW_c0.0_it10,,CW,,10,0.0,0.0374636650085449,31
0.7928921568627451,0.3028064992614475,0.5012224938875306,0.3775322283609576,0.165323992994746,0.4987775061124694,LR,FGSM,0.5,CW_c0.5_it10,,CW,,10,0.5,0.0374636650085449,31
0.8232230392156863,0.3531468531468531,0.4938875305623472,0.4118246687054026,0.1295971978984238,0.5061124694376528,SVM,FGSM,0.5,Clean,,Clean,0.0,0,,0.1293847560882568,31
0.7784926470588235,0.2782485875706215,0.4816625916870415,0.3527305282005371,0.178984238178634,0.5183374083129584,SVM,FGSM,0.5,FGSM_eps0.15,,FGSM,0.15,1,,0.1293847560882568,31
0.5958946078431373,0.170767004341534,0.5770171149144254,0.2635399218313791,0.4014010507880911,0.4229828850855746,SVM,FGSM,0.5,FGSM_eps0.3,,FGSM,0.3,1,,0.1293847560882568,31
0.3232230392156863,0.1179966044142614,0.6797066014669927,0.2010849909584086,0.72784588441331,0.3202933985330073,SVM,FGSM,0.5,FGSM_eps0.5,,FGSM,0.5,1,,0.1293847560882568,31
0.2169117647058823,0.0977894342450356,0.6381418092909535,0.1695906432748538,0.8434325744308231,0.3618581907090464,SVM,FGSM,0.5,FGSM_eps0.75,,FGSM,0.75,1,,0.1293847560882568,31
0.7729779411764706,0.2792553191489361,0.5134474327628362,0.3617571059431524,0.1898423817863397,0.4865525672371638,SVM,FGSM,0.5,PGD_eps0.15_it10,,PGD,0.15,10,,0.1293847560882568,31
0.7732843137254902,0.2784471218206158,0.508557457212714,0.3598615916955017,0.1887915936952714,0.491442542787286,SVM,FGSM,0.5,PGD_eps0.15_it25,,PGD,0.15,25,,0.1293847560882568,31
0.5441176470588235,0.1630231105559025,0.6381418092909535,0.2597014925373134,0.4693520140105078,0.3618581907090464,SVM,FGSM,0.5,PGD_eps0.3_it10,,PGD,0.3,10,,0.1293847560882568,31
0.5422794117647058,0.1636701797892126,0.6454767726161369,0.2611275964391691,0.4725043782837128,0.3545232273838631,SVM,FGSM,0.5,PGD_eps0.3_it25,,PGD,0.3,25,,0.1293847560882568,31
0.2086397058823529,0.1055878084179971,0.7114914425427873,0.1838862559241706,0.8633975481611208,0.2885085574572127,SVM,FGSM,0.5,PGD_eps0.5_it10,,PGD,0.5,10,,0.1293847560882568,31
0.2120098039215686,0.1062977793957044,0.7139364303178484,0.1850443599493029,0.8598949211908932,0.2860635696821516,SVM,FGSM,0.5,PGD_eps0.5_it25,,PGD,0.5,25,,0.1293847560882568,31
0.1859681372549019,0.1022646850672328,0.706601466992665,0.1786707882534776,0.8886164623467601,0.293398533007335,SVM,FGSM,0.5,PGD_eps0.75_it10,,PGD,0.75,10,,0.1293847560882568,31
0.1853553921568627,0.1016288951841359,0.7017114914425427,0.177544076708939,0.8886164623467601,0.2982885085574572,SVM,FGSM,0.5,PGD_eps0.75_it25,,PGD,0.75,25,,0.1293847560882568,31
0.8103553921568627,0.3278688524590163,0.4889975550122249,0.3925417075564278,0.1436077057793345,0.511002444987775,SVM,FGSM,0.5,CW_c0.0_it10,,CW,,10,0.0,0.1293847560882568,31
0.8075980392156863,0.3231017770597738,0.4889975550122249,0.3891050583657587,0.1467600700525394,0.511002444987775,SVM,FGSM,0.5,CW_c0.5_it10,,CW,,10,0.5,0.1293847560882568,31
0.9163602941176472,0.6566820276497696,0.6968215158924206,0.6761565836298933,0.0521891418563922,0.3031784841075794,RF,FGSM,0.5,Clean,,Clean,0.0,0,,2.533707857131958,31
0.9191176470588236,0.8341013824884793,0.4425427872860635,0.5782747603833865,0.0126094570928196,0.5574572127139364,RF,FGSM,0.5,FGSM_eps0.15,,FGSM,0.15,1,,2.533707857131958,31
0.8783700980392157,0.5127659574468085,0.589242053789731,0.5483503981797497,0.0802101576182136,0.4107579462102689,RF,FGSM,0.5,FGSM_eps0.3,,FGSM,0.3,1,,2.533707857131958,31
0.8875612745098039,0.9565217391304348,0.1075794621026894,0.1934065934065934,0.0007005253940455,0.8924205378973105,RF,FGSM,0.5,FGSM_eps0.5,,FGSM,0.5,1,,2.533707857131958,31
0.8756127450980392,0.6153846153846154,0.0195599022004889,0.0379146919431279,0.0017513134851138,0.980440097799511,RF,FGSM,0.5,FGSM_eps0.75,,FGSM,0.75,1,,2.533707857131958,31
0.9197303921568628,0.8418604651162791,0.4425427872860635,0.5801282051282052,0.011908931698774,0.5574572127139364,RF,FGSM,0.5,PGD_eps0.15_it10,,PGD,0.15,10,,2.533707857131958,31
0.9197303921568628,0.8418604651162791,0.4425427872860635,0.5801282051282052,0.011908931698774,0.5574572127139364,RF,FGSM,0.5,PGD_eps0.15_it25,,PGD,0.15,25,,2.533707857131958,31
0.9028799019607844,0.6210526315789474,0.5770171149144254,0.5982256020278834,0.0504378283712784,0.4229828850855746,RF,FGSM,0.5,PGD_eps0.3_it10,,PGD,0.3,10,,2.533707857131958,31
0.9025735294117648,0.6226415094339622,0.5647921760391198,0.5923076923076923,0.0490367775831873,0.4352078239608802,RF,FGSM,0.5,PGD_eps0.3_it25,,PGD,0.3,25,,2.533707857131958,31
0.90625,0.8280254777070064,0.3178484107579462,0.4593639575971731,0.0094570928196147,0.6821515892420538,RF,FGSM,0.5,PGD_eps0.5_it10,,PGD,0.5,10,,2.533707857131958,31
0.9087009803921569,0.8881118881118881,0.3105134474327628,0.4601449275362319,0.0056042031523642,0.6894865525672371,RF,FGSM,0.5,PGD_eps0.5_it25,,PGD,0.5,25,,2.533707857131958,31
0.8802083333333334,0.6666666666666666,0.0880195599022004,0.1555075593952483,0.0063047285464098,0.9119804400977995,RF,FGSM,0.5,PGD_eps0.75_it10,,PGD,0.75,10,,2.533707857131958,31
0.875,0.5151515151515151,0.0415647921760391,0.0769230769230769,0.0056042031523642,0.9584352078239609,RF,FGSM,0.5,PGD_eps0.75_it25,,PGD,0.75,25,,2.533707857131958,31
0.9191176470588236,0.7983539094650206,0.4743276283618582,0.5950920245398773,0.0171628721541155,0.5256723716381418,RF,FGSM,0.5,CW_c0.0_it10,,CW,,10,0.0,2.533707857131958,31
0.9206495098039216,0.8605769230769231,0.4376528117359413,0.580226904376013,0.0101576182136602,0.5623471882640587,RF,FGSM,0.5,CW_c0.5_it10,,CW,,10,0.5,2.533707857131958,31
0.9080882352941176,0.6872852233676976,0.4889975550122249,0.5714285714285714,0.0318739054290718,0.511002444987775,MLP,PGD,0.3,FGSM_eps0.15,47.54186582565308,FGSM,0.15,1,,,31
0.883578431372549,0.5392953929539296,0.4865525672371638,0.5115681233933161,0.0595446584938704,0.5134474327628362,MLP,PGD,0.3,FGSM_eps0.3,47.54186582565308,FGSM,0.3,1,,,31
0.7380514705882353,0.205026455026455,0.3789731051344743,0.2660944206008583,0.210507880910683,0.6210268948655256,MLP,PGD,0.3,FGSM_eps0.5,47.54186582565308,FGSM,0.5,1,,,31
0.5649509803921569,0.1016548463356974,0.3154034229828851,0.1537544696066746,0.3992994746059544,0.684596577017115,MLP,PGD,0.3,FGSM_eps0.75,47.54186582565308,FGSM,0.75,1,,,31
0.907781862745098,0.684931506849315,0.4889975550122249,0.5706134094151213,0.0322241681260945,0.511002444987775,MLP,PGD,0.3,PGD_eps0.15_it10,47.54186582565308,PGD,0.15,10,,,31
0.907781862745098,0.684931506849315,0.4889975550122249,0.5706134094151213,0.0322241681260945,0.511002444987775,MLP,PGD,0.3,PGD_eps0.15_it25,47.54186582565308,PGD,0.15,25,,,31
0.8792892156862745,0.5195822454308094,0.4865525672371638,0.5025252525252525,0.0644483362521891,0.5134474327628362,MLP,PGD,0.3,PGD_eps0.3_it10,47.54186582565308,PGD,0.3,10,,,31
0.8786764705882353,0.5168831168831168,0.4865525672371638,0.5012594458438288,0.0651488616462346,0.5134474327628362,MLP,PGD,0.3,PGD_eps0.3_it25,47.54186582565308,PGD,0.3,25,,,31
0.7264093137254902,0.2034313725490196,0.4058679706601467,0.2710204081632653,0.2276707530647986,0.5941320293398533,MLP,PGD,0.3,PGD_eps0.5_it10,47.54186582565308,PGD,0.5,10,,,31
0.7245710784313726,0.2090261282660332,0.4303178484107579,0.281374900079936,0.2332749562171628,0.5696821515892421,MLP,PGD,0.3,PGD_eps0.5_it25,47.54186582565308,PGD,0.5,25,,,31
0.5658700980392157,0.0902439024390243,0.2713936430317848,0.1354484441732764,0.3919439579684763,0.7286063569682152,MLP,PGD,0.3,PGD_eps0.75_it10,47.54186582565308,PGD,0.75,10,,,31
0.5661764705882353,0.0842279108175061,0.2493887530562347,0.1259259259259259,0.3884413309982487,0.7506112469437652,MLP,PGD,0.3,PGD_eps0.75_it25,47.54186582565308,PGD,0.75,25,,,31
0.9142156862745098,0.7362637362637363,0.491442542787286,0.5894428152492669,0.0252189141856392,0.508557457212714,MLP,PGD,0.3,CW_c0.0_it10,47.54186582565308,CW,,10,0.0,,31
0.9139093137254902,0.7335766423357665,0.491442542787286,0.5885797950219619,0.0255691768826619,0.508557457212714,MLP,PGD,0.3,CW_c0.5_it10,47.54186582565308,CW,,10,0.5,,31
0.9231004901960784,0.8134920634920635,0.5012224938875306,0.6202723146747352,0.01646234676007,0.4987775061124694,MLP,PGD,0.3,Clean,47.54186582565308,Clean,0.0,0,,,31
0.883578431372549,0.5388739946380697,0.491442542787286,0.5140664961636828,0.0602451838879159,0.508557457212714,LR,PGD,0.3,Clean,,Clean,0.0,0,,0.0438196659088134,31
0.3363970588235294,0.1192024273948851,0.6723716381418093,0.2025036818851252,0.7117338003502627,0.3276283618581907,LR,PGD,0.3,FGSM_eps0.15,,FGSM,0.15,1,,0.0438196659088134,31
0.1853553921568627,0.0999288762446657,0.687041564792176,0.1744799751629928,0.8865148861646235,0.3129584352078239,LR,PGD,0.3,FGSM_eps0.3,,FGSM,0.3,1,,0.0438196659088134,31
0.1565563725490196,0.0697503671071953,0.4645476772616136,0.1212894988828598,0.8875656742556918,0.5354523227383863,LR,PGD,0.3,FGSM_eps0.5,,FGSM,0.5,1,,0.0438196659088134,31
0.1495098039215686,0.0618289522399111,0.4083129584352078,0.1073954983922829,0.8875656742556918,0.5916870415647921,LR,PGD,0.3,FGSM_eps0.75,,FGSM,0.75,1,,0.0438196659088134,31
0.3416053921568627,0.1200873362445414,0.6723716381418093,0.2037791774731382,0.7057793345008757,0.3276283618581907,LR,PGD,0.3,PGD_eps0.15_it10,,PGD,0.15,10,,0.0438196659088134,31
0.346813725490196,0.1199823555359506,0.6650366748166259,0.2032884902840059,0.6987740805604203,0.334963325183374,LR,PGD,0.3,PGD_eps0.15_it25,,PGD,0.15,25,,0.0438196659088134,31
0.1853553921568627,0.1007806955287437,0.6943765281173594,0.1760148744964363,0.8875656742556918,0.3056234718826406,LR,PGD,0.3,PGD_eps0.3_it10,,PGD,0.3,10,,0.0438196659088134,31
0.1853553921568627,0.1007806955287437,0.6943765281173594,0.1760148744964363,0.8875656742556918,0.3056234718826406,LR,PGD,0.3,PGD_eps0.3_it25,,PGD,0.3,25,,0.0438196659088134,31
0.159313725490196,0.073126142595978,0.4889975550122249,0.1272264631043257,0.8879159369527145,0.511002444987775,LR,PGD,0.3,PGD_eps0.5_it10,,PGD,0.5,10,,0.0438196659088134,31
0.1651348039215686,0.0795206971677559,0.5354523227383863,0.138476130256086,0.8879159369527145,0.4645476772616136,LR,PGD,0.3,PGD_eps0.5_it25,,PGD,0.5,25,,0.0438196659088134,31
0.1400122549019608,0.0509363295880149,0.3325183374083129,0.0883403702500812,0.8875656742556918,0.6674816625916871,LR,PGD,0.3,PGD_eps0.75_it10,,PGD,0.75,10,,0.0438196659088134,31
0.1424632352941176,0.0537714712471994,0.3520782396088019,0.0932944606413994,0.8875656742556918,0.6479217603911981,LR,PGD,0.3,PGD_eps0.75_it25,,PGD,0.75,25,,0.0438196659088134,31
0.742953431372549,0.2390776699029126,0.4816625916870415,0.3195458231954582,0.2196147110332749,0.5183374083129584,LR,PGD,0.3,CW_c0.0_it10,,CW,,10,0.0,0.0438196659088134,31
0.7233455882352942,0.2224719101123595,0.4841075794621027,0.3048498845265588,0.2423817863397548,0.5158924205378973,LR,PGD,0.3,CW_c0.5_it10,,CW,,10,0.5,0.0438196659088134,31
0.8612132352941176,0.45,0.4841075794621027,0.4664310954063604,0.0847635726795096,0.5158924205378973,SVM,PGD,0.3,Clean,,Clean,0.0,0,,0.1051816940307617,31
0.6151960784313726,0.1784358390280941,0.5745721271393643,0.272305909617613,0.3789842381786339,0.4254278728606357,SVM,PGD,0.3,FGSM_eps0.15,,FGSM,0.15,1,,0.1051816940307617,31
0.2490808823529411,0.1060956790123456,0.6723716381418093,0.1832722425858047,0.8115586690017513,0.3276283618581907,SVM,PGD,0.3,FGSM_eps0.3,,FGSM,0.3,1,,0.1051816940307617,31
0.1617647058823529,0.0708225746956842,0.4694376528117359,0.123076923076923,0.8823117338003502,0.530562347188264,SVM,PGD,0.3,FGSM_eps0.5,,FGSM,0.5,1,,0.1051816940307617,31
0.1501225490196078,0.0625231224565297,0.4132029339853301,0.108611825192802,0.8875656742556918,0.58679706601467,SVM,PGD,0.3,FGSM_eps0.75,,FGSM,0.75,1,,0.1051816940307617,31
0.5640318627450981,0.1606425702811245,0.58679706601467,0.2522333158171308,0.4392294220665499,0.4132029339853301,SVM,PGD,0.3,PGD_eps0.15_it10,,PGD,0.15,10,,0.1051816940307617,31
0.5634191176470589,0.160427807486631,0.58679706601467,0.2519685039370078,0.4399299474605954,0.4132029339853301,SVM,PGD,0.3,PGD_eps0.15_it25,,PGD,0.15,25,,0.1051816940307617,31
0.196078431372549,0.1023339317773788,0.6968215158924206,0.1784596117720726,0.8756567425569177,0.3031784841075794,SVM,PGD,0.3,PGD_eps0.3_it10,,PGD,0.3,10,,0.1051816940307617,31
0.1963848039215686,0.1020848310567936,0.6943765281173594,0.1780006267627703,0.8749562171628722,0.3056234718826406,SVM,PGD,0.3,PGD_eps0.3_it25,,PGD,0.3,25,,0.1051816940307617,31
0.1755514705882352,0.0901580459770114,0.6136919315403423,0.1572189163795803,0.887215411558669,0.3863080684596577,SVM,PGD,0.3,PGD_eps0.5_it10,,PGD,0.5,10,,0.1051816940307617,31
0.1792279411764706,0.0937723693629205,0.6405867970660146,0.1635966281610989,0.8868651488616462,0.3594132029339853,SVM,PGD,0.3,PGD_eps0.5_it25,,PGD,0.5,25,,0.1051816940307617,31
0.1504289215686274,0.0628698224852071,0.4156479217603912,0.1092194025056216,0.8875656742556918,0.5843520782396088,SVM,PGD,0.3,PGD_eps0.75_it10,,PGD,0.75,10,,0.1051816940307617,31
0.1632965686274509,0.0775109170305676,0.5207823960880196,0.1349382324992081,0.8879159369527145,0.4792176039119804,SVM,PGD,0.3,PGD_eps0.75_it25,,PGD,0.75,25,,0.1051816940307617,31
0.8011642156862745,0.3095238095238095,0.4767726161369193,0.3753609239653513,0.1523642732049036,0.5232273838630807,SVM,PGD,0.3,CW_c0.0_it10,,CW,,10,0.0,0.1051816940307617,31
0.7950367647058824,0.3012232415902141,0.4816625916870415,0.3706491063029162,0.1600700525394045,0.5183374083129584,SVM,PGD,0.3,CW_c0.5_it10,,CW,,10,0.5,0.1051816940307617,31
0.9126838235294118,0.6365638766519823,0.706601466992665,0.6697566628041715,0.0577933450087565,0.293398533007335,RF,PGD,0.3,Clean,,Clean,0.0,0,,2.2699666023254395,31
0.9166666666666666,0.7914893617021277,0.4547677261613692,0.577639751552795,0.0171628721541155,0.5452322738386308,RF,PGD,0.3,FGSM_eps0.15,,FGSM,0.15,1,,2.2699666023254395,31
0.9221813725490196,0.7591973244147158,0.5550122249388753,0.6412429378531074,0.0252189141856392,0.4449877750611247,RF,PGD,0.3,FGSM_eps0.3,,FGSM,0.3,1,,2.2699666023254395,31
0.8863357843137255,0.8518518518518519,0.1124694376528117,0.1987041036717062,0.0028021015761821,0.8875305623471883,RF,PGD,0.3,FGSM_eps0.5,,FGSM,0.5,1,,2.2699666023254395,31
0.8777573529411765,1.0,0.0244498777506112,0.0477326968973747,0.0,0.9755501222493888,RF,PGD,0.3,FGSM_eps0.75,,FGSM,0.75,1,,2.2699666023254395,31
0.9136029411764706,0.757085020242915,0.4572127139364303,0.5701219512195121,0.021015761821366,0.5427872860635696,RF,PGD,0.3,PGD_eps0.15_it10,,PGD,0.15,10,,2.2699666023254395,31
0.912377450980392,0.7411764705882353,0.4621026894865526,0.5692771084337349,0.0231173380035026,0.5378973105134475,RF,PGD,0.3,PGD_eps0.15_it25,,PGD,0.15,25,,2.2699666023254395,31
0.8998161764705882,0.6073298429319371,0.5672371638141809,0.5865992414664981,0.052539404553415,0.432762836185819,RF,PGD,0.3,PGD_eps0.3_it10,,PGD,0.3,10,,2.2699666023254395,31
0.899203431372549,0.5985221674876847,0.5941320293398533,0.596319018404908,0.057092819614711,0.4058679706601467,RF,PGD,0.3,PGD_eps0.3_it25,,PGD,0.3,25,,2.2699666023254395,31
0.8498774509803921,0.348314606741573,0.2273838630806846,0.2751479289940828,0.0609457092819614,0.7726161369193154,RF,PGD,0.3,PGD_eps0.5_it10,,PGD,0.5,10,,2.2699666023254395,31
0.852328431372549,0.3601532567049808,0.2298288508557457,0.2805970149253731,0.0584938704028021,0.7701711491442543,RF,PGD,0.3,PGD_eps0.5_it25,,PGD,0.5,25,,2.2699666023254395,31
0.821078431372549,0.0967741935483871,0.0513447432762836,0.0670926517571885,0.0686514886164623,0.9486552567237164,RF,PGD,0.3,PGD_eps0.75_it10,,PGD,0.75,10,,2.2699666023254395,31
0.8403799019607843,0.1455696202531645,0.0562347188264058,0.0811287477954144,0.0472854640980735,0.9437652811735942,RF,PGD,0.3,PGD_eps0.75_it25,,PGD,0.75,25,,2.2699666023254395,31
0.9191176470588236,0.7865612648221344,0.4865525672371638,0.6012084592145015,0.0189141856392294,0.5134474327628362,RF,PGD,0.3,CW_c0.0_it10,,CW,,10,0.0,2.2699666023254395,31
0.9243259803921569,0.9090909090909092,0.4400977995110024,0.5930807248764415,0.0063047285464098,0.5599022004889975,RF,PGD,0.3,CW_c0.5_it10,,CW,,10,0.5,2.2699666023254395,31
0.9102328431372548,0.7180451127819549,0.4669926650366748,0.5659259259259259,0.0262697022767075,0.5330073349633252,MLP,PGD,0.5,FGSM_eps0.15,47.15644955635071,FGSM,0.15,1,,,31
0.8884803921568627,0.5683890577507599,0.4572127139364303,0.5067750677506775,0.0497373029772329,0.5427872860635696,MLP,PGD,0.5,FGSM_eps0.3,47.15644955635071,FGSM,0.3,1,,,31
0.7941176470588235,0.2672566371681416,0.3691931540342298,0.3100616016427104,0.1450087565674255,0.6308068459657702,MLP,PGD,0.5,FGSM_eps0.5,47.15644955635071,FGSM,0.5,1,,,31
0.5275735294117647,0.1024561403508771,0.3569682151589242,0.1592148309705561,0.4479859894921191,0.6430317848410758,MLP,PGD,0.5,FGSM_eps0.75,47.15644955635071,FGSM,0.75,1,,,31
0.9087009803921569,0.7063197026022305,0.4645476772616136,0.56047197640118,0.0276707530647986,0.5354523227383863,MLP,PGD,0.5,PGD_eps0.15_it10,47.15644955635071,PGD,0.15,10,,,31
0.9090073529411764,0.7089552238805971,0.4645476772616136,0.5612998522895125,0.0273204903677758,0.5354523227383863,MLP,PGD,0.5,PGD_eps0.15_it25,47.15644955635071,PGD,0.15,25,,,31
0.8756127450980392,0.5039787798408488,0.4645476772616136,0.4834605597964376,0.0654991243432574,0.5354523227383863,MLP,PGD,0.5,PGD_eps0.3_it10,47.15644955635071,PGD,0.3,10,,,31
0.8731617647058824,0.4935064935064935,0.4645476772616136,0.4785894206549118,0.0683012259194395,0.5354523227383863,MLP,PGD,0.5,PGD_eps0.3_it25,47.15644955635071,PGD,0.3,25,,,31
0.7567401960784313,0.2450331125827814,0.452322738386308,0.3178694158075601,0.1996497373029772,0.5476772616136919,MLP,PGD,0.5,PGD_eps0.5_it10,47.15644955635071,PGD,0.5,10,,,31
0.7561274509803921,0.2483745123537061,0.4669926650366748,0.3242784380305603,0.2024518388791593,0.5330073349633252,MLP,PGD,0.5,PGD_eps0.5_it25,47.15644955635071,PGD,0.5,25,,,31
0.4280024509803921,0.0913677130044843,0.3985330073349633,0.1486548107615139,0.5677758318739055,0.6014669926650367,MLP,PGD,0.5,PGD_eps0.75_it10,47.15644955635071,PGD,0.75,10,,,31
0.4727328431372549,0.094059405940594,0.3716381418092909,0.1501234567901234,0.512784588441331,0.628361858190709,MLP,PGD,0.5,PGD_eps0.75_it25,47.15644955635071,PGD,0.75,25,,,31
0.912377450980392,0.735632183908046,0.4694376528117359,0.573134328358209,0.0241681260945709,0.530562347188264,MLP,PGD,0.5,CW_c0.0_it10,47.15644955635071,CW,,10,0.0,,31
0.9117647058823528,0.7300380228136882,0.4694376528117359,0.5714285714285714,0.0248686514886164,0.530562347188264,MLP,PGD,0.5,CW_c0.5_it10,47.15644955635071,CW,,10,0.5,,31
0.9212622549019608,0.8247863247863247,0.4718826405867971,0.6003110419906688,0.0143607705779334,0.5281173594132029,MLP,PGD,0.5,Clean,47.15644955635071,Clean,0.0,0,,,31
0.8909313725490197,0.577259475218659,0.4841075794621027,0.526595744680851,0.0507880910683012,0.5158924205378973,LR,PGD,0.5,Clean,,Clean,0.0,0,,0.0498867034912109,31
0.4224877450980392,0.1302605210420841,0.6356968215158925,0.2162162162162162,0.6080560420315236,0.3643031784841076,LR,PGD,0.5,FGSM_eps0.15,,FGSM,0.15,1,,0.0498867034912109,31
0.2141544117647058,0.1057059253840526,0.706601466992665,0.1839007317849188,0.8563922942206655,0.293398533007335,LR,PGD,0.5,FGSM_eps0.3,,FGSM,0.3,1,,0.0498867034912109,31
0.1639093137254902,0.0775673707210488,0.5207823960880196,0.1350237717908082,0.887215411558669,0.4792176039119804,LR,PGD,0.5,FGSM_eps0.5,,FGSM,0.5,1,,0.0498867034912109,31
0.1541053921568627,0.0670103092783505,0.4449877750611247,0.11648,0.8875656742556918,0.5550122249388753,LR,PGD,0.5,FGSM_eps0.75,,FGSM,0.75,1,,0.0498867034912109,31
0.4117647058823529,0.1309233023937469,0.6552567237163814,0.2182410423452769,0.6231173380035027,0.3447432762836185,LR,PGD,0.5,PGD_eps0.15_it10,,PGD,0.15,10,,0.0498867034912109,31
0.4108455882352941,0.1314508276533593,0.6601466992665037,0.2192448233861145,0.6248686514886165,0.3398533007334963,LR,PGD,0.5,PGD_eps0.15_it25,,PGD,0.15,25,,0.0498867034912109,31
0.1902573529411764,0.1024911032028469,0.7041564792176039,0.178937558247903,0.8833625218914186,0.295843520782396,LR,PGD,0.5,PGD_eps0.3_it10,,PGD,0.3,10,,0.0498867034912109,31
0.1902573529411764,0.1027738264580369,0.706601466992665,0.1794473765911207,0.8837127845884414,0.293398533007335,LR,PGD,0.5,PGD_eps0.3_it25,,PGD,0.3,25,,0.0498867034912109,31
0.1752450980392156,0.0904198062432723,0.6161369193154034,0.1576971214017521,0.8879159369527145,0.3838630806845965,LR,PGD,0.5,PGD_eps0.5_it10,,PGD,0.5,10,,0.0498867034912109,31
0.1761642156862745,0.0913978494623656,0.6234718826405868,0.1594248202563301,0.8879159369527145,0.3765281173594132,LR,PGD,0.5,PGD_eps0.5_it25,,PGD,0.5,25,,0.0498867034912109,31
0.1596200980392156,0.0731528895391367,0.4889975550122249,0.1272669424117085,0.8875656742556918,0.511002444987775,LR,PGD,0.5,PGD_eps0.75_it10,,PGD,0.75,10,,0.0498867034912109,31
0.159313725490196,0.073126142595978,0.4889975550122249,0.1272264631043257,0.8879159369527145,0.511002444987775,LR,PGD,0.5,PGD_eps0.75_it25,,PGD,0.75,25,,0.0498867034912109,31
0.7622549019607843,0.2563081009296148,0.4718826405867971,0.3321858864027538,0.1961471103327495,0.5281173594132029,LR,PGD,0.5,CW_c0.0_it10,,CW,,10,0.0,0.0498867034912109,31
0.7469362745098039,0.2409937888198757,0.4743276283618582,0.3196046128500823,0.2140105078809107,0.5256723716381418,LR,PGD,0.5,CW_c0.5_it10,,CW,,10,0.5,0.0498867034912109,31
0.8866421568627451,0.5552407932011332,0.4792176039119804,0.5144356955380578,0.0549912434325744,0.5207823960880196,SVM,PGD,0.5,Clean,,Clean,0.0,0,,0.1513512134552002,31
0.5606617647058824,0.1594684385382059,0.58679706601467,0.2507836990595611,0.4430823117338003,0.4132029339853301,SVM,PGD,0.5,FGSM_eps0.15,,FGSM,0.15,1,,0.1513512134552002,31
0.2855392156862745,0.1112009704811969,0.6723716381418093,0.1908396946564885,0.769877408056042,0.3276283618581907,SVM,PGD,0.5,FGSM_eps0.3,,FGSM,0.3,1,,0.1513512134552002,31
0.164828431372549,0.0745501285347043,0.4963325183374083,0.1296296296296296,0.882661996497373,0.5036674816625917,SVM,PGD,0.5,FGSM_eps0.5,,FGSM,0.5,1,,0.1513512134552002,31
0.1541053921568627,0.0660516605166051,0.4376528117359413,0.1147803783263866,0.8865148861646235,0.5623471882640587,SVM,PGD,0.5,FGSM_eps0.75,,FGSM,0.75,1,,0.1513512134552002,31
0.5719975490196079,0.1675639300134589,0.60880195599022,0.262796833773087,0.4332749562171629,0.39119804400978,SVM,PGD,0.5,PGD_eps0.15_it10,,PGD,0.15,10,,0.1513512134552002,31
0.5732230392156863,0.1675675675675675,0.6063569682151589,0.262572789835892,0.431523642732049,0.393643031784841,SVM,PGD,0.5,PGD_eps0.15_it25,,PGD,0.15,25,,0.1513512134552002,31
0.196078431372549,0.1034729681346222,0.706601466992665,0.1805121798875702,0.8770577933450088,0.293398533007335,SVM,PGD,0.5,PGD_eps0.3_it10,,PGD,0.3,10,,0.1513512134552002,31
0.1979166666666666,0.1036957301758162,0.706601466992665,0.1808510638297872,0.8749562171628722,0.293398533007335,SVM,PGD,0.5,PGD_eps0.3_it25,,PGD,0.3,25,,0.1513512134552002,31
0.1755514705882352,0.0913323782234957,0.6234718826405868,0.1593252108716026,0.8886164623467601,0.3765281173594132,SVM,PGD,0.5,PGD_eps0.5_it10,,PGD,0.5,10,,0.1513512134552002,31
0.1767769607843137,0.0920487106017192,0.628361858190709,0.1605748203686348,0.8879159369527145,0.3716381418092909,SVM,PGD,0.5,PGD_eps0.5_it25,,PGD,0.5,25,,0.1513512134552002,31
0.1645220588235294,0.0788517441860465,0.530562347188264,0.1372983233154065,0.8879159369527145,0.4694376528117359,SVM,PGD,0.5,PGD_eps0.75_it10,,PGD,0.75,10,,0.1513512134552002,31
0.1709558823529411,0.0858276235124414,0.5819070904645477,0.1495914519170333,0.8879159369527145,0.4180929095354523,SVM,PGD,0.5,PGD_eps0.75_it25,,PGD,0.75,25,,0.1513512134552002,31
0.803921568627451,0.312803889789303,0.4718826405867971,0.3762183235867446,0.1485113835376532,0.5281173594132029,SVM,PGD,0.5,CW_c0.0_it10,,CW,,10,0.0,0.1513512134552002,31
0.7947303921568627,0.2989214175654853,0.4743276283618582,0.3667296786389414,0.159369527145359,0.5256723716381418,SVM,PGD,0.5,CW_c0.5_it10,,CW,,10,0.5,0.1513512134552002,31
0.9139093137254902,0.6447963800904978,0.6968215158924206,0.6698002350176263,0.0549912434325744,0.3031784841075794,RF,PGD,0.5,Clean,,Clean,0.0,0,,2.6284632682800293,31
0.9227941176470588,0.8866995073891626,0.4400977995110024,0.5882352941176471,0.0080560420315236,0.5599022004889975,RF,PGD,0.5,FGSM_eps0.15,,FGSM,0.15,1,,2.6284632682800293,31
0.9258578431372548,0.8957345971563981,0.4621026894865526,0.6096774193548387,0.0077057793345008,0.5378973105134475,RF,PGD,0.5,FGSM_eps0.3,,FGSM,0.3,1,,2.6284632682800293,31
0.882046568627451,0.7068965517241379,0.1002444987775061,0.1755888650963597,0.005954465849387,0.8997555012224939,RF,PGD,0.5,FGSM_eps0.5,,FGSM,0.5,1,,2.6284632682800293,31
0.8697916666666666,0.3181818181818182,0.0342298288508557,0.0618101545253863,0.010507880910683,0.9657701711491442,RF,PGD,0.5,FGSM_eps0.75,,FGSM,0.75,1,,2.6284632682800293,31
0.9224877450980392,0.8786407766990292,0.4425427872860635,0.5886178861788618,0.0087565674255691,0.5574572127139364,RF,PGD,0.5,PGD_eps0.15_it10,,PGD,0.15,10,,2.6284632682800293,31
0.921875,0.8701923076923077,0.4425427872860635,0.586709886547812,0.0094570928196147,0.5574572127139364,RF,PGD,0.5,PGD_eps0.15_it25,,PGD,0.15,25,,2.6284632682800293,31
0.9111519607843136,0.7333333333333333,0.4572127139364303,0.5632530120481928,0.0238178633975481,0.5427872860635696,RF,PGD,0.5,PGD_eps0.3_it10,,PGD,0.3,10,,2.6284632682800293,31
0.9074754901960784,0.7034220532319392,0.452322738386308,0.5505952380952381,0.0273204903677758,0.5476772616136919,RF,PGD,0.5,PGD_eps0.3_it25,,PGD,0.3,25,,2.6284632682800293,31
0.8501838235294118,0.3666666666666666,0.2689486552567237,0.310296191819464,0.0665499124343257,0.7310513447432763,RF,PGD,0.5,PGD_eps0.5_it10,,PGD,0.5,10,,2.6284632682800293,31
0.8419117647058824,0.345821325648415,0.293398533007335,0.3174603174603174,0.0795096322241681,0.706601466992665,RF,PGD,0.5,PGD_eps0.5_it25,,PGD,0.5,25,,2.6284632682800293,31
0.7959558823529411,0.0841423948220064,0.0635696821515892,0.0724233983286908,0.099124343257443,0.9364303178484108,RF,PGD,0.5,PGD_eps0.75_it10,,PGD,0.75,10,,2.6284632682800293,31
0.7956495098039216,0.0943396226415094,0.0733496332518337,0.0825309491059147,0.1008756567425569,0.9266503667481664,RF,PGD,0.5,PGD_eps0.75_it25,,PGD,0.75,25,,2.6284632682800293,31
0.9206495098039216,0.831858407079646,0.4596577017114914,0.5921259842519685,0.0133099824868651,0.5403422982885085,RF,PGD,0.5,CW_c0.0_it10,,CW,,10,0.0,2.6284632682800293,31
0.9240196078431372,0.9214659685863874,0.4303178484107579,0.5866666666666667,0.0052539404553415,0.5696821515892421,RF,PGD,0.5,CW_c0.5_it10,,CW,,10,0.5,2.6284632682800293,31
0.8318014705882353,0.3837209302325581,0.5647921760391198,0.456973293768546,0.1299474605954466,0.4352078239608802,MLP,FGSM,0.3,FGSM_eps0.15,7.660307168960571,FGSM,0.15,1,,,99
0.6274509803921569,0.1922196796338672,0.6161369193154034,0.2930232558139535,0.3709281961471103,0.3838630806845965,MLP,FGSM,0.3,FGSM_eps0.3,7.660307168960571,FGSM,0.3,1,,,99
0.4543504901960784,0.1358811040339702,0.6259168704156479,0.2232882686436982,0.5702276707530648,0.3740831295843521,MLP,FGSM,0.3,FGSM_eps0.5,7.660307168960571,FGSM,0.5,1,,,99
0.3648897058823529,0.1130232558139534,0.5941320293398533,0.1899179366940211,0.6679509632224168,0.4058679706601467,MLP,FGSM,0.3,FGSM_eps0.75,7.660307168960571,FGSM,0.75,1,,,99
0.8115808823529411,0.3471810089020771,0.5721271393643031,0.4321329639889196,0.1541155866900175,0.4278728606356968,MLP,FGSM,0.3,PGD_eps0.15_it10,7.660307168960571,PGD,0.15,10,,,99
0.805453431372549,0.3367052023121387,0.5696821515892421,0.4232515894641235,0.1607705779334501,0.4303178484107579,MLP,FGSM,0.3,PGD_eps0.15_it25,7.660307168960571,PGD,0.15,25,,,99
0.5888480392156863,0.1784975878704341,0.6332518337408313,0.278494623655914,0.4175131348511383,0.3667481662591687,MLP,FGSM,0.3,PGD_eps0.3_it10,7.660307168960571,PGD,0.3,10,,,99
0.5882352941176471,0.1769177608845888,0.6259168704156479,0.2758620689655172,0.4171628721541155,0.3740831295843521,MLP,FGSM,0.3,PGD_eps0.3_it25,7.660307168960571,PGD,0.3,25,,,99
0.3728553921568627,0.1140433553251649,0.5916870415647921,0.1912287633346503,0.658493870402802,0.4083129584352078,MLP,FGSM,0.3,PGD_eps0.5_it10,7.660307168960571,PGD,0.5,10,,,99
0.3710171568627451,0.1066985645933014,0.5452322738386308,0.1784713885554221,0.6539404553415061,0.4547677261613692,MLP,FGSM,0.3,PGD_eps0.5_it25,7.660307168960571,PGD,0.5,25,,,99
0.2904411764705882,0.095803306485799,0.5525672371638142,0.1632947976878612,0.7471103327495622,0.4474327628361858,MLP,FGSM,0.3,PGD_eps0.75_it10,7.660307168960571,PGD,0.75,10,,,99
0.2922794117647059,0.0836618484450284,0.4669926650366748,0.1419019316493313,0.7327495621716287,0.5330073349633252,MLP,FGSM,0.3,PGD_eps0.75_it25,7.660307168960571,PGD,0.75,25,,,99
0.8596813725490197,0.455045871559633,0.6063569682151589,0.519916142557652,0.1040280210157618,0.393643031784841,MLP,FGSM,0.3,CW_c0.0_it10,7.660307168960571,CW,,10,0.0,,99
0.8501838235294118,0.4305555555555556,0.6063569682151589,0.5035532994923858,0.1148861646234676,0.393643031784841,MLP,FGSM,0.3,CW_c0.5_it10,7.660307168960571,CW,,10,0.5,,99
0.8912377450980392,0.5610859728506787,0.6063569682151589,0.5828437132784959,0.0679509632224168,0.393643031784841,MLP,FGSM,0.3,Clean,7.660307168960571,Clean,0.0,0,,,99
0.8161764705882353,0.3410981697171381,0.5012224938875306,0.4059405940594059,0.1387040280210157,0.4987775061124694,LR,FGSM,0.3,Clean,,Clean,0.0,0,,0.0324223041534423,99
0.7472426470588235,0.2547169811320754,0.5281173594132029,0.3436754176610978,0.2213660245183888,0.4718826405867971,LR,FGSM,0.3,FGSM_eps0.15,,FGSM,0.15,1,,0.0324223041534423,99
0.461703431372549,0.1456361724500526,0.6772616136919315,0.2397230636088273,0.5691768826619965,0.3227383863080684,LR,FGSM,0.3,FGSM_eps0.3,,FGSM,0.3,1,,0.0324223041534423,99
0.3648897058823529,0.1308784383318544,0.7212713936430318,0.2215546376267367,0.6861646234676007,0.2787286063569682,LR,FGSM,0.3,FGSM_eps0.5,,FGSM,0.5,1,,0.0324223041534423,99
0.2821691176470588,0.1192913385826771,0.7408312958435208,0.2054933875890132,0.78353765323993,0.2591687041564792,LR,FGSM,0.3,FGSM_eps0.75,,FGSM,0.75,1,,0.0324223041534423,99
0.7227328431372549,0.240041928721174,0.5599022004889975,0.3360234776228907,0.2539404553415061,0.4400977995110024,LR,FGSM,0.3,PGD_eps0.15_it10,,PGD,0.15,10,,0.0324223041534423,99
0.7248774509803921,0.2401700318809776,0.5525672371638142,0.3348148148148148,0.2504378283712785,0.4474327628361858,LR,FGSM,0.3,PGD_eps0.15_it25,,PGD,0.15,25,,0.0324223041534423,99
0.3832720588235294,0.1334552102376599,0.7139364303178484,0.2248748556026184,0.6640980735551664,0.2860635696821516,LR,FGSM,0.3,PGD_eps0.3_it10,,PGD,0.3,10,,0.0324223041534423,99
0.3753063725490196,0.1318879855465221,0.7139364303178484,0.2226458253907739,0.6732049036777583,0.2860635696821516,LR,FGSM,0.3,PGD_eps0.3_it25,,PGD,0.3,25,,0.0324223041534423,99
0.2726715686274509,0.1178529754959159,0.7408312958435208,0.2033557046979865,0.7943957968476357,0.2591687041564792,LR,FGSM,0.3,PGD_eps0.5_it10,,PGD,0.5,10,,0.0324223041534423,99
0.2763480392156863,0.1190011705033164,0.7457212713936431,0.2052489905787348,0.7908931698774081,0.254278728606357,LR,FGSM,0.3,PGD_eps0.5_it25,,PGD,0.5,25,,0.0324223041534423,99
0.2254901960784313,0.1131799926980649,0.7579462102689487,0.1969504447268106,0.8507880910683012,0.2420537897310513,LR,FGSM,0.3,PGD_eps0.75_it10,,PGD,0.75,10,,0.0324223041534423,99
0.2356004901960784,0.1134173461823573,0.7481662591687042,0.1969745735436112,0.8378283712784589,0.2518337408312958,LR,FGSM,0.3,PGD_eps0.75_it25,,PGD,0.75,25,,0.0324223041534423,99
0.7693014705882353,0.2730870712401055,0.5061124694376528,0.3547557840616966,0.1929947460595446,0.4938875305623472,LR,FGSM,0.3,CW_c0.0_it10,,CW,,10,0.0,0.0324223041534423,99
0.7539828431372549,0.2591687041564792,0.5183374083129584,0.3455582722086389,0.2122591943957968,0.4816625916870415,LR,FGSM,0.3,CW_c0.5_it10,,CW,,10,0.5,0.0324223041534423,99
0.8140318627450981,0.3377049180327869,0.5036674816625917,0.4043179587831207,0.1415061295971979,0.4963325183374083,SVM,FGSM,0.3,Clean,,Clean,0.0,0,,0.0469172000885009,99
0.7861519607843137,0.2956152758132956,0.511002444987775,0.3745519713261648,0.174430823117338,0.4889975550122249,SVM,FGSM,0.3,FGSM_eps0.15,,FGSM,0.15,1,,0.0469172000885009,99
0.6890318627450981,0.2162921348314606,0.5647921760391198,0.3127962085308057,0.293169877408056,0.4352078239608802,SVM,FGSM,0.3,FGSM_eps0.3,,FGSM,0.3,1,,0.0469172000885009,99
0.4169730392156863,0.1394787644787644,0.706601466992665,0.2329705763804917,0.6245183887915937,0.293398533007335,SVM,FGSM,0.3,FGSM_eps0.5,,FGSM,0.5,1,,0.0469172000885009,99
0.2723651960784313,0.1108471892319873,0.684596577017115,0.1908006814310051,0.7866900175131348,0.3154034229828851,SVM,FGSM,0.3,FGSM_eps0.75,,FGSM,0.75,1,,0.0469172000885009,99
0.7775735294117647,0.2866756393001345,0.5207823960880196,0.3697916666666667,0.1856392294220665,0.4792176039119804,SVM,FGSM,0.3,PGD_eps0.15_it10,,PGD,0.15,10,,0.0469172000885009,99
0.7794117647058824,0.2884353741496598,0.5183374083129584,0.3706293706293706,0.1831873905429071,0.4816625916870415,SVM,FGSM,0.3,PGD_eps0.15_it25,,PGD,0.15,25,,0.0469172000885009,99
0.6384803921568627,0.1981205951448708,0.6185819070904646,0.3001186239620403,0.3586690017513135,0.3814180929095354,SVM,FGSM,0.3,PGD_eps0.3_it10,,PGD,0.3,10,,0.0469172000885009,99
0.6381740196078431,0.1974921630094044,0.6161369193154034,0.2991097922848664,0.3586690017513135,0.3838630806845965,SVM,FGSM,0.3,PGD_eps0.3_it25,,PGD,0.3,25,,0.0469172000885009,99
0.3152573529411764,0.1239703459637561,0.7359413202933985,0.212195981670779,0.7450087565674256,0.2640586797066014,SVM,FGSM,0.3,PGD_eps0.5_it10,,PGD,0.5,10,,0.0469172000885009,99
0.3134191176470588,0.1242821985233798,0.7408312958435208,0.2128556375131717,0.7478108581436077,0.2591687041564792,SVM,FGSM,0.3,PGD_eps0.5_it25,,PGD,0.5,25,,0.0469172000885009,99
0.2282475490196078,0.1135531135531135,0.7579462102689487,0.1975151322077094,0.8476357267950964,0.2420537897310513,SVM,FGSM,0.3,PGD_eps0.75_it10,,PGD,0.75,10,,0.0469172000885009,99
0.234375,0.1141063515509601,0.7555012224938875,0.1982675649663137,0.8402802101576182,0.2444987775061124,SVM,FGSM,0.3,PGD_eps0.75_it25,,PGD,0.75,25,,0.0469172000885009,99
0.7833946078431373,0.2901408450704225,0.5036674816625917,0.3681858802502234,0.1765323992994746,0.4963325183374083,SVM,FGSM,0.3,CW_c0.0_it10,,CW,,10,0.0,0.0469172000885009,99
0.7754289215686274,0.2810810810810811,0.508557457212714,0.3620539599651871,0.1863397548161121,0.491442542787286,SVM,FGSM,0.3,CW_c0.5_it10,,CW,,10,0.5,0.0469172000885009,99
0.913296568627451,0.6575,0.6430317848410758,0.6501854140914709,0.047985989492119,0.3569682151589242,RF,FGSM,0.3,Clean,,Clean,0.0,0,,1.941345453262329,99
0.920343137254902,0.8371040723981901,0.452322738386308,0.5873015873015873,0.0126094570928196,0.5476772616136919,RF,FGSM,0.3,FGSM_eps0.15,,FGSM,0.15,1,,1.941345453262329,99
0.8841911764705882,0.5322245322245323,0.6259168704156479,0.5752808988764045,0.0788091068301225,0.3740831295843521,RF,FGSM,0.3,FGSM_eps0.3,,FGSM,0.3,1,,1.941345453262329,99
0.8900122549019608,0.8571428571428571,0.1466992665036675,0.2505219206680584,0.0035026269702276,0.8533007334963325,RF,FGSM,0.3,FGSM_eps0.5,,FGSM,0.5,1,,1.941345453262329,99
0.8768382352941176,0.5945945945945946,0.0537897310513447,0.0986547085201793,0.0052539404553415,0.9462102689486552,RF,FGSM,0.3,FGSM_eps0.75,,FGSM,0.75,1,,1.941345453262329,99
0.918811274509804,0.8364485981308412,0.4376528117359413,0.5746388443017657,0.0122591943957968,0.5623471882640587,RF,FGSM,0.3,PGD_eps0.15_it10,,PGD,0.15,10,,1.941345453262329,99
0.9185049019607844,0.8325581395348837,0.4376528117359413,0.5737179487179487,0.0126094570928196,0.5623471882640587,RF,FGSM,0.3,PGD_eps0.15_it25,,PGD,0.15,25,,1.941345453262329,99
0.8912377450980392,0.5642857142857143,0.5794621026894865,0.571773220747889,0.0640980735551663,0.4205378973105134,RF,FGSM,0.3,PGD_eps0.3_it10,,PGD,0.3,10,,1.941345453262329,99
0.8887867647058824,0.5525114155251142,0.5916870415647921,0.5714285714285714,0.0686514886164623,0.4083129584352078,RF,FGSM,0.3,PGD_eps0.3_it25,,PGD,0.3,25,,1.941345453262329,99
0.883578431372549,0.6,0.2127139364303178,0.3140794223826715,0.0203152364273204,0.7872860635696821,RF,FGSM,0.3,PGD_eps0.5_it10,,PGD,0.5,10,,1.941345453262329,99
0.890625,0.6645569620253164,0.2567237163814181,0.3703703703703703,0.0185639229422066,0.7432762836185819,RF,FGSM,0.3,PGD_eps0.5_it25,,PGD,0.5,25,,1.941345453262329,99
0.8575367647058824,0.3409090909090909,0.1466992665036675,0.2051282051282051,0.0406304728546409,0.8533007334963325,RF,FGSM,0.3,PGD_eps0.75_it10,,PGD,0.75,10,,1.941345453262329,99
0.8581495098039216,0.3805309734513274,0.2102689486552567,0.2708661417322834,0.0490367775831873,0.7897310513447433,RF,FGSM,0.3,PGD_eps0.75_it25,,PGD,0.75,25,,1.941345453262329,99
0.9019607843137256,0.6831275720164609,0.4058679706601467,0.50920245398773,0.026970227670753,0.5941320293398533,RF,FGSM,0.3,CW_c0.0_it10,,CW,,10,0.0,1.941345453262329,99
0.9013480392156864,0.6968325791855203,0.3765281173594132,0.4888888888888889,0.0234676007005253,0.6234718826405868,RF,FGSM,0.3,CW_c0.5_it10,,CW,,10,0.5,1.941345453262329,99
0.8829656862745098,0.5340050377833753,0.5183374083129584,0.5260545905707196,0.0647985989492119,0.4816625916870415,MLP,FGSM,0.5,FGSM_eps0.15,7.786227226257324,FGSM,0.15,1,,,99
0.7858455882352942,0.3214285714285714,0.6381418092909535,0.4275184275184275,0.1929947460595446,0.3618581907090464,MLP,FGSM,0.5,FGSM_eps0.3,7.786227226257324,FGSM,0.3,1,,,99
0.7837009803921569,0.3093709884467265,0.589242053789731,0.4057239057239057,0.1884413309982487,0.4107579462102689,MLP,FGSM,0.5,FGSM_eps0.5,7.786227226257324,FGSM,0.5,1,,,99
0.8017769607843137,0.3229166666666667,0.530562347188264,0.4014801110083256,0.159369527145359,0.4694376528117359,MLP,FGSM,0.5,FGSM_eps0.75,7.786227226257324,FGSM,0.75,1,,,99
0.8688725490196079,0.4787472035794183,0.5232273838630807,0.5,0.0816112084063047,0.4767726161369193,MLP,FGSM,0.5,PGD_eps0.15_it10,7.786227226257324,PGD,0.15,10,,,99
0.8694852941176471,0.4808988764044943,0.5232273838630807,0.5011709601873536,0.0809106830122591,0.4767726161369193,MLP,FGSM,0.5,PGD_eps0.15_it25,7.786227226257324,PGD,0.15,25,,,99
0.7705269607843137,0.3054919908466819,0.6528117359413202,0.4162120031176929,0.2126094570928196,0.3471882640586797,MLP,FGSM,0.5,PGD_eps0.3_it10,7.786227226257324,PGD,0.3,10,,,99
0.7708333333333334,0.30672748004561,0.6577017114914425,0.4183514774494556,0.2129597197898423,0.3422982885085575,MLP,FGSM,0.5,PGD_eps0.3_it25,7.786227226257324,PGD,0.3,25,,,99
0.7398897058823529,0.2619047619047619,0.5916870415647921,0.3630907726931733,0.2388791593695271,0.4083129584352078,MLP,FGSM,0.5,PGD_eps0.5_it10,7.786227226257324,PGD,0.5,10,,,99
0.7294730392156863,0.2429501084598698,0.5476772616136919,0.3365890308039068,0.2444833625218914,0.452322738386308,MLP,FGSM,0.5,PGD_eps0.5_it25,7.786227226257324,PGD,0.5,25,,,99
0.7113970588235294,0.2232606438213915,0.5256723716381418,0.3134110787172011,0.2619964973730297,0.4743276283618582,MLP,FGSM,0.5,PGD_eps0.75_it10,7.786227226257324,PGD,0.75,10,,,99
0.6917892156862745,0.1987891019172553,0.4816625916870415,0.2814285714285714,0.2781085814360771,0.5183374083129584,MLP,FGSM,0.5,PGD_eps0.75_it25,7.786227226257324,PGD,0.75,25,,,99
0.8492647058823529,0.4203454894433781,0.5354523227383863,0.4709677419354838,0.1057793345008756,0.4645476772616136,MLP,FGSM,0.5,CW_c0.0_it10,7.786227226257324,CW,,10,0.0,,99
0.8403799019607843,0.3962962962962963,0.5232273838630807,0.4510010537407797,0.114185639229422,0.4767726161369193,MLP,FGSM,0.5,CW_c0.5_it10,7.786227226257324,CW,,10,0.5,,99
0.8893995098039216,0.5574162679425837,0.5696821515892421,0.5634824667472793,0.0647985989492119,0.4303178484107579,MLP,FGSM,0.5,Clean,7.786227226257324,Clean,0.0,0,,,99
0.8299632352941176,0.3682310469314079,0.4987775061124694,0.4236760124610592,0.1225919439579684,0.5012224938875306,LR,FGSM,0.5,Clean,,Clean,0.0,0,,0.0353085994720459,99
0.7650122549019608,0.2663185378590078,0.4987775061124694,0.3472340425531915,0.1968476357267951,0.5012224938875306,LR,FGSM,0.5,FGSM_eps0.15,,FGSM,0.15,1,,0.0353085994720459,99
0.6467524509803921,0.1950819672131147,0.5819070904645477,0.2922038060159607,0.3439579684763573,0.4180929095354523,LR,FGSM,0.5,FGSM_eps0.3,,FGSM,0.3,1,,0.0353085994720459,99
0.5076593137254902,0.1513387660069848,0.6356968215158925,0.2444757874941232,0.5106830122591944,0.3643031784841076,LR,FGSM,0.5,FGSM_eps0.5,,FGSM,0.5,1,,0.0353085994720459,99
0.4203431372549019,0.1374083129584352,0.687041564792176,0.2290138549307253,0.6178633975481611,0.3129584352078239,LR,FGSM,0.5,FGSM_eps0.75,,FGSM,0.75,1,,0.0353085994720459,99
0.7696078431372549,0.2710280373831775,0.4963325183374083,0.3506044905008635,0.1912434325744308,0.5036674816625917,LR,FGSM,0.5,PGD_eps0.15_it10,,PGD,0.15,10,,0.0353085994720459,99
0.7705269607843137,0.2733333333333333,0.5012224938875306,0.3537532355478861,0.190893169877408,0.4987775061124694,LR,FGSM,0.5,PGD_eps0.15_it25,,PGD,0.15,25,,0.0353085994720459,99
0.6801470588235294,0.2062904717853839,0.5452322738386308,0.2993288590604027,0.3005253940455341,0.4547677261613692,LR,FGSM,0.5,PGD_eps0.3_it10,,PGD,0.3,10,,0.0353085994720459,99
0.6792279411764706,0.2051756007393715,0.5427872860635696,0.2977867203219316,0.3012259194395796,0.4572127139364303,LR,FGSM,0.5,PGD_eps0.3_it25,,PGD,0.3,25,,0.0353085994720459,99
0.6256127450980392,0.1806755695208169,0.5623471882640587,0.2734839476813318,0.365323992994746,0.4376528117359413,LR,FGSM,0.5,PGD_eps0.5_it10,,PGD,0.5,10,,0.0353085994720459,99
0.6237745098039216,0.1828040278853601,0.5770171149144254,0.2776470588235294,0.3695271453590192,0.4229828850855746,LR,FGSM,0.5,PGD_eps0.5_it25,,PGD,0.5,25,,0.0353085994720459,99
0.5912990196078431,0.1679827709978463,0.5721271393643031,0.2597114317425083,0.405954465849387,0.4278728606356968,LR,FGSM,0.5,PGD_eps0.75_it10,,PGD,0.75,10,,0.0353085994720459,99
0.5839460784313726,0.1660802251935257,0.5770171149144254,0.2579234972677595,0.415061295971979,0.4229828850855746,LR,FGSM,0.5,PGD_eps0.75_it25,,PGD,0.75,25,,0.0353085994720459,99
0.7735906862745098,0.2745901639344262,0.491442542787286,0.3523225241016652,0.1859894921190893,0.508557457212714,LR,FGSM,0.5,CW_c0.0_it10,,CW,,10,0.0,0.0353085994720459,99
0.7628676470588235,0.2669220945083014,0.511002444987775,0.3506711409395973,0.2010507880910683,0.4889975550122249,LR,FGSM,0.5,CW_c0.5_it10,,CW,,10,0.5,0.0353085994720459,99
0.8192401960784313,0.3463497453310696,0.4987775061124694,0.4088176352705411,0.1348511383537653,0.5012224938875306,SVM,FGSM,0.5,Clean,,Clean,0.0,0,,0.0959279537200927,99
0.7852328431372549,0.2908309455587392,0.4963325183374083,0.3667570009033423,0.1733800350262697,0.5036674816625917,SVM,FGSM,0.5,FGSM_eps0.15,,FGSM,0.15,1,,0.0959279537200927,99
0.7077205882352942,0.2216547497446374,0.530562347188264,0.3126801152737752,0.2669001751313485,0.4694376528117359,SVM,FGSM,0.5,FGSM_eps0.3,,FGSM,0.3,1,,0.0959279537200927,99
0.5735294117647058,0.1685772083614295,0.6112469437652812,0.2642706131078224,0.4318739054290718,0.3887530562347188,SVM,FGSM,0.5,FGSM_eps0.5,,FGSM,0.5,1,,0.0959279537200927,99
0.4641544117647059,0.140171858216971,0.6381418092909535,0.2298546895640686,0.5607705779334501,0.3618581907090464,SVM,FGSM,0.5,FGSM_eps0.75,,FGSM,0.75,1,,0.0959279537200927,99
0.7876838235294118,0.293002915451895,0.491442542787286,0.3671232876712328,0.169877408056042,0.508557457212714,SVM,FGSM,0.5,PGD_eps0.15_it10,,PGD,0.15,10,,0.0959279537200927,99
0.7886029411764706,0.2954876273653566,0.4963325183374083,0.3704379562043796,0.1695271453590192,0.5036674816625917,SVM,FGSM,0.5,PGD_eps0.15_it25,,PGD,0.15,25,,0.0959279537200927,99
0.7150735294117647,0.2231668437832093,0.5134474327628362,0.3111111111111111,0.2560420315236427,0.4865525672371638,SVM,FGSM,0.5,PGD_eps0.3_it10,,PGD,0.3,10,,0.0959279537200927,99
0.7141544117647058,0.222457627118644,0.5134474327628362,0.3104212860310421,0.257092819614711,0.4865525672371638,SVM,FGSM,0.5,PGD_eps0.3_it25,,PGD,0.3,25,,0.0959279537200927,99
0.6372549019607843,0.1847030105777054,0.5550122249388753,0.2771672771672772,0.3509632224168126,0.4449877750611247,SVM,FGSM,0.5,PGD_eps0.5_it10,,PGD,0.5,10,,0.0959279537200927,99
0.6299019607843137,0.183187946074544,0.5647921760391198,0.2766467065868263,0.3607705779334501,0.4352078239608802,SVM,FGSM,0.5,PGD_eps0.5_it25,,PGD,0.5,25,,0.0959279537200927,99
0.5753676470588235,0.1656399726214921,0.5916870415647921,0.2588235294117647,0.426970227670753,0.4083129584352078,SVM,FGSM,0.5,PGD_eps0.75_it10,,PGD,0.75,10,,0.0959279537200927,99
0.5802696078431373,0.1665510062456627,0.58679706601467,0.2594594594594595,0.4206654991243432,0.4132029339853301,SVM,FGSM,0.5,PGD_eps0.75_it25,,PGD,0.75,25,,0.0959279537200927,99
0.7837009803921569,0.2869440459110473,0.4889975550122249,0.3616636528028933,0.1740805604203152,0.511002444987775,SVM,FGSM,0.5,CW_c0.0_it10,,CW,,10,0.0,0.0959279537200927,99
0.7705269607843137,0.2727272727272727,0.4987775061124694,0.3526361279170268,0.1905429071803853,0.5012224938875306,SVM,FGSM,0.5,CW_c0.5_it10,,CW,,10,0.5,0.0959279537200927,99
0.9111519607843136,0.6461916461916462,0.6430317848410758,0.6446078431372549,0.0504378283712784,0.3569682151589242,RF,FGSM,0.5,Clean,,Clean,0.0,0,,2.2403361797332764,99
0.918811274509804,0.8673469387755102,0.4156479217603912,0.5619834710743802,0.0091068301225919,0.5843520782396088,RF,FGSM,0.5,FGSM_eps0.15,,FGSM,0.15,1,,2.2403361797332764,99
0.8673406862745098,0.4742489270386266,0.5403422982885085,0.5051428571428571,0.0858143607705779,0.4596577017114914,RF,FGSM,0.5,FGSM_eps0.3,,FGSM,0.3,1,,2.2403361797332764,99
0.8517156862745098,0.1495327102803738,0.0391198044009779,0.0620155038759689,0.0318739054290718,0.960880195599022,RF,FGSM,0.5,FGSM_eps0.5,,FGSM,0.5,1,,2.2403361797332764,99
0.8321078431372549,0.0516129032258064,0.0195599022004889,0.0283687943262411,0.0514886164623467,0.980440097799511,RF,FGSM,0.5,FGSM_eps0.75,,FGSM,0.75,1,,2.2403361797332764,99
0.9139093137254902,0.8555555555555555,0.3765281173594132,0.5229202037351444,0.0091068301225919,0.6234718826405868,RF,FGSM,0.5,PGD_eps0.15_it10,,PGD,0.15,10,,2.2403361797332764,99
0.915747549019608,0.8641304347826086,0.3887530562347188,0.5362563237774031,0.0087565674255691,0.6112469437652812,RF,FGSM,0.5,PGD_eps0.15_it25,,PGD,0.15,25,,2.2403361797332764,99
0.8746936274509803,0.5,0.393643031784841,0.4404924760601915,0.0563922942206655,0.6063569682151589,RF,FGSM,0.5,PGD_eps0.3_it10,,PGD,0.3,10,,2.2403361797332764,99
0.8728553921568627,0.4907975460122699,0.39119804400978,0.4353741496598639,0.0581436077057793,0.60880195599022,RF,FGSM,0.5,PGD_eps0.3_it25,,PGD,0.3,25,,2.2403361797332764,99
0.8498774509803921,0.2452830188679245,0.0953545232273838,0.1373239436619718,0.042031523642732,0.904645476772616,RF,FGSM,0.5,PGD_eps0.5_it10,,PGD,0.5,10,,2.2403361797332764,99
0.8517156862745098,0.2413793103448276,0.0855745721271393,0.1263537906137184,0.0385288966725043,0.9144254278728606,RF,FGSM,0.5,PGD_eps0.5_it25,,PGD,0.5,25,,2.2403361797332764,99
0.8155637254901961,0.0246305418719211,0.0122249388753056,0.0163398692810457,0.0693520140105078,0.9877750611246944,RF,FGSM,0.5,PGD_eps0.75_it10,,PGD,0.75,10,,2.2403361797332764,99
0.7938112745098039,0.0217391304347826,0.0146699266503667,0.0175182481751824,0.0945709281961471,0.9853300733496332,RF,FGSM,0.5,PGD_eps0.75_it25,,PGD,0.75,25,,2.2403361797332764,99
0.897671568627451,0.6811594202898551,0.3447432762836185,0.4577922077922078,0.0231173380035026,0.6552567237163814,RF,FGSM,0.5,CW_c0.0_it10,,CW,,10,0.0,2.2403361797332764,99
0.8973651960784313,0.6907216494845361,0.3276283618581907,0.4444444444444444,0.021015761821366,0.6723716381418093,RF,FGSM,0.5,CW_c0.5_it10,,CW,,10,0.5,2.2403361797332764,99
0.9028799019607844,0.652317880794702,0.4816625916870415,0.5541490857946554,0.0367775831873905,0.5183374083129584,MLP,PGD,0.3,FGSM_eps0.15,47.60602688789368,FGSM,0.15,1,,,99
0.8799019607843137,0.5230352303523035,0.4718826405867971,0.4961439588688946,0.061646234676007,0.5281173594132029,MLP,PGD,0.3,FGSM_eps0.3,47.60602688789368,FGSM,0.3,1,,,99
0.8204656862745098,0.3314285714285714,0.4254278728606357,0.3725910064239828,0.1229422066549912,0.5745721271393643,MLP,PGD,0.3,FGSM_eps0.5,47.60602688789368,FGSM,0.5,1,,,99
0.7993259803921569,0.2705223880597014,0.3545232273838631,0.3068783068783068,0.1369527145359019,0.6454767726161369,MLP,PGD,0.3,FGSM_eps0.75,47.60602688789368,FGSM,0.75,1,,,99
0.9034926470588236,0.6535947712418301,0.4889975550122249,0.5594405594405595,0.0371278458844133,0.511002444987775,MLP,PGD,0.3,PGD_eps0.15_it10,47.60602688789368,PGD,0.15,10,,,99
0.9037990196078431,0.6557377049180327,0.4889975550122249,0.5602240896358543,0.0367775831873905,0.511002444987775,MLP,PGD,0.3,PGD_eps0.15_it25,47.60602688789368,PGD,0.15,25,,,99
0.8759191176470589,0.5050505050505051,0.4889975550122249,0.4968944099378882,0.0686514886164623,0.511002444987775,MLP,PGD,0.3,PGD_eps0.3_it10,47.60602688789368,PGD,0.3,10,,,99
0.8719362745098039,0.4889434889434889,0.4865525672371638,0.4877450980392157,0.0728546409807355,0.5134474327628362,MLP,PGD,0.3,PGD_eps0.3_it25,47.60602688789368,PGD,0.3,25,,,99
0.7751225490196079,0.2733612273361227,0.4792176039119804,0.3481349911190053,0.1824868651488616,0.5207823960880196,MLP,PGD,0.3,PGD_eps0.5_it10,47.60602688789368,PGD,0.5,10,,,99
0.7711397058823529,0.2691256830601093,0.4816625916870415,0.3453111305872042,0.1873905429071803,0.5183374083129584,MLP,PGD,0.3,PGD_eps0.5_it25,47.60602688789368,PGD,0.5,25,,,99
0.7129289215686274,0.1879432624113475,0.3887530562347188,0.2533864541832669,0.2406304728546409,0.6112469437652812,MLP,PGD,0.3,PGD_eps0.75_it10,47.60602688789368,PGD,0.75,10,,,99
0.6917892156862745,0.1475796930342384,0.3056234718826406,0.1990445859872611,0.2528896672504378,0.6943765281173594,MLP,PGD,0.3,PGD_eps0.75_it25,47.60602688789368,PGD,0.75,25,,,99
0.8863357843137255,0.5521978021978022,0.491442542787286,0.5200517464424321,0.057092819614711,0.508557457212714,MLP,PGD,0.3,CW_c0.0_it10,47.60602688789368,CW,,10,0.0,,99
0.8799019607843137,0.5223097112860893,0.4865525672371638,0.5037974683544304,0.0637478108581436,0.5134474327628362,MLP,PGD,0.3,CW_c0.5_it10,47.60602688789368,CW,,10,0.5,,99
0.915747549019608,0.7481481481481481,0.4938875305623472,0.5949926362297496,0.0238178633975481,0.5061124694376528,MLP,PGD,0.3,Clean,47.60602688789368,Clean,0.0,0,,,99
0.8682598039215687,0.4754098360655737,0.4963325183374083,0.485645933014354,0.0784588441330998,0.5036674816625917,LR,PGD,0.3,Clean,,Clean,0.0,0,,0.0298645496368408,99
0.7049632352941176,0.2202020202020202,0.5330073349633252,0.311651179413867,0.2704028021015762,0.4669926650366748,LR,PGD,0.3,FGSM_eps0.15,,FGSM,0.15,1,,0.0298645496368408,99
0.4739583333333333,0.1441784548422198,0.6479217603911981,0.2358700489541611,0.5509632224168126,0.3520782396088019,LR,PGD,0.3,FGSM_eps0.3,,FGSM,0.3,1,,0.0298645496368408,99
0.3581495098039216,0.1286343612334801,0.7139364303178484,0.2179917879805897,0.6928196147110333,0.2860635696821516,LR,PGD,0.3,FGSM_eps0.5,,FGSM,0.5,1,,0.0298645496368408,99
0.2248774509803921,0.1105398457583547,0.7359413202933985,0.1922094508301405,0.8483362521891419,0.2640586797066014,LR,PGD,0.3,FGSM_eps0.75,,FGSM,0.75,1,,0.0298645496368408,99
0.7190563725490197,0.2262931034482758,0.5134474327628362,0.3141361256544502,0.2514886164623467,0.4865525672371638,LR,PGD,0.3,PGD_eps0.15_it10,,PGD,0.15,10,,0.0298645496368408,99
0.7202818627450981,0.2272727272727272,0.5134474327628362,0.3150787696924231,0.2500875656742557,0.4865525672371638,LR,PGD,0.3,PGD_eps0.15_it25,,PGD,0.15,25,,0.0298645496368408,99
0.5634191176470589,0.1617842876165113,0.5941320293398533,0.2543171114599686,0.4409807355516637,0.4058679706601467,LR,PGD,0.3,PGD_eps0.3_it10,,PGD,0.3,10,,0.0298645496368408,99
0.5646446078431373,0.1631158455392809,0.5990220048899756,0.2564102564102564,0.4402802101576182,0.4009779951100244,LR,PGD,0.3,PGD_eps0.3_it25,,PGD,0.3,25,,0.0298645496368408,99
0.4503676470588235,0.1391349661281917,0.6528117359413202,0.229381443298969,0.5786339754816112,0.3471882640586797,LR,PGD,0.3,PGD_eps0.5_it10,,PGD,0.5,10,,0.0298645496368408,99
0.4485294117647059,0.14019658561821,0.6625916870415648,0.2314261315115286,0.5821366024518388,0.3374083129584352,LR,PGD,0.3,PGD_eps0.5_it25,,PGD,0.5,25,,0.0298645496368408,99
0.3314950980392157,0.1229264142917907,0.706601466992665,0.2094202898550724,0.7222416812609457,0.293398533007335,LR,PGD,0.3,PGD_eps0.75_it10,,PGD,0.75,10,,0.0298645496368408,99
0.3930759803921568,0.1278409090909091,0.6601466992665037,0.21420071400238,0.645183887915937,0.3398533007334963,LR,PGD,0.3,PGD_eps0.75_it25,,PGD,0.75,25,,0.0298645496368408,99
0.6835171568627451,0.2,0.508557457212714,0.2870945479641131,0.2914185639229422,0.491442542787286,LR,PGD,0.3,CW_c0.0_it10,,CW,,10,0.0,0.0298645496368408,99
0.6308210784313726,0.1758957654723127,0.5281173594132029,0.2638973732437385,0.3544658493870403,0.4718826405867971,LR,PGD,0.3,CW_c0.5_it10,,CW,,10,0.5,0.0298645496368408,99
0.8219975490196079,0.3512110726643598,0.4963325183374083,0.4113475177304964,0.1313485113835376,0.5036674816625917,SVM,PGD,0.3,Clean,,Clean,0.0,0,,0.0582203865051269,99
0.7751225490196079,0.2770919067215363,0.4938875305623472,0.3550087873462214,0.1845884413309982,0.5061124694376528,SVM,PGD,0.3,FGSM_eps0.15,,FGSM,0.15,1,,0.0582203865051269,99
0.6678921568627451,0.2,0.5501222493887531,0.2933507170795306,0.3152364273204903,0.4498777506112469,SVM,PGD,0.3,FGSM_eps0.3,,FGSM,0.3,1,,0.0582203865051269,99
0.4954044117647059,0.1478953356086461,0.6356968215158925,0.2399630826026765,0.5246935201401051,0.3643031784841076,SVM,PGD,0.3,FGSM_eps0.5,,FGSM,0.5,1,,0.0582203865051269,99
0.421875,0.1263902932254803,0.6112469437652812,0.2094679514034352,0.6052539404553415,0.3887530562347188,SVM,PGD,0.3,FGSM_eps0.75,,FGSM,0.75,1,,0.0582203865051269,99
0.7781862745098039,0.2809457579972184,0.4938875305623472,0.3581560283687943,0.1810858143607706,0.5061124694376528,SVM,PGD,0.3,PGD_eps0.15_it10,,PGD,0.15,10,,0.0582203865051269,99
0.7781862745098039,0.2815533980582524,0.4963325183374083,0.35929203539823,0.1814360770577933,0.5036674816625917,SVM,PGD,0.3,PGD_eps0.15_it25,,PGD,0.15,25,,0.0582203865051269,99
0.6767769607843137,0.2009259259259259,0.530562347188264,0.2914707857622565,0.302276707530648,0.4694376528117359,SVM,PGD,0.3,PGD_eps0.3_it10,,PGD,0.3,10,,0.0582203865051269,99
0.6734068627450981,0.2005469462169553,0.5378973105134475,0.2921646746347942,0.3071803852889667,0.4621026894865526,SVM,PGD,0.3,PGD_eps0.3_it25,,PGD,0.3,25,,0.0582203865051269,99
0.5713848039215687,0.1659919028340081,0.6014669926650367,0.2601797990481226,0.4329246935201401,0.3985330073349633,SVM,PGD,0.3,PGD_eps0.5_it10,,PGD,0.5,10,,0.0582203865051269,99
0.5790441176470589,0.1706484641638225,0.6112469437652812,0.2668089647812166,0.425569176882662,0.3887530562347188,SVM,PGD,0.3,PGD_eps0.5_it25,,PGD,0.5,25,,0.0582203865051269,99
0.5067401960784313,0.1502620850320326,0.6308068459657702,0.2427093132643462,0.5110332749562172,0.3691931540342298,SVM,PGD,0.3,PGD_eps0.75_it10,,PGD,0.75,10,,0.0582203865051269,99
0.5220588235294118,0.1518451300665456,0.6136919315403423,0.2434529582929195,0.4910683012259194,0.3863080684596577,SVM,PGD,0.3,PGD_eps0.75_it25,,PGD,0.75,25,,0.0582203865051269,99
0.75,0.2521315468940316,0.5061124694376528,0.3365853658536585,0.2150612959719789,0.4938875305623472,SVM,PGD,0.3,CW_c0.0_it10,,CW,,10,0.0,0.0582203865051269,99
0.7178308823529411,0.2270788912579957,0.5207823960880196,0.3162583518930957,0.2539404553415061,0.4792176039119804,SVM,PGD,0.3,CW_c0.5_it10,,CW,,10,0.5,0.0582203865051269,99
0.9083946078431372,0.6322115384615384,0.6430317848410758,0.6375757575757576,0.0535901926444833,0.3569682151589242,RF,PGD,0.3,Clean,,Clean,0.0,0,,2.0181548595428467,99
0.9240196078431372,0.867579908675799,0.4645476772616136,0.6050955414012739,0.0101576182136602,0.5354523227383863,RF,PGD,0.3,FGSM_eps0.15,,FGSM,0.15,1,,2.0181548595428467,99
0.9142156862745098,0.7380073800738007,0.4889975550122249,0.5882352941176471,0.0248686514886164,0.511002444987775,RF,PGD,0.3,FGSM_eps0.3,,FGSM,0.3,1,,2.0181548595428467,99
0.8881740196078431,0.7115384615384616,0.1809290953545232,0.2884990253411306,0.010507880910683,0.8190709046454768,RF,PGD,0.3,FGSM_eps0.5,,FGSM,0.5,1,,2.0181548595428467,99
0.8777573529411765,0.75,0.0366748166259168,0.0699300699300699,0.0017513134851138,0.9633251833740832,RF,PGD,0.3,FGSM_eps0.75,,FGSM,0.75,1,,2.0181548595428467,99
0.9191176470588236,0.8341013824884793,0.4425427872860635,0.5782747603833865,0.0126094570928196,0.5574572127139364,RF,PGD,0.3,PGD_eps0.15_it10,,PGD,0.15,10,,2.0181548595428467,99
0.9206495098039216,0.8472222222222222,0.4474327628361858,0.5856,0.0115586690017513,0.5525672371638142,RF,PGD,0.3,PGD_eps0.15_it25,,PGD,0.15,25,,2.0181548595428467,99
0.9200367647058824,0.7824427480916031,0.5012224938875306,0.6110283159463488,0.0199649737302977,0.4987775061124694,RF,PGD,0.3,PGD_eps0.3_it10,,PGD,0.3,10,,2.0181548595428467,99
0.9194240196078431,0.7829457364341085,0.4938875305623472,0.6056971514242878,0.0196147110332749,0.5061124694376528,RF,PGD,0.3,PGD_eps0.3_it25,,PGD,0.3,25,,2.0181548595428467,99
0.8930759803921569,0.6744186046511628,0.2836185819070904,0.3993115318416523,0.0196147110332749,0.7163814180929096,RF,PGD,0.3,PGD_eps0.5_it10,,PGD,0.5,10,,2.0181548595428467,99
0.8973651960784313,0.725609756097561,0.2909535452322738,0.4153577661431064,0.0157618213660245,0.7090464547677262,RF,PGD,0.3,PGD_eps0.5_it25,,PGD,0.5,25,,2.0181548595428467,99
0.8771446078431373,0.5540540540540541,0.1002444987775061,0.1697722567287784,0.0115586690017513,0.8997555012224939,RF,PGD,0.3,PGD_eps0.75_it10,,PGD,0.75,10,,2.0181548595428467,99
0.8694852941176471,0.4105263157894737,0.0953545232273838,0.1547619047619047,0.0196147110332749,0.904645476772616,RF,PGD,0.3,PGD_eps0.75_it25,,PGD,0.75,25,,2.0181548595428467,99
0.9041053921568628,0.6935483870967742,0.4205378973105134,0.5235920852359208,0.0266199649737302,0.5794621026894865,RF,PGD,0.3,CW_c0.0_it10,,CW,,10,0.0,2.0181548595428467,99
0.912377450980392,0.847457627118644,0.3667481662591687,0.5119453924914675,0.0094570928196147,0.6332518337408313,RF,PGD,0.3,CW_c0.5_it10,,CW,,10,0.5,2.0181548595428467,99
0.9108455882352942,0.7269230769230769,0.4621026894865526,0.5650224215246636,0.0248686514886164,0.5378973105134475,MLP,PGD,0.5,FGSM_eps0.15,46.659393548965454,FGSM,0.15,1,,,99
0.8995098039215687,0.6372881355932203,0.4596577017114914,0.5340909090909091,0.037478108581436,0.5403422982885085,MLP,PGD,0.5,FGSM_eps0.3,46.659393548965454,FGSM,0.3,1,,,99
0.8253676470588235,0.3326403326403326,0.39119804400978,0.3595505617977528,0.1124343257443082,0.60880195599022,MLP,PGD,0.5,FGSM_eps0.5,46.659393548965454,FGSM,0.5,1,,,99
0.7931985294117647,0.2690972222222222,0.3789731051344743,0.3147208121827411,0.1474605954465849,0.6210268948655256,MLP,PGD,0.5,FGSM_eps0.75,46.659393548965454,FGSM,0.75,1,,,99
0.9114583333333334,0.7325581395348837,0.4621026894865526,0.5667166416791605,0.0241681260945709,0.5378973105134475,MLP,PGD,0.5,PGD_eps0.15_it10,46.659393548965454,PGD,0.15,10,,,99
0.9108455882352942,0.7269230769230769,0.4621026894865526,0.5650224215246636,0.0248686514886164,0.5378973105134475,MLP,PGD,0.5,PGD_eps0.15_it25,46.659393548965454,PGD,0.15,25,,,99
0.899203431372549,0.6342281879194631,0.4621026894865526,0.5346534653465347,0.0381786339754816,0.5378973105134475,MLP,PGD,0.5,PGD_eps0.3_it10,46.659393548965454,PGD,0.3,10,,,99
0.8982843137254902,0.627906976744186,0.4621026894865526,0.532394366197183,0.0392294220665499,0.5378973105134475,MLP,PGD,0.5,PGD_eps0.3_it25,46.659393548965454,PGD,0.3,25,,,99
0.8036151960784313,0.2875457875457875,0.3838630806845965,0.3287958115183246,0.1362521891418563,0.6161369193154034,MLP,PGD,0.5,PGD_eps0.5_it10,46.659393548965454,PGD,0.5,10,,,99
0.7993259803921569,0.2771739130434782,0.3740831295843521,0.3184183142559833,0.139754816112084,0.6259168704156479,MLP,PGD,0.5,PGD_eps0.5_it25,46.659393548965454,PGD,0.5,25,,,99
0.7757352941176471,0.2258064516129032,0.3251833740831296,0.2665330661322645,0.1597197898423817,0.6748166259168704,MLP,PGD,0.5,PGD_eps0.75_it10,46.659393548965454,PGD,0.75,10,,,99
0.7579656862745098,0.178752107925801,0.2591687041564792,0.2115768463073852,0.1705779334500875,0.7408312958435208,MLP,PGD,0.5,PGD_eps0.75_it25,46.659393548965454,PGD,0.75,25,,,99
0.8970588235294118,0.617363344051447,0.4694376528117359,0.5333333333333333,0.0416812609457092,0.530562347188264,MLP,PGD,0.5,CW_c0.0_it10,46.659393548965454,CW,,10,0.0,,99
0.8927696078431373,0.5913312693498453,0.4669926650366748,0.5218579234972678,0.0462346760070052,0.5330073349633252,MLP,PGD,0.5,CW_c0.5_it10,46.659393548965454,CW,,10,0.5,,99
0.9181985294117648,0.7933884297520661,0.4694376528117359,0.5898617511520737,0.0175131348511383,0.530562347188264,MLP,PGD,0.5,Clean,46.659393548965454,Clean,0.0,0,,,99
0.8618259803921569,0.452914798206278,0.4938875305623472,0.4725146198830409,0.0854640980735551,0.5061124694376528,LR,PGD,0.5,Clean,,Clean,0.0,0,,0.034144639968872,99
0.6341911764705882,0.1907013396375098,0.5916870415647921,0.2884386174016686,0.3597197898423818,0.4083129584352078,LR,PGD,0.5,FGSM_eps0.15,,FGSM,0.15,1,,0.034144639968872,99
0.2726715686274509,0.1175554690541066,0.7383863080684596,0.2028206850235057,0.794045534150613,0.2616136919315403,LR,PGD,0.5,FGSM_eps0.3,,FGSM,0.3,1,,0.034144639968872,99
0.221813725490196,0.1095639428362037,0.7310513447432763,0.1905672402804334,0.851138353765324,0.2689486552567237,LR,PGD,0.5,FGSM_eps0.5,,FGSM,0.5,1,,0.034144639968872,99
0.211703431372549,0.1024981631153563,0.6821515892420538,0.1782178217821782,0.85569176882662,0.3178484107579462,LR,PGD,0.5,FGSM_eps0.75,,FGSM,0.75,1,,0.034144639968872,99
0.633578431372549,0.1956689868522815,0.6185819070904646,0.2972972972972973,0.3642732049036777,0.3814180929095354,LR,PGD,0.5,PGD_eps0.15_it10,,PGD,0.15,10,,0.034144639968872,99
0.6354166666666666,0.1937254901960784,0.6039119804400978,0.2933491686460807,0.3600700525394045,0.3960880195599022,LR,PGD,0.5,PGD_eps0.15_it25,,PGD,0.15,25,,0.034144639968872,99
0.2573529411764705,0.1161904761904761,0.7457212713936431,0.2010547132498352,0.8126094570928196,0.254278728606357,LR,PGD,0.5,PGD_eps0.3_it10,,PGD,0.3,10,,0.034144639968872,99
0.2545955882352941,0.1160849772382397,0.7481662591687042,0.2009852216748768,0.8161120840630472,0.2518337408312958,LR,PGD,0.5,PGD_eps0.3_it25,,PGD,0.3,25,,0.034144639968872,99
0.2077205882352941,0.1119429590017825,0.7677261613691931,0.1953951462352209,0.8725043782837127,0.2322738386308068,LR,PGD,0.5,PGD_eps0.5_it10,,PGD,0.5,10,,0.034144639968872,99
0.2086397058823529,0.112062812276945,0.7677261613691931,0.1955777016505761,0.8714535901926445,0.2322738386308068,LR,PGD,0.5,PGD_eps0.5_it25,,PGD,0.5,25,,0.034144639968872,99
0.1985294117647058,0.110483586304271,0.7652811735941321,0.1930906847624922,0.882661996497373,0.2347188264058679,LR,PGD,0.5,PGD_eps0.75_it10,,PGD,0.75,10,,0.034144639968872,99
0.1973039215686274,0.1092258748674443,0.7555012224938875,0.1908585546633724,0.882661996497373,0.2444987775061124,LR,PGD,0.5,PGD_eps0.75_it25,,PGD,0.75,25,,0.034144639968872,99
0.7310049019607843,0.2326111744583808,0.4987775061124694,0.317262830482115,0.2357267950963222,0.5012224938875306,LR,PGD,0.5,CW_c0.0_it10,,CW,,10,0.0,0.034144639968872,99
0.6957720588235294,0.2074148296593186,0.5061124694376528,0.2942430703624733,0.2770577933450087,0.4938875305623472,LR,PGD,0.5,CW_c0.5_it10,,CW,,10,0.5,0.034144639968872,99
0.8219975490196079,0.3512110726643598,0.4963325183374083,0.4113475177304964,0.1313485113835376,0.5036674816625917,SVM,PGD,0.5,Clean,,Clean,0.0,0,,0.0699212551116943,99
0.7352941176470589,0.2452407614781634,0.5354523227383863,0.336405529953917,0.236077057793345,0.4645476772616136,SVM,PGD,0.5,FGSM_eps0.15,,FGSM,0.15,1,,0.0699212551116943,99
0.4298406862745098,0.137,0.6699266503667481,0.2274802822748028,0.604553415061296,0.3300733496332518,SVM,PGD,0.5,FGSM_eps0.3,,FGSM,0.3,1,,0.0699212551116943,99
0.2579656862745098,0.1069894572432643,0.6699266503667481,0.1845117845117845,0.8010507880910683,0.3300733496332518,SVM,PGD,0.5,FGSM_eps0.5,,FGSM,0.5,1,,0.0699212551116943,99
0.190563725490196,0.080105302745393,0.5207823960880196,0.1388526727509778,0.8567425569176883,0.4792176039119804,SVM,PGD,0.5,FGSM_eps0.75,,FGSM,0.75,1,,0.0699212551116943,99
0.7242647058823529,0.2374331550802139,0.5427872860635696,0.3303571428571428,0.2497373029772329,0.4572127139364303,SVM,PGD,0.5,PGD_eps0.15_it10,,PGD,0.15,10,,0.0699212551116943,99
0.7291666666666666,0.2421281216069489,0.5452322738386308,0.3353383458646616,0.2444833625218914,0.4547677261613692,SVM,PGD,0.5,PGD_eps0.15_it25,,PGD,0.15,25,,0.0699212551116943,99
0.4212622549019608,0.1372549019607843,0.684596577017115,0.2286647611269906,0.6164623467600701,0.3154034229828851,SVM,PGD,0.5,PGD_eps0.3_it10,,PGD,0.3,10,,0.0699212551116943,99
0.4185049019607843,0.1377128953771289,0.6919315403422983,0.2297077922077922,0.6206654991243432,0.3080684596577017,SVM,PGD,0.5,PGD_eps0.3_it25,,PGD,0.3,25,,0.0699212551116943,99
0.2123161764705882,0.1097472924187725,0.7432762836185819,0.1912551116703366,0.8637478108581436,0.2567237163814181,SVM,PGD,0.5,PGD_eps0.5_it10,,PGD,0.5,10,,0.0699212551116943,99
0.2120098039215686,0.1085776330076004,0.7334963325183375,0.189155107187894,0.8626970227670753,0.2665036674816626,SVM,PGD,0.5,PGD_eps0.5_it25,,PGD,0.5,25,,0.0699212551116943,99
0.1862745098039215,0.1006043370067543,0.6919315403422983,0.1756672873991309,0.8861646234676007,0.3080684596577017,SVM,PGD,0.5,PGD_eps0.75_it10,,PGD,0.75,10,,0.0699212551116943,99
0.1887254901960784,0.1028733593472862,0.7090464547677262,0.1796778190830235,0.885814360770578,0.2909535452322738,SVM,PGD,0.5,PGD_eps0.75_it25,,PGD,0.75,25,,0.0699212551116943,99
0.7720588235294118,0.2739541160593792,0.4963325183374083,0.3530434782608695,0.1884413309982487,0.5036674816625917,SVM,PGD,0.5,CW_c0.0_it10,,CW,,10,0.0,0.0699212551116943,99
0.7493872549019608,0.2509135200974421,0.5036674816625917,0.3349593495934959,0.2154115586690017,0.4963325183374083,SVM,PGD,0.5,CW_c0.5_it10,,CW,,10,0.5,0.0699212551116943,99
0.9117647058823528,0.645083932853717,0.6577017114914425,0.6513317191283293,0.0518388791593695,0.3422982885085575,RF,PGD,0.5,Clean,,Clean,0.0,0,,2.408267021179199,99
0.9243259803921569,0.8715596330275229,0.4645476772616136,0.6060606060606061,0.0098073555166374,0.5354523227383863,RF,PGD,0.5,FGSM_eps0.15,,FGSM,0.15,1,,2.408267021179199,99
0.9227941176470588,0.8398268398268398,0.4743276283618582,0.60625,0.0129597197898423,0.5256723716381418,RF,PGD,0.5,FGSM_eps0.3,,FGSM,0.3,1,,2.408267021179199,99
0.8713235294117647,0.4476190476190476,0.1149144254278728,0.1828793774319066,0.0203152364273204,0.8850855745721271,RF,PGD,0.5,FGSM_eps0.5,,FGSM,0.5,1,,2.408267021179199,99
0.8734681372549019,0.4166666666666667,0.0244498777506112,0.046189376443418,0.0049036777583187,0.9755501222493888,RF,PGD,0.5,FGSM_eps0.75,,FGSM,0.75,1,,2.408267021179199,99
0.9243259803921569,0.8715596330275229,0.4645476772616136,0.6060606060606061,0.0098073555166374,0.5354523227383863,RF,PGD,0.5,PGD_eps0.15_it10,,PGD,0.15,10,,2.408267021179199,99
0.9243259803921569,0.8715596330275229,0.4645476772616136,0.6060606060606061,0.0098073555166374,0.5354523227383863,RF,PGD,0.5,PGD_eps0.15_it25,,PGD,0.15,25,,2.408267021179199,99
0.9074754901960784,0.6825938566552902,0.4889975550122249,0.5698005698005698,0.0325744308231173,0.511002444987775,RF,PGD,0.5,PGD_eps0.3_it10,,PGD,0.3,10,,2.408267021179199,99
0.9117647058823528,0.7216117216117216,0.4816625916870415,0.5777126099706745,0.0266199649737302,0.5183374083129584,RF,PGD,0.5,PGD_eps0.3_it25,,PGD,0.3,25,,2.408267021179199,99
0.8854166666666666,0.631578947368421,0.2053789731051344,0.3099630996309963,0.0171628721541155,0.7946210268948656,RF,PGD,0.5,PGD_eps0.5_it10,,PGD,0.5,10,,2.408267021179199,99
0.8851102941176471,0.6024096385542169,0.2444987775061124,0.3478260869565217,0.0231173380035026,0.7555012224938875,RF,PGD,0.5,PGD_eps0.5_it25,,PGD,0.5,25,,2.408267021179199,99
0.8792892156862745,0.5663716814159292,0.1564792176039119,0.2452107279693486,0.0171628721541155,0.843520782396088,RF,PGD,0.5,PGD_eps0.75_it10,,PGD,0.75,10,,2.408267021179199,99
0.883578431372549,0.5923566878980892,0.2273838630806846,0.3286219081272085,0.022416812609457,0.7726161369193154,RF,PGD,0.5,PGD_eps0.75_it25,,PGD,0.75,25,,2.408267021179199,99
0.914828431372549,0.7717842323651453,0.4547677261613692,0.5723076923076923,0.0192644483362521,0.5452322738386308,RF,PGD,0.5,CW_c0.0_it10,,CW,,10,0.0,2.408267021179199,99
0.9197303921568628,0.8585365853658536,0.4303178484107579,0.5732899022801303,0.0101576182136602,0.5696821515892421,RF,PGD,0.5,CW_c0.5_it10,,CW,,10,0.5,2.408267021179199,99
