accuracy,precision,recall,f1,fpr,fnr,model,sigma,eval_attack,smooth_s_per_sample,n0,n,family,epsilon,iters,confidence,seed
0.91,0.5,0.6111111111111112,0.55,0.0604395604395604,0.3888888888888889,LR,0.1,Clean,0.0001137387752532,50,200,,,,,42
0.22,0.0843373493975903,0.7777777777777778,0.1521739130434782,0.8351648351648352,0.2222222222222222,LR,0.1,FGSM_eps0.15,,50,200,FGSM,0.15,1.0,,42
0.185,0.0552147239263803,0.5,0.0994475138121546,0.8461538461538461,0.5,LR,0.1,FGSM_eps0.3,,50,200,FGSM,0.3,1.0,,42
0.185,0.0552147239263803,0.5,0.0994475138121546,0.8461538461538461,0.5,LR,0.1,FGSM_eps0.5,,50,200,FGSM,0.5,1.0,,42
0.185,0.0552147239263803,0.5,0.0994475138121546,0.8461538461538461,0.5,LR,0.1,FGSM_eps0.75,,50,200,FGSM,0.75,1.0,,42
0.235,0.0909090909090909,0.8333333333333334,0.1639344262295081,0.8241758241758241,0.1666666666666666,LR,0.1,PGD_eps0.15_it10,,50,200,PGD,0.15,10.0,,42
0.235,0.0909090909090909,0.8333333333333334,0.1639344262295081,0.8241758241758241,0.1666666666666666,LR,0.1,PGD_eps0.15_it25,,50,200,PGD,0.15,25.0,,42
0.185,0.0552147239263803,0.5,0.0994475138121546,0.8461538461538461,0.5,LR,0.1,PGD_eps0.3_it10,,50,200,PGD,0.3,10.0,,42
0.19,0.0609756097560975,0.5555555555555556,0.1098901098901098,0.8461538461538461,0.4444444444444444,LR,0.1,PGD_eps0.3_it25,,50,200,PGD,0.3,25.0,,42
0.18,0.0493827160493827,0.4444444444444444,0.0888888888888888,0.8461538461538461,0.5555555555555556,LR,0.1,PGD_eps0.5_it10,,50,200,PGD,0.5,10.0,,42
0.185,0.0496894409937888,0.4444444444444444,0.0893854748603352,0.8406593406593407,0.5555555555555556,LR,0.1,PGD_eps0.5_it25,,50,200,PGD,0.5,25.0,,42
0.185,0.0496894409937888,0.4444444444444444,0.0893854748603352,0.8406593406593407,0.5555555555555556,LR,0.1,PGD_eps0.75_it10,,50,200,PGD,0.75,10.0,,42
0.185,0.0496894409937888,0.4444444444444444,0.0893854748603352,0.8406593406593407,0.5555555555555556,LR,0.1,PGD_eps0.75_it25,,50,200,PGD,0.75,25.0,,42
0.4,0.0446428571428571,0.2777777777777778,0.0769230769230769,0.5879120879120879,0.7222222222222222,LR,0.1,CW_c0.0_it10,,50,200,CW,,10.0,0.0,42
0.275,0.0431654676258992,0.3333333333333333,0.0764331210191082,0.7307692307692307,0.6666666666666666,LR,0.1,CW_c0.5_it10,,50,200,CW,,10.0,0.5,42
0.91,0.5,0.6111111111111112,0.55,0.0604395604395604,0.3888888888888889,SVM,0.1,Clean,0.0001404988765716,50,200,,,,,42
0.17,0.0375,0.3333333333333333,0.0674157303370786,0.8461538461538461,0.6666666666666666,SVM,0.1,FGSM_eps0.15,,50,200,FGSM,0.15,1.0,,42
0.165,0.0314465408805031,0.2777777777777778,0.0564971751412429,0.8461538461538461,0.7222222222222222,SVM,0.1,FGSM_eps0.3,,50,200,FGSM,0.3,1.0,,42
0.165,0.0314465408805031,0.2777777777777778,0.0564971751412429,0.8461538461538461,0.7222222222222222,SVM,0.1,FGSM_eps0.5,,50,200,FGSM,0.5,1.0,,42
0.165,0.0314465408805031,0.2777777777777778,0.0564971751412429,0.8461538461538461,0.7222222222222222,SVM,0.1,FGSM_eps0.75,,50,200,FGSM,0.75,1.0,,42
0.17,0.0375,0.3333333333333333,0.0674157303370786,0.8461538461538461,0.6666666666666666,SVM,0.1,PGD_eps0.15_it10,,50,200,PGD,0.15,10.0,,42
0.17,0.0375,0.3333333333333333,0.0674157303370786,0.8461538461538461,0.6666666666666666,SVM,0.1,PGD_eps0.15_it25,,50,200,PGD,0.15,25.0,,42
0.165,0.0314465408805031,0.2777777777777778,0.0564971751412429,0.8461538461538461,0.7222222222222222,SVM,0.1,PGD_eps0.3_it10,,50,200,PGD,0.3,10.0,,42
0.165,0.0314465408805031,0.2777777777777778,0.0564971751412429,0.8461538461538461,0.7222222222222222,SVM,0.1,PGD_eps0.3_it25,,50,200,PGD,0.3,25.0,,42
0.165,0.0314465408805031,0.2777777777777778,0.0564971751412429,0.8461538461538461,0.7222222222222222,SVM,0.1,PGD_eps0.5_it10,,50,200,PGD,0.5,10.0,,42
0.165,0.0314465408805031,0.2777777777777778,0.0564971751412429,0.8461538461538461,0.7222222222222222,SVM,0.1,PGD_eps0.5_it25,,50,200,PGD,0.5,25.0,,42
0.165,0.0314465408805031,0.2777777777777778,0.0564971751412429,0.8461538461538461,0.7222222222222222,SVM,0.1,PGD_eps0.75_it10,,50,200,PGD,0.75,10.0,,42
0.165,0.0314465408805031,0.2777777777777778,0.0564971751412429,0.8461538461538461,0.7222222222222222,SVM,0.1,PGD_eps0.75_it25,,50,200,PGD,0.75,25.0,,42
0.225,0.0141843971631205,0.1111111111111111,0.0251572327044025,0.7637362637362637,0.8888888888888888,SVM,0.1,CW_c0.0_it10,,50,200,CW,,10.0,0.0,42
0.18,0.032051282051282,0.2777777777777778,0.057471264367816,0.8296703296703297,0.7222222222222222,SVM,0.1,CW_c0.5_it10,,50,200,CW,,10.0,0.5,42
0.96,1.0,0.5555555555555556,0.7142857142857143,0.0,0.4444444444444444,RF,0.1,Clean,0.0047231316566467,50,200,,,,,42
0.89,0.0,0.0,0.0,0.0219780219780219,1.0,RF,0.1,FGSM_eps0.15,,50,200,FGSM,0.15,1.0,,42
0.855,0.0,0.0,0.0,0.0604395604395604,1.0,RF,0.1,FGSM_eps0.3,,50,200,FGSM,0.3,1.0,,42
0.37,0.0263157894736842,0.1666666666666666,0.0454545454545454,0.6098901098901099,0.8333333333333334,RF,0.1,FGSM_eps0.5,,50,200,FGSM,0.5,1.0,,42
0.195,0.0326797385620915,0.2777777777777778,0.0584795321637426,0.8131868131868132,0.7222222222222222,RF,0.1,FGSM_eps0.75,,50,200,FGSM,0.75,1.0,,42
0.89,0.0,0.0,0.0,0.0219780219780219,1.0,RF,0.1,PGD_eps0.15_it10,,50,200,PGD,0.15,10.0,,42
0.89,0.0,0.0,0.0,0.0219780219780219,1.0,RF,0.1,PGD_eps0.15_it25,,50,200,PGD,0.15,25.0,,42
0.865,0.0,0.0,0.0,0.0494505494505494,1.0,RF,0.1,PGD_eps0.3_it10,,50,200,PGD,0.3,10.0,,42
0.86,0.0,0.0,0.0,0.0549450549450549,1.0,RF,0.1,PGD_eps0.3_it25,,50,200,PGD,0.3,25.0,,42
0.605,0.0,0.0,0.0,0.3351648351648351,1.0,RF,0.1,PGD_eps0.5_it10,,50,200,PGD,0.5,10.0,,42
0.56,0.0,0.0,0.0,0.3846153846153846,1.0,RF,0.1,PGD_eps0.5_it25,,50,200,PGD,0.5,25.0,,42
0.46,0.0,0.0,0.0,0.4945054945054945,1.0,RF,0.1,PGD_eps0.75_it10,,50,200,PGD,0.75,10.0,,42
0.34,0.0169491525423728,0.1111111111111111,0.0294117647058823,0.6373626373626373,0.8888888888888888,RF,0.1,PGD_eps0.75_it25,,50,200,PGD,0.75,25.0,,42
0.885,0.0,0.0,0.0,0.0274725274725274,1.0,RF,0.1,CW_c0.0_it10,,50,200,CW,,10.0,0.0,42
0.885,0.0,0.0,0.0,0.0274725274725274,1.0,RF,0.1,CW_c0.5_it10,,50,200,CW,,10.0,0.5,42
0.885,0.4193548387096774,0.7222222222222222,0.5306122448979592,0.0989010989010989,0.2777777777777778,MLP,0.1,Clean,0.0016816103458404,50,200,,,,,42
0.35,0.0820895522388059,0.6111111111111112,0.1447368421052631,0.6758241758241759,0.3888888888888889,MLP,0.1,FGSM_eps0.15,,50,200,FGSM,0.15,1.0,,42
0.22,0.0576923076923076,0.5,0.1034482758620689,0.8076923076923077,0.5,MLP,0.1,FGSM_eps0.3,,50,200,FGSM,0.3,1.0,,42
0.185,0.0382165605095541,0.3333333333333333,0.0685714285714285,0.8296703296703297,0.6666666666666666,MLP,0.1,FGSM_eps0.5,,50,200,FGSM,0.5,1.0,,42
0.18,0.0379746835443038,0.3333333333333333,0.0681818181818181,0.8351648351648352,0.6666666666666666,MLP,0.1,FGSM_eps0.75,,50,200,FGSM,0.75,1.0,,42
0.33,0.0797101449275362,0.6111111111111112,0.141025641025641,0.6978021978021978,0.3888888888888889,MLP,0.1,PGD_eps0.15_it10,,50,200,PGD,0.15,10.0,,42
0.32,0.0785714285714285,0.6111111111111112,0.1392405063291139,0.7087912087912088,0.3888888888888889,MLP,0.1,PGD_eps0.15_it25,,50,200,PGD,0.15,25.0,,42
0.2,0.0448717948717948,0.3888888888888889,0.0804597701149425,0.8186813186813187,0.6111111111111112,MLP,0.1,PGD_eps0.3_it10,,50,200,PGD,0.3,10.0,,42
0.205,0.0451612903225806,0.3888888888888889,0.0809248554913294,0.8131868131868132,0.6111111111111112,MLP,0.1,PGD_eps0.3_it25,,50,200,PGD,0.3,25.0,,42
0.185,0.0440251572327044,0.3888888888888889,0.0790960451977401,0.8351648351648352,0.6111111111111112,MLP,0.1,PGD_eps0.5_it10,,50,200,PGD,0.5,10.0,,42
0.185,0.0440251572327044,0.3888888888888889,0.0790960451977401,0.8351648351648352,0.6111111111111112,MLP,0.1,PGD_eps0.5_it25,,50,200,PGD,0.5,25.0,,42
0.175,0.0318471337579617,0.2777777777777778,0.0571428571428571,0.8351648351648352,0.7222222222222222,MLP,0.1,PGD_eps0.75_it10,,50,200,PGD,0.75,10.0,,42
0.175,0.0318471337579617,0.2777777777777778,0.0571428571428571,0.8351648351648352,0.7222222222222222,MLP,0.1,PGD_eps0.75_it25,,50,200,PGD,0.75,25.0,,42
0.475,0.032258064516129,0.1666666666666666,0.054054054054054,0.4945054945054945,0.8333333333333334,MLP,0.1,CW_c0.0_it10,,50,200,CW,,10.0,0.0,42
0.165,0.0314465408805031,0.2777777777777778,0.0564971751412429,0.8461538461538461,0.7222222222222222,MLP,0.1,CW_c0.5_it10,,50,200,CW,,10.0,0.5,42
0.91,0.5,0.7222222222222222,0.5909090909090909,0.0714285714285714,0.2777777777777778,LR,0.25,Clean,0.0001255905628204,50,200,,,,,42
0.23,0.0903614457831325,0.8333333333333334,0.1630434782608695,0.8296703296703297,0.1666666666666666,LR,0.25,FGSM_eps0.15,,50,200,FGSM,0.15,1.0,,42
0.185,0.0552147239263803,0.5,0.0994475138121546,0.8461538461538461,0.5,LR,0.25,FGSM_eps0.3,,50,200,FGSM,0.3,1.0,,42
0.185,0.0552147239263803,0.5,0.0994475138121546,0.8461538461538461,0.5,LR,0.25,FGSM_eps0.5,,50,200,FGSM,0.5,1.0,,42
0.185,0.0552147239263803,0.5,0.0994475138121546,0.8461538461538461,0.5,LR,0.25,FGSM_eps0.75,,50,200,FGSM,0.75,1.0,,42
0.235,0.0807453416149068,0.7222222222222222,0.1452513966480447,0.8131868131868132,0.2777777777777778,LR,0.25,PGD_eps0.15_it10,,50,200,PGD,0.15,10.0,,42
0.245,0.0817610062893081,0.7222222222222222,0.1468926553672316,0.8021978021978022,0.2777777777777778,LR,0.25,PGD_eps0.15_it25,,50,200,PGD,0.15,25.0,,42
0.185,0.0552147239263803,0.5,0.0994475138121546,0.8461538461538461,0.5,LR,0.25,PGD_eps0.3_it10,,50,200,PGD,0.3,10.0,,42
0.185,0.0552147239263803,0.5,0.0994475138121546,0.8461538461538461,0.5,LR,0.25,PGD_eps0.3_it25,,50,200,PGD,0.3,25.0,,42
0.18,0.0493827160493827,0.4444444444444444,0.0888888888888888,0.8461538461538461,0.5555555555555556,LR,0.25,PGD_eps0.5_it10,,50,200,PGD,0.5,10.0,,42
0.185,0.0496894409937888,0.4444444444444444,0.0893854748603352,0.8406593406593407,0.5555555555555556,LR,0.25,PGD_eps0.5_it25,,50,200,PGD,0.5,25.0,,42
0.185,0.0496894409937888,0.4444444444444444,0.0893854748603352,0.8406593406593407,0.5555555555555556,LR,0.25,PGD_eps0.75_it10,,50,200,PGD,0.75,10.0,,42
0.185,0.0496894409937888,0.4444444444444444,0.0893854748603352,0.8406593406593407,0.5555555555555556,LR,0.25,PGD_eps0.75_it25,,50,200,PGD,0.75,25.0,,42
0.385,0.0434782608695652,0.2777777777777778,0.075187969924812,0.6043956043956044,0.7222222222222222,LR,0.25,CW_c0.0_it10,,50,200,CW,,10.0,0.0,42
0.285,0.0503597122302158,0.3888888888888889,0.0891719745222929,0.7252747252747253,0.6111111111111112,LR,0.25,CW_c0.5_it10,,50,200,CW,,10.0,0.5,42
0.815,0.2978723404255319,0.7777777777777778,0.4307692307692308,0.1813186813186813,0.2222222222222222,SVM,0.25,Clean,0.0001261460781097,50,200,,,,,42
0.17,0.0375,0.3333333333333333,0.0674157303370786,0.8461538461538461,0.6666666666666666,SVM,0.25,FGSM_eps0.15,,50,200,FGSM,0.15,1.0,,42
0.165,0.0314465408805031,0.2777777777777778,0.0564971751412429,0.8461538461538461,0.7222222222222222,SVM,0.25,FGSM_eps0.3,,50,200,FGSM,0.3,1.0,,42
0.165,0.0314465408805031,0.2777777777777778,0.0564971751412429,0.8461538461538461,0.7222222222222222,SVM,0.25,FGSM_eps0.5,,50,200,FGSM,0.5,1.0,,42
0.165,0.0314465408805031,0.2777777777777778,0.0564971751412429,0.8461538461538461,0.7222222222222222,SVM,0.25,FGSM_eps0.75,,50,200,FGSM,0.75,1.0,,42
0.165,0.0314465408805031,0.2777777777777778,0.0564971751412429,0.8461538461538461,0.7222222222222222,SVM,0.25,PGD_eps0.15_it10,,50,200,PGD,0.15,10.0,,42
0.17,0.0375,0.3333333333333333,0.0674157303370786,0.8461538461538461,0.6666666666666666,SVM,0.25,PGD_eps0.15_it25,,50,200,PGD,0.15,25.0,,42
0.165,0.0314465408805031,0.2777777777777778,0.0564971751412429,0.8461538461538461,0.7222222222222222,SVM,0.25,PGD_eps0.3_it10,,50,200,PGD,0.3,10.0,,42
0.165,0.0314465408805031,0.2777777777777778,0.0564971751412429,0.8461538461538461,0.7222222222222222,SVM,0.25,PGD_eps0.3_it25,,50,200,PGD,0.3,25.0,,42
0.165,0.0314465408805031,0.2777777777777778,0.0564971751412429,0.8461538461538461,0.7222222222222222,SVM,0.25,PGD_eps0.5_it10,,50,200,PGD,0.5,10.0,,42
0.165,0.0314465408805031,0.2777777777777778,0.0564971751412429,0.8461538461538461,0.7222222222222222,SVM,0.25,PGD_eps0.5_it25,,50,200,PGD,0.5,25.0,,42
0.165,0.0314465408805031,0.2777777777777778,0.0564971751412429,0.8461538461538461,0.7222222222222222,SVM,0.25,PGD_eps0.75_it10,,50,200,PGD,0.75,10.0,,42
0.165,0.0314465408805031,0.2777777777777778,0.0564971751412429,0.8461538461538461,0.7222222222222222,SVM,0.25,PGD_eps0.75_it25,,50,200,PGD,0.75,25.0,,42
0.265,0.0291970802919708,0.2222222222222222,0.0516129032258064,0.7307692307692307,0.7777777777777778,SVM,0.25,CW_c0.0_it10,,50,200,CW,,10.0,0.0,42
0.185,0.0261437908496732,0.2222222222222222,0.0467836257309941,0.8186813186813187,0.7777777777777778,SVM,0.25,CW_c0.5_it10,,50,200,CW,,10.0,0.5,42
0.955,1.0,0.5,0.6666666666666666,0.0,0.5,RF,0.25,Clean,0.0044739460945129,50,200,,,,,42
0.9,0.0,0.0,0.0,0.0109890109890109,1.0,RF,0.25,FGSM_eps0.15,,50,200,FGSM,0.15,1.0,,42
0.89,0.0,0.0,0.0,0.0219780219780219,1.0,RF,0.25,FGSM_eps0.3,,50,200,FGSM,0.3,1.0,,42
0.52,0.0,0.0,0.0,0.4285714285714285,1.0,RF,0.25,FGSM_eps0.5,,50,200,FGSM,0.5,1.0,,42
0.225,0.0275862068965517,0.2222222222222222,0.0490797546012269,0.7747252747252747,0.7777777777777778,RF,0.25,FGSM_eps0.75,,50,200,FGSM,0.75,1.0,,42
0.905,0.0,0.0,0.0,0.0054945054945054,1.0,RF,0.25,PGD_eps0.15_it10,,50,200,PGD,0.15,10.0,,42
0.905,0.0,0.0,0.0,0.0054945054945054,1.0,RF,0.25,PGD_eps0.15_it25,,50,200,PGD,0.15,25.0,,42
0.885,0.0,0.0,0.0,0.0274725274725274,1.0,RF,0.25,PGD_eps0.3_it10,,50,200,PGD,0.3,10.0,,42
0.88,0.0,0.0,0.0,0.0329670329670329,1.0,RF,0.25,PGD_eps0.3_it25,,50,200,PGD,0.3,25.0,,42
0.765,0.0,0.0,0.0,0.1593406593406593,1.0,RF,0.25,PGD_eps0.5_it10,,50,200,PGD,0.5,10.0,,42
0.73,0.0,0.0,0.0,0.1978021978021978,1.0,RF,0.25,PGD_eps0.5_it25,,50,200,PGD,0.5,25.0,,42
0.49,0.0,0.0,0.0,0.4615384615384615,1.0,RF,0.25,PGD_eps0.75_it10,,50,200,PGD,0.75,10.0,,42
0.425,0.0,0.0,0.0,0.532967032967033,1.0,RF,0.25,PGD_eps0.75_it25,,50,200,PGD,0.75,25.0,,42
0.9,0.0,0.0,0.0,0.0109890109890109,1.0,RF,0.25,CW_c0.0_it10,,50,200,CW,,10.0,0.0,42
0.9,0.0,0.0,0.0,0.0109890109890109,1.0,RF,0.25,CW_c0.5_it10,,50,200,CW,,10.0,0.5,42
0.94,0.65,0.7222222222222222,0.6842105263157895,0.0384615384615384,0.2777777777777778,MLP,0.25,Clean,0.0016481721401214,50,200,,,,,42
0.375,0.0852713178294573,0.6111111111111112,0.1496598639455782,0.6483516483516484,0.3888888888888889,MLP,0.25,FGSM_eps0.15,,50,200,FGSM,0.15,1.0,,42
0.21,0.0512820512820512,0.4444444444444444,0.0919540229885057,0.8131868131868132,0.5555555555555556,MLP,0.25,FGSM_eps0.3,,50,200,FGSM,0.3,1.0,,42
0.19,0.0443037974683544,0.3888888888888889,0.0795454545454545,0.8296703296703297,0.6111111111111112,MLP,0.25,FGSM_eps0.5,,50,200,FGSM,0.5,1.0,,42
0.18,0.0379746835443038,0.3333333333333333,0.0681818181818181,0.8351648351648352,0.6666666666666666,MLP,0.25,FGSM_eps0.75,,50,200,FGSM,0.75,1.0,,42
0.38,0.0859375,0.6111111111111112,0.1506849315068493,0.6428571428571429,0.3888888888888889,MLP,0.25,PGD_eps0.15_it10,,50,200,PGD,0.15,10.0,,42
0.37,0.0846153846153846,0.6111111111111112,0.1486486486486486,0.6538461538461539,0.3888888888888889,MLP,0.25,PGD_eps0.15_it25,,50,200,PGD,0.15,25.0,,42
0.205,0.0451612903225806,0.3888888888888889,0.0809248554913294,0.8131868131868132,0.6111111111111112,MLP,0.25,PGD_eps0.3_it10,,50,200,PGD,0.3,10.0,,42
0.2,0.0448717948717948,0.3888888888888889,0.0804597701149425,0.8186813186813187,0.6111111111111112,MLP,0.25,PGD_eps0.3_it25,,50,200,PGD,0.3,25.0,,42
0.19,0.0443037974683544,0.3888888888888889,0.0795454545454545,0.8296703296703297,0.6111111111111112,MLP,0.25,PGD_eps0.5_it10,,50,200,PGD,0.5,10.0,,42
0.185,0.0440251572327044,0.3888888888888889,0.0790960451977401,0.8351648351648352,0.6111111111111112,MLP,0.25,PGD_eps0.5_it25,,50,200,PGD,0.5,25.0,,42
0.175,0.0318471337579617,0.2777777777777778,0.0571428571428571,0.8351648351648352,0.7222222222222222,MLP,0.25,PGD_eps0.75_it10,,50,200,PGD,0.75,10.0,,42
0.175,0.0318471337579617,0.2777777777777778,0.0571428571428571,0.8351648351648352,0.7222222222222222,MLP,0.25,PGD_eps0.75_it25,,50,200,PGD,0.75,25.0,,42
0.66,0.0535714285714285,0.1666666666666666,0.081081081081081,0.2912087912087912,0.8333333333333334,MLP,0.25,CW_c0.0_it10,,50,200,CW,,10.0,0.0,42
0.28,0.0,0.0,0.0,0.6923076923076923,1.0,MLP,0.25,CW_c0.5_it10,,50,200,CW,,10.0,0.5,42
0.825,0.3023255813953488,0.7222222222222222,0.4262295081967213,0.1648351648351648,0.2777777777777778,LR,0.5,Clean,0.0001172804832458,50,200,,,,,42
0.26,0.0833333333333333,0.7222222222222222,0.1494252873563218,0.7857142857142857,0.2777777777777778,LR,0.5,FGSM_eps0.15,,50,200,FGSM,0.15,1.0,,42
0.185,0.0552147239263803,0.5,0.0994475138121546,0.8461538461538461,0.5,LR,0.5,FGSM_eps0.3,,50,200,FGSM,0.3,1.0,,42
0.185,0.0552147239263803,0.5,0.0994475138121546,0.8461538461538461,0.5,LR,0.5,FGSM_eps0.5,,50,200,FGSM,0.5,1.0,,42
0.185,0.0552147239263803,0.5,0.0994475138121546,0.8461538461538461,0.5,LR,0.5,FGSM_eps0.75,,50,200,FGSM,0.75,1.0,,42
0.295,0.0927152317880794,0.7777777777777778,0.165680473372781,0.7527472527472527,0.2222222222222222,LR,0.5,PGD_eps0.15_it10,,50,200,PGD,0.15,10.0,,42
0.28,0.0743243243243243,0.6111111111111112,0.1325301204819277,0.7527472527472527,0.3888888888888889,LR,0.5,PGD_eps0.15_it25,,50,200,PGD,0.15,25.0,,42
0.195,0.0613496932515337,0.5555555555555556,0.1104972375690607,0.8406593406593407,0.4444444444444444,LR,0.5,PGD_eps0.3_it10,,50,200,PGD,0.3,10.0,,42
0.19,0.0609756097560975,0.5555555555555556,0.1098901098901098,0.8461538461538461,0.4444444444444444,LR,0.5,PGD_eps0.3_it25,,50,200,PGD,0.3,25.0,,42
0.18,0.0493827160493827,0.4444444444444444,0.0888888888888888,0.8461538461538461,0.5555555555555556,LR,0.5,PGD_eps0.5_it10,,50,200,PGD,0.5,10.0,,42
0.185,0.0496894409937888,0.4444444444444444,0.0893854748603352,0.8406593406593407,0.5555555555555556,LR,0.5,PGD_eps0.5_it25,,50,200,PGD,0.5,25.0,,42
0.185,0.0496894409937888,0.4444444444444444,0.0893854748603352,0.8406593406593407,0.5555555555555556,LR,0.5,PGD_eps0.75_it10,,50,200,PGD,0.75,10.0,,42
0.185,0.0496894409937888,0.4444444444444444,0.0893854748603352,0.8406593406593407,0.5555555555555556,LR,0.5,PGD_eps0.75_it25,,50,200,PGD,0.75,25.0,,42
0.395,0.0598290598290598,0.3888888888888889,0.1037037037037037,0.6043956043956044,0.6111111111111112,LR,0.5,CW_c0.0_it10,,50,200,CW,,10.0,0.0,42
0.315,0.0458015267175572,0.3333333333333333,0.0805369127516778,0.6868131868131868,0.6666666666666666,LR,0.5,CW_c0.5_it10,,50,200,CW,,10.0,0.5,42
0.725,0.2063492063492063,0.7222222222222222,0.3209876543209876,0.2747252747252747,0.2777777777777778,SVM,0.5,Clean,0.0001241517066955,50,200,,,,,42
0.175,0.0434782608695652,0.3888888888888889,0.0782122905027933,0.8461538461538461,0.6111111111111112,SVM,0.5,FGSM_eps0.15,,50,200,FGSM,0.15,1.0,,42
0.165,0.0314465408805031,0.2777777777777778,0.0564971751412429,0.8461538461538461,0.7222222222222222,SVM,0.5,FGSM_eps0.3,,50,200,FGSM,0.3,1.0,,42
0.165,0.0314465408805031,0.2777777777777778,0.0564971751412429,0.8461538461538461,0.7222222222222222,SVM,0.5,FGSM_eps0.5,,50,200,FGSM,0.5,1.0,,42
0.165,0.0314465408805031,0.2777777777777778,0.0564971751412429,0.8461538461538461,0.7222222222222222,SVM,0.5,FGSM_eps0.75,,50,200,FGSM,0.75,1.0,,42
0.17,0.0375,0.3333333333333333,0.0674157303370786,0.8461538461538461,0.6666666666666666,SVM,0.5,PGD_eps0.15_it10,,50,200,PGD,0.15,10.0,,42
0.17,0.0375,0.3333333333333333,0.0674157303370786,0.8461538461538461,0.6666666666666666,SVM,0.5,PGD_eps0.15_it25,,50,200,PGD,0.15,25.0,,42
0.165,0.0314465408805031,0.2777777777777778,0.0564971751412429,0.8461538461538461,0.7222222222222222,SVM,0.5,PGD_eps0.3_it10,,50,200,PGD,0.3,10.0,,42
0.165,0.0314465408805031,0.2777777777777778,0.0564971751412429,0.8461538461538461,0.7222222222222222,SVM,0.5,PGD_eps0.3_it25,,50,200,PGD,0.3,25.0,,42
0.165,0.0314465408805031,0.2777777777777778,0.0564971751412429,0.8461538461538461,0.7222222222222222,SVM,0.5,PGD_eps0.5_it10,,50,200,PGD,0.5,10.0,,42
0.165,0.0314465408805031,0.2777777777777778,0.0564971751412429,0.8461538461538461,0.7222222222222222,SVM,0.5,PGD_eps0.5_it25,,50,200,PGD,0.5,25.0,,42
0.165,0.0314465408805031,0.2777777777777778,0.0564971751412429,0.8461538461538461,0.7222222222222222,SVM,0.5,PGD_eps0.75_it10,,50,200,PGD,0.75,10.0,,42
0.165,0.0314465408805031,0.2777777777777778,0.0564971751412429,0.8461538461538461,0.7222222222222222,SVM,0.5,PGD_eps0.75_it25,,50,200,PGD,0.75,25.0,,42
0.295,0.0305343511450381,0.2222222222222222,0.0536912751677852,0.6978021978021978,0.7777777777777778,SVM,0.5,CW_c0.0_it10,,50,200,CW,,10.0,0.0,42
0.19,0.02,0.1666666666666666,0.0357142857142857,0.8076923076923077,0.8333333333333334,SVM,0.5,CW_c0.5_it10,,50,200,CW,,10.0,0.5,42
0.91,0.0,0.0,0.0,0.0,1.0,RF,0.5,Clean,0.004464019536972,50,200,,,,,42
0.91,0.0,0.0,0.0,0.0,1.0,RF,0.5,FGSM_eps0.15,,50,200,FGSM,0.15,1.0,,42
0.905,0.0,0.0,0.0,0.0054945054945054,1.0,RF,0.5,FGSM_eps0.3,,50,200,FGSM,0.3,1.0,,42
0.89,0.0,0.0,0.0,0.0219780219780219,1.0,RF,0.5,FGSM_eps0.5,,50,200,FGSM,0.5,1.0,,42
0.39,0.0094339622641509,0.0555555555555555,0.0161290322580645,0.5769230769230769,0.9444444444444444,RF,0.5,FGSM_eps0.75,,50,200,FGSM,0.75,1.0,,42
0.905,0.0,0.0,0.0,0.0054945054945054,1.0,RF,0.5,PGD_eps0.15_it10,,50,200,PGD,0.15,10.0,,42
0.905,0.0,0.0,0.0,0.0054945054945054,1.0,RF,0.5,PGD_eps0.15_it25,,50,200,PGD,0.15,25.0,,42
0.905,0.0,0.0,0.0,0.0054945054945054,1.0,RF,0.5,PGD_eps0.3_it10,,50,200,PGD,0.3,10.0,,42
0.905,0.0,0.0,0.0,0.0054945054945054,1.0,RF,0.5,PGD_eps0.3_it25,,50,200,PGD,0.3,25.0,,42
0.9,0.0,0.0,0.0,0.0109890109890109,1.0,RF,0.5,PGD_eps0.5_it10,,50,200,PGD,0.5,10.0,,42
0.89,0.0,0.0,0.0,0.0219780219780219,1.0,RF,0.5,PGD_eps0.5_it25,,50,200,PGD,0.5,25.0,,42
0.73,0.0,0.0,0.0,0.1978021978021978,1.0,RF,0.5,PGD_eps0.75_it10,,50,200,PGD,0.75,10.0,,42
0.73,0.0,0.0,0.0,0.1978021978021978,1.0,RF,0.5,PGD_eps0.75_it25,,50,200,PGD,0.75,25.0,,42
0.91,0.0,0.0,0.0,0.0,1.0,RF,0.5,CW_c0.0_it10,,50,200,CW,,10.0,0.0,42
0.91,0.0,0.0,0.0,0.0,1.0,RF,0.5,CW_c0.5_it10,,50,200,CW,,10.0,0.5,42
0.94,0.7142857142857143,0.5555555555555556,0.625,0.0219780219780219,0.4444444444444444,MLP,0.5,Clean,0.0018952512741088,50,200,,,,,42
0.505,0.099009900990099,0.5555555555555556,0.1680672268907563,0.5,0.4444444444444444,MLP,0.5,FGSM_eps0.15,,50,200,FGSM,0.15,1.0,,42
0.22,0.0519480519480519,0.4444444444444444,0.0930232558139534,0.8021978021978022,0.5555555555555556,MLP,0.5,FGSM_eps0.3,,50,200,FGSM,0.3,1.0,,42
0.19,0.0443037974683544,0.3888888888888889,0.0795454545454545,0.8296703296703297,0.6111111111111112,MLP,0.5,FGSM_eps0.5,,50,200,FGSM,0.5,1.0,,42
0.18,0.0379746835443038,0.3333333333333333,0.0681818181818181,0.8351648351648352,0.6666666666666666,MLP,0.5,FGSM_eps0.75,,50,200,FGSM,0.75,1.0,,42
0.51,0.1,0.5555555555555556,0.1694915254237288,0.4945054945054945,0.4444444444444444,MLP,0.5,PGD_eps0.15_it10,,50,200,PGD,0.15,10.0,,42
0.505,0.099009900990099,0.5555555555555556,0.1680672268907563,0.5,0.4444444444444444,MLP,0.5,PGD_eps0.15_it25,,50,200,PGD,0.15,25.0,,42
0.205,0.0451612903225806,0.3888888888888889,0.0809248554913294,0.8131868131868132,0.6111111111111112,MLP,0.5,PGD_eps0.3_it10,,50,200,PGD,0.3,10.0,,42
0.215,0.0457516339869281,0.3888888888888889,0.0818713450292397,0.8021978021978022,0.6111111111111112,MLP,0.5,PGD_eps0.3_it25,,50,200,PGD,0.3,25.0,,42
0.19,0.0443037974683544,0.3888888888888889,0.0795454545454545,0.8296703296703297,0.6111111111111112,MLP,0.5,PGD_eps0.5_it10,,50,200,PGD,0.5,10.0,,42
0.19,0.0443037974683544,0.3888888888888889,0.0795454545454545,0.8296703296703297,0.6111111111111112,MLP,0.5,PGD_eps0.5_it25,,50,200,PGD,0.5,25.0,,42
0.175,0.0318471337579617,0.2777777777777778,0.0571428571428571,0.8351648351648352,0.7222222222222222,MLP,0.5,PGD_eps0.75_it10,,50,200,PGD,0.75,10.0,,42
0.175,0.0318471337579617,0.2777777777777778,0.0571428571428571,0.8351648351648352,0.7222222222222222,MLP,0.5,PGD_eps0.75_it25,,50,200,PGD,0.75,25.0,,42
0.765,0.032258064516129,0.0555555555555555,0.0408163265306122,0.1648351648351648,0.9444444444444444,MLP,0.5,CW_c0.0_it10,,50,200,CW,,10.0,0.0,42
0.64,0.0,0.0,0.0,0.2967032967032967,1.0,MLP,0.5,CW_c0.5_it10,,50,200,CW,,10.0,0.5,42
0.88,0.5517241379310345,0.5925925925925926,0.5714285714285714,0.0751445086705202,0.4074074074074074,LR,0.1,Clean,0.0001429212093353,50,200,,,,,7
0.395,0.1492537313432835,0.7407407407407407,0.2484472049689441,0.6589595375722543,0.2592592592592592,LR,0.1,FGSM_eps0.15,,50,200,FGSM,0.15,1.0,,7
0.265,0.0774647887323943,0.4074074074074074,0.1301775147928994,0.7572254335260116,0.5925925925925926,LR,0.1,FGSM_eps0.3,,50,200,FGSM,0.3,1.0,,7
0.185,0.0405405405405405,0.2222222222222222,0.0685714285714285,0.8208092485549133,0.7777777777777778,LR,0.1,FGSM_eps0.5,,50,200,FGSM,0.5,1.0,,7
0.17,0.0397350993377483,0.2222222222222222,0.0674157303370786,0.838150289017341,0.7777777777777778,LR,0.1,FGSM_eps0.75,,50,200,FGSM,0.75,1.0,,7
0.24,0.1212121212121212,0.7407407407407407,0.2083333333333333,0.838150289017341,0.2592592592592592,LR,0.1,PGD_eps0.15_it10,,50,200,PGD,0.15,10.0,,7
0.24,0.1212121212121212,0.7407407407407407,0.2083333333333333,0.838150289017341,0.2592592592592592,LR,0.1,PGD_eps0.15_it25,,50,200,PGD,0.15,25.0,,7
0.205,0.1024096385542168,0.6296296296296297,0.1761658031088082,0.861271676300578,0.3703703703703703,LR,0.1,PGD_eps0.3_it10,,50,200,PGD,0.3,10.0,,7
0.205,0.1024096385542168,0.6296296296296297,0.1761658031088082,0.861271676300578,0.3703703703703703,LR,0.1,PGD_eps0.3_it25,,50,200,PGD,0.3,25.0,,7
0.15,0.050314465408805,0.2962962962962963,0.086021505376344,0.8728323699421965,0.7037037037037037,LR,0.1,PGD_eps0.5_it10,,50,200,PGD,0.5,10.0,,7
0.145,0.0443037974683544,0.2592592592592592,0.0756756756756756,0.8728323699421965,0.7407407407407407,LR,0.1,PGD_eps0.5_it25,,50,200,PGD,0.5,25.0,,7
0.155,0.050632911392405,0.2962962962962963,0.0864864864864864,0.8670520231213873,0.7037037037037037,LR,0.1,PGD_eps0.75_it10,,50,200,PGD,0.75,10.0,,7
0.155,0.05625,0.3333333333333333,0.0962566844919786,0.8728323699421965,0.6666666666666666,LR,0.1,PGD_eps0.75_it25,,50,200,PGD,0.75,25.0,,7
0.6,0.1954022988505747,0.6296296296296297,0.2982456140350877,0.4046242774566474,0.3703703703703703,LR,0.1,CW_c0.0_it10,,50,200,CW,,10.0,0.0,7
0.505,0.160377358490566,0.6296296296296297,0.2556390977443609,0.5144508670520231,0.3703703703703703,LR,0.1,CW_c0.5_it10,,50,200,CW,,10.0,0.5,7
0.895,0.6071428571428571,0.6296296296296297,0.6181818181818182,0.0635838150289017,0.3703703703703703,SVM,0.1,Clean,0.0001479434967041,50,200,,,,,7
0.16,0.0566037735849056,0.3333333333333333,0.0967741935483871,0.8670520231213873,0.6666666666666666,SVM,0.1,FGSM_eps0.15,,50,200,FGSM,0.15,1.0,,7
0.15,0.0445859872611464,0.2592592592592592,0.0760869565217391,0.8670520231213873,0.7407407407407407,SVM,0.1,FGSM_eps0.3,,50,200,FGSM,0.3,1.0,,7
0.15,0.0445859872611464,0.2592592592592592,0.0760869565217391,0.8670520231213873,0.7407407407407407,SVM,0.1,FGSM_eps0.5,,50,200,FGSM,0.5,1.0,,7
0.15,0.0445859872611464,0.2592592592592592,0.0760869565217391,0.8670520231213873,0.7407407407407407,SVM,0.1,FGSM_eps0.75,,50,200,FGSM,0.75,1.0,,7
0.165,0.0625,0.3703703703703703,0.106951871657754,0.8670520231213873,0.6296296296296297,SVM,0.1,PGD_eps0.15_it10,,50,200,PGD,0.15,10.0,,7
0.155,0.050632911392405,0.2962962962962963,0.0864864864864864,0.8670520231213873,0.7037037037037037,SVM,0.1,PGD_eps0.15_it25,,50,200,PGD,0.15,25.0,,7
0.15,0.0445859872611464,0.2592592592592592,0.0760869565217391,0.8670520231213873,0.7407407407407407,SVM,0.1,PGD_eps0.3_it10,,50,200,PGD,0.3,10.0,,7
0.15,0.0445859872611464,0.2592592592592592,0.0760869565217391,0.8670520231213873,0.7407407407407407,SVM,0.1,PGD_eps0.3_it25,,50,200,PGD,0.3,25.0,,7
0.15,0.0445859872611464,0.2592592592592592,0.0760869565217391,0.8670520231213873,0.7407407407407407,SVM,0.1,PGD_eps0.5_it10,,50,200,PGD,0.5,10.0,,7
0.15,0.0445859872611464,0.2592592592592592,0.0760869565217391,0.8670520231213873,0.7407407407407407,SVM,0.1,PGD_eps0.5_it25,,50,200,PGD,0.5,25.0,,7
0.15,0.0445859872611464,0.2592592592592592,0.0760869565217391,0.8670520231213873,0.7407407407407407,SVM,0.1,PGD_eps0.75_it10,,50,200,PGD,0.75,10.0,,7
0.15,0.0445859872611464,0.2592592592592592,0.0760869565217391,0.8670520231213873,0.7407407407407407,SVM,0.1,PGD_eps0.75_it25,,50,200,PGD,0.75,25.0,,7
0.375,0.0545454545454545,0.2222222222222222,0.0875912408759124,0.6011560693641619,0.7777777777777778,SVM,0.1,CW_c0.0_it10,,50,200,CW,,10.0,0.0,7
0.225,0.0492957746478873,0.2592592592592592,0.0828402366863905,0.7803468208092486,0.7407407407407407,SVM,0.1,CW_c0.5_it10,,50,200,CW,,10.0,0.5,7
0.935,1.0,0.5185185185185185,0.6829268292682927,0.0,0.4814814814814814,RF,0.1,Clean,0.0043042635917663,50,200,,,,,7
0.905,0.8333333333333334,0.3703703703703703,0.5128205128205128,0.0115606936416184,0.6296296296296297,RF,0.1,FGSM_eps0.15,,50,200,FGSM,0.15,1.0,,7
0.845,0.375,0.2222222222222222,0.2790697674418604,0.0578034682080924,0.7777777777777778,RF,0.1,FGSM_eps0.3,,50,200,FGSM,0.3,1.0,,7
0.275,0.072463768115942,0.3703703703703703,0.1212121212121212,0.7398843930635838,0.6296296296296297,RF,0.1,FGSM_eps0.5,,50,200,FGSM,0.5,1.0,,7
0.16,0.0566037735849056,0.3333333333333333,0.0967741935483871,0.8670520231213873,0.6666666666666666,RF,0.1,FGSM_eps0.75,,50,200,FGSM,0.75,1.0,,7
0.905,0.9,0.3333333333333333,0.4864864864864865,0.0057803468208092,0.6666666666666666,RF,0.1,PGD_eps0.15_it10,,50,200,PGD,0.15,10.0,,7
0.9,0.8181818181818182,0.3333333333333333,0.4736842105263157,0.0115606936416184,0.6666666666666666,RF,0.1,PGD_eps0.15_it25,,50,200,PGD,0.15,25.0,,7
0.86,0.4444444444444444,0.1481481481481481,0.2222222222222222,0.0289017341040462,0.8518518518518519,RF,0.1,PGD_eps0.3_it10,,50,200,PGD,0.3,10.0,,7
0.86,0.4444444444444444,0.1481481481481481,0.2222222222222222,0.0289017341040462,0.8518518518518519,RF,0.1,PGD_eps0.3_it25,,50,200,PGD,0.3,25.0,,7
0.56,0.1038961038961039,0.2962962962962963,0.1538461538461538,0.3988439306358382,0.7037037037037037,RF,0.1,PGD_eps0.5_it10,,50,200,PGD,0.5,10.0,,7
0.54,0.0666666666666666,0.1851851851851851,0.0980392156862745,0.4046242774566474,0.8148148148148148,RF,0.1,PGD_eps0.5_it25,,50,200,PGD,0.5,25.0,,7
0.15,0.0445859872611464,0.2592592592592592,0.0760869565217391,0.8670520231213873,0.7407407407407407,RF,0.1,PGD_eps0.75_it10,,50,200,PGD,0.75,10.0,,7
0.155,0.050632911392405,0.2962962962962963,0.0864864864864864,0.8670520231213873,0.7037037037037037,RF,0.1,PGD_eps0.75_it25,,50,200,PGD,0.75,25.0,,7
0.895,1.0,0.2222222222222222,0.3636363636363636,0.0,0.7777777777777778,RF,0.1,CW_c0.0_it10,,50,200,CW,,10.0,0.0,7
0.89,1.0,0.1851851851851851,0.3125,0.0,0.8148148148148148,RF,0.1,CW_c0.5_it10,,50,200,CW,,10.0,0.5,7
0.86,0.4864864864864865,0.6666666666666666,0.5625,0.1098265895953757,0.3333333333333333,MLP,0.1,Clean,0.0019652938842773,50,200,,,,,7
0.19,0.0909090909090909,0.5555555555555556,0.15625,0.8670520231213873,0.4444444444444444,MLP,0.1,FGSM_eps0.15,,50,200,FGSM,0.15,1.0,,7
0.16,0.0566037735849056,0.3333333333333333,0.0967741935483871,0.8670520231213873,0.6666666666666666,MLP,0.1,FGSM_eps0.3,,50,200,FGSM,0.3,1.0,,7
0.15,0.0445859872611464,0.2592592592592592,0.0760869565217391,0.8670520231213873,0.7407407407407407,MLP,0.1,FGSM_eps0.5,,50,200,FGSM,0.5,1.0,,7
0.15,0.0445859872611464,0.2592592592592592,0.0760869565217391,0.8670520231213873,0.7407407407407407,MLP,0.1,FGSM_eps0.75,,50,200,FGSM,0.75,1.0,,7
0.185,0.0853658536585365,0.5185185185185185,0.1465968586387434,0.8670520231213873,0.4814814814814814,MLP,0.1,PGD_eps0.15_it10,,50,200,PGD,0.15,10.0,,7
0.185,0.0853658536585365,0.5185185185185185,0.1465968586387434,0.8670520231213873,0.4814814814814814,MLP,0.1,PGD_eps0.15_it25,,50,200,PGD,0.15,25.0,,7
0.15,0.0445859872611464,0.2592592592592592,0.0760869565217391,0.8670520231213873,0.7407407407407407,MLP,0.1,PGD_eps0.3_it10,,50,200,PGD,0.3,10.0,,7
0.15,0.0445859872611464,0.2592592592592592,0.0760869565217391,0.8670520231213873,0.7407407407407407,MLP,0.1,PGD_eps0.3_it25,,50,200,PGD,0.3,25.0,,7
0.15,0.0445859872611464,0.2592592592592592,0.0760869565217391,0.8670520231213873,0.7407407407407407,MLP,0.1,PGD_eps0.5_it10,,50,200,PGD,0.5,10.0,,7
0.15,0.0445859872611464,0.2592592592592592,0.0760869565217391,0.8670520231213873,0.7407407407407407,MLP,0.1,PGD_eps0.5_it25,,50,200,PGD,0.5,25.0,,7
0.15,0.0445859872611464,0.2592592592592592,0.0760869565217391,0.8670520231213873,0.7407407407407407,MLP,0.1,PGD_eps0.75_it10,,50,200,PGD,0.75,10.0,,7
0.15,0.0445859872611464,0.2592592592592592,0.0760869565217391,0.8670520231213873,0.7407407407407407,MLP,0.1,PGD_eps0.75_it25,,50,200,PGD,0.75,25.0,,7
0.41,0.0404040404040404,0.1481481481481481,0.0634920634920634,0.5491329479768786,0.8518518518518519,MLP,0.1,CW_c0.0_it10,,50,200,CW,,10.0,0.0,7
0.15,0.0445859872611464,0.2592592592592592,0.0760869565217391,0.8670520231213873,0.7407407407407407,MLP,0.1,CW_c0.5_it10,,50,200,CW,,10.0,0.5,7
0.87,0.5151515151515151,0.6296296296296297,0.5666666666666667,0.0924855491329479,0.3703703703703703,LR,0.25,Clean,0.0001399779319763,50,200,,,,,7
0.38,0.1353383458646616,0.6666666666666666,0.225,0.6647398843930635,0.3333333333333333,LR,0.25,FGSM_eps0.15,,50,200,FGSM,0.15,1.0,,7
0.275,0.0785714285714285,0.4074074074074074,0.1317365269461078,0.7456647398843931,0.5925925925925926,LR,0.25,FGSM_eps0.3,,50,200,FGSM,0.3,1.0,,7
0.19,0.0408163265306122,0.2222222222222222,0.0689655172413793,0.815028901734104,0.7777777777777778,LR,0.25,FGSM_eps0.5,,50,200,FGSM,0.5,1.0,,7
0.18,0.0402684563758389,0.2222222222222222,0.0681818181818181,0.8265895953757225,0.7777777777777778,LR,0.25,FGSM_eps0.75,,50,200,FGSM,0.75,1.0,,7
0.245,0.1265060240963855,0.7777777777777778,0.2176165803108808,0.838150289017341,0.2222222222222222,LR,0.25,PGD_eps0.15_it10,,50,200,PGD,0.15,10.0,,7
0.235,0.1204819277108433,0.7407407407407407,0.2072538860103626,0.8439306358381503,0.2592592592592592,LR,0.25,PGD_eps0.15_it25,,50,200,PGD,0.15,25.0,,7
0.205,0.1024096385542168,0.6296296296296297,0.1761658031088082,0.861271676300578,0.3703703703703703,LR,0.25,PGD_eps0.3_it10,,50,200,PGD,0.3,10.0,,7
0.2,0.0969696969696969,0.5925925925925926,0.1666666666666666,0.861271676300578,0.4074074074074074,LR,0.25,PGD_eps0.3_it25,,50,200,PGD,0.3,25.0,,7
0.15,0.050314465408805,0.2962962962962963,0.086021505376344,0.8728323699421965,0.7037037037037037,LR,0.25,PGD_eps0.5_it10,,50,200,PGD,0.5,10.0,,7
0.145,0.0443037974683544,0.2592592592592592,0.0756756756756756,0.8728323699421965,0.7407407407407407,LR,0.25,PGD_eps0.5_it25,,50,200,PGD,0.5,25.0,,7
0.155,0.050632911392405,0.2962962962962963,0.0864864864864864,0.8670520231213873,0.7037037037037037,LR,0.25,PGD_eps0.75_it10,,50,200,PGD,0.75,10.0,,7
0.155,0.05625,0.3333333333333333,0.0962566844919786,0.8728323699421965,0.6666666666666666,LR,0.25,PGD_eps0.75_it25,,50,200,PGD,0.75,25.0,,7
0.665,0.2368421052631578,0.6666666666666666,0.3495145631067961,0.3352601156069364,0.3333333333333333,LR,0.25,CW_c0.0_it10,,50,200,CW,,10.0,0.0,7
0.53,0.1869158878504672,0.7407407407407407,0.2985074626865671,0.5028901734104047,0.2592592592592592,LR,0.25,CW_c0.5_it10,,50,200,CW,,10.0,0.5,7
0.855,0.4705882352941176,0.5925925925925926,0.5245901639344263,0.1040462427745664,0.4074074074074074,SVM,0.25,Clean,0.000137847661972,50,200,,,,,7
0.165,0.0625,0.3703703703703703,0.106951871657754,0.8670520231213873,0.6296296296296297,SVM,0.25,FGSM_eps0.15,,50,200,FGSM,0.15,1.0,,7
0.15,0.0445859872611464,0.2592592592592592,0.0760869565217391,0.8670520231213873,0.7407407407407407,SVM,0.25,FGSM_eps0.3,,50,200,FGSM,0.3,1.0,,7
0.15,0.0445859872611464,0.2592592592592592,0.0760869565217391,0.8670520231213873,0.7407407407407407,SVM,0.25,FGSM_eps0.5,,50,200,FGSM,0.5,1.0,,7
0.15,0.0445859872611464,0.2592592592592592,0.0760869565217391,0.8670520231213873,0.7407407407407407,SVM,0.25,FGSM_eps0.75,,50,200,FGSM,0.75,1.0,,7
0.165,0.0569620253164556,0.3333333333333333,0.0972972972972973,0.861271676300578,0.6666666666666666,SVM,0.25,PGD_eps0.15_it10,,50,200,PGD,0.15,10.0,,7
0.165,0.0625,0.3703703703703703,0.106951871657754,0.8670520231213873,0.6296296296296297,SVM,0.25,PGD_eps0.15_it25,,50,200,PGD,0.15,25.0,,7
0.15,0.0445859872611464,0.2592592592592592,0.0760869565217391,0.8670520231213873,0.7407407407407407,SVM,0.25,PGD_eps0.3_it10,,50,200,PGD,0.3,10.0,,7
0.15,0.0445859872611464,0.2592592592592592,0.0760869565217391,0.8670520231213873,0.7407407407407407,SVM,0.25,PGD_eps0.3_it25,,50,200,PGD,0.3,25.0,,7
0.15,0.0445859872611464,0.2592592592592592,0.0760869565217391,0.8670520231213873,0.7407407407407407,SVM,0.25,PGD_eps0.5_it10,,50,200,PGD,0.5,10.0,,7
0.15,0.0445859872611464,0.2592592592592592,0.0760869565217391,0.8670520231213873,0.7407407407407407,SVM,0.25,PGD_eps0.5_it25,,50,200,PGD,0.5,25.0,,7
0.15,0.0445859872611464,0.2592592592592592,0.0760869565217391,0.8670520231213873,0.7407407407407407,SVM,0.25,PGD_eps0.75_it10,,50,200,PGD,0.75,10.0,,7
0.15,0.0445859872611464,0.2592592592592592,0.0760869565217391,0.8670520231213873,0.7407407407407407,SVM,0.25,PGD_eps0.75_it25,,50,200,PGD,0.75,25.0,,7
0.405,0.074074074074074,0.2962962962962963,0.1185185185185185,0.5780346820809249,0.7037037037037037,SVM,0.25,CW_c0.0_it10,,50,200,CW,,10.0,0.0,7
0.235,0.05,0.2592592592592592,0.0838323353293413,0.7687861271676301,0.7407407407407407,SVM,0.25,CW_c0.5_it10,,50,200,CW,,10.0,0.5,7
0.935,1.0,0.5185185185185185,0.6829268292682927,0.0,0.4814814814814814,RF,0.25,Clean,0.0045316898822784,50,200,,,,,7
0.91,1.0,0.3333333333333333,0.5,0.0,0.6666666666666666,RF,0.25,FGSM_eps0.15,,50,200,FGSM,0.15,1.0,,7
0.855,0.4166666666666667,0.1851851851851851,0.2564102564102564,0.0404624277456647,0.8148148148148148,RF,0.25,FGSM_eps0.3,,50,200,FGSM,0.3,1.0,,7
0.295,0.0746268656716417,0.3703703703703703,0.124223602484472,0.7167630057803468,0.6296296296296297,RF,0.25,FGSM_eps0.5,,50,200,FGSM,0.5,1.0,,7
0.15,0.0445859872611464,0.2592592592592592,0.0760869565217391,0.8670520231213873,0.7407407407407407,RF,0.25,FGSM_eps0.75,,50,200,FGSM,0.75,1.0,,7
0.895,1.0,0.2222222222222222,0.3636363636363636,0.0,0.7777777777777778,RF,0.25,PGD_eps0.15_it10,,50,200,PGD,0.15,10.0,,7
0.905,1.0,0.2962962962962963,0.4571428571428571,0.0,0.7037037037037037,RF,0.25,PGD_eps0.15_it25,,50,200,PGD,0.15,25.0,,7
0.86,0.4444444444444444,0.1481481481481481,0.2222222222222222,0.0289017341040462,0.8518518518518519,RF,0.25,PGD_eps0.3_it10,,50,200,PGD,0.3,10.0,,7
0.865,0.5,0.1481481481481481,0.2285714285714285,0.0231213872832369,0.8518518518518519,RF,0.25,PGD_eps0.3_it25,,50,200,PGD,0.3,25.0,,7
0.595,0.0909090909090909,0.2222222222222222,0.1290322580645161,0.3468208092485549,0.7777777777777778,RF,0.25,PGD_eps0.5_it10,,50,200,PGD,0.5,10.0,,7
0.59,0.0769230769230769,0.1851851851851851,0.108695652173913,0.3468208092485549,0.8148148148148148,RF,0.25,PGD_eps0.5_it25,,50,200,PGD,0.5,25.0,,7
0.15,0.0445859872611464,0.2592592592592592,0.0760869565217391,0.8670520231213873,0.7407407407407407,RF,0.25,PGD_eps0.75_it10,,50,200,PGD,0.75,10.0,,7
0.155,0.0448717948717948,0.2592592592592592,0.0765027322404371,0.861271676300578,0.7407407407407407,RF,0.25,PGD_eps0.75_it25,,50,200,PGD,0.75,25.0,,7
0.875,1.0,0.074074074074074,0.1379310344827586,0.0,0.925925925925926,RF,0.25,CW_c0.0_it10,,50,200,CW,,10.0,0.0,7
0.875,1.0,0.074074074074074,0.1379310344827586,0.0,0.925925925925926,RF,0.25,CW_c0.5_it10,,50,200,CW,,10.0,0.5,7
0.9,0.6206896551724138,0.6666666666666666,0.6428571428571429,0.0635838150289017,0.3333333333333333,MLP,0.25,Clean,0.0019063937664031,50,200,,,,,7
0.185,0.0853658536585365,0.5185185185185185,0.1465968586387434,0.8670520231213873,0.4814814814814814,MLP,0.25,FGSM_eps0.15,,50,200,FGSM,0.15,1.0,,7
0.16,0.0566037735849056,0.3333333333333333,0.0967741935483871,0.8670520231213873,0.6666666666666666,MLP,0.25,FGSM_eps0.3,,50,200,FGSM,0.3,1.0,,7
0.15,0.0445859872611464,0.2592592592592592,0.0760869565217391,0.8670520231213873,0.7407407407407407,MLP,0.25,FGSM_eps0.5,,50,200,FGSM,0.5,1.0,,7
0.15,0.0445859872611464,0.2592592592592592,0.0760869565217391,0.8670520231213873,0.7407407407407407,MLP,0.25,FGSM_eps0.75,,50,200,FGSM,0.75,1.0,,7
0.185,0.0853658536585365,0.5185185185185185,0.1465968586387434,0.8670520231213873,0.4814814814814814,MLP,0.25,PGD_eps0.15_it10,,50,200,PGD,0.15,10.0,,7
0.185,0.0853658536585365,0.5185185185185185,0.1465968586387434,0.8670520231213873,0.4814814814814814,MLP,0.25,PGD_eps0.15_it25,,50,200,PGD,0.15,25.0,,7
0.15,0.0445859872611464,0.2592592592592592,0.0760869565217391,0.8670520231213873,0.7407407407407407,MLP,0.25,PGD_eps0.3_it10,,50,200,PGD,0.3,10.0,,7
0.15,0.0445859872611464,0.2592592592592592,0.0760869565217391,0.8670520231213873,0.7407407407407407,MLP,0.25,PGD_eps0.3_it25,,50,200,PGD,0.3,25.0,,7
0.15,0.0445859872611464,0.2592592592592592,0.0760869565217391,0.8670520231213873,0.7407407407407407,MLP,0.25,PGD_eps0.5_it10,,50,200,PGD,0.5,10.0,,7
0.15,0.0445859872611464,0.2592592592592592,0.0760869565217391,0.8670520231213873,0.7407407407407407,MLP,0.25,PGD_eps0.5_it25,,50,200,PGD,0.5,25.0,,7
0.15,0.0445859872611464,0.2592592592592592,0.0760869565217391,0.8670520231213873,0.7407407407407407,MLP,0.25,PGD_eps0.75_it10,,50,200,PGD,0.75,10.0,,7
0.15,0.0445859872611464,0.2592592592592592,0.0760869565217391,0.8670520231213873,0.7407407407407407,MLP,0.25,PGD_eps0.75_it25,,50,200,PGD,0.75,25.0,,7
0.625,0.0555555555555555,0.1111111111111111,0.074074074074074,0.2947976878612717,0.8888888888888888,MLP,0.25,CW_c0.0_it10,,50,200,CW,,10.0,0.0,7
0.36,0.036697247706422,0.1481481481481481,0.0588235294117647,0.6069364161849711,0.8518518518518519,MLP,0.25,CW_c0.5_it10,,50,200,CW,,10.0,0.5,7
0.85,0.4594594594594595,0.6296296296296297,0.53125,0.1156069364161849,0.3703703703703703,LR,0.5,Clean,0.0001437485218048,50,200,,,,,7
0.365,0.1323529411764706,0.6666666666666666,0.2208588957055214,0.6820809248554913,0.3333333333333333,LR,0.5,FGSM_eps0.15,,50,200,FGSM,0.15,1.0,,7
0.27,0.0656934306569343,0.3333333333333333,0.1097560975609756,0.7398843930635838,0.6666666666666666,LR,0.5,FGSM_eps0.3,,50,200,FGSM,0.3,1.0,,7
0.19,0.0408163265306122,0.2222222222222222,0.0689655172413793,0.815028901734104,0.7777777777777778,LR,0.5,FGSM_eps0.5,,50,200,FGSM,0.5,1.0,,7
0.175,0.04,0.2222222222222222,0.0677966101694915,0.8323699421965318,0.7777777777777778,LR,0.5,FGSM_eps0.75,,50,200,FGSM,0.75,1.0,,7
0.25,0.1180124223602484,0.7037037037037037,0.202127659574468,0.8208092485549133,0.2962962962962963,LR,0.5,PGD_eps0.15_it10,,50,200,PGD,0.15,10.0,,7
0.235,0.1158536585365853,0.7037037037037037,0.1989528795811518,0.838150289017341,0.2962962962962963,LR,0.5,PGD_eps0.15_it25,,50,200,PGD,0.15,25.0,,7
0.19,0.0858895705521472,0.5185185185185185,0.1473684210526315,0.861271676300578,0.4814814814814814,LR,0.5,PGD_eps0.3_it10,,50,200,PGD,0.3,10.0,,7
0.2,0.0969696969696969,0.5925925925925926,0.1666666666666666,0.861271676300578,0.4074074074074074,LR,0.5,PGD_eps0.3_it25,,50,200,PGD,0.3,25.0,,7
0.155,0.050632911392405,0.2962962962962963,0.0864864864864864,0.8670520231213873,0.7037037037037037,LR,0.5,PGD_eps0.5_it10,,50,200,PGD,0.5,10.0,,7
0.145,0.0443037974683544,0.2592592592592592,0.0756756756756756,0.8728323699421965,0.7407407407407407,LR,0.5,PGD_eps0.5_it25,,50,200,PGD,0.5,25.0,,7
0.155,0.050632911392405,0.2962962962962963,0.0864864864864864,0.8670520231213873,0.7037037037037037,LR,0.5,PGD_eps0.75_it10,,50,200,PGD,0.75,10.0,,7
0.15,0.050314465408805,0.2962962962962963,0.086021505376344,0.8728323699421965,0.7037037037037037,LR,0.5,PGD_eps0.75_it25,,50,200,PGD,0.75,25.0,,7
0.575,0.1979166666666666,0.7037037037037037,0.3089430894308943,0.4450867052023121,0.2962962962962963,LR,0.5,CW_c0.0_it10,,50,200,CW,,10.0,0.0,7
0.5,0.1588785046728972,0.6296296296296297,0.2537313432835821,0.5202312138728323,0.3703703703703703,LR,0.5,CW_c0.5_it10,,50,200,CW,,10.0,0.5,7
0.8,0.3773584905660377,0.7407407407407407,0.5,0.1907514450867052,0.2592592592592592,SVM,0.5,Clean,0.0001379644870758,50,200,,,,,7
0.175,0.0632911392405063,0.3703703703703703,0.1081081081081081,0.8554913294797688,0.6296296296296297,SVM,0.5,FGSM_eps0.15,,50,200,FGSM,0.15,1.0,,7
0.15,0.0445859872611464,0.2592592592592592,0.0760869565217391,0.8670520231213873,0.7407407407407407,SVM,0.5,FGSM_eps0.3,,50,200,FGSM,0.3,1.0,,7
0.15,0.0445859872611464,0.2592592592592592,0.0760869565217391,0.8670520231213873,0.7407407407407407,SVM,0.5,FGSM_eps0.5,,50,200,FGSM,0.5,1.0,,7
0.15,0.0445859872611464,0.2592592592592592,0.0760869565217391,0.8670520231213873,0.7407407407407407,SVM,0.5,FGSM_eps0.75,,50,200,FGSM,0.75,1.0,,7
0.17,0.0683229813664596,0.4074074074074074,0.1170212765957446,0.8670520231213873,0.5925925925925926,SVM,0.5,PGD_eps0.15_it10,,50,200,PGD,0.15,10.0,,7
0.165,0.0625,0.3703703703703703,0.106951871657754,0.8670520231213873,0.6296296296296297,SVM,0.5,PGD_eps0.15_it25,,50,200,PGD,0.15,25.0,,7
0.15,0.0445859872611464,0.2592592592592592,0.0760869565217391,0.8670520231213873,0.7407407407407407,SVM,0.5,PGD_eps0.3_it10,,50,200,PGD,0.3,10.0,,7
0.15,0.0445859872611464,0.2592592592592592,0.0760869565217391,0.8670520231213873,0.7407407407407407,SVM,0.5,PGD_eps0.3_it25,,50,200,PGD,0.3,25.0,,7
0.15,0.0445859872611464,0.2592592592592592,0.0760869565217391,0.8670520231213873,0.7407407407407407,SVM,0.5,PGD_eps0.5_it10,,50,200,PGD,0.5,10.0,,7
0.15,0.0445859872611464,0.2592592592592592,0.0760869565217391,0.8670520231213873,0.7407407407407407,SVM,0.5,PGD_eps0.5_it25,,50,200,PGD,0.5,25.0,,7
0.15,0.0445859872611464,0.2592592592592592,0.0760869565217391,0.8670520231213873,0.7407407407407407,SVM,0.5,PGD_eps0.75_it10,,50,200,PGD,0.75,10.0,,7
0.15,0.0445859872611464,0.2592592592592592,0.0760869565217391,0.8670520231213873,0.7407407407407407,SVM,0.5,PGD_eps0.75_it25,,50,200,PGD,0.75,25.0,,7
0.37,0.0458715596330275,0.1851851851851851,0.0735294117647058,0.6011560693641619,0.8148148148148148,SVM,0.5,CW_c0.0_it10,,50,200,CW,,10.0,0.0,7
0.29,0.0472440944881889,0.2222222222222222,0.0779220779220779,0.6994219653179191,0.7777777777777778,SVM,0.5,CW_c0.5_it10,,50,200,CW,,10.0,0.5,7
0.915,1.0,0.3703703703703703,0.5405405405405406,0.0,0.6296296296296297,RF,0.5,Clean,0.0044279873371124,50,200,,,,,7
0.89,1.0,0.1851851851851851,0.3125,0.0,0.8148148148148148,RF,0.5,FGSM_eps0.15,,50,200,FGSM,0.15,1.0,,7
0.885,0.8333333333333334,0.1851851851851851,0.303030303030303,0.0057803468208092,0.8148148148148148,RF,0.5,FGSM_eps0.3,,50,200,FGSM,0.3,1.0,,7
0.53,0.0864197530864197,0.2592592592592592,0.1296296296296296,0.4277456647398844,0.7407407407407407,RF,0.5,FGSM_eps0.5,,50,200,FGSM,0.5,1.0,,7
0.2,0.0413793103448275,0.2222222222222222,0.0697674418604651,0.8034682080924855,0.7777777777777778,RF,0.5,FGSM_eps0.75,,50,200,FGSM,0.75,1.0,,7
0.885,1.0,0.1481481481481481,0.2580645161290322,0.0,0.8518518518518519,RF,0.5,PGD_eps0.15_it10,,50,200,PGD,0.15,10.0,,7
0.89,1.0,0.1851851851851851,0.3125,0.0,0.8148148148148148,RF,0.5,PGD_eps0.15_it25,,50,200,PGD,0.15,25.0,,7
0.875,0.75,0.1111111111111111,0.1935483870967742,0.0057803468208092,0.8888888888888888,RF,0.5,PGD_eps0.3_it10,,50,200,PGD,0.3,10.0,,7
0.88,1.0,0.1111111111111111,0.2,0.0,0.8888888888888888,RF,0.5,PGD_eps0.3_it25,,50,200,PGD,0.3,25.0,,7
0.805,0.1666666666666666,0.1111111111111111,0.1333333333333333,0.0867052023121387,0.8888888888888888,RF,0.5,PGD_eps0.5_it10,,50,200,PGD,0.5,10.0,,7
0.78,0.0526315789473684,0.037037037037037,0.0434782608695652,0.1040462427745664,0.9629629629629628,RF,0.5,PGD_eps0.5_it25,,50,200,PGD,0.5,25.0,,7
0.185,0.0405405405405405,0.2222222222222222,0.0685714285714285,0.8208092485549133,0.7777777777777778,RF,0.5,PGD_eps0.75_it10,,50,200,PGD,0.75,10.0,,7
0.2,0.0349650349650349,0.1851851851851851,0.0588235294117647,0.7976878612716763,0.8148148148148148,RF,0.5,PGD_eps0.75_it25,,50,200,PGD,0.75,25.0,,7
0.865,0.0,0.0,0.0,0.0,1.0,RF,0.5,CW_c0.0_it10,,50,200,CW,,10.0,0.0,7
0.865,0.0,0.0,0.0,0.0,1.0,RF,0.5,CW_c0.5_it10,,50,200,CW,,10.0,0.5,7
0.93,0.8823529411764706,0.5555555555555556,0.6818181818181818,0.0115606936416184,0.4444444444444444,MLP,0.5,Clean,0.0020534121990203,50,200,,,,,7
0.195,0.0914634146341463,0.5555555555555556,0.1570680628272251,0.861271676300578,0.4444444444444444,MLP,0.5,FGSM_eps0.15,,50,200,FGSM,0.15,1.0,,7
0.155,0.050632911392405,0.2962962962962963,0.0864864864864864,0.8670520231213873,0.7037037037037037,MLP,0.5,FGSM_eps0.3,,50,200,FGSM,0.3,1.0,,7
0.15,0.0445859872611464,0.2592592592592592,0.0760869565217391,0.8670520231213873,0.7407407407407407,MLP,0.5,FGSM_eps0.5,,50,200,FGSM,0.5,1.0,,7
0.15,0.0445859872611464,0.2592592592592592,0.0760869565217391,0.8670520231213873,0.7407407407407407,MLP,0.5,FGSM_eps0.75,,50,200,FGSM,0.75,1.0,,7
0.185,0.0853658536585365,0.5185185185185185,0.1465968586387434,0.8670520231213873,0.4814814814814814,MLP,0.5,PGD_eps0.15_it10,,50,200,PGD,0.15,10.0,,7
0.18,0.0797546012269938,0.4814814814814814,0.1368421052631579,0.8670520231213873,0.5185185185185185,MLP,0.5,PGD_eps0.15_it25,,50,200,PGD,0.15,25.0,,7
0.15,0.0445859872611464,0.2592592592592592,0.0760869565217391,0.8670520231213873,0.7407407407407407,MLP,0.5,PGD_eps0.3_it10,,50,200,PGD,0.3,10.0,,7
0.15,0.0445859872611464,0.2592592592592592,0.0760869565217391,0.8670520231213873,0.7407407407407407,MLP,0.5,PGD_eps0.3_it25,,50,200,PGD,0.3,25.0,,7
0.15,0.0445859872611464,0.2592592592592592,0.0760869565217391,0.8670520231213873,0.7407407407407407,MLP,0.5,PGD_eps0.5_it10,,50,200,PGD,0.5,10.0,,7
0.15,0.0445859872611464,0.2592592592592592,0.0760869565217391,0.8670520231213873,0.7407407407407407,MLP,0.5,PGD_eps0.5_it25,,50,200,PGD,0.5,25.0,,7
0.15,0.0445859872611464,0.2592592592592592,0.0760869565217391,0.8670520231213873,0.7407407407407407,MLP,0.5,PGD_eps0.75_it10,,50,200,PGD,0.75,10.0,,7
0.15,0.0445859872611464,0.2592592592592592,0.0760869565217391,0.8670520231213873,0.7407407407407407,MLP,0.5,PGD_eps0.75_it25,,50,200,PGD,0.75,25.0,,7
0.735,0.0357142857142857,0.037037037037037,0.0363636363636363,0.1560693641618497,0.9629629629629628,MLP,0.5,CW_c0.0_it10,,50,200,CW,,10.0,0.0,7
0.65,0.0222222222222222,0.037037037037037,0.0277777777777777,0.2543352601156069,0.9629629629629628,MLP,0.5,CW_c0.5_it10,,50,200,CW,,10.0,0.5,7
0.925,0.782608695652174,0.6428571428571429,0.7058823529411765,0.0290697674418604,0.3571428571428571,LR,0.1,Clean,0.0001248264312744,50,200,,,,,123
0.29,0.12,0.6428571428571429,0.2022471910112359,0.7674418604651163,0.3571428571428571,LR,0.1,FGSM_eps0.15,,50,200,FGSM,0.15,1.0,,123
0.195,0.1065088757396449,0.6428571428571429,0.182741116751269,0.877906976744186,0.3571428571428571,LR,0.1,FGSM_eps0.3,,50,200,FGSM,0.3,1.0,,123
0.17,0.0892857142857142,0.5357142857142857,0.1530612244897959,0.8895348837209303,0.4642857142857143,LR,0.1,FGSM_eps0.5,,50,200,FGSM,0.5,1.0,,123
0.155,0.0778443113772455,0.4642857142857143,0.1333333333333333,0.8953488372093024,0.5357142857142857,LR,0.1,FGSM_eps0.75,,50,200,FGSM,0.75,1.0,,123
0.265,0.1161290322580645,0.6428571428571429,0.1967213114754098,0.7965116279069767,0.3571428571428571,LR,0.1,PGD_eps0.15_it10,,50,200,PGD,0.15,10.0,,123
0.255,0.1146496815286624,0.6428571428571429,0.1945945945945946,0.8081395348837209,0.3571428571428571,LR,0.1,PGD_eps0.15_it25,,50,200,PGD,0.15,25.0,,123
0.2,0.1024096385542168,0.6071428571428571,0.1752577319587628,0.8662790697674418,0.3928571428571428,LR,0.1,PGD_eps0.3_it10,,50,200,PGD,0.3,10.0,,123
0.205,0.103030303030303,0.6071428571428571,0.1761658031088082,0.8604651162790697,0.3928571428571428,LR,0.1,PGD_eps0.3_it25,,50,200,PGD,0.3,25.0,,123
0.15,0.0773809523809523,0.4642857142857143,0.1326530612244898,0.9011627906976744,0.5357142857142857,LR,0.1,PGD_eps0.5_it10,,50,200,PGD,0.5,10.0,,123
0.14,0.0662650602409638,0.3928571428571428,0.1134020618556701,0.9011627906976744,0.6071428571428571,LR,0.1,PGD_eps0.5_it25,,50,200,PGD,0.5,25.0,,123
0.115,0.0372670807453416,0.2142857142857142,0.0634920634920634,0.9011627906976744,0.7857142857142857,LR,0.1,PGD_eps0.75_it10,,50,200,PGD,0.75,10.0,,123
0.115,0.0372670807453416,0.2142857142857142,0.0634920634920634,0.9011627906976744,0.7857142857142857,LR,0.1,PGD_eps0.75_it25,,50,200,PGD,0.75,25.0,,123
0.425,0.1150442477876106,0.4642857142857143,0.1843971631205673,0.5813953488372093,0.5357142857142857,LR,0.1,CW_c0.0_it10,,50,200,CW,,10.0,0.0,123
0.34,0.1119402985074626,0.5357142857142857,0.1851851851851851,0.6918604651162791,0.4642857142857143,LR,0.1,CW_c0.5_it10,,50,200,CW,,10.0,0.5,123
0.915,0.7391304347826086,0.6071428571428571,0.6666666666666666,0.0348837209302325,0.3928571428571428,SVM,0.1,Clean,0.0001298260688781,50,200,,,,,123
0.135,0.0606060606060606,0.3571428571428571,0.1036269430051813,0.9011627906976744,0.6428571428571429,SVM,0.1,FGSM_eps0.15,,50,200,FGSM,0.15,1.0,,123
0.105,0.0251572327044025,0.1428571428571428,0.0427807486631016,0.9011627906976744,0.8571428571428571,SVM,0.1,FGSM_eps0.3,,50,200,FGSM,0.3,1.0,,123
0.105,0.0251572327044025,0.1428571428571428,0.0427807486631016,0.9011627906976744,0.8571428571428571,SVM,0.1,FGSM_eps0.5,,50,200,FGSM,0.5,1.0,,123
0.1,0.0189873417721519,0.1071428571428571,0.032258064516129,0.9011627906976744,0.8928571428571429,SVM,0.1,FGSM_eps0.75,,50,200,FGSM,0.75,1.0,,123
0.14,0.0609756097560975,0.3571428571428571,0.1041666666666666,0.8953488372093024,0.6428571428571429,SVM,0.1,PGD_eps0.15_it10,,50,200,PGD,0.15,10.0,,123
0.135,0.0606060606060606,0.3571428571428571,0.1036269430051813,0.9011627906976744,0.6428571428571429,SVM,0.1,PGD_eps0.15_it25,,50,200,PGD,0.15,25.0,,123
0.1,0.0189873417721519,0.1071428571428571,0.032258064516129,0.9011627906976744,0.8928571428571429,SVM,0.1,PGD_eps0.3_it10,,50,200,PGD,0.3,10.0,,123
0.1,0.0189873417721519,0.1071428571428571,0.032258064516129,0.9011627906976744,0.8928571428571429,SVM,0.1,PGD_eps0.3_it25,,50,200,PGD,0.3,25.0,,123
0.1,0.0189873417721519,0.1071428571428571,0.032258064516129,0.9011627906976744,0.8928571428571429,SVM,0.1,PGD_eps0.5_it10,,50,200,PGD,0.5,10.0,,123
0.1,0.0189873417721519,0.1071428571428571,0.032258064516129,0.9011627906976744,0.8928571428571429,SVM,0.1,PGD_eps0.5_it25,,50,200,PGD,0.5,25.0,,123
0.1,0.0189873417721519,0.1071428571428571,0.032258064516129,0.9011627906976744,0.8928571428571429,SVM,0.1,PGD_eps0.75_it10,,50,200,PGD,0.75,10.0,,123
0.1,0.0189873417721519,0.1071428571428571,0.032258064516129,0.9011627906976744,0.8928571428571429,SVM,0.1,PGD_eps0.75_it25,,50,200,PGD,0.75,25.0,,123
0.275,0.032,0.1428571428571428,0.0522875816993464,0.7034883720930233,0.8571428571428571,SVM,0.1,CW_c0.0_it10,,50,200,CW,,10.0,0.0,123
0.145,0.0264900662251655,0.1428571428571428,0.0446927374301676,0.8546511627906976,0.8571428571428571,SVM,0.1,CW_c0.5_it10,,50,200,CW,,10.0,0.5,123
0.925,1.0,0.4642857142857143,0.6341463414634146,0.0,0.5357142857142857,RF,0.1,Clean,0.0042942357063293,50,200,,,,,123
0.85,0.0,0.0,0.0,0.0116279069767441,1.0,RF,0.1,FGSM_eps0.15,,50,200,FGSM,0.15,1.0,,123
0.83,0.0,0.0,0.0,0.0348837209302325,1.0,RF,0.1,FGSM_eps0.3,,50,200,FGSM,0.3,1.0,,123
0.745,0.04,0.0357142857142857,0.0377358490566037,0.1395348837209302,0.9642857142857144,RF,0.1,FGSM_eps0.5,,50,200,FGSM,0.5,1.0,,123
0.26,0.0161290322580645,0.0714285714285714,0.0263157894736842,0.7093023255813954,0.9285714285714286,RF,0.1,FGSM_eps0.75,,50,200,FGSM,0.75,1.0,,123
0.85,0.0,0.0,0.0,0.0116279069767441,1.0,RF,0.1,PGD_eps0.15_it10,,50,200,PGD,0.15,10.0,,123
0.85,0.0,0.0,0.0,0.0116279069767441,1.0,RF,0.1,PGD_eps0.15_it25,,50,200,PGD,0.15,25.0,,123
0.84,0.0,0.0,0.0,0.0232558139534883,1.0,RF,0.1,PGD_eps0.3_it10,,50,200,PGD,0.3,10.0,,123
0.84,0.0,0.0,0.0,0.0232558139534883,1.0,RF,0.1,PGD_eps0.3_it25,,50,200,PGD,0.3,25.0,,123
0.79,0.0,0.0,0.0,0.0813953488372093,1.0,RF,0.1,PGD_eps0.5_it10,,50,200,PGD,0.5,10.0,,123
0.8,0.0,0.0,0.0,0.0697674418604651,1.0,RF,0.1,PGD_eps0.5_it25,,50,200,PGD,0.5,25.0,,123
0.48,0.0128205128205128,0.0357142857142857,0.0188679245283018,0.4476744186046512,0.9642857142857144,RF,0.1,PGD_eps0.75_it10,,50,200,PGD,0.75,10.0,,123
0.345,0.0095238095238095,0.0357142857142857,0.0150375939849624,0.6046511627906976,0.9642857142857144,RF,0.1,PGD_eps0.75_it25,,50,200,PGD,0.75,25.0,,123
0.86,0.0,0.0,0.0,0.0,1.0,RF,0.1,CW_c0.0_it10,,50,200,CW,,10.0,0.0,123
0.85,0.0,0.0,0.0,0.0116279069767441,1.0,RF,0.1,CW_c0.5_it10,,50,200,CW,,10.0,0.5,123
0.92,0.6666666666666666,0.8571428571428571,0.75,0.0697674418604651,0.1428571428571428,MLP,0.1,Clean,0.0023335480690002,50,200,,,,,123
0.25,0.0986842105263157,0.5357142857142857,0.1666666666666666,0.7965116279069767,0.4642857142857143,MLP,0.1,FGSM_eps0.15,,50,200,FGSM,0.15,1.0,,123
0.12,0.0316455696202531,0.1785714285714285,0.053763440860215,0.8895348837209303,0.8214285714285714,MLP,0.1,FGSM_eps0.3,,50,200,FGSM,0.3,1.0,,123
0.105,0.0251572327044025,0.1428571428571428,0.0427807486631016,0.9011627906976744,0.8571428571428571,MLP,0.1,FGSM_eps0.5,,50,200,FGSM,0.5,1.0,,123
0.115,0.0193548387096774,0.1071428571428571,0.0327868852459016,0.8837209302325582,0.8928571428571429,MLP,0.1,FGSM_eps0.75,,50,200,FGSM,0.75,1.0,,123
0.225,0.0794701986754966,0.4285714285714285,0.1340782122905028,0.8081395348837209,0.5714285714285714,MLP,0.1,PGD_eps0.15_it10,,50,200,PGD,0.15,10.0,,123
0.225,0.0794701986754966,0.4285714285714285,0.1340782122905028,0.8081395348837209,0.5714285714285714,MLP,0.1,PGD_eps0.15_it25,,50,200,PGD,0.15,25.0,,123
0.105,0.0251572327044025,0.1428571428571428,0.0427807486631016,0.9011627906976744,0.8571428571428571,MLP,0.1,PGD_eps0.3_it10,,50,200,PGD,0.3,10.0,,123
0.105,0.0251572327044025,0.1428571428571428,0.0427807486631016,0.9011627906976744,0.8571428571428571,MLP,0.1,PGD_eps0.3_it25,,50,200,PGD,0.3,25.0,,123
0.1,0.0189873417721519,0.1071428571428571,0.032258064516129,0.9011627906976744,0.8928571428571429,MLP,0.1,PGD_eps0.5_it10,,50,200,PGD,0.5,10.0,,123
0.1,0.0189873417721519,0.1071428571428571,0.032258064516129,0.9011627906976744,0.8928571428571429,MLP,0.1,PGD_eps0.5_it25,,50,200,PGD,0.5,25.0,,123
0.1,0.0189873417721519,0.1071428571428571,0.032258064516129,0.9011627906976744,0.8928571428571429,MLP,0.1,PGD_eps0.75_it10,,50,200,PGD,0.75,10.0,,123
0.1,0.0189873417721519,0.1071428571428571,0.032258064516129,0.9011627906976744,0.8928571428571429,MLP,0.1,PGD_eps0.75_it25,,50,200,PGD,0.75,25.0,,123
0.47,0.0666666666666666,0.2142857142857142,0.1016949152542373,0.4883720930232558,0.7857142857142857,MLP,0.1,CW_c0.0_it10,,50,200,CW,,10.0,0.0,123
0.11,0.0192307692307692,0.1071428571428571,0.0326086956521739,0.8895348837209303,0.8928571428571429,MLP,0.1,CW_c0.5_it10,,50,200,CW,,10.0,0.5,123
0.915,0.72,0.6428571428571429,0.6792452830188679,0.0406976744186046,0.3571428571428571,LR,0.25,Clean,0.0001250302791595,50,200,,,,,123
0.295,0.1208053691275167,0.6428571428571429,0.2033898305084746,0.7616279069767442,0.3571428571428571,LR,0.25,FGSM_eps0.15,,50,200,FGSM,0.15,1.0,,123
0.19,0.1058823529411764,0.6428571428571429,0.1818181818181818,0.8837209302325582,0.3571428571428571,LR,0.25,FGSM_eps0.3,,50,200,FGSM,0.3,1.0,,123
0.17,0.0892857142857142,0.5357142857142857,0.1530612244897959,0.8895348837209303,0.4642857142857143,LR,0.25,FGSM_eps0.5,,50,200,FGSM,0.5,1.0,,123
0.155,0.0778443113772455,0.4642857142857143,0.1333333333333333,0.8953488372093024,0.5357142857142857,LR,0.25,FGSM_eps0.75,,50,200,FGSM,0.75,1.0,,123
0.265,0.1161290322580645,0.6428571428571429,0.1967213114754098,0.7965116279069767,0.3571428571428571,LR,0.25,PGD_eps0.15_it10,,50,200,PGD,0.15,10.0,,123
0.26,0.1153846153846153,0.6428571428571429,0.1956521739130435,0.8023255813953488,0.3571428571428571,LR,0.25,PGD_eps0.15_it25,,50,200,PGD,0.15,25.0,,123
0.205,0.103030303030303,0.6071428571428571,0.1761658031088082,0.8604651162790697,0.3928571428571428,LR,0.25,PGD_eps0.3_it10,,50,200,PGD,0.3,10.0,,123
0.2,0.1024096385542168,0.6071428571428571,0.1752577319587628,0.8662790697674418,0.3928571428571428,LR,0.25,PGD_eps0.3_it25,,50,200,PGD,0.3,25.0,,123
0.14,0.0662650602409638,0.3928571428571428,0.1134020618556701,0.9011627906976744,0.6071428571428571,LR,0.25,PGD_eps0.5_it10,,50,200,PGD,0.5,10.0,,123
0.14,0.0662650602409638,0.3928571428571428,0.1134020618556701,0.9011627906976744,0.6071428571428571,LR,0.25,PGD_eps0.5_it25,,50,200,PGD,0.5,25.0,,123
0.115,0.0372670807453416,0.2142857142857142,0.0634920634920634,0.9011627906976744,0.7857142857142857,LR,0.25,PGD_eps0.75_it10,,50,200,PGD,0.75,10.0,,123
0.115,0.0372670807453416,0.2142857142857142,0.0634920634920634,0.9011627906976744,0.7857142857142857,LR,0.25,PGD_eps0.75_it25,,50,200,PGD,0.75,25.0,,123
0.435,0.1171171171171171,0.4642857142857143,0.1870503597122302,0.5697674418604651,0.5357142857142857,LR,0.25,CW_c0.0_it10,,50,200,CW,,10.0,0.0,123
0.33,0.1102941176470588,0.5357142857142857,0.1829268292682926,0.7034883720930233,0.4642857142857143,LR,0.25,CW_c0.5_it10,,50,200,CW,,10.0,0.5,123
0.875,0.5428571428571428,0.6785714285714286,0.6031746031746031,0.0930232558139534,0.3214285714285714,SVM,0.25,Clean,0.0001275169849395,50,200,,,,,123
0.14,0.0609756097560975,0.3571428571428571,0.1041666666666666,0.8953488372093024,0.6428571428571429,SVM,0.25,FGSM_eps0.15,,50,200,FGSM,0.15,1.0,,123
0.105,0.0251572327044025,0.1428571428571428,0.0427807486631016,0.9011627906976744,0.8571428571428571,SVM,0.25,FGSM_eps0.3,,50,200,FGSM,0.3,1.0,,123
0.1,0.0189873417721519,0.1071428571428571,0.032258064516129,0.9011627906976744,0.8928571428571429,SVM,0.25,FGSM_eps0.5,,50,200,FGSM,0.5,1.0,,123
0.1,0.0189873417721519,0.1071428571428571,0.032258064516129,0.9011627906976744,0.8928571428571429,SVM,0.25,FGSM_eps0.75,,50,200,FGSM,0.75,1.0,,123
0.135,0.0606060606060606,0.3571428571428571,0.1036269430051813,0.9011627906976744,0.6428571428571429,SVM,0.25,PGD_eps0.15_it10,,50,200,PGD,0.15,10.0,,123
0.135,0.0606060606060606,0.3571428571428571,0.1036269430051813,0.9011627906976744,0.6428571428571429,SVM,0.25,PGD_eps0.15_it25,,50,200,PGD,0.15,25.0,,123
0.1,0.0189873417721519,0.1071428571428571,0.032258064516129,0.9011627906976744,0.8928571428571429,SVM,0.25,PGD_eps0.3_it10,,50,200,PGD,0.3,10.0,,123
0.1,0.0189873417721519,0.1071428571428571,0.032258064516129,0.9011627906976744,0.8928571428571429,SVM,0.25,PGD_eps0.3_it25,,50,200,PGD,0.3,25.0,,123
0.1,0.0189873417721519,0.1071428571428571,0.032258064516129,0.9011627906976744,0.8928571428571429,SVM,0.25,PGD_eps0.5_it10,,50,200,PGD,0.5,10.0,,123
0.1,0.0189873417721519,0.1071428571428571,0.032258064516129,0.9011627906976744,0.8928571428571429,SVM,0.25,PGD_eps0.5_it25,,50,200,PGD,0.5,25.0,,123
0.1,0.0189873417721519,0.1071428571428571,0.032258064516129,0.9011627906976744,0.8928571428571429,SVM,0.25,PGD_eps0.75_it10,,50,200,PGD,0.75,10.0,,123
0.1,0.0189873417721519,0.1071428571428571,0.032258064516129,0.9011627906976744,0.8928571428571429,SVM,0.25,PGD_eps0.75_it25,,50,200,PGD,0.75,25.0,,123
0.255,0.0236220472440944,0.1071428571428571,0.0387096774193548,0.7209302325581395,0.8928571428571429,SVM,0.25,CW_c0.0_it10,,50,200,CW,,10.0,0.0,123
0.16,0.027027027027027,0.1428571428571428,0.0454545454545454,0.8372093023255814,0.8571428571428571,SVM,0.25,CW_c0.5_it10,,50,200,CW,,10.0,0.5,123
0.92,1.0,0.4285714285714285,0.6,0.0,0.5714285714285714,RF,0.25,Clean,0.0042783451080322,50,200,,,,,123
0.86,0.5,0.0357142857142857,0.0666666666666666,0.005813953488372,0.9642857142857144,RF,0.25,FGSM_eps0.15,,50,200,FGSM,0.15,1.0,,123
0.845,0.0,0.0,0.0,0.0174418604651162,1.0,RF,0.25,FGSM_eps0.3,,50,200,FGSM,0.3,1.0,,123
0.77,0.05,0.0357142857142857,0.0416666666666666,0.1104651162790697,0.9642857142857144,RF,0.25,FGSM_eps0.5,,50,200,FGSM,0.5,1.0,,123
0.405,0.0210526315789473,0.0714285714285714,0.032520325203252,0.5406976744186046,0.9285714285714286,RF,0.25,FGSM_eps0.75,,50,200,FGSM,0.75,1.0,,123
0.855,0.0,0.0,0.0,0.005813953488372,1.0,RF,0.25,PGD_eps0.15_it10,,50,200,PGD,0.15,10.0,,123
0.86,0.5,0.0357142857142857,0.0666666666666666,0.005813953488372,0.9642857142857144,RF,0.25,PGD_eps0.15_it25,,50,200,PGD,0.15,25.0,,123
0.845,0.0,0.0,0.0,0.0174418604651162,1.0,RF,0.25,PGD_eps0.3_it10,,50,200,PGD,0.3,10.0,,123
0.845,0.0,0.0,0.0,0.0174418604651162,1.0,RF,0.25,PGD_eps0.3_it25,,50,200,PGD,0.3,25.0,,123
0.785,0.0,0.0,0.0,0.0872093023255814,1.0,RF,0.25,PGD_eps0.5_it10,,50,200,PGD,0.5,10.0,,123
0.785,0.0,0.0,0.0,0.0872093023255814,1.0,RF,0.25,PGD_eps0.5_it25,,50,200,PGD,0.5,25.0,,123
0.645,0.0,0.0,0.0,0.25,1.0,RF,0.25,PGD_eps0.75_it10,,50,200,PGD,0.75,10.0,,123
0.585,0.0,0.0,0.0,0.3197674418604651,1.0,RF,0.25,PGD_eps0.75_it25,,50,200,PGD,0.75,25.0,,123
0.86,0.0,0.0,0.0,0.0,1.0,RF,0.25,CW_c0.0_it10,,50,200,CW,,10.0,0.0,123
0.86,0.0,0.0,0.0,0.0,1.0,RF,0.25,CW_c0.5_it10,,50,200,CW,,10.0,0.5,123
0.935,0.8260869565217391,0.6785714285714286,0.7450980392156863,0.0232558139534883,0.3214285714285714,MLP,0.25,Clean,0.0023823928833007,50,200,,,,,123
0.275,0.1020408163265306,0.5357142857142857,0.1714285714285714,0.7674418604651163,0.4642857142857143,MLP,0.25,FGSM_eps0.15,,50,200,FGSM,0.15,1.0,,123
0.125,0.0318471337579617,0.1785714285714285,0.054054054054054,0.8837209302325582,0.8214285714285714,MLP,0.25,FGSM_eps0.3,,50,200,FGSM,0.3,1.0,,123
0.105,0.0251572327044025,0.1428571428571428,0.0427807486631016,0.9011627906976744,0.8571428571428571,MLP,0.25,FGSM_eps0.5,,50,200,FGSM,0.5,1.0,,123
0.11,0.0192307692307692,0.1071428571428571,0.0326086956521739,0.8895348837209303,0.8928571428571429,MLP,0.25,FGSM_eps0.75,,50,200,FGSM,0.75,1.0,,123
0.255,0.0939597315436241,0.5,0.1581920903954802,0.7848837209302325,0.5,MLP,0.25,PGD_eps0.15_it10,,50,200,PGD,0.15,10.0,,123
0.265,0.0896551724137931,0.4642857142857143,0.1502890173410404,0.7674418604651163,0.5357142857142857,MLP,0.25,PGD_eps0.15_it25,,50,200,PGD,0.15,25.0,,123
0.105,0.0251572327044025,0.1428571428571428,0.0427807486631016,0.9011627906976744,0.8571428571428571,MLP,0.25,PGD_eps0.3_it10,,50,200,PGD,0.3,10.0,,123
0.11,0.0253164556962025,0.1428571428571428,0.043010752688172,0.8953488372093024,0.8571428571428571,MLP,0.25,PGD_eps0.3_it25,,50,200,PGD,0.3,25.0,,123
0.1,0.0189873417721519,0.1071428571428571,0.032258064516129,0.9011627906976744,0.8928571428571429,MLP,0.25,PGD_eps0.5_it10,,50,200,PGD,0.5,10.0,,123
0.1,0.0189873417721519,0.1071428571428571,0.032258064516129,0.9011627906976744,0.8928571428571429,MLP,0.25,PGD_eps0.5_it25,,50,200,PGD,0.5,25.0,,123
0.1,0.0189873417721519,0.1071428571428571,0.032258064516129,0.9011627906976744,0.8928571428571429,MLP,0.25,PGD_eps0.75_it10,,50,200,PGD,0.75,10.0,,123
0.1,0.0189873417721519,0.1071428571428571,0.032258064516129,0.9011627906976744,0.8928571428571429,MLP,0.25,PGD_eps0.75_it25,,50,200,PGD,0.75,25.0,,123
0.605,0.0952380952380952,0.2142857142857142,0.1318681318681318,0.3313953488372093,0.7857142857142857,MLP,0.25,CW_c0.0_it10,,50,200,CW,,10.0,0.0,123
0.3,0.0,0.0,0.0,0.6511627906976745,1.0,MLP,0.25,CW_c0.5_it10,,50,200,CW,,10.0,0.5,123
0.88,0.5555555555555556,0.7142857142857143,0.625,0.0930232558139534,0.2857142857142857,LR,0.5,Clean,0.0001263868808746,50,200,,,,,123
0.39,0.1439393939393939,0.6785714285714286,0.2375,0.6569767441860465,0.3214285714285714,LR,0.5,FGSM_eps0.15,,50,200,FGSM,0.15,1.0,,123
0.225,0.1104294478527607,0.6428571428571429,0.1884816753926701,0.8430232558139535,0.3571428571428571,LR,0.5,FGSM_eps0.3,,50,200,FGSM,0.3,1.0,,123
0.17,0.0892857142857142,0.5357142857142857,0.1530612244897959,0.8895348837209303,0.4642857142857143,LR,0.5,FGSM_eps0.5,,50,200,FGSM,0.5,1.0,,123
0.155,0.0778443113772455,0.4642857142857143,0.1333333333333333,0.8953488372093024,0.5357142857142857,LR,0.5,FGSM_eps0.75,,50,200,FGSM,0.75,1.0,,123
0.295,0.1208053691275167,0.6428571428571429,0.2033898305084746,0.7616279069767442,0.3571428571428571,LR,0.5,PGD_eps0.15_it10,,50,200,PGD,0.15,10.0,,123
0.305,0.1224489795918367,0.6428571428571429,0.2057142857142857,0.75,0.3571428571428571,LR,0.5,PGD_eps0.15_it25,,50,200,PGD,0.15,25.0,,123
0.195,0.0969696969696969,0.5714285714285714,0.1658031088082901,0.8662790697674418,0.4285714285714285,LR,0.5,PGD_eps0.3_it10,,50,200,PGD,0.3,10.0,,123
0.2,0.1024096385542168,0.6071428571428571,0.1752577319587628,0.8662790697674418,0.3928571428571428,LR,0.5,PGD_eps0.3_it25,,50,200,PGD,0.3,25.0,,123
0.15,0.072289156626506,0.4285714285714285,0.1237113402061855,0.8953488372093024,0.5714285714285714,LR,0.5,PGD_eps0.5_it10,,50,200,PGD,0.5,10.0,,123
0.15,0.0773809523809523,0.4642857142857143,0.1326530612244898,0.9011627906976744,0.5357142857142857,LR,0.5,PGD_eps0.5_it25,,50,200,PGD,0.5,25.0,,123
0.115,0.0372670807453416,0.2142857142857142,0.0634920634920634,0.9011627906976744,0.7857142857142857,LR,0.5,PGD_eps0.75_it10,,50,200,PGD,0.75,10.0,,123
0.11,0.03125,0.1785714285714285,0.0531914893617021,0.9011627906976744,0.8214285714285714,LR,0.5,PGD_eps0.75_it25,,50,200,PGD,0.75,25.0,,123
0.43,0.1160714285714285,0.4642857142857143,0.1857142857142857,0.5755813953488372,0.5357142857142857,LR,0.5,CW_c0.0_it10,,50,200,CW,,10.0,0.0,123
0.335,0.1052631578947368,0.5,0.1739130434782608,0.6918604651162791,0.5,LR,0.5,CW_c0.5_it10,,50,200,CW,,10.0,0.5,123
0.81,0.3958333333333333,0.6785714285714286,0.5,0.1686046511627907,0.3214285714285714,SVM,0.5,Clean,0.0001233446598052,50,200,,,,,123
0.175,0.0636942675159235,0.3571428571428571,0.1081081081081081,0.8546511627906976,0.6428571428571429,SVM,0.5,FGSM_eps0.15,,50,200,FGSM,0.15,1.0,,123
0.105,0.0251572327044025,0.1428571428571428,0.0427807486631016,0.9011627906976744,0.8571428571428571,SVM,0.5,FGSM_eps0.3,,50,200,FGSM,0.3,1.0,,123
0.1,0.0189873417721519,0.1071428571428571,0.032258064516129,0.9011627906976744,0.8928571428571429,SVM,0.5,FGSM_eps0.5,,50,200,FGSM,0.5,1.0,,123
0.1,0.0189873417721519,0.1071428571428571,0.032258064516129,0.9011627906976744,0.8928571428571429,SVM,0.5,FGSM_eps0.75,,50,200,FGSM,0.75,1.0,,123
0.155,0.0674846625766871,0.3928571428571428,0.1151832460732984,0.8837209302325582,0.6071428571428571,SVM,0.5,PGD_eps0.15_it10,,50,200,PGD,0.15,10.0,,123
0.155,0.0566037735849056,0.3214285714285714,0.0962566844919786,0.872093023255814,0.6785714285714286,SVM,0.5,PGD_eps0.15_it25,,50,200,PGD,0.15,25.0,,123
0.11,0.0253164556962025,0.1428571428571428,0.043010752688172,0.8953488372093024,0.8571428571428571,SVM,0.5,PGD_eps0.3_it10,,50,200,PGD,0.3,10.0,,123
0.105,0.019108280254777,0.1071428571428571,0.0324324324324324,0.8953488372093024,0.8928571428571429,SVM,0.5,PGD_eps0.3_it25,,50,200,PGD,0.3,25.0,,123
0.1,0.0189873417721519,0.1071428571428571,0.032258064516129,0.9011627906976744,0.8928571428571429,SVM,0.5,PGD_eps0.5_it10,,50,200,PGD,0.5,10.0,,123
0.1,0.0189873417721519,0.1071428571428571,0.032258064516129,0.9011627906976744,0.8928571428571429,SVM,0.5,PGD_eps0.5_it25,,50,200,PGD,0.5,25.0,,123
0.1,0.0189873417721519,0.1071428571428571,0.032258064516129,0.9011627906976744,0.8928571428571429,SVM,0.5,PGD_eps0.75_it10,,50,200,PGD,0.75,10.0,,123
0.1,0.0189873417721519,0.1071428571428571,0.032258064516129,0.9011627906976744,0.8928571428571429,SVM,0.5,PGD_eps0.75_it25,,50,200,PGD,0.75,25.0,,123
0.275,0.032,0.1428571428571428,0.0522875816993464,0.7034883720930233,0.8571428571428571,SVM,0.5,CW_c0.0_it10,,50,200,CW,,10.0,0.0,123
0.21,0.0357142857142857,0.1785714285714285,0.0595238095238095,0.7848837209302325,0.8214285714285714,SVM,0.5,CW_c0.5_it10,,50,200,CW,,10.0,0.5,123
0.895,1.0,0.25,0.4,0.0,0.75,RF,0.5,Clean,0.0045594131946563,50,200,,,,,123
0.865,1.0,0.0357142857142857,0.0689655172413793,0.0,0.9642857142857144,RF,0.5,FGSM_eps0.15,,50,200,FGSM,0.15,1.0,,123
0.855,0.0,0.0,0.0,0.005813953488372,1.0,RF,0.5,FGSM_eps0.3,,50,200,FGSM,0.3,1.0,,123
0.83,0.0,0.0,0.0,0.0348837209302325,1.0,RF,0.5,FGSM_eps0.5,,50,200,FGSM,0.5,1.0,,123
0.64,0.0217391304347826,0.0357142857142857,0.027027027027027,0.2616279069767442,0.9642857142857144,RF,0.5,FGSM_eps0.75,,50,200,FGSM,0.75,1.0,,123
0.86,0.0,0.0,0.0,0.0,1.0,RF,0.5,PGD_eps0.15_it10,,50,200,PGD,0.15,10.0,,123
0.865,1.0,0.0357142857142857,0.0689655172413793,0.0,0.9642857142857144,RF,0.5,PGD_eps0.15_it25,,50,200,PGD,0.15,25.0,,123
0.855,0.0,0.0,0.0,0.005813953488372,1.0,RF,0.5,PGD_eps0.3_it10,,50,200,PGD,0.3,10.0,,123
0.855,0.0,0.0,0.0,0.005813953488372,1.0,RF,0.5,PGD_eps0.3_it25,,50,200,PGD,0.3,25.0,,123
0.84,0.0,0.0,0.0,0.0232558139534883,1.0,RF,0.5,PGD_eps0.5_it10,,50,200,PGD,0.5,10.0,,123
0.825,0.0,0.0,0.0,0.0406976744186046,1.0,RF,0.5,PGD_eps0.5_it25,,50,200,PGD,0.5,25.0,,123
0.78,0.0,0.0,0.0,0.0930232558139534,1.0,RF,0.5,PGD_eps0.75_it10,,50,200,PGD,0.75,10.0,,123
0.765,0.0,0.0,0.0,0.1104651162790697,1.0,RF,0.5,PGD_eps0.75_it25,,50,200,PGD,0.75,25.0,,123
0.86,0.0,0.0,0.0,0.0,1.0,RF,0.5,CW_c0.0_it10,,50,200,CW,,10.0,0.0,123
0.86,0.0,0.0,0.0,0.0,1.0,RF,0.5,CW_c0.5_it10,,50,200,CW,,10.0,0.5,123
0.945,1.0,0.6071428571428571,0.7555555555555555,0.0,0.3928571428571428,MLP,0.5,Clean,0.0022583615779876,50,200,,,,,123
0.42,0.1071428571428571,0.4285714285714285,0.1714285714285714,0.5813953488372093,0.5714285714285714,MLP,0.5,FGSM_eps0.15,,50,200,FGSM,0.15,1.0,,123
0.14,0.0324675324675324,0.1785714285714285,0.0549450549450549,0.8662790697674418,0.8214285714285714,MLP,0.5,FGSM_eps0.3,,50,200,FGSM,0.3,1.0,,123
0.105,0.0251572327044025,0.1428571428571428,0.0427807486631016,0.9011627906976744,0.8571428571428571,MLP,0.5,FGSM_eps0.5,,50,200,FGSM,0.5,1.0,,123
0.115,0.0193548387096774,0.1071428571428571,0.0327868852459016,0.8837209302325582,0.8928571428571429,MLP,0.5,FGSM_eps0.75,,50,200,FGSM,0.75,1.0,,123
0.4,0.1101694915254237,0.4642857142857143,0.1780821917808219,0.6104651162790697,0.5357142857142857,MLP,0.5,PGD_eps0.15_it10,,50,200,PGD,0.15,10.0,,123
0.415,0.1061946902654867,0.4285714285714285,0.1702127659574468,0.5872093023255814,0.5714285714285714,MLP,0.5,PGD_eps0.15_it25,,50,200,PGD,0.15,25.0,,123
0.115,0.0254777070063694,0.1428571428571428,0.0432432432432432,0.8895348837209303,0.8571428571428571,MLP,0.5,PGD_eps0.3_it10,,50,200,PGD,0.3,10.0,,123
0.12,0.0316455696202531,0.1785714285714285,0.053763440860215,0.8895348837209303,0.8214285714285714,MLP,0.5,PGD_eps0.3_it25,,50,200,PGD,0.3,25.0,,123
0.105,0.0251572327044025,0.1428571428571428,0.0427807486631016,0.9011627906976744,0.8571428571428571,MLP,0.5,PGD_eps0.5_it10,,50,200,PGD,0.5,10.0,,123
0.1,0.0189873417721519,0.1071428571428571,0.032258064516129,0.9011627906976744,0.8928571428571429,MLP,0.5,PGD_eps0.5_it25,,50,200,PGD,0.5,25.0,,123
0.1,0.0189873417721519,0.1071428571428571,0.032258064516129,0.9011627906976744,0.8928571428571429,MLP,0.5,PGD_eps0.75_it10,,50,200,PGD,0.75,10.0,,123
0.1,0.0189873417721519,0.1071428571428571,0.032258064516129,0.9011627906976744,0.8928571428571429,MLP,0.5,PGD_eps0.75_it25,,50,200,PGD,0.75,25.0,,123
0.735,0.1428571428571428,0.1785714285714285,0.1587301587301587,0.1744186046511628,0.8214285714285714,MLP,0.5,CW_c0.0_it10,,50,200,CW,,10.0,0.0,123
0.58,0.0172413793103448,0.0357142857142857,0.0232558139534883,0.3313953488372093,0.9642857142857144,MLP,0.5,CW_c0.5_it10,,50,200,CW,,10.0,0.5,123
0.88,0.3888888888888889,0.35,0.3684210526315789,0.0611111111111111,0.65,LR,0.1,Clean,0.0001498508453369,50,200,,,,,31
0.225,0.0754716981132075,0.6,0.1340782122905028,0.8166666666666667,0.4,LR,0.1,FGSM_eps0.15,,50,200,FGSM,0.15,1.0,,31
0.16,0.0595238095238095,0.5,0.1063829787234042,0.8777777777777778,0.5,LR,0.1,FGSM_eps0.3,,50,200,FGSM,0.3,1.0,,31
0.155,0.0538922155688622,0.45,0.0962566844919786,0.8777777777777778,0.55,LR,0.1,FGSM_eps0.5,,50,200,FGSM,0.5,1.0,,31
0.155,0.0538922155688622,0.45,0.0962566844919786,0.8777777777777778,0.55,LR,0.1,FGSM_eps0.75,,50,200,FGSM,0.75,1.0,,31
0.205,0.0838323353293413,0.7,0.1497326203208556,0.85,0.3,LR,0.1,PGD_eps0.15_it10,,50,200,PGD,0.15,10.0,,31
0.21,0.0843373493975903,0.7,0.1505376344086021,0.8444444444444444,0.3,LR,0.1,PGD_eps0.15_it25,,50,200,PGD,0.15,25.0,,31
0.175,0.0760233918128654,0.65,0.1361256544502617,0.8777777777777778,0.35,LR,0.1,PGD_eps0.3_it10,,50,200,PGD,0.3,10.0,,31
0.175,0.0760233918128654,0.65,0.1361256544502617,0.8777777777777778,0.35,LR,0.1,PGD_eps0.3_it25,,50,200,PGD,0.3,25.0,,31
0.155,0.0538922155688622,0.45,0.0962566844919786,0.8777777777777778,0.55,LR,0.1,PGD_eps0.5_it10,,50,200,PGD,0.5,10.0,,31
0.16,0.0595238095238095,0.5,0.1063829787234042,0.8777777777777778,0.5,LR,0.1,PGD_eps0.5_it25,,50,200,PGD,0.5,25.0,,31
0.15,0.0481927710843373,0.4,0.086021505376344,0.8777777777777778,0.6,LR,0.1,PGD_eps0.75_it10,,50,200,PGD,0.75,10.0,,31
0.155,0.059171597633136,0.5,0.1058201058201058,0.8833333333333333,0.5,LR,0.1,PGD_eps0.75_it25,,50,200,PGD,0.75,25.0,,31
0.535,0.0898876404494382,0.4,0.146788990825688,0.45,0.6,LR,0.1,CW_c0.0_it10,,50,200,CW,,10.0,0.0,31
0.38,0.0737704918032786,0.45,0.1267605633802817,0.6277777777777778,0.55,LR,0.1,CW_c0.5_it10,,50,200,CW,,10.0,0.5,31
0.89,0.4375,0.35,0.3888888888888889,0.05,0.65,SVM,0.1,Clean,0.0001464247703552,50,200,,,,,31
0.16,0.0595238095238095,0.5,0.1063829787234042,0.8777777777777778,0.5,SVM,0.1,FGSM_eps0.15,,50,200,FGSM,0.15,1.0,,31
0.155,0.0538922155688622,0.45,0.0962566844919786,0.8777777777777778,0.55,SVM,0.1,FGSM_eps0.3,,50,200,FGSM,0.3,1.0,,31
0.15,0.0481927710843373,0.4,0.086021505376344,0.8777777777777778,0.6,SVM,0.1,FGSM_eps0.5,,50,200,FGSM,0.5,1.0,,31
0.15,0.0481927710843373,0.4,0.086021505376344,0.8777777777777778,0.6,SVM,0.1,FGSM_eps0.75,,50,200,FGSM,0.75,1.0,,31
0.16,0.0595238095238095,0.5,0.1063829787234042,0.8777777777777778,0.5,SVM,0.1,PGD_eps0.15_it10,,50,200,PGD,0.15,10.0,,31
0.165,0.0650887573964497,0.55,0.1164021164021164,0.8777777777777778,0.45,SVM,0.1,PGD_eps0.15_it25,,50,200,PGD,0.15,25.0,,31
0.15,0.0481927710843373,0.4,0.086021505376344,0.8777777777777778,0.6,SVM,0.1,PGD_eps0.3_it10,,50,200,PGD,0.3,10.0,,31
0.15,0.0481927710843373,0.4,0.086021505376344,0.8777777777777778,0.6,SVM,0.1,PGD_eps0.3_it25,,50,200,PGD,0.3,25.0,,31
0.15,0.0481927710843373,0.4,0.086021505376344,0.8777777777777778,0.6,SVM,0.1,PGD_eps0.5_it10,,50,200,PGD,0.5,10.0,,31
0.15,0.0481927710843373,0.4,0.086021505376344,0.8777777777777778,0.6,SVM,0.1,PGD_eps0.5_it25,,50,200,PGD,0.5,25.0,,31
0.15,0.0481927710843373,0.4,0.086021505376344,0.8777777777777778,0.6,SVM,0.1,PGD_eps0.75_it10,,50,200,PGD,0.75,10.0,,31
0.15,0.0481927710843373,0.4,0.086021505376344,0.8777777777777778,0.6,SVM,0.1,PGD_eps0.75_it25,,50,200,PGD,0.75,25.0,,31
0.325,0.04,0.25,0.0689655172413793,0.6666666666666666,0.75,SVM,0.1,CW_c0.0_it10,,50,200,CW,,10.0,0.0,31
0.21,0.0460526315789473,0.35,0.0813953488372093,0.8055555555555556,0.65,SVM,0.1,CW_c0.5_it10,,50,200,CW,,10.0,0.5,31
0.92,0.8333333333333334,0.25,0.3846153846153846,0.0055555555555555,0.75,RF,0.1,Clean,0.0045841884613037,50,200,,,,,31
0.895,0.3333333333333333,0.05,0.0869565217391304,0.0111111111111111,0.95,RF,0.1,FGSM_eps0.15,,50,200,FGSM,0.15,1.0,,31
0.865,0.1111111111111111,0.05,0.0689655172413793,0.0444444444444444,0.95,RF,0.1,FGSM_eps0.3,,50,200,FGSM,0.3,1.0,,31
0.54,0.05,0.2,0.08,0.4222222222222222,0.8,RF,0.1,FGSM_eps0.5,,50,200,FGSM,0.5,1.0,,31
0.16,0.048780487804878,0.4,0.0869565217391304,0.8666666666666667,0.6,RF,0.1,FGSM_eps0.75,,50,200,FGSM,0.75,1.0,,31
0.9,0.5,0.05,0.0909090909090909,0.0055555555555555,0.95,RF,0.1,PGD_eps0.15_it10,,50,200,PGD,0.15,10.0,,31
0.895,0.0,0.0,0.0,0.0055555555555555,1.0,RF,0.1,PGD_eps0.15_it25,,50,200,PGD,0.15,25.0,,31
0.88,0.0,0.0,0.0,0.0222222222222222,1.0,RF,0.1,PGD_eps0.3_it10,,50,200,PGD,0.3,10.0,,31
0.885,0.2,0.05,0.08,0.0222222222222222,0.95,RF,0.1,PGD_eps0.3_it25,,50,200,PGD,0.3,25.0,,31
0.695,0.0980392156862745,0.25,0.1408450704225352,0.2555555555555555,0.75,RF,0.1,PGD_eps0.5_it10,,50,200,PGD,0.5,10.0,,31
0.7,0.0652173913043478,0.15,0.0909090909090909,0.2388888888888889,0.85,RF,0.1,PGD_eps0.5_it25,,50,200,PGD,0.5,25.0,,31
0.33,0.0615384615384615,0.4,0.1066666666666666,0.6777777777777778,0.6,RF,0.1,PGD_eps0.75_it10,,50,200,PGD,0.75,10.0,,31
0.345,0.0413223140495867,0.25,0.0709219858156028,0.6444444444444445,0.75,RF,0.1,PGD_eps0.75_it25,,50,200,PGD,0.75,25.0,,31
0.895,0.0,0.0,0.0,0.0055555555555555,1.0,RF,0.1,CW_c0.0_it10,,50,200,CW,,10.0,0.0,31
0.895,0.0,0.0,0.0,0.0055555555555555,1.0,RF,0.1,CW_c0.5_it10,,50,200,CW,,10.0,0.5,31
0.885,0.4444444444444444,0.6,0.5106382978723404,0.0833333333333333,0.4,MLP,0.1,Clean,0.0017976009845733,50,200,,,,,31
0.18,0.0662650602409638,0.55,0.1182795698924731,0.8611111111111112,0.45,MLP,0.1,FGSM_eps0.15,,50,200,FGSM,0.15,1.0,,31
0.16,0.0595238095238095,0.5,0.1063829787234042,0.8777777777777778,0.5,MLP,0.1,FGSM_eps0.3,,50,200,FGSM,0.3,1.0,,31
0.155,0.0538922155688622,0.45,0.0962566844919786,0.8777777777777778,0.55,MLP,0.1,FGSM_eps0.5,,50,200,FGSM,0.5,1.0,,31
0.15,0.0481927710843373,0.4,0.086021505376344,0.8777777777777778,0.6,MLP,0.1,FGSM_eps0.75,,50,200,FGSM,0.75,1.0,,31
0.165,0.0650887573964497,0.55,0.1164021164021164,0.8777777777777778,0.45,MLP,0.1,PGD_eps0.15_it10,,50,200,PGD,0.15,10.0,,31
0.17,0.0654761904761904,0.55,0.1170212765957446,0.8722222222222222,0.45,MLP,0.1,PGD_eps0.15_it25,,50,200,PGD,0.15,25.0,,31
0.15,0.0481927710843373,0.4,0.086021505376344,0.8777777777777778,0.6,MLP,0.1,PGD_eps0.3_it10,,50,200,PGD,0.3,10.0,,31
0.15,0.0481927710843373,0.4,0.086021505376344,0.8777777777777778,0.6,MLP,0.1,PGD_eps0.3_it25,,50,200,PGD,0.3,25.0,,31
0.15,0.0481927710843373,0.4,0.086021505376344,0.8777777777777778,0.6,MLP,0.1,PGD_eps0.5_it10,,50,200,PGD,0.5,10.0,,31
0.15,0.0481927710843373,0.4,0.086021505376344,0.8777777777777778,0.6,MLP,0.1,PGD_eps0.5_it25,,50,200,PGD,0.5,25.0,,31
0.15,0.0481927710843373,0.4,0.086021505376344,0.8777777777777778,0.6,MLP,0.1,PGD_eps0.75_it10,,50,200,PGD,0.75,10.0,,31
0.15,0.0481927710843373,0.4,0.086021505376344,0.8777777777777778,0.6,MLP,0.1,PGD_eps0.75_it25,,50,200,PGD,0.75,25.0,,31
0.5,0.0744680851063829,0.35,0.1228070175438596,0.4833333333333333,0.65,MLP,0.1,CW_c0.0_it10,,50,200,CW,,10.0,0.0,31
0.15,0.0481927710843373,0.4,0.086021505376344,0.8777777777777778,0.6,MLP,0.1,CW_c0.5_it10,,50,200,CW,,10.0,0.5,31
0.87,0.3636363636363636,0.4,0.3809523809523809,0.0777777777777777,0.6,LR,0.25,Clean,0.0001793444156646,50,200,,,,,31
0.235,0.0764331210191082,0.6,0.135593220338983,0.8055555555555556,0.4,LR,0.25,FGSM_eps0.15,,50,200,FGSM,0.15,1.0,,31
0.155,0.059171597633136,0.5,0.1058201058201058,0.8833333333333333,0.5,LR,0.25,FGSM_eps0.3,,50,200,FGSM,0.3,1.0,,31
0.155,0.0538922155688622,0.45,0.0962566844919786,0.8777777777777778,0.55,LR,0.25,FGSM_eps0.5,,50,200,FGSM,0.5,1.0,,31
0.155,0.0538922155688622,0.45,0.0962566844919786,0.8777777777777778,0.55,LR,0.25,FGSM_eps0.75,,50,200,FGSM,0.75,1.0,,31
0.21,0.0843373493975903,0.7,0.1505376344086021,0.8444444444444444,0.3,LR,0.25,PGD_eps0.15_it10,,50,200,PGD,0.15,10.0,,31
0.22,0.0853658536585365,0.7,0.1521739130434782,0.8333333333333334,0.3,LR,0.25,PGD_eps0.15_it25,,50,200,PGD,0.15,25.0,,31
0.175,0.0760233918128654,0.65,0.1361256544502617,0.8777777777777778,0.35,LR,0.25,PGD_eps0.3_it10,,50,200,PGD,0.3,10.0,,31
0.175,0.0760233918128654,0.65,0.1361256544502617,0.8777777777777778,0.35,LR,0.25,PGD_eps0.3_it25,,50,200,PGD,0.3,25.0,,31
0.155,0.0538922155688622,0.45,0.0962566844919786,0.8777777777777778,0.55,LR,0.25,PGD_eps0.5_it10,,50,200,PGD,0.5,10.0,,31
0.16,0.0595238095238095,0.5,0.1063829787234042,0.8777777777777778,0.5,LR,0.25,PGD_eps0.5_it25,,50,200,PGD,0.5,25.0,,31
0.15,0.0481927710843373,0.4,0.086021505376344,0.8777777777777778,0.6,LR,0.25,PGD_eps0.75_it10,,50,200,PGD,0.75,10.0,,31
0.155,0.059171597633136,0.5,0.1058201058201058,0.8833333333333333,0.5,LR,0.25,PGD_eps0.75_it25,,50,200,PGD,0.75,25.0,,31
0.5,0.0744680851063829,0.35,0.1228070175438596,0.4833333333333333,0.65,LR,0.25,CW_c0.0_it10,,50,200,CW,,10.0,0.0,31
0.405,0.0840336134453781,0.5,0.1438848920863309,0.6055555555555555,0.5,LR,0.25,CW_c0.5_it10,,50,200,CW,,10.0,0.5,31
0.845,0.28,0.35,0.3111111111111111,0.1,0.65,SVM,0.25,Clean,0.0002075183391571,50,200,,,,,31
0.16,0.0595238095238095,0.5,0.1063829787234042,0.8777777777777778,0.5,SVM,0.25,FGSM_eps0.15,,50,200,FGSM,0.15,1.0,,31
0.155,0.0538922155688622,0.45,0.0962566844919786,0.8777777777777778,0.55,SVM,0.25,FGSM_eps0.3,,50,200,FGSM,0.3,1.0,,31
0.15,0.0481927710843373,0.4,0.086021505376344,0.8777777777777778,0.6,SVM,0.25,FGSM_eps0.5,,50,200,FGSM,0.5,1.0,,31
0.15,0.0481927710843373,0.4,0.086021505376344,0.8777777777777778,0.6,SVM,0.25,FGSM_eps0.75,,50,200,FGSM,0.75,1.0,,31
0.16,0.0595238095238095,0.5,0.1063829787234042,0.8777777777777778,0.5,SVM,0.25,PGD_eps0.15_it10,,50,200,PGD,0.15,10.0,,31
0.165,0.0650887573964497,0.55,0.1164021164021164,0.8777777777777778,0.45,SVM,0.25,PGD_eps0.15_it25,,50,200,PGD,0.15,25.0,,31
0.15,0.0481927710843373,0.4,0.086021505376344,0.8777777777777778,0.6,SVM,0.25,PGD_eps0.3_it10,,50,200,PGD,0.3,10.0,,31
0.15,0.0481927710843373,0.4,0.086021505376344,0.8777777777777778,0.6,SVM,0.25,PGD_eps0.3_it25,,50,200,PGD,0.3,25.0,,31
0.15,0.0481927710843373,0.4,0.086021505376344,0.8777777777777778,0.6,SVM,0.25,PGD_eps0.5_it10,,50,200,PGD,0.5,10.0,,31
0.15,0.0481927710843373,0.4,0.086021505376344,0.8777777777777778,0.6,SVM,0.25,PGD_eps0.5_it25,,50,200,PGD,0.5,25.0,,31
0.15,0.0481927710843373,0.4,0.086021505376344,0.8777777777777778,0.6,SVM,0.25,PGD_eps0.75_it10,,50,200,PGD,0.75,10.0,,31
0.15,0.0481927710843373,0.4,0.086021505376344,0.8777777777777778,0.6,SVM,0.25,PGD_eps0.75_it25,,50,200,PGD,0.75,25.0,,31
0.33,0.0403225806451612,0.25,0.0694444444444444,0.6611111111111111,0.75,SVM,0.25,CW_c0.0_it10,,50,200,CW,,10.0,0.0,31
0.21,0.0460526315789473,0.35,0.0813953488372093,0.8055555555555556,0.65,SVM,0.25,CW_c0.5_it10,,50,200,CW,,10.0,0.5,31
0.925,1.0,0.25,0.4,0.0,0.75,RF,0.25,Clean,0.0046292865276336,50,200,,,,,31
0.895,0.0,0.0,0.0,0.0055555555555555,1.0,RF,0.25,FGSM_eps0.15,,50,200,FGSM,0.15,1.0,,31
0.865,0.0,0.0,0.0,0.0388888888888888,1.0,RF,0.25,FGSM_eps0.3,,50,200,FGSM,0.3,1.0,,31
0.7,0.0454545454545454,0.1,0.0625,0.2333333333333333,0.9,RF,0.25,FGSM_eps0.5,,50,200,FGSM,0.5,1.0,,31
0.17,0.0493827160493827,0.4,0.0879120879120879,0.8555555555555555,0.6,RF,0.25,FGSM_eps0.75,,50,200,FGSM,0.75,1.0,,31
0.9,0.0,0.0,0.0,0.0,1.0,RF,0.25,PGD_eps0.15_it10,,50,200,PGD,0.15,10.0,,31
0.9,0.0,0.0,0.0,0.0,1.0,RF,0.25,PGD_eps0.15_it25,,50,200,PGD,0.15,25.0,,31
0.885,0.0,0.0,0.0,0.0166666666666666,1.0,RF,0.25,PGD_eps0.3_it10,,50,200,PGD,0.3,10.0,,31
0.885,0.0,0.0,0.0,0.0166666666666666,1.0,RF,0.25,PGD_eps0.3_it25,,50,200,PGD,0.3,25.0,,31
0.83,0.0625,0.05,0.0555555555555555,0.0833333333333333,0.95,RF,0.25,PGD_eps0.5_it10,,50,200,PGD,0.5,10.0,,31
0.815,0.0952380952380952,0.1,0.0975609756097561,0.1055555555555555,0.9,RF,0.25,PGD_eps0.5_it25,,50,200,PGD,0.5,25.0,,31
0.35,0.0634920634920634,0.4,0.1095890410958904,0.6555555555555556,0.6,RF,0.25,PGD_eps0.75_it10,,50,200,PGD,0.75,10.0,,31
0.385,0.0442477876106194,0.25,0.075187969924812,0.6,0.75,RF,0.25,PGD_eps0.75_it25,,50,200,PGD,0.75,25.0,,31
0.9,0.0,0.0,0.0,0.0,1.0,RF,0.25,CW_c0.0_it10,,50,200,CW,,10.0,0.0,31
0.9,0.0,0.0,0.0,0.0,1.0,RF,0.25,CW_c0.5_it10,,50,200,CW,,10.0,0.5,31
0.905,0.5263157894736842,0.5,0.5128205128205128,0.05,0.5,MLP,0.25,Clean,0.0018583285808563,50,200,,,,,31
0.18,0.0662650602409638,0.55,0.1182795698924731,0.8611111111111112,0.45,MLP,0.25,FGSM_eps0.15,,50,200,FGSM,0.15,1.0,,31
0.16,0.0595238095238095,0.5,0.1063829787234042,0.8777777777777778,0.5,MLP,0.25,FGSM_eps0.3,,50,200,FGSM,0.3,1.0,,31
0.15,0.0481927710843373,0.4,0.086021505376344,0.8777777777777778,0.6,MLP,0.25,FGSM_eps0.5,,50,200,FGSM,0.5,1.0,,31
0.15,0.0481927710843373,0.4,0.086021505376344,0.8777777777777778,0.6,MLP,0.25,FGSM_eps0.75,,50,200,FGSM,0.75,1.0,,31
0.175,0.0658682634730539,0.55,0.1176470588235294,0.8666666666666667,0.45,MLP,0.25,PGD_eps0.15_it10,,50,200,PGD,0.15,10.0,,31
0.175,0.0658682634730539,0.55,0.1176470588235294,0.8666666666666667,0.45,MLP,0.25,PGD_eps0.15_it25,,50,200,PGD,0.15,25.0,,31
0.15,0.0481927710843373,0.4,0.086021505376344,0.8777777777777778,0.6,MLP,0.25,PGD_eps0.3_it10,,50,200,PGD,0.3,10.0,,31
0.15,0.0481927710843373,0.4,0.086021505376344,0.8777777777777778,0.6,MLP,0.25,PGD_eps0.3_it25,,50,200,PGD,0.3,25.0,,31
0.15,0.0481927710843373,0.4,0.086021505376344,0.8777777777777778,0.6,MLP,0.25,PGD_eps0.5_it10,,50,200,PGD,0.5,10.0,,31
0.15,0.0481927710843373,0.4,0.086021505376344,0.8777777777777778,0.6,MLP,0.25,PGD_eps0.5_it25,,50,200,PGD,0.5,25.0,,31
0.15,0.0481927710843373,0.4,0.086021505376344,0.8777777777777778,0.6,MLP,0.25,PGD_eps0.75_it10,,50,200,PGD,0.75,10.0,,31
0.15,0.0481927710843373,0.4,0.086021505376344,0.8777777777777778,0.6,MLP,0.25,PGD_eps0.75_it25,,50,200,PGD,0.75,25.0,,31
0.65,0.037037037037037,0.1,0.054054054054054,0.2888888888888888,0.9,MLP,0.25,CW_c0.0_it10,,50,200,CW,,10.0,0.0,31
0.435,0.0396039603960396,0.2,0.0661157024793388,0.5388888888888889,0.8,MLP,0.25,CW_c0.5_it10,,50,200,CW,,10.0,0.5,31
0.83,0.2666666666666666,0.4,0.32,0.1222222222222222,0.6,LR,0.5,Clean,0.000155040025711,50,200,,,,,31
0.245,0.0828025477707006,0.65,0.1468926553672316,0.8,0.35,LR,0.5,FGSM_eps0.15,,50,200,FGSM,0.15,1.0,,31
0.16,0.0595238095238095,0.5,0.1063829787234042,0.8777777777777778,0.5,LR,0.5,FGSM_eps0.3,,50,200,FGSM,0.3,1.0,,31
0.155,0.0538922155688622,0.45,0.0962566844919786,0.8777777777777778,0.55,LR,0.5,FGSM_eps0.5,,50,200,FGSM,0.5,1.0,,31
0.155,0.0538922155688622,0.45,0.0962566844919786,0.8777777777777778,0.55,LR,0.5,FGSM_eps0.75,,50,200,FGSM,0.75,1.0,,31
0.21,0.0792682926829268,0.65,0.1413043478260869,0.8388888888888889,0.35,LR,0.5,PGD_eps0.15_it10,,50,200,PGD,0.15,10.0,,31
0.22,0.0853658536585365,0.7,0.1521739130434782,0.8333333333333334,0.3,LR,0.5,PGD_eps0.15_it25,,50,200,PGD,0.15,25.0,,31
0.175,0.0760233918128654,0.65,0.1361256544502617,0.8777777777777778,0.35,LR,0.5,PGD_eps0.3_it10,,50,200,PGD,0.3,10.0,,31
0.175,0.0760233918128654,0.65,0.1361256544502617,0.8777777777777778,0.35,LR,0.5,PGD_eps0.3_it25,,50,200,PGD,0.3,25.0,,31
0.155,0.0538922155688622,0.45,0.0962566844919786,0.8777777777777778,0.55,LR,0.5,PGD_eps0.5_it10,,50,200,PGD,0.5,10.0,,31
0.16,0.0595238095238095,0.5,0.1063829787234042,0.8777777777777778,0.5,LR,0.5,PGD_eps0.5_it25,,50,200,PGD,0.5,25.0,,31
0.155,0.0538922155688622,0.45,0.0962566844919786,0.8777777777777778,0.55,LR,0.5,PGD_eps0.75_it10,,50,200,PGD,0.75,10.0,,31
0.155,0.059171597633136,0.5,0.1058201058201058,0.8833333333333333,0.5,LR,0.5,PGD_eps0.75_it25,,50,200,PGD,0.75,25.0,,31
0.485,0.0891089108910891,0.45,0.1487603305785124,0.5111111111111111,0.55,LR,0.5,CW_c0.0_it10,,50,200,CW,,10.0,0.0,31
0.4,0.0901639344262295,0.55,0.1549295774647887,0.6166666666666667,0.45,LR,0.5,CW_c0.5_it10,,50,200,CW,,10.0,0.5,31
0.81,0.25,0.45,0.3214285714285714,0.15,0.55,SVM,0.5,Clean,0.0001533079147338,50,200,,,,,31
0.17,0.0602409638554216,0.5,0.1075268817204301,0.8666666666666667,0.5,SVM,0.5,FGSM_eps0.15,,50,200,FGSM,0.15,1.0,,31
0.155,0.0538922155688622,0.45,0.0962566844919786,0.8777777777777778,0.55,SVM,0.5,FGSM_eps0.3,,50,200,FGSM,0.3,1.0,,31
0.15,0.0481927710843373,0.4,0.086021505376344,0.8777777777777778,0.6,SVM,0.5,FGSM_eps0.5,,50,200,FGSM,0.5,1.0,,31
0.15,0.0481927710843373,0.4,0.086021505376344,0.8777777777777778,0.6,SVM,0.5,FGSM_eps0.75,,50,200,FGSM,0.75,1.0,,31
0.175,0.0760233918128654,0.65,0.1361256544502617,0.8777777777777778,0.35,SVM,0.5,PGD_eps0.15_it10,,50,200,PGD,0.15,10.0,,31
0.165,0.0650887573964497,0.55,0.1164021164021164,0.8777777777777778,0.45,SVM,0.5,PGD_eps0.15_it25,,50,200,PGD,0.15,25.0,,31
0.15,0.0481927710843373,0.4,0.086021505376344,0.8777777777777778,0.6,SVM,0.5,PGD_eps0.3_it10,,50,200,PGD,0.3,10.0,,31
0.15,0.0481927710843373,0.4,0.086021505376344,0.8777777777777778,0.6,SVM,0.5,PGD_eps0.3_it25,,50,200,PGD,0.3,25.0,,31
0.15,0.0481927710843373,0.4,0.086021505376344,0.8777777777777778,0.6,SVM,0.5,PGD_eps0.5_it10,,50,200,PGD,0.5,10.0,,31
0.15,0.0481927710843373,0.4,0.086021505376344,0.8777777777777778,0.6,SVM,0.5,PGD_eps0.5_it25,,50,200,PGD,0.5,25.0,,31
0.15,0.0481927710843373,0.4,0.086021505376344,0.8777777777777778,0.6,SVM,0.5,PGD_eps0.75_it10,,50,200,PGD,0.75,10.0,,31
0.15,0.0481927710843373,0.4,0.086021505376344,0.8777777777777778,0.6,SVM,0.5,PGD_eps0.75_it25,,50,200,PGD,0.75,25.0,,31
0.315,0.024390243902439,0.15,0.0419580419580419,0.6666666666666666,0.85,SVM,0.5,CW_c0.0_it10,,50,200,CW,,10.0,0.0,31
0.235,0.0283687943262411,0.2,0.0496894409937888,0.7611111111111111,0.8,SVM,0.5,CW_c0.5_it10,,50,200,CW,,10.0,0.5,31
0.92,1.0,0.2,0.3333333333333333,0.0,0.8,RF,0.5,Clean,0.0051957643032073,50,200,,,,,31
0.9,0.0,0.0,0.0,0.0,1.0,RF,0.5,FGSM_eps0.15,,50,200,FGSM,0.15,1.0,,31
0.895,0.0,0.0,0.0,0.0055555555555555,1.0,RF,0.5,FGSM_eps0.3,,50,200,FGSM,0.3,1.0,,31
0.87,0.125,0.05,0.0714285714285714,0.0388888888888888,0.95,RF,0.5,FGSM_eps0.5,,50,200,FGSM,0.5,1.0,,31
0.64,0.0666666666666666,0.2,0.1,0.3111111111111111,0.8,RF,0.5,FGSM_eps0.75,,50,200,FGSM,0.75,1.0,,31
0.9,0.0,0.0,0.0,0.0,1.0,RF,0.5,PGD_eps0.15_it10,,50,200,PGD,0.15,10.0,,31
0.9,0.0,0.0,0.0,0.0,1.0,RF,0.5,PGD_eps0.15_it25,,50,200,PGD,0.15,25.0,,31
0.9,0.0,0.0,0.0,0.0,1.0,RF,0.5,PGD_eps0.3_it10,,50,200,PGD,0.3,10.0,,31
0.9,0.0,0.0,0.0,0.0,1.0,RF,0.5,PGD_eps0.3_it25,,50,200,PGD,0.3,25.0,,31
0.875,0.0,0.0,0.0,0.0277777777777777,1.0,RF,0.5,PGD_eps0.5_it10,,50,200,PGD,0.5,10.0,,31
0.87,0.0,0.0,0.0,0.0333333333333333,1.0,RF,0.5,PGD_eps0.5_it25,,50,200,PGD,0.5,25.0,,31
0.785,0.1034482758620689,0.15,0.1224489795918367,0.1444444444444444,0.85,RF,0.5,PGD_eps0.75_it10,,50,200,PGD,0.75,10.0,,31
0.785,0.074074074074074,0.1,0.0851063829787234,0.1388888888888889,0.9,RF,0.5,PGD_eps0.75_it25,,50,200,PGD,0.75,25.0,,31
0.9,0.0,0.0,0.0,0.0,1.0,RF,0.5,CW_c0.0_it10,,50,200,CW,,10.0,0.0,31
0.9,0.0,0.0,0.0,0.0,1.0,RF,0.5,CW_c0.5_it10,,50,200,CW,,10.0,0.5,31
0.915,0.6666666666666666,0.3,0.4137931034482758,0.0166666666666666,0.7,MLP,0.5,Clean,0.0019389247894287,50,200,,,,,31
0.195,0.0674846625766871,0.55,0.1202185792349726,0.8444444444444444,0.45,MLP,0.5,FGSM_eps0.15,,50,200,FGSM,0.15,1.0,,31
0.16,0.0595238095238095,0.5,0.1063829787234042,0.8777777777777778,0.5,MLP,0.5,FGSM_eps0.3,,50,200,FGSM,0.3,1.0,,31
0.155,0.0538922155688622,0.45,0.0962566844919786,0.8777777777777778,0.55,MLP,0.5,FGSM_eps0.5,,50,200,FGSM,0.5,1.0,,31
0.15,0.0481927710843373,0.4,0.086021505376344,0.8777777777777778,0.6,MLP,0.5,FGSM_eps0.75,,50,200,FGSM,0.75,1.0,,31
0.18,0.0662650602409638,0.55,0.1182795698924731,0.8611111111111112,0.45,MLP,0.5,PGD_eps0.15_it10,,50,200,PGD,0.15,10.0,,31
0.185,0.0666666666666666,0.55,0.1189189189189189,0.8555555555555555,0.45,MLP,0.5,PGD_eps0.15_it25,,50,200,PGD,0.15,25.0,,31
0.15,0.0481927710843373,0.4,0.086021505376344,0.8777777777777778,0.6,MLP,0.5,PGD_eps0.3_it10,,50,200,PGD,0.3,10.0,,31
0.15,0.0481927710843373,0.4,0.086021505376344,0.8777777777777778,0.6,MLP,0.5,PGD_eps0.3_it25,,50,200,PGD,0.3,25.0,,31
0.15,0.0481927710843373,0.4,0.086021505376344,0.8777777777777778,0.6,MLP,0.5,PGD_eps0.5_it10,,50,200,PGD,0.5,10.0,,31
0.15,0.0481927710843373,0.4,0.086021505376344,0.8777777777777778,0.6,MLP,0.5,PGD_eps0.5_it25,,50,200,PGD,0.5,25.0,,31
0.15,0.0481927710843373,0.4,0.086021505376344,0.8777777777777778,0.6,MLP,0.5,PGD_eps0.75_it10,,50,200,PGD,0.75,10.0,,31
0.15,0.0481927710843373,0.4,0.086021505376344,0.8777777777777778,0.6,MLP,0.5,PGD_eps0.75_it25,,50,200,PGD,0.75,25.0,,31
0.765,0.0909090909090909,0.15,0.1132075471698113,0.1666666666666666,0.85,MLP,0.5,CW_c0.0_it10,,50,200,CW,,10.0,0.0,31
0.685,0.0784313725490196,0.2,0.1126760563380281,0.2611111111111111,0.8,MLP,0.5,CW_c0.5_it10,,50,200,CW,,10.0,0.5,31
0.875,0.3870967741935484,0.6666666666666666,0.4897959183673469,0.1043956043956044,0.3333333333333333,LR,0.1,Clean,0.0001233208179473,50,200,,,,,99
0.2,0.0872093023255814,0.8333333333333334,0.1578947368421052,0.8626373626373627,0.1666666666666666,LR,0.1,FGSM_eps0.15,,50,200,FGSM,0.15,1.0,,99
0.17,0.0595238095238095,0.5555555555555556,0.1075268817204301,0.8681318681318682,0.4444444444444444,LR,0.1,FGSM_eps0.3,,50,200,FGSM,0.3,1.0,,99
0.15,0.0365853658536585,0.3333333333333333,0.0659340659340659,0.8681318681318682,0.6666666666666666,LR,0.1,FGSM_eps0.5,,50,200,FGSM,0.5,1.0,,99
0.15,0.0365853658536585,0.3333333333333333,0.0659340659340659,0.8681318681318682,0.6666666666666666,LR,0.1,FGSM_eps0.75,,50,200,FGSM,0.75,1.0,,99
0.19,0.0813953488372093,0.7777777777777778,0.1473684210526315,0.8681318681318682,0.2222222222222222,LR,0.1,PGD_eps0.15_it10,,50,200,PGD,0.15,10.0,,99
0.185,0.0809248554913294,0.7777777777777778,0.1465968586387434,0.8736263736263736,0.2222222222222222,LR,0.1,PGD_eps0.15_it25,,50,200,PGD,0.15,25.0,,99
0.17,0.0647058823529411,0.6111111111111112,0.1170212765957446,0.8736263736263736,0.3888888888888889,LR,0.1,PGD_eps0.3_it10,,50,200,PGD,0.3,10.0,,99
0.165,0.059171597633136,0.5555555555555556,0.106951871657754,0.8736263736263736,0.4444444444444444,LR,0.1,PGD_eps0.3_it25,,50,200,PGD,0.3,25.0,,99
0.14,0.036144578313253,0.3333333333333333,0.0652173913043478,0.8791208791208791,0.6666666666666666,LR,0.1,PGD_eps0.5_it10,,50,200,PGD,0.5,10.0,,99
0.145,0.0419161676646706,0.3888888888888889,0.0756756756756756,0.8791208791208791,0.6111111111111112,LR,0.1,PGD_eps0.5_it25,,50,200,PGD,0.5,25.0,,99
0.14,0.036144578313253,0.3333333333333333,0.0652173913043478,0.8791208791208791,0.6666666666666666,LR,0.1,PGD_eps0.75_it10,,50,200,PGD,0.75,10.0,,99
0.145,0.0363636363636363,0.3333333333333333,0.0655737704918032,0.8736263736263736,0.6666666666666666,LR,0.1,PGD_eps0.75_it25,,50,200,PGD,0.75,25.0,,99
0.23,0.0405405405405405,0.3333333333333333,0.072289156626506,0.7802197802197802,0.6666666666666666,LR,0.1,CW_c0.0_it10,,50,200,CW,,10.0,0.0,99
0.135,0.0359281437125748,0.3333333333333333,0.0648648648648648,0.8846153846153846,0.6666666666666666,LR,0.1,CW_c0.5_it10,,50,200,CW,,10.0,0.5,99
0.88,0.4,0.6666666666666666,0.5,0.0989010989010989,0.3333333333333333,SVM,0.1,Clean,0.0001185035705566,50,200,,,,,99
0.15,0.0365853658536585,0.3333333333333333,0.0659340659340659,0.8681318681318682,0.6666666666666666,SVM,0.1,FGSM_eps0.15,,50,200,FGSM,0.15,1.0,,99
0.15,0.0365853658536585,0.3333333333333333,0.0659340659340659,0.8681318681318682,0.6666666666666666,SVM,0.1,FGSM_eps0.3,,50,200,FGSM,0.3,1.0,,99
0.15,0.0365853658536585,0.3333333333333333,0.0659340659340659,0.8681318681318682,0.6666666666666666,SVM,0.1,FGSM_eps0.5,,50,200,FGSM,0.5,1.0,,99
0.15,0.0365853658536585,0.3333333333333333,0.0659340659340659,0.8681318681318682,0.6666666666666666,SVM,0.1,FGSM_eps0.75,,50,200,FGSM,0.75,1.0,,99
0.145,0.0363636363636363,0.3333333333333333,0.0655737704918032,0.8736263736263736,0.6666666666666666,SVM,0.1,PGD_eps0.15_it10,,50,200,PGD,0.15,10.0,,99
0.145,0.0363636363636363,0.3333333333333333,0.0655737704918032,0.8736263736263736,0.6666666666666666,SVM,0.1,PGD_eps0.15_it25,,50,200,PGD,0.15,25.0,,99
0.145,0.0363636363636363,0.3333333333333333,0.0655737704918032,0.8736263736263736,0.6666666666666666,SVM,0.1,PGD_eps0.3_it10,,50,200,PGD,0.3,10.0,,99
0.145,0.0363636363636363,0.3333333333333333,0.0655737704918032,0.8736263736263736,0.6666666666666666,SVM,0.1,PGD_eps0.3_it25,,50,200,PGD,0.3,25.0,,99
0.14,0.036144578313253,0.3333333333333333,0.0652173913043478,0.8791208791208791,0.6666666666666666,SVM,0.1,PGD_eps0.5_it10,,50,200,PGD,0.5,10.0,,99
0.14,0.036144578313253,0.3333333333333333,0.0652173913043478,0.8791208791208791,0.6666666666666666,SVM,0.1,PGD_eps0.5_it25,,50,200,PGD,0.5,25.0,,99
0.135,0.0359281437125748,0.3333333333333333,0.0648648648648648,0.8846153846153846,0.6666666666666666,SVM,0.1,PGD_eps0.75_it10,,50,200,PGD,0.75,10.0,,99
0.135,0.0359281437125748,0.3333333333333333,0.0648648648648648,0.8846153846153846,0.6666666666666666,SVM,0.1,PGD_eps0.75_it25,,50,200,PGD,0.75,25.0,,99
0.205,0.0331125827814569,0.2777777777777778,0.059171597633136,0.8021978021978022,0.7222222222222222,SVM,0.1,CW_c0.0_it10,,50,200,CW,,10.0,0.0,99
0.14,0.0304878048780487,0.2777777777777778,0.0549450549450549,0.8736263736263736,0.7222222222222222,SVM,0.1,CW_c0.5_it10,,50,200,CW,,10.0,0.5,99
0.965,1.0,0.6111111111111112,0.7586206896551724,0.0,0.3888888888888889,RF,0.1,Clean,0.0046687984466552,50,200,,,,,99
0.885,0.0,0.0,0.0,0.0274725274725274,1.0,RF,0.1,FGSM_eps0.15,,50,200,FGSM,0.15,1.0,,99
0.855,0.0,0.0,0.0,0.0604395604395604,1.0,RF,0.1,FGSM_eps0.3,,50,200,FGSM,0.3,1.0,,99
0.785,0.0967741935483871,0.1666666666666666,0.1224489795918367,0.1538461538461538,0.8333333333333334,RF,0.1,FGSM_eps0.5,,50,200,FGSM,0.5,1.0,,99
0.305,0.0381679389312977,0.2777777777777778,0.0671140939597315,0.6923076923076923,0.7222222222222222,RF,0.1,FGSM_eps0.75,,50,200,FGSM,0.75,1.0,,99
0.88,0.0,0.0,0.0,0.0329670329670329,1.0,RF,0.1,PGD_eps0.15_it10,,50,200,PGD,0.15,10.0,,99
0.88,0.0,0.0,0.0,0.0329670329670329,1.0,RF,0.1,PGD_eps0.15_it25,,50,200,PGD,0.15,25.0,,99
0.845,0.0,0.0,0.0,0.0714285714285714,1.0,RF,0.1,PGD_eps0.3_it10,,50,200,PGD,0.3,10.0,,99
0.845,0.0,0.0,0.0,0.0714285714285714,1.0,RF,0.1,PGD_eps0.3_it25,,50,200,PGD,0.3,25.0,,99
0.765,0.032258064516129,0.0555555555555555,0.0408163265306122,0.1648351648351648,0.9444444444444444,RF,0.1,PGD_eps0.5_it10,,50,200,PGD,0.5,10.0,,99
0.765,0.0606060606060606,0.1111111111111111,0.0784313725490196,0.1703296703296703,0.8888888888888888,RF,0.1,PGD_eps0.5_it25,,50,200,PGD,0.5,25.0,,99
0.54,0.0131578947368421,0.0555555555555555,0.0212765957446808,0.412087912087912,0.9444444444444444,RF,0.1,PGD_eps0.75_it10,,50,200,PGD,0.75,10.0,,99
0.345,0.017094017094017,0.1111111111111111,0.0296296296296296,0.6318681318681318,0.8888888888888888,RF,0.1,PGD_eps0.75_it25,,50,200,PGD,0.75,25.0,,99
0.885,0.0,0.0,0.0,0.0274725274725274,1.0,RF,0.1,CW_c0.0_it10,,50,200,CW,,10.0,0.0,99
0.88,0.125,0.0555555555555555,0.0769230769230769,0.0384615384615384,0.9444444444444444,RF,0.1,CW_c0.5_it10,,50,200,CW,,10.0,0.5,99
0.88,0.40625,0.7222222222222222,0.52,0.1043956043956044,0.2777777777777778,MLP,0.1,Clean,0.0020494496822357,50,200,,,,,99
0.37,0.1029411764705882,0.7777777777777778,0.1818181818181818,0.6703296703296703,0.2222222222222222,MLP,0.1,FGSM_eps0.15,,50,200,FGSM,0.15,1.0,,99
0.165,0.0484848484848484,0.4444444444444444,0.087431693989071,0.8626373626373627,0.5555555555555556,MLP,0.1,FGSM_eps0.3,,50,200,FGSM,0.3,1.0,,99
0.145,0.0363636363636363,0.3333333333333333,0.0655737704918032,0.8736263736263736,0.6666666666666666,MLP,0.1,FGSM_eps0.5,,50,200,FGSM,0.5,1.0,,99
0.15,0.0365853658536585,0.3333333333333333,0.0659340659340659,0.8681318681318682,0.6666666666666666,MLP,0.1,FGSM_eps0.75,,50,200,FGSM,0.75,1.0,,99
0.34,0.0985915492957746,0.7777777777777778,0.175,0.7032967032967034,0.2222222222222222,MLP,0.1,PGD_eps0.15_it10,,50,200,PGD,0.15,10.0,,99
0.345,0.0992907801418439,0.7777777777777778,0.1761006289308176,0.6978021978021978,0.2222222222222222,MLP,0.1,PGD_eps0.15_it25,,50,200,PGD,0.15,25.0,,99
0.155,0.0479041916167664,0.4444444444444444,0.0864864864864864,0.8736263736263736,0.5555555555555556,MLP,0.1,PGD_eps0.3_it10,,50,200,PGD,0.3,10.0,,99
0.155,0.0479041916167664,0.4444444444444444,0.0864864864864864,0.8736263736263736,0.5555555555555556,MLP,0.1,PGD_eps0.3_it25,,50,200,PGD,0.3,25.0,,99
0.145,0.0363636363636363,0.3333333333333333,0.0655737704918032,0.8736263736263736,0.6666666666666666,MLP,0.1,PGD_eps0.5_it10,,50,200,PGD,0.5,10.0,,99
0.145,0.0363636363636363,0.3333333333333333,0.0655737704918032,0.8736263736263736,0.6666666666666666,MLP,0.1,PGD_eps0.5_it25,,50,200,PGD,0.5,25.0,,99
0.145,0.0363636363636363,0.3333333333333333,0.0655737704918032,0.8736263736263736,0.6666666666666666,MLP,0.1,PGD_eps0.75_it10,,50,200,PGD,0.75,10.0,,99
0.145,0.0363636363636363,0.3333333333333333,0.0655737704918032,0.8736263736263736,0.6666666666666666,MLP,0.1,PGD_eps0.75_it25,,50,200,PGD,0.75,25.0,,99
0.38,0.043103448275862,0.2777777777777778,0.0746268656716417,0.6098901098901099,0.7222222222222222,MLP,0.1,CW_c0.0_it10,,50,200,CW,,10.0,0.0,99
0.14,0.0304878048780487,0.2777777777777778,0.0549450549450549,0.8736263736263736,0.7222222222222222,MLP,0.1,CW_c0.5_it10,,50,200,CW,,10.0,0.5,99
0.87,0.3823529411764705,0.7222222222222222,0.5,0.1153846153846153,0.2777777777777778,LR,0.25,Clean,0.0001193368434906,50,200,,,,,99
0.205,0.0828402366863905,0.7777777777777778,0.1497326203208556,0.8516483516483516,0.2222222222222222,LR,0.25,FGSM_eps0.15,,50,200,FGSM,0.15,1.0,,99
0.165,0.0538922155688622,0.5,0.0972972972972973,0.8681318681318682,0.5,LR,0.25,FGSM_eps0.3,,50,200,FGSM,0.3,1.0,,99
0.15,0.0365853658536585,0.3333333333333333,0.0659340659340659,0.8681318681318682,0.6666666666666666,LR,0.25,FGSM_eps0.5,,50,200,FGSM,0.5,1.0,,99
0.15,0.0365853658536585,0.3333333333333333,0.0659340659340659,0.8681318681318682,0.6666666666666666,LR,0.25,FGSM_eps0.75,,50,200,FGSM,0.75,1.0,,99
0.21,0.0833333333333333,0.7777777777777778,0.1505376344086021,0.8461538461538461,0.2222222222222222,LR,0.25,PGD_eps0.15_it10,,50,200,PGD,0.15,10.0,,99
0.195,0.0818713450292397,0.7777777777777778,0.1481481481481481,0.8626373626373627,0.2222222222222222,LR,0.25,PGD_eps0.15_it25,,50,200,PGD,0.15,25.0,,99
0.17,0.0647058823529411,0.6111111111111112,0.1170212765957446,0.8736263736263736,0.3888888888888889,LR,0.25,PGD_eps0.3_it10,,50,200,PGD,0.3,10.0,,99
0.175,0.0701754385964912,0.6666666666666666,0.1269841269841269,0.8736263736263736,0.3333333333333333,LR,0.25,PGD_eps0.3_it25,,50,200,PGD,0.3,25.0,,99
0.14,0.036144578313253,0.3333333333333333,0.0652173913043478,0.8791208791208791,0.6666666666666666,LR,0.25,PGD_eps0.5_it10,,50,200,PGD,0.5,10.0,,99
0.145,0.0419161676646706,0.3888888888888889,0.0756756756756756,0.8791208791208791,0.6111111111111112,LR,0.25,PGD_eps0.5_it25,,50,200,PGD,0.5,25.0,,99
0.145,0.0363636363636363,0.3333333333333333,0.0655737704918032,0.8736263736263736,0.6666666666666666,LR,0.25,PGD_eps0.75_it10,,50,200,PGD,0.75,10.0,,99
0.145,0.0363636363636363,0.3333333333333333,0.0655737704918032,0.8736263736263736,0.6666666666666666,LR,0.25,PGD_eps0.75_it25,,50,200,PGD,0.75,25.0,,99
0.23,0.0405405405405405,0.3333333333333333,0.072289156626506,0.7802197802197802,0.6666666666666666,LR,0.25,CW_c0.0_it10,,50,200,CW,,10.0,0.0,99
0.145,0.0419161676646706,0.3888888888888889,0.0756756756756756,0.8791208791208791,0.6111111111111112,LR,0.25,CW_c0.5_it10,,50,200,CW,,10.0,0.5,99
0.745,0.2,0.6111111111111112,0.3013698630136986,0.2417582417582417,0.3888888888888889,SVM,0.25,Clean,0.0001202356815338,50,200,,,,,99
0.15,0.0365853658536585,0.3333333333333333,0.0659340659340659,0.8681318681318682,0.6666666666666666,SVM,0.25,FGSM_eps0.15,,50,200,FGSM,0.15,1.0,,99
0.15,0.0365853658536585,0.3333333333333333,0.0659340659340659,0.8681318681318682,0.6666666666666666,SVM,0.25,FGSM_eps0.3,,50,200,FGSM,0.3,1.0,,99
0.15,0.0365853658536585,0.3333333333333333,0.0659340659340659,0.8681318681318682,0.6666666666666666,SVM,0.25,FGSM_eps0.5,,50,200,FGSM,0.5,1.0,,99
0.15,0.0365853658536585,0.3333333333333333,0.0659340659340659,0.8681318681318682,0.6666666666666666,SVM,0.25,FGSM_eps0.75,,50,200,FGSM,0.75,1.0,,99
0.145,0.0363636363636363,0.3333333333333333,0.0655737704918032,0.8736263736263736,0.6666666666666666,SVM,0.25,PGD_eps0.15_it10,,50,200,PGD,0.15,10.0,,99
0.145,0.0363636363636363,0.3333333333333333,0.0655737704918032,0.8736263736263736,0.6666666666666666,SVM,0.25,PGD_eps0.15_it25,,50,200,PGD,0.15,25.0,,99
0.145,0.0363636363636363,0.3333333333333333,0.0655737704918032,0.8736263736263736,0.6666666666666666,SVM,0.25,PGD_eps0.3_it10,,50,200,PGD,0.3,10.0,,99
0.145,0.0363636363636363,0.3333333333333333,0.0655737704918032,0.8736263736263736,0.6666666666666666,SVM,0.25,PGD_eps0.3_it25,,50,200,PGD,0.3,25.0,,99
0.14,0.036144578313253,0.3333333333333333,0.0652173913043478,0.8791208791208791,0.6666666666666666,SVM,0.25,PGD_eps0.5_it10,,50,200,PGD,0.5,10.0,,99
0.14,0.036144578313253,0.3333333333333333,0.0652173913043478,0.8791208791208791,0.6666666666666666,SVM,0.25,PGD_eps0.5_it25,,50,200,PGD,0.5,25.0,,99
0.135,0.0359281437125748,0.3333333333333333,0.0648648648648648,0.8846153846153846,0.6666666666666666,SVM,0.25,PGD_eps0.75_it10,,50,200,PGD,0.75,10.0,,99
0.135,0.0359281437125748,0.3333333333333333,0.0648648648648648,0.8846153846153846,0.6666666666666666,SVM,0.25,PGD_eps0.75_it25,,50,200,PGD,0.75,25.0,,99
0.175,0.0318471337579617,0.2777777777777778,0.0571428571428571,0.8351648351648352,0.7222222222222222,SVM,0.25,CW_c0.0_it10,,50,200,CW,,10.0,0.0,99
0.14,0.0304878048780487,0.2777777777777778,0.0549450549450549,0.8736263736263736,0.7222222222222222,SVM,0.25,CW_c0.5_it10,,50,200,CW,,10.0,0.5,99
0.955,1.0,0.5,0.6666666666666666,0.0,0.5,RF,0.25,Clean,0.0045376348495483,50,200,,,,,99
0.91,0.0,0.0,0.0,0.0,1.0,RF,0.25,FGSM_eps0.15,,50,200,FGSM,0.15,1.0,,99
0.865,0.0,0.0,0.0,0.0494505494505494,1.0,RF,0.25,FGSM_eps0.3,,50,200,FGSM,0.3,1.0,,99
0.79,0.0384615384615384,0.0555555555555555,0.0454545454545454,0.1373626373626373,0.9444444444444444,RF,0.25,FGSM_eps0.5,,50,200,FGSM,0.5,1.0,,99
0.335,0.04,0.2777777777777778,0.0699300699300699,0.6593406593406593,0.7222222222222222,RF,0.25,FGSM_eps0.75,,50,200,FGSM,0.75,1.0,,99
0.91,0.0,0.0,0.0,0.0,1.0,RF,0.25,PGD_eps0.15_it10,,50,200,PGD,0.15,10.0,,99
0.915,1.0,0.0555555555555555,0.1052631578947368,0.0,0.9444444444444444,RF,0.25,PGD_eps0.15_it25,,50,200,PGD,0.15,25.0,,99
0.87,0.0,0.0,0.0,0.0439560439560439,1.0,RF,0.25,PGD_eps0.3_it10,,50,200,PGD,0.3,10.0,,99
0.865,0.0,0.0,0.0,0.0494505494505494,1.0,RF,0.25,PGD_eps0.3_it25,,50,200,PGD,0.3,25.0,,99
0.76,0.03125,0.0555555555555555,0.04,0.1703296703296703,0.9444444444444444,RF,0.25,PGD_eps0.5_it10,,50,200,PGD,0.5,10.0,,99
0.76,0.03125,0.0555555555555555,0.04,0.1703296703296703,0.9444444444444444,RF,0.25,PGD_eps0.5_it25,,50,200,PGD,0.5,25.0,,99
0.61,0.0161290322580645,0.0555555555555555,0.025,0.3351648351648351,0.9444444444444444,RF,0.25,PGD_eps0.75_it10,,50,200,PGD,0.75,10.0,,99
0.53,0.0128205128205128,0.0555555555555555,0.0208333333333333,0.4230769230769231,0.9444444444444444,RF,0.25,PGD_eps0.75_it25,,50,200,PGD,0.75,25.0,,99
0.905,0.0,0.0,0.0,0.0054945054945054,1.0,RF,0.25,CW_c0.0_it10,,50,200,CW,,10.0,0.0,99
0.895,0.0,0.0,0.0,0.0164835164835164,1.0,RF,0.25,CW_c0.5_it10,,50,200,CW,,10.0,0.5,99
0.91,0.5,0.6111111111111112,0.55,0.0604395604395604,0.3888888888888889,MLP,0.25,Clean,0.0016750037670135,50,200,,,,,99
0.39,0.1119402985074626,0.8333333333333334,0.1973684210526315,0.6538461538461539,0.1666666666666666,MLP,0.25,FGSM_eps0.15,,50,200,FGSM,0.15,1.0,,99
0.16,0.0481927710843373,0.4444444444444444,0.0869565217391304,0.8681318681318682,0.5555555555555556,MLP,0.25,FGSM_eps0.3,,50,200,FGSM,0.3,1.0,,99
0.15,0.0365853658536585,0.3333333333333333,0.0659340659340659,0.8681318681318682,0.6666666666666666,MLP,0.25,FGSM_eps0.5,,50,200,FGSM,0.5,1.0,,99
0.15,0.0365853658536585,0.3333333333333333,0.0659340659340659,0.8681318681318682,0.6666666666666666,MLP,0.25,FGSM_eps0.75,,50,200,FGSM,0.75,1.0,,99
0.405,0.1145038167938931,0.8333333333333334,0.2013422818791946,0.6373626373626373,0.1666666666666666,MLP,0.25,PGD_eps0.15_it10,,50,200,PGD,0.15,10.0,,99
0.375,0.1037037037037037,0.7777777777777778,0.1830065359477124,0.6648351648351648,0.2222222222222222,MLP,0.25,PGD_eps0.15_it25,,50,200,PGD,0.15,25.0,,99
0.155,0.0479041916167664,0.4444444444444444,0.0864864864864864,0.8736263736263736,0.5555555555555556,MLP,0.25,PGD_eps0.3_it10,,50,200,PGD,0.3,10.0,,99
0.155,0.0479041916167664,0.4444444444444444,0.0864864864864864,0.8736263736263736,0.5555555555555556,MLP,0.25,PGD_eps0.3_it25,,50,200,PGD,0.3,25.0,,99
0.145,0.0363636363636363,0.3333333333333333,0.0655737704918032,0.8736263736263736,0.6666666666666666,MLP,0.25,PGD_eps0.5_it10,,50,200,PGD,0.5,10.0,,99
0.145,0.0363636363636363,0.3333333333333333,0.0655737704918032,0.8736263736263736,0.6666666666666666,MLP,0.25,PGD_eps0.5_it25,,50,200,PGD,0.5,25.0,,99
0.145,0.0363636363636363,0.3333333333333333,0.0655737704918032,0.8736263736263736,0.6666666666666666,MLP,0.25,PGD_eps0.75_it10,,50,200,PGD,0.75,10.0,,99
0.145,0.0363636363636363,0.3333333333333333,0.0655737704918032,0.8736263736263736,0.6666666666666666,MLP,0.25,PGD_eps0.75_it25,,50,200,PGD,0.75,25.0,,99
0.585,0.0547945205479452,0.2222222222222222,0.0879120879120879,0.3791208791208791,0.7777777777777778,MLP,0.25,CW_c0.0_it10,,50,200,CW,,10.0,0.0,99
0.275,0.0364963503649635,0.2777777777777778,0.064516129032258,0.7252747252747253,0.7222222222222222,MLP,0.25,CW_c0.5_it10,,50,200,CW,,10.0,0.5,99
0.78,0.24,0.6666666666666666,0.3529411764705882,0.2087912087912088,0.3333333333333333,LR,0.5,Clean,0.00011199593544,50,200,,,,,99
0.28,0.0961538461538461,0.8333333333333334,0.1724137931034483,0.7747252747252747,0.1666666666666666,LR,0.5,FGSM_eps0.15,,50,200,FGSM,0.15,1.0,,99
0.18,0.0654761904761904,0.6111111111111112,0.1182795698924731,0.8626373626373627,0.3888888888888889,LR,0.5,FGSM_eps0.3,,50,200,FGSM,0.3,1.0,,99
0.15,0.0365853658536585,0.3333333333333333,0.0659340659340659,0.8681318681318682,0.6666666666666666,LR,0.5,FGSM_eps0.5,,50,200,FGSM,0.5,1.0,,99
0.15,0.0365853658536585,0.3333333333333333,0.0659340659340659,0.8681318681318682,0.6666666666666666,LR,0.5,FGSM_eps0.75,,50,200,FGSM,0.75,1.0,,99
0.24,0.0759493670886076,0.6666666666666666,0.1363636363636363,0.8021978021978022,0.3333333333333333,LR,0.5,PGD_eps0.15_it10,,50,200,PGD,0.15,10.0,,99
0.25,0.0875,0.7777777777777778,0.1573033707865168,0.8021978021978022,0.2222222222222222,LR,0.5,PGD_eps0.15_it25,,50,200,PGD,0.15,25.0,,99
0.175,0.0701754385964912,0.6666666666666666,0.1269841269841269,0.8736263736263736,0.3333333333333333,LR,0.5,PGD_eps0.3_it10,,50,200,PGD,0.3,10.0,,99
0.18,0.0705882352941176,0.6666666666666666,0.1276595744680851,0.8681318681318682,0.3333333333333333,LR,0.5,PGD_eps0.3_it25,,50,200,PGD,0.3,25.0,,99
0.14,0.036144578313253,0.3333333333333333,0.0652173913043478,0.8791208791208791,0.6666666666666666,LR,0.5,PGD_eps0.5_it10,,50,200,PGD,0.5,10.0,,99
0.145,0.0419161676646706,0.3888888888888889,0.0756756756756756,0.8791208791208791,0.6111111111111112,LR,0.5,PGD_eps0.5_it25,,50,200,PGD,0.5,25.0,,99
0.145,0.0363636363636363,0.3333333333333333,0.0655737704918032,0.8736263736263736,0.6666666666666666,LR,0.5,PGD_eps0.75_it10,,50,200,PGD,0.75,10.0,,99
0.145,0.0363636363636363,0.3333333333333333,0.0655737704918032,0.8736263736263736,0.6666666666666666,LR,0.5,PGD_eps0.75_it25,,50,200,PGD,0.75,25.0,,99
0.27,0.0555555555555555,0.4444444444444444,0.0987654320987654,0.7472527472527473,0.5555555555555556,LR,0.5,CW_c0.0_it10,,50,200,CW,,10.0,0.0,99
0.17,0.0432098765432098,0.3888888888888889,0.0777777777777777,0.8516483516483516,0.6111111111111112,LR,0.5,CW_c0.5_it10,,50,200,CW,,10.0,0.5,99
0.695,0.1884057971014492,0.7222222222222222,0.2988505747126437,0.3076923076923077,0.2777777777777778,SVM,0.5,Clean,0.0001110339164733,50,200,,,,,99
0.15,0.0365853658536585,0.3333333333333333,0.0659340659340659,0.8681318681318682,0.6666666666666666,SVM,0.5,FGSM_eps0.15,,50,200,FGSM,0.15,1.0,,99
0.15,0.0365853658536585,0.3333333333333333,0.0659340659340659,0.8681318681318682,0.6666666666666666,SVM,0.5,FGSM_eps0.3,,50,200,FGSM,0.3,1.0,,99
0.15,0.0365853658536585,0.3333333333333333,0.0659340659340659,0.8681318681318682,0.6666666666666666,SVM,0.5,FGSM_eps0.5,,50,200,FGSM,0.5,1.0,,99
0.15,0.0365853658536585,0.3333333333333333,0.0659340659340659,0.8681318681318682,0.6666666666666666,SVM,0.5,FGSM_eps0.75,,50,200,FGSM,0.75,1.0,,99
0.15,0.0365853658536585,0.3333333333333333,0.0659340659340659,0.8681318681318682,0.6666666666666666,SVM,0.5,PGD_eps0.15_it10,,50,200,PGD,0.15,10.0,,99
0.145,0.0363636363636363,0.3333333333333333,0.0655737704918032,0.8736263736263736,0.6666666666666666,SVM,0.5,PGD_eps0.15_it25,,50,200,PGD,0.15,25.0,,99
0.145,0.0363636363636363,0.3333333333333333,0.0655737704918032,0.8736263736263736,0.6666666666666666,SVM,0.5,PGD_eps0.3_it10,,50,200,PGD,0.3,10.0,,99
0.145,0.0363636363636363,0.3333333333333333,0.0655737704918032,0.8736263736263736,0.6666666666666666,SVM,0.5,PGD_eps0.3_it25,,50,200,PGD,0.3,25.0,,99
0.14,0.036144578313253,0.3333333333333333,0.0652173913043478,0.8791208791208791,0.6666666666666666,SVM,0.5,PGD_eps0.5_it10,,50,200,PGD,0.5,10.0,,99
0.14,0.036144578313253,0.3333333333333333,0.0652173913043478,0.8791208791208791,0.6666666666666666,SVM,0.5,PGD_eps0.5_it25,,50,200,PGD,0.5,25.0,,99
0.135,0.0359281437125748,0.3333333333333333,0.0648648648648648,0.8846153846153846,0.6666666666666666,SVM,0.5,PGD_eps0.75_it10,,50,200,PGD,0.75,10.0,,99
0.135,0.0359281437125748,0.3333333333333333,0.0648648648648648,0.8846153846153846,0.6666666666666666,SVM,0.5,PGD_eps0.75_it25,,50,200,PGD,0.75,25.0,,99
0.195,0.0326797385620915,0.2777777777777778,0.0584795321637426,0.8131868131868132,0.7222222222222222,SVM,0.5,CW_c0.0_it10,,50,200,CW,,10.0,0.0,99
0.15,0.025,0.2222222222222222,0.0449438202247191,0.8571428571428571,0.7777777777777778,SVM,0.5,CW_c0.5_it10,,50,200,CW,,10.0,0.5,99
0.92,1.0,0.1111111111111111,0.2,0.0,0.8888888888888888,RF,0.5,Clean,0.0046338963508605,50,200,,,,,99
0.91,0.0,0.0,0.0,0.0,1.0,RF,0.5,FGSM_eps0.15,,50,200,FGSM,0.15,1.0,,99
0.91,0.0,0.0,0.0,0.0,1.0,RF,0.5,FGSM_eps0.3,,50,200,FGSM,0.3,1.0,,99
0.88,0.0,0.0,0.0,0.0329670329670329,1.0,RF,0.5,FGSM_eps0.5,,50,200,FGSM,0.5,1.0,,99
0.785,0.0689655172413793,0.1111111111111111,0.0851063829787234,0.1483516483516483,0.8888888888888888,RF,0.5,FGSM_eps0.75,,50,200,FGSM,0.75,1.0,,99
0.915,1.0,0.0555555555555555,0.1052631578947368,0.0,0.9444444444444444,RF,0.5,PGD_eps0.15_it10,,50,200,PGD,0.15,10.0,,99
0.915,1.0,0.0555555555555555,0.1052631578947368,0.0,0.9444444444444444,RF,0.5,PGD_eps0.15_it25,,50,200,PGD,0.15,25.0,,99
0.91,0.0,0.0,0.0,0.0,1.0,RF,0.5,PGD_eps0.3_it10,,50,200,PGD,0.3,10.0,,99
0.91,0.0,0.0,0.0,0.0,1.0,RF,0.5,PGD_eps0.3_it25,,50,200,PGD,0.3,25.0,,99
0.855,0.0769230769230769,0.0555555555555555,0.064516129032258,0.0659340659340659,0.9444444444444444,RF,0.5,PGD_eps0.5_it10,,50,200,PGD,0.5,10.0,,99
0.865,0.0,0.0,0.0,0.0494505494505494,1.0,RF,0.5,PGD_eps0.5_it25,,50,200,PGD,0.5,25.0,,99
0.78,0.0357142857142857,0.0555555555555555,0.0434782608695652,0.1483516483516483,0.9444444444444444,RF,0.5,PGD_eps0.75_it10,,50,200,PGD,0.75,10.0,,99
0.76,0.03125,0.0555555555555555,0.04,0.1703296703296703,0.9444444444444444,RF,0.5,PGD_eps0.75_it25,,50,200,PGD,0.75,25.0,,99
0.91,0.0,0.0,0.0,0.0,1.0,RF,0.5,CW_c0.0_it10,,50,200,CW,,10.0,0.0,99
0.91,0.0,0.0,0.0,0.0,1.0,RF,0.5,CW_c0.5_it10,,50,200,CW,,10.0,0.5,99
0.935,0.6470588235294118,0.6111111111111112,0.6285714285714286,0.0329670329670329,0.3888888888888889,MLP,0.5,Clean,0.0016874587535858,50,200,,,,,99
0.575,0.1397849462365591,0.7222222222222222,0.2342342342342342,0.4395604395604395,0.2777777777777778,MLP,0.5,FGSM_eps0.15,,50,200,FGSM,0.15,1.0,,99
0.175,0.0490797546012269,0.4444444444444444,0.0883977900552486,0.8516483516483516,0.5555555555555556,MLP,0.5,FGSM_eps0.3,,50,200,FGSM,0.3,1.0,,99
0.15,0.0365853658536585,0.3333333333333333,0.0659340659340659,0.8681318681318682,0.6666666666666666,MLP,0.5,FGSM_eps0.5,,50,200,FGSM,0.5,1.0,,99
0.15,0.0365853658536585,0.3333333333333333,0.0659340659340659,0.8681318681318682,0.6666666666666666,MLP,0.5,FGSM_eps0.75,,50,200,FGSM,0.75,1.0,,99
0.575,0.1318681318681318,0.6666666666666666,0.2201834862385321,0.4340659340659341,0.3333333333333333,MLP,0.5,PGD_eps0.15_it10,,50,200,PGD,0.15,10.0,,99
0.6,0.1555555555555555,0.7777777777777778,0.2592592592592592,0.4175824175824176,0.2222222222222222,MLP,0.5,PGD_eps0.15_it25,,50,200,PGD,0.15,25.0,,99
0.16,0.0481927710843373,0.4444444444444444,0.0869565217391304,0.8681318681318682,0.5555555555555556,MLP,0.5,PGD_eps0.3_it10,,50,200,PGD,0.3,10.0,,99
0.16,0.0481927710843373,0.4444444444444444,0.0869565217391304,0.8681318681318682,0.5555555555555556,MLP,0.5,PGD_eps0.3_it25,,50,200,PGD,0.3,25.0,,99
0.145,0.0363636363636363,0.3333333333333333,0.0655737704918032,0.8736263736263736,0.6666666666666666,MLP,0.5,PGD_eps0.5_it10,,50,200,PGD,0.5,10.0,,99
0.145,0.0363636363636363,0.3333333333333333,0.0655737704918032,0.8736263736263736,0.6666666666666666,MLP,0.5,PGD_eps0.5_it25,,50,200,PGD,0.5,25.0,,99
0.145,0.0363636363636363,0.3333333333333333,0.0655737704918032,0.8736263736263736,0.6666666666666666,MLP,0.5,PGD_eps0.75_it10,,50,200,PGD,0.75,10.0,,99
0.145,0.0363636363636363,0.3333333333333333,0.0655737704918032,0.8736263736263736,0.6666666666666666,MLP,0.5,PGD_eps0.75_it25,,50,200,PGD,0.75,25.0,,99
0.725,0.0697674418604651,0.1666666666666666,0.0983606557377049,0.2197802197802197,0.8333333333333334,MLP,0.5,CW_c0.0_it10,,50,200,CW,,10.0,0.0,99
0.58,0.054054054054054,0.2222222222222222,0.0869565217391304,0.3846153846153846,0.7777777777777778,MLP,0.5,CW_c0.5_it10,,50,200,CW,,10.0,0.5,99
