accuracy,precision,recall,f1,fpr,fnr,model,defense_attack,ratio,eval_attack,adv_train_s,family,epsilon,iters,confidence,retrain_s,seed
0.9200021758247736,0.9404319480133364,0.8803451086416317,0.9093970757351734,0.04675,0.1196548913583682,MLP,FGSM,0.3,FGSM_eps0.15,129.69620943069458,FGSM,0.15,1,,,42
0.8481727604870221,0.8680515947878734,0.7866528835258334,0.8253501444378396,0.10025,0.2133471164741665,MLP,FGSM,0.3,FGSM_eps0.3,129.69620943069458,FGSM,0.3,1,,,42
0.8512370470431448,0.8634043830681477,0.8004293978490349,0.8307251101230696,0.1061666666666666,0.1995706021509651,MLP,FGSM,0.3,FGSM_eps0.5,129.69620943069458,FGSM,0.5,1,,,42
0.7393633899349973,0.8185069157110769,0.5505635846768583,0.6583154066485221,0.10235,0.4494364153231417,MLP,FGSM,0.3,FGSM_eps0.75,129.69620943069458,FGSM,0.75,1,,,42
0.9305911897228544,0.9392703376387944,0.9064071725344413,0.9225461829512576,0.0491333333333333,0.0935928274655587,MLP,FGSM,0.3,PGD_eps0.15_it10,129.69620943069458,PGD,0.15,10,,,42
0.901625522424594,0.9225611584765006,0.8561517205733257,0.8881167190802701,0.06025,0.1438482794266743,MLP,FGSM,0.3,PGD_eps0.15_it25,129.69620943069458,PGD,0.15,25,,,42
0.8866757930428003,0.9163417696425032,0.8270083295230901,0.8693862197237258,0.0633,0.1729916704769099,MLP,FGSM,0.3,PGD_eps0.3_it10,129.69620943069458,PGD,0.3,10,,,42
0.8783895270300899,0.8996554787545232,0.8253980875892094,0.8609285255147532,0.0771833333333333,0.1746019124107906,MLP,FGSM,0.3,PGD_eps0.3_it25,129.69620943069458,PGD,0.3,25,,,42
0.8583628731766135,0.8250478011472275,0.8749577559986482,0.8492701328522224,0.15555,0.1250422440013518,MLP,FGSM,0.3,PGD_eps0.5_it10,129.69620943069458,PGD,0.5,10,,,42
0.847257100894808,0.8204440527959235,0.8514005128918752,0.8356356825099508,0.1562166666666666,0.1485994871081247,MLP,FGSM,0.3,PGD_eps0.5_it25,129.69620943069458,PGD,0.5,25,,,42
0.7387106425029237,0.7570109111791731,0.6289286921257181,0.6870514143004506,0.16925,0.3710713078742818,MLP,FGSM,0.3,PGD_eps0.75_it10,129.69620943069458,PGD,0.75,10,,,42
0.7538960862351886,0.7592298220082839,0.6741347434546647,0.7141563474012299,0.1792333333333333,0.3258652565453352,MLP,FGSM,0.3,PGD_eps0.75_it25,129.69620943069458,PGD,0.75,25,,,42
0.961750813667806,0.9321617465021194,0.9880325229111584,0.9592843149554628,0.0602833333333333,0.0119674770888416,MLP,FGSM,0.3,CW_c0.0_it10,129.69620943069458,CW,,10,0.0,,42
0.962222242368748,0.9336742367273274,0.9872969802993856,0.959737185371274,0.0588,0.0127030197006142,MLP,FGSM,0.3,CW_c0.5_it10,129.69620943069458,CW,,10,0.5,,42
0.9962285703924644,0.9975068312822866,0.9942150567560584,0.995858223815213,0.0020833333333333,0.0057849432439417,MLP,FGSM,0.3,Clean,129.69620943069458,Clean,0.0,0,,,42
0.9221145390424558,0.9669741614795576,0.8585372641790748,0.9095350918759544,0.0245833333333333,0.1414627358209252,LR,FGSM,0.3,Clean,,Clean,0.0,0,,0.5644097328186035,42
0.8249005013462916,0.7992891773386646,0.822614953382502,0.8107843329349296,0.1731833333333333,0.1773850466174979,LR,FGSM,0.3,FGSM_eps0.15,,FGSM,0.15,1,,0.5644097328186035,42
0.7866150512678712,0.7446260144768589,0.8098324155616962,0.7758615764062813,0.23285,0.1901675844383038,LR,FGSM,0.3,FGSM_eps0.3,,FGSM,0.3,1,,0.5644097328186035,42
0.6676427658359246,0.6578429784575515,0.5651750392620718,0.6079982891360137,0.24645,0.4348249607379281,LR,FGSM,0.3,FGSM_eps0.5,,FGSM,0.5,1,,0.5644097328186035,42
0.5388792689228761,0.4906467129877071,0.2919905373436972,0.3661062575555527,0.2541333333333333,0.7080094626563028,LR,FGSM,0.3,FGSM_eps0.75,,FGSM,0.75,1,,0.5644097328186035,42
0.850847211771212,0.8267786465875084,0.8513011152416357,0.8388607024623401,0.1495333333333333,0.1486988847583643,LR,FGSM,0.3,PGD_eps0.15_it10,,PGD,0.15,10,,0.5644097328186035,42
0.8620708412282531,0.8475052983936459,0.8506053316899589,0.8490524853656116,0.1283166666666666,0.1493946683100411,LR,FGSM,0.3,PGD_eps0.15_it25,,PGD,0.15,25,,0.5644097328186035,42
0.8404485825408193,0.8003342761635381,0.8662505218376637,0.8319888495355564,0.1811833333333333,0.1337494781623362,LR,FGSM,0.3,PGD_eps0.3_it10,,PGD,0.3,10,,0.5644097328186035,42
0.8380279774802136,0.7984798571875518,0.8625131701886567,0.8292622324159021,0.1825,0.1374868298113432,LR,FGSM,0.3,PGD_eps0.3_it25,,PGD,0.3,25,,0.5644097328186035,42
0.8352991305766843,0.7917635095874491,0.8668270282090531,0.8275966785290628,0.1911333333333333,0.1331729717909468,LR,FGSM,0.3,PGD_eps0.5_it10,,PGD,0.5,10,,0.5644097328186035,42
0.8287716562559495,0.7810017889087657,0.8679005228316402,0.8221613325423952,0.2040333333333333,0.1320994771683597,LR,FGSM,0.3,PGD_eps0.5_it25,,PGD,0.5,25,,0.5644097328186035,42
0.8177474774031531,0.7671526131417855,0.8619963024074111,0.8118137140182542,0.21935,0.1380036975925889,LR,FGSM,0.3,PGD_eps0.75_it10,,PGD,0.75,10,,0.5644097328186035,42
0.818926049155508,0.7668860652564148,0.8662704013677117,0.8135542590431739,0.2207666666666666,0.1337295986322883,LR,FGSM,0.3,PGD_eps0.75_it25,,PGD,0.75,25,,0.5644097328186035,42
0.9101021731049926,0.949133693645604,0.8483390652644971,0.8959103123950286,0.0381166666666666,0.1516609347355028,LR,FGSM,0.3,CW_c0.0_it10,,CW,,10,0.0,0.5644097328186035,42
0.9092771728783442,0.9479921732556588,0.8475637635926286,0.8949694049980583,0.0389833333333333,0.1524362364073713,LR,FGSM,0.3,CW_c0.5_it10,,CW,,10,0.5,0.5644097328186035,42
0.922495308377832,0.9672978780553316,0.8590938910204162,0.9099906295075754,0.02435,0.1409061089795837,SVM,FGSM,0.3,Clean,,Clean,0.0,0,,3.0335240364074707,42
0.8378103950028558,0.8210670206232542,0.8239071228356162,0.8224846199642786,0.1505333333333333,0.1760928771643838,SVM,FGSM,0.3,FGSM_eps0.15,,FGSM,0.15,1,,3.0335240364074707,42
0.7948922513440251,0.7568912070981754,0.8106077172335646,0.782829058516357,0.2182833333333333,0.1893922827664354,SVM,FGSM,0.3,FGSM_eps0.3,,FGSM,0.3,1,,3.0335240364074707,42
0.6677515570746035,0.6593832434577585,0.5615172057332565,0.6065278076014602,0.2431833333333333,0.4384827942667435,SVM,FGSM,0.3,FGSM_eps0.5,,FGSM,0.5,1,,3.0335240364074707,42
0.5258243202814067,0.4691928527418361,0.3027652426296642,0.3680388579437671,0.2871666666666667,0.6972347573703358,SVM,FGSM,0.3,FGSM_eps0.75,,FGSM,0.75,1,,3.0335240364074707,42
0.8737115037668967,0.8699977620898013,0.8501083434387611,0.8599380630630631,0.1065,0.1498916565612389,SVM,FGSM,0.3,PGD_eps0.15_it10,,PGD,0.15,10,,3.0335240364074707,42
0.8702936456850675,0.8630678608892116,0.8505258135697672,0.8567509386733416,0.1131333333333333,0.1494741864302328,SVM,FGSM,0.3,PGD_eps0.15_it25,,PGD,0.15,25,,3.0335240364074707,42
0.8435763306528381,0.8072324997675931,0.863109556090094,0.8342364153408655,0.1728,0.1368904439099059,SVM,FGSM,0.3,PGD_eps0.3_it10,,PGD,0.3,10,,3.0335240364074707,42
0.8422345720424649,0.8059135285913529,0.8615390732163092,0.8327984780645286,0.17395,0.1384609267836908,SVM,FGSM,0.3,PGD_eps0.3_it25,,PGD,0.3,25,,3.0335240364074707,42
0.8361241308033326,0.7930846323141563,0.8668071486790052,0.8283087327368401,0.1896,0.1331928513209947,SVM,FGSM,0.3,PGD_eps0.5_it10,,PGD,0.5,10,,3.0335240364074707,42
0.8292068212106651,0.7817234339744279,0.8678011251814007,0.8225163691177163,0.20315,0.1321988748185993,SVM,FGSM,0.3,PGD_eps0.5_it25,,PGD,0.5,25,,3.0335240364074707,42
0.8349999546703172,0.7962023214186857,0.8577420829771584,0.8258273202289127,0.1840666666666666,0.1422579170228415,SVM,FGSM,0.3,PGD_eps0.75_it10,,PGD,0.75,10,,3.0335240364074707,42
0.8241570945486524,0.7746849392986012,0.866409558078047,0.8179838966986356,0.2112666666666666,0.1335904419219529,SVM,FGSM,0.3,PGD_eps0.75_it25,,PGD,0.75,25,,3.0335240364074707,42
0.9127131628332864,0.9549878073334974,0.84859749915512,0.8986547651628387,0.0335333333333333,0.15140250084488,SVM,FGSM,0.3,CW_c0.0_it10,,CW,,10,0.0,3.0335240364074707,42
0.9110812942531028,0.9509565914608344,0.8487962944555991,0.8969769542656667,0.0367,0.1512037055444009,SVM,FGSM,0.3,CW_c0.5_it10,,CW,,10,0.5,3.0335240364074707,42
0.9998005493957554,0.9999005786323596,0.9996620479891856,0.9997812990834444,8.333333333333333e-05,0.0003379520108144,RF,FGSM,0.3,Clean,,Clean,0.0,0,,16.50400161743164,42
0.6730188662139742,0.9985990473521996,0.2834025803630002,0.4415057526440484,0.0003333333333333,0.7165974196369997,RF,FGSM,0.3,FGSM_eps0.15,,FGSM,0.15,1,,16.50400161743164,42
0.7228271216558027,0.9986352608168216,0.3927598751565513,0.5637850100589268,0.00045,0.6072401248434487,RF,FGSM,0.3,FGSM_eps0.3,,FGSM,0.3,1,,16.50400161743164,42
0.5451075673372437,0.992248062015504,0.0025445798461324,0.0050761421319796,1.6666666666666667e-05,0.9974554201538676,RF,FGSM,0.3,FGSM_eps0.5,,FGSM,0.5,1,,16.50400161743164,42
0.5433306437721549,0.3814432989690721,0.0022066278353179,0.0043878720796932,0.003,0.997793372164682,RF,FGSM,0.3,FGSM_eps0.75,,FGSM,0.75,1,,16.50400161743164,42
0.707297172334388,0.9983955739972338,0.3587459992445778,0.5278305887858668,0.0004833333333333,0.6412540007554222,RF,FGSM,0.3,PGD_eps0.15_it10,,PGD,0.15,10,,16.50400161743164,42
0.7075147548117459,0.9989490569168648,0.3590243126652486,0.5282091778538212,0.0003166666666666,0.6409756873347514,RF,FGSM,0.3,PGD_eps0.15_it25,,PGD,0.15,25,,16.50400161743164,42
0.7407958079109362,0.9859009936442574,0.4378864083653062,0.6064285222658132,0.00525,0.5621135916346938,RF,FGSM,0.3,PGD_eps0.3_it10,,PGD,0.3,10,,16.50400161743164,42
0.7443859187873403,0.9986466979429808,0.4400930362006242,0.6109478274068249,0.0005,0.5599069637993758,RF,FGSM,0.3,PGD_eps0.3_it25,,PGD,0.3,25,,16.50400161743164,42
0.5486704804039781,0.6218369259606373,0.0263801363735761,0.0506131166924118,0.01345,0.9736198636264238,RF,FGSM,0.3,PGD_eps0.5_it10,,PGD,0.5,10,,16.50400161743164,42
0.5592232305558326,0.7919556171983356,0.0454048466294256,0.0858856487487544,0.01,0.9545951533705744,RF,FGSM,0.3,PGD_eps0.5_it25,,PGD,0.5,25,,16.50400161743164,42
0.5216358575922686,0.2216191768430574,0.0194819394469514,0.0358154408405664,0.0573666666666666,0.9805180605530486,RF,FGSM,0.3,PGD_eps0.75_it10,,PGD,0.75,10,,16.50400161743164,42
0.5128056353861635,0.121919014084507,0.0110132596465419,0.0202016518679234,0.0665,0.988986740353458,RF,FGSM,0.3,PGD_eps0.75_it25,,PGD,0.75,25,,16.50400161743164,42
0.8045021440939957,0.9994786054433592,0.5716160069975946,0.7272865236746257,0.00025,0.4283839930024054,RF,FGSM,0.3,CW_c0.0_it10,,CW,,10,0.0,16.50400161743164,42
0.8032510448491882,0.9996855236032006,0.5687533546706955,0.7250196396442057,0.00015,0.4312466453293044,RF,FGSM,0.3,CW_c0.5_it10,,CW,,10,0.5,16.50400161743164,42
0.9084703045248088,0.9960275358385352,0.8024968689740175,0.8888497445834067,0.0026833333333333,0.1975031310259825,MLP,FGSM,0.5,FGSM_eps0.15,132.57350492477417,FGSM,0.15,1,,,42
0.8528417178136587,0.8839678139157482,0.7796552889489693,0.8285412485475864,0.0858,0.2203447110510307,MLP,FGSM,0.5,FGSM_eps0.3,132.57350492477417,FGSM,0.3,1,,,42
0.545443006989837,0.501543616580701,0.5296503190664573,0.5152139231327049,0.4413166666666667,0.4703496809335427,MLP,FGSM,0.5,FGSM_eps0.5,132.57350492477417,FGSM,0.5,1,,,42
0.3726734540311687,0.3413019739605208,0.4038725324533328,0.3699603015624431,0.6534833333333333,0.5961274675466672,MLP,FGSM,0.5,FGSM_eps0.75,132.57350492477417,FGSM,0.75,1,,,42
0.9412708629865008,0.994292932710744,0.8762499254517623,0.9315468013610332,0.0042166666666666,0.1237500745482376,MLP,FGSM,0.5,PGD_eps0.15_it10,132.57350492477417,PGD,0.15,10,,,42
0.9409354233339076,0.9943774556293186,0.875434864719798,0.9311230692786688,0.00415,0.1245651352802019,MLP,FGSM,0.5,PGD_eps0.15_it25,132.57350492477417,PGD,0.15,25,,,42
0.8271397876757658,0.9518574239092698,0.654036538576228,0.7753308117407237,0.0277333333333333,0.3459634614237719,MLP,FGSM,0.5,PGD_eps0.3_it10,132.57350492477417,PGD,0.3,10,,,42
0.881870846667815,0.9579105137718372,0.7750233584478063,0.8568163337069515,0.02855,0.2249766415521937,MLP,FGSM,0.5,PGD_eps0.3_it25,132.57350492477417,PGD,0.3,25,,,42
0.7297081675022438,0.7292295988006534,0.647873884261376,0.6861485988588752,0.2016833333333333,0.3521261157386239,MLP,FGSM,0.5,PGD_eps0.5_it10,132.57350492477417,PGD,0.5,10,,,42
0.7223556929548607,0.7167849116467633,0.6467208715185973,0.6799527636405438,0.2142333333333333,0.3532791284814027,MLP,FGSM,0.5,PGD_eps0.5_it25,132.57350492477417,PGD,0.5,25,,,42
0.6845960671967217,0.6561072312677361,0.6480726795618551,0.652065206520652,0.2847833333333333,0.3519273204381448,MLP,FGSM,0.5,PGD_eps0.75_it10,132.57350492477417,PGD,0.75,10,,,42
0.601397967417024,0.5666975451597962,0.5350973102995845,0.5504442694859971,0.3430166666666667,0.4649026897004155,MLP,FGSM,0.5,PGD_eps0.75_it25,132.57350492477417,PGD,0.75,25,,,42
0.9850049409354232,0.9797258652992802,0.9875554141900086,0.9836250594012356,0.0171333333333333,0.0124445858099914,MLP,FGSM,0.5,CW_c0.0_it10,132.57350492477417,CW,,10,0.0,,42
0.9838626329292948,0.9774288131924356,0.9874162574796732,0.9823971518987342,0.0191166666666666,0.0125837425203268,MLP,FGSM,0.5,CW_c0.5_it10,132.57350492477417,CW,,10,0.5,,42
0.995294778927137,0.9975016988447856,0.9921674651611236,0.9948274315556574,0.0020833333333333,0.0078325348388764,MLP,FGSM,0.5,Clean,132.57350492477417,Clean,0.0,0,,,42
0.9276447603419672,0.9717330242097284,0.8665487147883824,0.9161316085371108,0.0211333333333333,0.1334512852116176,LR,FGSM,0.5,Clean,,Clean,0.0,0,,0.5119235515594482,42
0.8365139660752654,0.8099665731740116,0.8381607458799674,0.8238225035903749,0.1648666666666666,0.1618392541200326,LR,FGSM,0.5,FGSM_eps0.15,,FGSM,0.15,1,,0.5119235515594482,42
0.7360361912187339,0.7141528695898276,0.7022841580025048,0.7081687882128896,0.2356666666666666,0.2977158419974952,LR,FGSM,0.5,FGSM_eps0.3,,FGSM,0.3,1,,0.5119235515594482,42
0.655086443705067,0.6327427878367842,0.5807804703496809,0.6056491318994558,0.2826166666666667,0.419219529650319,LR,FGSM,0.5,FGSM_eps0.5,,FGSM,0.5,1,,0.5119235515594482,42
0.528127068166777,0.478265199422397,0.3818857722203447,0.424675855818015,0.3492666666666666,0.6181142277796553,LR,FGSM,0.5,FGSM_eps0.75,,FGSM,0.75,1,,0.5119235515594482,42
0.8488345738556522,0.8259697962507028,0.8469872572212392,0.8363465049172605,0.1496166666666666,0.1530127427787607,LR,FGSM,0.5,PGD_eps0.15_it10,,PGD,0.15,10,,0.5119235515594482,42
0.8609375991586811,0.8513122462923516,0.8421565314195972,0.8467096387348224,0.1233166666666666,0.1578434685804027,LR,FGSM,0.5,PGD_eps0.15_it25,,PGD,0.15,25,,0.5119235515594482,42
0.8176114883548045,0.7728365601894535,0.8498697890781862,0.8095247112289339,0.2094333333333333,0.1501302109218138,LR,FGSM,0.5,PGD_eps0.3_it10,,PGD,0.3,10,,0.5119235515594482,42
0.8092164311034151,0.7617130896796007,0.8464505099099457,0.8018493060394343,0.222,0.1535494900900542,LR,FGSM,0.5,PGD_eps0.3_it25,,PGD,0.3,25,,0.5119235515594482,42
0.7962249440178417,0.7501078593514058,0.8295131503091266,0.7878147095751008,0.2316833333333333,0.1704868496908733,LR,FGSM,0.5,PGD_eps0.5_it10,,PGD,0.5,10,,0.5119235515594482,42
0.7964606583683127,0.7506208832739445,0.8291553187682643,0.7879360341554185,0.23095,0.1708446812317356,LR,FGSM,0.5,PGD_eps0.5_it25,,PGD,0.5,25,,0.5119235515594482,42
0.7826260391829778,0.7308812179891953,0.828360137566348,0.7765736383543773,0.2557166666666666,0.171639862433652,LR,FGSM,0.5,PGD_eps0.75_it10,,PGD,0.75,10,,0.5119235515594482,42
0.7326636628196875,0.7058486125121145,0.7094407888197523,0.7076401419761654,0.2478666666666666,0.2905592111802477,LR,FGSM,0.5,PGD_eps0.75_it25,,PGD,0.75,25,,0.5119235515594482,42
0.8971650816387587,0.9145915804707784,0.8542830447488221,0.8834092240643855,0.0668833333333333,0.1457169552511778,LR,FGSM,0.5,CW_c0.0_it10,,CW,,10,0.0,0.5119235515594482,42
0.8946447512760306,0.9100971120817608,0.8532691887163787,0.8807674549838403,0.0706666666666666,0.1467308112836212,LR,FGSM,0.5,CW_c0.5_it10,,CW,,10,0.5,0.5119235515594482,42
0.9252604190275876,0.9713971890340948,0.8614794346261654,0.9131424236677412,0.0212666666666666,0.1385205653738345,SVM,FGSM,0.5,Clean,,Clean,0.0,0,,2.6534132957458496,42
0.8462145181908017,0.8374084119337732,0.8224757966721666,0.8298749360639461,0.1338833333333333,0.1775242033278333,SVM,FGSM,0.5,FGSM_eps0.15,,FGSM,0.15,1,,2.6534132957458496,42
0.7304697061729962,0.7110181139352165,0.6890245114605491,0.6998485613326603,0.2347833333333333,0.3109754885394509,SVM,FGSM,0.5,FGSM_eps0.3,,FGSM,0.3,1,,2.6534132957458496,42
0.6426117150032185,0.6222421927656706,0.5505834642069062,0.5842236824064211,0.2802333333333333,0.4494165357930939,SVM,FGSM,0.5,FGSM_eps0.5,,FGSM,0.5,1,,2.6534132957458496,42
0.4910927173331641,0.4196189793498938,0.3025664473291851,0.351606717952272,0.35085,0.6974335526708149,SVM,FGSM,0.5,FGSM_eps0.75,,FGSM,0.75,1,,2.6534132957458496,42
0.8637480394912196,0.8656549322054982,0.8300498976204203,0.8474786120949491,0.108,0.1699501023795797,SVM,FGSM,0.5,PGD_eps0.15_it10,,PGD,0.15,10,,2.6534132957458496,42
0.8620527093551399,0.8649042161532542,0.8266306184521798,0.8453344175645456,0.10825,0.1733693815478202,SVM,FGSM,0.5,PGD_eps0.15_it25,,PGD,0.15,25,,2.6534132957458496,42
0.816487312221789,0.7875274988043998,0.8184004930123452,0.8026672385891712,0.1851166666666666,0.1815995069876548,SVM,FGSM,0.5,PGD_eps0.3_it10,,PGD,0.3,10,,2.6534132957458496,42
0.8182007742309819,0.7867516020172146,0.8249607379281554,0.8054032547622976,0.1874666666666666,0.1750392620718446,SVM,FGSM,0.5,PGD_eps0.3_it25,,PGD,0.3,25,,2.6534132957458496,42
0.8066235732482344,0.7664575937609212,0.8283800170963959,0.7962166809974205,0.2116166666666666,0.1716199829036041,SVM,FGSM,0.5,PGD_eps0.5_it10,,PGD,0.5,10,,2.6534132957458496,42
0.8063425292149805,0.7659132671811834,0.8285986919269228,0.7960237961097372,0.2123166666666666,0.1714013080730771,SVM,FGSM,0.5,PGD_eps0.5_it25,,PGD,0.5,25,,2.6534132957458496,42
0.7991713733987289,0.7553934643369078,0.8276245949545753,0.7898611216513622,0.2246833333333333,0.1723754050454247,SVM,FGSM,0.5,PGD_eps0.75_it10,,PGD,0.75,10,,2.6534132957458496,42
0.742382346808337,0.7213804543523558,0.7089040415084588,0.715087831876153,0.22955,0.2910959584915412,SVM,FGSM,0.5,PGD_eps0.75_it25,,PGD,0.75,25,,2.6534132957458496,42
0.9017705774094992,0.9307040900955956,0.8477227998330119,0.8872774939919477,0.0529166666666666,0.152277200166988,SVM,FGSM,0.5,CW_c0.0_it10,,CW,,10,0.0,2.6534132957458496,42
0.9040279956120868,0.935579390669211,0.847941474663539,0.889607274699147,0.04895,0.152058525336461,SVM,FGSM,0.5,CW_c0.5_it10,,CW,,10,0.5,2.6534132957458496,42
0.999809615332312,0.999900580609242,0.9996819275192336,0.9997912421094488,8.333333333333333e-05,0.0003180724807665,RF,FGSM,0.5,Clean,,Clean,0.0,0,,22.273268461227417,42
0.7165444276220955,0.9986902079949704,0.3789436017732541,0.5494163424124514,0.0004166666666666,0.621056398226746,RF,FGSM,0.5,FGSM_eps0.15,,FGSM,0.15,1,,22.273268461227417,42
0.705565578452082,0.9991040430059356,0.3546905751148043,0.5235251830225496,0.0002666666666666,0.6453094248851957,RF,FGSM,0.5,FGSM_eps0.3,,FGSM,0.3,1,,22.273268461227417,42
0.5109380524555089,0.1276073619631902,0.0124048267498956,0.022611563060533,0.0711,0.9875951732501044,RF,FGSM,0.5,FGSM_eps0.5,,FGSM,0.5,1,,22.273268461227417,42
0.5294144311578107,0.0969849246231155,0.0038367492992465,0.0073814850936071,0.02995,0.9961632507007534,RF,FGSM,0.5,FGSM_eps0.75,,FGSM,0.75,1,,22.273268461227417,42
0.7085664034523086,0.9989009177336924,0.361350217680854,0.5307153284671533,0.0003333333333333,0.6386497823191459,RF,FGSM,0.5,PGD_eps0.15_it10,,PGD,0.15,10,,22.273268461227417,42
0.7081856341169325,0.997856318364206,0.3608929884897521,0.5300747488904461,0.00065,0.6391070115102478,RF,FGSM,0.5,PGD_eps0.15_it25,,PGD,0.15,25,,22.273268461227417,42
0.7147312403107803,0.9704310474002298,0.3862393893008369,0.5525567373869518,0.0098666666666666,0.6137606106991631,RF,FGSM,0.5,PGD_eps0.3_it10,,PGD,0.3,10,,22.273268461227417,42
0.6621034785998567,0.9585503166783956,0.2707790787825775,0.4222714801667881,0.0098166666666666,0.7292209212174224,RF,FGSM,0.5,PGD_eps0.3_it25,,PGD,0.3,25,,22.273268461227417,42
0.520321296791565,0.2074074074074074,0.0183686857642685,0.0337484933708316,0.05885,0.9816313142357316,RF,FGSM,0.5,PGD_eps0.5_it10,,PGD,0.5,10,,22.273268461227417,42
0.5052809080442056,0.1114754098360655,0.0121662723893207,0.0219382359794239,0.0813,0.9878337276106792,RF,FGSM,0.5,PGD_eps0.5_it25,,PGD,0.5,25,,22.273268461227417,42
0.5109924480748483,0.0983208130799823,0.0088463908713198,0.0162322858341388,0.0680166666666666,0.9911536091286802,RF,FGSM,0.5,PGD_eps0.75_it10,,PGD,0.75,10,,22.273268461227417,42
0.4510756733724377,0.0367188206565976,0.0080710891994513,0.0132333767926988,0.1775166666666666,0.9919289108005488,RF,FGSM,0.5,PGD_eps0.75_it25,,PGD,0.75,25,,22.273268461227417,42
0.778836477702329,0.9948808068459658,0.5177027215076636,0.6810235489480773,0.0022333333333333,0.4822972784923364,RF,FGSM,0.5,CW_c0.0_it10,,CW,,10,0.0,22.273268461227417,42
0.7786460930346409,0.9946119454316176,0.5174244080869929,0.6807197405586358,0.00235,0.4825755919130072,RF,FGSM,0.5,CW_c0.5_it10,,CW,,10,0.5,22.273268461227417,42
0.9884227990172524,0.9858484956594126,0.9888078245830269,0.9873259426144088,0.0119,0.0111921754169731,MLP,PGD,0.3,FGSM_eps0.15,738.3521239757538,FGSM,0.15,1,,,42
0.9569458672928208,0.9735933796315548,0.9308391149633224,0.9517363334247996,0.0211666666666666,0.0691608850366777,MLP,PGD,0.3,FGSM_eps0.3,738.3521239757538,FGSM,0.3,1,,,42
0.7577853730179597,0.929367217650914,0.5074448840029422,0.6564569429978526,0.0323333333333333,0.4925551159970578,MLP,PGD,0.3,FGSM_eps0.5,738.3521239757538,FGSM,0.5,1,,,42
0.6141265423424567,0.6467020470053071,0.3391447826173389,0.4449486848454025,0.1553333333333333,0.6608552173826611,MLP,PGD,0.3,FGSM_eps0.75,738.3521239757538,FGSM,0.75,1,,,42
0.9883230737151302,0.9856336074507084,0.9888078245830269,0.9872181644966656,0.0120833333333333,0.0111921754169731,MLP,PGD,0.3,PGD_eps0.15_it10,738.3521239757538,PGD,0.15,10,,,42
0.9883865352710262,0.9857510899722552,0.9888277041130747,0.9872870001885612,0.0119833333333333,0.0111722958869252,MLP,PGD,0.3,PGD_eps0.15_it25,738.3521239757538,PGD,0.15,25,,,42
0.9765373561915812,0.98679834316146,0.9614138321770074,0.9739407120992428,0.0107833333333333,0.0385861678229926,MLP,PGD,0.3,PGD_eps0.3_it10,738.3521239757538,PGD,0.3,10,,,42
0.9759027406326212,0.984502430393134,0.9623084110291632,0.9732789126588388,0.0127,0.0376915889708367,MLP,PGD,0.3,PGD_eps0.3_it25,738.3521239757538,PGD,0.3,25,,,42
0.9083887110957998,0.9690986323110676,0.8254378466493052,0.8915178906912581,0.0220666666666666,0.1745621533506947,MLP,PGD,0.3,PGD_eps0.5_it10,738.3521239757538,PGD,0.5,10,,,42
0.9069018975005212,0.9657715934475056,0.8250998946384908,0.8899109124240183,0.0245166666666666,0.1749001053615092,MLP,PGD,0.3,PGD_eps0.5_it25,738.3521239757538,PGD,0.5,25,,,42
0.8371939113170086,0.9461994757897642,0.681768482993062,0.792508203540232,0.0325,0.3182315170069379,MLP,PGD,0.3,PGD_eps0.75_it10,738.3521239757538,PGD,0.75,10,,,42
0.8344559984769226,0.9276619598003364,0.6908733077550047,0.7919467675409612,0.0451666666666666,0.3091266922449953,MLP,PGD,0.3,PGD_eps0.75_it25,738.3521239757538,PGD,0.75,25,,,42
0.9896648323255034,0.9947867393973552,0.9824861340277916,0.9885981757081131,0.0043166666666666,0.0175138659722084,MLP,PGD,0.3,CW_c0.0_it10,738.3521239757538,CW,,10,0.0,,42
0.9896195026427204,0.9947662949394098,0.9824066159076,0.9885478240865764,0.0043333333333333,0.0175933840924,MLP,PGD,0.3,CW_c0.5_it10,738.3521239757538,CW,,10,0.5,,42
0.9933456025674732,0.9961762527276732,0.9892054151839852,0.9926785963652324,0.0031833333333333,0.0107945848160149,MLP,PGD,0.3,Clean,738.3521239757538,Clean,0.0,0,,,42
0.9230573964443396,0.9643333037221284,0.8632089537403336,0.9109733455014634,0.0267666666666666,0.1367910462596664,LR,PGD,0.3,Clean,,Clean,0.0,0,,0.7084438800811768,42
0.790041975286257,0.7491006534028338,0.8113631393753852,0.7789897601801751,0.2278333333333333,0.1886368606246148,LR,PGD,0.3,FGSM_eps0.15,,FGSM,0.15,1,,0.7084438800811768,42
0.6329655585070215,0.6164815869400152,0.516490070174741,0.5620734042207968,0.2693833333333333,0.4835099298252589,LR,PGD,0.3,FGSM_eps0.3,,FGSM,0.3,1,,0.7084438800811768,42
0.4549014985993128,0.2934522057277429,0.1387193606743136,0.1883858427148295,0.2800166666666667,0.8612806393256863,LR,PGD,0.3,FGSM_eps0.5,,FGSM,0.5,1,,0.7084438800811768,42
0.4381748456524301,0.2577242524916943,0.1233723634773274,0.1668660849925386,0.2979,0.8766276365226726,LR,PGD,0.3,FGSM_eps0.75,,FGSM,0.75,1,,0.7084438800811768,42
0.7706227391820712,0.7226675216415518,0.8065522931037911,0.7623091737517027,0.2595,0.1934477068962089,LR,PGD,0.3,PGD_eps0.15_it10,,PGD,0.15,10,,0.7084438800811768,42
0.7716925196957471,0.7241496234429097,0.8066516907540305,0.7631774452918552,0.2576166666666666,0.1933483092459694,LR,PGD,0.3,PGD_eps0.15_it25,,PGD,0.15,25,,0.7084438800811768,42
0.693462553149053,0.6528557922251266,0.7000974096972348,0.6756518235711682,0.3121,0.2999025903027652,LR,PGD,0.3,PGD_eps0.3_it10,,PGD,0.3,10,,0.7084438800811768,42
0.6909059590400987,0.6503868920598986,0.6967775281792339,0.672783461619671,0.3140166666666666,0.3032224718207661,LR,PGD,0.3,PGD_eps0.3_it25,,PGD,0.3,25,,0.7084438800811768,42
0.6940699708983437,0.6439876169605899,0.7360992386139992,0.6869695086316453,0.3411666666666667,0.2639007613860008,LR,PGD,0.3,PGD_eps0.5_it10,,PGD,0.5,10,,0.7084438800811768,42
0.6844872759580428,0.632880141272481,0.7338329721885375,0.6796280953696032,0.3568833333333333,0.2661670278114625,LR,PGD,0.3,PGD_eps0.5_it25,,PGD,0.5,25,,0.7084438800811768,42
0.6033743415863576,0.5494328124057202,0.7240721229350138,0.6247780779621768,0.4978166666666667,0.2759278770649861,LR,PGD,0.3,PGD_eps0.75_it10,,PGD,0.75,10,,0.7084438800811768,42
0.5878897219477258,0.5366909960931585,0.7045703039580145,0.6092778985912103,0.5099333333333333,0.2954296960419855,LR,PGD,0.3,PGD_eps0.75_it25,,PGD,0.75,25,,0.7084438800811768,42
0.8506296292938542,0.8244049331568751,0.8544619605192533,0.8391643889105818,0.1525833333333333,0.1455380394807466,LR,PGD,0.3,CW_c0.0_it10,,CW,,10,0.0,0.7084438800811768,42
0.8478917164537683,0.8197424892703863,0.854322803808918,0.8366754925628845,0.1575,0.145677196191082,LR,PGD,0.3,CW_c0.5_it10,,CW,,10,0.5,0.7084438800811768,42
0.9232931107948108,0.965469674720776,0.8626523268989921,0.9111696710726622,0.0258666666666666,0.1373476731010079,SVM,PGD,0.3,Clean,,Clean,0.0,0,,3.137490510940552,42
0.7988631315558054,0.7601643318466976,0.8165914557779854,0.7873682192831128,0.216,0.1834085442220145,SVM,PGD,0.3,FGSM_eps0.15,,FGSM,0.15,1,,3.137490510940552,42
0.6740886467276502,0.6648823745634994,0.5753334791165536,0.6168750199827349,0.2431166666666666,0.4246665208834463,SVM,PGD,0.3,FGSM_eps0.3,,FGSM,0.3,1,,3.137490510940552,42
0.5091339310807503,0.4366568818232791,0.2631850983042761,0.3284215226613083,0.2846666666666667,0.736814901695724,SVM,PGD,0.3,FGSM_eps0.5,,FGSM,0.5,1,,3.137490510940552,42
0.4323907781293346,0.2546650717703349,0.126970558415999,0.1694546515792685,0.31155,0.873029441584001,SVM,PGD,0.3,FGSM_eps0.75,,FGSM,0.75,1,,3.137490510940552,42
0.7894708212831927,0.7483629560336763,0.8110848259547144,0.7784625364904314,0.22865,0.1889151740452855,SVM,PGD,0.3,PGD_eps0.15_it10,,PGD,0.15,10,,3.137490510940552,42
0.7895977443949848,0.7485187019610001,0.8111643440749061,0.7785834223782628,0.2284833333333333,0.1888356559250939,SVM,PGD,0.3,PGD_eps0.15_it25,,PGD,0.15,25,,3.137490510940552,42
0.77674224635776,0.7222693512923946,0.8293541140687434,0.772116523541605,0.2673666666666666,0.1706458859312566,SVM,PGD,0.3,PGD_eps0.3_it10,,PGD,0.3,10,,3.137490510940552,42
0.7137430532261135,0.6812620983352691,0.6996401805061329,0.6903288447770269,0.2744333333333333,0.3003598194938671,SVM,PGD,0.3,PGD_eps0.3_it25,,PGD,0.3,25,,3.137490510940552,42
0.7094095355520702,0.6641068987842601,0.7340914060791602,0.6973476729583502,0.3112833333333333,0.2659085939208397,SVM,PGD,0.3,PGD_eps0.5_it10,,PGD,0.5,10,,3.137490510940552,42
0.7073334360806143,0.6608931664375123,0.7357811661332326,0.6963294640001505,0.3165166666666666,0.2642188338667673,SVM,PGD,0.3,PGD_eps0.5_it25,,PGD,0.5,25,,3.137490510940552,42
0.6580419390225107,0.6065862583005828,0.7118462119555494,0.6550144052682124,0.3870666666666666,0.2881537880444506,SVM,PGD,0.3,PGD_eps0.75_it10,,PGD,0.75,10,,3.137490510940552,42
0.6412608904562885,0.5888390418329001,0.7071148838041469,0.6425797127630747,0.41395,0.2928851161958531,SVM,PGD,0.3,PGD_eps0.75_it25,,PGD,0.75,25,,3.137490510940552,42
0.8683263374522905,0.8558470749706601,0.8553366598413613,0.8555917912822144,0.1207833333333333,0.1446633401586386,SVM,PGD,0.3,CW_c0.0_it10,,CW,,10,0.0,3.137490510940552,42
0.8601216648685892,0.8407793933708568,0.8552372621911218,0.8479467039843896,0.1357833333333333,0.1447627378088782,SVM,PGD,0.3,CW_c0.5_it10,,CW,,10,0.5,3.137490510940552,42
0.9997914834591988,0.9998806967310904,0.9996620479891856,0.9997713604055868,0.0001,0.0003379520108144,RF,PGD,0.3,Clean,,Clean,0.0,0,,16.87818694114685,42
0.8092980245324243,0.9993516686002868,0.5822117965131304,0.7357710811591655,0.0003166666666666,0.4177882034868695,RF,PGD,0.3,FGSM_eps0.15,,FGSM,0.15,1,,16.87818694114685,42
0.8699310082228044,0.9993888888888888,0.715225732063694,0.8337601242135267,0.0003666666666666,0.284774267936306,RF,PGD,0.3,FGSM_eps0.3,,FGSM,0.3,1,,16.87818694114685,42
0.5464583918841736,0.8709677419354839,0.0064409677355227,0.0127873704982733,0.0008,0.9935590322644772,RF,PGD,0.3,FGSM_eps0.5,,FGSM,0.5,1,,16.87818694114685,42
0.5427866875787604,0.3298153034300791,0.0024849412559887,0.0049327177301606,0.0042333333333333,0.9975150587440113,RF,PGD,0.3,FGSM_eps0.75,,FGSM,0.75,1,,16.87818694114685,42
0.8442109462117984,0.998674978167254,0.6592648549788283,0.7942282361393845,0.0007333333333333,0.3407351450211717,RF,PGD,0.3,PGD_eps0.15_it10,,PGD,0.15,10,,16.87818694114685,42
0.8453985839007099,0.9988298127700432,0.6617696757648649,0.796092358096878,0.00065,0.3382303242351351,RF,PGD,0.3,PGD_eps0.15_it25,,PGD,0.15,25,,16.87818694114685,42
0.859423587753733,0.986712171650768,0.7011907838498698,0.8198024404416037,0.0079166666666666,0.2988092161501302,RF,PGD,0.3,PGD_eps0.3_it10,,PGD,0.3,10,,16.87818694114685,42
0.7588642194681922,0.9932170945861596,0.4744846231835079,0.6421825813221406,0.0027166666666666,0.5255153768164921,RF,PGD,0.3,PGD_eps0.3_it25,,PGD,0.3,25,,16.87818694114685,42
0.5497765246638804,0.9022556390977444,0.0143132616344949,0.0281794876812586,0.0013,0.985686738365505,RF,PGD,0.3,PGD_eps0.5_it10,,PGD,0.5,10,,16.87818694114685,42
0.5396770713398548,0.4139941690962099,0.0225831461344253,0.0428299432578656,0.0268,0.9774168538655746,RF,PGD,0.3,PGD_eps0.5_it25,,PGD,0.5,25,,16.87818694114685,42
0.5411094893157937,0.4488932291666667,0.0274138719360674,0.0516721311475409,0.0282166666666666,0.9725861280639324,RF,PGD,0.3,PGD_eps0.75_it10,,PGD,0.75,10,,16.87818694114685,42
0.5364586638622703,0.2962050271069492,0.0119475975587937,0.0229687380570205,0.0238,0.9880524024412064,RF,PGD,0.3,PGD_eps0.75_it25,,PGD,0.75,25,,16.87818694114685,42
0.8818980444774848,0.9997586743175846,0.7412082778363119,0.8512848613536993,0.00015,0.258791722163688,RF,PGD,0.3,CW_c0.0_it10,,CW,,10,0.0,16.87818694114685,42
0.8732672728756244,0.9996698580389568,0.7223426038208457,0.8386746835004789,0.0002,0.2776573961791543,RF,PGD,0.3,CW_c0.5_it10,,CW,,10,0.5,16.87818694114685,42
0.9882142824764512,0.9850341482727902,0.9891855356539372,0.9871054771965324,0.0126,0.0108144643460628,MLP,PGD,0.5,FGSM_eps0.15,745.0010223388672,FGSM,0.15,1,,,42
0.9816868081557164,0.973836581679719,0.986342762857086,0.9800497767945324,0.0222166666666666,0.0136572371429139,MLP,PGD,0.5,FGSM_eps0.3,745.0010223388672,FGSM,0.3,1,,,42
0.7865515897119751,0.904862771204648,0.5944575870226427,0.7175284943011397,0.0524,0.4055424129773572,MLP,PGD,0.5,FGSM_eps0.5,745.0010223388672,FGSM,0.5,1,,,42
0.5896575795762581,0.6509191066403209,0.216110371150826,0.3244880902632678,0.0971666666666666,0.783889628849174,MLP,PGD,0.5,FGSM_eps0.75,745.0010223388672,FGSM,0.75,1,,,42
0.9881417549839986,0.98489736941074,0.9891656561238892,0.987026898357534,0.0127166666666666,0.0108343438761107,MLP,PGD,0.5,PGD_eps0.15_it10,745.0010223388672,PGD,0.15,10,,,42
0.988114557174329,0.984838888449054,0.9891656561238892,0.9869975304233984,0.0127666666666666,0.0108343438761107,MLP,PGD,0.5,PGD_eps0.15_it25,745.0010223388672,PGD,0.15,25,,,42
0.9886222496214973,0.986954449783567,0.98811204103135,0.9875329061739432,0.01095,0.0118879589686499,MLP,PGD,0.5,PGD_eps0.3_it10,745.0010223388672,PGD,0.3,10,,,42
0.9872532932014542,0.9840424478805756,0.9880722819712542,0.9860532476292504,0.0134333333333333,0.0119277180287458,MLP,PGD,0.5,PGD_eps0.3_it25,745.0010223388672,PGD,0.3,25,,,42
0.9065755237844846,0.9725438306318228,0.8182414567719619,0.8887449392712551,0.0193666666666666,0.181758543228038,MLP,PGD,0.5,PGD_eps0.5_it10,745.0010223388672,PGD,0.5,10,,,42
0.9080804692528762,0.9650764242704956,0.8284197761564916,0.8915417776494122,0.0251333333333333,0.1715802238435083,MLP,PGD,0.5,PGD_eps0.5_it25,745.0010223388672,PGD,0.5,25,,,42
0.8204219286873431,0.9155424740413702,0.6678329324294774,0.7723113706377305,0.05165,0.3321670675705226,MLP,PGD,0.5,PGD_eps0.75_it10,745.0010223388672,PGD,0.75,10,,,42
0.7570691640299901,0.8362273650484882,0.5811184223604954,0.6857142857142857,0.0954166666666666,0.4188815776395046,MLP,PGD,0.5,PGD_eps0.75_it25,745.0010223388672,PGD,0.75,25,,,42
0.9834365339111356,0.9817730073544026,0.9819096276564022,0.9818413127528252,0.0152833333333333,0.0180903723435977,MLP,PGD,0.5,CW_c0.0_it10,745.0010223388672,CW,,10,0.0,,42
0.982103841237319,0.978817841361682,0.9820090253066418,0.9804108365584996,0.0178166666666666,0.0179909746933582,MLP,PGD,0.5,CW_c0.5_it10,745.0010223388672,CW,,10,0.5,,42
0.9886585133677236,0.9855864417518015,0.9896030057849432,0.9875906399103273,0.0121333333333333,0.0103969942150567,MLP,PGD,0.5,Clean,745.0010223388672,Clean,0.0,0,,,42
0.91969393398185,0.9678715766182746,0.8521956940937916,0.9063576971055248,0.0237166666666666,0.1478043059062083,LR,PGD,0.5,Clean,,Clean,0.0,0,,0.4509141445159912,42
0.8659329302013544,0.8637415760257277,0.838260143530207,0.8508101127902988,0.1108666666666666,0.161739856469793,LR,PGD,0.5,FGSM_eps0.15,,FGSM,0.15,1,,0.4509141445159912,42
0.8189532469651777,0.7812100198394304,0.837584239508578,0.8084155186307993,0.1966666666666666,0.1624157604914219,LR,PGD,0.5,FGSM_eps0.3,,FGSM,0.3,1,,0.4509141445159912,42
0.7873221943192842,0.7363610749128306,0.8312625489533427,0.7809392187806404,0.2495166666666666,0.1687374510466572,LR,PGD,0.5,FGSM_eps0.5,,FGSM,0.5,1,,0.4509141445159912,42
0.6760015593410877,0.658167365288969,0.6024292785718546,0.629066074357005,0.2623166666666666,0.3975707214281454,LR,PGD,0.5,FGSM_eps0.75,,FGSM,0.75,1,,0.4509141445159912,42
0.8958051911552722,0.9159521563920088,0.849472198477228,0.8814604713526893,0.06535,0.150527801522772,LR,PGD,0.5,PGD_eps0.15_it10,,PGD,0.15,10,,0.4509141445159912,42
0.9129851409299836,0.9524688201685156,0.8516987058425939,0.8992695520758994,0.0356333333333333,0.1483012941574061,LR,PGD,0.5,PGD_eps0.15_it25,,PGD,0.15,25,,0.4509141445159912,42
0.9032483250682212,0.9239244378837472,0.8585372641790748,0.8900315314386992,0.0592666666666666,0.1414627358209252,LR,PGD,0.5,PGD_eps0.3_it10,,PGD,0.3,10,,0.4509141445159912,42
0.901154093723652,0.9198278066660984,0.858040275927877,0.8878603680047723,0.0627,0.1419597240721229,LR,PGD,0.5,PGD_eps0.3_it25,,PGD,0.3,25,,0.4509141445159912,42
0.868806832089789,0.8498945394891024,0.8651173886249329,0.8574384032628292,0.1281,0.1348826113750671,LR,PGD,0.5,PGD_eps0.5_it10,,PGD,0.5,10,,0.4509141445159912,42
0.8661686445518254,0.8462077967620644,0.8634673876309564,0.8547504722921915,0.1315666666666666,0.1365326123690436,LR,PGD,0.5,PGD_eps0.5_it25,,PGD,0.5,25,,0.4509141445159912,42
0.8307480304252831,0.7972114698034499,0.8434089418126155,0.8196597791752398,0.1798666666666666,0.1565910581873844,LR,PGD,0.5,PGD_eps0.75_it10,,PGD,0.75,10,,0.4509141445159912,42
0.8425700116950582,0.8159217341262229,0.8455559310577898,0.8304745540987768,0.1599333333333333,0.1544440689422102,LR,PGD,0.5,PGD_eps0.75_it25,,PGD,0.75,25,,0.4509141445159912,42
0.9077812933465093,0.9454149925636528,0.8466691847404727,0.8933215873814917,0.0409833333333333,0.1533308152595272,LR,PGD,0.5,CW_c0.0_it10,,CW,,10,0.0,0.4509141445159912,42
0.905813985113732,0.9407269996908264,0.846828220980856,0.8913113982319402,0.0447333333333333,0.153171779019144,LR,PGD,0.5,CW_c0.5_it10,,CW,,10,0.5,0.4509141445159912,42
0.9153876141174764,0.965272099572999,0.8448601475061129,0.9010611569897488,0.0254833333333333,0.155139852493887,SVM,PGD,0.5,Clean,,Clean,0.0,0,,3.0899384021759038,42
0.8842823857918642,0.907386104659996,0.8310836331829116,0.8675603884784594,0.0711166666666666,0.1689163668170884,SVM,PGD,0.5,FGSM_eps0.15,,FGSM,0.15,1,,3.0899384021759038,42
0.8261153368448727,0.7970035308712663,0.8301492952706598,0.8132388167247658,0.1772666666666666,0.1698507047293402,SVM,PGD,0.5,FGSM_eps0.3,,FGSM,0.3,1,,3.0899384021759038,42
0.7450114684097441,0.718161607019891,0.7256426058087987,0.7218827252051815,0.23875,0.2743573941912013,SVM,PGD,0.5,FGSM_eps0.5,,FGSM,0.5,1,,3.0899384021759038,42
0.6517320471791338,0.6249947428186904,0.5908395125539232,0.6074373831202673,0.2972166666666667,0.4091604874460767,SVM,PGD,0.5,FGSM_eps0.75,,FGSM,0.75,1,,3.0899384021759038,42
0.8979447521826243,0.9218635204632872,0.8481005109039222,0.8834449840030648,0.0602666666666666,0.1518994890960777,SVM,PGD,0.5,PGD_eps0.15_it10,,PGD,0.15,10,,3.0899384021759038,42
0.9120966791474392,0.9538210509845996,0.8483191857344492,0.8979819448243934,0.0344333333333333,0.1516808142655507,SVM,PGD,0.5,PGD_eps0.15_it25,,PGD,0.15,25,,3.0899384021759038,42
0.904617281488264,0.9407880157780436,0.843965568653957,0.8897504951325069,0.0445333333333333,0.1560344313460429,SVM,PGD,0.5,PGD_eps0.3_it10,,PGD,0.3,10,,3.0899384021759038,42
0.9028403579231752,0.9326906260930397,0.8481601494940659,0.8884192114277385,0.0513166666666666,0.151839850505934,SVM,PGD,0.5,PGD_eps0.3_it25,,PGD,0.3,25,,3.0899384021759038,42
0.8624062808808464,0.8556703118671527,0.8399697831143271,0.8477473591284371,0.1187833333333333,0.1600302168856728,SVM,PGD,0.5,PGD_eps0.5_it10,,PGD,0.5,10,,3.0899384021759038,42
0.8592875987053843,0.852087298052395,0.836689660656422,0.8443182844017373,0.1217666666666666,0.1633103393435779,SVM,PGD,0.5,PGD_eps0.5_it25,,PGD,0.5,25,,3.0899384021759038,42
0.8499224862424413,0.8400265984242449,0.8287378486372582,0.83434404082858,0.1323166666666666,0.1712621513627417,SVM,PGD,0.5,PGD_eps0.75_it10,,PGD,0.75,10,,3.0899384021759038,42
0.8373299003653573,0.8162008989642369,0.8302685724509472,0.823174637588324,0.15675,0.1697314275490527,SVM,PGD,0.5,PGD_eps0.75_it25,,PGD,0.75,25,,3.0899384021759038,42
0.906502996292032,0.9479969528589351,0.8411227958571059,0.8913677779533365,0.0386833333333333,0.158877204142894,SVM,PGD,0.5,CW_c0.0_it10,,CW,,10,0.0,3.0899384021759038,42
0.9054241498417994,0.9451776423036556,0.8414209888078246,0.8902864835303521,0.0409166666666666,0.1585790111921754,SVM,PGD,0.5,CW_c0.5_it10,,CW,,10,0.5,3.0899384021759038,42
0.9997733515860856,0.9998608128529388,0.9996421684591376,0.9997514787017248,0.0001166666666666,0.0003578315408623,RF,PGD,0.5,Clean,,Clean,0.0,0,,21.59074354171753,42
0.6506260029192316,0.9772837903618368,0.2394688189571198,0.3846780245573137,0.0046666666666666,0.7605311810428802,RF,PGD,0.5,FGSM_eps0.15,,FGSM,0.15,1,,21.59074354171753,42
0.6398284724803496,0.9892662163412604,0.2125320557422022,0.3498936344297169,0.0019333333333333,0.7874679442577978,RF,PGD,0.5,FGSM_eps0.3,,FGSM,0.3,1,,21.59074354171753,42
0.541852896113433,0.2552742616033755,0.002405423135797,0.0047659373338322,0.0058833333333333,0.9975945768642028,RF,PGD,0.5,FGSM_eps0.5,,FGSM,0.5,1,,21.59074354171753,42
0.5439380615214455,0.4954545454545455,0.0021668687752221,0.0043148664964471,0.00185,0.9978331312247778,RF,PGD,0.5,FGSM_eps0.75,,FGSM,0.75,1,,21.59074354171753,42
0.6888389255051993,0.9981919072261364,0.3182712760670337,0.4826505079738326,0.0004833333333333,0.6817287239329662,RF,PGD,0.5,PGD_eps0.15_it10,,PGD,0.15,10,,21.59074354171753,42
0.6910147502787776,0.9989541679483236,0.3228038089179572,0.4879353345953905,0.0002833333333333,0.6771961910820429,RF,PGD,0.5,PGD_eps0.15_it25,,PGD,0.15,25,,21.59074354171753,42
0.6600636428746272,0.9983656315666588,0.2550146114545852,0.4062579174056245,0.00035,0.7449853885454147,RF,PGD,0.5,PGD_eps0.3_it10,,PGD,0.3,10,,21.59074354171753,42
0.6360298450631442,0.998038446449588,0.2022940977675287,0.3364022545827204,0.0003333333333333,0.7977059022324712,RF,PGD,0.5,PGD_eps0.3_it25,,PGD,0.3,25,,21.59074354171753,42
0.5346182787412853,0.1145209580838323,0.0030415680973301,0.0059257537907395,0.0197166666666666,0.99695843190267,RF,PGD,0.5,PGD_eps0.5_it10,,PGD,0.5,10,,21.59074354171753,42
0.5336572894662883,0.086608442503639,0.0023656640757012,0.0046055305068018,0.0209166666666666,0.9976343359242988,RF,PGD,0.5,PGD_eps0.5_it25,,PGD,0.5,25,,21.59074354171753,42
0.5222070115953329,0.0409491006505931,0.0021271097151263,0.0040441454380527,0.0417666666666666,0.9978728902848736,RF,PGD,0.5,PGD_eps0.75_it10,,PGD,0.75,10,,21.59074354171753,42
0.5141111302503105,0.029982866933181,0.0020873506550305,0.0039029829941455,0.0566166666666666,0.9979126493449696,RF,PGD,0.5,PGD_eps0.75_it25,,PGD,0.75,25,,21.59074354171753,42
0.7405238298142389,0.993221110100091,0.4339900204759159,0.6040424442815047,0.0024833333333333,0.566009979524084,RF,PGD,0.5,CW_c0.0_it10,,CW,,10,0.0,21.59074354171753,42
0.7861889522497122,0.9943019943019944,0.5342226109774765,0.6950213371266003,0.0025666666666666,0.4657773890225235,RF,PGD,0.5,CW_c0.5_it10,,CW,,10,0.5,21.59074354171753,42
0.9052972267300072,0.9353957746171156,0.8511221994712045,0.8912713116972334,0.0492833333333333,0.1488778005287955,MLP,FGSM,0.3,FGSM_eps0.15,129.65302658081055,FGSM,0.15,1,,,7
0.8829950228008304,0.9246281367094356,0.80941494543069,0.8631940469376074,0.0553166666666666,0.19058505456931,MLP,FGSM,0.3,FGSM_eps0.3,129.65302658081055,FGSM,0.3,1,,,7
0.6740977126642068,0.7027943378634193,0.494483430411705,0.5805171769977595,0.1753166666666666,0.5055165695882949,MLP,FGSM,0.3,FGSM_eps0.5,129.65302658081055,FGSM,0.5,1,,,7
0.5418800939231028,0.4976889696235745,0.4901894519213566,0.4939107443313837,0.4147833333333333,0.5098105480786435,MLP,FGSM,0.3,FGSM_eps0.75,129.65302658081055,FGSM,0.75,1,,,7
0.8636392482525407,0.8532558605489882,0.8465896666202811,0.8499096923552832,0.1220666666666666,0.1534103333797189,MLP,FGSM,0.3,PGD_eps0.15_it10,129.65302658081055,PGD,0.15,10,,,7
0.9051340398719888,0.93291026449047,0.8533487068365704,0.8913576145188754,0.05145,0.1466512931634296,MLP,FGSM,0.3,PGD_eps0.15_it25,129.65302658081055,PGD,0.15,25,,,7
0.8362963835979076,0.8176695432872286,0.8250004969882512,0.8213186617453516,0.1542333333333333,0.1749995030117488,MLP,FGSM,0.3,PGD_eps0.3_it10,129.65302658081055,PGD,0.3,10,,,7
0.8145743996083515,0.7914697496387142,0.805677593781683,0.7985104769035258,0.1779666666666666,0.194322406218317,MLP,FGSM,0.3,PGD_eps0.3_it25,129.65302658081055,PGD,0.3,25,,,7
0.8234136877510131,0.7632410459615023,0.8883565592509393,0.821059787601514,0.2310333333333333,0.1116434407490607,MLP,FGSM,0.3,PGD_eps0.5_it10,129.65302658081055,PGD,0.5,10,,,7
0.8044205506649864,0.770282983367201,0.8138480806313739,0.7914664913823936,0.2034833333333333,0.1861519193686261,MLP,FGSM,0.3,PGD_eps0.5_it25,129.65302658081055,PGD,0.5,25,,,7
0.8012384069336282,0.7363852932846886,0.878734866707751,0.8012870479470678,0.2637333333333333,0.1212651332922489,MLP,FGSM,0.3,PGD_eps0.75_it10,129.65302658081055,PGD,0.75,10,,,7
0.7924807122199758,0.7218921500380437,0.8864680038963879,0.7957599443225012,0.2863166666666666,0.1135319961036121,MLP,FGSM,0.3,PGD_eps0.75_it25,129.65302658081055,PGD,0.75,25,,,7
0.9805082364033616,0.9730250103145444,0.9845536051527742,0.9787553605659968,0.0228833333333333,0.0154463948472258,MLP,FGSM,0.3,CW_c0.0_it10,129.65302658081055,CW,,10,0.0,,7
0.9721947725809816,0.9569515923073948,0.98326143569966,0.9699281295041622,0.0370833333333333,0.0167385643003399,MLP,FGSM,0.3,CW_c0.5_it10,129.65302658081055,CW,,10,0.5,,7
0.996754394712746,0.9968564095421898,0.996024093990418,0.996440077960304,0.0026333333333333,0.0039759060095819,MLP,FGSM,0.3,Clean,129.65302658081055,Clean,0.0,0,,,7
0.9148436579240818,0.9649074957952636,0.843965568653957,0.9003934210665847,0.0257333333333333,0.1560344313460429,LR,FGSM,0.3,Clean,,Clean,0.0,0,,0.5261743068695068,7
0.9005285441012484,0.9327890138427342,0.8425938810806513,0.885400346765265,0.0509,0.1574061189193487,LR,FGSM,0.3,FGSM_eps0.15,,FGSM,0.15,1,,0.5261743068695068,7
0.8749172733289212,0.8828229865771812,0.8367890583066616,0.8591898594654175,0.0931166666666666,0.1632109416933383,LR,FGSM,0.3,FGSM_eps0.3,,FGSM,0.3,1,,0.5261743068695068,7
0.7706227391820712,0.7686191929176157,0.7110907898137288,0.7387366921035512,0.1794666666666666,0.2889092101862712,LR,FGSM,0.3,FGSM_eps0.5,,FGSM,0.5,1,,0.5261743068695068,7
0.6636084240682484,0.6224395131364109,0.6668985945172257,0.6439025326538642,0.33915,0.3331014054827744,LR,FGSM,0.3,FGSM_eps0.75,,FGSM,0.75,1,,0.5261743068695068,7
0.8766579331477838,0.875357990344489,0.8506649702801026,0.862834847308619,0.10155,0.1493350297198974,LR,FGSM,0.3,PGD_eps0.15_it10,,PGD,0.15,10,,0.5261743068695068,7
0.8761049110178327,0.8759877670819565,0.8484384629147367,0.8619930521893683,0.1007,0.1515615370852633,LR,FGSM,0.3,PGD_eps0.15_it25,,PGD,0.15,25,,0.5261743068695068,7
0.878770296365466,0.8696130827278368,0.8636661829314355,0.8666294308910654,0.1085666666666666,0.1363338170685645,LR,FGSM,0.3,PGD_eps0.3_it10,,PGD,0.3,10,,0.5261743068695068,7
0.8858961224989348,0.8864684304362973,0.8599288312824285,0.8729969727547932,0.0923333333333333,0.1400711687175715,LR,FGSM,0.3,PGD_eps0.3_it25,,PGD,0.3,25,,0.5261743068695068,7
0.8600763351858064,0.8458608581800869,0.8476432817128203,0.846751131940583,0.1295,0.1523567182871797,LR,FGSM,0.3,PGD_eps0.5_it10,,PGD,0.5,10,,0.5261743068695068,7
0.7359999274725075,0.8450112381510798,0.5156948889728247,0.6405027036369473,0.0793,0.4843051110271753,LR,FGSM,0.3,PGD_eps0.5_it25,,PGD,0.5,25,,0.5261743068695068,7
0.7208144837402428,0.7446450965638325,0.5902033675923901,0.6584897918445655,0.1696833333333333,0.4097966324076099,LR,FGSM,0.3,PGD_eps0.75_it10,,PGD,0.75,10,,0.5261743068695068,7
0.6521400143241798,0.7207933982163343,0.3872134862731845,0.503789152419626,0.12575,0.6127865137268155,LR,FGSM,0.3,PGD_eps0.75_it25,,PGD,0.75,25,,0.5261743068695068,7
0.8888244200067088,0.90945492120899,0.8398306264039919,0.8732571960105421,0.0701,0.1601693735960082,LR,FGSM,0.3,CW_c0.0_it10,,CW,,10,0.0,0.5261743068695068,7
0.8884255187982194,0.9090165346193592,0.8393535176828419,0.8727971803909004,0.0704333333333333,0.160646482317158,LR,FGSM,0.3,CW_c0.5_it10,,CW,,10,0.5,0.5261743068695068,7
0.9151518997670054,0.9659504734158776,0.8436872552332862,0.9006886745402647,0.0249333333333333,0.1563127447667137,SVM,FGSM,0.3,Clean,,Clean,0.0,0,,2.7450180053710938,7
0.9060134357179768,0.9468913656505976,0.8410830367970101,0.8908564510185819,0.03955,0.1589169632029898,SVM,FGSM,0.3,FGSM_eps0.15,,FGSM,0.15,1,,2.7450180053710938,7
0.8735029872260954,0.8812350547468222,0.8351788163727809,0.857589025995897,0.0943666666666666,0.164821183627219,SVM,FGSM,0.3,FGSM_eps0.3,,FGSM,0.3,1,,2.7450180053710938,7
0.7650743860094467,0.7685650105708245,0.6937757191419995,0.7292578700462852,0.17515,0.3062242808580005,SVM,FGSM,0.3,FGSM_eps0.5,,FGSM,0.5,1,,2.7450180053710938,7
0.7215125608550992,0.7080898446630826,0.662425700256446,0.6844970316961443,0.22895,0.3375742997435541,SVM,FGSM,0.3,FGSM_eps0.75,,FGSM,0.75,1,,2.7450180053710938,7
0.9074458536939158,0.9427927728939348,0.8485378605649763,0.8931855990457955,0.0431666666666666,0.1514621394350237,SVM,FGSM,0.3,PGD_eps0.15_it10,,PGD,0.15,10,,2.7450180053710938,7
0.8865941996137912,0.8990918690601901,0.8463113531996104,0.8719035769510409,0.0796333333333333,0.1536886468003896,SVM,FGSM,0.3,PGD_eps0.15_it25,,PGD,0.15,25,,2.7450180053710938,7
0.8905378820159017,0.8949032084788133,0.8611017235552552,0.8776771422203311,0.0847833333333333,0.1388982764447448,SVM,FGSM,0.3,PGD_eps0.3_it10,,PGD,0.3,10,,2.7450180053710938,7
0.8976637081493704,0.918391420911528,0.851241476651492,0.8835424232419941,0.0634166666666666,0.148758523348508,SVM,FGSM,0.3,PGD_eps0.3_it25,,PGD,0.3,25,,2.7450180053710938,7
0.8136496740795808,0.8400548696844993,0.7304534520803928,0.781429771487511,0.1166,0.2695465479196072,SVM,FGSM,0.3,PGD_eps0.5_it10,,PGD,0.5,10,,2.7450180053710938,7
0.6940790368349002,0.8158788294990653,0.4251237500745482,0.5589826698381996,0.0804333333333333,0.5748762499254517,SVM,FGSM,0.3,PGD_eps0.5_it25,,PGD,0.5,25,,2.7450180053710938,7
0.6567001804121375,0.6931895855340832,0.4435321948989126,0.540944853253161,0.1645833333333333,0.5564678051010874,SVM,FGSM,0.3,PGD_eps0.75_it10,,PGD,0.75,10,,2.7450180053710938,7
0.6509886403814946,0.7300288364118152,0.3724231159175397,0.4932271440795103,0.1154666666666666,0.6275768840824603,SVM,FGSM,0.3,PGD_eps0.75_it25,,PGD,0.75,25,,2.7450180053710938,7
0.8909005194781647,0.9142294287013184,0.8395324334532732,0.8752901674680815,0.0660333333333333,0.1604675665467268,SVM,FGSM,0.3,CW_c0.0_it10,,CW,,10,0.0,2.7450180053710938,7
0.8903837610944398,0.9135318817367214,0.8390553247321233,0.8747111548624423,0.0665833333333333,0.1609446752678766,SVM,FGSM,0.3,CW_c0.5_it10,,CW,,10,0.5,2.7450180053710938,7
0.9997370878398592,0.9998806824961222,0.999542770808898,0.9997116980982016,0.0001,0.0004572291911019,RF,FGSM,0.3,Clean,,Clean,0.0,0,,16.198237895965576,7
0.7047405782254336,0.998202146187988,0.353199610361211,0.521776159290476,0.0005333333333333,0.6468003896387889,RF,FGSM,0.3,FGSM_eps0.15,,FGSM,0.15,1,,16.198237895965576,7
0.7577037795889504,0.9991531523902274,0.4690972705405244,0.6384469696969697,0.0003333333333333,0.5309027294594756,RF,FGSM,0.3,FGSM_eps0.3,,FGSM,0.3,1,,16.198237895965576,7
0.4218108301678105,0.2375423695796158,0.1212054947021052,0.1605107279189153,0.3261666666666666,0.8787945052978947,RF,FGSM,0.3,FGSM_eps0.5,,FGSM,0.5,1,,16.198237895965576,7
0.5791501591071866,0.8842042755344418,0.0888018607240124,0.1613946346310179,0.00975,0.9111981392759876,RF,FGSM,0.3,FGSM_eps0.75,,FGSM,0.75,1,,16.198237895965576,7
0.7692175190158019,0.9991963675814682,0.4943442737013697,0.6614443410027929,0.0003333333333333,0.5056557262986303,RF,FGSM,0.3,PGD_eps0.15_it10,,PGD,0.15,10,,16.198237895965576,7
0.6769625486160847,0.9980987302233992,0.2922092121742242,0.4520682761802245,0.0004666666666666,0.7077907878257758,RF,FGSM,0.3,PGD_eps0.15_it25,,PGD,0.15,25,,16.198237895965576,7
0.7977933510421295,0.9993579454253612,0.5569647933522851,0.7152850468482729,0.0003,0.4430352066477148,RF,FGSM,0.3,PGD_eps0.3_it10,,PGD,0.3,10,,16.198237895965576,7
0.789334832234844,0.9992989964580874,0.5384370713476333,0.6998075109486223,0.0003166666666666,0.4615629286523666,RF,FGSM,0.3,PGD_eps0.3_it25,,PGD,0.3,25,,16.198237895965576,7
0.5751974107685195,0.61255552652208,0.1864103532592489,0.2858362164880889,0.09885,0.8135896467407511,RF,FGSM,0.3,PGD_eps0.5_it10,,PGD,0.5,10,,16.198237895965576,7
0.5585976809334289,0.6259553891748557,0.0797765540822614,0.1415170857283915,0.0399666666666666,0.9202234459177384,RF,FGSM,0.3,PGD_eps0.5_it25,,PGD,0.5,25,,16.198237895965576,7
0.5674641668857602,0.6480868075385494,0.1127964534918394,0.1921500897422872,0.05135,0.8872035465081606,RF,FGSM,0.3,PGD_eps0.75_it10,,PGD,0.75,10,,16.198237895965576,7
0.5938279103922831,0.8049672912739771,0.1443253881478242,0.2447658541519166,0.0293166666666666,0.8556746118521759,RF,FGSM,0.3,PGD_eps0.75_it25,,PGD,0.75,25,,16.198237895965576,7
0.8104403325385529,0.9991509305800842,0.5848358944794545,0.7378083188082311,0.0004166666666666,0.4151641055205455,RF,FGSM,0.3,CW_c0.0_it10,,CW,,10,0.0,16.198237895965576,7
0.7973763179605269,0.9989646924422548,0.5562690098006083,0.7146104144852772,0.0004833333333333,0.4437309901993916,RF,FGSM,0.3,CW_c0.5_it10,,CW,,10,0.5,16.198237895965576,7
0.9104104149479162,0.9448418550392886,0.8533685863666183,0.8967786412634745,0.0417666666666666,0.1466314136333817,MLP,FGSM,0.5,FGSM_eps0.15,132.70502471923828,FGSM,0.15,1,,,7
0.8087178045928035,0.7636406312064421,0.8408047233763394,0.8003671148369272,0.2181833333333333,0.1591952766236606,MLP,FGSM,0.5,FGSM_eps0.3,132.70502471923828,FGSM,0.3,1,,,7
0.7063452489959475,0.6737274984481688,0.6904558376239985,0.6819891021550243,0.2803333333333333,0.3095441623760014,MLP,FGSM,0.5,FGSM_eps0.5,132.70502471923828,FGSM,0.5,1,,,7
0.6554218833576603,0.6116691794881111,0.6694034153032622,0.6392353399016648,0.3563,0.3305965846967377,MLP,FGSM,0.5,FGSM_eps0.75,132.70502471923828,FGSM,0.75,1,,,7
0.8956692021069237,0.9287972235117272,0.8352583344929726,0.8795478333682227,0.0536833333333333,0.1647416655070274,MLP,FGSM,0.5,PGD_eps0.15_it10,132.70502471923828,PGD,0.15,10,,,7
0.924480748483722,0.964169597239732,0.8666083533785262,0.9127894802964948,0.027,0.1333916466214738,MLP,FGSM,0.5,PGD_eps0.15_it25,132.70502471923828,PGD,0.15,25,,,7
0.8342928116189043,0.8283470379559948,0.8030534958153589,0.8155041889573029,0.1395166666666666,0.196946504184641,MLP,FGSM,0.5,PGD_eps0.3_it10,132.70502471923828,PGD,0.3,10,,,7
0.8624516105636293,0.8789016156517613,0.8099914518020794,0.8430406985164801,0.0935666666666666,0.1900085481979206,MLP,FGSM,0.5,PGD_eps0.3_it25,132.70502471923828,PGD,0.3,25,,,7
0.6445699572994388,0.602199057020775,0.6500009939765024,0.6251876212965707,0.3599833333333333,0.3499990060234976,MLP,FGSM,0.5,PGD_eps0.5_it10,132.70502471923828,PGD,0.5,10,,,7
0.5988776370542959,0.5649609676589173,0.5236864600520844,0.5435412819428254,0.3380833333333333,0.4763135399479156,MLP,FGSM,0.5,PGD_eps0.5_it25,132.70502471923828,PGD,0.5,25,,,7
0.5208289892387333,0.4723840041570138,0.4337315865852931,0.4522333920613535,0.40615,0.5662684134147069,MLP,FGSM,0.5,PGD_eps0.75_it10,132.70502471923828,PGD,0.75,10,,,7
0.4629157865153259,0.3785362937195967,0.2769019740373337,0.3198392652123995,0.3811333333333333,0.7230980259626663,MLP,FGSM,0.5,PGD_eps0.75_it25,132.70502471923828,PGD,0.75,25,,,7
0.9816686762826032,0.9681748540620212,0.9924258990517464,0.9801503936544088,0.02735,0.0075741009482535,MLP,FGSM,0.5,CW_c0.0_it10,132.70502471923828,CW,,10,0.0,,7
0.9813060388203404,0.967841418236127,0.9919686698606444,0.9797565285686236,0.0276333333333333,0.0080313301393555,MLP,FGSM,0.5,CW_c0.5_it10,132.70502471923828,CW,,10,0.5,,7
0.99666373534718,0.9963619013538498,0.9963222869411368,0.9963420937537276,0.00305,0.0036777130588632,MLP,FGSM,0.5,Clean,132.70502471923828,Clean,0.0,0,,,7
0.917490911398602,0.9665292812174464,0.8484583424447846,0.9036533595875548,0.0246333333333333,0.1515416575552154,LR,FGSM,0.5,Clean,,Clean,0.0,0,,0.5421628952026367,7
0.9019337642675176,0.9344276724024116,0.844204123014532,0.8870275407576058,0.0496666666666666,0.155795876985468,LR,FGSM,0.5,FGSM_eps0.15,,FGSM,0.15,1,,0.5421628952026367,7
0.8830766162298396,0.8964347789223791,0.8407450847861957,0.8676972948574594,0.0814333333333333,0.1592549152138043,LR,FGSM,0.5,FGSM_eps0.3,,FGSM,0.3,1,,0.5421628952026367,7
0.8201771484003155,0.8687548412083657,0.7134763334194779,0.7834961523767942,0.0903666666666666,0.286523666580522,LR,FGSM,0.5,FGSM_eps0.5,,FGSM,0.5,1,,0.5421628952026367,7
0.8051004959067296,0.845491400196704,0.7006739160686242,0.7663006848570497,0.10735,0.2993260839313759,LR,FGSM,0.5,FGSM_eps0.75,,FGSM,0.75,1,,0.5421628952026367,7
0.878942549160041,0.8737911220814956,0.8585571437091227,0.8661071503775231,0.1039666666666666,0.1414428562908772,LR,FGSM,0.5,PGD_eps0.15_it10,,PGD,0.15,10,,0.5421628952026367,7
0.8752436470449579,0.8703831339955402,0.8535475021370494,0.861883111017434,0.1065666666666666,0.1464524978629505,LR,FGSM,0.5,PGD_eps0.15_it25,,PGD,0.15,25,,0.5421628952026367,7
0.8938378829224953,0.8978085637124539,0.865753533586466,0.8814897277603482,0.0826166666666666,0.134246466413534,LR,FGSM,0.5,PGD_eps0.3_it10,,PGD,0.3,10,,0.5421628952026367,7
0.905260962983781,0.9220196115805748,0.8654553406357474,0.8928424938474159,0.0613666666666666,0.1345446593642526,LR,FGSM,0.5,PGD_eps0.3_it25,,PGD,0.3,25,,0.5421628952026367,7
0.8803568352628668,0.8752477650580478,0.8602667832932429,0.8676926161712366,0.1028,0.139733216706757,LR,FGSM,0.5,PGD_eps0.5_it10,,PGD,0.5,10,,0.5421628952026367,7
0.7231716272449525,0.8446784767750035,0.481521976820468,0.6133782397852594,0.0742333333333333,0.5184780231795321,LR,FGSM,0.5,PGD_eps0.5_it25,,PGD,0.5,25,,0.5421628952026367,7
0.7163721748275206,0.7912047528633552,0.5136075383177942,0.6228769121352026,0.1136333333333333,0.4863924616822058,LR,FGSM,0.5,PGD_eps0.75_it10,,PGD,0.75,10,,0.5421628952026367,7
0.681939747785645,0.7861978187288454,0.4155815756515515,0.5437426033579129,0.09475,0.5844184243484484,LR,FGSM,0.5,PGD_eps0.75_it25,,PGD,0.75,25,,0.5421628952026367,7
0.8938378829224953,0.9213669614586746,0.8387968908415006,0.878145226747695,0.0600166666666666,0.1612031091584995,LR,FGSM,0.5,CW_c0.0_it10,,CW,,10,0.0,0.5421628952026367,7
0.8934752454602323,0.9205995941611572,0.8387571317814047,0.877774772713088,0.06065,0.1612428682185953,LR,FGSM,0.5,CW_c0.5_it10,,CW,,10,0.5,0.5421628952026367,7
0.918089263211336,0.9676154648053302,0.8487962944555991,0.904319647565896,0.0238166666666666,0.1512037055444009,SVM,FGSM,0.5,Clean,,Clean,0.0,0,,3.171001672744751,7
0.909304370688014,0.9517926410906076,0.8438661710037175,0.8945859939727298,0.0358333333333333,0.1561338289962825,SVM,FGSM,0.5,FGSM_eps0.15,,FGSM,0.15,1,,3.171001672744751,7
0.8921516187229722,0.9135031545401692,0.8433691827525197,0.8770363019928884,0.06695,0.1566308172474802,SVM,FGSM,0.5,FGSM_eps0.3,,FGSM,0.3,1,,3.171001672744751,7
0.826323853385674,0.8792003506379663,0.7177901914398743,0.7903382911427039,0.0826833333333333,0.2822098085601256,SVM,FGSM,0.5,FGSM_eps0.5,,FGSM,0.5,1,,3.171001672744751,7
0.8088628595777086,0.852489866821077,0.7024233147128401,0.7702150385281904,0.1019,0.2975766852871598,SVM,FGSM,0.5,FGSM_eps0.75,,FGSM,0.75,1,,3.171001672744751,7
0.9112172833014516,0.9418244481284356,0.8583384688785957,0.8981455479630149,0.04445,0.1416615311214042,SVM,FGSM,0.5,PGD_eps0.15_it10,,PGD,0.15,10,,3.171001672744751,7
0.8895315630581218,0.8981907070031757,0.8546408762896845,0.8758747848054845,0.0812166666666666,0.1453591237103154,SVM,FGSM,0.5,PGD_eps0.15_it25,,PGD,0.15,25,,3.171001672744751,7
0.9068928315639648,0.9254394354821568,0.8655746178160348,0.8945065329936724,0.0584666666666666,0.1344253821839651,SVM,FGSM,0.5,PGD_eps0.3_it10,,PGD,0.3,10,,3.171001672744751,7
0.9145172842080452,0.942646740307559,0.8651969067451245,0.9022628092834264,0.0441333333333333,0.1348030932548754,SVM,FGSM,0.5,PGD_eps0.3_it25,,PGD,0.3,25,,3.171001672744751,7
0.8956510702338105,0.9052842725506174,0.8613005188557342,0.8827448503494224,0.07555,0.1386994811442657,SVM,FGSM,0.5,PGD_eps0.5_it10,,PGD,0.5,10,,3.171001672744751,7
0.7781927962068121,0.8780987502560951,0.5964256604973859,0.7103587072333373,0.0694166666666666,0.4035743395026142,SVM,FGSM,0.5,PGD_eps0.5_it25,,PGD,0.5,25,,3.171001672744751,7
0.7497710851019465,0.868443261490522,0.5318768264318231,0.6597132324838801,0.06755,0.4681231735681768,SVM,FGSM,0.5,PGD_eps0.75_it10,,PGD,0.75,10,,3.171001672744751,7
0.6970526640254572,0.8310527347578907,0.4213665188954933,0.5592021950189954,0.0718166666666666,0.5786334811045067,SVM,FGSM,0.5,PGD_eps0.75_it25,,PGD,0.75,25,,3.171001672744751,7
0.897201345384985,0.9275744008427708,0.8401884579448542,0.8817215517331303,0.055,0.1598115420551458,SVM,FGSM,0.5,CW_c0.0_it10,,CW,,10,0.0,3.171001672744751,7
0.8966392573184773,0.9263139438039716,0.8401884579448542,0.8811516851004388,0.0560333333333333,0.1598115420551458,SVM,FGSM,0.5,CW_c0.5_it10,,CW,,10,0.5,3.171001672744751,7
0.9997461537764158,0.9999005667694144,0.999542770808898,0.9997216367757584,8.333333333333333e-05,0.0004572291911019,RF,FGSM,0.5,Clean,,Clean,0.0,0,,20.43105912208557,7
0.688032057151664,0.9978072923192582,0.3166212750730572,0.4807062551875047,0.0005833333333333,0.6833787249269427,RF,FGSM,0.5,FGSM_eps0.15,,FGSM,0.15,1,,20.43105912208557,7
0.8057623092753597,0.9998961362692148,0.574140707313679,0.7294379127887153,5e-05,0.4258592926863209,RF,FGSM,0.5,FGSM_eps0.3,,FGSM,0.3,1,,20.43105912208557,7
0.5440015230773415,0.5018953752843063,0.0131602488917162,0.0256479795436054,0.01095,0.9868397511082838,RF,FGSM,0.5,FGSM_eps0.5,,FGSM,0.5,1,,20.43105912208557,7
0.539459488862497,0.3644808743169399,0.0132596465419557,0.0255883989028062,0.0193833333333333,0.9867403534580442,RF,FGSM,0.5,FGSM_eps0.75,,FGSM,0.75,1,,20.43105912208557,7
0.6909331568497684,0.9988307692307692,0.3226646522076218,0.4877616335852628,0.0003166666666666,0.6773353477923781,RF,FGSM,0.5,PGD_eps0.15_it10,,PGD,0.15,10,,20.43105912208557,7
0.7231444294352828,0.998134986642472,0.3936544540087072,0.5646260443101138,0.0006166666666666,0.6063455459912928,RF,FGSM,0.5,PGD_eps0.15_it25,,PGD,0.15,25,,20.43105912208557,7
0.8312013272531119,0.99921220142434,0.6303600182891677,0.7730414325243488,0.0004166666666666,0.3696399817108323,RF,FGSM,0.5,PGD_eps0.3_it10,,PGD,0.3,10,,20.43105912208557,7
0.8070768700760632,0.9995180888781796,0.577241914001153,0.7318345641051491,0.0002333333333333,0.422758085998847,RF,FGSM,0.5,PGD_eps0.3_it25,,PGD,0.3,25,,20.43105912208557,7
0.5591960327461628,0.7128386933400861,0.0559608770848657,0.1037749760377497,0.0189,0.9440391229151344,RF,FGSM,0.5,PGD_eps0.5_it10,,PGD,0.5,10,,20.43105912208557,7
0.519360307516568,0.3496619749528981,0.062719917301155,0.1063614604052186,0.0978,0.937280082698845,RF,FGSM,0.5,PGD_eps0.5_it25,,PGD,0.5,25,,20.43105912208557,7
0.5424421819896105,0.4848209416469732,0.053018706637775,0.0955845459106874,0.0472333333333333,0.9469812933622248,RF,FGSM,0.5,PGD_eps0.75_it10,,PGD,0.75,10,,20.43105912208557,7
0.538453169904717,0.4495260269416264,0.0537343697194998,0.0959940336671638,0.0551666666666666,0.9462656302805,RF,FGSM,0.5,PGD_eps0.75_it25,,PGD,0.75,25,,20.43105912208557,7
0.8824148028612095,0.9994114027343018,0.7425998449396656,0.8520757299270073,0.0003666666666666,0.2574001550603343,RF,FGSM,0.5,CW_c0.0_it10,,CW,,10,0.0,20.43105912208557,7
0.8786071095074477,0.999431741306995,0.7342305627894956,0.8465470214765408,0.00035,0.2657694372105043,RF,FGSM,0.5,CW_c0.5_it10,,CW,,10,0.5,20.43105912208557,7
0.9885950518118274,0.9865092748735244,0.9885096316323082,0.987508440243079,0.0113333333333333,0.0114903683676917,MLP,PGD,0.3,FGSM_eps0.15,736.6959393024445,FGSM,0.15,1,,,7
0.9743252676717769,0.9788762231413296,0.9645150388644812,0.9716425681900108,0.01745,0.0354849611355187,MLP,PGD,0.3,FGSM_eps0.3,736.6959393024445,FGSM,0.3,1,,,7
0.7818191708294425,0.9274658672488514,0.5658310637536529,0.7028595416831293,0.0371,0.4341689362463471,MLP,PGD,0.3,FGSM_eps0.5,736.6959393024445,FGSM,0.5,1,,,7
0.73641696055411,0.8232284783336886,0.53742321531519,0.6503091097159077,0.09675,0.46257678468481,MLP,PGD,0.3,FGSM_eps0.75,736.6959393024445,FGSM,0.75,1,,,7
0.987280491011124,0.9836603893021048,0.988529511162356,0.9860889395667046,0.0137666666666666,0.0114704888376438,MLP,PGD,0.3,PGD_eps0.15_it10,736.6959393024445,PGD,0.15,10,,,7
0.9882414802861208,0.9859006900928056,0.9883505953919248,0.987124122663331,0.01185,0.011649404608075,MLP,PGD,0.3,PGD_eps0.15_it25,736.6959393024445,PGD,0.15,25,,,7
0.9743252676717769,0.9868720641627864,0.956424070134982,0.9714095341934702,0.0106666666666666,0.0435759298650179,MLP,PGD,0.3,PGD_eps0.3_it10,736.6959393024445,PGD,0.3,10,,,7
0.9782417522642176,0.987324258886244,0.9646740751048644,0.9758677552990388,0.0103833333333333,0.0353259248951354,MLP,PGD,0.3,PGD_eps0.3_it25,736.6959393024445,PGD,0.3,25,,,7
0.9420505335303664,0.9449386969297802,0.926942727073932,0.935854206807964,0.0452833333333333,0.073057272926068,MLP,PGD,0.3,PGD_eps0.5_it10,736.6959393024445,PGD,0.5,10,,,7
0.8820793632086162,0.926493458969902,0.8053197622408206,0.8616673934082764,0.0535666666666666,0.1946802377591793,MLP,PGD,0.3,PGD_eps0.5_it25,736.6959393024445,PGD,0.5,25,,,7
0.8245378638840285,0.8278009617217785,0.776852275212214,0.801517793046867,0.1354833333333333,0.223147724787786,MLP,PGD,0.3,PGD_eps0.75_it10,736.6959393024445,PGD,0.75,10,,,7
0.7594988350271524,0.8002273014269479,0.6298829095680178,0.7049100091214487,0.1318333333333333,0.3701170904319822,MLP,PGD,0.3,PGD_eps0.75_it25,736.6959393024445,PGD,0.75,25,,,7
0.987896974696971,0.99468622459288,0.9786891437886408,0.9866228443740794,0.0043833333333333,0.0213108562113591,MLP,PGD,0.3,CW_c0.0_it10,736.6959393024445,CW,,10,0.0,,7
0.98633763360924,0.991241493174405,0.9786891437886408,0.984925326851324,0.00725,0.0213108562113591,MLP,PGD,0.3,CW_c0.5_it10,736.6959393024445,CW,,10,0.5,,7
0.9929920310417668,0.995637033182564,0.98896686082341,0.9922907379150088,0.0036333333333333,0.0110331391765898,MLP,PGD,0.3,Clean,736.6959393024445,Clean,0.0,0,,,7
0.8995131592069119,0.927250147068436,0.8460330397789396,0.8847817047817048,0.05565,0.1539669602210603,LR,PGD,0.3,Clean,,Clean,0.0,0,,0.5610091686248779,7
0.9035928306573712,0.9376254881627428,0.8448005089159693,0.8887959341601657,0.0471166666666666,0.1551994910840307,LR,PGD,0.3,FGSM_eps0.15,,FGSM,0.15,1,,0.5610091686248779,7
0.888670299085247,0.9077533512064344,0.8413812297477288,0.8733080224496533,0.0716833333333333,0.1586187702522712,LR,PGD,0.3,FGSM_eps0.3,,FGSM,0.3,1,,0.5610091686248779,7
0.8564680924362892,0.8565399971039076,0.8231318211637477,0.8395036697619723,0.1155833333333333,0.1768681788362523,LR,PGD,0.3,FGSM_eps0.5,,FGSM,0.5,1,,0.5610091686248779,7
0.7447576221861599,0.6916169218790553,0.7946245750750452,0.739551148032341,0.29705,0.2053754249249547,LR,PGD,0.3,FGSM_eps0.75,,FGSM,0.75,1,,0.5610091686248779,7
0.8776189224227808,0.8705299613402062,0.8594716020913266,0.8649654385947363,0.1071666666666666,0.1405283979086734,LR,PGD,0.3,PGD_eps0.15_it10,,PGD,0.15,10,,0.5610091686248779,7
0.8642829297480576,0.8490506391638512,0.8542830447488221,0.8516588053430576,0.1273333333333333,0.1457169552511778,LR,PGD,0.3,PGD_eps0.15_it25,,PGD,0.15,25,,0.5610091686248779,7
0.8750623283138265,0.8649572307938285,0.8603661809434825,0.8626555975243924,0.1126166666666666,0.1396338190565175,LR,PGD,0.3,PGD_eps0.3_it10,,PGD,0.3,10,,0.5610091686248779,7
0.8714812833739789,0.8532511978097194,0.8673637755203467,0.860249610599578,0.1250666666666666,0.1326362244796533,LR,PGD,0.3,PGD_eps0.3_it25,,PGD,0.3,25,,0.5610091686248779,7
0.8780903511237228,0.8777468022302394,0.851241476651492,0.8642909766165088,0.0994,0.148758523348508,LR,PGD,0.3,PGD_eps0.5_it10,,PGD,0.5,10,,0.5610091686248779,7
0.8866576611696871,0.9094651097294136,0.8345426714112478,0.8703945595156642,0.06965,0.1654573285887521,LR,PGD,0.3,PGD_eps0.5_it25,,PGD,0.5,25,,0.5610091686248779,7
0.8517719372999828,0.838710321023124,0.8356758046239787,0.8371903130725723,0.1347333333333333,0.1643241953760213,LR,PGD,0.3,PGD_eps0.75_it10,,PGD,0.75,10,,0.5610091686248779,7
0.9156505262776172,0.8743312090279933,0.9518517782239628,0.9114461386176308,0.1147,0.0481482217760372,LR,PGD,0.3,PGD_eps0.75_it25,,PGD,0.75,25,,0.5610091686248779,7
0.8929856848861771,0.9219438416518708,0.8361330338150806,0.876944247529294,0.05935,0.1638669661849194,LR,PGD,0.3,CW_c0.0_it10,,CW,,10,0.0,0.5610091686248779,7
0.8809007914562614,0.8958715010012356,0.8360137566347932,0.8649082215023909,0.0814666666666666,0.1639862433652068,LR,PGD,0.3,CW_c0.5_it10,,CW,,10,0.5,0.5610091686248779,7
0.9176994279394032,0.9668002808161786,0.8486770172753116,0.9038958289222953,0.0244333333333333,0.1513229827246884,SVM,PGD,0.3,Clean,,Clean,0.0,0,,2.9330649375915527,7
0.9050796442526496,0.9410891856576528,0.8447408703258255,0.8903159570901776,0.0443333333333333,0.1552591296741745,SVM,PGD,0.3,FGSM_eps0.15,,FGSM,0.15,1,,2.9330649375915527,7
0.8945450259739083,0.9186169867284418,0.8434884599328072,0.8794511462090121,0.06265,0.1565115400671928,SVM,PGD,0.3,FGSM_eps0.3,,FGSM,0.3,1,,2.9330649375915527,7
0.8750351305041567,0.8796074925677221,0.841102916327058,0.8599243933173448,0.0965166666666666,0.1588970836729419,SVM,PGD,0.3,FGSM_eps0.5,,FGSM,0.5,1,,2.9330649375915527,7
0.7979565379001478,0.8392627933447967,0.6889052342802616,0.7566871192436185,0.1106166666666666,0.3110947657197384,SVM,PGD,0.3,FGSM_eps0.75,,FGSM,0.75,1,,2.9330649375915527,7
0.9027406326210528,0.9217374624352608,0.8597300359819494,0.8896546049248113,0.0612,0.1402699640180506,SVM,PGD,0.3,PGD_eps0.15_it10,,PGD,0.15,10,,2.9330649375915527,7
0.8820884291451728,0.8834220860661636,0.8541637675685346,0.8685465938952901,0.0945,0.1458362324314653,SVM,PGD,0.3,PGD_eps0.15_it25,,PGD,0.15,25,,2.9330649375915527,7
0.9031123360198724,0.9167473174836944,0.8662107627775679,0.8907628305377531,0.06595,0.133789237222432,SVM,PGD,0.3,PGD_eps0.3_it10,,PGD,0.3,10,,2.9330649375915527,7
0.903511237228362,0.918072187552707,0.8656740154662744,0.8911034941423236,0.0647666666666666,0.1343259845337256,SVM,PGD,0.3,PGD_eps0.3_it25,,PGD,0.3,25,,2.9330649375915527,7
0.8797766153232459,0.8800114900077968,0.8526330437548456,0.866105956119183,0.0974666666666666,0.1473669562451543,SVM,PGD,0.3,PGD_eps0.5_it10,,PGD,0.5,10,,2.9330649375915527,7
0.898334587454557,0.9223737384651955,0.8484782219748325,0.8838841948310139,0.0598666666666666,0.1515217780251674,SVM,PGD,0.3,PGD_eps0.5_it25,,PGD,0.5,25,,2.9330649375915527,7
0.871907382392138,0.8671145571161809,0.8492734031767489,0.8581012543812958,0.1091166666666666,0.1507265968232511,SVM,PGD,0.3,PGD_eps0.75_it10,,PGD,0.75,10,,2.9330649375915527,7
0.8830131546739436,0.90331068694058,0.8325944774665527,0.8665121860388133,0.0747166666666666,0.1674055225334473,SVM,PGD,0.3,PGD_eps0.75_it25,,PGD,0.75,25,,2.9330649375915527,7
0.904426896820576,0.9451622293378714,0.8391149633222671,0.8889871738168952,0.0408166666666666,0.1608850366777329,SVM,PGD,0.3,CW_c0.0_it10,,CW,,10,0.0,2.9330649375915527,7
0.8960499714422998,0.9260031151964548,0.8391149633222671,0.8804204993429697,0.0562166666666666,0.1608850366777329,SVM,PGD,0.3,CW_c0.5_it10,,CW,,10,0.5,2.9330649375915527,7
0.9997461537764158,0.9999005667694144,0.999542770808898,0.9997216367757584,8.333333333333333e-05,0.0004572291911019,RF,PGD,0.3,Clean,,Clean,0.0,0,,17.03886651992798,7
0.7355828943909051,0.9719555218148528,0.4326779714927539,0.5987949818421922,0.0104666666666666,0.5673220285072461,RF,PGD,0.3,FGSM_eps0.15,,FGSM,0.15,1,,17.03886651992798,7
0.7538144928061793,0.9779879408606592,0.4707671510645488,0.6355865104607002,0.0088833333333333,0.5292328489354512,RF,PGD,0.3,FGSM_eps0.3,,FGSM,0.3,1,,17.03886651992798,7
0.5288886068375294,0.2594093804284887,0.017812058922927,0.033335193556188,0.0426333333333333,0.982187941077073,RF,PGD,0.3,FGSM_eps0.5,,FGSM,0.5,1,,17.03886651992798,7
0.5430224019292313,0.456686291000841,0.0107945848160149,0.0210906548590072,0.0107666666666666,0.9892054151839852,RF,PGD,0.3,FGSM_eps0.75,,FGSM,0.75,1,,17.03886651992798,7
0.7914653273256393,0.9777746666199992,0.5553545514184045,0.7083703121434186,0.0105833333333333,0.4446454485815955,RF,PGD,0.3,PGD_eps0.15_it10,,PGD,0.15,10,,17.03886651992798,7
0.7417114675031504,0.9723677941877084,0.4463153291056199,0.611810551558753,0.0106333333333333,0.55368467089438,RF,PGD,0.3,PGD_eps0.15_it25,,PGD,0.15,25,,17.03886651992798,7
0.778111202777803,0.9774475007394262,0.5255750154066358,0.6835852154464713,0.0101666666666666,0.4744249845933642,RF,PGD,0.3,PGD_eps0.3_it10,,PGD,0.3,10,,17.03886651992798,7
0.7875125789869722,0.9802295234349864,0.5450569548535873,0.7005646830365128,0.0092166666666666,0.4549430451464127,RF,PGD,0.3,PGD_eps0.3_it25,,PGD,0.3,25,,17.03886651992798,7
0.5339202016264291,0.3990147783251231,0.0434765322147784,0.0784095798078302,0.0549,0.9565234677852216,RF,PGD,0.3,PGD_eps0.5_it10,,PGD,0.5,10,,17.03886651992798,7
0.5224155281361341,0.3624681639268349,0.0622428085800051,0.1062418350553943,0.0917833333333333,0.9377571914199948,RF,PGD,0.3,PGD_eps0.5_it25,,PGD,0.5,25,,17.03886651992798,7
0.5085537111411295,0.2204724409448819,0.0306144762737808,0.053763440860215,0.09075,0.9693855237262192,RF,PGD,0.3,PGD_eps0.75_it10,,PGD,0.75,10,,17.03886651992798,7
0.5222795390877855,0.3829891357541353,0.0777886010774705,0.1293126239259749,0.1050666666666666,0.9222113989225296,RF,PGD,0.3,PGD_eps0.75_it25,,PGD,0.75,25,,17.03886651992798,7
0.8662139742346083,0.9972303043867502,0.7086058485577401,0.8285007031041175,0.00165,0.2913941514422599,RF,PGD,0.3,CW_c0.0_it10,,CW,,10,0.0,17.03886651992798,7
0.801691703761457,0.996195064055573,0.5673220285072461,0.7229385687143762,0.0018166666666666,0.4326779714927539,RF,PGD,0.3,CW_c0.5_it10,,CW,,10,0.5,17.03886651992798,7
0.9873892822498028,0.9836642670674788,0.9887680655229312,0.9862095630880268,0.0137666666666666,0.0112319344770689,MLP,PGD,0.5,FGSM_eps0.15,743.3989534378052,FGSM,0.15,1,,,7
0.92835190339338,0.9828937178260672,0.8578216010973501,0.9161084868106788,0.0125166666666666,0.1421783989026499,MLP,PGD,0.5,FGSM_eps0.3,743.3989534378052,FGSM,0.3,1,,,7
0.853884300517665,0.9649638213372504,0.7052064489195475,0.8148854304255442,0.0214666666666666,0.2947935510804524,MLP,PGD,0.5,FGSM_eps0.5,743.3989534378052,FGSM,0.5,1,,,7
0.7558905922776352,0.919800308874762,0.5091147645269666,0.6554398177769816,0.0372166666666666,0.4908852354730334,MLP,PGD,0.5,FGSM_eps0.75,743.3989534378052,FGSM,0.75,1,,,7
0.9863104357995702,0.981373690337602,0.9887481859928832,0.985047136179989,0.0157333333333333,0.0112518140071168,MLP,PGD,0.5,PGD_eps0.15_it10,743.3989534378052,PGD,0.15,10,,,7
0.986763732627399,0.9823428334419624,0.9887481859928832,0.9855351021459569,0.0149,0.0112518140071168,MLP,PGD,0.5,PGD_eps0.15_it25,743.3989534378052,PGD,0.15,25,,,7
0.989546975150268,0.9912249140481332,0.9858060155457924,0.9885080383929196,0.0073166666666666,0.0141939844542075,MLP,PGD,0.5,PGD_eps0.3_it10,743.3989534378052,PGD,0.3,10,,,7
0.9899458763587572,0.9924127162075592,0.985487943065026,0.9889382075706948,0.0063166666666666,0.014512056934974,MLP,PGD,0.5,PGD_eps0.3_it25,743.3989534378052,PGD,0.3,25,,,7
0.9468736117784649,0.935178113311008,0.9493071983778304,0.9421896888503049,0.0551666666666666,0.0506928016221696,MLP,PGD,0.5,PGD_eps0.5_it10,743.3989534378052,PGD,0.5,10,,,7
0.9086697551290536,0.9667912093012462,0.8281812217959168,0.8921343983553547,0.02385,0.1718187782040832,MLP,PGD,0.5,PGD_eps0.5_it25,743.3989534378052,PGD,0.5,25,,,7
0.8820521653989465,0.8490089280700769,0.9017354829731824,0.8745782319483274,0.13445,0.0982645170268174,MLP,PGD,0.5,PGD_eps0.75_it10,743.3989534378052,PGD,0.75,10,,,7
0.757286746507348,0.8332153275368887,0.5848557740095024,0.6872868289492128,0.09815,0.4151442259904976,MLP,PGD,0.5,PGD_eps0.75_it25,743.3989534378052,PGD,0.75,25,,,7
0.984606039726934,0.987190024657699,0.9789475776792635,0.983051524165053,0.01065,0.0210524223207363,MLP,PGD,0.5,CW_c0.0_it10,743.3989534378052,CW,,10,0.0,,7
0.9845607100441512,0.9870910840282232,0.9789475776792635,0.9830024652912936,0.0107333333333333,0.0210524223207363,MLP,PGD,0.5,CW_c0.5_it10,743.3989534378052,CW,,10,0.5,,7
0.989139008005222,0.987375191059412,0.9888277041130747,0.9881009137862536,0.0106,0.0111722958869252,MLP,PGD,0.5,Clean,743.3989534378052,Clean,0.0,0,,,7
0.9094222278632494,0.9440430031723652,0.851877621613025,0.8955953811588903,0.0423333333333333,0.1481223783869749,LR,PGD,0.5,Clean,,Clean,0.0,0,,0.8228621482849121,7
0.8738565587518019,0.8739492344055082,0.8453173766972149,0.8593948948038562,0.1022166666666666,0.1546826233027851,LR,PGD,0.5,FGSM_eps0.15,,FGSM,0.15,1,,0.8228621482849121,7
0.7360089934090641,0.77038341757288,0.5999443373158658,0.6745644132011578,0.1499166666666666,0.4000556626841342,LR,PGD,0.5,FGSM_eps0.3,,FGSM,0.3,1,,0.8228621482849121,7
0.7070977217301433,0.736111475581914,0.5576406973739141,0.6345662255400972,0.1676,0.4423593026260859,LR,PGD,0.5,FGSM_eps0.5,,FGSM,0.5,1,,0.8228621482849121,7
0.6335367125100858,0.6114658303815175,0.5387750233584478,0.5728235368714729,0.2870166666666666,0.4612249766415522,LR,PGD,0.5,FGSM_eps0.75,,FGSM,0.75,1,,0.8228621482849121,7
0.8233592921316737,0.7824787813238987,0.8485577400950242,0.8141797165582619,0.1977666666666666,0.1514422599049758,LR,PGD,0.5,PGD_eps0.15_it10,,PGD,0.15,10,,0.8228621482849121,7
0.8406117693988377,0.8118519365660263,0.8467288233306165,0.8289236817266243,0.1645166666666666,0.1532711766693835,LR,PGD,0.5,PGD_eps0.15_it25,,PGD,0.15,25,,0.8228621482849121,7
0.8051548915260691,0.7569153394803018,0.8437071347633341,0.7979581476676632,0.2271666666666666,0.1562928652366658,LR,PGD,0.5,PGD_eps0.3_it10,,PGD,0.3,10,,0.8228621482849121,7
0.7025375556421856,0.7089245616549615,0.5899648132318152,0.643997178972495,0.2030833333333333,0.4100351867681848,LR,PGD,0.5,PGD_eps0.3_it25,,PGD,0.3,25,,0.8228621482849121,7
0.6617952367569332,0.6252843428307052,0.644812436633998,0.6348982647758302,0.3239666666666667,0.355187563366002,LR,PGD,0.5,PGD_eps0.5_it10,,PGD,0.5,10,,0.8228621482849121,7
0.5686880683208979,0.5329039417185314,0.4391586982883724,0.4815109473936593,0.3227166666666666,0.5608413017116275,LR,PGD,0.5,PGD_eps0.5_it25,,PGD,0.5,25,,0.8228621482849121,7
0.567872134030806,0.5306644348351699,0.4537701528735861,0.4892141839107558,0.3364666666666667,0.546229847126414,LR,PGD,0.5,PGD_eps0.75_it10,,PGD,0.75,10,,0.8228621482849121,7
0.4747287018485445,0.4090432628168477,0.341331530922609,0.3721323378016666,0.4134333333333333,0.658668469077391,LR,PGD,0.5,PGD_eps0.75_it25,,PGD,0.75,25,,0.8228621482849121,7
0.8740197456098202,0.8779874997404431,0.8405661690157644,0.8588694115496334,0.0979333333333333,0.1594338309842355,LR,PGD,0.5,CW_c0.0_it10,,CW,,10,0.0,0.8228621482849121,7
0.8731222178907192,0.8760928112699399,0.8406854461960519,0.8580240025159019,0.0996833333333333,0.159314553803948,LR,PGD,0.5,CW_c0.5_it10,,CW,,10,0.5,0.8228621482849121,7
0.9126768990870602,0.9525536886613998,0.8509035246406775,0.8988638988638988,0.0355333333333333,0.1490964753593225,SVM,PGD,0.5,Clean,,Clean,0.0,0,,4.163884878158569,7
0.8820793632086162,0.8906322007624953,0.8452179790469754,0.8673310145755347,0.0870166666666666,0.1547820209530246,SVM,PGD,0.5,FGSM_eps0.15,,FGSM,0.15,1,,4.163884878158569,7
0.7424730061739028,0.7858989424206816,0.5982943363218893,0.6793832817896567,0.13665,0.4017056636781106,SVM,PGD,0.5,FGSM_eps0.3,,FGSM,0.3,1,,4.163884878158569,7
0.7078592604008958,0.7379504593434941,0.5573027453630996,0.6350292212204957,0.1659166666666666,0.4426972546369004,SVM,PGD,0.5,FGSM_eps0.5,,FGSM,0.5,1,,4.163884878158569,7
0.6751312294316565,0.681757656458056,0.5394509273800767,0.6023128315539475,0.2111166666666666,0.4605490726199233,SVM,PGD,0.5,FGSM_eps0.75,,FGSM,0.75,1,,4.163884878158569,7
0.8304579204554726,0.7962761569039226,0.8442240025445799,0.8195493800357022,0.1810833333333333,0.1557759974554201,SVM,PGD,0.5,PGD_eps0.15_it10,,PGD,0.15,10,,4.163884878158569,7
0.8462689138101411,0.8253141340825724,0.8408842414965311,0.8330264388754862,0.1492166666666666,0.1591157585034689,SVM,PGD,0.5,PGD_eps0.15_it25,,PGD,0.15,25,,4.163884878158569,7
0.7999147801963682,0.7558310226716686,0.8290956801781206,0.7907699891924689,0.22455,0.1709043198218794,SVM,PGD,0.5,PGD_eps0.3_it10,,PGD,0.3,10,,4.163884878158569,7
0.6996092581344115,0.707811856980319,0.5812575790708308,0.6383224905034275,0.2011666666666666,0.4187424209291692,SVM,PGD,0.5,PGD_eps0.3_it25,,PGD,0.3,25,,4.163884878158569,7
0.6008449452870729,0.5720221288708307,0.495378009263861,0.5309483732128779,0.3107333333333333,0.504621990736139,SVM,PGD,0.5,PGD_eps0.5_it10,,PGD,0.5,10,,4.163884878158569,7
0.5527229540447676,0.512748174123975,0.3865972208416993,0.440825116173637,0.308,0.6134027791583007,SVM,PGD,0.5,PGD_eps0.5_it25,,PGD,0.5,25,,4.163884878158569,7
0.5273383316863549,0.477924705542308,0.3944496352106236,0.4321934219124373,0.36125,0.6055503647893764,SVM,PGD,0.5,PGD_eps0.75_it10,,PGD,0.75,10,,4.163884878158569,7
0.465608369672629,0.3951111758423148,0.3235791105898256,0.3557853091290615,0.4153166666666666,0.6764208894101743,SVM,PGD,0.5,PGD_eps0.75_it25,,PGD,0.75,25,,4.163884878158569,7
0.8803387033897537,0.8927180355630822,0.8383595411804465,0.8646853182698913,0.0844666666666666,0.1616404588195535,SVM,PGD,0.5,CW_c0.0_it10,,CW,,10,0.0,4.163884878158569,7
0.8797856812598025,0.8915833315714919,0.8383396616503986,0.8641421282350772,0.0854666666666666,0.1616603383496014,SVM,PGD,0.5,CW_c0.5_it10,,CW,,10,0.5,4.163884878158569,7
0.9997280219033028,0.9999005628144702,0.9995030117488024,0.9997017477581374,8.333333333333333e-05,0.0004969882511977,RF,PGD,0.5,Clean,,Clean,0.0,0,,21.71216487884521,7
0.749354052020344,0.9927359721618096,0.4537105142834423,0.6227879879388208,0.0027833333333333,0.5462894857165577,RF,PGD,0.5,FGSM_eps0.15,,FGSM,0.15,1,,21.71216487884521,7
0.730261189632195,0.992427873094987,0.4116653082321134,0.5819387654737316,0.0026333333333333,0.5883346917678866,RF,PGD,0.5,FGSM_eps0.3,,FGSM,0.3,1,,21.71216487884521,7
0.542686962276638,0.4390243902439024,0.0100192831441464,0.019591455948378,0.0107333333333333,0.9899807168558536,RF,PGD,0.5,FGSM_eps0.5,,FGSM,0.5,1,,21.71216487884521,7
0.5379908071403317,0.3018072289156626,0.0099596445540027,0.0192829513307545,0.0193166666666666,0.9900403554459972,RF,PGD,0.5,FGSM_eps0.75,,FGSM,0.75,1,,21.71216487884521,7
0.815635114185471,0.9935114126675668,0.5996461443651472,0.7478924923137955,0.0032833333333333,0.4003538556348528,RF,PGD,0.5,PGD_eps0.15_it10,,PGD,0.15,10,,21.71216487884521,7
0.8169224771765047,0.994546828290792,0.6018527722004652,0.7499009214306945,0.0027666666666666,0.3981472277995348,RF,PGD,0.5,PGD_eps0.15_it25,,PGD,0.15,25,,21.71216487884521,7
0.8467947381304226,0.9916401742611562,0.6697016082539808,0.7994778997330169,0.0047333333333333,0.3302983917460191,RF,PGD,0.5,PGD_eps0.3_it10,,PGD,0.3,10,,21.71216487884521,7
0.8971016200828626,0.9944152514406112,0.7787408305667654,0.8734614698537282,0.0036666666666666,0.2212591694332346,RF,PGD,0.5,PGD_eps0.3_it25,,PGD,0.3,25,,21.71216487884521,7
0.543584489995739,0.4951821386603995,0.0418861698109456,0.0772389017192712,0.0358,0.9581138301890544,RF,PGD,0.5,PGD_eps0.5_it10,,PGD,0.5,10,,21.71216487884521,7
0.540783115599757,0.4628134296642583,0.0432976164443472,0.0791870421203803,0.0421333333333333,0.9567023835556528,RF,PGD,0.5,PGD_eps0.5_it25,,PGD,0.5,25,,21.71216487884521,7
0.5406471265514083,0.4428794992175274,0.0281295350177921,0.0528991738008897,0.0296666666666666,0.971870464982208,RF,PGD,0.5,PGD_eps0.75_it10,,PGD,0.75,10,,21.71216487884521,7
0.555515262504193,0.6512455516014235,0.054569309981512,0.1007006860119593,0.0245,0.945430690018488,RF,PGD,0.5,PGD_eps0.75_it25,,PGD,0.75,25,,21.71216487884521,7
0.8731584816369455,0.9989282769991756,0.7226407967715643,0.8386144210028491,0.00065,0.2773592032284356,RF,PGD,0.5,CW_c0.0_it10,,CW,,10,0.0,21.71216487884521,7
0.8086180792906811,0.9985313706069197,0.5811979404806871,0.7347390113342213,0.0007166666666666,0.418802059519313,RF,PGD,0.5,CW_c0.5_it10,,CW,,10,0.5,21.71216487884521,7
0.96301097884917,0.9576262796269528,0.9614337117070552,0.9595262186774596,0.0356666666666666,0.0385662882929447,MLP,FGSM,0.3,FGSM_eps0.15,131.04384016990662,FGSM,0.15,1,,,123
0.9386054776388676,0.9044804965527494,0.9675566069618114,0.9349559137099718,0.0856666666666666,0.0324433930381885,MLP,FGSM,0.3,FGSM_eps0.3,131.04384016990662,FGSM,0.3,1,,,123
0.804601869396118,0.8584966831263404,0.6843329423692424,0.7615844957467285,0.0945666666666666,0.3156670576307576,MLP,FGSM,0.3,FGSM_eps0.5,131.04384016990662,FGSM,0.5,1,,,123
0.680869967271969,0.6898858321178897,0.5453750273343538,0.6091774084313137,0.2055333333333333,0.4546249726656461,MLP,FGSM,0.3,FGSM_eps0.75,131.04384016990662,FGSM,0.75,1,,,123
0.9097123378330598,0.8594056230623953,0.9588891318609228,0.906425880164241,0.1315166666666666,0.0411108681390771,MLP,FGSM,0.3,PGD_eps0.15_it10,131.04384016990662,PGD,0.15,10,,,123
0.9232568470485844,0.886116135700838,0.9543764785400474,0.9189804844900028,0.1028333333333333,0.0456235214599526,MLP,FGSM,0.3,PGD_eps0.15_it25,131.04384016990662,PGD,0.15,25,,,123
0.8904290907772228,0.8932518367598938,0.8628511221994712,0.8777883390296681,0.08645,0.1371488778005287,MLP,FGSM,0.3,PGD_eps0.3_it10,131.04384016990662,PGD,0.3,10,,,123
0.8962222242368748,0.8997366363524135,0.8693119694650419,0.8842626763055458,0.0812166666666666,0.1306880305349581,MLP,FGSM,0.3,PGD_eps0.3_it25,131.04384016990662,PGD,0.3,25,,,123
0.9148980535434214,0.9424499329555776,0.8662902808977596,0.902766700158482,0.04435,0.1337097191022404,MLP,FGSM,0.3,PGD_eps0.5_it10,131.04384016990662,PGD,0.5,10,,,123
0.914626075446724,0.9422211646621096,0.8658926902968014,0.9024458464120334,0.0445166666666666,0.1341073097031986,MLP,FGSM,0.3,PGD_eps0.5_it25,131.04384016990662,PGD,0.5,25,,,123
0.9294488817167258,0.9745117732395938,0.8679999204818798,0.9181772300963116,0.0190333333333333,0.1320000795181201,MLP,FGSM,0.3,PGD_eps0.75_it10,131.04384016990662,PGD,0.75,10,,,123
0.9275087712936184,0.9805975235715098,0.8580203963978291,0.9152229691045188,0.0142333333333333,0.1419796036021708,MLP,FGSM,0.3,PGD_eps0.75_it25,131.04384016990662,PGD,0.75,25,,,123
0.9922214264344578,0.9903214930286984,0.9926445738822736,0.9914816726897264,0.0081333333333333,0.0073554261177265,MLP,FGSM,0.3,CW_c0.0_it10,131.04384016990662,CW,,10,0.0,,123
0.991876920845308,0.9897115670532264,0.992505417171938,0.991106523206416,0.00865,0.0074945828280619,MLP,FGSM,0.3,CW_c0.5_it10,131.04384016990662,CW,,10,0.5,,123
0.9960472516613328,0.9966338014142018,0.994692165477208,0.995662036852788,0.0028166666666666,0.0053078345227918,MLP,FGSM,0.3,Clean,131.04384016990662,Clean,0.0,0,,,123
0.9148799216703082,0.9620753523671848,0.8467288233306165,0.9007242928892414,0.0279833333333333,0.1532711766693835,LR,FGSM,0.3,Clean,,Clean,0.0,0,,0.7044060230255127,123
0.8188988513458383,0.785001409641951,0.8302884519809952,0.8070100861769138,0.19065,0.1697115480190048,LR,FGSM,0.3,FGSM_eps0.15,,FGSM,0.15,1,,0.7044060230255127,123
0.7600065274743207,0.7113014488127538,0.7973878297517046,0.7518885785517461,0.2713333333333333,0.2026121702482953,LR,FGSM,0.3,FGSM_eps0.3,,FGSM,0.3,1,,0.7044060230255127,123
0.6147430260283039,0.5798984896238386,0.5632864839075205,0.5714717894418394,0.3421166666666667,0.4367135160924795,LR,FGSM,0.3,FGSM_eps0.5,,FGSM,0.5,1,,0.7044060230255127,123
0.5349718502669918,0.4882630220053533,0.409776752877562,0.4455901426718547,0.3600666666666666,0.590223247122438,LR,FGSM,0.3,FGSM_eps0.75,,FGSM,0.75,1,,0.7044060230255127,123
0.7925441737758719,0.7437940109538373,0.8315209828439656,0.7852148039684999,0.2401333333333333,0.1684790171560344,LR,FGSM,0.3,PGD_eps0.15_it10,,PGD,0.15,10,,0.7044060230255127,123
0.8035502207555552,0.7600821101584072,0.8317794167345884,0.7943161431785175,0.2201166666666666,0.1682205832654116,LR,FGSM,0.3,PGD_eps0.15_it25,,PGD,0.15,25,,0.7044060230255127,123
0.6489125409100387,0.6075829383886255,0.649881716796215,0.6280209013716526,0.3519,0.3501182832037851,LR,FGSM,0.3,PGD_eps0.3_it10,,PGD,0.3,10,,0.7044060230255127,123
0.6600999066208535,0.6161026626307299,0.6757251058584975,0.6445379904052183,0.353,0.3242748941415025,LR,FGSM,0.3,PGD_eps0.3_it25,,PGD,0.3,25,,0.7044060230255127,123
0.6300825906820304,0.5868785894575118,0.6378744806472775,0.6113148594454023,0.37645,0.3621255193527225,LR,FGSM,0.3,PGD_eps0.5_it10,,PGD,0.5,10,,0.7044060230255127,123
0.6026853304080578,0.5626644482278285,0.5781563723833568,0.5703052230098734,0.37675,0.4218436276166431,LR,FGSM,0.3,PGD_eps0.5_it25,,PGD,0.5,25,,0.7044060230255127,123
0.5856685674913646,0.5454204426543465,0.5491720175735045,0.547289801093589,0.3837333333333333,0.4508279824264954,LR,FGSM,0.3,PGD_eps0.75_it10,,PGD,0.75,10,,0.7044060230255127,123
0.5651614190003899,0.5240050083129785,0.5075045225930859,0.5156227908949527,0.3865,0.4924954774069141,LR,FGSM,0.3,PGD_eps0.75_it25,,PGD,0.75,25,,0.7044060230255127,123
0.8771746915315086,0.8803999089234336,0.8455360515277419,0.8626158557608453,0.0963,0.1544639484722581,LR,FGSM,0.3,CW_c0.0_it10,,CW,,10,0.0,0.7044060230255127,123
0.8757150757458999,0.8775223868278793,0.8454764129375981,0.8612013890998188,0.0989333333333333,0.1545235870624018,LR,FGSM,0.3,CW_c0.5_it10,,CW,,10,0.5,0.7044060230255127,123
0.9159768999936538,0.964880480344398,0.8465697870902332,0.9018615387873524,0.0258333333333333,0.1534302129097668,SVM,FGSM,0.3,Clean,,Clean,0.0,0,,3.559694766998291,123
0.8411375937191191,0.82000468585263,0.8349203824821582,0.8273953172250076,0.15365,0.1650796175178418,SVM,FGSM,0.3,FGSM_eps0.15,,FGSM,0.15,1,,3.559694766998291,123
0.7577491092717333,0.6991992161102851,0.8227541100928374,0.7559614594273711,0.29675,0.1772458899071625,SVM,FGSM,0.3,FGSM_eps0.3,,FGSM,0.3,1,,3.559694766998291,123
0.6596194119833549,0.6176372957621805,0.6658052203645906,0.6408173808225468,0.3455666666666667,0.3341947796354094,SVM,FGSM,0.3,FGSM_eps0.5,,FGSM,0.5,1,,3.559694766998291,123
0.5274561888615903,0.4825483277078858,0.500208735065503,0.4912198502640389,0.4497,0.4997912649344969,SVM,FGSM,0.3,FGSM_eps0.75,,FGSM,0.75,1,,3.559694766998291,123
0.8599675439471275,0.8572365589193842,0.8314017056636781,0.8441215057018872,0.1160833333333333,0.1685982943363219,SVM,FGSM,0.3,PGD_eps0.15_it10,,PGD,0.15,10,,3.559694766998291,123
0.8616175444004243,0.8597802649142623,0.832296284515834,0.8458150669710499,0.1138,0.1677037154841659,SVM,FGSM,0.3,PGD_eps0.15_it25,,PGD,0.15,25,,3.559694766998291,123
0.7011504673490295,0.6704212616225355,0.6779913722839592,0.6741850673097831,0.2794333333333333,0.3220086277160408,SVM,FGSM,0.3,PGD_eps0.3_it10,,PGD,0.3,10,,3.559694766998291,123
0.6937073334360806,0.6627132668741873,0.6687076317515854,0.6656969553042222,0.2853333333333333,0.3312923682484146,SVM,FGSM,0.3,PGD_eps0.3_it25,,PGD,0.3,25,,3.559694766998291,123
0.6305358875098592,0.592714846025397,0.6068425342424905,0.5996954962919306,0.3496,0.3931574657575095,SVM,FGSM,0.3,PGD_eps0.5_it10,,PGD,0.5,10,,3.559694766998291,123
0.5868108754974932,0.5503332836424815,0.5137268154980816,0.5314003701418877,0.3519166666666666,0.4862731845019183,SVM,FGSM,0.3,PGD_eps0.5_it25,,PGD,0.5,25,,3.559694766998291,123
0.5863394467965514,0.5481095766357256,0.5294117647058824,0.5385984427141268,0.3659333333333333,0.4705882352941176,SVM,FGSM,0.3,PGD_eps0.75_it10,,PGD,0.75,10,,3.559694766998291,123
0.5663309248161882,0.5264047588479479,0.4890563187086257,0.5070437049785134,0.3688833333333333,0.5109436812913742,SVM,FGSM,0.3,PGD_eps0.75_it25,,PGD,0.75,25,,3.559694766998291,123
0.8896222224236875,0.9067941276886308,0.8448005089159693,0.8747002583181532,0.0728,0.1551994910840307,SVM,FGSM,0.3,CW_c0.0_it10,,CW,,10,0.0,3.559694766998291,123
0.8885252441003418,0.9044588698520803,0.8448005089159693,0.8736123674039964,0.0748166666666666,0.1551994910840307,SVM,FGSM,0.3,CW_c0.5_it10,,CW,,10,0.5,3.559694766998291,123
0.999809615332312,0.999880701475325,0.9997018070492814,0.9997912462598288,0.0001,0.0002981929507186,RF,FGSM,0.3,Clean,,Clean,0.0,0,,24.554551124572757,123
0.7159642076824746,0.9986858013983072,0.3776713118501879,0.5480772004731269,0.0004166666666666,0.6223286881498121,RF,FGSM,0.3,FGSM_eps0.15,,FGSM,0.15,1,,24.554551124572757,123
0.8329147892623048,0.9974715155298892,0.6352305031509056,0.776166533071,0.00135,0.3647694968490945,RF,FGSM,0.3,FGSM_eps0.3,,FGSM,0.3,1,,24.554551124572757,123
0.5408012474728702,0.4621080139372822,0.0421843627616643,0.0773112305310137,0.0411666666666666,0.9578156372383356,RF,FGSM,0.3,FGSM_eps0.5,,FGSM,0.5,1,,24.554551124572757,123
0.5346273446778419,0.3931907826447997,0.0376518299107409,0.0687227866473149,0.0487166666666666,0.9623481700892592,RF,FGSM,0.3,FGSM_eps0.75,,FGSM,0.75,1,,24.554551124572757,123
0.678540021576929,0.9983215844243034,0.2956086118124167,0.4561489616245897,0.0004166666666666,0.7043913881875833,RF,FGSM,0.3,PGD_eps0.15_it10,,PGD,0.15,10,,24.554551124572757,123
0.7148581634225724,0.9987300915392348,0.3752261296542949,0.5455044651888674,0.0004,0.624773870345705,RF,FGSM,0.3,PGD_eps0.15_it25,,PGD,0.15,25,,24.554551124572757,123
0.7320653110069536,0.9986541696707524,0.4130369958054191,0.5843786915677561,0.0004666666666666,0.5869630041945808,RF,FGSM,0.3,PGD_eps0.3_it10,,PGD,0.3,10,,24.554551124572757,123
0.7096996455218806,0.9981471389645776,0.3641134723575134,0.5335819264999344,0.0005666666666666,0.6358865276424865,RF,FGSM,0.3,PGD_eps0.3_it25,,PGD,0.3,25,,24.554551124572757,123
0.5610545497402609,0.8698039215686274,0.0440927976462636,0.0839309026923731,0.0055333333333333,0.9559072023537364,RF,FGSM,0.3,PGD_eps0.5_it10,,PGD,0.5,10,,24.554551124572757,123
0.5637743307072337,0.828031212484994,0.0548476234021827,0.1028805817097044,0.00955,0.9451523765978171,RF,FGSM,0.3,PGD_eps0.5_it25,,PGD,0.5,25,,24.554551124572757,123
0.5720696626565007,0.7843388960205392,0.0850247500149096,0.153418466174044,0.0196,0.9149752499850904,RF,FGSM,0.3,PGD_eps0.75_it10,,PGD,0.75,10,,24.554551124572757,123
0.5616710334261081,0.631352514116698,0.0933542731049838,0.1626573838347101,0.0457,0.9066457268950162,RF,FGSM,0.3,PGD_eps0.75_it25,,PGD,0.75,25,,24.554551124572757,123
0.7478944362347353,0.9996002309776574,0.4473689441981591,0.6181059107888376,0.00015,0.5526310558018408,RF,FGSM,0.3,CW_c0.0_it10,,CW,,10,0.0,24.554551124572757,123
0.7823721929593936,0.9997339616904836,0.5229310379102639,0.6866801540168375,0.0001166666666666,0.4770689620897362,RF,FGSM,0.3,CW_c0.5_it10,,CW,,10,0.5,24.554551124572757,123
0.9539269104194807,0.941671712929502,0.9583325050195812,0.9499290612437928,0.0497666666666666,0.0416674949804186,MLP,FGSM,0.5,FGSM_eps0.15,133.78472590446472,FGSM,0.15,1,,,123
0.9070922821682094,0.9479923945867352,0.8424944834304117,0.8921353991242843,0.03875,0.1575055165695883,MLP,FGSM,0.5,FGSM_eps0.3,133.78472590446472,FGSM,0.3,1,,,123
0.7724359264933864,0.8403284178685249,0.6185316979106614,0.7125697076572501,0.0985333333333333,0.3814683020893386,MLP,FGSM,0.5,FGSM_eps0.5,133.78472590446472,FGSM,0.5,1,,,123
0.6742699654587817,0.6956711135311734,0.5079617517841878,0.587179575563292,0.1863,0.4920382482158121,MLP,FGSM,0.5,FGSM_eps0.75,133.78472590446472,FGSM,0.75,1,,,123
0.934616465553974,0.9207037275691718,0.9373596008190368,0.9289570117025888,0.0676833333333333,0.0626403991809633,MLP,FGSM,0.5,PGD_eps0.15_it10,133.78472590446472,PGD,0.15,10,,,123
0.9471274580020488,0.936975533064754,0.9478162336242372,0.9423647072775428,0.05345,0.0521837663757628,MLP,FGSM,0.5,PGD_eps0.15_it25,133.78472590446472,PGD,0.15,25,,,123
0.8995766207628079,0.9469282654270348,0.8260938711408863,0.8823935362629662,0.0388166666666666,0.1739061288591137,MLP,FGSM,0.5,PGD_eps0.3_it10,133.78472590446472,PGD,0.3,10,,,123
0.9357043779407632,0.9138746815317128,0.9483927399956265,0.930813806021111,0.0749333333333333,0.0516072600043735,MLP,FGSM,0.5,PGD_eps0.3_it25,133.78472590446472,PGD,0.3,25,,,123
0.8565496858652983,0.9468404955678814,0.7262191121801881,0.8219834617764528,0.0341833333333333,0.2737808878198119,MLP,FGSM,0.5,PGD_eps0.5_it10,133.78472590446472,PGD,0.5,10,,,123
0.8483540792181536,0.9488290022457492,0.7055245214003141,0.8092854618217474,0.0319,0.2944754785996859,MLP,FGSM,0.5,PGD_eps0.5_it25,133.78472590446472,PGD,0.5,25,,,123
0.788265051721168,0.9120489296636084,0.5928871041488579,0.7186246280254931,0.0479333333333333,0.4071128958511421,MLP,FGSM,0.5,PGD_eps0.75_it10,133.78472590446472,PGD,0.75,10,,,123
0.7364622902368929,0.8718478565424489,0.4948611414826153,0.6313613594572316,0.0609833333333333,0.5051388585173846,MLP,FGSM,0.5,PGD_eps0.75_it25,133.78472590446472,PGD,0.75,25,,,123
0.9921670308151184,0.9942417274817554,0.988549390692404,0.9913873881058236,0.0048,0.0114506093075959,MLP,FGSM,0.5,CW_c0.0_it10,133.78472590446472,CW,,10,0.0,,123
0.9901362610264454,0.9904725837635288,0.9878734866707752,0.9891713279057268,0.0079666666666666,0.0121265133292248,MLP,FGSM,0.5,CW_c0.5_it10,133.78472590446472,CW,,10,0.5,,123
0.9962195044559078,0.9970309261916148,0.9946722859471602,0.9958502094798332,0.0024833333333333,0.0053277140528397,MLP,FGSM,0.5,Clean,133.78472590446472,Clean,0.0,0,,,123
0.9008730496903984,0.9272273467173088,0.8492932827067968,0.8865508726057814,0.0558833333333333,0.1507067172932032,LR,FGSM,0.5,Clean,,Clean,0.0,0,,0.7202634811401367,123
0.8602485879803813,0.8535468179975679,0.8372065284376677,0.8452977128348204,0.1204333333333333,0.1627934715623322,LR,FGSM,0.5,FGSM_eps0.15,,FGSM,0.15,1,,0.7202634811401367,123
0.8211834673580954,0.7897329972901783,0.8284794147466353,0.8086423346333702,0.1849333333333333,0.1715205852533646,LR,FGSM,0.5,FGSM_eps0.3,,FGSM,0.3,1,,0.7202634811401367,123
0.7940128554980372,0.7514036750765641,0.8194143490447886,0.7839367053699636,0.2272833333333333,0.1805856509552114,LR,FGSM,0.5,FGSM_eps0.5,,FGSM,0.5,1,,0.7202634811401367,123
0.7103795907636239,0.6858861413208579,0.6732600441325567,0.6795144462279293,0.2585,0.3267399558674433,LR,FGSM,0.5,FGSM_eps0.75,,FGSM,0.75,1,,0.7202634811401367,123
0.8774376036916494,0.8794355504208615,0.8474246068822933,0.8631333839534295,0.0974,0.1525753931177067,LR,FGSM,0.5,PGD_eps0.15_it10,,PGD,0.15,10,,0.7202634811401367,123
0.8847084848100233,0.8932577216037499,0.84859749915512,0.870355078447564,0.0850166666666666,0.15140250084488,LR,FGSM,0.5,PGD_eps0.15_it25,,PGD,0.15,25,,0.7202634811401367,123
0.7829161491527882,0.7260781555563179,0.8414209888078246,0.7795058795362672,0.2661333333333333,0.1585790111921754,LR,FGSM,0.5,PGD_eps0.3_it10,,PGD,0.3,10,,0.7202634811401367,123
0.7925079100296456,0.739901995099755,0.840466771365525,0.7869847267853652,0.2477,0.159533228634475,LR,FGSM,0.5,PGD_eps0.3_it25,,PGD,0.3,25,,0.7202634811401367,123
0.7410496541345204,0.6804448871181938,0.8148619366638172,0.7416118614475815,0.3208333333333333,0.1851380633361827,LR,FGSM,0.5,PGD_eps0.5_it10,,PGD,0.5,10,,0.7202634811401367,123
0.7230719019428302,0.6617437576749897,0.8034510864163171,0.7257447610838765,0.3443166666666666,0.1965489135836828,LR,FGSM,0.5,PGD_eps0.5_it25,,PGD,0.5,25,,0.7202634811401367,123
0.6668902931017289,0.6227016070652961,0.6840148698884758,0.6519197794598282,0.3474666666666666,0.3159851301115242,LR,FGSM,0.5,PGD_eps0.75_it10,,PGD,0.75,10,,0.7202634811401367,123
0.6421765500485027,0.6007439092430723,0.6421485796075781,0.6207565843206211,0.3578,0.3578514203924219,LR,FGSM,0.5,PGD_eps0.75_it25,,PGD,0.75,25,,0.7202634811401367,123
0.8960953011250827,0.9204225657011732,0.8452378585770233,0.8812294682736251,0.0612666666666666,0.1547621414229767,LR,FGSM,0.5,CW_c0.0_it10,,CW,,10,0.0,0.7202634811401367,123
0.8883801891154366,0.9037901494377484,0.8452179790469754,0.8735233086105233,0.0754333333333333,0.1547820209530246,LR,FGSM,0.5,CW_c0.5_it10,,CW,,10,0.5,0.7202634811401367,123
0.9173458564136968,0.9652313392373034,0.8493529212969405,0.903592162170736,0.02565,0.1506470787030594,SVM,FGSM,0.5,Clean,,Clean,0.0,0,,3.430060386657715,123
0.8824963962902188,0.8975598330636232,0.8379818301095362,0.8667482291013396,0.0801833333333333,0.1620181698904637,SVM,FGSM,0.5,FGSM_eps0.15,,FGSM,0.15,1,,3.430060386657715,123
0.8313735800476868,0.8059485437455367,0.8301095362105639,0.8178506375227687,0.1675666666666666,0.169890463789436,SVM,FGSM,0.5,FGSM_eps0.3,,FGSM,0.3,1,,3.430060386657715,123
0.7932875805735111,0.7500090905785244,0.8200703735363696,0.7834765680641945,0.2291666666666666,0.1799296264636304,SVM,FGSM,0.5,FGSM_eps0.5,,FGSM,0.5,1,,3.430060386657715,123
0.7162180539060587,0.6930015236160487,0.6781504085243425,0.6854955389438148,0.2518666666666667,0.3218495914756575,SVM,FGSM,0.5,FGSM_eps0.75,,FGSM,0.75,1,,3.430060386657715,123
0.8899213983300545,0.906495664585952,0.8458740035385564,0.8751362579955163,0.07315,0.1541259964614436,SVM,FGSM,0.5,PGD_eps0.15_it10,,PGD,0.15,10,,3.430060386657715,123
0.8910818382092962,0.90699207040966,0.848140269964018,0.8765794826488053,0.0729166666666666,0.1518597300359819,SVM,FGSM,0.5,PGD_eps0.15_it25,,PGD,0.15,25,,3.430060386657715,123
0.8118999483241617,0.7684329076674357,0.8409637596167227,0.8030639558061393,0.2124666666666666,0.1590362403832773,SVM,FGSM,0.5,PGD_eps0.3_it10,,PGD,0.3,10,,3.430060386657715,123
0.8079290681123813,0.7624997746163971,0.8406854461960519,0.7996860935668091,0.2195333333333333,0.159314553803948,SVM,FGSM,0.5,PGD_eps0.3_it25,,PGD,0.3,25,,3.430060386657715,123
0.7595985603292749,0.7052498964517465,0.8123769954078286,0.7550324720315574,0.28465,0.1876230045921714,SVM,FGSM,0.5,PGD_eps0.5_it10,,PGD,0.5,10,,3.430060386657715,123
0.7416026762644715,0.6862855678031274,0.7983221676639565,0.7380764211803195,0.30595,0.2016778323360435,SVM,FGSM,0.5,PGD_eps0.5_it25,,PGD,0.5,25,,3.430060386657715,123
0.6946229930282948,0.6594454571620455,0.6831998091565116,0.6711124997559023,0.2958,0.3168001908434885,SVM,FGSM,0.5,PGD_eps0.75_it10,,PGD,0.75,10,,3.430060386657715,123
0.6550501799588406,0.6170033991521217,0.6423076158479614,0.6294012798410425,0.3342666666666666,0.3576923841520386,SVM,FGSM,0.5,PGD_eps0.75_it25,,PGD,0.75,25,,3.430060386657715,123
0.8982439280889912,0.9241723651362206,0.8463113531996104,0.8835298024240412,0.0582166666666666,0.1536886468003896,SVM,FGSM,0.5,CW_c0.0_it10,,CW,,10,0.0,3.430060386657715,123
0.8982620599621044,0.923844435286207,0.8467089438005686,0.8835964566520756,0.0585166666666666,0.1532910561994314,SVM,FGSM,0.5,CW_c0.5_it10,,CW,,10,0.5,3.430060386657715,123
0.999809615332312,0.999900580609242,0.9996819275192336,0.9997912421094488,8.333333333333333e-05,0.0003180724807665,RF,FGSM,0.5,Clean,,Clean,0.0,0,,30.854138374328613,123
0.7345947073062383,0.9979634365823624,0.4188815776395046,0.5900835935421538,0.0007166666666666,0.5811184223604954,RF,FGSM,0.5,FGSM_eps0.15,,FGSM,0.15,1,,30.854138374328613,123
0.8296419861653808,0.9959083469721768,0.6290280897759577,0.7710508681084374,0.0021666666666666,0.3709719102240423,RF,FGSM,0.5,FGSM_eps0.3,,FGSM,0.3,1,,30.854138374328613,123
0.5242287154474493,0.2861635220125786,0.0289445957497564,0.0525717174270188,0.0605333333333333,0.9710554042502436,RF,FGSM,0.5,FGSM_eps0.5,,FGSM,0.5,1,,30.854138374328613,123
0.5371386091040135,0.2841561423650975,0.0098403673737152,0.0190220001921414,0.0207833333333333,0.9901596326262848,RF,FGSM,0.5,FGSM_eps0.75,,FGSM,0.75,1,,30.854138374328613,123
0.8036046163748946,0.9984683932052352,0.5702244398942409,0.725892371347952,0.0007333333333333,0.4297755601057591,RF,FGSM,0.5,PGD_eps0.15_it10,,PGD,0.15,10,,30.854138374328613,123
0.8282820956818944,0.9987595419847328,0.6242371230344115,0.7682859694408084,0.00065,0.3757628769655885,RF,FGSM,0.5,PGD_eps0.15_it25,,PGD,0.15,25,,30.854138374328613,123
0.9195942086797276,0.9993010700857996,0.8242649543764785,0.9033825371752274,0.0004833333333333,0.1757350456235214,RF,FGSM,0.5,PGD_eps0.3_it10,,PGD,0.3,10,,30.854138374328613,123
0.8924598605658958,0.9994023956141036,0.7646462437627974,0.8664038743101701,0.0003833333333333,0.2353537562372025,RF,FGSM,0.5,PGD_eps0.3_it25,,PGD,0.3,25,,30.854138374328613,123
0.5600210329728113,0.9132462686567164,0.0389241198338071,0.0746658531469864,0.0031,0.9610758801661928,RF,FGSM,0.5,PGD_eps0.5_it10,,PGD,0.5,10,,30.854138374328613,123
0.5723325748166415,0.929945054945055,0.0672922092121742,0.1255028455962775,0.00425,0.9327077907878256,RF,FGSM,0.5,PGD_eps0.5_it25,,PGD,0.5,25,,30.854138374328613,123
0.5600119670362547,0.9330073349633252,0.0379301433314116,0.0728967677848246,0.0022833333333333,0.9620698566685884,RF,FGSM,0.5,PGD_eps0.75_it10,,PGD,0.75,10,,30.854138374328613,123
0.5652883421121819,0.9448015122873346,0.0496789455897262,0.0943945002644103,0.0024333333333333,0.9503210544102736,RF,FGSM,0.5,PGD_eps0.75_it25,,PGD,0.75,25,,30.854138374328613,123
0.8615994125273111,0.9994583036350676,0.6968968053595213,0.8211951556607089,0.0003166666666666,0.3031031946404787,RF,FGSM,0.5,CW_c0.0_it10,,CW,,10,0.0,30.854138374328613,123
0.8611370497629257,0.999428995603266,0.6959028288571258,0.8204947907510929,0.0003333333333333,0.3040971711428741,RF,FGSM,0.5,CW_c0.5_it10,,CW,,10,0.5,30.854138374328613,123
0.9912151074766778,0.9917663476874004,0.9889469812933622,0.9903546579337666,0.0068833333333333,0.0110530187066377,MLP,PGD,0.3,FGSM_eps0.15,738.2160348892212,FGSM,0.15,1,,,123
0.9863829632920228,0.9894686164771016,0.9805776991431924,0.9850030952333406,0.00875,0.0194223008568077,MLP,PGD,0.3,FGSM_eps0.3,738.2160348892212,FGSM,0.3,1,,,123
0.8784167248397595,0.926280273618044,0.7968113233803152,0.8566818060379375,0.0531666666666666,0.2031886766196847,MLP,PGD,0.3,FGSM_eps0.5,738.2160348892212,FGSM,0.5,1,,,123
0.6318957779933456,0.713487102737917,0.3222273025465678,0.4439544788485504,0.1084833333333333,0.6777726974534322,MLP,PGD,0.3,FGSM_eps0.75,738.2160348892212,FGSM,0.75,1,,,123
0.9899368104222008,0.988694840158153,0.9892451742440808,0.988969930639744,0.0094833333333333,0.0107548257559191,MLP,PGD,0.3,PGD_eps0.15_it10,738.2160348892212,PGD,0.15,10,,,123
0.98800576593565,0.984528331750554,0.9892451742440808,0.9868811169395224,0.0130333333333333,0.0107548257559191,MLP,PGD,0.3,PGD_eps0.15_it25,738.2160348892212,PGD,0.15,25,,,123
0.9852406552858944,0.97864180777627,0.989225294714033,0.983905091448344,0.0181,0.010774705285967,MLP,PGD,0.3,PGD_eps0.3_it10,738.2160348892212,PGD,0.3,10,,,123
0.9850230728085364,0.9789709965148562,0.9883903544520208,0.9836581264220002,0.0178,0.0116096455479792,MLP,PGD,0.3,PGD_eps0.3_it25,738.2160348892212,PGD,0.3,25,,,123
0.9167203067912932,0.948708994478032,0.8641035325924895,0.9044319600499376,0.0391666666666666,0.1358964674075105,MLP,PGD,0.3,PGD_eps0.5_it10,738.2160348892212,PGD,0.5,10,,,123
0.9087513485580628,0.930776807125728,0.8641830507126812,0.8962446009050893,0.0538833333333333,0.1358169492873188,MLP,PGD,0.3,PGD_eps0.5_it25,738.2160348892212,PGD,0.5,25,,,123
0.8544463885841727,0.8322467986030267,0.8527125618750373,0.8423553901593629,0.1441,0.1472874381249627,MLP,PGD,0.3,PGD_eps0.75_it10,738.2160348892212,PGD,0.75,10,,,123
0.8244290726453496,0.7865757637512274,0.8440252072441008,0.8142884541618719,0.192,0.1559747927558992,MLP,PGD,0.3,PGD_eps0.75_it25,738.2160348892212,PGD,0.75,25,,,123
0.9901543928995584,0.9896142138039434,0.988787945052979,0.9892009068851676,0.0087,0.011212054947021,MLP,PGD,0.3,CW_c0.0_it10,738.2160348892212,CW,,10,0.0,,123
0.990036535724323,0.9896115268269384,0.988529511162356,0.9890702230708794,0.0087,0.0114704888376438,MLP,PGD,0.3,CW_c0.5_it10,738.2160348892212,CW,,10,0.5,,123
0.99065301941017,0.9900346103353622,0.9894638490746078,0.98974914741939,0.00835,0.0105361509253921,MLP,PGD,0.3,Clean,738.2160348892212,Clean,0.0,0,,,123
0.9211354178943456,0.9717220735634268,0.8518577420829772,0.9078505524305888,0.0207833333333333,0.1481422579170228,LR,PGD,0.3,Clean,,Clean,0.0,0,,0.7628219127655029,123
0.7903683490022937,0.7401229768888261,0.8327137546468402,0.7836930186437665,0.2451333333333333,0.1672862453531598,LR,PGD,0.3,FGSM_eps0.15,,FGSM,0.15,1,,0.7628219127655029,123
0.6885578814719454,0.6494565217391305,0.6889251138103095,0.6686088575480161,0.31175,0.3110748861896905,LR,PGD,0.3,FGSM_eps0.3,,FGSM,0.3,1,,0.7628219127655029,123
0.6549595205932749,0.6122849491948205,0.6636383515893685,0.6369282136894825,0.3523166666666666,0.3363616484106316,LR,PGD,0.3,FGSM_eps0.5,,FGSM,0.5,1,,0.7628219127655029,123
0.5781710379590763,0.5315773620268416,0.6314931515018984,0.5772435285886918,0.4665333333333333,0.3685068484981015,LR,PGD,0.3,FGSM_eps0.75,,FGSM,0.75,1,,0.7628219127655029,123
0.7483296011894509,0.7304020768177265,0.7103353676719082,0.720228976860437,0.2198166666666666,0.2896646323280917,LR,PGD,0.3,PGD_eps0.15_it10,,PGD,0.15,10,,0.7628219127655029,123
0.7515933383498182,0.734917020534597,0.7121841639663639,0.723372034326098,0.2153666666666666,0.2878158360336361,LR,PGD,0.3,PGD_eps0.15_it25,,PGD,0.15,25,,0.7628219127655029,123
0.6846323309429481,0.6416120612554073,0.6988052402441206,0.668988486059568,0.32725,0.3011947597558794,LR,PGD,0.3,PGD_eps0.3_it10,,PGD,0.3,10,,0.7628219127655029,123
0.6859106279974253,0.6431470781832809,0.6992624694352225,0.6700319062812515,0.3252833333333333,0.3007375305647774,LR,PGD,0.3,PGD_eps0.3_it25,,PGD,0.3,25,,0.7628219127655029,123
0.6499279258043752,0.6052968201062967,0.6678925710196211,0.6350559504007258,0.3651333333333333,0.3321074289803789,LR,PGD,0.3,PGD_eps0.5_it10,,PGD,0.5,10,,0.7628219127655029,123
0.6055229685502661,0.5670689553005314,0.5707214281454387,0.5688893292380858,0.3653,0.4292785718545613,LR,PGD,0.3,PGD_eps0.5_it25,,PGD,0.5,25,,0.7628219127655029,123
0.6001287362991033,0.5600946617008069,0.5740015506033438,0.5669628393304207,0.3779666666666667,0.4259984493966562,LR,PGD,0.3,PGD_eps0.75_it10,,PGD,0.75,10,,0.7628219127655029,123
0.573112245360507,0.5329724409448819,0.5167087450052681,0.5247145986211909,0.3796,0.4832912549947319,LR,PGD,0.3,PGD_eps0.75_it25,,PGD,0.75,25,,0.7628219127655029,123
0.8839378802027144,0.8934964638727414,0.846390871319802,0.8693060007758744,0.0845833333333333,0.153609128680198,LR,PGD,0.3,CW_c0.0_it10,,CW,,10,0.0,0.7628219127655029,123
0.8819433741602676,0.8893251738758119,0.8464703894399936,0.8673687641319183,0.0883166666666666,0.1535296105600063,LR,PGD,0.3,CW_c0.5_it10,,CW,,10,0.5,0.7628219127655029,123
0.9192587690271344,0.9729464183708444,0.8464902689700415,0.9053238083088828,0.0197333333333333,0.1535097310299584,SVM,PGD,0.3,Clean,,Clean,0.0,0,,3.8090531826019287,123
0.8353625921325802,0.810854722345796,0.833389658668469,0.821967765969962,0.1629833333333333,0.1666103413315309,SVM,PGD,0.3,FGSM_eps0.15,,FGSM,0.15,1,,3.8090531826019287,123
0.6913955196141537,0.6499529754550316,0.7006540365385763,0.6743518607098441,0.3163666666666667,0.2993459634614238,SVM,PGD,0.3,FGSM_eps0.3,,FGSM,0.3,1,,3.8090531826019287,123
0.6548960590373789,0.6126982372768968,0.6612726875136672,0.6360594297952081,0.35045,0.3387273124863328,SVM,PGD,0.3,FGSM_eps0.5,,FGSM,0.5,1,,3.8090531826019287,123
0.5778627961161528,0.531105492531355,0.6347335148997078,0.5783139076806042,0.4698166666666666,0.3652664851002922,SVM,PGD,0.3,FGSM_eps0.75,,FGSM,0.75,1,,3.8090531826019287,123
0.8068139579159225,0.8430917782931794,0.708188378426734,0.7697743012413972,0.1105,0.291811621573266,SVM,PGD,0.3,PGD_eps0.15_it10,,PGD,0.15,10,,3.8090531826019287,123
0.8078384087468156,0.84318626641828,0.710832355923106,0.7713730989105814,0.1108333333333333,0.289167644076894,SVM,PGD,0.3,PGD_eps0.15_it25,,PGD,0.15,25,,3.8090531826019287,123
0.7107422282258868,0.6787331195958418,0.6944118641035326,0.6864829808977282,0.2755666666666667,0.3055881358964674,SVM,PGD,0.3,PGD_eps0.3_it10,,PGD,0.3,10,,3.8090531826019287,123
0.71475843812045,0.6879114302812687,0.6855455937021648,0.6867264743659952,0.26075,0.3144544062978351,SVM,PGD,0.3,PGD_eps0.3_it25,,PGD,0.3,25,,3.8090531826019287,123
0.6497103433270174,0.6131140546515913,0.6284714629346162,0.6206977794357293,0.3324833333333333,0.3715285370653838,SVM,PGD,0.3,PGD_eps0.5_it10,,PGD,0.5,10,,3.8090531826019287,123
0.6216059400016318,0.5885381132543571,0.5659105818738445,0.5770025944543539,0.3317,0.4340894181261555,SVM,PGD,0.3,PGD_eps0.5_it25,,PGD,0.5,25,,3.8090531826019287,123
0.6037551109217337,0.5665805305446764,0.5579190107945848,0.562216412752787,0.3578166666666666,0.4420809892054151,SVM,PGD,0.3,PGD_eps0.75_it10,,PGD,0.75,10,,3.8090531826019287,123
0.5780622467203974,0.5396,0.5095322346579727,0.5241352514749036,0.3644833333333333,0.4904677653420273,SVM,PGD,0.3,PGD_eps0.75_it25,,PGD,0.75,25,,3.8090531826019287,123
0.8945268941007951,0.9179438403839086,0.8441842434844841,0.8795203181309805,0.0632666666666666,0.1558157565155159,SVM,PGD,0.3,CW_c0.0_it10,,CW,,10,0.0,3.8090531826019287,123
0.8954334877564527,0.9199688021318544,0.8441444844243882,0.8804271200497615,0.0615666666666666,0.1558555155756117,SVM,PGD,0.3,CW_c0.5_it10,,CW,,10,0.5,3.8090531826019287,123
0.9998186812688684,0.9998807038473008,0.9997216865793292,0.9998011888904352,0.0001,0.0002783134206707,RF,PGD,0.3,Clean,,Clean,0.0,0,,26.42567586898804,123
0.7349664107050579,0.976911584951786,0.4289803789038427,0.5961708476074704,0.0085,0.5710196210961573,RF,PGD,0.3,FGSM_eps0.15,,FGSM,0.15,1,,26.42567586898804,123
0.7316754757350208,0.9992766203703703,0.4119237421227362,0.5833696983347175,0.00025,0.5880762578772638,RF,PGD,0.3,FGSM_eps0.3,,FGSM,0.3,1,,26.42567586898804,123
0.306129479705901,0.0217668720603784,0.011868079438602,0.015360864531069,0.4471666666666666,0.988131920561398,RF,PGD,0.3,FGSM_eps0.5,,FGSM,0.5,1,,26.42567586898804,123
0.488037496713598,0.0782275711159737,0.0113710911874043,0.0198559402933263,0.1123333333333333,0.9886289088125956,RF,PGD,0.3,FGSM_eps0.75,,FGSM,0.75,1,,26.42567586898804,123
0.6885850792816152,0.9846873670778392,0.3221477844263761,0.4854703415218694,0.0042,0.6778522155736239,RF,PGD,0.3,PGD_eps0.15_it10,,PGD,0.15,10,,26.42567586898804,123
0.6893828816985939,0.984768812330009,0.3238971830705922,0.4874640976543801,0.0042,0.6761028169294078,RF,PGD,0.3,PGD_eps0.15_it25,,PGD,0.15,25,,26.42567586898804,123
0.7011504673490295,0.9997117989509482,0.3447905691509452,0.5127416779991723,8.333333333333333e-05,0.6552094308490547,RF,PGD,0.3,PGD_eps0.3_it10,,PGD,0.3,10,,26.42567586898804,123
0.6976147520919649,0.9995284409077512,0.3370971910224042,0.504162454658976,0.0001333333333333,0.6629028089775958,RF,PGD,0.3,PGD_eps0.3_it25,,PGD,0.3,25,,26.42567586898804,123
0.5548806469452326,0.7009003001000333,0.0417867721607061,0.0788713369104348,0.01495,0.958213227839294,RF,PGD,0.3,PGD_eps0.5_it10,,PGD,0.5,10,,26.42567586898804,123
0.5546268007216486,0.7297930495900039,0.0371548416595431,0.0707097457627118,0.0115333333333333,0.9628451583404568,RF,PGD,0.3,PGD_eps0.5_it25,,PGD,0.5,25,,26.42567586898804,123
0.5623419127312947,0.7875779920589904,0.0552054549430451,0.1031785840346281,0.0124833333333333,0.9447945450569548,RF,PGD,0.3,PGD_eps0.75_it10,,PGD,0.75,10,,26.42567586898804,123
0.5612811981541753,0.7979420018709074,0.0508717173926008,0.0956456737058493,0.0108,0.9491282826073992,RF,PGD,0.3,PGD_eps0.75_it25,,PGD,0.75,25,,26.42567586898804,123
0.7204518462779798,0.9985658676500716,0.3875713178140468,0.5584086384922737,0.0004666666666666,0.6124286821859531,RF,PGD,0.3,CW_c0.0_it10,,CW,,10,0.0,26.42567586898804,123
0.7306328930310145,0.9986438707802586,0.4098960300578494,0.5812262156448202,0.0004666666666666,0.5901039699421505,RF,PGD,0.3,CW_c0.5_it10,,CW,,10,0.5,26.42567586898804,123
0.9903901072500296,0.9920855401219146,0.986799992048188,0.9894357073092944,0.0066,0.013200007951812,MLP,PGD,0.5,FGSM_eps0.15,744.6686058044434,FGSM,0.15,1,,,123
0.9790123568715268,0.9846881060116356,0.9690475717154048,0.9768052341018164,0.0126333333333333,0.0309524282845953,MLP,PGD,0.5,FGSM_eps0.3,744.6686058044434,FGSM,0.3,1,,,123
0.7935958224164348,0.9404068837566376,0.5844383038784963,0.720872923435297,0.03105,0.4155616961215037,MLP,PGD,0.5,FGSM_eps0.5,744.6686058044434,FGSM,0.5,1,,,123
0.6867174963509606,0.810726548008998,0.4083851857742083,0.5431638507707358,0.0799333333333333,0.5916148142257917,MLP,PGD,0.5,FGSM_eps0.75,744.6686058044434,FGSM,0.75,1,,,123
0.989737359817956,0.9893513266057602,0.988131920561398,0.9887412476129852,0.0089166666666666,0.011868079438602,MLP,PGD,0.5,PGD_eps0.15_it10,744.6686058044434,PGD,0.15,10,,,123
0.9896648323255034,0.9891938148022846,0.988131920561398,0.9886625825443552,0.00905,0.011868079438602,MLP,PGD,0.5,PGD_eps0.15_it25,744.6686058044434,PGD,0.15,25,,,123
0.9869450513585306,0.9836101268829548,0.9878337276106792,0.9857174029477692,0.0138,0.0121662723893207,MLP,PGD,0.5,PGD_eps0.3_it10,744.6686058044434,PGD,0.3,10,,,123
0.9886494474311668,0.9870712767858916,0.9880524024412064,0.9875615959306946,0.01085,0.0119475975587937,MLP,PGD,0.5,PGD_eps0.3_it25,744.6686058044434,PGD,0.3,25,,,123
0.9135109652502652,0.9497341071073944,0.85563485279208,0.9002321641463261,0.0379666666666666,0.14436514720792,MLP,PGD,0.5,PGD_eps0.5_it10,744.6686058044434,PGD,0.5,10,,,123
0.8996310163821474,0.927326594632276,0.8462318350794187,0.8849252133420645,0.0556,0.1537681649205813,MLP,PGD,0.5,PGD_eps0.5_it25,744.6686058044434,PGD,0.5,25,,,123
0.7434249295123433,0.7306676172104336,0.6927419835795082,0.7111995509974999,0.2140833333333333,0.3072580164204918,MLP,PGD,0.5,PGD_eps0.75_it10,744.6686058044434,PGD,0.75,10,,,123
0.7602241099516786,0.7321744885445662,0.7477486432220742,0.7398796176088752,0.2293166666666666,0.2522513567779257,MLP,PGD,0.5,PGD_eps0.75_it25,744.6686058044434,PGD,0.75,25,,,123
0.991768129606629,0.993900609939006,0.9880126433811104,0.990947880527974,0.0050833333333333,0.0119873566188895,MLP,PGD,0.5,CW_c0.0_it10,744.6686058044434,CW,,10,0.0,,123
0.991749997733516,0.9938608594796728,0.9880126433811104,0.9909281228192603,0.0051166666666666,0.0119873566188895,MLP,PGD,0.5,CW_c0.5_it10,744.6686058044434,CW,,10,0.5,,123
0.9919131845915342,0.9938038416181968,0.9884301135121166,0.991109693623298,0.0051666666666666,0.0115698864878834,MLP,PGD,0.5,Clean,744.6686058044434,Clean,0.0,0,,,123
0.9198299230301986,0.9649650098690112,0.8552571417211697,0.9068049363980314,0.0260333333333333,0.1447428582788303,LR,PGD,0.5,Clean,,Clean,0.0,0,,0.7556350231170654,123
0.8928587617743851,0.902824007201323,0.8573444923762003,0.8794966963047557,0.0773666666666666,0.1426555076237997,LR,PGD,0.5,FGSM_eps0.15,,FGSM,0.15,1,,0.7556350231170654,123
0.8619076543702348,0.849877292044933,0.8467685823907123,0.8483200892234769,0.1254,0.1532314176092877,LR,PGD,0.5,FGSM_eps0.3,,FGSM,0.3,1,,0.7556350231170654,123
0.8248551716635087,0.7994664810948736,0.822177603721448,0.8106630077914441,0.1729,0.1778223962785519,LR,PGD,0.5,FGSM_eps0.5,,FGSM,0.5,1,,0.7556350231170654,123
0.6959738175752246,0.7055103441513874,0.572172633838936,0.6318839943358324,0.2002333333333333,0.4278273661610639,LR,PGD,0.5,FGSM_eps0.75,,FGSM,0.75,1,,0.7556350231170654,123
0.8735664487819914,0.8612220566318927,0.8615987118064529,0.8614103430456732,0.1164,0.1384012881935471,LR,PGD,0.5,PGD_eps0.15_it10,,PGD,0.15,10,,0.7556350231170654,123
0.8777911752173558,0.8708780694156276,0.8594517225612787,0.8651271686710824,0.1068333333333333,0.1405482774387213,LR,PGD,0.5,PGD_eps0.15_it25,,PGD,0.15,25,,0.7556350231170654,123
0.7718557065537656,0.7593899620274063,0.731507067172932,0.7451877803541955,0.1943166666666666,0.268492932827068,LR,PGD,0.5,PGD_eps0.3_it10,,PGD,0.3,10,,0.7556350231170654,123
0.8342021522533385,0.7986752495568616,0.8509432837007733,0.8239812123428747,0.1798333333333333,0.1490567162992266,LR,PGD,0.5,PGD_eps0.3_it25,,PGD,0.3,25,,0.7556350231170654,123
0.7996790658458972,0.7437310982459172,0.8555354551418405,0.7957251682567857,0.24715,0.1444645448581595,LR,PGD,0.5,PGD_eps0.5_it10,,PGD,0.5,10,,0.7556350231170654,123
0.7659900456016608,0.7019942925952196,0.8460131602488917,0.7673043290121342,0.3011,0.1539868397511082,LR,PGD,0.5,PGD_eps0.5_it25,,PGD,0.5,25,,0.7556350231170654,123
0.8040488472661669,0.7390072812703068,0.8817167962149375,0.8040790427846265,0.2610666666666666,0.1182832037850625,LR,PGD,0.5,PGD_eps0.75_it10,,PGD,0.75,10,,0.7556350231170654,123
0.7081765681803759,0.660159151193634,0.7421426157485637,0.698754363471311,0.3203,0.2578573842514363,LR,PGD,0.5,PGD_eps0.75_it25,,PGD,0.75,25,,0.7556350231170654,123
0.9150793722745528,0.946860536197712,0.8621752181778423,0.9025357154005432,0.0405666666666666,0.1378247818221577,LR,PGD,0.5,CW_c0.0_it10,,CW,,10,0.0,0.7556350231170654,123
0.9149524491627608,0.946590710668762,0.8621553386477944,0.902402230568358,0.0407833333333333,0.1378446613522056,LR,PGD,0.5,CW_c0.5_it10,,CW,,10,0.5,0.7556350231170654,123
0.9232477811120278,0.9675256464698389,0.8605848557740094,0.9109273404456788,0.0242166666666666,0.1394151442259905,SVM,PGD,0.5,Clean,,Clean,0.0,0,,3.471634864807129,123
0.9119878879087604,0.9377763399115712,0.8643619664831124,0.899573798982083,0.0480833333333333,0.1356380335168876,SVM,PGD,0.5,FGSM_eps0.15,,FGSM,0.15,1,,3.471634864807129,123
0.863847764793342,0.8518577611136595,0.8491143669363657,0.8504838516984589,0.1238,0.1508856330636343,SVM,PGD,0.5,FGSM_eps0.3,,FGSM,0.3,1,,3.471634864807129,123
0.8353263283863539,0.8056258201943742,0.8420770132994057,0.8234482222351821,0.1703333333333333,0.1579229867005944,SVM,PGD,0.5,FGSM_eps0.5,,FGSM,0.5,1,,3.471634864807129,123
0.747386743787567,0.7418256277616122,0.684193785658907,0.7118451260625867,0.1996333333333333,0.3158062143410929,SVM,PGD,0.5,FGSM_eps0.75,,FGSM,0.75,1,,3.471634864807129,123
0.8923057396444339,0.8999666902610651,0.859372204441087,0.8792011145347123,0.0800833333333333,0.140627795558913,SVM,PGD,0.5,PGD_eps0.15_it10,,PGD,0.15,10,,3.471634864807129,123
0.8910546403996265,0.8992117117117117,0.857185456135817,0.8776957915627703,0.08055,0.142814543864183,SVM,PGD,0.5,PGD_eps0.15_it25,,PGD,0.15,25,,3.471634864807129,123
0.7942395039119516,0.8029674502315577,0.7272727272727273,0.7632479345739798,0.1496166666666666,0.2727272727272727,SVM,PGD,0.5,PGD_eps0.3_it10,,PGD,0.3,10,,3.471634864807129,123
0.8559603999891209,0.8369856843507041,0.8496312347176113,0.8432610540023282,0.1387333333333333,0.1503687652823887,SVM,PGD,0.5,PGD_eps0.3_it25,,PGD,0.3,25,,3.471634864807129,123
0.8207483024033798,0.7827415680391177,0.8401288193547105,0.8104205419295453,0.1955,0.1598711806452895,SVM,PGD,0.5,PGD_eps0.5_it10,,PGD,0.5,10,,3.471634864807129,123
0.7780477412219069,0.7201016076512607,0.8396914696936565,0.7753120411160058,0.2736333333333333,0.1603085303063435,SVM,PGD,0.5,PGD_eps0.5_it25,,PGD,0.5,25,,3.471634864807129,123
0.7621642203747858,0.7428219769576885,0.7318648987137945,0.7373027317151326,0.2124333333333333,0.2681351012862056,SVM,PGD,0.5,PGD_eps0.75_it10,,PGD,0.75,10,,3.471634864807129,123
0.7112589866096117,0.6714227325084532,0.7184462159314554,0.6941390006626396,0.2947666666666667,0.2815537840685446,SVM,PGD,0.5,PGD_eps0.75_it25,,PGD,0.75,25,,3.471634864807129,123
0.9181073950844492,0.9539754477053723,0.862016181937459,0.9056674707854256,0.0348666666666666,0.137983818062541,SVM,PGD,0.5,CW_c0.0_it10,,CW,,10,0.0,3.471634864807129,123
0.9178898126070912,0.9536116487770544,0.8618770252271236,0.9054267127507388,0.03515,0.1381229747728763,SVM,PGD,0.5,CW_c0.5_it10,,CW,,10,0.5,3.471634864807129,123
0.999809615332312,0.9998608239223796,0.9997216865793292,0.9997912504100438,0.0001166666666666,0.0002783134206707,RF,PGD,0.5,Clean,,Clean,0.0,0,,31.084737539291385,123
0.7236430559458945,0.9985411007143576,0.3945887919209589,0.5656516721049857,0.0004833333333333,0.605411208079041,RF,PGD,0.5,FGSM_eps0.15,,FGSM,0.15,1,,31.084737539291385,123
0.7770504882006836,0.9991070388632216,0.5115798262529074,0.6766763081777544,0.0003833333333333,0.4884201737470926,RF,PGD,0.5,FGSM_eps0.3,,FGSM,0.3,1,,31.084737539291385,123
0.5191427250392102,0.1341887195936915,0.0099795240840506,0.0185774554067056,0.0539833333333333,0.9900204759159492,RF,PGD,0.5,FGSM_eps0.5,,FGSM,0.5,1,,31.084737539291385,123
0.5231408030606601,0.1525423728813559,0.0100192831441464,0.0188035144663943,0.0466666666666666,0.9899807168558536,RF,PGD,0.5,FGSM_eps0.75,,FGSM,0.75,1,,31.084737539291385,123
0.7009328848716717,0.9986177503887576,0.3446911715007057,0.5124878077616528,0.0004,0.6553088284992943,RF,PGD,0.5,PGD_eps0.15_it10,,PGD,0.15,10,,31.084737539291385,123
0.7035801383461918,0.9986971053078796,0.3504761147446474,0.518865148036965,0.0003833333333333,0.6495238852553525,RF,PGD,0.5,PGD_eps0.15_it25,,PGD,0.15,25,,31.084737539291385,123
0.7198988241480286,0.9979473495150614,0.3865972208416993,0.5573004728471128,0.0006666666666666,0.6134027791583007,RF,PGD,0.5,PGD_eps0.3_it10,,PGD,0.3,10,,31.084737539291385,123
0.7657905949974162,0.9984112111459648,0.4872075224141701,0.6548563794255177,0.00065,0.5127924775858299,RF,PGD,0.5,PGD_eps0.3_it25,,PGD,0.3,25,,31.084737539291385,123
0.536422400116044,0.3521878335112059,0.0196807347474305,0.0372783070376925,0.03035,0.9803192652525694,RF,PGD,0.5,PGD_eps0.5_it10,,PGD,0.5,10,,31.084737539291385,123
0.5499215796487856,0.837782340862423,0.0162216965190942,0.0318271349727948,0.0026333333333333,0.9837783034809056,RF,PGD,0.5,PGD_eps0.5_it25,,PGD,0.5,25,,31.084737539291385,123
0.5373017959620319,0.3822207958921694,0.0236765202870604,0.0445908759055766,0.0320833333333333,0.9763234797129396,RF,PGD,0.5,PGD_eps0.75_it10,,PGD,0.75,10,,31.084737539291385,123
0.545850974134883,0.5778108711839166,0.0154265153171779,0.0300507299694071,0.00945,0.984573484682822,RF,PGD,0.5,PGD_eps0.75_it25,,PGD,0.75,25,,31.084737539291385,123
0.9283065737105972,0.9998820893762528,0.8428920740313699,0.9146999180221772,8.333333333333333e-05,0.1571079259686301,RF,PGD,0.5,CW_c0.0_it10,,CW,,10,0.0,31.084737539291385,123
0.925895034586548,0.9999050715523174,0.837584239508578,0.9115750757247943,6.666666666666667e-05,0.1624157604914219,RF,PGD,0.5,CW_c0.5_it10,,CW,,10,0.5,31.084737539291385,123
0.9262304742391412,0.9739456883373796,0.8612806393256863,0.9141548946585504,0.0193166666666666,0.1387193606743136,MLP,FGSM,0.3,FGSM_eps0.15,138.38934326171875,FGSM,0.15,1,,,31
0.8444103968160431,0.935252554437761,0.7078305468858717,0.8058026116278544,0.0410833333333333,0.2921694531141284,MLP,FGSM,0.3,FGSM_eps0.3,138.38934326171875,FGSM,0.3,1,,,31
0.7374776751312294,0.7674535157620408,0.6088304872472815,0.6790009865977896,0.1546666666666666,0.3911695127527185,MLP,FGSM,0.3,FGSM_eps0.5,138.38934326171875,FGSM,0.5,1,,,31
0.5675820240609957,0.5396796394421097,0.3523050315090551,0.4263119279296616,0.2519333333333333,0.6476949684909449,MLP,FGSM,0.3,FGSM_eps0.75,138.38934326171875,FGSM,0.75,1,,,31
0.9382337742400478,0.9825573654076606,0.8801860724012485,0.9285586955381954,0.0131,0.1198139275987515,MLP,FGSM,0.3,PGD_eps0.15_it10,138.38934326171875,PGD,0.15,10,,,31
0.9707442227319292,0.9836641597830108,0.9516529829234835,0.9673938303913346,0.01325,0.0483470170765163,MLP,FGSM,0.3,PGD_eps0.15_it25,138.38934326171875,PGD,0.15,25,,,31
0.9013535443278968,0.9397617241533176,0.837365564678051,0.8856136662286466,0.045,0.162634435321949,MLP,FGSM,0.3,PGD_eps0.3_it10,138.38934326171875,PGD,0.3,10,,,31
0.8388892414530883,0.9121522323012212,0.7156432021947001,0.8020363377112366,0.0577833333333333,0.2843567978052999,MLP,FGSM,0.3,PGD_eps0.3_it25,138.38934326171875,PGD,0.3,25,,,31
0.8223439072373372,0.915352360340863,0.6726437787010715,0.7754503368932484,0.05215,0.3273562212989285,MLP,FGSM,0.3,PGD_eps0.5_it10,138.38934326171875,PGD,0.5,10,,,31
0.7726988386535271,0.8480233937487931,0.6110967536727432,0.7103244292448471,0.0918166666666666,0.3889032463272568,MLP,FGSM,0.3,PGD_eps0.5_it25,138.38934326171875,PGD,0.5,25,,,31
0.7435971823069182,0.768647065999756,0.6262648350992982,0.6901892910349663,0.1580333333333333,0.3737351649007017,MLP,FGSM,0.3,PGD_eps0.75_it10,138.38934326171875,PGD,0.75,10,,,31
0.7641677923537891,0.8084836169672339,0.6327654414249647,0.7099126827473152,0.1256666666666666,0.3672345585750353,MLP,FGSM,0.3,PGD_eps0.75_it25,138.38934326171875,PGD,0.75,25,,,31
0.9921398330054486,0.9935308681415222,0.9892054151839852,0.9913634235508582,0.0054,0.0107945848160149,MLP,FGSM,0.3,CW_c0.0_it10,138.38934326171875,CW,,10,0.0,,31
0.9918043933528552,0.9933289392214432,0.9886686678726916,0.9909933246986152,0.0055666666666666,0.0113313321273085,MLP,FGSM,0.3,CW_c0.5_it10,138.38934326171875,CW,,10,0.5,,31
0.9969085156342076,0.9966401590457256,0.9965807208317596,0.9966104390525132,0.0028166666666666,0.0034192791682404,MLP,FGSM,0.3,Clean,138.38934326171875,Clean,0.0,0,,,31
0.9761021912368656,0.9705621038914884,0.9772379380951436,0.9738885807116252,0.02485,0.0227620619048565,LR,FGSM,0.3,Clean,,Clean,0.0,0,,1.3730154037475586,31
0.8028158798944725,0.8397144556811422,0.7015287358606842,0.7644268260982584,0.1122666666666666,0.2984712641393157,LR,FGSM,0.3,FGSM_eps0.15,,FGSM,0.15,1,,1.3730154037475586,31
0.5610636156768175,0.5232635549966713,0.4218833866767389,0.4671362535769315,0.32225,0.578116613323261,LR,FGSM,0.3,FGSM_eps0.3,,FGSM,0.3,1,,1.3730154037475586,31
0.4821174401421539,0.4261588758741637,0.391288789933006,0.407980101564929,0.4417333333333333,0.608711210066994,LR,FGSM,0.3,FGSM_eps0.5,,FGSM,0.5,1,,1.3730154037475586,31
0.3513231734404323,0.2400919855171739,0.1950977078901854,0.2152688667346647,0.5177,0.8049022921098146,LR,FGSM,0.3,FGSM_eps0.75,,FGSM,0.75,1,,1.3730154037475586,31
0.87071067876667,0.8638107158719264,0.8506053316899589,0.8571571661808748,0.1124333333333333,0.1493946683100411,LR,FGSM,0.3,PGD_eps0.15_it10,,PGD,0.15,10,,1.3730154037475586,31
0.899640082318704,0.8925262631315658,0.8867065582569628,0.8896068928379106,0.0895166666666666,0.1132934417430372,LR,FGSM,0.3,PGD_eps0.15_it25,,PGD,0.15,25,,1.3730154037475586,31
0.7458817983191753,0.737740964498431,0.6869967993956623,0.7114652173017931,0.20475,0.3130032006043377,LR,FGSM,0.3,PGD_eps0.3_it10,,PGD,0.3,10,,1.3730154037475586,31
0.7334433333635532,0.7153632148377125,0.6900781265530883,0.7024932205447849,0.2302,0.3099218734469117,LR,FGSM,0.3,PGD_eps0.3_it25,,PGD,0.3,25,,1.3730154037475586,31
0.6658658422708358,0.6274283115061691,0.6581118422360496,0.6424038965323191,0.3276333333333333,0.3418881577639505,LR,FGSM,0.3,PGD_eps0.5_it10,,PGD,0.5,10,,1.3730154037475586,31
0.6358666582051259,0.5978533647349523,0.6156690455837625,0.6066304294598698,0.3472,0.3843309544162376,LR,FGSM,0.3,PGD_eps0.5_it25,,PGD,0.5,25,,1.3730154037475586,31
0.5739281796505988,0.5302116460138173,0.5767051666898595,0.5524819791081444,0.4284,0.4232948333101405,LR,FGSM,0.3,PGD_eps0.75_it10,,PGD,0.75,10,,1.3730154037475586,31
0.4998776098564862,0.4598367697594501,0.5533069598234698,0.5022601979590547,0.5449166666666667,0.4466930401765302,LR,FGSM,0.3,PGD_eps0.75_it25,,PGD,0.75,25,,1.3730154037475586,31
0.9111084920627726,0.8724296487033291,0.9429656282925472,0.9063273241428068,0.1156,0.0570343717074528,LR,FGSM,0.3,CW_c0.0_it10,,CW,,10,0.0,1.3730154037475586,31
0.9078538208389618,0.8681058674639129,0.9408981571675644,0.90303747233458,0.11985,0.0591018428324354,LR,FGSM,0.3,CW_c0.5_it10,,CW,,10,0.5,1.3730154037475586,31
0.9738538389708348,0.9671730606293472,0.975786732401646,0.9714608031349576,0.0277666666666666,0.0242132675983539,SVM,FGSM,0.3,Clean,,Clean,0.0,0,,6.602036714553833,31
0.8578551807294452,0.8623425007325547,0.8190565175039262,0.8401423313383836,0.1096166666666666,0.1809434824960737,SVM,FGSM,0.3,FGSM_eps0.15,,FGSM,0.15,1,,6.602036714553833,31
0.554445481990517,0.5141827453480105,0.4169333836948095,0.4604795152153866,0.3302666666666666,0.5830666163051905,SVM,FGSM,0.3,FGSM_eps0.3,,FGSM,0.3,1,,6.602036714553833,31
0.4040143967072518,0.2972255793179549,0.224897123432002,0.2560516041419114,0.4458166666666667,0.7751028765679979,SVM,FGSM,0.3,FGSM_eps0.5,,FGSM,0.5,1,,6.602036714553833,31
0.3457204246484683,0.2293141866798712,0.1841242073037393,0.2042495010640292,0.5188,0.8158757926962606,SVM,FGSM,0.3,FGSM_eps0.75,,FGSM,0.75,1,,6.602036714553833,31
0.8641016110169261,0.849239472278814,0.8535276226070015,0.8513781479278207,0.1270333333333333,0.1464723773929984,SVM,FGSM,0.3,PGD_eps0.15_it10,,PGD,0.15,10,,6.602036714553833,31
0.8797040878307933,0.8613073170731708,0.8775222153748286,0.8693391628016898,0.1184666666666666,0.1224777846251714,SVM,FGSM,0.3,PGD_eps0.15_it25,,PGD,0.15,25,,6.602036714553833,31
0.7172243728638387,0.6906852376581395,0.6880901735482973,0.6893852634514076,0.25835,0.3119098264517027,SVM,FGSM,0.3,PGD_eps0.3_it10,,PGD,0.3,10,,6.602036714553833,31
0.7135798663680951,0.6797655649500385,0.7032383754448045,0.6913027759592743,0.27775,0.2967616245551955,SVM,FGSM,0.3,PGD_eps0.3_it25,,PGD,0.3,25,,6.602036714553833,31
0.6116878054087378,0.5712242835624535,0.5955708407053257,0.5831435523114356,0.3748,0.4044291592946742,SVM,FGSM,0.3,PGD_eps0.5_it10,,PGD,0.5,10,,6.602036714553833,31
0.5806913683218045,0.5351638433768398,0.6129654294972466,0.5714285714285714,0.4463666666666667,0.3870345705027533,SVM,FGSM,0.3,PGD_eps0.5_it25,,PGD,0.5,25,,6.602036714553833,31
0.513331459706445,0.4730320932460482,0.5889509571993718,0.5246650668980724,0.5500666666666667,0.4110490428006282,SVM,FGSM,0.3,PGD_eps0.75_it10,,PGD,0.75,10,,6.602036714553833,31
0.4304325358331142,0.4107254890777391,0.5726298630300379,0.4783493170589944,0.6887833333333333,0.427370136969962,SVM,FGSM,0.3,PGD_eps0.75_it25,,PGD,0.75,25,,6.602036714553833,31
0.9109997008240937,0.8731978909332252,0.9415740611891936,0.9060978525993592,0.1146333333333333,0.0584259388108065,SVM,FGSM,0.3,CW_c0.0_it10,,CW,,10,0.0,6.602036714553833,31
0.907763161473396,0.8687174963706195,0.9397650239548336,0.9028456837280366,0.1190666666666666,0.0602349760451662,SVM,FGSM,0.3,CW_c0.5_it10,,CW,,10,0.5,6.602036714553833,31
0.999718955966746,0.99990056083688,0.9994831322187544,0.9996918029527264,8.333333333333333e-05,0.0005168677812456,RF,FGSM,0.3,Clean,,Clean,0.0,0,,32.33209776878357,31
0.7451293255849796,0.9993249324932492,0.4414249647138342,0.6123574590130028,0.00025,0.5585750352861658,RF,FGSM,0.3,FGSM_eps0.15,,FGSM,0.15,1,,32.33209776878357,31
0.859913148327788,0.9988834492828308,0.6935968033715683,0.818706589074526,0.00065,0.3064031966284317,RF,FGSM,0.3,FGSM_eps0.3,,FGSM,0.3,1,,32.33209776878357,31
0.5438292702827665,0.4847826086956521,0.0044331352006838,0.0087859267576778,0.00395,0.995566864799316,RF,FGSM,0.3,FGSM_eps0.5,,FGSM,0.5,1,,32.33209776878357,31
0.5427050941497511,0.375,0.0041150627199173,0.00814079244912,0.00575,0.9958849372800826,RF,FGSM,0.3,FGSM_eps0.75,,FGSM,0.75,1,,32.33209776878357,31
0.7949919766461474,0.9994228410648582,0.5507822595073852,0.7101826337712271,0.0002666666666666,0.4492177404926147,RF,FGSM,0.3,PGD_eps0.15_it10,,PGD,0.15,10,,32.33209776878357,31
0.8076026943963446,0.9994161085351192,0.5784545653340755,0.7327809816414415,0.0002833333333333,0.4215454346659245,RF,FGSM,0.3,PGD_eps0.15_it25,,PGD,0.15,25,,32.33209776878357,31
0.770776860103533,0.998326893200016,0.4982009025306642,0.6646951170994351,0.0007,0.5017990974693358,RF,FGSM,0.3,PGD_eps0.3_it10,,PGD,0.3,10,,32.33209776878357,31
0.7967598342746798,0.999248039531636,0.5547581655169672,0.7134347437044612,0.00035,0.4452418344830328,RF,FGSM,0.3,PGD_eps0.3_it25,,PGD,0.3,25,,32.33209776878357,31
0.5233946492842443,0.3007029876977153,0.0340138759119734,0.0611147822049184,0.0663166666666666,0.9659861240880264,RF,FGSM,0.3,PGD_eps0.5_it10,,PGD,0.5,10,,32.33209776878357,31
0.5529677343317951,0.681784930504755,0.0370554440093036,0.070290551878877,0.0145,0.9629445559906964,RF,FGSM,0.3,PGD_eps0.5_it25,,PGD,0.5,25,,32.33209776878357,31
0.5067405238298143,0.2358769785098443,0.0364391785778184,0.0631263560285153,0.0989666666666666,0.9635608214221816,RF,FGSM,0.3,PGD_eps0.75_it10,,PGD,0.75,10,,32.33209776878357,31
0.5482534473223757,0.5933070866141732,0.0299584517821998,0.0570368828416251,0.0172166666666666,0.9700415482178,RF,FGSM,0.3,PGD_eps0.75_it25,,PGD,0.75,25,,32.33209776878357,31
0.9436461383643238,0.9995467627529632,0.8768264318231517,0.934173461823573,0.0003333333333333,0.1231735681768483,RF,FGSM,0.3,CW_c0.0_it10,,CW,,10,0.0,32.33209776878357,31
0.9419689401013572,0.9995675921711424,0.8731288392342405,0.9320798361682034,0.0003166666666666,0.1268711607657595,RF,FGSM,0.3,CW_c0.5_it10,,CW,,10,0.5,32.33209776878357,31
0.9661387269611889,0.988625870897339,0.9365246605570244,0.9618702465417794,0.0090333333333333,0.0634753394429755,MLP,FGSM,0.5,FGSM_eps0.15,140.99965643882751,FGSM,0.15,1,,,31
0.9042183802797747,0.975130326653594,0.8106474762936604,0.885313880656962,0.0173333333333333,0.1893525237063396,MLP,FGSM,0.5,FGSM_eps0.3,140.99965643882751,FGSM,0.3,1,,,31
0.8293337443224572,0.93101654069449,0.6758443830387849,0.7831695826950322,0.0419833333333333,0.324155616961215,MLP,FGSM,0.5,FGSM_eps0.5,140.99965643882751,FGSM,0.5,1,,,31
0.5948070315403933,0.6243956531381681,0.2798441444844244,0.3864759499231276,0.1411333333333333,0.7201558555155756,MLP,FGSM,0.5,FGSM_eps0.75,140.99965643882751,FGSM,0.75,1,,,31
0.9733914762064496,0.9842363524841544,0.9569806969763236,0.970417183232036,0.01285,0.0430193030236765,MLP,FGSM,0.5,PGD_eps0.15_it10,140.99965643882751,PGD,0.15,10,,,31
0.9758392790767252,0.9823612798703928,0.96433612309405,0.9732652508451792,0.0145166666666666,0.0356638769059499,MLP,FGSM,0.5,PGD_eps0.15_it25,140.99965643882751,PGD,0.15,25,,,31
0.9303282775627136,0.9250917650813916,0.921873446911715,0.9234798020531508,0.0625833333333333,0.0781265530882849,MLP,FGSM,0.5,PGD_eps0.3_it10,140.99965643882751,PGD,0.3,10,,,31
0.9253964080759364,0.9243555089361358,0.9109595849154126,0.9176086586501396,0.0625,0.0890404150845874,MLP,FGSM,0.5,PGD_eps0.3_it25,140.99965643882751,PGD,0.3,25,,,31
0.8304397885823595,0.8356702783089016,0.7819613144345268,0.8079241678904829,0.1289166666666666,0.2180386855654732,MLP,FGSM,0.5,PGD_eps0.5_it10,140.99965643882751,PGD,0.5,10,,,31
0.8364142407731431,0.8790271413464927,0.7436335805021569,0.8056817937065196,0.0858,0.256366419497843,MLP,FGSM,0.5,PGD_eps0.5_it25,140.99965643882751,PGD,0.5,25,,,31
0.810222750061195,0.8062692917327104,0.7685227521221398,0.7869436443394978,0.1548166666666666,0.2314772478778601,MLP,FGSM,0.5,PGD_eps0.75_it10,140.99965643882751,PGD,0.75,10,,,31
0.8397867691721893,0.856708716849953,0.7789793849273403,0.8159971679057079,0.1092333333333333,0.2210206150726597,MLP,FGSM,0.5,PGD_eps0.75_it25,140.99965643882751,PGD,0.75,25,,,31
0.992792580437522,0.9942101900654848,0.9899608373258056,0.992080963432977,0.0048333333333333,0.0100391626741943,MLP,FGSM,0.5,CW_c0.0_it10,140.99965643882751,CW,,10,0.0,,31
0.9926475254526168,0.9939321357285428,0.98992107826571,0.9919225521149766,0.0050666666666666,0.0100789217342902,MLP,FGSM,0.5,CW_c0.5_it10,140.99965643882751,CW,,10,0.5,,31
0.9953038448636936,0.9947725149569676,0.994930719837783,0.994851611107798,0.0043833333333333,0.0050692801622169,MLP,FGSM,0.5,Clean,140.99965643882751,Clean,0.0,0,,,31
0.97635603746045,0.9670211307600416,0.9816313142357316,0.9742714519661424,0.0280666666666666,0.0183686857642685,LR,FGSM,0.5,Clean,,Clean,0.0,0,,1.347893476486206,31
0.8594870493096289,0.8706654170571696,0.8125956702383555,0.8406288881348264,0.1012,0.1874043297616444,LR,FGSM,0.5,FGSM_eps0.15,,FGSM,0.15,1,,1.347893476486206,31
0.5957226911326075,0.5911150826578158,0.3682086555473828,0.4537648370224285,0.2135333333333333,0.6317913444526171,LR,FGSM,0.5,FGSM_eps0.3,,FGSM,0.3,1,,1.347893476486206,31
0.4213031377206422,0.2818958568434628,0.1738067312088742,0.2150323421628667,0.3712,0.8261932687911258,LR,FGSM,0.5,FGSM_eps0.5,,FGSM,0.5,1,,1.347893476486206,31
0.3821110939865643,0.2432549042167635,0.168121185615172,0.1988268346871363,0.4384833333333333,0.8318788143848279,LR,FGSM,0.5,FGSM_eps0.75,,FGSM,0.75,1,,1.347893476486206,31
0.8354079218153632,0.7974243209236918,0.8567282269447151,0.8260132059378803,0.1824666666666666,0.1432717730552849,LR,FGSM,0.5,PGD_eps0.15_it10,,PGD,0.15,10,,1.347893476486206,31
0.895596674614471,0.8395755633765825,0.9532035862672208,0.8927886495242706,0.1527,0.0467964137327793,LR,FGSM,0.5,PGD_eps0.15_it25,,PGD,0.15,25,,1.347893476486206,31
0.7240510230909404,0.6571125769151679,0.8258354372502634,0.7318757597646272,0.3612833333333333,0.1741645627497366,LR,FGSM,0.5,PGD_eps0.3_it10,,PGD,0.3,10,,1.347893476486206,31
0.730324651188091,0.6679027067644608,0.8128143450688826,0.7332675753228121,0.3388333333333333,0.1871856549311174,LR,FGSM,0.5,PGD_eps0.3_it25,,PGD,0.3,25,,1.347893476486206,31
0.6732455146278886,0.6029541287052946,0.8301691748007077,0.6985497064284639,0.4583166666666666,0.1698308251992923,LR,FGSM,0.5,PGD_eps0.5_it10,,PGD,0.5,10,,1.347893476486206,31
0.627698249367651,0.5591410241634973,0.8680396795419756,0.6801613757437927,0.5738,0.1319603204580243,LR,FGSM,0.5,PGD_eps0.5_it25,,PGD,0.5,25,,1.347893476486206,31
0.6025493413597092,0.5396780570460322,0.8737649841957736,0.6672384740333672,0.6248333333333334,0.1262350158042263,LR,FGSM,0.5,PGD_eps0.75_it10,,PGD,0.75,10,,1.347893476486206,31
0.5665303754204328,0.5145314907325272,0.8763493231020019,0.6483795291920076,0.6932166666666667,0.1236506768979981,LR,FGSM,0.5,PGD_eps0.75_it25,,PGD,0.75,25,,1.347893476486206,31
0.9641260890456288,0.9504684887834844,0.9719897421624952,0.9611086539879108,0.0424666666666666,0.0280102578375047,LR,FGSM,0.5,CW_c0.0_it10,,CW,,10,0.0,1.347893476486206,31
0.9642983418402038,0.9506969691078406,0.9721288988728306,0.9612934932180068,0.0422666666666666,0.0278711011271693,LR,FGSM,0.5,CW_c0.5_it10,,CW,,10,0.5,1.347893476486206,31
0.9735999927472508,0.9604912839846862,0.9825258930878874,0.971383647798742,0.0338833333333333,0.0174741069121125,SVM,FGSM,0.5,Clean,,Clean,0.0,0,,5.422513246536255,31
0.8680634252921499,0.8880639138552386,0.8131920561397928,0.8489804389560525,0.0859333333333333,0.1868079438602071,SVM,FGSM,0.5,FGSM_eps0.15,,FGSM,0.15,1,,5.422513246536255,31
0.5577726807067804,0.5316471467729877,0.2544778641432916,0.3442008039687554,0.18795,0.7455221358567083,SVM,FGSM,0.5,FGSM_eps0.3,,FGSM,0.3,1,,5.422513246536255,31
0.4195080822824402,0.2811034922659863,0.1752181778422758,0.2158759705111562,0.3756833333333333,0.8247818221577242,SVM,FGSM,0.5,FGSM_eps0.5,,FGSM,0.5,1,,5.422513246536255,31
0.3587119117340417,0.2271161088704292,0.1690356439973759,0.1938182398395295,0.4822666666666667,0.8309643560026241,SVM,FGSM,0.5,FGSM_eps0.75,,FGSM,0.75,1,,5.422513246536255,31
0.8408112200030824,0.8022895125553914,0.8638053396417709,0.8319117773757215,0.1784666666666666,0.1361946603582291,SVM,FGSM,0.5,PGD_eps0.15_it10,,PGD,0.15,10,,5.422513246536255,31
0.8968931035420614,0.8431649095589013,0.9507584040713276,0.8937351086194815,0.1482666666666666,0.0492415959286722,SVM,FGSM,0.5,PGD_eps0.15_it25,,PGD,0.15,25,,5.422513246536255,31
0.7410949838173032,0.6789446830922168,0.8200703735363696,0.7428643460409501,0.3251166666666666,0.1799296264636304,SVM,FGSM,0.5,PGD_eps0.3_it10,,PGD,0.3,10,,5.422513246536255,31
0.7429081711286184,0.6804657818127992,0.8224757966721666,0.7447616647465438,0.3238,0.1775242033278333,SVM,FGSM,0.5,PGD_eps0.3_it25,,PGD,0.3,25,,5.422513246536255,31
0.6434367152298668,0.5744750166284326,0.841321591157585,0.6827509437614945,0.5224666666666666,0.1586784088424149,SVM,FGSM,0.5,PGD_eps0.5_it10,,PGD,0.5,10,,5.422513246536255,31
0.6366372628124348,0.5662514743431882,0.8684969087330775,0.6855385387898569,0.55775,0.1315030912669224,SVM,FGSM,0.5,PGD_eps0.5_it25,,PGD,0.5,25,,5.422513246536255,31
0.5878987878842824,0.5293604545509614,0.8686360654434129,0.6578293663339506,0.6474666666666666,0.131363934556587,SVM,FGSM,0.5,PGD_eps0.75_it10,,PGD,0.75,10,,5.422513246536255,31
0.5651342211907201,0.5137024870952605,0.8704848617378685,0.6461123038445364,0.6908666666666666,0.1295151382621314,SVM,FGSM,0.5,PGD_eps0.75_it25,,PGD,0.75,25,,5.422513246536255,31
0.9616057586829008,0.9448263875477966,0.9726060075939804,0.958514963021012,0.0476166666666666,0.0273939924060195,SVM,FGSM,0.5,CW_c0.0_it10,,CW,,10,0.0,5.422513246536255,31
0.9609076815680444,0.943355119825708,0.972685525714172,0.957795830478614,0.0489666666666666,0.0273144742858278,SVM,FGSM,0.5,CW_c0.5_it10,,CW,,10,0.5,5.422513246536255,31
0.9997370878398592,0.9999005647919816,0.9995228912788502,0.9997116923658128,8.333333333333333e-05,0.0004771087211498,RF,FGSM,0.5,Clean,,Clean,0.0,0,,34.71330952644348,31
0.6649139189323953,0.9988036488709436,0.2655507623799773,0.4195549413445985,0.0002666666666666,0.7344492376200227,RF,FGSM,0.5,FGSM_eps0.15,,FGSM,0.15,1,,34.71330952644348,31
0.7943573610871871,0.999963796973427,0.549092499453313,0.7089124157844081,1.6666666666666667e-05,0.4509075005466871,RF,FGSM,0.5,FGSM_eps0.3,,FGSM,0.3,1,,34.71330952644348,31
0.5432490503431457,0.4472972972972973,0.0065801244458581,0.0129694571243853,0.0068166666666666,0.993419875554142,RF,FGSM,0.5,FGSM_eps0.5,,FGSM,0.5,1,,34.71330952644348,31
0.544953446415782,0.5242718446601942,0.0236168816969166,0.0451977401129943,0.0179666666666666,0.9763831183030832,RF,FGSM,0.5,FGSM_eps0.75,,FGSM,0.75,1,,34.71330952644348,31
0.8265323699264753,0.9996473341669072,0.6198437468938234,0.7652097086902103,0.0001833333333333,0.3801562531061765,RF,FGSM,0.5,PGD_eps0.15_it10,,PGD,0.15,10,,34.71330952644348,31
0.8275840185670381,0.9996805622105096,0.6221298928493331,0.7669591216547398,0.0001666666666666,0.3778701071506669,RF,FGSM,0.5,PGD_eps0.15_it25,,PGD,0.15,25,,34.71330952644348,31
0.7788092798926594,0.9999228067466904,0.5150189849511958,0.6798666876607359,3.3333333333333335e-05,0.4849810150488042,RF,FGSM,0.5,PGD_eps0.3_it10,,PGD,0.3,10,,34.71330952644348,31
0.7902232940173884,0.9998895841001104,0.5400671928115619,0.701328204664851,5e-05,0.459932807188438,RF,FGSM,0.5,PGD_eps0.3_it25,,PGD,0.3,25,,34.71330952644348,31
0.476469361667407,0.0541447053186391,0.0089855475816551,0.0154132069359431,0.1316,0.9910144524183448,RF,FGSM,0.5,PGD_eps0.5_it10,,PGD,0.5,10,,34.71330952644348,31
0.391566865815073,0.0310773865982257,0.0110728982366856,0.0163280860668953,0.2894333333333333,0.9889271017633144,RF,FGSM,0.5,PGD_eps0.5_it25,,PGD,0.5,25,,34.71330952644348,31
0.5047369518508109,0.0735410094637224,0.0074150647078703,0.013471783295711,0.0783166666666666,0.9925849352921297,RF,FGSM,0.5,PGD_eps0.75_it10,,PGD,0.75,10,,34.71330952644348,31
0.471038865670018,0.0483997754070746,0.008568077450649,0.0145588433995406,0.1412333333333333,0.991431922549351,RF,FGSM,0.5,PGD_eps0.75_it25,,PGD,0.75,25,,34.71330952644348,31
0.9787222469017162,0.9996249374895816,0.9537005745184184,0.9761228953659902,0.0003,0.0462994254815816,RF,FGSM,0.5,CW_c0.0_it10,,CW,,10,0.0,34.71330952644348,31
0.97733515860856,0.9996028511109718,0.950678885951136,0.9745272253015976,0.0003166666666666,0.0493211140488638,RF,FGSM,0.5,CW_c0.5_it10,,CW,,10,0.5,34.71330952644348,31
0.9899821401049836,0.9880753968253968,0.9899807168558536,0.9890271392113442,0.0100166666666666,0.0100192831441464,MLP,PGD,0.3,FGSM_eps0.15,812.1595122814178,FGSM,0.15,1,,,31
0.988477194636592,0.9874150065608972,0.9873168598294336,0.9873659307561556,0.01055,0.0126831401705663,MLP,PGD,0.3,FGSM_eps0.3,812.1595122814178,FGSM,0.3,1,,,31
0.867546666908425,0.9324851569126378,0.7649444367135161,0.8404464441726367,0.0464333333333333,0.2350555632864839,MLP,PGD,0.3,FGSM_eps0.5,812.1595122814178,FGSM,0.5,1,,,31
0.6133468717985912,0.6166626021216924,0.4021430133391646,0.4868181982263828,0.2095833333333333,0.5978569866608353,MLP,PGD,0.3,FGSM_eps0.75,812.1595122814178,FGSM,0.75,1,,,31
0.991704668050733,0.9915794083688338,0.9902192712164284,0.9908988730517124,0.00705,0.0097807287835715,MLP,PGD,0.3,PGD_eps0.15_it10,812.1595122814178,PGD,0.15,10,,,31
0.9916956021141764,0.9916379636450514,0.9901397530962368,0.9908882920521236,0.007,0.0098602469037631,MLP,PGD,0.3,PGD_eps0.15_it25,812.1595122814178,PGD,0.15,25,,,31
0.9911063162379988,0.9914507772020724,0.989026499413554,0.9902371545435548,0.00715,0.0109735005864461,MLP,PGD,0.3,PGD_eps0.3_it10,812.1595122814178,PGD,0.3,10,,,31
0.9904535688059256,0.9914581088093244,0.9875752937200564,0.9895128922706132,0.0071333333333333,0.0124247062799435,MLP,PGD,0.3,PGD_eps0.3_it25,812.1595122814178,PGD,0.3,25,,,31
0.7928796134284652,0.9339381104403072,0.5873804743255869,0.7211862338296314,0.0348333333333333,0.412619525674413,MLP,PGD,0.3,PGD_eps0.5_it10,812.1595122814178,PGD,0.5,10,,,31
0.8143749490041069,0.8959118662065304,0.6709142595869033,0.7672581360190058,0.06535,0.3290857404130966,MLP,PGD,0.3,PGD_eps0.5_it25,812.1595122814178,PGD,0.5,25,,,31
0.7647752101030797,0.7720905292790277,0.6869967993956623,0.7270623382634491,0.1700166666666666,0.3130032006043377,MLP,PGD,0.3,PGD_eps0.75_it10,812.1595122814178,PGD,0.75,10,,,31
0.7786098292884146,0.8401450837122506,0.6354491779814325,0.7235993208828523,0.1013666666666666,0.3645508220185675,MLP,PGD,0.3,PGD_eps0.75_it25,812.1595122814178,PGD,0.75,25,,,31
0.9922214264344578,0.9937685993329206,0.9891457765938412,0.9914517993065796,0.0052,0.0108542234061586,MLP,PGD,0.3,CW_c0.0_it10,812.1595122814178,CW,,10,0.0,,31
0.992194228624788,0.9937485020372294,0.9891060175337456,0.991421825029142,0.0052166666666666,0.0108939824662544,MLP,PGD,0.3,CW_c0.5_it10,812.1595122814178,CW,,10,0.5,,31
0.99301016291488,0.994153797038988,0.9904975846370992,0.9923223230200856,0.0048833333333333,0.0095024153629008,MLP,PGD,0.3,Clean,812.1595122814178,Clean,0.0,0,,,31
0.9576983400270164,0.9562878681837268,0.950698765481184,0.9534851264056144,0.0364333333333333,0.0493012345188159,LR,PGD,0.3,Clean,,Clean,0.0,0,,2.625903367996216,31
0.7157556911416734,0.7088936901979805,0.6392064091604874,0.6722488788534513,0.2200666666666666,0.3607935908395125,LR,PGD,0.3,FGSM_eps0.15,,FGSM,0.15,1,,2.625903367996216,31
0.5040842044187375,0.4425968466116738,0.3370574319623084,0.382683865434314,0.3558833333333333,0.6629425680376916,LR,PGD,0.3,FGSM_eps0.3,,FGSM,0.3,1,,2.625903367996216,31
0.344251742926303,0.225583017739685,0.1799892650537741,0.2002233549685423,0.5180333333333333,0.8200107349462259,LR,PGD,0.3,FGSM_eps0.5,,FGSM,0.5,1,,2.625903367996216,31
0.2413714948822788,0.0530798071772897,0.0394012285549569,0.0452289401321269,0.5893,0.960598771445043,LR,PGD,0.3,FGSM_eps0.75,,FGSM,0.75,1,,2.625903367996216,31
0.6266828644733144,0.6084012449808739,0.5090551259368229,0.5543120616503593,0.2747,0.4909448740631771,LR,PGD,0.3,PGD_eps0.15_it10,,PGD,0.15,10,,2.625903367996216,31
0.6303545687787276,0.6119806354577928,0.5176828419776156,0.5608960206774003,0.2751833333333333,0.4823171580223843,LR,PGD,0.3,PGD_eps0.15_it25,,PGD,0.15,25,,2.625903367996216,31
0.4709300744313391,0.39190531146837,0.2902808977595769,0.3335236746533884,0.3776166666666666,0.709719102240423,LR,PGD,0.3,PGD_eps0.3_it10,,PGD,0.3,10,,2.625903367996216,31
0.5129869541172951,0.4600486526946107,0.3909905969822873,0.4227177475686422,0.3847333333333333,0.6090094030177127,LR,PGD,0.3,PGD_eps0.3_it25,,PGD,0.3,25,,2.625903367996216,31
0.3471075129416244,0.1976831611483946,0.1411247838101107,0.1646832301018396,0.4802,0.8588752161898893,LR,PGD,0.3,PGD_eps0.5_it10,,PGD,0.5,10,,2.625903367996216,31
0.3330825090886014,0.1759181853647662,0.1254994731924537,0.1464920117416375,0.4928833333333333,0.8745005268075463,LR,PGD,0.3,PGD_eps0.5_it25,,PGD,0.5,25,,2.625903367996216,31
0.2667470513041349,0.0279433105875814,0.0179909746933582,0.0218889829483613,0.5247,0.9820090253066418,LR,PGD,0.3,PGD_eps0.75_it10,,PGD,0.75,10,,2.625903367996216,31
0.2063316500911126,0.0211146259290692,0.0163210941693338,0.0184109613616486,0.6343666666666666,0.9836789058306662,LR,PGD,0.3,PGD_eps0.75_it25,,PGD,0.75,25,,2.625903367996216,31
0.8642829297480576,0.8113643173126068,0.9151740452855694,0.8601483529829412,0.1783833333333333,0.0848259547144305,LR,PGD,0.3,CW_c0.0_it10,,CW,,10,0.0,2.625903367996216,31
0.8644007869232931,0.8117921033132212,0.9147366956245154,0.860195354488947,0.1778,0.0852633043754845,LR,PGD,0.3,CW_c0.5_it10,,CW,,10,0.5,2.625903367996216,31
0.9513340525643,0.9475151877303056,0.9456692443790627,0.9465913161141402,0.0439166666666666,0.0543307556209371,SVM,PGD,0.3,Clean,,Clean,0.0,0,,7.8577399253845215,31
0.7124103605522969,0.7014025883934184,0.6432021947001173,0.6710428073668492,0.2295666666666666,0.3567978052998827,SVM,PGD,0.3,FGSM_eps0.15,,FGSM,0.15,1,,7.8577399253845215,31
0.466741611742201,0.3984015268996779,0.3319682722700435,0.3621635689344813,0.4202666666666667,0.6680317277299564,SVM,PGD,0.3,FGSM_eps0.3,,FGSM,0.3,1,,7.8577399253845215,31
0.3273709690579585,0.2063667649950835,0.1668886547522016,0.1845399690051987,0.5380833333333334,0.8331113452477984,SVM,PGD,0.3,FGSM_eps0.5,,FGSM,0.5,1,,7.8577399253845215,31
0.2299121510747667,0.0454306860532255,0.0344114665129316,0.0391606809569594,0.6061833333333333,0.9655885334870684,SVM,PGD,0.3,FGSM_eps0.75,,FGSM,0.75,1,,7.8577399253845215,31
0.6272086887935958,0.6112902052984948,0.5013617478082818,0.5508955875928353,0.2672833333333333,0.4986382521917182,SVM,PGD,0.3,PGD_eps0.15_it10,,PGD,0.15,10,,7.8577399253845215,31
0.6234100613763904,0.6051949299020549,0.5011629525078027,0.5482878239215302,0.2741,0.4988370474921972,SVM,PGD,0.3,PGD_eps0.15_it25,,PGD,0.15,25,,7.8577399253845215,31
0.5273473976229114,0.4779468412942989,0.3946484305111027,0.4323217805071919,0.3614,0.6053515694888972,SVM,PGD,0.3,PGD_eps0.3_it10,,PGD,0.3,10,,7.8577399253845215,31
0.5183721204319012,0.4658038873539818,0.3820845675208238,0.4198110631791623,0.3673666666666667,0.6179154324791762,SVM,PGD,0.3,PGD_eps0.3_it25,,PGD,0.3,25,,7.8577399253845215,31
0.3700443324297616,0.2097091492388245,0.137745263701966,0.1662747168362449,0.4352,0.862254736298034,SVM,PGD,0.3,PGD_eps0.5_it10,,PGD,0.5,10,,7.8577399253845215,31
0.348014106597282,0.1759767323318641,0.1166729618511818,0.1403160637865493,0.4580333333333333,0.8833270381488182,SVM,PGD,0.3,PGD_eps0.5_it25,,PGD,0.5,25,,7.8577399253845215,31
0.2616973246421221,0.024700781631656,0.0160825398087589,0.0194810667629883,0.5323833333333333,0.983917460191241,SVM,PGD,0.3,PGD_eps0.75_it10,,PGD,0.75,10,,7.8577399253845215,31
0.2122517066625567,0.0162109271698312,0.0121861519193686,0.0139133197907327,0.6200166666666667,0.9878138480806312,SVM,PGD,0.3,PGD_eps0.75_it25,,PGD,0.75,25,,7.8577399253845215,31
0.8580999610164728,0.8042390292728326,0.9104625966642148,0.8540606060606061,0.1858,0.0895374033357851,SVM,PGD,0.3,CW_c0.0_it10,,CW,,10,0.0,7.8577399253845215,31
0.8554255097322829,0.8003566932438103,0.9099656084130172,0.8516489139029723,0.1903,0.0900343915869828,SVM,PGD,0.3,CW_c0.5_it10,,CW,,10,0.5,7.8577399253845215,31
0.999764285649529,0.9999204534155316,0.999562650338946,0.9997415198632044,6.666666666666667e-05,0.000437349661054,RF,PGD,0.3,Clean,,Clean,0.0,0,,30.94014525413513,31
0.8305395138844819,0.9997154510101488,0.6285907401149037,0.7718595908802421,0.00015,0.3714092598850963,RF,PGD,0.3,FGSM_eps0.15,,FGSM,0.15,1,,30.94014525413513,31
0.8229241271769581,0.9998050872234676,0.6118322962845159,0.7591199467232321,0.0001,0.3881677037154841,RF,PGD,0.3,FGSM_eps0.3,,FGSM,0.3,1,,30.94014525413513,31
0.5435482262495127,0.4772956609485368,0.0094030177126612,0.0184427028502358,0.0086333333333333,0.9905969822873388,RF,PGD,0.3,FGSM_eps0.5,,FGSM,0.5,1,,30.94014525413513,31
0.545189160766253,0.6847826086956522,0.0050096415720732,0.009946517732036,0.0019333333333333,0.9949903584279268,RF,PGD,0.3,FGSM_eps0.75,,FGSM,0.75,1,,30.94014525413513,31
0.7760260373697905,0.9995706479313036,0.5090948849969187,0.6746045335405608,0.0001833333333333,0.4909051150030813,RF,PGD,0.3,PGD_eps0.15_it10,,PGD,0.15,10,,30.94014525413513,31
0.7349664107050579,0.9995258191474228,0.4190406138798879,0.590514343343792,0.0001666666666666,0.5809593861201121,RF,PGD,0.3,PGD_eps0.15_it25,,PGD,0.15,25,,30.94014525413513,31
0.8514546295205027,0.9997347949080624,0.6744528159354313,0.8054938923776398,0.00015,0.3255471840645687,RF,PGD,0.3,PGD_eps0.3_it10,,PGD,0.3,10,,30.94014525413513,31
0.7790812579893566,0.9996147177807744,0.5157744070930164,0.6804531983529597,0.0001666666666666,0.4842255929069837,RF,PGD,0.3,PGD_eps0.3_it25,,PGD,0.3,25,,30.94014525413513,31
0.5302122335747894,0.3429341069208454,0.0329006222292905,0.06004099475775,0.05285,0.9670993777707096,RF,PGD,0.3,PGD_eps0.5_it10,,PGD,0.5,10,,30.94014525413513,31
0.5379092137113225,0.429087816287476,0.0401168916366817,0.073373813765771,0.04475,0.9598831083633182,RF,PGD,0.3,PGD_eps0.5_it25,,PGD,0.5,25,,30.94014525413513,31
0.5407649837266438,0.4447583176396735,0.028169294077888,0.0529828562882087,0.0294833333333333,0.971830705922112,RF,PGD,0.3,PGD_eps0.75_it10,,PGD,0.75,10,,30.94014525413513,31
0.5150993173349773,0.1936477382098171,0.0199988072281971,0.0362535586867995,0.0698166666666666,0.9800011927718028,RF,PGD,0.3,PGD_eps0.75_it25,,PGD,0.75,25,,30.94014525413513,31
0.874110404975386,0.9997804188510416,0.7241118819951097,0.8399049990776609,0.0001333333333333,0.2758881180048904,RF,PGD,0.3,CW_c0.0_it10,,CW,,10,0.0,30.94014525413513,31
0.8782263401720715,0.9998102209570288,0.7331173091068127,0.8459421021241456,0.0001166666666666,0.2668826908931873,RF,PGD,0.3,CW_c0.5_it10,,CW,,10,0.5,30.94014525413513,31
0.990870601887528,0.9896499662282968,0.990338548396716,0.9899941375781244,0.0086833333333333,0.009661451603284,MLP,PGD,0.5,FGSM_eps0.15,847.0123722553253,FGSM,0.15,1,,,31
0.9884318649538092,0.988443222348417,0.9861638470866548,0.9873022191262812,0.0096666666666666,0.0138361529133451,MLP,PGD,0.5,FGSM_eps0.3,847.0123722553253,FGSM,0.3,1,,,31
0.8148645095781619,0.8874941646350952,0.6802775182394688,0.7701916476294437,0.0723,0.3197224817605312,MLP,PGD,0.5,FGSM_eps0.5,847.0123722553253,FGSM,0.5,1,,,31
0.6035919240637154,0.6038850284270373,0.3800767349859849,0.4665275795175872,0.2090166666666666,0.6199232650140151,MLP,PGD,0.5,FGSM_eps0.75,847.0123722553253,FGSM,0.75,1,,,31
0.9927200529450696,0.9935391241923904,0.9904777051070512,0.9920060527023126,0.0054,0.0095222948929487,MLP,PGD,0.5,PGD_eps0.15_it10,847.0123722553253,PGD,0.15,10,,,31
0.992774448564409,0.9936186335899174,0.9905174641671473,0.9920656253422134,0.0053333333333333,0.0094825358328529,MLP,PGD,0.5,PGD_eps0.15_it25,847.0123722553253,PGD,0.15,25,,,31
0.9851862596665548,0.9792048207006556,0.9885096316323082,0.9838352261485496,0.0176,0.0114903683676917,MLP,PGD,0.5,PGD_eps0.3_it10,847.0123722553253,PGD,0.3,10,,,31
0.9849596112526404,0.9782147070389304,0.9890463789436018,0.9836007235847098,0.0184666666666666,0.0109536210563982,MLP,PGD,0.5,PGD_eps0.3_it25,847.0123722553253,PGD,0.3,25,,,31
0.9122145363226748,0.9173859432799012,0.8874222213386875,0.9021553509897638,0.067,0.1125777786613124,MLP,PGD,0.5,PGD_eps0.5_it10,847.0123722553253,PGD,0.5,10,,,31
0.8947626084512661,0.9122717296341282,0.8510824404111087,0.8806154352476551,0.0686166666666666,0.1489175595888913,MLP,PGD,0.5,PGD_eps0.5_it25,847.0123722553253,PGD,0.5,25,,,31
0.7907309864645568,0.7964883234576507,0.7268353776116733,0.7600694336170964,0.1557,0.2731646223883267,MLP,PGD,0.5,PGD_eps0.75_it10,847.0123722553253,PGD,0.75,10,,,31
0.7458274026998359,0.785892201422592,0.6084130171162754,0.685857069224391,0.1389666666666666,0.3915869828837246,MLP,PGD,0.5,PGD_eps0.75_it25,847.0123722553253,PGD,0.75,25,,,31
0.990272250074794,0.989987260132176,0.9886686678726916,0.9893275246421788,0.0083833333333333,0.0113313321273085,MLP,PGD,0.5,CW_c0.0_it10,847.0123722553253,CW,,10,0.0,,31
0.9902813160113504,0.9899289453257172,0.9887481859928832,0.9893382133550812,0.0084333333333333,0.0112518140071168,MLP,PGD,0.5,CW_c0.5_it10,847.0123722553253,CW,,10,0.5,,31
0.9915596130658276,0.9905607885219188,0.9909349342981532,0.9907478260869566,0.0079166666666666,0.0090650657018468,MLP,PGD,0.5,Clean,847.0123722553253,Clean,0.0,0,,,31
0.9739444983364006,0.972071265054245,0.9707572112995247,0.971413793789413,0.0233833333333333,0.0292427887004751,LR,PGD,0.5,Clean,,Clean,0.0,0,,1.96692419052124,31
0.8068320897890356,0.878300803673938,0.6691449814126395,0.7595879359563112,0.0777333333333333,0.3308550185873606,LR,PGD,0.5,FGSM_eps0.15,,FGSM,0.15,1,,1.96692419052124,31
0.5490965794221372,0.5131304710295956,0.2202453134007912,0.3082037444014799,0.1752,0.7797546865992088,LR,PGD,0.5,FGSM_eps0.3,,FGSM,0.3,1,,1.96692419052124,31
0.478010570882025,0.3742740597345133,0.2152356718287179,0.2733021165957769,0.3016833333333333,0.784764328171282,LR,PGD,0.5,FGSM_eps0.5,,FGSM,0.5,1,,1.96692419052124,31
0.4499605631759789,0.3215613382899628,0.1857145697075721,0.2354483019343456,0.3285,0.8142854302924278,LR,PGD,0.5,FGSM_eps0.75,,FGSM,0.75,1,,1.96692419052124,31
0.7947381304225632,0.7885305407209613,0.7514263562809376,0.7695314488136076,0.16895,0.2485736437190625,LR,PGD,0.5,PGD_eps0.15_it10,,PGD,0.15,10,,1.96692419052124,31
0.8201318187175326,0.8024463374436568,0.8033715682961254,0.8029086863228165,0.1658166666666666,0.1966284317038745,LR,PGD,0.5,PGD_eps0.15_it25,,PGD,0.15,25,,1.96692419052124,31
0.7181672302657226,0.6490999379267536,0.8315209828439656,0.7290727974691267,0.3768666666666667,0.1684790171560344,LR,PGD,0.5,PGD_eps0.3_it10,,PGD,0.3,10,,1.96692419052124,31
0.7251389354777296,0.6556536909824446,0.8367492992465658,0.7352139737991267,0.3684333333333333,0.1632507007534342,LR,PGD,0.5,PGD_eps0.3_it25,,PGD,0.3,25,,1.96692419052124,31
0.5964660979302466,0.5358008208475499,0.8616185913365008,0.6607263996341324,0.6258333333333334,0.1383814086634991,LR,PGD,0.5,PGD_eps0.5_it10,,PGD,0.5,10,,1.96692419052124,31
0.6236820394730878,0.5555794316917787,0.8737649841957736,0.6792566549472627,0.5859833333333333,0.1262350158042263,LR,PGD,0.5,PGD_eps0.5_it25,,PGD,0.5,25,,1.96692419052124,31
0.5971188453623202,0.5357142857142857,0.8743017315070671,0.6643554709627716,0.6352666666666666,0.1256982684929328,LR,PGD,0.5,PGD_eps0.75_it10,,PGD,0.75,10,,1.96692419052124,31
0.708366952848064,0.6106399853578183,0.9948710812476392,0.7567784179406917,0.5318333333333334,0.0051289187523606,LR,PGD,0.5,PGD_eps0.75_it25,,PGD,0.75,25,,1.96692419052124,31
0.9596293845135672,0.960230466554244,0.9508578017215672,0.9555211506767216,0.0330166666666666,0.0491421982784327,LR,PGD,0.5,CW_c0.0_it10,,CW,,10,0.0,1.96692419052124,31
0.9588769117793714,0.9599236257662548,0.9494662346182136,0.9546662935497412,0.0332333333333333,0.0505337653817863,LR,PGD,0.5,CW_c0.5_it10,,CW,,10,0.5,1.96692419052124,31
0.9727477947109326,0.9685747686698766,0.9717710673319684,0.9701702853967372,0.0264333333333333,0.0282289326680317,SVM,PGD,0.5,Clean,,Clean,0.0,0,,8.889417171478271,31
0.816360389109997,0.8911045739723531,0.6804763135399479,0.771675909644258,0.0697166666666666,0.3195236864600521,SVM,PGD,0.5,FGSM_eps0.15,,FGSM,0.15,1,,8.889417171478271,31
0.6053144520094649,0.59951185084985,0.4052839790867344,0.4836257101851522,0.2269833333333333,0.5947160209132656,SVM,PGD,0.5,FGSM_eps0.3,,FGSM,0.3,1,,8.889417171478271,31
0.479207274507493,0.38341495266079,0.2334652008826511,0.2902153633252196,0.3147666666666666,0.7665347991173489,SVM,PGD,0.5,FGSM_eps0.5,,FGSM,0.5,1,,8.889417171478271,31
0.4479841890066453,0.3405818926570688,0.2247977257817625,0.2708340817915095,0.3649,0.7752022742182375,SVM,PGD,0.5,FGSM_eps0.75,,FGSM,0.75,1,,8.889417171478271,31
0.8794683734803224,0.8651144435674822,0.8715981154205514,0.8683441767426201,0.1139333333333333,0.1284018845794485,SVM,PGD,0.5,PGD_eps0.15_it10,,PGD,0.15,10,,8.889417171478271,31
0.9270826722754594,0.9030135418653442,0.9411963501182832,0.9217096745933634,0.08475,0.0588036498817167,SVM,PGD,0.5,PGD_eps0.15_it25,,PGD,0.15,25,,8.889417171478271,31
0.7893801619176269,0.7381710686069223,0.8339661650398584,0.7831500737394291,0.248,0.1660338349601415,SVM,PGD,0.5,PGD_eps0.3_it10,,PGD,0.3,10,,8.889417171478271,31
0.7980381313291569,0.7511200315400882,0.8332306224280858,0.7900475943640733,0.2314666666666666,0.1667693775719142,SVM,PGD,0.5,PGD_eps0.3_it25,,PGD,0.3,25,,8.889417171478271,31
0.7032537646301551,0.632974617445398,0.8313619466035823,0.7187295913106245,0.40415,0.1686380533964177,SVM,PGD,0.5,PGD_eps0.5_it10,,PGD,0.5,10,,8.889417171478271,31
0.6417323191572305,0.5729929477374555,0.8415203864580642,0.6817684007086487,0.5257666666666667,0.1584796135419358,SVM,PGD,0.5,PGD_eps0.5_it25,,PGD,0.5,25,,8.889417171478271,31
0.6951306854754631,0.6226193102434002,0.8415999045782557,0.7157348391350656,0.4276666666666666,0.1584000954217442,SVM,PGD,0.5,PGD_eps0.75_it10,,PGD,0.75,10,,8.889417171478271,31
0.7842307099534918,0.6804078798687596,0.9935391527344294,0.8076860919874592,0.39125,0.0064608472655706,SVM,PGD,0.5,PGD_eps0.75_it25,,PGD,0.75,25,,8.889417171478271,31
0.9319601461428972,0.9098483107331647,0.9443770749259488,0.9267912012876164,0.07845,0.0556229250740512,SVM,PGD,0.5,CW_c0.0_it10,,CW,,10,0.0,8.889417171478271,31
0.9290318486351232,0.9042543066527076,0.9443770749259488,0.9238802777183532,0.0838333333333333,0.0556229250740512,SVM,PGD,0.5,CW_c0.5_it10,,CW,,10,0.5,8.889417171478271,31
0.9997461537764158,0.999920450251576,0.9995228912788502,0.9997216312409282,6.666666666666667e-05,0.0004771087211498,RF,PGD,0.5,Clean,,Clean,0.0,0,,38.68015241622925,31
0.7674949910700525,0.9972572903642156,0.4915213804345665,0.6584904655374454,0.0011333333333333,0.5084786195654335,RF,PGD,0.5,FGSM_eps0.15,,FGSM,0.15,1,,38.68015241622925,31
0.77006971705212,0.999879745059526,0.4958749975150587,0.6629634551495016,5e-05,0.5041250024849413,RF,PGD,0.5,FGSM_eps0.3,,FGSM,0.3,1,,38.68015241622925,31
0.5304842116714867,0.3667981355324489,0.0406735184780231,0.0732270360229774,0.0588666666666666,0.9593264815219767,RF,PGD,0.5,FGSM_eps0.5,,FGSM,0.5,1,,38.68015241622925,31
0.5393869613700444,0.2254901960784313,0.0041150627199173,0.0080826223619218,0.01185,0.9958849372800826,RF,PGD,0.5,FGSM_eps0.75,,FGSM,0.75,1,,38.68015241622925,31
0.8245016001378023,0.9995479934136184,0.6154503707532354,0.7618239086569221,0.0002333333333333,0.3845496292467646,RF,PGD,0.5,PGD_eps0.15_it10,,PGD,0.15,10,,38.68015241622925,31
0.8244653363915759,0.9999353692034254,0.6151322982724688,0.7616925955100433,3.3333333333333335e-05,0.3848677017275311,RF,PGD,0.5,PGD_eps0.15_it25,,PGD,0.15,25,,38.68015241622925,31
0.7448754793613954,0.999864669794298,0.4406297835119178,0.6116929530432863,5e-05,0.5593702164880823,RF,PGD,0.5,PGD_eps0.3_it10,,PGD,0.3,10,,38.68015241622925,31
0.6942966193122581,0.9998191572728916,0.3297218853746297,0.4959038450038868,5e-05,0.6702781146253702,RF,PGD,0.5,PGD_eps0.3_it25,,PGD,0.3,25,,38.68015241622925,31
0.495136125037397,0.2556049741308886,0.0559807566149136,0.0918460534898891,0.1366833333333333,0.9440192433850864,RF,PGD,0.5,PGD_eps0.5_it10,,PGD,0.5,10,,38.68015241622925,31
0.5149270645404024,0.2977513895907023,0.046856052322923,0.08097013002628,0.09265,0.9531439476770768,RF,PGD,0.5,PGD_eps0.5_it25,,PGD,0.5,25,,38.68015241622925,31
0.5018811818354895,0.1327741731286596,0.0166789257101962,0.0296351241566882,0.0913333333333333,0.9833210742898038,RF,PGD,0.5,PGD_eps0.75_it10,,PGD,0.75,10,,38.68015241622925,31
0.5037759625758139,0.097090909090909,0.0106156690455837,0.0191387559808612,0.0827666666666666,0.9893843309544162,RF,PGD,0.5,PGD_eps0.75_it25,,PGD,0.75,25,,38.68015241622925,31
0.9336282784693072,0.9916948842317196,0.8616782299266446,0.922126134175788,0.00605,0.1383217700733554,RF,PGD,0.5,CW_c0.0_it10,,CW,,10,0.0,38.68015241622925,31
0.933120586022139,0.9918870605491132,0.8603860604735304,0.921468643878344,0.0059,0.1396139395264695,RF,PGD,0.5,CW_c0.5_it10,,CW,,10,0.5,38.68015241622925,31
0.8829587590546041,0.8840457654622763,0.8555752142019363,0.8695775160123654,0.0940833333333333,0.1444247857980637,MLP,FGSM,0.3,FGSM_eps0.15,139.97414016723633,FGSM,0.15,1,,,99
0.8673018866213974,0.8767163800752038,0.825040256048347,0.8500937106338525,0.0972666666666666,0.1749597439516529,MLP,FGSM,0.3,FGSM_eps0.3,139.97414016723633,FGSM,0.3,1,,,99
0.8631496876784857,0.862401185770751,0.8327932727670317,0.8473386664509147,0.1114,0.1672067272329682,MLP,FGSM,0.3,FGSM_eps0.5,139.97414016723633,FGSM,0.5,1,,,99
0.8076117603329012,0.769677299703264,0.8250203765182991,0.7963885130921198,0.2069833333333333,0.1749796234817009,MLP,FGSM,0.3,FGSM_eps0.75,139.97414016723633,FGSM,0.75,1,,,99
0.8999755219712973,0.9183534324796524,0.8568475041250024,0.8865349609716466,0.0638666666666666,0.1431524958749975,MLP,FGSM,0.3,PGD_eps0.15_it10,139.97414016723633,PGD,0.15,10,,,99
0.963482407550112,0.9444476459401832,0.9774168538655746,0.960649459760458,0.0482,0.0225831461344253,MLP,FGSM,0.3,PGD_eps0.15_it25,139.97414016723633,PGD,0.15,25,,,99
0.8495326509705086,0.8418874508053719,0.8250004969882512,0.8333584344909988,0.1299,0.1749995030117488,MLP,FGSM,0.3,PGD_eps0.3_it10,139.97414016723633,PGD,0.3,10,,,99
0.8552079272549251,0.8537776678620007,0.8235492912947537,0.8383910953706046,0.11825,0.1764507087052462,MLP,FGSM,0.3,PGD_eps0.3_it25,139.97414016723633,PGD,0.3,25,,,99
0.8298505027061821,0.805589472256139,0.8263125459714132,0.815819430814524,0.1671833333333333,0.1736874540285867,MLP,FGSM,0.3,PGD_eps0.5_it10,139.97414016723633,PGD,0.5,10,,,99
0.7928705474919087,0.8111514052583862,0.7114486213545912,0.7580356480942143,0.1388666666666666,0.2885513786454088,MLP,FGSM,0.3,PGD_eps0.5_it25,139.97414016723633,PGD,0.5,25,,,99
0.6384141863775238,0.5879255346081791,0.6924835496888854,0.6359354461808091,0.4069166666666666,0.3075164503111146,MLP,FGSM,0.3,PGD_eps0.75_it10,139.97414016723633,PGD,0.75,10,,,99
0.6974062355511637,0.6575214979711871,0.7022642784724569,0.6791567735919791,0.3066666666666666,0.2977357215275431,MLP,FGSM,0.3,PGD_eps0.75_it25,139.97414016723633,PGD,0.75,25,,,99
0.9645431221272314,0.9347239401776678,0.9914915611394948,0.962271249553834,0.05805,0.0085084388605053,MLP,FGSM,0.3,CW_c0.0_it10,139.97414016723633,CW,,10,0.0,,99
0.9660390016590664,0.937771509167842,0.9913126453690636,0.9637990684010128,0.05515,0.0086873546309365,MLP,FGSM,0.3,CW_c0.5_it10,139.97414016723633,CW,,10,0.5,,99
0.9969810431266602,0.997075441667993,0.9963024074110888,0.9966887746477472,0.00245,0.0036975925889111,MLP,FGSM,0.3,Clean,139.97414016723633,Clean,0.0,0,,,99
0.919331296519587,0.9615839111725492,0.8573643719062481,0.906488429283057,0.0287166666666666,0.1426356280937518,LR,FGSM,0.3,Clean,,Clean,0.0,0,,0.4126522541046142,99
0.828291161618451,0.7971275366163291,0.8363318291155597,0.8162592161428017,0.17845,0.1636681708844403,LR,FGSM,0.3,FGSM_eps0.15,,FGSM,0.15,1,,0.4126522541046142,99
0.6993191481646012,0.6621317338076407,0.695644394966503,0.6784744842562432,0.2976,0.304355605033497,LR,FGSM,0.3,FGSM_eps0.3,,FGSM,0.3,1,,0.4126522541046142,99
0.5342375094059092,0.4863931762794476,0.3808917957179492,0.4272255978594124,0.3372,0.6191082042820508,LR,FGSM,0.3,FGSM_eps0.5,,FGSM,0.5,1,,0.4126522541046142,99
0.4374767685375738,0.3817958575713049,0.3770749259487506,0.3794207073131701,0.5118833333333334,0.6229250740512494,LR,FGSM,0.3,FGSM_eps0.75,,FGSM,0.75,1,,0.4126522541046142,99
0.7903864808754069,0.7350001729086696,0.8450390632765441,0.7861878912860538,0.2554333333333333,0.1549609367234558,LR,FGSM,0.3,PGD_eps0.15_it10,,PGD,0.15,10,,0.4126522541046142,99
0.7536150422019346,0.6885927713987474,0.8392938790926983,0.7565112216099986,0.3182166666666666,0.1607061209073017,LR,FGSM,0.3,PGD_eps0.15_it25,,PGD,0.15,25,,0.4126522541046142,99
0.7155743724105419,0.6452578268876611,0.835834840864362,0.7282852515524454,0.38525,0.164165159135638,LR,FGSM,0.3,PGD_eps0.3_it10,,PGD,0.3,10,,0.4126522541046142,99
0.7100713489207002,0.6415449980687524,0.825477605709401,0.7219807351253608,0.3866833333333333,0.1745223942905989,LR,FGSM,0.3,PGD_eps0.3_it25,,PGD,0.3,25,,0.4126522541046142,99
0.6404721539758664,0.5895103248806081,0.6969166848895693,0.6387297191425786,0.40685,0.3030833151104308,LR,FGSM,0.3,PGD_eps0.5_it10,,PGD,0.5,10,,0.4126522541046142,99
0.5727768057079137,0.5231472716946511,0.7141522374411069,0.6039068016003766,0.54575,0.2858477625588931,LR,FGSM,0.3,PGD_eps0.5_it25,,PGD,0.5,25,,0.4126522541046142,99
0.3959003834891163,0.3524405009306612,0.3877104745243822,0.3692351382052253,0.5972333333333333,0.6122895254756178,LR,FGSM,0.3,PGD_eps0.75_it10,,PGD,0.75,10,,0.4126522541046142,99
0.3927363716308713,0.3468938170069026,0.3756435997853011,0.3606967310904319,0.5929333333333333,0.624356400214699,LR,FGSM,0.3,PGD_eps0.75_it25,,PGD,0.75,25,,0.4126522541046142,99
0.8763315594317471,0.8794609588473958,0.8445818340854422,0.8616685765279736,0.09705,0.1554181659145578,LR,FGSM,0.3,CW_c0.0_it10,,CW,,10,0.0,0.4126522541046142,99
0.8705202940989819,0.8682902889393289,0.8441246048943403,0.8560369332500051,0.10735,0.1558753951056597,LR,FGSM,0.3,CW_c0.5_it10,,CW,,10,0.5,0.4126522541046142,99
0.9157774493894092,0.958010408058428,0.8526926823449894,0.9022886953595018,0.0313333333333333,0.1473073176550106,SVM,FGSM,0.3,Clean,,Clean,0.0,0,,2.388783693313598,99
0.8482996835988141,0.8324552368879734,0.8355167683835955,0.8339831929438144,0.1409833333333333,0.1644832316164046,SVM,FGSM,0.3,FGSM_eps0.15,,FGSM,0.15,1,,2.388783693313598,99
0.7055021168961859,0.6710437904356006,0.6948690932946345,0.6827486522384562,0.2855833333333333,0.3051309067053654,SVM,FGSM,0.3,FGSM_eps0.3,,FGSM,0.3,1,,2.388783693313598,99
0.5516622394676483,0.5113678917241749,0.380056855455937,0.4360410085643581,0.3044666666666666,0.619943144544063,SVM,FGSM,0.3,FGSM_eps0.5,,FGSM,0.5,1,,2.388783693313598,99
0.4374677026010172,0.381611836800516,0.3763393833369779,0.3789572719720551,0.5112833333333333,0.6236606166630221,SVM,FGSM,0.3,FGSM_eps0.75,,FGSM,0.75,1,,2.388783693313598,99
0.81338676191944,0.7695209765476212,0.8434089418126155,0.8047725634508137,0.2117833333333333,0.1565910581873844,SVM,FGSM,0.3,PGD_eps0.15_it10,,PGD,0.15,10,,2.388783693313598,99
0.8091801673571888,0.7651014009460464,0.8392342405025546,0.8004550625711035,0.2160166666666666,0.1607657594974454,SVM,FGSM,0.3,PGD_eps0.15_it25,,PGD,0.15,25,,2.388783693313598,99
0.722219703906512,0.6518917916788975,0.8388167703715484,0.7336347039902634,0.3755333333333333,0.1611832296284515,SVM,FGSM,0.3,PGD_eps0.3_it10,,PGD,0.3,10,,2.388783693313598,99
0.7208779452961388,0.6511080482554628,0.8358149613343141,0.7319892753925973,0.3754833333333333,0.1641850386656859,SVM,FGSM,0.3,PGD_eps0.3_it25,,PGD,0.3,25,,2.388783693313598,99
0.5666754304053381,0.5236183367262308,0.5522334652008827,0.5375453533936433,0.4212166666666667,0.4477665347991173,SVM,FGSM,0.3,PGD_eps0.5_it10,,PGD,0.5,10,,2.388783693313598,99
0.4534600146868172,0.413419838323561,0.4737689601017832,0.4415418392018453,0.5635666666666667,0.5262310398982168,SVM,FGSM,0.3,PGD_eps0.5_it25,,PGD,0.5,25,,2.388783693313598,99
0.3492289420958632,0.3227717543772794,0.3888237282070652,0.3527321911632101,0.6839666666666666,0.6111762717929348,SVM,FGSM,0.3,PGD_eps0.75_it10,,PGD,0.75,10,,2.388783693313598,99
0.3332547618831763,0.3100263205218329,0.3769954078285589,0.3402468781398019,0.7034166666666667,0.6230045921714411,SVM,FGSM,0.3,PGD_eps0.75_it25,,PGD,0.75,25,,2.388783693313598,99
0.88569667189469,0.9017714395344376,0.8409637596167227,0.8703067459419426,0.0768,0.1590362403832773,SVM,FGSM,0.3,CW_c0.0_it10,,CW,,10,0.0,2.388783693313598,99
0.8843911770305432,0.8995212256623045,0.8403673737152854,0.8689387243314354,0.0787,0.1596326262847146,SVM,FGSM,0.3,CW_c0.5_it10,,CW,,10,0.5,2.388783693313598,99
0.9997824175226422,0.9998806943588316,0.9996421684591376,0.9997614171819392,0.0001,0.0003578315408623,RF,FGSM,0.3,Clean,,Clean,0.0,0,,12.527204036712646,99
0.5739735093333816,0.9919762258543834,0.0663578712999224,0.1243944249832302,0.00045,0.9336421287000776,RF,FGSM,0.3,FGSM_eps0.15,,FGSM,0.15,1,,12.527204036712646,99
0.750723008440387,0.997296236535694,0.4546249726656461,0.6245459759128273,0.0010333333333333,0.5453750273343538,RF,FGSM,0.3,FGSM_eps0.3,,FGSM,0.3,1,,12.527204036712646,99
0.5441103143160204,0.5024488619994238,0.0346699004035544,0.0648640606984788,0.0287833333333333,0.9653300995964456,RF,FGSM,0.3,FGSM_eps0.5,,FGSM,0.5,1,,12.527204036712646,99
0.4994152470921008,0.2235227912211592,0.0394807466751486,0.0671081976076231,0.1149833333333333,0.9605192533248514,RF,FGSM,0.3,FGSM_eps0.75,,FGSM,0.75,1,,12.527204036712646,99
0.571743288940464,0.9854292049414,0.0618452179790469,0.1163860830527497,0.0007666666666666,0.938154782020953,RF,FGSM,0.3,PGD_eps0.15_it10,,PGD,0.15,10,,12.527204036712646,99
0.6726471628151546,0.9966412427401862,0.2831441464723774,0.4410007121404465,0.0008,0.7168558535276226,RF,FGSM,0.3,PGD_eps0.15_it25,,PGD,0.15,25,,12.527204036712646,99
0.7132262948423886,0.9958043443624196,0.3727411883983063,0.5424405485158826,0.0013166666666666,0.6272588116016937,RF,FGSM,0.3,PGD_eps0.3_it10,,PGD,0.3,10,,12.527204036712646,99
0.6992284887990354,0.9920137891410514,0.3432399658072083,0.5100135877592012,0.0023166666666666,0.6567600341927917,RF,FGSM,0.3,PGD_eps0.3_it25,,PGD,0.3,25,,12.527204036712646,99
0.5249902541182017,0.3246731478377472,0.038506649702801,0.0688478558353622,0.06715,0.961493350297199,RF,FGSM,0.3,PGD_eps0.5_it10,,PGD,0.5,10,,12.527204036712646,99
0.4996328295694586,0.1066773934030571,0.0131801284217641,0.0234615520719062,0.0925333333333333,0.986819871578236,RF,FGSM,0.3,PGD_eps0.5_it25,,PGD,0.5,25,,12.527204036712646,99
0.5177465708094975,0.1049467067504782,0.0076337395383973,0.0142322375004632,0.0545833333333333,0.9923662604616028,RF,FGSM,0.3,PGD_eps0.75_it10,,PGD,0.75,10,,12.527204036712646,99
0.5392509723216957,0.2867707477403451,0.0069379559867204,0.0135481366459627,0.0144666666666666,0.9930620440132796,RF,FGSM,0.3,PGD_eps0.75_it25,,PGD,0.75,25,,12.527204036712646,99
0.7858263147874491,0.993817791433754,0.533685863666183,0.6944487557556004,0.0027833333333333,0.4663141363338171,RF,FGSM,0.3,CW_c0.0_it10,,CW,,10,0.0,12.527204036712646,99
0.7826804348023173,0.9941821184595752,0.5265491123789834,0.6884657872506336,0.0025833333333333,0.4734508876210166,RF,FGSM,0.3,CW_c0.5_it10,,CW,,10,0.5,12.527204036712646,99
0.8909095854147213,0.8850875427651439,0.8743017315070671,0.8796615763103417,0.0951666666666666,0.1256982684929328,MLP,FGSM,0.5,FGSM_eps0.15,139.97687602043152,FGSM,0.15,1,,,99
0.893203267363535,0.9022785656105762,0.8588354571297935,0.8800211847144137,0.0779833333333333,0.1411645428702065,MLP,FGSM,0.5,FGSM_eps0.3,139.97687602043152,FGSM,0.3,1,,,99
0.7982013181871753,0.7875363983102982,0.7634733514899708,0.7753182125589235,0.1726833333333333,0.2365266485100292,MLP,FGSM,0.5,FGSM_eps0.5,139.97687602043152,FGSM,0.5,1,,,99
0.5890773596366372,0.5736743938182787,0.3852056537383456,0.460918173168411,0.24,0.6147943462616544,MLP,FGSM,0.5,FGSM_eps0.75,139.97687602043152,FGSM,0.75,1,,,99
0.8775463949303283,0.85985604193561,0.8739240204361569,0.8668329570438434,0.1194166666666666,0.1260759795638431,MLP,FGSM,0.5,PGD_eps0.15_it10,139.97687602043152,PGD,0.15,10,,,99
0.937526631188635,0.8861727867919157,0.9901993916863804,0.9353024570232182,0.1066333333333333,0.0098006083136194,MLP,FGSM,0.5,PGD_eps0.15_it25,139.97687602043152,PGD,0.15,25,,,99
0.8063425292149805,0.7543323139653415,0.8532294296562829,0.8007387990783668,0.2329666666666666,0.146770570343717,MLP,FGSM,0.5,PGD_eps0.3_it10,139.97687602043152,PGD,0.3,10,,,99
0.8585260600346318,0.7800393853305785,0.9606782895652348,0.8609861476103514,0.2271166666666666,0.0393217104347653,MLP,FGSM,0.5,PGD_eps0.3_it25,139.97687602043152,PGD,0.3,25,,,99
0.769108727777123,0.7132601713981487,0.8256167624197364,0.7653367732424214,0.2782666666666666,0.1743832375802636,MLP,FGSM,0.5,PGD_eps0.5_it10,139.97687602043152,PGD,0.5,10,,,99
0.7930699980961533,0.7396309345240172,0.8430113512116574,0.7879446658676849,0.2488,0.1569886487883426,MLP,FGSM,0.5,PGD_eps0.5_it25,139.97687602043152,PGD,0.5,25,,,99
0.5556693834256548,0.5109491525423728,0.5992883128242849,0.5516042560588456,0.4809,0.4007116871757151,MLP,FGSM,0.5,PGD_eps0.75_it10,139.97687602043152,PGD,0.75,10,,,99
0.6530375420432808,0.6372262773722628,0.5553545514184045,0.5934801312896338,0.2650666666666667,0.4446454485815955,MLP,FGSM,0.5,PGD_eps0.75_it25,139.97687602043152,PGD,0.75,25,,,99
0.9647788364777024,0.9451285001917912,0.9796433612309404,0.9620764717940709,0.0476833333333333,0.0203566387690595,MLP,FGSM,0.5,CW_c0.0_it10,139.97687602043152,CW,,10,0.0,,99
0.969085156342076,0.95079886946992,0.9830825199292288,0.9666712277889634,0.04265,0.0169174800707711,MLP,FGSM,0.5,CW_c0.5_it10,139.97687602043152,CW,,10,0.5,,99
0.9955576910872778,0.9975031460359948,0.9927439715325128,0.9951178686009208,0.0020833333333333,0.007256028467487,MLP,FGSM,0.5,Clean,139.97687602043152,Clean,0.0,0,,,99
0.9216249784684006,0.9635052739329744,0.8607438920143928,0.9092302684768114,0.0273333333333333,0.1392561079856072,LR,FGSM,0.5,Clean,,Clean,0.0,0,,0.4160768985748291,99
0.8910909041458528,0.9048253404381292,0.8506649702801026,0.8769096777498847,0.0750166666666666,0.1493350297198974,LR,FGSM,0.5,FGSM_eps0.15,,FGSM,0.15,1,,0.4160768985748291,99
0.7812298849532651,0.7213239522375943,0.8478420770132994,0.779482586882819,0.2746166666666667,0.1521579229867005,LR,FGSM,0.5,FGSM_eps0.3,,FGSM,0.3,1,,0.4160768985748291,99
0.7652013091212387,0.7053309998990341,0.8332505019581337,0.7639730609045923,0.29185,0.1667494980418662,LR,FGSM,0.5,FGSM_eps0.5,,FGSM,0.5,1,,0.4160768985748291,99
0.5965386254226993,0.5442761611041559,0.7086853666779317,0.6156941649899397,0.4974833333333333,0.2913146333220682,LR,FGSM,0.5,FGSM_eps0.75,,FGSM,0.75,1,,0.4160768985748291,99
0.8895134311850086,0.8974722616167515,0.8554559370216488,0.8759605500198471,0.0819333333333333,0.1445440629783511,LR,FGSM,0.5,PGD_eps0.15_it10,,PGD,0.15,10,,0.4160768985748291,99
0.8879178263510512,0.8948299546268159,0.8546806353497803,0.8742946039105634,0.0842166666666666,0.1453193646502196,LR,FGSM,0.5,PGD_eps0.15_it25,,PGD,0.15,25,,0.4160768985748291,99
0.8168408837474955,0.7641184935593697,0.8655746178160348,0.811688493265601,0.2240166666666666,0.1344253821839651,LR,FGSM,0.5,PGD_eps0.3_it10,,PGD,0.3,10,,0.4160768985748291,99
0.8361603945495589,0.7940623688484207,0.865097509094885,0.8280592925237379,0.1881,0.134902490905115,LR,FGSM,0.5,PGD_eps0.3_it25,,PGD,0.3,25,,0.4160768985748291,99
0.7492543267182217,0.6763876555903475,0.863129435620142,0.7584327563016403,0.3462166666666667,0.136870564379858,LR,FGSM,0.5,PGD_eps0.5_it10,,PGD,0.5,10,,0.4160768985748291,99
0.7294089915958768,0.6545995949091569,0.860922807784824,0.7437167807248779,0.38085,0.139077192215176,LR,FGSM,0.5,PGD_eps0.5_it25,,PGD,0.5,25,,0.4160768985748291,99
0.5113278877274416,0.4800633717774011,0.8613999165059738,0.6165305483623118,0.7821666666666667,0.1386000834940262,LR,FGSM,0.5,PGD_eps0.75_it10,,PGD,0.75,10,,0.4160768985748291,99
0.620064730787014,0.5541089268449887,0.8545215991093971,0.6722813932028965,0.5765,0.1454784008906029,LR,FGSM,0.5,PGD_eps0.75_it25,,PGD,0.75,25,,0.4160768985748291,99
0.8975911806569178,0.9192407729842436,0.850128222968809,0.8833347104023795,0.0626166666666666,0.1498717770311909,LR,FGSM,0.5,CW_c0.0_it10,,CW,,10,0.0,0.4160768985748291,99
0.8971197519559758,0.9186278934812044,0.849670993777707,0.8828049158318703,0.0631,0.1503290062222929,LR,FGSM,0.5,CW_c0.5_it10,,CW,,10,0.5,0.4160768985748291,99
0.9182524500693544,0.9635126639123406,0.8530505138858517,0.9049230801674416,0.0270833333333333,0.1469494861141482,SVM,FGSM,0.5,Clean,,Clean,0.0,0,,1.8613781929016116,99
0.8896403542968007,0.9028441026074462,0.8494125598870843,0.8753136875313687,0.0766333333333333,0.1505874401129157,SVM,FGSM,0.5,FGSM_eps0.15,,FGSM,0.15,1,,1.8613781929016116,99
0.7980471972657135,0.7449784102232401,0.8471661729916705,0.7927929603929083,0.2431333333333333,0.1528338270083295,SVM,FGSM,0.5,FGSM_eps0.3,,FGSM,0.3,1,,1.8613781929016116,99
0.7471056997543131,0.6823923943478544,0.8333101405482775,0.7503378650508812,0.3251666666666666,0.1666898594517225,SVM,FGSM,0.5,FGSM_eps0.5,,FGSM,0.5,1,,1.8613781929016116,99
0.5963301088818981,0.5440152380952381,0.709719102240423,0.6159167759298875,0.4987333333333333,0.2902808977595769,SVM,FGSM,0.5,FGSM_eps0.75,,FGSM,0.75,1,,1.8613781929016116,99
0.8905197501427885,0.9019917134624688,0.8525734051647019,0.8765866121614716,0.0776666666666666,0.1474265948352981,SVM,FGSM,0.5,PGD_eps0.15_it10,,PGD,0.15,10,,1.8613781929016116,99
0.8908914535416081,0.9021606624910672,0.8532890682464267,0.8770445745343836,0.0775833333333333,0.1467109317535733,SVM,FGSM,0.5,PGD_eps0.15_it25,,PGD,0.15,25,,1.8613781929016116,99
0.8630318305032502,0.8396479512072725,0.8648191956742143,0.8520477113813972,0.1384666666666666,0.1351808043257857,SVM,FGSM,0.5,PGD_eps0.3_it10,,PGD,0.3,10,,1.8613781929016116,99
0.8682991396426207,0.8499080630648254,0.8637457010516272,0.8567710130638403,0.1278833333333333,0.1362542989483728,SVM,FGSM,0.5,PGD_eps0.3_it25,,PGD,0.3,25,,1.8613781929016116,99
0.7437785010380498,0.6713199745052622,0.858477625588931,0.7534502311785746,0.3523833333333333,0.1415223744110689,SVM,FGSM,0.5,PGD_eps0.5_it10,,PGD,0.5,10,,1.8613781929016116,99
0.7262268478645186,0.6519996975882664,0.8572053356658649,0.7406516772874835,0.3835833333333333,0.1427946643341351,SVM,FGSM,0.5,PGD_eps0.5_it25,,PGD,0.5,25,,1.8613781929016116,99
0.4719545252622322,0.4578691620514779,0.8579209987475896,0.5970793527812558,0.8516333333333334,0.1420790012524103,SVM,FGSM,0.5,PGD_eps0.75_it10,,PGD,0.75,10,,1.8613781929016116,99
0.5343191028349183,0.491931688804554,0.6442160507325607,0.5578680989516087,0.5578166666666666,0.3557839492674393,SVM,FGSM,0.5,PGD_eps0.75_it25,,PGD,0.75,25,,1.8613781929016116,99
0.8941370588288623,0.9146734229398376,0.8468679800409519,0.8794657142562218,0.0662333333333333,0.1531320199590481,SVM,FGSM,0.5,CW_c0.0_it10,,CW,,10,0.0,1.8613781929016116,99
0.8938922785418347,0.9145526796262484,0.84641075084985,0.8791633112391336,0.0663,0.1535892491501501,SVM,FGSM,0.5,CW_c0.5_it10,,CW,,10,0.5,1.8613781929016116,99
0.999764285649529,0.9998806896140308,0.9996024093990418,0.999741530141562,0.0001,0.0003975906009581,RF,FGSM,0.5,Clean,,Clean,0.0,0,,14.86047649383545,99
0.5966202188517085,0.909719283396812,0.1282030892789694,0.2247351547253972,0.0106666666666666,0.8717969107210306,RF,FGSM,0.5,FGSM_eps0.15,,FGSM,0.15,1,,14.86047649383545,99
0.7559903175797575,0.9855102549198704,0.4718804047472317,0.6381857532699727,0.0058166666666666,0.5281195952527682,RF,FGSM,0.5,FGSM_eps0.3,,FGSM,0.3,1,,14.86047649383545,99
0.5294506949040371,0.1370235934664246,0.0060036180744687,0.0115032281410097,0.0317,0.9939963819255312,RF,FGSM,0.5,FGSM_eps0.5,,FGSM,0.5,1,,14.86047649383545,99
0.4635685339473994,0.0440193355960094,0.0085084388605053,0.014260487122247,0.1549166666666666,0.9914915611394948,RF,FGSM,0.5,FGSM_eps0.75,,FGSM,0.75,1,,14.86047649383545,99
0.6060487928705475,0.9384201766739214,0.1457169552511778,0.2522627938190453,0.0080166666666666,0.8542830447488221,RF,FGSM,0.5,PGD_eps0.15_it10,,PGD,0.15,10,,14.86047649383545,99
0.5930845035946438,0.926089007705614,0.11707055245214,0.2078641770498747,0.0078333333333333,0.88292944754786,RF,FGSM,0.5,PGD_eps0.15_it25,,PGD,0.15,25,,14.86047649383545,99
0.7497529532288333,0.9950279134682484,0.4535315985130111,0.6230694651172318,0.0019,0.5464684014869888,RF,FGSM,0.5,PGD_eps0.3_it10,,PGD,0.3,10,,14.86047649383545,99
0.6575795762581254,0.9988060176709384,0.2494483430411705,0.3991982947857347,0.00025,0.7505516569588295,RF,FGSM,0.5,PGD_eps0.3_it25,,PGD,0.3,25,,14.86047649383545,99
0.4646383144610754,0.1557951058305138,0.0393614694948611,0.0628451723481241,0.1788166666666666,0.9606385305051388,RF,FGSM,0.5,PGD_eps0.5_it10,,PGD,0.5,10,,14.86047649383545,99
0.449017705774095,0.2253750131123466,0.0854223406158678,0.1238881921319321,0.24615,0.9145776593841322,RF,FGSM,0.5,PGD_eps0.5_it25,,PGD,0.5,25,,14.86047649383545,99
0.410596266647326,0.0230839061081571,0.0070771126970558,0.0108330163560289,0.2511,0.9929228873029442,RF,FGSM,0.5,PGD_eps0.75_it10,,PGD,0.75,10,,14.86047649383545,99
0.4082119253329465,0.0209866274233796,0.0065204858557143,0.0099496450888794,0.2550166666666666,0.9934795141442856,RF,FGSM,0.5,PGD_eps0.75_it25,,PGD,0.75,25,,14.86047649383545,99
0.7151029437095999,0.9996823716251984,0.3754050454247261,0.5458355614007198,0.0001,0.6245949545752738,RF,FGSM,0.5,CW_c0.0_it10,,CW,,10,0.0,14.86047649383545,99
0.710760360099,0.9996198338130668,0.3659026300618253,0.5357122067640724,0.0001166666666666,0.6340973699381747,RF,FGSM,0.5,CW_c0.5_it10,,CW,,10,0.5,14.86047649383545,99
0.9693571344387732,0.9712942688977724,0.9612150368765282,0.9662283681707364,0.0238166666666666,0.0387849631234717,MLP,PGD,0.3,FGSM_eps0.15,841.9448018074036,FGSM,0.15,1,,,99
0.9143540973500268,0.9660096724153664,0.8418185794087828,0.8996483922710035,0.0248333333333333,0.1581814205912172,MLP,PGD,0.3,FGSM_eps0.3,841.9448018074036,FGSM,0.3,1,,,99
0.8895496949312349,0.917524644030668,0.8326541160566964,0.8730315883818119,0.06275,0.1673458839433035,MLP,PGD,0.3,FGSM_eps0.5,841.9448018074036,FGSM,0.5,1,,,99
0.8089807167529441,0.8343283240696264,0.725125738027553,0.7759035119440131,0.1207166666666666,0.2748742619724469,MLP,PGD,0.3,FGSM_eps0.75,841.9448018074036,FGSM,0.75,1,,,99
0.9680516395746264,0.9665489797139608,0.9632825080015108,0.9649129794097734,0.02795,0.0367174919984891,MLP,PGD,0.3,PGD_eps0.15_it10,841.9448018074036,PGD,0.15,10,,,99
0.9740986192578625,0.9732107236894598,0.9699023915074648,0.9715537412256684,0.0223833333333333,0.0300976084925352,MLP,PGD,0.3,PGD_eps0.15_it25,841.9448018074036,PGD,0.15,25,,,99
0.9209903629094404,0.962788213300098,0.8599884698725722,0.908489525909592,0.0278666666666666,0.1400115301274277,MLP,PGD,0.3,PGD_eps0.3_it10,841.9448018074036,PGD,0.3,10,,,99
0.9130758002955496,0.959589118410656,0.8449794246864004,0.8986447916446436,0.0298333333333333,0.1550205753135995,MLP,PGD,0.3,PGD_eps0.3_it25,841.9448018074036,PGD,0.3,25,,,99
0.8916167284661342,0.9221674226077766,0.8326143569966006,0.8751057761619707,0.0589166666666666,0.1673856430033994,MLP,PGD,0.3,PGD_eps0.5_it10,841.9448018074036,PGD,0.5,10,,,99
0.9048257980290654,0.9481838448893192,0.8370474921972845,0.8891563720832013,0.03835,0.1629525078027155,MLP,PGD,0.3,PGD_eps0.5_it25,841.9448018074036,PGD,0.5,25,,,99
0.8259340181137412,0.8803531684887617,0.7155636840745084,0.7894505976532514,0.0815333333333333,0.2844363159254915,MLP,PGD,0.3,PGD_eps0.75_it10,841.9448018074036,PGD,0.75,10,,,99
0.8341749544436688,0.9058522237435976,0.7101962109615728,0.7961801183405578,0.0618833333333333,0.2898037890384271,MLP,PGD,0.3,PGD_eps0.75_it25,841.9448018074036,PGD,0.75,25,,,99
0.9842796660108972,0.981730177937355,0.9838379420710496,0.9827829298806522,0.01535,0.0161620579289505,MLP,PGD,0.3,CW_c0.0_it10,841.9448018074036,CW,,10,0.0,,99
0.9843159297571236,0.9817889662560256,0.9838578216010974,0.982822305187068,0.0153,0.0161421783989026,MLP,PGD,0.3,CW_c0.5_it10,841.9448018074036,CW,,10,0.5,,99
0.9900093379146532,0.9888714453210388,0.989225294714033,0.98904833836858,0.0093333333333333,0.010774705285967,MLP,PGD,0.3,Clean,841.9448018074036,Clean,0.0,0,,,99
0.923991187909667,0.971391943863437,0.8586167822992664,0.9115294514910413,0.0212,0.1413832177007335,LR,PGD,0.3,Clean,,Clean,0.0,0,,0.5120770931243896,99
0.8438664406226485,0.8234546414533508,0.8371071307874282,0.8302247634069401,0.1504666666666666,0.1628928692125718,LR,PGD,0.3,FGSM_eps0.15,,FGSM,0.15,1,,0.5120770931243896,99
0.7260636610065003,0.6971285010500696,0.7060811482416556,0.7015762651601943,0.2571833333333333,0.2939188517583444,LR,PGD,0.3,FGSM_eps0.3,,FGSM,0.3,1,,0.5120770931243896,99
0.6627652919684868,0.613883240349688,0.7021648808222174,0.655063056379822,0.3702666666666667,0.2978351191777826,LR,PGD,0.3,FGSM_eps0.5,,FGSM,0.5,1,,0.5120770931243896,99
0.5142743171083288,0.4730792001052493,0.5718744408882174,0.5178065178065178,0.5340166666666667,0.4281255591117825,LR,PGD,0.3,FGSM_eps0.75,,FGSM,0.75,1,,0.5120770931243896,99
0.8206032474184746,0.7781018172538869,0.8486372582152157,0.8118403286233193,0.2029,0.1513627417847842,LR,PGD,0.3,PGD_eps0.15_it10,,PGD,0.15,10,,0.5120770931243896,99
0.8002320879758483,0.7461597408478178,0.8516987058425939,0.7954437853343359,0.2429166666666666,0.1483012941574061,LR,PGD,0.3,PGD_eps0.15_it25,,PGD,0.15,25,,0.5120770931243896,99
0.7358095428048195,0.6640159970238095,0.8515794286623064,0.7461916996908069,0.36125,0.1484205713376935,LR,PGD,0.3,PGD_eps0.3_it10,,PGD,0.3,10,,0.5120770931243896,99
0.7505688875189251,0.6808902435152554,0.8526728028149414,0.757160383770091,0.3350333333333333,0.1473271971850585,LR,PGD,0.3,PGD_eps0.3_it25,,PGD,0.3,25,,0.5120770931243896,99
0.6223130830530448,0.5557519383845291,0.8563703954038526,0.6740627151530325,0.5739166666666666,0.1436296045961473,LR,PGD,0.3,PGD_eps0.5_it10,,PGD,0.5,10,,0.5120770931243896,99
0.6035103306347063,0.5412547886704767,0.8566487088245234,0.6633722809772318,0.6087166666666667,0.1433512911754766,LR,PGD,0.3,PGD_eps0.5_it25,,PGD,0.5,25,,0.5120770931243896,99
0.4958523340253665,0.4711498727680028,0.8613005188557342,0.6091057984971285,0.8105333333333333,0.1386994811442657,LR,PGD,0.3,PGD_eps0.75_it10,,PGD,0.75,10,,0.5120770931243896,99
0.4890891453541608,0.467317578951916,0.8601475061129555,0.6056084707924222,0.822,0.1398524938870445,LR,PGD,0.3,PGD_eps0.75_it25,,PGD,0.75,25,,0.5120770931243896,99
0.8847447485562496,0.8964855286473715,0.8448203884460171,0.869886497385039,0.0817833333333333,0.1551796115539828,LR,PGD,0.3,CW_c0.0_it10,,CW,,10,0.0,0.5120770931243896,99
0.8846812870003535,0.8965706447187929,0.8445619545553943,0.8697895340266972,0.0816833333333333,0.1554380454446056,LR,PGD,0.3,CW_c0.5_it10,,CW,,10,0.5,0.5120770931243896,99
0.9211354178943456,0.9732029117379436,0.8504860545096714,0.9077156466482076,0.0196333333333333,0.1495139454903286,SVM,PGD,0.3,Clean,,Clean,0.0,0,,1.6761753559112549,99
0.8604027089018431,0.8552382503205845,0.8352782140230205,0.845140397457559,0.1185333333333333,0.1647217859769795,SVM,PGD,0.3,FGSM_eps0.15,,FGSM,0.15,1,,1.6761753559112549,99
0.73008893683762,0.7033295699883139,0.7059022324712244,0.7046135529318385,0.2496333333333333,0.2940977675287756,SVM,PGD,0.3,FGSM_eps0.3,,FGSM,0.3,1,,1.6761753559112549,99
0.6100650027651107,0.571208155931409,0.581416615311214,0.5762671789567017,0.3659166666666666,0.418583384688786,SVM,PGD,0.3,FGSM_eps0.5,,FGSM,0.5,1,,1.6761753559112549,99
0.4262531390805327,0.3735118177744003,0.3810707114883804,0.3772534047075494,0.5358666666666667,0.6189292885116195,SVM,PGD,0.3,FGSM_eps0.75,,FGSM,0.75,1,,1.6761753559112549,99
0.84571589168019,0.8207698089933119,0.8465499075601852,0.8334605523261504,0.1549833333333333,0.1534500924398147,SVM,PGD,0.3,PGD_eps0.15_it10,,PGD,0.15,10,,1.6761753559112549,99
0.835090614035883,0.8033936095837348,0.8452378585770233,0.8237847054036773,0.1734166666666666,0.1547621414229767,SVM,PGD,0.3,PGD_eps0.15_it25,,PGD,0.15,25,,1.6761753559112549,99
0.7416480059472543,0.6711993216719531,0.8497703914279466,0.7500021931940801,0.349,0.1502296085720533,SVM,PGD,0.3,PGD_eps0.3_it10,,PGD,0.3,10,,1.6761753559112549,99
0.7662257599521318,0.7011271718978163,0.8495119575373238,0.768219897170388,0.3036,0.1504880424626762,SVM,PGD,0.3,PGD_eps0.3_it25,,PGD,0.3,25,,1.6761753559112549,99
0.6427567699881236,0.5742694362664922,0.837584239508578,0.6813723508340678,0.5205833333333333,0.1624157604914219,SVM,PGD,0.3,PGD_eps0.5_it10,,PGD,0.5,10,,1.6761753559112549,99
0.6129389046535453,0.5495177727740105,0.8393137586227462,0.6641811002564224,0.57685,0.1606862413772538,SVM,PGD,0.3,PGD_eps0.5_it25,,PGD,0.5,25,,1.6761753559112549,99
0.4789896920301352,0.4601570145004893,0.8226348329125499,0.5901833403455726,0.8091166666666667,0.17736516708745,SVM,PGD,0.3,PGD_eps0.75_it10,,PGD,0.75,10,,1.6761753559112549,99
0.3326926738166686,0.3448803802271245,0.5149792258910999,0.4131051859411877,0.8201333333333334,0.4850207741089,SVM,PGD,0.3,PGD_eps0.75_it25,,PGD,0.75,25,,1.6761753559112549,99
0.897799697197719,0.9276041894912136,0.8415800250482078,0.8825007035573946,0.0550666666666666,0.1584199749517921,SVM,PGD,0.3,CW_c0.0_it10,,CW,,10,0.0,1.6761753559112549,99
0.8976002465934744,0.9268954648923132,0.8418583384688786,0.8823327186923774,0.0556666666666666,0.1581416615311214,SVM,PGD,0.3,CW_c0.5_it10,,CW,,10,0.5,1.6761753559112549,99
0.9997552197129724,0.999860807317558,0.9996024093990418,0.9997315916614476,0.0001166666666666,0.0003975906009581,RF,PGD,0.3,Clean,,Clean,0.0,0,,12.547091007232666,99
0.588868843095836,0.9809708737864078,0.1004313858020396,0.1822083566263322,0.0016333333333333,0.8995686141979604,RF,PGD,0.3,FGSM_eps0.15,,FGSM,0.15,1,,12.547091007232666,99
0.7751557074603592,0.996340988711561,0.5088364511062958,0.6736409932493782,0.0015666666666666,0.4911635488937041,RF,PGD,0.3,FGSM_eps0.3,,FGSM,0.3,1,,12.547091007232666,99
0.4244671495788872,0.0255579553635709,0.0070572331670079,0.0110603959933326,0.2255833333333333,0.992942766832992,RF,PGD,0.3,FGSM_eps0.5,,FGSM,0.5,1,,12.547091007232666,99
0.3797720823549677,0.0183510638297872,0.0068584378665288,0.0099850947136882,0.3075833333333333,0.9931415621334712,RF,PGD,0.3,FGSM_eps0.75,,FGSM,0.75,1,,12.547091007232666,99
0.6163114330525915,0.9793393393393394,0.1620778084806075,0.2781264924609402,0.0028666666666666,0.8379221915193925,RF,PGD,0.3,PGD_eps0.15_it10,,PGD,0.15,10,,12.547091007232666,99
0.6460295730850476,0.9875292283710054,0.2266862811363139,0.368730800323363,0.0024,0.773313718863686,RF,PGD,0.3,PGD_eps0.15_it25,,PGD,0.15,25,,12.547091007232666,99
0.7082762934824982,0.9977481188553852,0.361131542850327,0.530316742081448,0.0006833333333333,0.638868457149673,RF,PGD,0.3,PGD_eps0.3_it10,,PGD,0.3,10,,12.547091007232666,99
0.705393325657507,0.998376714245732,0.3545712979345168,0.5232953878652741,0.0004833333333333,0.6454287020654832,RF,PGD,0.3,PGD_eps0.3_it25,,PGD,0.3,25,,12.547091007232666,99
0.3327198716263383,0.051440012320961,0.0265590521440073,0.0350311373320222,0.4106,0.9734409478559928,RF,PGD,0.3,PGD_eps0.5_it10,,PGD,0.5,10,,12.547091007232666,99
0.328023716490032,0.0525623685001502,0.0278114625370256,0.0363759279241799,0.4202833333333333,0.9721885374629744,RF,PGD,0.3,PGD_eps0.5_it25,,PGD,0.5,25,,12.547091007232666,99
0.3442336110531898,0.0329856694649368,0.0154662743772737,0.0210586149494512,0.3801333333333333,0.9845337256227262,RF,PGD,0.3,PGD_eps0.75_it10,,PGD,0.75,10,,12.547091007232666,99
0.329156958559604,0.0384180790960452,0.0196012166272389,0.025958298230834,0.4113166666666666,0.9803987833727612,RF,PGD,0.3,PGD_eps0.75_it25,,PGD,0.75,25,,12.547091007232666,99
0.8013109344260809,0.9684478035578732,0.5833250501958134,0.7280960770204213,0.0159333333333333,0.4166749498041866,RF,PGD,0.3,CW_c0.0_it10,,CW,,10,0.0,12.547091007232666,99
0.8033054404685276,0.9662005801636192,0.5893087887402342,0.732095228687148,0.0172833333333333,0.4106912112597658,RF,PGD,0.3,CW_c0.5_it10,,CW,,10,0.5,12.547091007232666,99
0.9712519151790976,0.975063500383018,0.9615529888873428,0.9682611176170316,0.0206166666666666,0.0384470111126572,MLP,PGD,0.5,FGSM_eps0.15,846.078202009201,FGSM,0.15,1,,,99
0.90801700769698,0.9657396024216556,0.8276643540146711,0.891386730040465,0.0246166666666666,0.1723356459853289,MLP,PGD,0.5,FGSM_eps0.3,846.078202009201,FGSM,0.3,1,,,99
0.8685892496124312,0.9006982677588291,0.8000516867781245,0.8473969574143286,0.07395,0.1999483132218754,MLP,PGD,0.5,FGSM_eps0.5,846.078202009201,FGSM,0.5,1,,,99
0.5676092218706653,0.521070569042658,0.6413136393455658,0.574972819790757,0.4941833333333333,0.3586863606544341,MLP,PGD,0.5,FGSM_eps0.75,846.078202009201,FGSM,0.75,1,,,99
0.9685955957680208,0.9726914925825008,0.9580343120688628,0.9653072670459096,0.02255,0.0419656879311373,MLP,PGD,0.5,PGD_eps0.15_it10,846.078202009201,PGD,0.15,10,,,99
0.9679337823993908,0.9697267979108076,0.9596445540027434,0.9646593327538144,0.0251166666666666,0.0403554459972566,MLP,PGD,0.5,PGD_eps0.15_it25,846.078202009201,PGD,0.15,25,,,99
0.9099843159297571,0.961206305688828,0.8363715881756555,0.8944543067617701,0.0283,0.1636284118243444,MLP,PGD,0.5,PGD_eps0.3_it10,846.078202009201,PGD,0.3,10,,,99
0.9603093297553104,0.9684216968238102,0.9437409299644156,0.9559220329426926,0.0258,0.0562590700355843,MLP,PGD,0.5,PGD_eps0.3_it25,846.078202009201,PGD,0.3,25,,,99
0.8889150793722745,0.9205721107082856,0.8278432697851023,0.8717487099509101,0.0598833333333333,0.1721567302148977,MLP,PGD,0.5,PGD_eps0.5_it10,846.078202009201,PGD,0.5,10,,,99
0.8264507764974661,0.892107514974581,0.7046697016082539,0.7873874073991803,0.07145,0.295330298391746,MLP,PGD,0.5,PGD_eps0.5_it25,846.078202009201,PGD,0.5,25,,,99
0.7151210755827131,0.6741568887904952,0.726437787010715,0.6993215765451118,0.2943666666666666,0.2735622129892849,MLP,PGD,0.5,PGD_eps0.75_it10,846.078202009201,PGD,0.75,10,,,99
0.5586248787430985,0.5114983370760965,0.7154245273641731,0.5965142009431382,0.5728333333333333,0.2845754726358269,MLP,PGD,0.5,PGD_eps0.75_it25,846.078202009201,PGD,0.75,25,,,99
0.9716961460703698,0.9790241029910453,0.9584716617299168,0.9686388749372176,0.0172166666666666,0.0415283382700832,MLP,PGD,0.5,CW_c0.0_it10,846.078202009201,CW,,10,0.0,,99
0.9716508163875868,0.979177670336814,0.958213227839294,0.9685820213204192,0.0170833333333333,0.0417867721607061,MLP,PGD,0.5,CW_c0.5_it10,846.078202009201,CW,,10,0.5,,99
0.9868271941832952,0.9830893987341772,0.98811204103135,0.9855943210096864,0.01425,0.0118879589686499,MLP,PGD,0.5,Clean,846.078202009201,Clean,0.0,0,,,99
0.9193131646464738,0.9692834311880852,0.8500089457885216,0.9057363158786648,0.0225833333333333,0.1499910542114784,LR,PGD,0.5,Clean,,Clean,0.0,0,,0.8152401447296143,99
0.704260083587935,0.6709000231964741,0.6899588493728008,0.6802959768706817,0.28375,0.3100411506271991,LR,PGD,0.5,FGSM_eps0.15,,FGSM,0.15,1,,0.8152401447296143,99
0.5113460196005548,0.4522982256053895,0.3390056259070035,0.3875417585164648,0.3441666666666667,0.6609943740929964,LR,PGD,0.5,FGSM_eps0.3,,FGSM,0.3,1,,0.8152401447296143,99
0.337751466415238,0.2736770881012557,0.2733832972188537,0.2735301137719786,0.6082833333333333,0.7266167027811462,LR,PGD,0.5,FGSM_eps0.5,,FGSM,0.5,1,,0.8152401447296143,99
0.1797503241072319,0.1892895261961112,0.2432658091962706,0.2129099608525445,0.8735,0.7567341908037294,LR,PGD,0.5,FGSM_eps0.75,,FGSM,0.75,1,,0.8152401447296143,99
0.7221925060968424,0.6562053074845066,0.8209251933284297,0.7293810108360637,0.3605833333333333,0.1790748066715702,LR,PGD,0.5,PGD_eps0.15_it10,,PGD,0.15,10,,0.8152401447296143,99
0.7214128355529768,0.6556902421176546,0.8193944695147407,0.7284584456324835,0.3607333333333333,0.1806055304852593,LR,PGD,0.5,PGD_eps0.15_it25,,PGD,0.15,25,,0.8152401447296143,99
0.7033353580591643,0.6348159509202455,0.8228137486829812,0.7166913413504411,0.3968333333333333,0.1771862513170188,LR,PGD,0.5,PGD_eps0.3_it10,,PGD,0.3,10,,0.8152401447296143,99
0.7044051385728403,0.6359836493837785,0.8227342305627895,0.7174046820423481,0.3948,0.1772657694372105,LR,PGD,0.5,PGD_eps0.3_it25,,PGD,0.3,25,,0.8152401447296143,99
0.3090305794040053,0.3479837148455374,0.5896069816909528,0.4376613986158454,0.9262,0.4103930183090472,LR,PGD,0.5,PGD_eps0.5_it10,,PGD,0.5,10,,0.8152401447296143,99
0.2008195606647144,0.2616831845256835,0.4130966343955629,0.3204021216232885,0.97715,0.5869033656044371,LR,PGD,0.5,PGD_eps0.5_it25,,PGD,0.5,25,,0.8152401447296143,99
0.2405646265287435,0.3034037903443738,0.5133491044271713,0.3813933566691775,0.9881333333333332,0.4866508955728286,LR,PGD,0.5,PGD_eps0.75_it10,,PGD,0.75,10,,0.8152401447296143,99
0.1879912604371594,0.2537874987458613,0.4022821700495,0.3112297080106737,0.9916666666666668,0.5977178299504999,LR,PGD,0.5,PGD_eps0.75_it25,,PGD,0.75,25,,0.8152401447296143,99
0.8536848499134203,0.838538982916485,0.8411227958571059,0.8398289020553588,0.1357833333333333,0.158877204142894,LR,PGD,0.5,CW_c0.0_it10,,CW,,10,0.0,0.8152401447296143,99
0.8443288033870339,0.822295719844358,0.84022821700495,0.8311652556955056,0.1522333333333333,0.15977178299505,LR,PGD,0.5,CW_c0.5_it10,,CW,,10,0.5,0.8152401447296143,99
0.9152334931960148,0.9643723778206146,0.8453571357573108,0.9009512913409182,0.0261833333333333,0.1546428642426893,SVM,PGD,0.5,Clean,,Clean,0.0,0,,2.8455123901367188,99
0.739281796505988,0.7250130548302872,0.6900184879629445,0.7070830532298479,0.2194166666666666,0.3099815120370554,SVM,PGD,0.5,FGSM_eps0.15,,FGSM,0.15,1,,2.8455123901367188,99
0.5109199205823958,0.4516531337897362,0.3383694809454704,0.3868892702496903,0.3444166666666666,0.6616305190545295,SVM,PGD,0.5,FGSM_eps0.3,,FGSM,0.3,1,,2.8455123901367188,99
0.3426742699654588,0.2793831233355857,0.2794664334135141,0.2794247721648562,0.6043333333333333,0.7205335665864859,SVM,PGD,0.5,FGSM_eps0.5,,FGSM,0.5,1,,2.8455123901367188,99
0.1928234046218144,0.2047446980438793,0.2669622090133789,0.2317502502329755,0.8693333333333333,0.733037790986621,SVM,PGD,0.5,FGSM_eps0.75,,FGSM,0.75,1,,2.8455123901367188,99
0.7268705293600355,0.6617755540588216,0.8203685664870882,0.7325871419568439,0.3515166666666666,0.1796314335129117,SVM,PGD,0.5,PGD_eps0.15_it10,,PGD,0.15,10,,2.8455123901367188,99
0.7245133858553258,0.6594300352225424,0.8187980836133034,0.730523309950959,0.3545333333333333,0.1812019163866966,SVM,PGD,0.5,PGD_eps0.15_it25,,PGD,0.15,25,,2.8455123901367188,99
0.7061457983917029,0.6362819184593821,0.8302288133908514,0.7204305712486738,0.3978833333333333,0.1697711866091485,SVM,PGD,0.5,PGD_eps0.3_it10,,PGD,0.3,10,,2.8455123901367188,99
0.7027188743733171,0.6345503718728871,0.8209053137983818,0.7157975021451044,0.3963666666666666,0.1790946862016182,SVM,PGD,0.5,PGD_eps0.3_it25,,PGD,0.3,25,,2.8455123901367188,99
0.374377850103805,0.3802205402082453,0.5901834880623422,0.4624875373878365,0.80655,0.4098165119376578,SVM,PGD,0.5,PGD_eps0.5_it10,,PGD,0.5,10,,2.8455123901367188,99
0.2741267236611878,0.2933670281453505,0.4200147108522354,0.3454488971730351,0.8481833333333333,0.5799852891477646,SVM,PGD,0.5,PGD_eps0.5_it25,,PGD,0.5,25,,2.8455123901367188,99
0.1840385120984923,0.2484412226897146,0.3897183070592211,0.3034416574440257,0.9884,0.6102816929407788,SVM,PGD,0.5,PGD_eps0.75_it10,,PGD,0.75,10,,2.8455123901367188,99
0.1879096670081503,0.2536414618540404,0.4019044589785897,0.3110068456272594,0.9915,0.5980955410214103,SVM,PGD,0.5,PGD_eps0.75_it25,,PGD,0.75,25,,2.8455123901367188,99
0.8751529876793922,0.8811769616026711,0.8394330358030336,0.8597986215041283,0.0949,0.1605669641969664,SVM,PGD,0.5,CW_c0.0_it10,,CW,,10,0.0,2.8455123901367188,99
0.8703752391140767,0.8721139337315778,0.8387571317814047,0.8551103544719402,0.1031166666666666,0.1612428682185953,SVM,PGD,0.5,CW_c0.5_it10,,CW,,10,0.5,2.8455123901367188,99
0.9997733515860856,0.9998806919864784,0.9996222889290896,0.9997514737605996,0.0001,0.0003777110709102,RF,PGD,0.5,Clean,,Clean,0.0,0,,15.903444290161133,99
0.5850974134883004,0.9881669535283992,0.0913066815100491,0.1671671125184255,0.0009166666666666,0.9086933184899508,RF,PGD,0.5,FGSM_eps0.15,,FGSM,0.15,1,,15.903444290161133,99
0.634089734640037,0.9878312070657508,0.2001073494622587,0.3327988362289851,0.0020666666666666,0.7998926505377413,RF,PGD,0.5,FGSM_eps0.3,,FGSM,0.3,1,,15.903444290161133,99
0.4940482126506079,0.0754280425728829,0.0097210901934278,0.0172225548550699,0.0999,0.9902789098065722,RF,PGD,0.5,FGSM_eps0.5,,FGSM,0.5,1,,15.903444290161133,99
0.4984451918805472,0.0576313006697215,0.0065006063256664,0.0116833699555174,0.0891166666666666,0.9934993936743336,RF,PGD,0.5,FGSM_eps0.75,,FGSM,0.75,1,,15.903444290161133,99
0.6254045674188372,0.9795046968403074,0.1824145677196191,0.3075530827370079,0.0032,0.8175854322803809,RF,PGD,0.5,PGD_eps0.15_it10,,PGD,0.15,10,,15.903444290161133,99
0.5787059282159144,0.985312737401874,0.0773512514164165,0.1434417164344171,0.0009666666666666,0.9226487485835836,RF,PGD,0.5,PGD_eps0.15_it25,,PGD,0.15,25,,15.903444290161133,99
0.6127031903030743,0.9036516554881294,0.1687374510466572,0.2843741624229429,0.0150833333333333,0.8312625489533427,RF,PGD,0.5,PGD_eps0.3_it10,,PGD,0.3,10,,15.903444290161133,99
0.5961125264045403,0.8682627064396364,0.1348229727849233,0.2334033107340744,0.01715,0.8651770272150766,RF,PGD,0.5,PGD_eps0.3_it25,,PGD,0.3,25,,15.903444290161133,99
0.3479143812951596,0.0320290858725761,0.0147108522354531,0.0201615649733676,0.3727333333333333,0.9852891477645468,RF,PGD,0.5,PGD_eps0.5_it10,,PGD,0.5,10,,15.903444290161133,99
0.3694822443632539,0.0485149908506545,0.0205554340695385,0.0288762287756925,0.3379833333333333,0.9794445659304614,RF,PGD,0.5,PGD_eps0.5_it25,,PGD,0.5,25,,15.903444290161133,99
0.4329075365130594,0.1207505108675459,0.0387650835934238,0.0586889785108047,0.23665,0.961234916406576,RF,PGD,0.5,PGD_eps0.75_it10,,PGD,0.75,10,,15.903444290161133,99
0.4498789697469697,0.0852849492446646,0.0212114585611196,0.0339733180501162,0.1907333333333333,0.9787885414388804,RF,PGD,0.5,PGD_eps0.75_it25,,PGD,0.75,25,,15.903444290161133,99
0.6620944126633002,0.9880158789603776,0.2622308808619764,0.4144594212461118,0.0026666666666666,0.7377691191380236,RF,PGD,0.5,CW_c0.0_it10,,CW,,10,0.0,15.903444290161133,99
0.6513150140975313,0.9623613930969858,0.2449953283104387,0.3905623603606458,0.0080333333333333,0.7550046716895613,RF,PGD,0.5,CW_c0.5_it10,,CW,,10,0.5,15.903444290161133,99
