accuracy,precision,recall,f1,fpr,fnr,model,sigma,eval_attack,smooth_s_per_sample,n0,n,family,epsilon,iters,confidence,seed
0.93,0.968421052631579,0.8932038834951457,0.9292929292929292,0.0309278350515463,0.1067961165048543,LR,0.1,Clean,0.0001552510261535,50,200,,,,,42
0.615,0.6444444444444445,0.5631067961165048,0.6010362694300518,0.3298969072164948,0.4368932038834951,LR,0.1,FGSM_eps0.15,,50,200,FGSM,0.15,1.0,,42
0.29,0.024390243902439,0.0097087378640776,0.0138888888888888,0.4123711340206185,0.9902912621359224,LR,0.1,FGSM_eps0.3,,50,200,FGSM,0.3,1.0,,42
0.06,0.0,0.0,0.0,0.8762886597938144,1.0,LR,0.1,FGSM_eps0.5,,50,200,FGSM,0.5,1.0,,42
0.04,0.0,0.0,0.0,0.9175257731958762,1.0,LR,0.1,FGSM_eps0.75,,50,200,FGSM,0.75,1.0,,42
0.715,0.7017543859649122,0.7766990291262136,0.7373271889400922,0.3505154639175257,0.2233009708737864,LR,0.1,PGD_eps0.15_it10,,50,200,PGD,0.15,10.0,,42
0.645,0.6568627450980392,0.6504854368932039,0.6536585365853659,0.3608247422680412,0.3495145631067961,LR,0.1,PGD_eps0.15_it25,,50,200,PGD,0.15,25.0,,42
0.365,0.3285714285714285,0.2233009708737864,0.2658959537572254,0.4845360824742268,0.7766990291262136,LR,0.1,PGD_eps0.3_it10,,50,200,PGD,0.3,10.0,,42
0.38,0.3432835820895522,0.2233009708737864,0.2705882352941176,0.4536082474226804,0.7766990291262136,LR,0.1,PGD_eps0.3_it25,,50,200,PGD,0.3,25.0,,42
0.17,0.0,0.0,0.0,0.6494845360824743,1.0,LR,0.1,PGD_eps0.5_it10,,50,200,PGD,0.5,10.0,,42
0.215,0.0,0.0,0.0,0.5567010309278351,1.0,LR,0.1,PGD_eps0.5_it25,,50,200,PGD,0.5,25.0,,42
0.155,0.0,0.0,0.0,0.6804123711340206,1.0,LR,0.1,PGD_eps0.75_it10,,50,200,PGD,0.75,10.0,,42
0.13,0.0,0.0,0.0,0.7319587628865979,1.0,LR,0.1,PGD_eps0.75_it25,,50,200,PGD,0.75,25.0,,42
0.74,0.7142857142857143,0.8252427184466019,0.7657657657657657,0.3505154639175257,0.174757281553398,LR,0.1,CW_c0.0_it10,,50,200,CW,,10.0,0.0,42
0.735,0.7155172413793104,0.8058252427184466,0.7579908675799086,0.3402061855670103,0.1941747572815534,LR,0.1,CW_c0.5_it10,,50,200,CW,,10.0,0.5,42
0.92,0.978021978021978,0.8640776699029126,0.9175257731958762,0.0206185567010309,0.1359223300970873,SVM,0.1,Clean,0.0001522433757781,50,200,,,,,42
0.415,0.3870967741935484,0.233009708737864,0.2909090909090909,0.3917525773195876,0.7669902912621359,SVM,0.1,FGSM_eps0.15,,50,200,FGSM,0.15,1.0,,42
0.035,0.0,0.0,0.0,0.9278350515463918,1.0,SVM,0.1,FGSM_eps0.3,,50,200,FGSM,0.3,1.0,,42
0.005,0.0,0.0,0.0,0.9896907216494846,1.0,SVM,0.1,FGSM_eps0.5,,50,200,FGSM,0.5,1.0,,42
0.005,0.0,0.0,0.0,0.9896907216494846,1.0,SVM,0.1,FGSM_eps0.75,,50,200,FGSM,0.75,1.0,,42
0.395,0.3333333333333333,0.174757281553398,0.2292993630573248,0.3711340206185567,0.8252427184466019,SVM,0.1,PGD_eps0.15_it10,,50,200,PGD,0.15,10.0,,42
0.41,0.3684210526315789,0.203883495145631,0.2625,0.3711340206185567,0.7961165048543689,SVM,0.1,PGD_eps0.15_it25,,50,200,PGD,0.15,25.0,,42
0.085,0.0,0.0,0.0,0.8247422680412371,1.0,SVM,0.1,PGD_eps0.3_it10,,50,200,PGD,0.3,10.0,,42
0.105,0.0,0.0,0.0,0.7835051546391752,1.0,SVM,0.1,PGD_eps0.3_it25,,50,200,PGD,0.3,25.0,,42
0.005,0.0,0.0,0.0,0.9896907216494846,1.0,SVM,0.1,PGD_eps0.5_it10,,50,200,PGD,0.5,10.0,,42
0.01,0.0,0.0,0.0,0.979381443298969,1.0,SVM,0.1,PGD_eps0.5_it25,,50,200,PGD,0.5,25.0,,42
0.005,0.0,0.0,0.0,0.9896907216494846,1.0,SVM,0.1,PGD_eps0.75_it10,,50,200,PGD,0.75,10.0,,42
0.005,0.0,0.0,0.0,0.9896907216494846,1.0,SVM,0.1,PGD_eps0.75_it25,,50,200,PGD,0.75,25.0,,42
0.53,0.5283018867924528,0.8155339805825242,0.6412213740458015,0.7731958762886598,0.1844660194174757,SVM,0.1,CW_c0.0_it10,,50,200,CW,,10.0,0.0,42
0.535,0.532051282051282,0.8058252427184466,0.640926640926641,0.7525773195876289,0.1941747572815534,SVM,0.1,CW_c0.5_it10,,50,200,CW,,10.0,0.5,42
0.485,0.0,0.0,0.0,0.0,1.0,RF,0.1,Clean,0.0052120983600616,50,200,,,,,42
0.485,0.0,0.0,0.0,0.0,1.0,RF,0.1,FGSM_eps0.15,,50,200,FGSM,0.15,1.0,,42
0.48,0.0,0.0,0.0,0.0103092783505154,1.0,RF,0.1,FGSM_eps0.3,,50,200,FGSM,0.3,1.0,,42
0.485,0.0,0.0,0.0,0.0,1.0,RF,0.1,FGSM_eps0.5,,50,200,FGSM,0.5,1.0,,42
0.485,0.0,0.0,0.0,0.0,1.0,RF,0.1,FGSM_eps0.75,,50,200,FGSM,0.75,1.0,,42
0.485,0.0,0.0,0.0,0.0,1.0,RF,0.1,PGD_eps0.15_it10,,50,200,PGD,0.15,10.0,,42
0.485,0.0,0.0,0.0,0.0,1.0,RF,0.1,PGD_eps0.15_it25,,50,200,PGD,0.15,25.0,,42
0.48,0.48,0.116504854368932,0.1875,0.134020618556701,0.883495145631068,RF,0.1,PGD_eps0.3_it10,,50,200,PGD,0.3,10.0,,42
0.42,0.0,0.0,0.0,0.134020618556701,1.0,RF,0.1,PGD_eps0.3_it25,,50,200,PGD,0.3,25.0,,42
0.545,1.0,0.116504854368932,0.208695652173913,0.0,0.883495145631068,RF,0.1,PGD_eps0.5_it10,,50,200,PGD,0.5,10.0,,42
0.475,0.375,0.029126213592233,0.054054054054054,0.0515463917525773,0.970873786407767,RF,0.1,PGD_eps0.5_it25,,50,200,PGD,0.5,25.0,,42
0.5,0.8,0.0388349514563106,0.074074074074074,0.0103092783505154,0.9611650485436892,RF,0.1,PGD_eps0.75_it10,,50,200,PGD,0.75,10.0,,42
0.515,0.875,0.0679611650485436,0.1261261261261261,0.0103092783505154,0.9320388349514565,RF,0.1,PGD_eps0.75_it25,,50,200,PGD,0.75,25.0,,42
0.485,0.0,0.0,0.0,0.0,1.0,RF,0.1,CW_c0.0_it10,,50,200,CW,,10.0,0.0,42
0.485,0.0,0.0,0.0,0.0,1.0,RF,0.1,CW_c0.5_it10,,50,200,CW,,10.0,0.5,42
1.0,1.0,1.0,1.0,0.0,0.0,MLP,0.1,Clean,0.0022811806201934,50,200,,,,,42
0.405,0.0,0.0,0.0,0.1649484536082474,1.0,MLP,0.1,FGSM_eps0.15,,50,200,FGSM,0.15,1.0,,42
0.255,0.0,0.0,0.0,0.4742268041237113,1.0,MLP,0.1,FGSM_eps0.3,,50,200,FGSM,0.3,1.0,,42
0.17,0.0,0.0,0.0,0.6494845360824743,1.0,MLP,0.1,FGSM_eps0.5,,50,200,FGSM,0.5,1.0,,42
0.235,0.0192307692307692,0.0097087378640776,0.0129032258064516,0.5257731958762887,0.9902912621359224,MLP,0.1,FGSM_eps0.75,,50,200,FGSM,0.75,1.0,,42
0.4,0.0,0.0,0.0,0.1752577319587628,1.0,MLP,0.1,PGD_eps0.15_it10,,50,200,PGD,0.15,10.0,,42
0.4,0.0,0.0,0.0,0.1752577319587628,1.0,MLP,0.1,PGD_eps0.15_it25,,50,200,PGD,0.15,25.0,,42
0.135,0.0,0.0,0.0,0.7216494845360825,1.0,MLP,0.1,PGD_eps0.3_it10,,50,200,PGD,0.3,10.0,,42
0.14,0.0,0.0,0.0,0.711340206185567,1.0,MLP,0.1,PGD_eps0.3_it25,,50,200,PGD,0.3,25.0,,42
0.095,0.0,0.0,0.0,0.8041237113402062,1.0,MLP,0.1,PGD_eps0.5_it10,,50,200,PGD,0.5,10.0,,42
0.09,0.0,0.0,0.0,0.8144329896907216,1.0,MLP,0.1,PGD_eps0.5_it25,,50,200,PGD,0.5,25.0,,42
0.055,0.0,0.0,0.0,0.8865979381443299,1.0,MLP,0.1,PGD_eps0.75_it10,,50,200,PGD,0.75,10.0,,42
0.045,0.0,0.0,0.0,0.9072164948453608,1.0,MLP,0.1,PGD_eps0.75_it25,,50,200,PGD,0.75,25.0,,42
0.335,0.2321428571428571,0.1262135922330097,0.1635220125786163,0.4432989690721649,0.8737864077669902,MLP,0.1,CW_c0.0_it10,,50,200,CW,,10.0,0.0,42
0.21,0.1839080459770115,0.1553398058252427,0.1684210526315789,0.7319587628865979,0.8446601941747572,MLP,0.1,CW_c0.5_it10,,50,200,CW,,10.0,0.5,42
0.94,0.9595959595959596,0.9223300970873788,0.9405940594059404,0.0412371134020618,0.0776699029126213,LR,0.25,Clean,0.0001534831523895,50,200,,,,,42
0.605,0.6363636363636364,0.5436893203883495,0.5863874345549738,0.3298969072164948,0.4563106796116505,LR,0.25,FGSM_eps0.15,,50,200,FGSM,0.15,1.0,,42
0.275,0.0625,0.029126213592233,0.0397350993377483,0.4639175257731959,0.970873786407767,LR,0.25,FGSM_eps0.3,,50,200,FGSM,0.3,1.0,,42
0.07,0.0,0.0,0.0,0.8556701030927835,1.0,LR,0.25,FGSM_eps0.5,,50,200,FGSM,0.5,1.0,,42
0.04,0.0,0.0,0.0,0.9175257731958762,1.0,LR,0.25,FGSM_eps0.75,,50,200,FGSM,0.75,1.0,,42
0.705,0.6964285714285714,0.7572815533980582,0.7255813953488373,0.3505154639175257,0.2427184466019417,LR,0.25,PGD_eps0.15_it10,,50,200,PGD,0.15,10.0,,42
0.65,0.6633663366336634,0.6504854368932039,0.6568627450980392,0.3505154639175257,0.3495145631067961,LR,0.25,PGD_eps0.15_it25,,50,200,PGD,0.15,25.0,,42
0.36,0.3188405797101449,0.2135922330097087,0.2558139534883721,0.4845360824742268,0.7864077669902912,LR,0.25,PGD_eps0.3_it10,,50,200,PGD,0.3,10.0,,42
0.36,0.3076923076923077,0.1941747572815534,0.238095238095238,0.4639175257731959,0.8058252427184466,LR,0.25,PGD_eps0.3_it25,,50,200,PGD,0.3,25.0,,42
0.17,0.0,0.0,0.0,0.6494845360824743,1.0,LR,0.25,PGD_eps0.5_it10,,50,200,PGD,0.5,10.0,,42
0.225,0.0185185185185185,0.0097087378640776,0.0127388535031847,0.5463917525773195,0.9902912621359224,LR,0.25,PGD_eps0.5_it25,,50,200,PGD,0.5,25.0,,42
0.15,0.0,0.0,0.0,0.6907216494845361,1.0,LR,0.25,PGD_eps0.75_it10,,50,200,PGD,0.75,10.0,,42
0.135,0.0,0.0,0.0,0.7216494845360825,1.0,LR,0.25,PGD_eps0.75_it25,,50,200,PGD,0.75,25.0,,42
0.72,0.7079646017699115,0.7766990291262136,0.7407407407407407,0.3402061855670103,0.2233009708737864,LR,0.25,CW_c0.0_it10,,50,200,CW,,10.0,0.0,42
0.71,0.7064220183486238,0.7475728155339806,0.7264150943396226,0.3298969072164948,0.2524271844660194,LR,0.25,CW_c0.5_it10,,50,200,CW,,10.0,0.5,42
0.915,0.9387755102040816,0.8932038834951457,0.9154228855721394,0.0618556701030927,0.1067961165048543,SVM,0.25,Clean,0.0001528000831604,50,200,,,,,42
0.41,0.3684210526315789,0.203883495145631,0.2625,0.3711340206185567,0.7961165048543689,SVM,0.25,FGSM_eps0.15,,50,200,FGSM,0.15,1.0,,42
0.04,0.0,0.0,0.0,0.9175257731958762,1.0,SVM,0.25,FGSM_eps0.3,,50,200,FGSM,0.3,1.0,,42
0.005,0.0,0.0,0.0,0.9896907216494846,1.0,SVM,0.25,FGSM_eps0.5,,50,200,FGSM,0.5,1.0,,42
0.005,0.0,0.0,0.0,0.9896907216494846,1.0,SVM,0.25,FGSM_eps0.75,,50,200,FGSM,0.75,1.0,,42
0.415,0.3793103448275862,0.2135922330097087,0.2732919254658385,0.3711340206185567,0.7864077669902912,SVM,0.25,PGD_eps0.15_it10,,50,200,PGD,0.15,10.0,,42
0.4,0.3559322033898305,0.203883495145631,0.2592592592592592,0.3917525773195876,0.7961165048543689,SVM,0.25,PGD_eps0.15_it25,,50,200,PGD,0.15,25.0,,42
0.075,0.0,0.0,0.0,0.845360824742268,1.0,SVM,0.25,PGD_eps0.3_it10,,50,200,PGD,0.3,10.0,,42
0.115,0.0,0.0,0.0,0.7628865979381443,1.0,SVM,0.25,PGD_eps0.3_it25,,50,200,PGD,0.3,25.0,,42
0.005,0.0,0.0,0.0,0.9896907216494846,1.0,SVM,0.25,PGD_eps0.5_it10,,50,200,PGD,0.5,10.0,,42
0.005,0.0,0.0,0.0,0.9896907216494846,1.0,SVM,0.25,PGD_eps0.5_it25,,50,200,PGD,0.5,25.0,,42
0.005,0.0,0.0,0.0,0.9896907216494846,1.0,SVM,0.25,PGD_eps0.75_it10,,50,200,PGD,0.75,10.0,,42
0.005,0.0,0.0,0.0,0.9896907216494846,1.0,SVM,0.25,PGD_eps0.75_it25,,50,200,PGD,0.75,25.0,,42
0.515,0.5185185185185185,0.8155339805825242,0.6339622641509434,0.8041237113402062,0.1844660194174757,SVM,0.25,CW_c0.0_it10,,50,200,CW,,10.0,0.0,42
0.545,0.5375,0.8349514563106796,0.6539923954372624,0.7628865979381443,0.1650485436893204,SVM,0.25,CW_c0.5_it10,,50,200,CW,,10.0,0.5,42
0.485,0.0,0.0,0.0,0.0,1.0,RF,0.25,Clean,0.0052383995056152,50,200,,,,,42
0.485,0.0,0.0,0.0,0.0,1.0,RF,0.25,FGSM_eps0.15,,50,200,FGSM,0.15,1.0,,42
0.485,0.0,0.0,0.0,0.0,1.0,RF,0.25,FGSM_eps0.3,,50,200,FGSM,0.3,1.0,,42
0.485,0.0,0.0,0.0,0.0,1.0,RF,0.25,FGSM_eps0.5,,50,200,FGSM,0.5,1.0,,42
0.485,0.0,0.0,0.0,0.0,1.0,RF,0.25,FGSM_eps0.75,,50,200,FGSM,0.75,1.0,,42
0.485,0.0,0.0,0.0,0.0,1.0,RF,0.25,PGD_eps0.15_it10,,50,200,PGD,0.15,10.0,,42
0.485,0.0,0.0,0.0,0.0,1.0,RF,0.25,PGD_eps0.15_it25,,50,200,PGD,0.15,25.0,,42
0.485,0.0,0.0,0.0,0.0,1.0,RF,0.25,PGD_eps0.3_it10,,50,200,PGD,0.3,10.0,,42
0.485,0.0,0.0,0.0,0.0,1.0,RF,0.25,PGD_eps0.3_it25,,50,200,PGD,0.3,25.0,,42
0.485,0.0,0.0,0.0,0.0,1.0,RF,0.25,PGD_eps0.5_it10,,50,200,PGD,0.5,10.0,,42
0.465,0.0,0.0,0.0,0.0412371134020618,1.0,RF,0.25,PGD_eps0.5_it25,,50,200,PGD,0.5,25.0,,42
0.485,0.0,0.0,0.0,0.0,1.0,RF,0.25,PGD_eps0.75_it10,,50,200,PGD,0.75,10.0,,42
0.485,0.0,0.0,0.0,0.0,1.0,RF,0.25,PGD_eps0.75_it25,,50,200,PGD,0.75,25.0,,42
0.485,0.0,0.0,0.0,0.0,1.0,RF,0.25,CW_c0.0_it10,,50,200,CW,,10.0,0.0,42
0.485,0.0,0.0,0.0,0.0,1.0,RF,0.25,CW_c0.5_it10,,50,200,CW,,10.0,0.5,42
0.935,1.0,0.8737864077669902,0.932642487046632,0.0,0.1262135922330097,MLP,0.25,Clean,0.0021075391769409,50,200,,,,,42
0.415,0.0,0.0,0.0,0.1443298969072164,1.0,MLP,0.25,FGSM_eps0.15,,50,200,FGSM,0.15,1.0,,42
0.255,0.0,0.0,0.0,0.4742268041237113,1.0,MLP,0.25,FGSM_eps0.3,,50,200,FGSM,0.3,1.0,,42
0.17,0.0,0.0,0.0,0.6494845360824743,1.0,MLP,0.25,FGSM_eps0.5,,50,200,FGSM,0.5,1.0,,42
0.19,0.0,0.0,0.0,0.6082474226804123,1.0,MLP,0.25,FGSM_eps0.75,,50,200,FGSM,0.75,1.0,,42
0.405,0.0,0.0,0.0,0.1649484536082474,1.0,MLP,0.25,PGD_eps0.15_it10,,50,200,PGD,0.15,10.0,,42
0.405,0.0,0.0,0.0,0.1649484536082474,1.0,MLP,0.25,PGD_eps0.15_it25,,50,200,PGD,0.15,25.0,,42
0.17,0.0,0.0,0.0,0.6494845360824743,1.0,MLP,0.25,PGD_eps0.3_it10,,50,200,PGD,0.3,10.0,,42
0.2,0.0,0.0,0.0,0.5876288659793815,1.0,MLP,0.25,PGD_eps0.3_it25,,50,200,PGD,0.3,25.0,,42
0.15,0.0,0.0,0.0,0.6907216494845361,1.0,MLP,0.25,PGD_eps0.5_it10,,50,200,PGD,0.5,10.0,,42
0.135,0.0,0.0,0.0,0.7216494845360825,1.0,MLP,0.25,PGD_eps0.5_it25,,50,200,PGD,0.5,25.0,,42
0.095,0.0,0.0,0.0,0.8041237113402062,1.0,MLP,0.25,PGD_eps0.75_it10,,50,200,PGD,0.75,10.0,,42
0.08,0.0,0.0,0.0,0.8350515463917526,1.0,MLP,0.25,PGD_eps0.75_it25,,50,200,PGD,0.75,25.0,,42
0.495,0.5208333333333334,0.2427184466019417,0.3311258278145695,0.2371134020618556,0.7572815533980582,MLP,0.25,CW_c0.0_it10,,50,200,CW,,10.0,0.0,42
0.46,0.4509803921568627,0.2233009708737864,0.2987012987012987,0.2886597938144329,0.7766990291262136,MLP,0.25,CW_c0.5_it10,,50,200,CW,,10.0,0.5,42
0.94,0.9504950495049505,0.9320388349514565,0.9411764705882352,0.0515463917525773,0.0679611650485436,LR,0.5,Clean,0.0001538288593292,50,200,,,,,42
0.575,0.6125,0.4757281553398058,0.5355191256830601,0.3195876288659793,0.5242718446601942,LR,0.5,FGSM_eps0.15,,50,200,FGSM,0.15,1.0,,42
0.285,0.1153846153846153,0.058252427184466,0.0774193548387096,0.4742268041237113,0.941747572815534,LR,0.5,FGSM_eps0.3,,50,200,FGSM,0.3,1.0,,42
0.07,0.0,0.0,0.0,0.8556701030927835,1.0,LR,0.5,FGSM_eps0.5,,50,200,FGSM,0.5,1.0,,42
0.04,0.0,0.0,0.0,0.9175257731958762,1.0,LR,0.5,FGSM_eps0.75,,50,200,FGSM,0.75,1.0,,42
0.67,0.6831683168316832,0.6699029126213593,0.6764705882352942,0.3298969072164948,0.3300970873786408,LR,0.5,PGD_eps0.15_it10,,50,200,PGD,0.15,10.0,,42
0.64,0.6631578947368421,0.6116504854368932,0.6363636363636364,0.3298969072164948,0.3883495145631068,LR,0.5,PGD_eps0.15_it25,,50,200,PGD,0.15,25.0,,42
0.395,0.3676470588235294,0.2427184466019417,0.2923976608187134,0.4432989690721649,0.7572815533980582,LR,0.5,PGD_eps0.3_it10,,50,200,PGD,0.3,10.0,,42
0.415,0.3970588235294117,0.2621359223300971,0.3157894736842105,0.422680412371134,0.7378640776699029,LR,0.5,PGD_eps0.3_it25,,50,200,PGD,0.3,25.0,,42
0.195,0.0166666666666666,0.0097087378640776,0.0122699386503067,0.6082474226804123,0.9902912621359224,LR,0.5,PGD_eps0.5_it10,,50,200,PGD,0.5,10.0,,42
0.21,0.0175438596491228,0.0097087378640776,0.0125,0.5773195876288659,0.9902912621359224,LR,0.5,PGD_eps0.5_it25,,50,200,PGD,0.5,25.0,,42
0.155,0.0,0.0,0.0,0.6804123711340206,1.0,LR,0.5,PGD_eps0.75_it10,,50,200,PGD,0.75,10.0,,42
0.145,0.0,0.0,0.0,0.7010309278350515,1.0,LR,0.5,PGD_eps0.75_it25,,50,200,PGD,0.75,25.0,,42
0.67,0.6796116504854369,0.6796116504854369,0.6796116504854369,0.3402061855670103,0.3203883495145631,LR,0.5,CW_c0.0_it10,,50,200,CW,,10.0,0.0,42
0.69,0.6952380952380952,0.7087378640776699,0.7019230769230769,0.3298969072164948,0.2912621359223301,LR,0.5,CW_c0.5_it10,,50,200,CW,,10.0,0.5,42
0.875,0.89,0.8640776699029126,0.8768472906403941,0.1134020618556701,0.1359223300970873,SVM,0.5,Clean,0.00015389919281,50,200,,,,,42
0.425,0.4,0.233009708737864,0.294478527607362,0.3711340206185567,0.7669902912621359,SVM,0.5,FGSM_eps0.15,,50,200,FGSM,0.15,1.0,,42
0.08,0.0,0.0,0.0,0.8350515463917526,1.0,SVM,0.5,FGSM_eps0.3,,50,200,FGSM,0.3,1.0,,42
0.005,0.0,0.0,0.0,0.9896907216494846,1.0,SVM,0.5,FGSM_eps0.5,,50,200,FGSM,0.5,1.0,,42
0.005,0.0,0.0,0.0,0.9896907216494846,1.0,SVM,0.5,FGSM_eps0.75,,50,200,FGSM,0.75,1.0,,42
0.405,0.3823529411764705,0.2524271844660194,0.3040935672514619,0.4329896907216495,0.7475728155339806,SVM,0.5,PGD_eps0.15_it10,,50,200,PGD,0.15,10.0,,42
0.41,0.3880597014925373,0.2524271844660194,0.3058823529411765,0.422680412371134,0.7475728155339806,SVM,0.5,PGD_eps0.15_it25,,50,200,PGD,0.15,25.0,,42
0.125,0.0,0.0,0.0,0.7422680412371134,1.0,SVM,0.5,PGD_eps0.3_it10,,50,200,PGD,0.3,10.0,,42
0.1,0.0,0.0,0.0,0.7938144329896907,1.0,SVM,0.5,PGD_eps0.3_it25,,50,200,PGD,0.3,25.0,,42
0.005,0.0,0.0,0.0,0.9896907216494846,1.0,SVM,0.5,PGD_eps0.5_it10,,50,200,PGD,0.5,10.0,,42
0.015,0.0,0.0,0.0,0.9690721649484536,1.0,SVM,0.5,PGD_eps0.5_it25,,50,200,PGD,0.5,25.0,,42
0.005,0.0,0.0,0.0,0.9896907216494846,1.0,SVM,0.5,PGD_eps0.75_it10,,50,200,PGD,0.75,10.0,,42
0.005,0.0,0.0,0.0,0.9896907216494846,1.0,SVM,0.5,PGD_eps0.75_it25,,50,200,PGD,0.75,25.0,,42
0.49,0.5033112582781457,0.7378640776699029,0.5984251968503937,0.7731958762886598,0.2621359223300971,SVM,0.5,CW_c0.0_it10,,50,200,CW,,10.0,0.0,42
0.485,0.5,0.7281553398058253,0.5928853754940712,0.7731958762886598,0.2718446601941747,SVM,0.5,CW_c0.5_it10,,50,200,CW,,10.0,0.5,42
0.485,0.0,0.0,0.0,0.0,1.0,RF,0.5,Clean,0.0052815902233123,50,200,,,,,42
0.485,0.0,0.0,0.0,0.0,1.0,RF,0.5,FGSM_eps0.15,,50,200,FGSM,0.15,1.0,,42
0.485,0.0,0.0,0.0,0.0,1.0,RF,0.5,FGSM_eps0.3,,50,200,FGSM,0.3,1.0,,42
0.485,0.0,0.0,0.0,0.0,1.0,RF,0.5,FGSM_eps0.5,,50,200,FGSM,0.5,1.0,,42
0.485,0.0,0.0,0.0,0.0,1.0,RF,0.5,FGSM_eps0.75,,50,200,FGSM,0.75,1.0,,42
0.485,0.0,0.0,0.0,0.0,1.0,RF,0.5,PGD_eps0.15_it10,,50,200,PGD,0.15,10.0,,42
0.485,0.0,0.0,0.0,0.0,1.0,RF,0.5,PGD_eps0.15_it25,,50,200,PGD,0.15,25.0,,42
0.485,0.0,0.0,0.0,0.0,1.0,RF,0.5,PGD_eps0.3_it10,,50,200,PGD,0.3,10.0,,42
0.485,0.0,0.0,0.0,0.0,1.0,RF,0.5,PGD_eps0.3_it25,,50,200,PGD,0.3,25.0,,42
0.485,0.0,0.0,0.0,0.0,1.0,RF,0.5,PGD_eps0.5_it10,,50,200,PGD,0.5,10.0,,42
0.485,0.0,0.0,0.0,0.0,1.0,RF,0.5,PGD_eps0.5_it25,,50,200,PGD,0.5,25.0,,42
0.485,0.0,0.0,0.0,0.0,1.0,RF,0.5,PGD_eps0.75_it10,,50,200,PGD,0.75,10.0,,42
0.485,0.0,0.0,0.0,0.0,1.0,RF,0.5,PGD_eps0.75_it25,,50,200,PGD,0.75,25.0,,42
0.485,0.0,0.0,0.0,0.0,1.0,RF,0.5,CW_c0.0_it10,,50,200,CW,,10.0,0.0,42
0.485,0.0,0.0,0.0,0.0,1.0,RF,0.5,CW_c0.5_it10,,50,200,CW,,10.0,0.5,42
0.73,1.0,0.4757281553398058,0.6447368421052632,0.0,0.5242718446601942,MLP,0.5,Clean,0.0024247550964355,50,200,,,,,42
0.42,0.0,0.0,0.0,0.134020618556701,1.0,MLP,0.5,FGSM_eps0.15,,50,200,FGSM,0.15,1.0,,42
0.345,0.0,0.0,0.0,0.2886597938144329,1.0,MLP,0.5,FGSM_eps0.3,,50,200,FGSM,0.3,1.0,,42
0.18,0.0,0.0,0.0,0.6288659793814433,1.0,MLP,0.5,FGSM_eps0.5,,50,200,FGSM,0.5,1.0,,42
0.165,0.0,0.0,0.0,0.6597938144329897,1.0,MLP,0.5,FGSM_eps0.75,,50,200,FGSM,0.75,1.0,,42
0.43,0.0769230769230769,0.0097087378640776,0.0172413793103448,0.1237113402061855,0.9902912621359224,MLP,0.5,PGD_eps0.15_it10,,50,200,PGD,0.15,10.0,,42
0.425,0.0714285714285714,0.0097087378640776,0.017094017094017,0.134020618556701,0.9902912621359224,MLP,0.5,PGD_eps0.15_it25,,50,200,PGD,0.15,25.0,,42
0.29,0.0,0.0,0.0,0.4020618556701031,1.0,MLP,0.5,PGD_eps0.3_it10,,50,200,PGD,0.3,10.0,,42
0.32,0.0,0.0,0.0,0.3402061855670103,1.0,MLP,0.5,PGD_eps0.3_it25,,50,200,PGD,0.3,25.0,,42
0.21,0.0,0.0,0.0,0.5670103092783505,1.0,MLP,0.5,PGD_eps0.5_it10,,50,200,PGD,0.5,10.0,,42
0.185,0.0,0.0,0.0,0.6185567010309279,1.0,MLP,0.5,PGD_eps0.5_it25,,50,200,PGD,0.5,25.0,,42
0.15,0.0,0.0,0.0,0.6907216494845361,1.0,MLP,0.5,PGD_eps0.75_it10,,50,200,PGD,0.75,10.0,,42
0.13,0.0,0.0,0.0,0.7319587628865979,1.0,MLP,0.5,PGD_eps0.75_it25,,50,200,PGD,0.75,25.0,,42
0.565,0.6904761904761905,0.2815533980582524,0.4,0.134020618556701,0.7184466019417476,MLP,0.5,CW_c0.0_it10,,50,200,CW,,10.0,0.0,42
0.545,0.6428571428571429,0.2621359223300971,0.3724137931034483,0.1546391752577319,0.7378640776699029,MLP,0.5,CW_c0.5_it10,,50,200,CW,,10.0,0.5,42
0.945,0.9493670886075948,0.9146341463414634,0.9316770186335404,0.0338983050847457,0.0853658536585365,LR,0.1,Clean,0.0001531982421875,50,200,,,,,7
0.735,0.6494845360824743,0.7682926829268293,0.7039106145251397,0.288135593220339,0.2317073170731707,LR,0.1,FGSM_eps0.15,,50,200,FGSM,0.15,1.0,,7
0.55,0.4615384615384615,0.5853658536585366,0.5161290322580645,0.4745762711864407,0.4146341463414634,LR,0.1,FGSM_eps0.3,,50,200,FGSM,0.3,1.0,,7
0.395,0.3333333333333333,0.4756097560975609,0.3919597989949748,0.6610169491525424,0.524390243902439,LR,0.1,FGSM_eps0.5,,50,200,FGSM,0.5,1.0,,7
0.095,0.104,0.1585365853658536,0.1256038647342995,0.9491525423728814,0.8414634146341463,LR,0.1,FGSM_eps0.75,,50,200,FGSM,0.75,1.0,,7
0.72,0.6140350877192983,0.8536585365853658,0.7142857142857143,0.3728813559322034,0.1463414634146341,LR,0.1,PGD_eps0.15_it10,,50,200,PGD,0.15,10.0,,7
0.67,0.5769230769230769,0.7317073170731707,0.6451612903225806,0.3728813559322034,0.2682926829268293,LR,0.1,PGD_eps0.15_it25,,50,200,PGD,0.15,25.0,,7
0.455,0.3608247422680412,0.4268292682926829,0.3910614525139664,0.5254237288135594,0.573170731707317,LR,0.1,PGD_eps0.3_it10,,50,200,PGD,0.3,10.0,,7
0.41,0.330188679245283,0.4268292682926829,0.3723404255319149,0.6016949152542372,0.573170731707317,LR,0.1,PGD_eps0.3_it25,,50,200,PGD,0.3,25.0,,7
0.235,0.2113821138211382,0.3170731707317073,0.2536585365853658,0.8220338983050848,0.6829268292682927,LR,0.1,PGD_eps0.5_it10,,50,200,PGD,0.5,10.0,,7
0.23,0.2049180327868852,0.3048780487804878,0.2450980392156862,0.8220338983050848,0.6951219512195121,LR,0.1,PGD_eps0.5_it25,,50,200,PGD,0.5,25.0,,7
0.095,0.1278195488721804,0.2073170731707317,0.1581395348837209,0.9830508474576272,0.7926829268292683,LR,0.1,PGD_eps0.75_it10,,50,200,PGD,0.75,10.0,,7
0.12,0.1384615384615384,0.2195121951219512,0.1698113207547169,0.9491525423728814,0.7804878048780488,LR,0.1,PGD_eps0.75_it25,,50,200,PGD,0.75,25.0,,7
0.78,0.6759259259259259,0.8902439024390244,0.7684210526315789,0.2966101694915254,0.1097560975609756,LR,0.1,CW_c0.0_it10,,50,200,CW,,10.0,0.0,7
0.78,0.6759259259259259,0.8902439024390244,0.7684210526315789,0.2966101694915254,0.1097560975609756,LR,0.1,CW_c0.5_it10,,50,200,CW,,10.0,0.5,7
0.945,0.9493670886075948,0.9146341463414634,0.9316770186335404,0.0338983050847457,0.0853658536585365,SVM,0.1,Clean,0.0001523375511169,50,200,,,,,7
0.605,0.5148514851485149,0.6341463414634146,0.5683060109289617,0.4152542372881356,0.3658536585365853,SVM,0.1,FGSM_eps0.15,,50,200,FGSM,0.15,1.0,,7
0.33,0.2636363636363636,0.3536585365853658,0.3020833333333333,0.6864406779661016,0.6463414634146342,SVM,0.1,FGSM_eps0.3,,50,200,FGSM,0.3,1.0,,7
0.04,0.0491803278688524,0.073170731707317,0.0588235294117647,0.9830508474576272,0.926829268292683,SVM,0.1,FGSM_eps0.5,,50,200,FGSM,0.5,1.0,,7
0.015,0.0168067226890756,0.024390243902439,0.0199004975124378,0.9915254237288136,0.975609756097561,SVM,0.1,FGSM_eps0.75,,50,200,FGSM,0.75,1.0,,7
0.58,0.49,0.5975609756097561,0.5384615384615384,0.4322033898305085,0.4024390243902439,SVM,0.1,PGD_eps0.15_it10,,50,200,PGD,0.15,10.0,,7
0.585,0.495049504950495,0.6097560975609756,0.546448087431694,0.4322033898305085,0.3902439024390244,SVM,0.1,PGD_eps0.15_it25,,50,200,PGD,0.15,25.0,,7
0.215,0.168141592920354,0.2317073170731707,0.1948717948717948,0.7966101694915254,0.7682926829268293,SVM,0.1,PGD_eps0.3_it10,,50,200,PGD,0.3,10.0,,7
0.185,0.1415929203539823,0.1951219512195122,0.1641025641025641,0.8220338983050848,0.8048780487804879,SVM,0.1,PGD_eps0.3_it25,,50,200,PGD,0.3,25.0,,7
0.055,0.0504201680672268,0.073170731707317,0.0597014925373134,0.9576271186440678,0.926829268292683,SVM,0.1,PGD_eps0.5_it10,,50,200,PGD,0.5,10.0,,7
0.075,0.0521739130434782,0.073170731707317,0.0609137055837563,0.923728813559322,0.926829268292683,SVM,0.1,PGD_eps0.5_it25,,50,200,PGD,0.5,25.0,,7
0.015,0.0168067226890756,0.024390243902439,0.0199004975124378,0.9915254237288136,0.975609756097561,SVM,0.1,PGD_eps0.75_it10,,50,200,PGD,0.75,10.0,,7
0.035,0.048780487804878,0.073170731707317,0.0585365853658536,0.9915254237288136,0.926829268292683,SVM,0.1,PGD_eps0.75_it25,,50,200,PGD,0.75,25.0,,7
0.775,0.6697247706422018,0.8902439024390244,0.7643979057591623,0.3050847457627119,0.1097560975609756,SVM,0.1,CW_c0.0_it10,,50,200,CW,,10.0,0.0,7
0.775,0.6697247706422018,0.8902439024390244,0.7643979057591623,0.3050847457627119,0.1097560975609756,SVM,0.1,CW_c0.5_it10,,50,200,CW,,10.0,0.5,7
0.615,1.0,0.0609756097560975,0.1149425287356321,0.0,0.9390243902439024,RF,0.1,Clean,0.0051992952823638,50,200,,,,,7
0.59,0.0,0.0,0.0,0.0,1.0,RF,0.1,FGSM_eps0.15,,50,200,FGSM,0.15,1.0,,7
0.59,0.0,0.0,0.0,0.0,1.0,RF,0.1,FGSM_eps0.3,,50,200,FGSM,0.3,1.0,,7
0.565,0.0,0.0,0.0,0.0423728813559322,1.0,RF,0.1,FGSM_eps0.5,,50,200,FGSM,0.5,1.0,,7
0.56,0.0,0.0,0.0,0.0508474576271186,1.0,RF,0.1,FGSM_eps0.75,,50,200,FGSM,0.75,1.0,,7
0.595,0.6666666666666666,0.024390243902439,0.0470588235294117,0.0084745762711864,0.975609756097561,RF,0.1,PGD_eps0.15_it10,,50,200,PGD,0.15,10.0,,7
0.595,0.6666666666666666,0.024390243902439,0.0470588235294117,0.0084745762711864,0.975609756097561,RF,0.1,PGD_eps0.15_it25,,50,200,PGD,0.15,25.0,,7
0.59,0.0,0.0,0.0,0.0,1.0,RF,0.1,PGD_eps0.3_it10,,50,200,PGD,0.3,10.0,,7
0.585,0.0,0.0,0.0,0.0084745762711864,1.0,RF,0.1,PGD_eps0.3_it25,,50,200,PGD,0.3,25.0,,7
0.59,0.0,0.0,0.0,0.0,1.0,RF,0.1,PGD_eps0.5_it10,,50,200,PGD,0.5,10.0,,7
0.59,0.0,0.0,0.0,0.0,1.0,RF,0.1,PGD_eps0.5_it25,,50,200,PGD,0.5,25.0,,7
0.59,0.0,0.0,0.0,0.0,1.0,RF,0.1,PGD_eps0.75_it10,,50,200,PGD,0.75,10.0,,7
0.59,0.0,0.0,0.0,0.0,1.0,RF,0.1,PGD_eps0.75_it25,,50,200,PGD,0.75,25.0,,7
0.59,0.0,0.0,0.0,0.0,1.0,RF,0.1,CW_c0.0_it10,,50,200,CW,,10.0,0.0,7
0.595,1.0,0.0121951219512195,0.0240963855421686,0.0,0.9878048780487804,RF,0.1,CW_c0.5_it10,,50,200,CW,,10.0,0.5,7
1.0,1.0,1.0,1.0,0.0,0.0,MLP,0.1,Clean,0.002453875541687,50,200,,,,,7
0.25,0.0641025641025641,0.0609756097560975,0.0625,0.6186440677966102,0.9390243902439024,MLP,0.1,FGSM_eps0.15,,50,200,FGSM,0.15,1.0,,7
0.115,0.0476190476190476,0.0609756097560975,0.053475935828877,0.847457627118644,0.9390243902439024,MLP,0.1,FGSM_eps0.3,,50,200,FGSM,0.3,1.0,,7
0.13,0.0106382978723404,0.0121951219512195,0.0113636363636363,0.788135593220339,0.9878048780487804,MLP,0.1,FGSM_eps0.5,,50,200,FGSM,0.5,1.0,,7
0.115,0.0103092783505154,0.0121951219512195,0.0111731843575419,0.8135593220338984,0.9878048780487804,MLP,0.1,FGSM_eps0.75,,50,200,FGSM,0.75,1.0,,7
0.19,0.0555555555555555,0.0609756097560975,0.0581395348837209,0.7203389830508474,0.9390243902439024,MLP,0.1,PGD_eps0.15_it10,,50,200,PGD,0.15,10.0,,7
0.23,0.0609756097560975,0.0609756097560975,0.0609756097560975,0.652542372881356,0.9390243902439024,MLP,0.1,PGD_eps0.15_it25,,50,200,PGD,0.15,25.0,,7
0.01,0.0084745762711864,0.0121951219512195,0.01,0.9915254237288136,0.9878048780487804,MLP,0.1,PGD_eps0.3_it10,,50,200,PGD,0.3,10.0,,7
0.01,0.0084745762711864,0.0121951219512195,0.01,0.9915254237288136,0.9878048780487804,MLP,0.1,PGD_eps0.3_it25,,50,200,PGD,0.3,25.0,,7
0.01,0.0084745762711864,0.0121951219512195,0.01,0.9915254237288136,0.9878048780487804,MLP,0.1,PGD_eps0.5_it10,,50,200,PGD,0.5,10.0,,7
0.01,0.0084745762711864,0.0121951219512195,0.01,0.9915254237288136,0.9878048780487804,MLP,0.1,PGD_eps0.5_it25,,50,200,PGD,0.5,25.0,,7
0.01,0.0084745762711864,0.0121951219512195,0.01,0.9915254237288136,0.9878048780487804,MLP,0.1,PGD_eps0.75_it10,,50,200,PGD,0.75,10.0,,7
0.01,0.0084745762711864,0.0121951219512195,0.01,0.9915254237288136,0.9878048780487804,MLP,0.1,PGD_eps0.75_it25,,50,200,PGD,0.75,25.0,,7
0.35,0.2272727272727272,0.2439024390243902,0.2352941176470588,0.576271186440678,0.7560975609756098,MLP,0.1,CW_c0.0_it10,,50,200,CW,,10.0,0.0,7
0.155,0.0857142857142857,0.1097560975609756,0.0962566844919786,0.8135593220338984,0.8902439024390244,MLP,0.1,CW_c0.5_it10,,50,200,CW,,10.0,0.5,7
0.93,0.9146341463414634,0.9146341463414634,0.9146341463414634,0.059322033898305,0.0853658536585365,LR,0.25,Clean,0.0001530981063842,50,200,,,,,7
0.725,0.6363636363636364,0.7682926829268293,0.6961325966850829,0.3050847457627119,0.2317073170731707,LR,0.25,FGSM_eps0.15,,50,200,FGSM,0.15,1.0,,7
0.575,0.4848484848484848,0.5853658536585366,0.5303867403314917,0.4322033898305085,0.4146341463414634,LR,0.25,FGSM_eps0.3,,50,200,FGSM,0.3,1.0,,7
0.385,0.3277310924369748,0.4756097560975609,0.3880597014925373,0.6779661016949152,0.524390243902439,LR,0.25,FGSM_eps0.5,,50,200,FGSM,0.5,1.0,,7
0.105,0.112,0.1707317073170731,0.1352657004830917,0.940677966101695,0.8292682926829268,LR,0.25,FGSM_eps0.75,,50,200,FGSM,0.75,1.0,,7
0.69,0.5892857142857143,0.8048780487804879,0.6804123711340206,0.3898305084745763,0.1951219512195122,LR,0.25,PGD_eps0.15_it10,,50,200,PGD,0.15,10.0,,7
0.66,0.5660377358490566,0.7317073170731707,0.6382978723404256,0.3898305084745763,0.2682926829268293,LR,0.25,PGD_eps0.15_it25,,50,200,PGD,0.15,25.0,,7
0.48,0.3877551020408163,0.4634146341463415,0.4222222222222222,0.5084745762711864,0.5365853658536586,LR,0.25,PGD_eps0.3_it10,,50,200,PGD,0.3,10.0,,7
0.43,0.3431372549019608,0.4268292682926829,0.3804347826086957,0.5677966101694916,0.573170731707317,LR,0.25,PGD_eps0.3_it25,,50,200,PGD,0.3,25.0,,7
0.235,0.2113821138211382,0.3170731707317073,0.2536585365853658,0.8220338983050848,0.6829268292682927,LR,0.25,PGD_eps0.5_it10,,50,200,PGD,0.5,10.0,,7
0.23,0.2049180327868852,0.3048780487804878,0.2450980392156862,0.8220338983050848,0.6951219512195121,LR,0.25,PGD_eps0.5_it25,,50,200,PGD,0.5,25.0,,7
0.1,0.1343283582089552,0.2195121951219512,0.1666666666666666,0.9830508474576272,0.7804878048780488,LR,0.25,PGD_eps0.75_it10,,50,200,PGD,0.75,10.0,,7
0.125,0.1395348837209302,0.2195121951219512,0.1706161137440758,0.940677966101695,0.7804878048780488,LR,0.25,PGD_eps0.75_it25,,50,200,PGD,0.75,25.0,,7
0.785,0.6822429906542056,0.8902439024390244,0.7724867724867724,0.288135593220339,0.1097560975609756,LR,0.25,CW_c0.0_it10,,50,200,CW,,10.0,0.0,7
0.775,0.6697247706422018,0.8902439024390244,0.7643979057591623,0.3050847457627119,0.1097560975609756,LR,0.25,CW_c0.5_it10,,50,200,CW,,10.0,0.5,7
0.935,0.9367088607594936,0.902439024390244,0.9192546583850932,0.0423728813559322,0.0975609756097561,SVM,0.25,Clean,0.0001519882678985,50,200,,,,,7
0.635,0.5436893203883495,0.6829268292682927,0.6054054054054054,0.3983050847457627,0.3170731707317073,SVM,0.25,FGSM_eps0.15,,50,200,FGSM,0.15,1.0,,7
0.31,0.2307692307692307,0.2926829268292683,0.2580645161290322,0.6779661016949152,0.7073170731707317,SVM,0.25,FGSM_eps0.3,,50,200,FGSM,0.3,1.0,,7
0.045,0.0495867768595041,0.073170731707317,0.0591133004926108,0.9745762711864406,0.926829268292683,SVM,0.25,FGSM_eps0.5,,50,200,FGSM,0.5,1.0,,7
0.015,0.0085470085470085,0.0121951219512195,0.0100502512562814,0.9830508474576272,0.9878048780487804,SVM,0.25,FGSM_eps0.75,,50,200,FGSM,0.75,1.0,,7
0.595,0.5048543689320388,0.6341463414634146,0.5621621621621622,0.4322033898305085,0.3658536585365853,SVM,0.25,PGD_eps0.15_it10,,50,200,PGD,0.15,10.0,,7
0.595,0.504950495049505,0.6219512195121951,0.5573770491803278,0.423728813559322,0.3780487804878049,SVM,0.25,PGD_eps0.15_it25,,50,200,PGD,0.15,25.0,,7
0.225,0.1588785046728972,0.2073170731707317,0.1798941798941798,0.7627118644067796,0.7926829268292683,SVM,0.25,PGD_eps0.3_it10,,50,200,PGD,0.3,10.0,,7
0.215,0.1559633027522936,0.2073170731707317,0.1780104712041884,0.7796610169491526,0.7926829268292683,SVM,0.25,PGD_eps0.3_it25,,50,200,PGD,0.3,25.0,,7
0.06,0.0508474576271186,0.073170731707317,0.06,0.9491525423728814,0.926829268292683,SVM,0.25,PGD_eps0.5_it10,,50,200,PGD,0.5,10.0,,7
0.08,0.0526315789473684,0.073170731707317,0.0612244897959183,0.9152542372881356,0.926829268292683,SVM,0.25,PGD_eps0.5_it25,,50,200,PGD,0.5,25.0,,7
0.015,0.0168067226890756,0.024390243902439,0.0199004975124378,0.9915254237288136,0.975609756097561,SVM,0.25,PGD_eps0.75_it10,,50,200,PGD,0.75,10.0,,7
0.035,0.048780487804878,0.073170731707317,0.0585365853658536,0.9915254237288136,0.926829268292683,SVM,0.25,PGD_eps0.75_it25,,50,200,PGD,0.75,25.0,,7
0.755,0.6542056074766355,0.8536585365853658,0.7407407407407407,0.3135593220338983,0.1463414634146341,SVM,0.25,CW_c0.0_it10,,50,200,CW,,10.0,0.0,7
0.745,0.6396396396396397,0.8658536585365854,0.7357512953367875,0.3389830508474576,0.1341463414634146,SVM,0.25,CW_c0.5_it10,,50,200,CW,,10.0,0.5,7
0.59,0.0,0.0,0.0,0.0,1.0,RF,0.25,Clean,0.0052176439762115,50,200,,,,,7
0.59,0.0,0.0,0.0,0.0,1.0,RF,0.25,FGSM_eps0.15,,50,200,FGSM,0.15,1.0,,7
0.59,0.0,0.0,0.0,0.0,1.0,RF,0.25,FGSM_eps0.3,,50,200,FGSM,0.3,1.0,,7
0.59,0.0,0.0,0.0,0.0,1.0,RF,0.25,FGSM_eps0.5,,50,200,FGSM,0.5,1.0,,7
0.585,0.0,0.0,0.0,0.0084745762711864,1.0,RF,0.25,FGSM_eps0.75,,50,200,FGSM,0.75,1.0,,7
0.59,0.0,0.0,0.0,0.0,1.0,RF,0.25,PGD_eps0.15_it10,,50,200,PGD,0.15,10.0,,7
0.59,0.0,0.0,0.0,0.0,1.0,RF,0.25,PGD_eps0.15_it25,,50,200,PGD,0.15,25.0,,7
0.59,0.0,0.0,0.0,0.0,1.0,RF,0.25,PGD_eps0.3_it10,,50,200,PGD,0.3,10.0,,7
0.59,0.0,0.0,0.0,0.0,1.0,RF,0.25,PGD_eps0.3_it25,,50,200,PGD,0.3,25.0,,7
0.59,0.0,0.0,0.0,0.0,1.0,RF,0.25,PGD_eps0.5_it10,,50,200,PGD,0.5,10.0,,7
0.59,0.0,0.0,0.0,0.0,1.0,RF,0.25,PGD_eps0.5_it25,,50,200,PGD,0.5,25.0,,7
0.59,0.0,0.0,0.0,0.0,1.0,RF,0.25,PGD_eps0.75_it10,,50,200,PGD,0.75,10.0,,7
0.59,0.0,0.0,0.0,0.0,1.0,RF,0.25,PGD_eps0.75_it25,,50,200,PGD,0.75,25.0,,7
0.59,0.0,0.0,0.0,0.0,1.0,RF,0.25,CW_c0.0_it10,,50,200,CW,,10.0,0.0,7
0.59,0.0,0.0,0.0,0.0,1.0,RF,0.25,CW_c0.5_it10,,50,200,CW,,10.0,0.5,7
0.96,1.0,0.902439024390244,0.9487179487179488,0.0,0.0975609756097561,MLP,0.25,Clean,0.0021870183944702,50,200,,,,,7
0.39,0.1,0.0609756097560975,0.0757575757575757,0.3813559322033898,0.9390243902439024,MLP,0.25,FGSM_eps0.15,,50,200,FGSM,0.15,1.0,,7
0.14,0.05,0.0609756097560975,0.0549450549450549,0.8050847457627118,0.9390243902439024,MLP,0.25,FGSM_eps0.3,,50,200,FGSM,0.3,1.0,,7
0.125,0.0105263157894736,0.0121951219512195,0.0112994350282485,0.7966101694915254,0.9878048780487804,MLP,0.25,FGSM_eps0.5,,50,200,FGSM,0.5,1.0,,7
0.115,0.0103092783505154,0.0121951219512195,0.0111731843575419,0.8135593220338984,0.9878048780487804,MLP,0.25,FGSM_eps0.75,,50,200,FGSM,0.75,1.0,,7
0.35,0.0862068965517241,0.0609756097560975,0.0714285714285714,0.4491525423728814,0.9390243902439024,MLP,0.25,PGD_eps0.15_it10,,50,200,PGD,0.15,10.0,,7
0.33,0.0806451612903225,0.0609756097560975,0.0694444444444444,0.4830508474576271,0.9390243902439024,MLP,0.25,PGD_eps0.15_it25,,50,200,PGD,0.15,25.0,,7
0.01,0.0084745762711864,0.0121951219512195,0.01,0.9915254237288136,0.9878048780487804,MLP,0.25,PGD_eps0.3_it10,,50,200,PGD,0.3,10.0,,7
0.01,0.0084745762711864,0.0121951219512195,0.01,0.9915254237288136,0.9878048780487804,MLP,0.25,PGD_eps0.3_it25,,50,200,PGD,0.3,25.0,,7
0.01,0.0084745762711864,0.0121951219512195,0.01,0.9915254237288136,0.9878048780487804,MLP,0.25,PGD_eps0.5_it10,,50,200,PGD,0.5,10.0,,7
0.01,0.0084745762711864,0.0121951219512195,0.01,0.9915254237288136,0.9878048780487804,MLP,0.25,PGD_eps0.5_it25,,50,200,PGD,0.5,25.0,,7
0.01,0.0084745762711864,0.0121951219512195,0.01,0.9915254237288136,0.9878048780487804,MLP,0.25,PGD_eps0.75_it10,,50,200,PGD,0.75,10.0,,7
0.01,0.0084745762711864,0.0121951219512195,0.01,0.9915254237288136,0.9878048780487804,MLP,0.25,PGD_eps0.75_it25,,50,200,PGD,0.75,25.0,,7
0.51,0.3709677419354839,0.2804878048780488,0.3194444444444444,0.3305084745762712,0.7195121951219512,MLP,0.25,CW_c0.0_it10,,50,200,CW,,10.0,0.0,7
0.38,0.2236842105263158,0.2073170731707317,0.2151898734177215,0.5,0.7926829268292683,MLP,0.25,CW_c0.5_it10,,50,200,CW,,10.0,0.5,7
0.935,0.9367088607594936,0.902439024390244,0.9192546583850932,0.0423728813559322,0.0975609756097561,LR,0.5,Clean,0.0001535391807556,50,200,,,,,7
0.73,0.6428571428571429,0.7682926829268293,0.7,0.2966101694915254,0.2317073170731707,LR,0.5,FGSM_eps0.15,,50,200,FGSM,0.15,1.0,,7
0.585,0.495049504950495,0.6097560975609756,0.546448087431694,0.4322033898305085,0.3902439024390244,LR,0.5,FGSM_eps0.3,,50,200,FGSM,0.3,1.0,,7
0.415,0.3451327433628318,0.4756097560975609,0.4,0.6271186440677966,0.524390243902439,LR,0.5,FGSM_eps0.5,,50,200,FGSM,0.5,1.0,,7
0.115,0.1259842519685039,0.1951219512195122,0.1531100478468899,0.940677966101695,0.8048780487804879,LR,0.5,FGSM_eps0.75,,50,200,FGSM,0.75,1.0,,7
0.715,0.6146788990825688,0.8170731707317073,0.7015706806282722,0.3559322033898305,0.1829268292682926,LR,0.5,PGD_eps0.15_it10,,50,200,PGD,0.15,10.0,,7
0.67,0.5769230769230769,0.7317073170731707,0.6451612903225806,0.3728813559322034,0.2682926829268293,LR,0.5,PGD_eps0.15_it25,,50,200,PGD,0.15,25.0,,7
0.455,0.3636363636363636,0.4390243902439024,0.3977900552486187,0.5338983050847458,0.5609756097560976,LR,0.5,PGD_eps0.3_it10,,50,200,PGD,0.3,10.0,,7
0.405,0.3271028037383177,0.4268292682926829,0.3703703703703703,0.6101694915254238,0.573170731707317,LR,0.5,PGD_eps0.3_it25,,50,200,PGD,0.3,25.0,,7
0.235,0.2113821138211382,0.3170731707317073,0.2536585365853658,0.8220338983050848,0.6829268292682927,LR,0.5,PGD_eps0.5_it10,,50,200,PGD,0.5,10.0,,7
0.225,0.1983471074380165,0.2926829268292683,0.2364532019704433,0.8220338983050848,0.7073170731707317,LR,0.5,PGD_eps0.5_it25,,50,200,PGD,0.5,25.0,,7
0.105,0.1407407407407407,0.2317073170731707,0.1751152073732718,0.9830508474576272,0.7682926829268293,LR,0.5,PGD_eps0.75_it10,,50,200,PGD,0.75,10.0,,7
0.11,0.125,0.1951219512195122,0.1523809523809524,0.9491525423728814,0.8048780487804879,LR,0.5,PGD_eps0.75_it25,,50,200,PGD,0.75,25.0,,7
0.795,0.6915887850467289,0.902439024390244,0.783068783068783,0.2796610169491525,0.0975609756097561,LR,0.5,CW_c0.0_it10,,50,200,CW,,10.0,0.0,7
0.79,0.6923076923076923,0.8780487804878049,0.7741935483870968,0.2711864406779661,0.1219512195121951,LR,0.5,CW_c0.5_it10,,50,200,CW,,10.0,0.5,7
0.915,0.8823529411764706,0.9146341463414634,0.8982035928143712,0.0847457627118644,0.0853658536585365,SVM,0.5,Clean,0.0001535618305206,50,200,,,,,7
0.615,0.5263157894736842,0.6097560975609756,0.5649717514124294,0.3813559322033898,0.3902439024390244,SVM,0.5,FGSM_eps0.15,,50,200,FGSM,0.15,1.0,,7
0.35,0.2777777777777778,0.3658536585365853,0.3157894736842105,0.6610169491525424,0.6341463414634146,SVM,0.5,FGSM_eps0.3,,50,200,FGSM,0.3,1.0,,7
0.04,0.0491803278688524,0.073170731707317,0.0588235294117647,0.9830508474576272,0.926829268292683,SVM,0.5,FGSM_eps0.5,,50,200,FGSM,0.5,1.0,,7
0.01,0.0084745762711864,0.0121951219512195,0.01,0.9915254237288136,0.9878048780487804,SVM,0.5,FGSM_eps0.75,,50,200,FGSM,0.75,1.0,,7
0.57,0.4795918367346938,0.573170731707317,0.5222222222222223,0.4322033898305085,0.4268292682926829,SVM,0.5,PGD_eps0.15_it10,,50,200,PGD,0.15,10.0,,7
0.565,0.4761904761904761,0.6097560975609756,0.5347593582887701,0.4661016949152542,0.3902439024390244,SVM,0.5,PGD_eps0.15_it25,,50,200,PGD,0.15,25.0,,7
0.225,0.1826086956521739,0.2560975609756097,0.2131979695431472,0.7966101694915254,0.7439024390243902,SVM,0.5,PGD_eps0.3_it10,,50,200,PGD,0.3,10.0,,7
0.22,0.1696428571428571,0.2317073170731707,0.1958762886597938,0.788135593220339,0.7682926829268293,SVM,0.5,PGD_eps0.3_it25,,50,200,PGD,0.3,25.0,,7
0.095,0.054054054054054,0.073170731707317,0.0621761658031088,0.8898305084745762,0.926829268292683,SVM,0.5,PGD_eps0.5_it10,,50,200,PGD,0.5,10.0,,7
0.085,0.0530973451327433,0.073170731707317,0.0615384615384615,0.9067796610169492,0.926829268292683,SVM,0.5,PGD_eps0.5_it25,,50,200,PGD,0.5,25.0,,7
0.02,0.025,0.0365853658536585,0.0297029702970297,0.9915254237288136,0.9634146341463414,SVM,0.5,PGD_eps0.75_it10,,50,200,PGD,0.75,10.0,,7
0.035,0.048780487804878,0.073170731707317,0.0585365853658536,0.9915254237288136,0.926829268292683,SVM,0.5,PGD_eps0.75_it25,,50,200,PGD,0.75,25.0,,7
0.74,0.6415094339622641,0.8292682926829268,0.723404255319149,0.3220338983050847,0.1707317073170731,SVM,0.5,CW_c0.0_it10,,50,200,CW,,10.0,0.0,7
0.69,0.5862068965517241,0.8292682926829268,0.6868686868686869,0.4067796610169492,0.1707317073170731,SVM,0.5,CW_c0.5_it10,,50,200,CW,,10.0,0.5,7
0.59,0.0,0.0,0.0,0.0,1.0,RF,0.5,Clean,0.0052661085128784,50,200,,,,,7
0.59,0.0,0.0,0.0,0.0,1.0,RF,0.5,FGSM_eps0.15,,50,200,FGSM,0.15,1.0,,7
0.59,0.0,0.0,0.0,0.0,1.0,RF,0.5,FGSM_eps0.3,,50,200,FGSM,0.3,1.0,,7
0.59,0.0,0.0,0.0,0.0,1.0,RF,0.5,FGSM_eps0.5,,50,200,FGSM,0.5,1.0,,7
0.59,0.0,0.0,0.0,0.0,1.0,RF,0.5,FGSM_eps0.75,,50,200,FGSM,0.75,1.0,,7
0.59,0.0,0.0,0.0,0.0,1.0,RF,0.5,PGD_eps0.15_it10,,50,200,PGD,0.15,10.0,,7
0.59,0.0,0.0,0.0,0.0,1.0,RF,0.5,PGD_eps0.15_it25,,50,200,PGD,0.15,25.0,,7
0.59,0.0,0.0,0.0,0.0,1.0,RF,0.5,PGD_eps0.3_it10,,50,200,PGD,0.3,10.0,,7
0.59,0.0,0.0,0.0,0.0,1.0,RF,0.5,PGD_eps0.3_it25,,50,200,PGD,0.3,25.0,,7
0.59,0.0,0.0,0.0,0.0,1.0,RF,0.5,PGD_eps0.5_it10,,50,200,PGD,0.5,10.0,,7
0.59,0.0,0.0,0.0,0.0,1.0,RF,0.5,PGD_eps0.5_it25,,50,200,PGD,0.5,25.0,,7
0.59,0.0,0.0,0.0,0.0,1.0,RF,0.5,PGD_eps0.75_it10,,50,200,PGD,0.75,10.0,,7
0.59,0.0,0.0,0.0,0.0,1.0,RF,0.5,PGD_eps0.75_it25,,50,200,PGD,0.75,25.0,,7
0.59,0.0,0.0,0.0,0.0,1.0,RF,0.5,CW_c0.0_it10,,50,200,CW,,10.0,0.0,7
0.59,0.0,0.0,0.0,0.0,1.0,RF,0.5,CW_c0.5_it10,,50,200,CW,,10.0,0.5,7
0.855,0.9818181818181818,0.6585365853658537,0.7883211678832117,0.0084745762711864,0.3414634146341463,MLP,0.5,Clean,0.0025311934947967,50,200,,,,,7
0.385,0.1403508771929824,0.0975609756097561,0.1151079136690647,0.4152542372881356,0.902439024390244,MLP,0.5,FGSM_eps0.15,,50,200,FGSM,0.15,1.0,,7
0.18,0.0543478260869565,0.0609756097560975,0.057471264367816,0.7372881355932204,0.9390243902439024,MLP,0.5,FGSM_eps0.3,,50,200,FGSM,0.3,1.0,,7
0.09,0.0098039215686274,0.0121951219512195,0.0108695652173913,0.8559322033898306,0.9878048780487804,MLP,0.5,FGSM_eps0.5,,50,200,FGSM,0.5,1.0,,7
0.04,0.0089285714285714,0.0121951219512195,0.0103092783505154,0.940677966101695,0.9878048780487804,MLP,0.5,FGSM_eps0.75,,50,200,FGSM,0.75,1.0,,7
0.37,0.1333333333333333,0.0975609756097561,0.1126760563380281,0.4406779661016949,0.902439024390244,MLP,0.5,PGD_eps0.15_it10,,50,200,PGD,0.15,10.0,,7
0.345,0.1343283582089552,0.1097560975609756,0.1208053691275167,0.4915254237288136,0.8902439024390244,MLP,0.5,PGD_eps0.15_it25,,50,200,PGD,0.15,25.0,,7
0.085,0.019047619047619,0.024390243902439,0.0213903743315508,0.8728813559322034,0.975609756097561,MLP,0.5,PGD_eps0.3_it10,,50,200,PGD,0.3,10.0,,7
0.055,0.0091743119266055,0.0121951219512195,0.0104712041884816,0.9152542372881356,0.9878048780487804,MLP,0.5,PGD_eps0.3_it25,,50,200,PGD,0.3,25.0,,7
0.01,0.0084745762711864,0.0121951219512195,0.01,0.9915254237288136,0.9878048780487804,MLP,0.5,PGD_eps0.5_it10,,50,200,PGD,0.5,10.0,,7
0.01,0.0084745762711864,0.0121951219512195,0.01,0.9915254237288136,0.9878048780487804,MLP,0.5,PGD_eps0.5_it25,,50,200,PGD,0.5,25.0,,7
0.01,0.0084745762711864,0.0121951219512195,0.01,0.9915254237288136,0.9878048780487804,MLP,0.5,PGD_eps0.75_it10,,50,200,PGD,0.75,10.0,,7
0.01,0.0084745762711864,0.0121951219512195,0.01,0.9915254237288136,0.9878048780487804,MLP,0.5,PGD_eps0.75_it25,,50,200,PGD,0.75,25.0,,7
0.51,0.3666666666666666,0.2682926829268293,0.3098591549295774,0.3220338983050847,0.7317073170731707,MLP,0.5,CW_c0.0_it10,,50,200,CW,,10.0,0.0,7
0.44,0.2857142857142857,0.2439024390243902,0.2631578947368421,0.423728813559322,0.7560975609756098,MLP,0.5,CW_c0.5_it10,,50,200,CW,,10.0,0.5,7
0.985,0.9878048780487804,0.9759036144578314,0.9818181818181818,0.0085470085470085,0.0240963855421686,LR,0.1,Clean,0.0001710617542266,50,200,,,,,123
0.085,0.037037037037037,0.0481927710843373,0.0418848167539267,0.8888888888888888,0.9518072289156626,LR,0.1,FGSM_eps0.15,,50,200,FGSM,0.15,1.0,,123
0.07,0.0186915887850467,0.0240963855421686,0.0210526315789473,0.8974358974358975,0.9759036144578314,LR,0.1,FGSM_eps0.3,,50,200,FGSM,0.3,1.0,,123
0.065,0.0094339622641509,0.0120481927710843,0.0105820105820105,0.8974358974358975,0.9879518072289156,LR,0.1,FGSM_eps0.5,,50,200,FGSM,0.5,1.0,,123
0.06,0.0093457943925233,0.0120481927710843,0.0105263157894736,0.905982905982906,0.9879518072289156,LR,0.1,FGSM_eps0.75,,50,200,FGSM,0.75,1.0,,123
0.08,0.036697247706422,0.0481927710843373,0.0416666666666666,0.8974358974358975,0.9518072289156626,LR,0.1,PGD_eps0.15_it10,,50,200,PGD,0.15,10.0,,123
0.14,0.0412371134020618,0.0481927710843373,0.0444444444444444,0.7948717948717948,0.9518072289156626,LR,0.1,PGD_eps0.15_it25,,50,200,PGD,0.15,25.0,,123
0.055,0.0181818181818181,0.0240963855421686,0.0207253886010362,0.9230769230769232,0.9759036144578314,LR,0.1,PGD_eps0.3_it10,,50,200,PGD,0.3,10.0,,123
0.055,0.0181818181818181,0.0240963855421686,0.0207253886010362,0.9230769230769232,0.9759036144578314,LR,0.1,PGD_eps0.3_it25,,50,200,PGD,0.3,25.0,,123
0.035,0.0089285714285714,0.0120481927710843,0.0102564102564102,0.9487179487179488,0.9879518072289156,LR,0.1,PGD_eps0.5_it10,,50,200,PGD,0.5,10.0,,123
0.035,0.0089285714285714,0.0120481927710843,0.0102564102564102,0.9487179487179488,0.9879518072289156,LR,0.1,PGD_eps0.5_it25,,50,200,PGD,0.5,25.0,,123
0.035,0.0089285714285714,0.0120481927710843,0.0102564102564102,0.9487179487179488,0.9879518072289156,LR,0.1,PGD_eps0.75_it10,,50,200,PGD,0.75,10.0,,123
0.035,0.0089285714285714,0.0120481927710843,0.0102564102564102,0.9487179487179488,0.9879518072289156,LR,0.1,PGD_eps0.75_it25,,50,200,PGD,0.75,25.0,,123
0.205,0.2285714285714285,0.3855421686746988,0.2869955156950672,0.9230769230769232,0.6144578313253012,LR,0.1,CW_c0.0_it10,,50,200,CW,,10.0,0.0,123
0.21,0.2377622377622377,0.4096385542168674,0.3008849557522124,0.9316239316239316,0.5903614457831325,LR,0.1,CW_c0.5_it10,,50,200,CW,,10.0,0.5,123
0.94,1.0,0.8554216867469879,0.922077922077922,0.0,0.144578313253012,SVM,0.1,Clean,0.0001688921451568,50,200,,,,,123
0.39,0.2705882352941176,0.2771084337349397,0.2738095238095238,0.5299145299145299,0.7228915662650602,SVM,0.1,FGSM_eps0.15,,50,200,FGSM,0.15,1.0,,123
0.045,0.0178571428571428,0.0240963855421686,0.0205128205128205,0.9401709401709402,0.9759036144578314,SVM,0.1,FGSM_eps0.3,,50,200,FGSM,0.3,1.0,,123
0.025,0.0172413793103448,0.0240963855421686,0.0201005025125628,0.9743589743589745,0.9759036144578314,SVM,0.1,FGSM_eps0.5,,50,200,FGSM,0.5,1.0,,123
0.015,0.0169491525423728,0.0240963855421686,0.0199004975124378,0.9914529914529916,0.9759036144578314,SVM,0.1,FGSM_eps0.75,,50,200,FGSM,0.75,1.0,,123
0.28,0.1325301204819277,0.1325301204819277,0.1325301204819277,0.6153846153846154,0.8674698795180723,SVM,0.1,PGD_eps0.15_it10,,50,200,PGD,0.15,10.0,,123
0.38,0.1639344262295081,0.1204819277108433,0.1388888888888889,0.4358974358974359,0.8795180722891566,SVM,0.1,PGD_eps0.15_it25,,50,200,PGD,0.15,25.0,,123
0.125,0.04,0.0481927710843373,0.0437158469945355,0.8205128205128205,0.9518072289156626,SVM,0.1,PGD_eps0.3_it10,,50,200,PGD,0.3,10.0,,123
0.13,0.0495049504950495,0.0602409638554216,0.0543478260869565,0.8205128205128205,0.9397590361445785,SVM,0.1,PGD_eps0.3_it25,,50,200,PGD,0.3,25.0,,123
0.1,0.0198019801980198,0.0240963855421686,0.0217391304347826,0.8461538461538461,0.9759036144578314,SVM,0.1,PGD_eps0.5_it10,,50,200,PGD,0.5,10.0,,123
0.1,0.0198019801980198,0.0240963855421686,0.0217391304347826,0.8461538461538461,0.9759036144578314,SVM,0.1,PGD_eps0.5_it25,,50,200,PGD,0.5,25.0,,123
0.095,0.01,0.0120481927710843,0.0109289617486338,0.8461538461538461,0.9879518072289156,SVM,0.1,PGD_eps0.75_it10,,50,200,PGD,0.75,10.0,,123
0.095,0.01,0.0120481927710843,0.0109289617486338,0.8461538461538461,0.9879518072289156,SVM,0.1,PGD_eps0.75_it25,,50,200,PGD,0.75,25.0,,123
0.78,0.693069306930693,0.8433734939759037,0.7608695652173914,0.2649572649572649,0.1566265060240964,SVM,0.1,CW_c0.0_it10,,50,200,CW,,10.0,0.0,123
0.73,0.6306306306306306,0.8433734939759037,0.7216494845360825,0.3504273504273504,0.1566265060240964,SVM,0.1,CW_c0.5_it10,,50,200,CW,,10.0,0.5,123
0.585,0.0,0.0,0.0,0.0,1.0,RF,0.1,Clean,0.0052436006069183,50,200,,,,,123
0.58,0.0,0.0,0.0,0.0085470085470085,1.0,RF,0.1,FGSM_eps0.15,,50,200,FGSM,0.15,1.0,,123
0.405,0.05,0.0240963855421686,0.032520325203252,0.3247863247863248,0.9759036144578314,RF,0.1,FGSM_eps0.3,,50,200,FGSM,0.3,1.0,,123
0.57,0.0,0.0,0.0,0.0256410256410256,1.0,RF,0.1,FGSM_eps0.5,,50,200,FGSM,0.5,1.0,,123
0.585,0.0,0.0,0.0,0.0,1.0,RF,0.1,FGSM_eps0.75,,50,200,FGSM,0.75,1.0,,123
0.58,0.0,0.0,0.0,0.0085470085470085,1.0,RF,0.1,PGD_eps0.15_it10,,50,200,PGD,0.15,10.0,,123
0.585,0.0,0.0,0.0,0.0,1.0,RF,0.1,PGD_eps0.15_it25,,50,200,PGD,0.15,25.0,,123
0.585,0.5,0.0120481927710843,0.0235294117647058,0.0085470085470085,0.9879518072289156,RF,0.1,PGD_eps0.3_it10,,50,200,PGD,0.3,10.0,,123
0.58,0.3333333333333333,0.0120481927710843,0.0232558139534883,0.017094017094017,0.9879518072289156,RF,0.1,PGD_eps0.3_it25,,50,200,PGD,0.3,25.0,,123
0.58,0.3333333333333333,0.0120481927710843,0.0232558139534883,0.017094017094017,0.9879518072289156,RF,0.1,PGD_eps0.5_it10,,50,200,PGD,0.5,10.0,,123
0.595,0.75,0.036144578313253,0.0689655172413793,0.0085470085470085,0.963855421686747,RF,0.1,PGD_eps0.5_it25,,50,200,PGD,0.5,25.0,,123
0.58,0.0,0.0,0.0,0.0085470085470085,1.0,RF,0.1,PGD_eps0.75_it10,,50,200,PGD,0.75,10.0,,123
0.535,0.1875,0.036144578313253,0.0606060606060606,0.1111111111111111,0.963855421686747,RF,0.1,PGD_eps0.75_it25,,50,200,PGD,0.75,25.0,,123
0.59,1.0,0.0120481927710843,0.0238095238095238,0.0,0.9879518072289156,RF,0.1,CW_c0.0_it10,,50,200,CW,,10.0,0.0,123
0.595,1.0,0.0240963855421686,0.0470588235294117,0.0,0.9759036144578314,RF,0.1,CW_c0.5_it10,,50,200,CW,,10.0,0.5,123
0.98,0.9876543209876544,0.963855421686747,0.975609756097561,0.0085470085470085,0.036144578313253,MLP,0.1,Clean,0.0020652258396148,50,200,,,,,123
0.305,0.0172413793103448,0.0120481927710843,0.0141843971631205,0.4871794871794871,0.9879518072289156,MLP,0.1,FGSM_eps0.15,,50,200,FGSM,0.15,1.0,,123
0.08,0.0097087378640776,0.0120481927710843,0.010752688172043,0.8717948717948718,0.9879518072289156,MLP,0.1,FGSM_eps0.3,,50,200,FGSM,0.3,1.0,,123
0.06,0.0093457943925233,0.0120481927710843,0.0105263157894736,0.905982905982906,0.9879518072289156,MLP,0.1,FGSM_eps0.5,,50,200,FGSM,0.5,1.0,,123
0.045,0.009090909090909,0.0120481927710843,0.0103626943005181,0.9316239316239316,0.9879518072289156,MLP,0.1,FGSM_eps0.75,,50,200,FGSM,0.75,1.0,,123
0.39,0.024390243902439,0.0120481927710843,0.0161290322580645,0.3418803418803419,0.9879518072289156,MLP,0.1,PGD_eps0.15_it10,,50,200,PGD,0.15,10.0,,123
0.4,0.0256410256410256,0.0120481927710843,0.0163934426229508,0.3247863247863248,0.9879518072289156,MLP,0.1,PGD_eps0.15_it25,,50,200,PGD,0.15,25.0,,123
0.055,0.0092592592592592,0.0120481927710843,0.0104712041884816,0.9145299145299144,0.9879518072289156,MLP,0.1,PGD_eps0.3_it10,,50,200,PGD,0.3,10.0,,123
0.05,0.0091743119266055,0.0120481927710843,0.0104166666666666,0.9230769230769232,0.9879518072289156,MLP,0.1,PGD_eps0.3_it25,,50,200,PGD,0.3,25.0,,123
0.005,0.0084745762711864,0.0120481927710843,0.0099502487562189,1.0,0.9879518072289156,MLP,0.1,PGD_eps0.5_it10,,50,200,PGD,0.5,10.0,,123
0.005,0.0084745762711864,0.0120481927710843,0.0099502487562189,1.0,0.9879518072289156,MLP,0.1,PGD_eps0.5_it25,,50,200,PGD,0.5,25.0,,123
0.005,0.0084745762711864,0.0120481927710843,0.0099502487562189,1.0,0.9879518072289156,MLP,0.1,PGD_eps0.75_it10,,50,200,PGD,0.75,10.0,,123
0.005,0.0084745762711864,0.0120481927710843,0.0099502487562189,1.0,0.9879518072289156,MLP,0.1,PGD_eps0.75_it25,,50,200,PGD,0.75,25.0,,123
0.47,0.2325581395348837,0.1204819277108433,0.1587301587301587,0.282051282051282,0.8795180722891566,MLP,0.1,CW_c0.0_it10,,50,200,CW,,10.0,0.0,123
0.345,0.1470588235294117,0.1204819277108433,0.1324503311258278,0.4957264957264957,0.8795180722891566,MLP,0.1,CW_c0.5_it10,,50,200,CW,,10.0,0.5,123
0.97,0.9753086419753086,0.9518072289156626,0.9634146341463414,0.017094017094017,0.0481927710843373,LR,0.25,Clean,0.000170395374298,50,200,,,,,123
0.08,0.02803738317757,0.036144578313253,0.031578947368421,0.8888888888888888,0.963855421686747,LR,0.25,FGSM_eps0.15,,50,200,FGSM,0.15,1.0,,123
0.07,0.0186915887850467,0.0240963855421686,0.0210526315789473,0.8974358974358975,0.9759036144578314,LR,0.25,FGSM_eps0.3,,50,200,FGSM,0.3,1.0,,123
0.065,0.0094339622641509,0.0120481927710843,0.0105820105820105,0.8974358974358975,0.9879518072289156,LR,0.25,FGSM_eps0.5,,50,200,FGSM,0.5,1.0,,123
0.06,0.0093457943925233,0.0120481927710843,0.0105263157894736,0.905982905982906,0.9879518072289156,LR,0.25,FGSM_eps0.75,,50,200,FGSM,0.75,1.0,,123
0.085,0.037037037037037,0.0481927710843373,0.0418848167539267,0.8888888888888888,0.9518072289156626,LR,0.25,PGD_eps0.15_it10,,50,200,PGD,0.15,10.0,,123
0.18,0.0449438202247191,0.0481927710843373,0.0465116279069767,0.7264957264957265,0.9518072289156626,LR,0.25,PGD_eps0.15_it25,,50,200,PGD,0.15,25.0,,123
0.05,0.018018018018018,0.0240963855421686,0.0206185567010309,0.9316239316239316,0.9759036144578314,LR,0.25,PGD_eps0.3_it10,,50,200,PGD,0.3,10.0,,123
0.06,0.018348623853211,0.0240963855421686,0.0208333333333333,0.9145299145299144,0.9759036144578314,LR,0.25,PGD_eps0.3_it25,,50,200,PGD,0.3,25.0,,123
0.035,0.0089285714285714,0.0120481927710843,0.0102564102564102,0.9487179487179488,0.9879518072289156,LR,0.25,PGD_eps0.5_it10,,50,200,PGD,0.5,10.0,,123
0.035,0.0089285714285714,0.0120481927710843,0.0102564102564102,0.9487179487179488,0.9879518072289156,LR,0.25,PGD_eps0.5_it25,,50,200,PGD,0.5,25.0,,123
0.04,0.009009009009009,0.0120481927710843,0.0103092783505154,0.9401709401709402,0.9879518072289156,LR,0.25,PGD_eps0.75_it10,,50,200,PGD,0.75,10.0,,123
0.04,0.009009009009009,0.0120481927710843,0.0103092783505154,0.9401709401709402,0.9879518072289156,LR,0.25,PGD_eps0.75_it25,,50,200,PGD,0.75,25.0,,123
0.24,0.2444444444444444,0.3975903614457831,0.3027522935779816,0.8717948717948718,0.6024096385542169,LR,0.25,CW_c0.0_it10,,50,200,CW,,10.0,0.0,123
0.205,0.2164179104477611,0.3493975903614458,0.2672811059907834,0.8974358974358975,0.6506024096385542,LR,0.25,CW_c0.5_it10,,50,200,CW,,10.0,0.5,123
0.975,1.0,0.9397590361445785,0.968944099378882,0.0,0.0602409638554216,SVM,0.25,Clean,0.0001693284511566,50,200,,,,,123
0.365,0.2441860465116279,0.253012048192771,0.2485207100591716,0.5555555555555556,0.7469879518072289,SVM,0.25,FGSM_eps0.15,,50,200,FGSM,0.15,1.0,,123
0.05,0.0265486725663716,0.036144578313253,0.0306122448979591,0.9401709401709402,0.963855421686747,SVM,0.25,FGSM_eps0.3,,50,200,FGSM,0.3,1.0,,123
0.025,0.0172413793103448,0.0240963855421686,0.0201005025125628,0.9743589743589745,0.9759036144578314,SVM,0.25,FGSM_eps0.5,,50,200,FGSM,0.5,1.0,,123
0.015,0.0169491525423728,0.0240963855421686,0.0199004975124378,0.9914529914529916,0.9759036144578314,SVM,0.25,FGSM_eps0.75,,50,200,FGSM,0.75,1.0,,123
0.275,0.1025641025641025,0.0963855421686747,0.0993788819875776,0.5982905982905983,0.9036144578313252,SVM,0.25,PGD_eps0.15_it10,,50,200,PGD,0.15,10.0,,123
0.38,0.1746031746031746,0.1325301204819277,0.1506849315068493,0.4444444444444444,0.8674698795180723,SVM,0.25,PGD_eps0.15_it25,,50,200,PGD,0.15,25.0,,123
0.125,0.04,0.0481927710843373,0.0437158469945355,0.8205128205128205,0.9518072289156626,SVM,0.25,PGD_eps0.3_it10,,50,200,PGD,0.3,10.0,,123
0.135,0.05,0.0602409638554216,0.0546448087431694,0.811965811965812,0.9397590361445785,SVM,0.25,PGD_eps0.3_it25,,50,200,PGD,0.3,25.0,,123
0.1,0.0198019801980198,0.0240963855421686,0.0217391304347826,0.8461538461538461,0.9759036144578314,SVM,0.25,PGD_eps0.5_it10,,50,200,PGD,0.5,10.0,,123
0.1,0.0198019801980198,0.0240963855421686,0.0217391304347826,0.8461538461538461,0.9759036144578314,SVM,0.25,PGD_eps0.5_it25,,50,200,PGD,0.5,25.0,,123
0.095,0.01,0.0120481927710843,0.0109289617486338,0.8461538461538461,0.9879518072289156,SVM,0.25,PGD_eps0.75_it10,,50,200,PGD,0.75,10.0,,123
0.095,0.01,0.0120481927710843,0.0109289617486338,0.8461538461538461,0.9879518072289156,SVM,0.25,PGD_eps0.75_it25,,50,200,PGD,0.75,25.0,,123
0.75,0.6542056074766355,0.8433734939759037,0.7368421052631579,0.3162393162393162,0.1566265060240964,SVM,0.25,CW_c0.0_it10,,50,200,CW,,10.0,0.0,123
0.685,0.5862068965517241,0.8192771084337349,0.6834170854271356,0.4102564102564102,0.180722891566265,SVM,0.25,CW_c0.5_it10,,50,200,CW,,10.0,0.5,123
0.585,0.0,0.0,0.0,0.0,1.0,RF,0.25,Clean,0.0052719795703887,50,200,,,,,123
0.585,0.0,0.0,0.0,0.0,1.0,RF,0.25,FGSM_eps0.15,,50,200,FGSM,0.15,1.0,,123
0.585,0.0,0.0,0.0,0.0,1.0,RF,0.25,FGSM_eps0.3,,50,200,FGSM,0.3,1.0,,123
0.585,0.0,0.0,0.0,0.0,1.0,RF,0.25,FGSM_eps0.5,,50,200,FGSM,0.5,1.0,,123
0.585,0.0,0.0,0.0,0.0,1.0,RF,0.25,FGSM_eps0.75,,50,200,FGSM,0.75,1.0,,123
0.585,0.0,0.0,0.0,0.0,1.0,RF,0.25,PGD_eps0.15_it10,,50,200,PGD,0.15,10.0,,123
0.585,0.0,0.0,0.0,0.0,1.0,RF,0.25,PGD_eps0.15_it25,,50,200,PGD,0.15,25.0,,123
0.585,0.0,0.0,0.0,0.0,1.0,RF,0.25,PGD_eps0.3_it10,,50,200,PGD,0.3,10.0,,123
0.585,0.0,0.0,0.0,0.0,1.0,RF,0.25,PGD_eps0.3_it25,,50,200,PGD,0.3,25.0,,123
0.585,0.0,0.0,0.0,0.0,1.0,RF,0.25,PGD_eps0.5_it10,,50,200,PGD,0.5,10.0,,123
0.585,0.0,0.0,0.0,0.0,1.0,RF,0.25,PGD_eps0.5_it25,,50,200,PGD,0.5,25.0,,123
0.585,0.0,0.0,0.0,0.0,1.0,RF,0.25,PGD_eps0.75_it10,,50,200,PGD,0.75,10.0,,123
0.585,0.5,0.0120481927710843,0.0235294117647058,0.0085470085470085,0.9879518072289156,RF,0.25,PGD_eps0.75_it25,,50,200,PGD,0.75,25.0,,123
0.585,0.0,0.0,0.0,0.0,1.0,RF,0.25,CW_c0.0_it10,,50,200,CW,,10.0,0.0,123
0.585,0.0,0.0,0.0,0.0,1.0,RF,0.25,CW_c0.5_it10,,50,200,CW,,10.0,0.5,123
0.84,1.0,0.6144578313253012,0.7611940298507462,0.0,0.3855421686746988,MLP,0.25,Clean,0.0024772632122039,50,200,,,,,123
0.415,0.0277777777777777,0.0120481927710843,0.0168067226890756,0.2991452991452991,0.9879518072289156,MLP,0.25,FGSM_eps0.15,,50,200,FGSM,0.15,1.0,,123
0.07,0.0095238095238095,0.0120481927710843,0.0106382978723404,0.8888888888888888,0.9879518072289156,MLP,0.25,FGSM_eps0.3,,50,200,FGSM,0.3,1.0,,123
0.055,0.0092592592592592,0.0120481927710843,0.0104712041884816,0.9145299145299144,0.9879518072289156,MLP,0.25,FGSM_eps0.5,,50,200,FGSM,0.5,1.0,,123
0.045,0.009090909090909,0.0120481927710843,0.0103626943005181,0.9316239316239316,0.9879518072289156,MLP,0.25,FGSM_eps0.75,,50,200,FGSM,0.75,1.0,,123
0.415,0.0277777777777777,0.0120481927710843,0.0168067226890756,0.2991452991452991,0.9879518072289156,MLP,0.25,PGD_eps0.15_it10,,50,200,PGD,0.15,10.0,,123
0.42,0.0285714285714285,0.0120481927710843,0.0169491525423728,0.2905982905982906,0.9879518072289156,MLP,0.25,PGD_eps0.15_it25,,50,200,PGD,0.15,25.0,,123
0.09,0.0099009900990099,0.0120481927710843,0.0108695652173913,0.8547008547008547,0.9879518072289156,MLP,0.25,PGD_eps0.3_it10,,50,200,PGD,0.3,10.0,,123
0.085,0.0098039215686274,0.0120481927710843,0.0108108108108108,0.8632478632478633,0.9879518072289156,MLP,0.25,PGD_eps0.3_it25,,50,200,PGD,0.3,25.0,,123
0.035,0.0089285714285714,0.0120481927710843,0.0102564102564102,0.9487179487179488,0.9879518072289156,MLP,0.25,PGD_eps0.5_it10,,50,200,PGD,0.5,10.0,,123
0.025,0.0087719298245614,0.0120481927710843,0.0101522842639593,0.9658119658119658,0.9879518072289156,MLP,0.25,PGD_eps0.5_it25,,50,200,PGD,0.5,25.0,,123
0.03,0.0088495575221238,0.0120481927710843,0.010204081632653,0.9572649572649572,0.9879518072289156,MLP,0.25,PGD_eps0.75_it10,,50,200,PGD,0.75,10.0,,123
0.03,0.0088495575221238,0.0120481927710843,0.010204081632653,0.9572649572649572,0.9879518072289156,MLP,0.25,PGD_eps0.75_it25,,50,200,PGD,0.75,25.0,,123
0.545,0.3181818181818182,0.0843373493975903,0.1333333333333333,0.1282051282051282,0.9156626506024096,MLP,0.25,CW_c0.0_it10,,50,200,CW,,10.0,0.0,123
0.47,0.1891891891891892,0.0843373493975903,0.1166666666666666,0.2564102564102564,0.9156626506024096,MLP,0.25,CW_c0.5_it10,,50,200,CW,,10.0,0.5,123
0.885,0.8947368421052632,0.8192771084337349,0.8553459119496856,0.0683760683760683,0.180722891566265,LR,0.5,Clean,0.000172916650772,50,200,,,,,123
0.105,0.0384615384615384,0.0481927710843373,0.0427807486631016,0.8547008547008547,0.9518072289156626,LR,0.5,FGSM_eps0.15,,50,200,FGSM,0.15,1.0,,123
0.07,0.0186915887850467,0.0240963855421686,0.0210526315789473,0.8974358974358975,0.9759036144578314,LR,0.5,FGSM_eps0.3,,50,200,FGSM,0.3,1.0,,123
0.065,0.0094339622641509,0.0120481927710843,0.0105820105820105,0.8974358974358975,0.9879518072289156,LR,0.5,FGSM_eps0.5,,50,200,FGSM,0.5,1.0,,123
0.06,0.0093457943925233,0.0120481927710843,0.0105263157894736,0.905982905982906,0.9879518072289156,LR,0.5,FGSM_eps0.75,,50,200,FGSM,0.75,1.0,,123
0.105,0.0471698113207547,0.0602409638554216,0.0529100529100529,0.8632478632478633,0.9397590361445785,LR,0.5,PGD_eps0.15_it10,,50,200,PGD,0.15,10.0,,123
0.165,0.0434782608695652,0.0481927710843373,0.0457142857142857,0.7521367521367521,0.9518072289156626,LR,0.5,PGD_eps0.15_it25,,50,200,PGD,0.15,25.0,,123
0.055,0.0181818181818181,0.0240963855421686,0.0207253886010362,0.9230769230769232,0.9759036144578314,LR,0.5,PGD_eps0.3_it10,,50,200,PGD,0.3,10.0,,123
0.06,0.018348623853211,0.0240963855421686,0.0208333333333333,0.9145299145299144,0.9759036144578314,LR,0.5,PGD_eps0.3_it25,,50,200,PGD,0.3,25.0,,123
0.03,0.0088495575221238,0.0120481927710843,0.010204081632653,0.9572649572649572,0.9879518072289156,LR,0.5,PGD_eps0.5_it10,,50,200,PGD,0.5,10.0,,123
0.045,0.009090909090909,0.0120481927710843,0.0103626943005181,0.9316239316239316,0.9879518072289156,LR,0.5,PGD_eps0.5_it25,,50,200,PGD,0.5,25.0,,123
0.045,0.009090909090909,0.0120481927710843,0.0103626943005181,0.9316239316239316,0.9879518072289156,LR,0.5,PGD_eps0.75_it10,,50,200,PGD,0.75,10.0,,123
0.035,0.0089285714285714,0.0120481927710843,0.0102564102564102,0.9487179487179488,0.9879518072289156,LR,0.5,PGD_eps0.75_it25,,50,200,PGD,0.75,25.0,,123
0.28,0.2867132867132867,0.4939759036144578,0.3628318584070796,0.8717948717948718,0.5060240963855421,LR,0.5,CW_c0.0_it10,,50,200,CW,,10.0,0.0,123
0.285,0.2826086956521739,0.4698795180722891,0.3529411764705882,0.8461538461538461,0.5301204819277109,LR,0.5,CW_c0.5_it10,,50,200,CW,,10.0,0.5,123
0.94,0.9493670886075948,0.9036144578313252,0.925925925925926,0.0341880341880341,0.0963855421686747,SVM,0.5,Clean,0.0001694798469543,50,200,,,,,123
0.365,0.25,0.2650602409638554,0.2573099415204678,0.5641025641025641,0.7349397590361446,SVM,0.5,FGSM_eps0.15,,50,200,FGSM,0.15,1.0,,123
0.045,0.0178571428571428,0.0240963855421686,0.0205128205128205,0.9401709401709402,0.9759036144578314,SVM,0.5,FGSM_eps0.3,,50,200,FGSM,0.3,1.0,,123
0.025,0.0172413793103448,0.0240963855421686,0.0201005025125628,0.9743589743589745,0.9759036144578314,SVM,0.5,FGSM_eps0.5,,50,200,FGSM,0.5,1.0,,123
0.015,0.0169491525423728,0.0240963855421686,0.0199004975124378,0.9914529914529916,0.9759036144578314,SVM,0.5,FGSM_eps0.75,,50,200,FGSM,0.75,1.0,,123
0.33,0.1772151898734177,0.1686746987951807,0.1728395061728395,0.5555555555555556,0.8313253012048193,SVM,0.5,PGD_eps0.15_it10,,50,200,PGD,0.15,10.0,,123
0.34,0.1343283582089552,0.108433734939759,0.12,0.4957264957264957,0.891566265060241,SVM,0.5,PGD_eps0.15_it25,,50,200,PGD,0.15,25.0,,123
0.125,0.0306122448979591,0.036144578313253,0.0331491712707182,0.811965811965812,0.963855421686747,SVM,0.5,PGD_eps0.3_it10,,50,200,PGD,0.3,10.0,,123
0.135,0.05,0.0602409638554216,0.0546448087431694,0.811965811965812,0.9397590361445785,SVM,0.5,PGD_eps0.3_it25,,50,200,PGD,0.3,25.0,,123
0.105,0.02,0.0240963855421686,0.0218579234972677,0.8376068376068376,0.9759036144578314,SVM,0.5,PGD_eps0.5_it10,,50,200,PGD,0.5,10.0,,123
0.11,0.0202020202020202,0.0240963855421686,0.0219780219780219,0.8290598290598291,0.9759036144578314,SVM,0.5,PGD_eps0.5_it25,,50,200,PGD,0.5,25.0,,123
0.11,0.0103092783505154,0.0120481927710843,0.0111111111111111,0.8205128205128205,0.9879518072289156,SVM,0.5,PGD_eps0.75_it10,,50,200,PGD,0.75,10.0,,123
0.1,0.0101010101010101,0.0120481927710843,0.0109890109890109,0.8376068376068376,0.9879518072289156,SVM,0.5,PGD_eps0.75_it25,,50,200,PGD,0.75,25.0,,123
0.715,0.625,0.7831325301204819,0.6951871657754011,0.3333333333333333,0.216867469879518,SVM,0.5,CW_c0.0_it10,,50,200,CW,,10.0,0.0,123
0.65,0.5555555555555556,0.7831325301204819,0.65,0.4444444444444444,0.216867469879518,SVM,0.5,CW_c0.5_it10,,50,200,CW,,10.0,0.5,123
0.585,0.0,0.0,0.0,0.0,1.0,RF,0.5,Clean,0.0053305506706237,50,200,,,,,123
0.585,0.0,0.0,0.0,0.0,1.0,RF,0.5,FGSM_eps0.15,,50,200,FGSM,0.15,1.0,,123
0.585,0.0,0.0,0.0,0.0,1.0,RF,0.5,FGSM_eps0.3,,50,200,FGSM,0.3,1.0,,123
0.585,0.0,0.0,0.0,0.0,1.0,RF,0.5,FGSM_eps0.5,,50,200,FGSM,0.5,1.0,,123
0.585,0.0,0.0,0.0,0.0,1.0,RF,0.5,FGSM_eps0.75,,50,200,FGSM,0.75,1.0,,123
0.585,0.0,0.0,0.0,0.0,1.0,RF,0.5,PGD_eps0.15_it10,,50,200,PGD,0.15,10.0,,123
0.585,0.0,0.0,0.0,0.0,1.0,RF,0.5,PGD_eps0.15_it25,,50,200,PGD,0.15,25.0,,123
0.585,0.0,0.0,0.0,0.0,1.0,RF,0.5,PGD_eps0.3_it10,,50,200,PGD,0.3,10.0,,123
0.585,0.0,0.0,0.0,0.0,1.0,RF,0.5,PGD_eps0.3_it25,,50,200,PGD,0.3,25.0,,123
0.585,0.0,0.0,0.0,0.0,1.0,RF,0.5,PGD_eps0.5_it10,,50,200,PGD,0.5,10.0,,123
0.585,0.0,0.0,0.0,0.0,1.0,RF,0.5,PGD_eps0.5_it25,,50,200,PGD,0.5,25.0,,123
0.585,0.0,0.0,0.0,0.0,1.0,RF,0.5,PGD_eps0.75_it10,,50,200,PGD,0.75,10.0,,123
0.585,0.0,0.0,0.0,0.0,1.0,RF,0.5,PGD_eps0.75_it25,,50,200,PGD,0.75,25.0,,123
0.585,0.0,0.0,0.0,0.0,1.0,RF,0.5,CW_c0.0_it10,,50,200,CW,,10.0,0.0,123
0.585,0.0,0.0,0.0,0.0,1.0,RF,0.5,CW_c0.5_it10,,50,200,CW,,10.0,0.5,123
0.735,0.96875,0.3734939759036144,0.5391304347826087,0.0085470085470085,0.6265060240963856,MLP,0.5,Clean,0.0023107552528381,50,200,,,,,123
0.44,0.032258064516129,0.0120481927710843,0.0175438596491228,0.2564102564102564,0.9879518072289156,MLP,0.5,FGSM_eps0.15,,50,200,FGSM,0.15,1.0,,123
0.09,0.0099009900990099,0.0120481927710843,0.0108695652173913,0.8547008547008547,0.9879518072289156,MLP,0.5,FGSM_eps0.3,,50,200,FGSM,0.3,1.0,,123
0.05,0.0091743119266055,0.0120481927710843,0.0104166666666666,0.9230769230769232,0.9879518072289156,MLP,0.5,FGSM_eps0.5,,50,200,FGSM,0.5,1.0,,123
0.04,0.009009009009009,0.0120481927710843,0.0103092783505154,0.9401709401709402,0.9879518072289156,MLP,0.5,FGSM_eps0.75,,50,200,FGSM,0.75,1.0,,123
0.445,0.0333333333333333,0.0120481927710843,0.0176991150442477,0.2478632478632478,0.9879518072289156,MLP,0.5,PGD_eps0.15_it10,,50,200,PGD,0.15,10.0,,123
0.435,0.03125,0.0120481927710843,0.017391304347826,0.2649572649572649,0.9879518072289156,MLP,0.5,PGD_eps0.15_it25,,50,200,PGD,0.15,25.0,,123
0.235,0.0138888888888888,0.0120481927710843,0.0129032258064516,0.6068376068376068,0.9879518072289156,MLP,0.5,PGD_eps0.3_it10,,50,200,PGD,0.3,10.0,,123
0.24,0.0140845070422535,0.0120481927710843,0.0129870129870129,0.5982905982905983,0.9879518072289156,MLP,0.5,PGD_eps0.3_it25,,50,200,PGD,0.3,25.0,,123
0.18,0.0120481927710843,0.0120481927710843,0.0120481927710843,0.7008547008547008,0.9879518072289156,MLP,0.5,PGD_eps0.5_it10,,50,200,PGD,0.5,10.0,,123
0.15,0.0112359550561797,0.0120481927710843,0.0116279069767441,0.7521367521367521,0.9879518072289156,MLP,0.5,PGD_eps0.5_it25,,50,200,PGD,0.5,25.0,,123
0.165,0.0116279069767441,0.0120481927710843,0.0118343195266272,0.7264957264957265,0.9879518072289156,MLP,0.5,PGD_eps0.75_it10,,50,200,PGD,0.75,10.0,,123
0.175,0.0119047619047619,0.0120481927710843,0.0119760479041916,0.7094017094017094,0.9879518072289156,MLP,0.5,PGD_eps0.75_it25,,50,200,PGD,0.75,25.0,,123
0.565,0.3888888888888889,0.0843373493975903,0.1386138613861386,0.094017094017094,0.9156626506024096,MLP,0.5,CW_c0.0_it10,,50,200,CW,,10.0,0.0,123
0.57,0.4117647058823529,0.0843373493975903,0.14,0.0854700854700854,0.9156626506024096,MLP,0.5,CW_c0.5_it10,,50,200,CW,,10.0,0.5,123
0.975,0.9888888888888888,0.956989247311828,0.9726775956284152,0.0093457943925233,0.043010752688172,LR,0.1,Clean,0.0001904904842376,50,200,,,,,31
0.095,0.0217391304347826,0.021505376344086,0.0216216216216216,0.8411214953271028,0.978494623655914,LR,0.1,FGSM_eps0.15,,50,200,FGSM,0.15,1.0,,31
0.04,0.0194174757281553,0.021505376344086,0.0204081632653061,0.9439252336448598,0.978494623655914,LR,0.1,FGSM_eps0.3,,50,200,FGSM,0.3,1.0,,31
0.02,0.0095238095238095,0.010752688172043,0.0101010101010101,0.97196261682243,0.989247311827957,LR,0.1,FGSM_eps0.5,,50,200,FGSM,0.5,1.0,,31
0.02,0.0095238095238095,0.010752688172043,0.0101010101010101,0.97196261682243,0.989247311827957,LR,0.1,FGSM_eps0.75,,50,200,FGSM,0.75,1.0,,31
0.12,0.0337078651685393,0.032258064516129,0.0329670329670329,0.8037383177570093,0.967741935483871,LR,0.1,PGD_eps0.15_it10,,50,200,PGD,0.15,10.0,,31
0.13,0.0235294117647058,0.021505376344086,0.0224719101123595,0.7757009345794392,0.978494623655914,LR,0.1,PGD_eps0.15_it25,,50,200,PGD,0.15,25.0,,31
0.02,0.0186915887850467,0.021505376344086,0.02,0.9813084112149532,0.978494623655914,LR,0.1,PGD_eps0.3_it10,,50,200,PGD,0.3,10.0,,31
0.02,0.0186915887850467,0.021505376344086,0.02,0.9813084112149532,0.978494623655914,LR,0.1,PGD_eps0.3_it25,,50,200,PGD,0.3,25.0,,31
0.015,0.0094339622641509,0.010752688172043,0.0100502512562814,0.9813084112149532,0.989247311827957,LR,0.1,PGD_eps0.5_it10,,50,200,PGD,0.5,10.0,,31
0.015,0.0094339622641509,0.010752688172043,0.0100502512562814,0.9813084112149532,0.989247311827957,LR,0.1,PGD_eps0.5_it25,,50,200,PGD,0.5,25.0,,31
0.01,0.0093457943925233,0.010752688172043,0.01,0.9906542056074766,0.989247311827957,LR,0.1,PGD_eps0.75_it10,,50,200,PGD,0.75,10.0,,31
0.01,0.0093457943925233,0.010752688172043,0.01,0.9906542056074766,0.989247311827957,LR,0.1,PGD_eps0.75_it25,,50,200,PGD,0.75,25.0,,31
0.255,0.3,0.4516129032258064,0.3605150214592275,0.9158878504672896,0.5483870967741935,LR,0.1,CW_c0.0_it10,,50,200,CW,,10.0,0.0,31
0.215,0.2777777777777778,0.4301075268817204,0.3375527426160337,0.97196261682243,0.5698924731182796,LR,0.1,CW_c0.5_it10,,50,200,CW,,10.0,0.5,31
0.975,0.9782608695652174,0.967741935483871,0.972972972972973,0.0186915887850467,0.032258064516129,SVM,0.1,Clean,0.0001917767524719,50,200,,,,,31
0.05,0.055045871559633,0.064516129032258,0.0594059405940594,0.9626168224299064,0.935483870967742,SVM,0.1,FGSM_eps0.15,,50,200,FGSM,0.15,1.0,,31
0.025,0.0446428571428571,0.053763440860215,0.048780487804878,1.0,0.946236559139785,SVM,0.1,FGSM_eps0.3,,50,200,FGSM,0.3,1.0,,31
0.025,0.0446428571428571,0.053763440860215,0.048780487804878,1.0,0.946236559139785,SVM,0.1,FGSM_eps0.5,,50,200,FGSM,0.5,1.0,,31
0.025,0.0446428571428571,0.053763440860215,0.048780487804878,1.0,0.946236559139785,SVM,0.1,FGSM_eps0.75,,50,200,FGSM,0.75,1.0,,31
0.025,0.0188679245283018,0.021505376344086,0.0201005025125628,0.97196261682243,0.978494623655914,SVM,0.1,PGD_eps0.15_it10,,50,200,PGD,0.15,10.0,,31
0.02,0.0186915887850467,0.021505376344086,0.02,0.9813084112149532,0.978494623655914,SVM,0.1,PGD_eps0.15_it25,,50,200,PGD,0.15,25.0,,31
0.015,0.0094339622641509,0.010752688172043,0.0100502512562814,0.9813084112149532,0.989247311827957,SVM,0.1,PGD_eps0.3_it10,,50,200,PGD,0.3,10.0,,31
0.01,0.0093457943925233,0.010752688172043,0.01,0.9906542056074766,0.989247311827957,SVM,0.1,PGD_eps0.3_it25,,50,200,PGD,0.3,25.0,,31
0.01,0.0093457943925233,0.010752688172043,0.01,0.9906542056074766,0.989247311827957,SVM,0.1,PGD_eps0.5_it10,,50,200,PGD,0.5,10.0,,31
0.005,0.0092592592592592,0.010752688172043,0.0099502487562189,1.0,0.989247311827957,SVM,0.1,PGD_eps0.5_it25,,50,200,PGD,0.5,25.0,,31
0.005,0.0092592592592592,0.010752688172043,0.0099502487562189,1.0,0.989247311827957,SVM,0.1,PGD_eps0.75_it10,,50,200,PGD,0.75,10.0,,31
0.005,0.0092592592592592,0.010752688172043,0.0099502487562189,1.0,0.989247311827957,SVM,0.1,PGD_eps0.75_it25,,50,200,PGD,0.75,25.0,,31
0.08,0.1300813008130081,0.1720430107526881,0.1481481481481481,1.0,0.8279569892473119,SVM,0.1,CW_c0.0_it10,,50,200,CW,,10.0,0.0,31
0.065,0.1083333333333333,0.1397849462365591,0.1220657276995305,1.0,0.8602150537634409,SVM,0.1,CW_c0.5_it10,,50,200,CW,,10.0,0.5,31
0.535,0.0,0.0,0.0,0.0,1.0,RF,0.1,Clean,0.0052489924430847,50,200,,,,,31
0.54,1.0,0.010752688172043,0.0212765957446808,0.0,0.989247311827957,RF,0.1,FGSM_eps0.15,,50,200,FGSM,0.15,1.0,,31
0.535,0.0,0.0,0.0,0.0,1.0,RF,0.1,FGSM_eps0.3,,50,200,FGSM,0.3,1.0,,31
0.53,0.0,0.0,0.0,0.0093457943925233,1.0,RF,0.1,FGSM_eps0.5,,50,200,FGSM,0.5,1.0,,31
0.53,0.0,0.0,0.0,0.0093457943925233,1.0,RF,0.1,FGSM_eps0.75,,50,200,FGSM,0.75,1.0,,31
0.545,1.0,0.021505376344086,0.0421052631578947,0.0,0.978494623655914,RF,0.1,PGD_eps0.15_it10,,50,200,PGD,0.15,10.0,,31
0.54,1.0,0.010752688172043,0.0212765957446808,0.0,0.989247311827957,RF,0.1,PGD_eps0.15_it25,,50,200,PGD,0.15,25.0,,31
0.525,0.0,0.0,0.0,0.0186915887850467,1.0,RF,0.1,PGD_eps0.3_it10,,50,200,PGD,0.3,10.0,,31
0.525,0.0,0.0,0.0,0.0186915887850467,1.0,RF,0.1,PGD_eps0.3_it25,,50,200,PGD,0.3,25.0,,31
0.51,0.0,0.0,0.0,0.0467289719626168,1.0,RF,0.1,PGD_eps0.5_it10,,50,200,PGD,0.5,10.0,,31
0.52,0.0,0.0,0.0,0.02803738317757,1.0,RF,0.1,PGD_eps0.5_it25,,50,200,PGD,0.5,25.0,,31
0.505,0.0,0.0,0.0,0.0560747663551401,1.0,RF,0.1,PGD_eps0.75_it10,,50,200,PGD,0.75,10.0,,31
0.505,0.125,0.010752688172043,0.0198019801980198,0.0654205607476635,0.989247311827957,RF,0.1,PGD_eps0.75_it25,,50,200,PGD,0.75,25.0,,31
0.54,1.0,0.010752688172043,0.0212765957446808,0.0,0.989247311827957,RF,0.1,CW_c0.0_it10,,50,200,CW,,10.0,0.0,31
0.535,0.0,0.0,0.0,0.0,1.0,RF,0.1,CW_c0.5_it10,,50,200,CW,,10.0,0.5,31
1.0,1.0,1.0,1.0,0.0,0.0,MLP,0.1,Clean,0.0021789610385894,50,200,,,,,31
0.285,0.0192307692307692,0.010752688172043,0.0137931034482758,0.4766355140186916,0.989247311827957,MLP,0.1,FGSM_eps0.15,,50,200,FGSM,0.15,1.0,,31
0.13,0.0120481927710843,0.010752688172043,0.0113636363636363,0.7663551401869159,0.989247311827957,MLP,0.1,FGSM_eps0.3,,50,200,FGSM,0.3,1.0,,31
0.08,0.010752688172043,0.010752688172043,0.010752688172043,0.8598130841121495,0.989247311827957,MLP,0.1,FGSM_eps0.5,,50,200,FGSM,0.5,1.0,,31
0.075,0.0106382978723404,0.010752688172043,0.0106951871657754,0.8691588785046729,0.989247311827957,MLP,0.1,FGSM_eps0.75,,50,200,FGSM,0.75,1.0,,31
0.225,0.015625,0.010752688172043,0.0127388535031847,0.5887850467289719,0.989247311827957,MLP,0.1,PGD_eps0.15_it10,,50,200,PGD,0.15,10.0,,31
0.215,0.0151515151515151,0.010752688172043,0.0125786163522012,0.6074766355140186,0.989247311827957,MLP,0.1,PGD_eps0.15_it25,,50,200,PGD,0.15,25.0,,31
0.075,0.0106382978723404,0.010752688172043,0.0106951871657754,0.8691588785046729,0.989247311827957,MLP,0.1,PGD_eps0.3_it10,,50,200,PGD,0.3,10.0,,31
0.065,0.0104166666666666,0.010752688172043,0.0105820105820105,0.8878504672897196,0.989247311827957,MLP,0.1,PGD_eps0.3_it25,,50,200,PGD,0.3,25.0,,31
0.065,0.0104166666666666,0.010752688172043,0.0105820105820105,0.8878504672897196,0.989247311827957,MLP,0.1,PGD_eps0.5_it10,,50,200,PGD,0.5,10.0,,31
0.065,0.0104166666666666,0.010752688172043,0.0105820105820105,0.8878504672897196,0.989247311827957,MLP,0.1,PGD_eps0.5_it25,,50,200,PGD,0.5,25.0,,31
0.065,0.0104166666666666,0.010752688172043,0.0105820105820105,0.8878504672897196,0.989247311827957,MLP,0.1,PGD_eps0.75_it10,,50,200,PGD,0.75,10.0,,31
0.065,0.0104166666666666,0.010752688172043,0.0105820105820105,0.8878504672897196,0.989247311827957,MLP,0.1,PGD_eps0.75_it25,,50,200,PGD,0.75,25.0,,31
0.3,0.2577319587628865,0.2688172043010752,0.2631578947368421,0.6728971962616822,0.7311827956989247,MLP,0.1,CW_c0.0_it10,,50,200,CW,,10.0,0.0,31
0.14,0.1089108910891089,0.1182795698924731,0.1134020618556701,0.8411214953271028,0.8817204301075269,MLP,0.1,CW_c0.5_it10,,50,200,CW,,10.0,0.5,31
0.965,0.9777777777777776,0.946236559139785,0.9617486338797814,0.0186915887850467,0.053763440860215,LR,0.25,Clean,0.0001905250549316,50,200,,,,,31
0.105,0.0425531914893617,0.043010752688172,0.0427807486631016,0.8411214953271028,0.956989247311828,LR,0.25,FGSM_eps0.15,,50,200,FGSM,0.15,1.0,,31
0.045,0.0196078431372549,0.021505376344086,0.0205128205128205,0.9345794392523364,0.978494623655914,LR,0.25,FGSM_eps0.3,,50,200,FGSM,0.3,1.0,,31
0.02,0.0095238095238095,0.010752688172043,0.0101010101010101,0.97196261682243,0.989247311827957,LR,0.25,FGSM_eps0.5,,50,200,FGSM,0.5,1.0,,31
0.015,0.0094339622641509,0.010752688172043,0.0100502512562814,0.9813084112149532,0.989247311827957,LR,0.25,FGSM_eps0.75,,50,200,FGSM,0.75,1.0,,31
0.12,0.0631578947368421,0.064516129032258,0.0638297872340425,0.8317757009345794,0.935483870967742,LR,0.25,PGD_eps0.15_it10,,50,200,PGD,0.15,10.0,,31
0.135,0.0238095238095238,0.021505376344086,0.0225988700564971,0.7663551401869159,0.978494623655914,LR,0.25,PGD_eps0.15_it25,,50,200,PGD,0.15,25.0,,31
0.02,0.0186915887850467,0.021505376344086,0.02,0.9813084112149532,0.978494623655914,LR,0.25,PGD_eps0.3_it10,,50,200,PGD,0.3,10.0,,31
0.02,0.0186915887850467,0.021505376344086,0.02,0.9813084112149532,0.978494623655914,LR,0.25,PGD_eps0.3_it25,,50,200,PGD,0.3,25.0,,31
0.015,0.0094339622641509,0.010752688172043,0.0100502512562814,0.9813084112149532,0.989247311827957,LR,0.25,PGD_eps0.5_it10,,50,200,PGD,0.5,10.0,,31
0.015,0.0094339622641509,0.010752688172043,0.0100502512562814,0.9813084112149532,0.989247311827957,LR,0.25,PGD_eps0.5_it25,,50,200,PGD,0.5,25.0,,31
0.01,0.0093457943925233,0.010752688172043,0.01,0.9906542056074766,0.989247311827957,LR,0.25,PGD_eps0.75_it10,,50,200,PGD,0.75,10.0,,31
0.015,0.0094339622641509,0.010752688172043,0.0100502512562814,0.9813084112149532,0.989247311827957,LR,0.25,PGD_eps0.75_it25,,50,200,PGD,0.75,25.0,,31
0.245,0.2986111111111111,0.4623655913978494,0.3628691983122363,0.9439252336448598,0.5376344086021505,LR,0.25,CW_c0.0_it10,,50,200,CW,,10.0,0.0,31
0.245,0.3013698630136986,0.4731182795698925,0.3682008368200837,0.9532710280373832,0.5268817204301075,LR,0.25,CW_c0.5_it10,,50,200,CW,,10.0,0.5,31
0.935,0.925531914893617,0.935483870967742,0.93048128342246,0.0654205607476635,0.064516129032258,SVM,0.25,Clean,0.0001903057098388,50,200,,,,,31
0.065,0.0566037735849056,0.064516129032258,0.0603015075376884,0.9345794392523364,0.935483870967742,SVM,0.25,FGSM_eps0.15,,50,200,FGSM,0.15,1.0,,31
0.03,0.0530973451327433,0.064516129032258,0.058252427184466,1.0,0.935483870967742,SVM,0.25,FGSM_eps0.3,,50,200,FGSM,0.3,1.0,,31
0.025,0.0446428571428571,0.053763440860215,0.048780487804878,1.0,0.946236559139785,SVM,0.25,FGSM_eps0.5,,50,200,FGSM,0.5,1.0,,31
0.025,0.0446428571428571,0.053763440860215,0.048780487804878,1.0,0.946236559139785,SVM,0.25,FGSM_eps0.75,,50,200,FGSM,0.75,1.0,,31
0.035,0.0192307692307692,0.021505376344086,0.0203045685279187,0.9532710280373832,0.978494623655914,SVM,0.25,PGD_eps0.15_it10,,50,200,PGD,0.15,10.0,,31
0.03,0.019047619047619,0.021505376344086,0.0202020202020202,0.9626168224299064,0.978494623655914,SVM,0.25,PGD_eps0.15_it25,,50,200,PGD,0.15,25.0,,31
0.015,0.0094339622641509,0.010752688172043,0.0100502512562814,0.9813084112149532,0.989247311827957,SVM,0.25,PGD_eps0.3_it10,,50,200,PGD,0.3,10.0,,31
0.01,0.0093457943925233,0.010752688172043,0.01,0.9906542056074766,0.989247311827957,SVM,0.25,PGD_eps0.3_it25,,50,200,PGD,0.3,25.0,,31
0.01,0.0093457943925233,0.010752688172043,0.01,0.9906542056074766,0.989247311827957,SVM,0.25,PGD_eps0.5_it10,,50,200,PGD,0.5,10.0,,31
0.005,0.0092592592592592,0.010752688172043,0.0099502487562189,1.0,0.989247311827957,SVM,0.25,PGD_eps0.5_it25,,50,200,PGD,0.5,25.0,,31
0.005,0.0092592592592592,0.010752688172043,0.0099502487562189,1.0,0.989247311827957,SVM,0.25,PGD_eps0.75_it10,,50,200,PGD,0.75,10.0,,31
0.005,0.0092592592592592,0.010752688172043,0.0099502487562189,1.0,0.989247311827957,SVM,0.25,PGD_eps0.75_it25,,50,200,PGD,0.75,25.0,,31
0.1,0.1463414634146341,0.1935483870967742,0.1666666666666666,0.9813084112149532,0.8064516129032258,SVM,0.25,CW_c0.0_it10,,50,200,CW,,10.0,0.0,31
0.095,0.1451612903225806,0.1935483870967742,0.1658986175115207,0.9906542056074766,0.8064516129032258,SVM,0.25,CW_c0.5_it10,,50,200,CW,,10.0,0.5,31
0.535,0.0,0.0,0.0,0.0,1.0,RF,0.25,Clean,0.0053002297878265,50,200,,,,,31
0.535,0.0,0.0,0.0,0.0,1.0,RF,0.25,FGSM_eps0.15,,50,200,FGSM,0.15,1.0,,31
0.535,0.0,0.0,0.0,0.0,1.0,RF,0.25,FGSM_eps0.3,,50,200,FGSM,0.3,1.0,,31
0.535,0.0,0.0,0.0,0.0,1.0,RF,0.25,FGSM_eps0.5,,50,200,FGSM,0.5,1.0,,31
0.53,0.0,0.0,0.0,0.0093457943925233,1.0,RF,0.25,FGSM_eps0.75,,50,200,FGSM,0.75,1.0,,31
0.535,0.0,0.0,0.0,0.0,1.0,RF,0.25,PGD_eps0.15_it10,,50,200,PGD,0.15,10.0,,31
0.535,0.0,0.0,0.0,0.0,1.0,RF,0.25,PGD_eps0.15_it25,,50,200,PGD,0.15,25.0,,31
0.535,0.0,0.0,0.0,0.0,1.0,RF,0.25,PGD_eps0.3_it10,,50,200,PGD,0.3,10.0,,31
0.535,0.5,0.010752688172043,0.0210526315789473,0.0093457943925233,0.989247311827957,RF,0.25,PGD_eps0.3_it25,,50,200,PGD,0.3,25.0,,31
0.53,0.3333333333333333,0.010752688172043,0.0208333333333333,0.0186915887850467,0.989247311827957,RF,0.25,PGD_eps0.5_it10,,50,200,PGD,0.5,10.0,,31
0.53,0.0,0.0,0.0,0.0093457943925233,1.0,RF,0.25,PGD_eps0.5_it25,,50,200,PGD,0.5,25.0,,31
0.52,0.0,0.0,0.0,0.02803738317757,1.0,RF,0.25,PGD_eps0.75_it10,,50,200,PGD,0.75,10.0,,31
0.53,0.3333333333333333,0.010752688172043,0.0208333333333333,0.0186915887850467,0.989247311827957,RF,0.25,PGD_eps0.75_it25,,50,200,PGD,0.75,25.0,,31
0.535,0.0,0.0,0.0,0.0,1.0,RF,0.25,CW_c0.0_it10,,50,200,CW,,10.0,0.0,31
0.535,0.0,0.0,0.0,0.0,1.0,RF,0.25,CW_c0.5_it10,,50,200,CW,,10.0,0.5,31
0.98,0.978494623655914,0.978494623655914,0.978494623655914,0.0186915887850467,0.021505376344086,MLP,0.25,Clean,0.0026123619079589,50,200,,,,,31
0.305,0.0208333333333333,0.010752688172043,0.0141843971631205,0.4392523364485981,0.989247311827957,MLP,0.25,FGSM_eps0.15,,50,200,FGSM,0.15,1.0,,31
0.14,0.0123456790123456,0.010752688172043,0.0114942528735632,0.7476635514018691,0.989247311827957,MLP,0.25,FGSM_eps0.3,,50,200,FGSM,0.3,1.0,,31
0.075,0.0106382978723404,0.010752688172043,0.0106951871657754,0.8691588785046729,0.989247311827957,MLP,0.25,FGSM_eps0.5,,50,200,FGSM,0.5,1.0,,31
0.075,0.0106382978723404,0.010752688172043,0.0106951871657754,0.8691588785046729,0.989247311827957,MLP,0.25,FGSM_eps0.75,,50,200,FGSM,0.75,1.0,,31
0.26,0.0175438596491228,0.010752688172043,0.0133333333333333,0.5233644859813084,0.989247311827957,MLP,0.25,PGD_eps0.15_it10,,50,200,PGD,0.15,10.0,,31
0.255,0.0172413793103448,0.010752688172043,0.0132450331125827,0.5327102803738317,0.989247311827957,MLP,0.25,PGD_eps0.15_it25,,50,200,PGD,0.15,25.0,,31
0.075,0.0106382978723404,0.010752688172043,0.0106951871657754,0.8691588785046729,0.989247311827957,MLP,0.25,PGD_eps0.3_it10,,50,200,PGD,0.3,10.0,,31
0.075,0.0106382978723404,0.010752688172043,0.0106951871657754,0.8691588785046729,0.989247311827957,MLP,0.25,PGD_eps0.3_it25,,50,200,PGD,0.3,25.0,,31
0.065,0.0104166666666666,0.010752688172043,0.0105820105820105,0.8878504672897196,0.989247311827957,MLP,0.25,PGD_eps0.5_it10,,50,200,PGD,0.5,10.0,,31
0.065,0.0104166666666666,0.010752688172043,0.0105820105820105,0.8878504672897196,0.989247311827957,MLP,0.25,PGD_eps0.5_it25,,50,200,PGD,0.5,25.0,,31
0.065,0.0104166666666666,0.010752688172043,0.0105820105820105,0.8878504672897196,0.989247311827957,MLP,0.25,PGD_eps0.75_it10,,50,200,PGD,0.75,10.0,,31
0.065,0.0104166666666666,0.010752688172043,0.0105820105820105,0.8878504672897196,0.989247311827957,MLP,0.25,PGD_eps0.75_it25,,50,200,PGD,0.75,25.0,,31
0.34,0.24,0.1935483870967742,0.2142857142857142,0.5327102803738317,0.8064516129032258,MLP,0.25,CW_c0.0_it10,,50,200,CW,,10.0,0.0,31
0.31,0.2077922077922078,0.1720430107526881,0.188235294117647,0.5700934579439252,0.8279569892473119,MLP,0.25,CW_c0.5_it10,,50,200,CW,,10.0,0.5,31
0.92,0.942528735632184,0.8817204301075269,0.9111111111111112,0.0467289719626168,0.1182795698924731,LR,0.5,Clean,0.0001889514923095,50,200,,,,,31
0.12,0.0631578947368421,0.064516129032258,0.0638297872340425,0.8317757009345794,0.935483870967742,LR,0.5,FGSM_eps0.15,,50,200,FGSM,0.15,1.0,,31
0.045,0.0196078431372549,0.021505376344086,0.0205128205128205,0.9345794392523364,0.978494623655914,LR,0.5,FGSM_eps0.3,,50,200,FGSM,0.3,1.0,,31
0.02,0.0095238095238095,0.010752688172043,0.0101010101010101,0.97196261682243,0.989247311827957,LR,0.5,FGSM_eps0.5,,50,200,FGSM,0.5,1.0,,31
0.02,0.0095238095238095,0.010752688172043,0.0101010101010101,0.97196261682243,0.989247311827957,LR,0.5,FGSM_eps0.75,,50,200,FGSM,0.75,1.0,,31
0.145,0.0666666666666666,0.064516129032258,0.0655737704918032,0.7850467289719626,0.935483870967742,LR,0.5,PGD_eps0.15_it10,,50,200,PGD,0.15,10.0,,31
0.185,0.0833333333333333,0.075268817204301,0.0790960451977401,0.719626168224299,0.9247311827956988,LR,0.5,PGD_eps0.15_it25,,50,200,PGD,0.15,25.0,,31
0.02,0.0186915887850467,0.021505376344086,0.02,0.9813084112149532,0.978494623655914,LR,0.5,PGD_eps0.3_it10,,50,200,PGD,0.3,10.0,,31
0.02,0.0186915887850467,0.021505376344086,0.02,0.9813084112149532,0.978494623655914,LR,0.5,PGD_eps0.3_it25,,50,200,PGD,0.3,25.0,,31
0.015,0.0094339622641509,0.010752688172043,0.0100502512562814,0.9813084112149532,0.989247311827957,LR,0.5,PGD_eps0.5_it10,,50,200,PGD,0.5,10.0,,31
0.015,0.0094339622641509,0.010752688172043,0.0100502512562814,0.9813084112149532,0.989247311827957,LR,0.5,PGD_eps0.5_it25,,50,200,PGD,0.5,25.0,,31
0.01,0.0093457943925233,0.010752688172043,0.01,0.9906542056074766,0.989247311827957,LR,0.5,PGD_eps0.75_it10,,50,200,PGD,0.75,10.0,,31
0.015,0.0094339622641509,0.010752688172043,0.0100502512562814,0.9813084112149532,0.989247311827957,LR,0.5,PGD_eps0.75_it25,,50,200,PGD,0.75,25.0,,31
0.265,0.3098591549295774,0.4731182795698925,0.3744680851063829,0.9158878504672896,0.5268817204301075,LR,0.5,CW_c0.0_it10,,50,200,CW,,10.0,0.0,31
0.275,0.3169014084507042,0.4838709677419355,0.3829787234042553,0.9065420560747663,0.5161290322580645,LR,0.5,CW_c0.5_it10,,50,200,CW,,10.0,0.5,31
0.795,0.8333333333333334,0.6989247311827957,0.7602339181286549,0.1214953271028037,0.3010752688172043,SVM,0.5,Clean,0.0001877307891845,50,200,,,,,31
0.07,0.073394495412844,0.086021505376344,0.0792079207920792,0.9439252336448598,0.913978494623656,SVM,0.5,FGSM_eps0.15,,50,200,FGSM,0.15,1.0,,31
0.02,0.036036036036036,0.043010752688172,0.0392156862745098,1.0,0.956989247311828,SVM,0.5,FGSM_eps0.3,,50,200,FGSM,0.3,1.0,,31
0.025,0.0446428571428571,0.053763440860215,0.048780487804878,1.0,0.946236559139785,SVM,0.5,FGSM_eps0.5,,50,200,FGSM,0.5,1.0,,31
0.025,0.0446428571428571,0.053763440860215,0.048780487804878,1.0,0.946236559139785,SVM,0.5,FGSM_eps0.75,,50,200,FGSM,0.75,1.0,,31
0.04,0.0194174757281553,0.021505376344086,0.0204081632653061,0.9439252336448598,0.978494623655914,SVM,0.5,PGD_eps0.15_it10,,50,200,PGD,0.15,10.0,,31
0.045,0.0196078431372549,0.021505376344086,0.0205128205128205,0.9345794392523364,0.978494623655914,SVM,0.5,PGD_eps0.15_it25,,50,200,PGD,0.15,25.0,,31
0.02,0.0095238095238095,0.010752688172043,0.0101010101010101,0.97196261682243,0.989247311827957,SVM,0.5,PGD_eps0.3_it10,,50,200,PGD,0.3,10.0,,31
0.01,0.0093457943925233,0.010752688172043,0.01,0.9906542056074766,0.989247311827957,SVM,0.5,PGD_eps0.3_it25,,50,200,PGD,0.3,25.0,,31
0.005,0.0092592592592592,0.010752688172043,0.0099502487562189,1.0,0.989247311827957,SVM,0.5,PGD_eps0.5_it10,,50,200,PGD,0.5,10.0,,31
0.01,0.0093457943925233,0.010752688172043,0.01,0.9906542056074766,0.989247311827957,SVM,0.5,PGD_eps0.5_it25,,50,200,PGD,0.5,25.0,,31
0.005,0.0092592592592592,0.010752688172043,0.0099502487562189,1.0,0.989247311827957,SVM,0.5,PGD_eps0.75_it10,,50,200,PGD,0.75,10.0,,31
0.005,0.0092592592592592,0.010752688172043,0.0099502487562189,1.0,0.989247311827957,SVM,0.5,PGD_eps0.75_it25,,50,200,PGD,0.75,25.0,,31
0.11,0.16,0.2150537634408602,0.1834862385321101,0.9813084112149532,0.7849462365591398,SVM,0.5,CW_c0.0_it10,,50,200,CW,,10.0,0.0,31
0.15,0.2105263157894736,0.3010752688172043,0.247787610619469,0.9813084112149532,0.6989247311827957,SVM,0.5,CW_c0.5_it10,,50,200,CW,,10.0,0.5,31
0.535,0.0,0.0,0.0,0.0,1.0,RF,0.5,Clean,0.0052846670150756,50,200,,,,,31
0.535,0.0,0.0,0.0,0.0,1.0,RF,0.5,FGSM_eps0.15,,50,200,FGSM,0.15,1.0,,31
0.535,0.0,0.0,0.0,0.0,1.0,RF,0.5,FGSM_eps0.3,,50,200,FGSM,0.3,1.0,,31
0.535,0.0,0.0,0.0,0.0,1.0,RF,0.5,FGSM_eps0.5,,50,200,FGSM,0.5,1.0,,31
0.535,0.0,0.0,0.0,0.0,1.0,RF,0.5,FGSM_eps0.75,,50,200,FGSM,0.75,1.0,,31
0.535,0.0,0.0,0.0,0.0,1.0,RF,0.5,PGD_eps0.15_it10,,50,200,PGD,0.15,10.0,,31
0.535,0.0,0.0,0.0,0.0,1.0,RF,0.5,PGD_eps0.15_it25,,50,200,PGD,0.15,25.0,,31
0.535,0.0,0.0,0.0,0.0,1.0,RF,0.5,PGD_eps0.3_it10,,50,200,PGD,0.3,10.0,,31
0.535,0.0,0.0,0.0,0.0,1.0,RF,0.5,PGD_eps0.3_it25,,50,200,PGD,0.3,25.0,,31
0.53,0.0,0.0,0.0,0.0093457943925233,1.0,RF,0.5,PGD_eps0.5_it10,,50,200,PGD,0.5,10.0,,31
0.53,0.0,0.0,0.0,0.0093457943925233,1.0,RF,0.5,PGD_eps0.5_it25,,50,200,PGD,0.5,25.0,,31
0.53,0.0,0.0,0.0,0.0093457943925233,1.0,RF,0.5,PGD_eps0.75_it10,,50,200,PGD,0.75,10.0,,31
0.53,0.0,0.0,0.0,0.0093457943925233,1.0,RF,0.5,PGD_eps0.75_it25,,50,200,PGD,0.75,25.0,,31
0.535,0.0,0.0,0.0,0.0,1.0,RF,0.5,CW_c0.0_it10,,50,200,CW,,10.0,0.0,31
0.535,0.0,0.0,0.0,0.0,1.0,RF,0.5,CW_c0.5_it10,,50,200,CW,,10.0,0.5,31
0.945,0.9767441860465116,0.9032258064516128,0.9385474860335196,0.0186915887850467,0.0967741935483871,MLP,0.5,Clean,0.0023505270481109,50,200,,,,,31
0.325,0.0227272727272727,0.010752688172043,0.0145985401459854,0.4018691588785046,0.989247311827957,MLP,0.5,FGSM_eps0.15,,50,200,FGSM,0.15,1.0,,31
0.14,0.0123456790123456,0.010752688172043,0.0114942528735632,0.7476635514018691,0.989247311827957,MLP,0.5,FGSM_eps0.3,,50,200,FGSM,0.3,1.0,,31
0.075,0.0106382978723404,0.010752688172043,0.0106951871657754,0.8691588785046729,0.989247311827957,MLP,0.5,FGSM_eps0.5,,50,200,FGSM,0.5,1.0,,31
0.075,0.0106382978723404,0.010752688172043,0.0106951871657754,0.8691588785046729,0.989247311827957,MLP,0.5,FGSM_eps0.75,,50,200,FGSM,0.75,1.0,,31
0.275,0.0185185185185185,0.010752688172043,0.0136054421768707,0.4953271028037383,0.989247311827957,MLP,0.5,PGD_eps0.15_it10,,50,200,PGD,0.15,10.0,,31
0.34,0.024390243902439,0.010752688172043,0.0149253731343283,0.3738317757009345,0.989247311827957,MLP,0.5,PGD_eps0.15_it25,,50,200,PGD,0.15,25.0,,31
0.09,0.0109890109890109,0.010752688172043,0.0108695652173913,0.8411214953271028,0.989247311827957,MLP,0.5,PGD_eps0.3_it10,,50,200,PGD,0.3,10.0,,31
0.1,0.0112359550561797,0.010752688172043,0.0109890109890109,0.822429906542056,0.989247311827957,MLP,0.5,PGD_eps0.3_it25,,50,200,PGD,0.3,25.0,,31
0.065,0.0104166666666666,0.010752688172043,0.0105820105820105,0.8878504672897196,0.989247311827957,MLP,0.5,PGD_eps0.5_it10,,50,200,PGD,0.5,10.0,,31
0.07,0.0105263157894736,0.010752688172043,0.0106382978723404,0.8785046728971962,0.989247311827957,MLP,0.5,PGD_eps0.5_it25,,50,200,PGD,0.5,25.0,,31
0.065,0.0104166666666666,0.010752688172043,0.0105820105820105,0.8878504672897196,0.989247311827957,MLP,0.5,PGD_eps0.75_it10,,50,200,PGD,0.75,10.0,,31
0.065,0.0104166666666666,0.010752688172043,0.0105820105820105,0.8878504672897196,0.989247311827957,MLP,0.5,PGD_eps0.75_it25,,50,200,PGD,0.75,25.0,,31
0.375,0.25,0.1720430107526881,0.2038216560509554,0.4485981308411215,0.8279569892473119,MLP,0.5,CW_c0.0_it10,,50,200,CW,,10.0,0.0,31
0.335,0.2435897435897435,0.2043010752688172,0.2222222222222222,0.5514018691588785,0.7956989247311828,MLP,0.5,CW_c0.5_it10,,50,200,CW,,10.0,0.5,31
0.89,0.902439024390244,0.8409090909090909,0.8705882352941177,0.0714285714285714,0.1590909090909091,LR,0.1,Clean,0.0001537728309631,50,200,,,,,99
0.42,0.2741935483870967,0.1931818181818181,0.2266666666666666,0.4017857142857143,0.8068181818181818,LR,0.1,FGSM_eps0.15,,50,200,FGSM,0.15,1.0,,99
0.1,0.0660377358490566,0.0795454545454545,0.0721649484536082,0.8839285714285714,0.9204545454545454,LR,0.1,FGSM_eps0.3,,50,200,FGSM,0.3,1.0,,99
0.05,0.0096153846153846,0.0113636363636363,0.0104166666666666,0.9196428571428572,0.9886363636363636,LR,0.1,FGSM_eps0.5,,50,200,FGSM,0.5,1.0,,99
0.035,0.0093457943925233,0.0113636363636363,0.0102564102564102,0.9464285714285714,0.9886363636363636,LR,0.1,FGSM_eps0.75,,50,200,FGSM,0.75,1.0,,99
0.5,0.4268292682926829,0.3977272727272727,0.4117647058823529,0.4196428571428571,0.6022727272727273,LR,0.1,PGD_eps0.15_it10,,50,200,PGD,0.15,10.0,,99
0.51,0.4404761904761904,0.4204545454545454,0.4302325581395348,0.4196428571428571,0.5795454545454546,LR,0.1,PGD_eps0.15_it25,,50,200,PGD,0.15,25.0,,99
0.065,0.0840336134453781,0.1136363636363636,0.0966183574879227,0.9732142857142856,0.8863636363636364,LR,0.1,PGD_eps0.3_it10,,50,200,PGD,0.3,10.0,,99
0.065,0.0975609756097561,0.1363636363636363,0.1137440758293838,0.9910714285714286,0.8636363636363636,LR,0.1,PGD_eps0.3_it25,,50,200,PGD,0.3,25.0,,99
0.12,0.1764705882352941,0.2727272727272727,0.2142857142857142,1.0,0.7272727272727273,LR,0.1,PGD_eps0.5_it10,,50,200,PGD,0.5,10.0,,99
0.08,0.125,0.1818181818181818,0.1481481481481481,1.0,0.8181818181818182,LR,0.1,PGD_eps0.5_it25,,50,200,PGD,0.5,25.0,,99
0.11,0.1641791044776119,0.25,0.1981981981981982,1.0,0.75,LR,0.1,PGD_eps0.75_it10,,50,200,PGD,0.75,10.0,,99
0.095,0.1450381679389313,0.2159090909090909,0.1735159817351598,1.0,0.7840909090909091,LR,0.1,PGD_eps0.75_it25,,50,200,PGD,0.75,25.0,,99
0.63,0.5686274509803921,0.6590909090909091,0.6105263157894737,0.3928571428571428,0.3409090909090909,LR,0.1,CW_c0.0_it10,,50,200,CW,,10.0,0.0,99
0.61,0.5490196078431373,0.6363636363636364,0.5894736842105263,0.4107142857142857,0.3636363636363636,LR,0.1,CW_c0.5_it10,,50,200,CW,,10.0,0.5,99
0.895,0.9240506329113924,0.8295454545454546,0.874251497005988,0.0535714285714285,0.1704545454545454,SVM,0.1,Clean,0.0001530170440673,50,200,,,,,99
0.425,0.2711864406779661,0.1818181818181818,0.2176870748299319,0.3839285714285714,0.8181818181818182,SVM,0.1,FGSM_eps0.15,,50,200,FGSM,0.15,1.0,,99
0.12,0.0925925925925925,0.1136363636363636,0.1020408163265306,0.875,0.8863636363636364,SVM,0.1,FGSM_eps0.3,,50,200,FGSM,0.3,1.0,,99
0.105,0.0666666666666666,0.0795454545454545,0.0725388601036269,0.875,0.9204545454545454,SVM,0.1,FGSM_eps0.5,,50,200,FGSM,0.5,1.0,,99
0.105,0.0666666666666666,0.0795454545454545,0.0725388601036269,0.875,0.9204545454545454,SVM,0.1,FGSM_eps0.75,,50,200,FGSM,0.75,1.0,,99
0.555,0.4948453608247423,0.5454545454545454,0.518918918918919,0.4375,0.4545454545454545,SVM,0.1,PGD_eps0.15_it10,,50,200,PGD,0.15,10.0,,99
0.545,0.4845360824742268,0.5340909090909091,0.5081081081081081,0.4464285714285714,0.4659090909090909,SVM,0.1,PGD_eps0.15_it25,,50,200,PGD,0.15,25.0,,99
0.26,0.3125,0.5681818181818182,0.4032258064516129,0.9821428571428572,0.4318181818181818,SVM,0.1,PGD_eps0.3_it10,,50,200,PGD,0.3,10.0,,99
0.26,0.3148148148148148,0.5795454545454546,0.408,0.9910714285714286,0.4204545454545454,SVM,0.1,PGD_eps0.3_it25,,50,200,PGD,0.3,25.0,,99
0.19,0.25,0.4204545454545454,0.3135593220338983,0.9910714285714286,0.5795454545454546,SVM,0.1,PGD_eps0.5_it10,,50,200,PGD,0.5,10.0,,99
0.155,0.2167832167832167,0.3522727272727273,0.2683982683982684,1.0,0.6477272727272727,SVM,0.1,PGD_eps0.5_it25,,50,200,PGD,0.5,25.0,,99
0.125,0.1824817518248175,0.2840909090909091,0.2222222222222222,1.0,0.7159090909090909,SVM,0.1,PGD_eps0.75_it10,,50,200,PGD,0.75,10.0,,99
0.15,0.2112676056338028,0.3409090909090909,0.2608695652173913,1.0,0.6590909090909091,SVM,0.1,PGD_eps0.75_it25,,50,200,PGD,0.75,25.0,,99
0.785,0.7319587628865979,0.8068181818181818,0.7675675675675676,0.2321428571428571,0.1931818181818181,SVM,0.1,CW_c0.0_it10,,50,200,CW,,10.0,0.0,99
0.775,0.7171717171717171,0.8068181818181818,0.7593582887700535,0.25,0.1931818181818181,SVM,0.1,CW_c0.5_it10,,50,200,CW,,10.0,0.5,99
0.565,1.0,0.0113636363636363,0.0224719101123595,0.0,0.9886363636363636,RF,0.1,Clean,0.0052784097194671,50,200,,,,,99
0.48,0.1,0.0227272727272727,0.037037037037037,0.1607142857142857,0.9772727272727272,RF,0.1,FGSM_eps0.15,,50,200,FGSM,0.15,1.0,,99
0.47,0.1785714285714285,0.0568181818181818,0.0862068965517241,0.2053571428571428,0.9431818181818182,RF,0.1,FGSM_eps0.3,,50,200,FGSM,0.3,1.0,,99
0.465,0.1724137931034483,0.0568181818181818,0.0854700854700854,0.2142857142857142,0.9431818181818182,RF,0.1,FGSM_eps0.5,,50,200,FGSM,0.5,1.0,,99
0.48,0.1923076923076923,0.0568181818181818,0.087719298245614,0.1875,0.9431818181818182,RF,0.1,FGSM_eps0.75,,50,200,FGSM,0.75,1.0,,99
0.54,0.25,0.0227272727272727,0.0416666666666666,0.0535714285714285,0.9772727272727272,RF,0.1,PGD_eps0.15_it10,,50,200,PGD,0.15,10.0,,99
0.535,0.0,0.0,0.0,0.0446428571428571,1.0,RF,0.1,PGD_eps0.15_it25,,50,200,PGD,0.15,25.0,,99
0.49,0.1111111111111111,0.0227272727272727,0.0377358490566037,0.1428571428571428,0.9772727272727272,RF,0.1,PGD_eps0.3_it10,,50,200,PGD,0.3,10.0,,99
0.485,0.0,0.0,0.0,0.1339285714285714,1.0,RF,0.1,PGD_eps0.3_it25,,50,200,PGD,0.3,25.0,,99
0.43,0.09375,0.034090909090909,0.05,0.2589285714285714,0.9659090909090908,RF,0.1,PGD_eps0.5_it10,,50,200,PGD,0.5,10.0,,99
0.385,0.073170731707317,0.034090909090909,0.0465116279069767,0.3392857142857143,0.9659090909090908,RF,0.1,PGD_eps0.5_it25,,50,200,PGD,0.5,25.0,,99
0.435,0.0967741935483871,0.034090909090909,0.0504201680672268,0.25,0.9659090909090908,RF,0.1,PGD_eps0.75_it10,,50,200,PGD,0.75,10.0,,99
0.51,0.1428571428571428,0.0227272727272727,0.0392156862745098,0.1071428571428571,0.9772727272727272,RF,0.1,PGD_eps0.75_it25,,50,200,PGD,0.75,25.0,,99
0.565,1.0,0.0113636363636363,0.0224719101123595,0.0,0.9886363636363636,RF,0.1,CW_c0.0_it10,,50,200,CW,,10.0,0.0,99
0.57,1.0,0.0227272727272727,0.0444444444444444,0.0,0.9772727272727272,RF,0.1,CW_c0.5_it10,,50,200,CW,,10.0,0.5,99
1.0,1.0,1.0,1.0,0.0,0.0,MLP,0.1,Clean,0.0024041414260864,50,200,,,,,99
0.24,0.0555555555555555,0.0454545454545454,0.05,0.6071428571428571,0.9545454545454546,MLP,0.1,FGSM_eps0.15,,50,200,FGSM,0.15,1.0,,99
0.095,0.0105263157894736,0.0113636363636363,0.0109289617486338,0.8392857142857143,0.9886363636363636,MLP,0.1,FGSM_eps0.3,,50,200,FGSM,0.3,1.0,,99
0.03,0.0092592592592592,0.0113636363636363,0.010204081632653,0.9553571428571428,0.9886363636363636,MLP,0.1,FGSM_eps0.5,,50,200,FGSM,0.5,1.0,,99
0.025,0.0091743119266055,0.0113636363636363,0.0101522842639593,0.9642857142857144,0.9886363636363636,MLP,0.1,FGSM_eps0.75,,50,200,FGSM,0.75,1.0,,99
0.14,0.0531914893617021,0.0568181818181818,0.0549450549450549,0.7946428571428571,0.9431818181818182,MLP,0.1,PGD_eps0.15_it10,,50,200,PGD,0.15,10.0,,99
0.135,0.043010752688172,0.0454545454545454,0.0441988950276243,0.7946428571428571,0.9545454545454546,MLP,0.1,PGD_eps0.15_it25,,50,200,PGD,0.15,25.0,,99
0.015,0.009009009009009,0.0113636363636363,0.0100502512562814,0.9821428571428572,0.9886363636363636,MLP,0.1,PGD_eps0.3_it10,,50,200,PGD,0.3,10.0,,99
0.015,0.009009009009009,0.0113636363636363,0.0100502512562814,0.9821428571428572,0.9886363636363636,MLP,0.1,PGD_eps0.3_it25,,50,200,PGD,0.3,25.0,,99
0.005,0.0088495575221238,0.0113636363636363,0.0099502487562189,1.0,0.9886363636363636,MLP,0.1,PGD_eps0.5_it10,,50,200,PGD,0.5,10.0,,99
0.005,0.0088495575221238,0.0113636363636363,0.0099502487562189,1.0,0.9886363636363636,MLP,0.1,PGD_eps0.5_it25,,50,200,PGD,0.5,25.0,,99
0.005,0.0088495575221238,0.0113636363636363,0.0099502487562189,1.0,0.9886363636363636,MLP,0.1,PGD_eps0.75_it10,,50,200,PGD,0.75,10.0,,99
0.005,0.0088495575221238,0.0113636363636363,0.0099502487562189,1.0,0.9886363636363636,MLP,0.1,PGD_eps0.75_it25,,50,200,PGD,0.75,25.0,,99
0.345,0.2637362637362637,0.2727272727272727,0.2681564245810056,0.5982142857142857,0.7272727272727273,MLP,0.1,CW_c0.0_it10,,50,200,CW,,10.0,0.0,99
0.2,0.1727272727272727,0.2159090909090909,0.1919191919191919,0.8125,0.7840909090909091,MLP,0.1,CW_c0.5_it10,,50,200,CW,,10.0,0.5,99
0.885,0.891566265060241,0.8409090909090909,0.8654970760233918,0.0803571428571428,0.1590909090909091,LR,0.25,Clean,0.0001538455486297,50,200,,,,,99
0.44,0.3125,0.2272727272727272,0.2631578947368421,0.3928571428571428,0.7727272727272727,LR,0.25,FGSM_eps0.15,,50,200,FGSM,0.15,1.0,,99
0.105,0.0666666666666666,0.0795454545454545,0.0725388601036269,0.875,0.9204545454545454,LR,0.25,FGSM_eps0.3,,50,200,FGSM,0.3,1.0,,99
0.05,0.0096153846153846,0.0113636363636363,0.0104166666666666,0.9196428571428572,0.9886363636363636,LR,0.25,FGSM_eps0.5,,50,200,FGSM,0.5,1.0,,99
0.035,0.0093457943925233,0.0113636363636363,0.0102564102564102,0.9464285714285714,0.9886363636363636,LR,0.25,FGSM_eps0.75,,50,200,FGSM,0.75,1.0,,99
0.495,0.419753086419753,0.3863636363636363,0.4023668639053254,0.4196428571428571,0.6136363636363636,LR,0.25,PGD_eps0.15_it10,,50,200,PGD,0.15,10.0,,99
0.515,0.4470588235294118,0.4318181818181818,0.4393063583815029,0.4196428571428571,0.5681818181818182,LR,0.25,PGD_eps0.15_it25,,50,200,PGD,0.15,25.0,,99
0.07,0.0916666666666666,0.125,0.1057692307692307,0.9732142857142856,0.875,LR,0.25,PGD_eps0.3_it10,,50,200,PGD,0.3,10.0,,99
0.095,0.1157024793388429,0.1590909090909091,0.1339712918660287,0.9553571428571428,0.8409090909090909,LR,0.25,PGD_eps0.3_it25,,50,200,PGD,0.3,25.0,,99
0.12,0.1764705882352941,0.2727272727272727,0.2142857142857142,1.0,0.7272727272727273,LR,0.25,PGD_eps0.5_it10,,50,200,PGD,0.5,10.0,,99
0.09,0.1384615384615384,0.2045454545454545,0.1651376146788991,1.0,0.7954545454545454,LR,0.25,PGD_eps0.5_it25,,50,200,PGD,0.5,25.0,,99
0.1,0.1515151515151515,0.2272727272727272,0.1818181818181818,1.0,0.7727272727272727,LR,0.25,PGD_eps0.75_it10,,50,200,PGD,0.75,10.0,,99
0.1,0.1515151515151515,0.2272727272727272,0.1818181818181818,1.0,0.7727272727272727,LR,0.25,PGD_eps0.75_it25,,50,200,PGD,0.75,25.0,,99
0.635,0.5728155339805825,0.6704545454545454,0.6178010471204188,0.3928571428571428,0.3295454545454545,LR,0.25,CW_c0.0_it10,,50,200,CW,,10.0,0.0,99
0.59,0.5288461538461539,0.625,0.5729166666666666,0.4375,0.375,LR,0.25,CW_c0.5_it10,,50,200,CW,,10.0,0.5,99
0.855,0.8470588235294118,0.8181818181818182,0.8323699421965318,0.1160714285714285,0.1818181818181818,SVM,0.25,Clean,0.0001556098461151,50,200,,,,,99
0.415,0.2542372881355932,0.1704545454545454,0.2040816326530612,0.3928571428571428,0.8295454545454546,SVM,0.25,FGSM_eps0.15,,50,200,FGSM,0.15,1.0,,99
0.125,0.0934579439252336,0.1136363636363636,0.1025641025641025,0.8660714285714286,0.8863636363636364,SVM,0.25,FGSM_eps0.3,,50,200,FGSM,0.3,1.0,,99
0.105,0.0666666666666666,0.0795454545454545,0.0725388601036269,0.875,0.9204545454545454,SVM,0.25,FGSM_eps0.5,,50,200,FGSM,0.5,1.0,,99
0.105,0.0666666666666666,0.0795454545454545,0.0725388601036269,0.875,0.9204545454545454,SVM,0.25,FGSM_eps0.75,,50,200,FGSM,0.75,1.0,,99
0.55,0.4895833333333333,0.5340909090909091,0.5108695652173914,0.4375,0.4659090909090909,SVM,0.25,PGD_eps0.15_it10,,50,200,PGD,0.15,10.0,,99
0.55,0.4895833333333333,0.5340909090909091,0.5108695652173914,0.4375,0.4659090909090909,SVM,0.25,PGD_eps0.15_it25,,50,200,PGD,0.15,25.0,,99
0.26,0.3125,0.5681818181818182,0.4032258064516129,0.9821428571428572,0.4318181818181818,SVM,0.25,PGD_eps0.3_it10,,50,200,PGD,0.3,10.0,,99
0.26,0.3148148148148148,0.5795454545454546,0.408,0.9910714285714286,0.4204545454545454,SVM,0.25,PGD_eps0.3_it25,,50,200,PGD,0.3,25.0,,99
0.185,0.2448979591836734,0.4090909090909091,0.3063829787234042,0.9910714285714286,0.5909090909090909,SVM,0.25,PGD_eps0.5_it10,,50,200,PGD,0.5,10.0,,99
0.155,0.2167832167832167,0.3522727272727273,0.2683982683982684,1.0,0.6477272727272727,SVM,0.25,PGD_eps0.5_it25,,50,200,PGD,0.5,25.0,,99
0.13,0.1884057971014492,0.2954545454545454,0.2300884955752212,1.0,0.7045454545454546,SVM,0.25,PGD_eps0.75_it10,,50,200,PGD,0.75,10.0,,99
0.155,0.2167832167832167,0.3522727272727273,0.2683982683982684,1.0,0.6477272727272727,SVM,0.25,PGD_eps0.75_it25,,50,200,PGD,0.75,25.0,,99
0.755,0.693069306930693,0.7954545454545454,0.7407407407407407,0.2767857142857143,0.2045454545454545,SVM,0.25,CW_c0.0_it10,,50,200,CW,,10.0,0.0,99
0.75,0.69,0.7840909090909091,0.7340425531914894,0.2767857142857143,0.2159090909090909,SVM,0.25,CW_c0.5_it10,,50,200,CW,,10.0,0.5,99
0.56,0.0,0.0,0.0,0.0,1.0,RF,0.25,Clean,0.0052964794635772,50,200,,,,,99
0.56,0.0,0.0,0.0,0.0,1.0,RF,0.25,FGSM_eps0.15,,50,200,FGSM,0.15,1.0,,99
0.495,0.1176470588235294,0.0227272727272727,0.0380952380952381,0.1339285714285714,0.9772727272727272,RF,0.25,FGSM_eps0.3,,50,200,FGSM,0.3,1.0,,99
0.48,0.1923076923076923,0.0568181818181818,0.087719298245614,0.1875,0.9431818181818182,RF,0.25,FGSM_eps0.5,,50,200,FGSM,0.5,1.0,,99
0.48,0.1923076923076923,0.0568181818181818,0.087719298245614,0.1875,0.9431818181818182,RF,0.25,FGSM_eps0.75,,50,200,FGSM,0.75,1.0,,99
0.56,0.0,0.0,0.0,0.0,1.0,RF,0.25,PGD_eps0.15_it10,,50,200,PGD,0.15,10.0,,99
0.56,0.0,0.0,0.0,0.0,1.0,RF,0.25,PGD_eps0.15_it25,,50,200,PGD,0.15,25.0,,99
0.55,0.0,0.0,0.0,0.0178571428571428,1.0,RF,0.25,PGD_eps0.3_it10,,50,200,PGD,0.3,10.0,,99
0.535,0.0,0.0,0.0,0.0446428571428571,1.0,RF,0.25,PGD_eps0.3_it25,,50,200,PGD,0.3,25.0,,99
0.455,0.1111111111111111,0.034090909090909,0.0521739130434782,0.2142857142857142,0.9659090909090908,RF,0.25,PGD_eps0.5_it10,,50,200,PGD,0.5,10.0,,99
0.4,0.0,0.0,0.0,0.2857142857142857,1.0,RF,0.25,PGD_eps0.5_it25,,50,200,PGD,0.5,25.0,,99
0.43,0.0,0.0,0.0,0.2321428571428571,1.0,RF,0.25,PGD_eps0.75_it10,,50,200,PGD,0.75,10.0,,99
0.51,0.1428571428571428,0.0227272727272727,0.0392156862745098,0.1071428571428571,0.9772727272727272,RF,0.25,PGD_eps0.75_it25,,50,200,PGD,0.75,25.0,,99
0.56,0.0,0.0,0.0,0.0,1.0,RF,0.25,CW_c0.0_it10,,50,200,CW,,10.0,0.0,99
0.56,0.0,0.0,0.0,0.0,1.0,RF,0.25,CW_c0.5_it10,,50,200,CW,,10.0,0.5,99
0.965,0.945054945054945,0.9772727272727272,0.9608938547486032,0.0446428571428571,0.0227272727272727,MLP,0.25,Clean,0.0024160206317901,50,200,,,,,99
0.23,0.0769230769230769,0.0681818181818181,0.072289156626506,0.6428571428571429,0.9318181818181818,MLP,0.25,FGSM_eps0.15,,50,200,FGSM,0.15,1.0,,99
0.11,0.0108695652173913,0.0113636363636363,0.0111111111111111,0.8125,0.9886363636363636,MLP,0.25,FGSM_eps0.3,,50,200,FGSM,0.3,1.0,,99
0.03,0.0092592592592592,0.0113636363636363,0.010204081632653,0.9553571428571428,0.9886363636363636,MLP,0.25,FGSM_eps0.5,,50,200,FGSM,0.5,1.0,,99
0.015,0.009009009009009,0.0113636363636363,0.0100502512562814,0.9821428571428572,0.9886363636363636,MLP,0.25,FGSM_eps0.75,,50,200,FGSM,0.75,1.0,,99
0.15,0.0638297872340425,0.0681818181818181,0.0659340659340659,0.7857142857142857,0.9318181818181818,MLP,0.25,PGD_eps0.15_it10,,50,200,PGD,0.15,10.0,,99
0.16,0.0833333333333333,0.0909090909090909,0.0869565217391304,0.7857142857142857,0.9090909090909092,MLP,0.25,PGD_eps0.15_it25,,50,200,PGD,0.15,25.0,,99
0.01,0.0089285714285714,0.0113636363636363,0.01,0.9910714285714286,0.9886363636363636,MLP,0.25,PGD_eps0.3_it10,,50,200,PGD,0.3,10.0,,99
0.015,0.009009009009009,0.0113636363636363,0.0100502512562814,0.9821428571428572,0.9886363636363636,MLP,0.25,PGD_eps0.3_it25,,50,200,PGD,0.3,25.0,,99
0.005,0.0088495575221238,0.0113636363636363,0.0099502487562189,1.0,0.9886363636363636,MLP,0.25,PGD_eps0.5_it10,,50,200,PGD,0.5,10.0,,99
0.005,0.0088495575221238,0.0113636363636363,0.0099502487562189,1.0,0.9886363636363636,MLP,0.25,PGD_eps0.5_it25,,50,200,PGD,0.5,25.0,,99
0.005,0.0088495575221238,0.0113636363636363,0.0099502487562189,1.0,0.9886363636363636,MLP,0.25,PGD_eps0.75_it10,,50,200,PGD,0.75,10.0,,99
0.005,0.0088495575221238,0.0113636363636363,0.0099502487562189,1.0,0.9886363636363636,MLP,0.25,PGD_eps0.75_it25,,50,200,PGD,0.75,25.0,,99
0.425,0.3516483516483517,0.3636363636363636,0.3575418994413408,0.5267857142857143,0.6363636363636364,MLP,0.25,CW_c0.0_it10,,50,200,CW,,10.0,0.0,99
0.285,0.233009708737864,0.2727272727272727,0.2513089005235602,0.7053571428571429,0.7272727272727273,MLP,0.25,CW_c0.5_it10,,50,200,CW,,10.0,0.5,99
0.89,0.875,0.875,0.875,0.0982142857142857,0.125,LR,0.5,Clean,0.0001527452468872,50,200,,,,,99
0.44,0.3125,0.2272727272727272,0.2631578947368421,0.3928571428571428,0.7727272727272727,LR,0.5,FGSM_eps0.15,,50,200,FGSM,0.15,1.0,,99
0.11,0.0673076923076923,0.0795454545454545,0.0729166666666666,0.8660714285714286,0.9204545454545454,LR,0.5,FGSM_eps0.3,,50,200,FGSM,0.3,1.0,,99
0.05,0.0096153846153846,0.0113636363636363,0.0104166666666666,0.9196428571428572,0.9886363636363636,LR,0.5,FGSM_eps0.5,,50,200,FGSM,0.5,1.0,,99
0.03,0.0092592592592592,0.0113636363636363,0.010204081632653,0.9553571428571428,0.9886363636363636,LR,0.5,FGSM_eps0.75,,50,200,FGSM,0.75,1.0,,99
0.5,0.4302325581395348,0.4204545454545454,0.425287356321839,0.4375,0.5795454545454546,LR,0.5,PGD_eps0.15_it10,,50,200,PGD,0.15,10.0,,99
0.51,0.4404761904761904,0.4204545454545454,0.4302325581395348,0.4196428571428571,0.5795454545454546,LR,0.5,PGD_eps0.15_it25,,50,200,PGD,0.15,25.0,,99
0.07,0.0775862068965517,0.1022727272727272,0.088235294117647,0.9553571428571428,0.8977272727272727,LR,0.5,PGD_eps0.3_it10,,50,200,PGD,0.3,10.0,,99
0.125,0.1574803149606299,0.2272727272727272,0.1860465116279069,0.9553571428571428,0.7727272727272727,LR,0.5,PGD_eps0.3_it25,,50,200,PGD,0.3,25.0,,99
0.11,0.1641791044776119,0.25,0.1981981981981982,1.0,0.75,LR,0.5,PGD_eps0.5_it10,,50,200,PGD,0.5,10.0,,99
0.08,0.125,0.1818181818181818,0.1481481481481481,1.0,0.8181818181818182,LR,0.5,PGD_eps0.5_it25,,50,200,PGD,0.5,25.0,,99
0.11,0.1641791044776119,0.25,0.1981981981981982,1.0,0.75,LR,0.5,PGD_eps0.75_it10,,50,200,PGD,0.75,10.0,,99
0.1,0.1515151515151515,0.2272727272727272,0.1818181818181818,1.0,0.7727272727272727,LR,0.5,PGD_eps0.75_it25,,50,200,PGD,0.75,25.0,,99
0.62,0.56,0.6363636363636364,0.5957446808510638,0.3928571428571428,0.3636363636363636,LR,0.5,CW_c0.0_it10,,50,200,CW,,10.0,0.0,99
0.635,0.5688073394495413,0.7045454545454546,0.6294416243654822,0.4196428571428571,0.2954545454545454,LR,0.5,CW_c0.5_it10,,50,200,CW,,10.0,0.5,99
0.865,0.8674698795180723,0.8181818181818182,0.8421052631578947,0.0982142857142857,0.1818181818181818,SVM,0.5,Clean,0.0001554381847381,50,200,,,,,99
0.415,0.2698412698412698,0.1931818181818181,0.2251655629139073,0.4107142857142857,0.8068181818181818,SVM,0.5,FGSM_eps0.15,,50,200,FGSM,0.15,1.0,,99
0.145,0.1047619047619047,0.125,0.1139896373056994,0.8392857142857143,0.875,SVM,0.5,FGSM_eps0.3,,50,200,FGSM,0.3,1.0,,99
0.105,0.0666666666666666,0.0795454545454545,0.0725388601036269,0.875,0.9204545454545454,SVM,0.5,FGSM_eps0.5,,50,200,FGSM,0.5,1.0,,99
0.105,0.0666666666666666,0.0795454545454545,0.0725388601036269,0.875,0.9204545454545454,SVM,0.5,FGSM_eps0.75,,50,200,FGSM,0.75,1.0,,99
0.53,0.4711538461538461,0.5568181818181818,0.5104166666666666,0.4910714285714285,0.4431818181818182,SVM,0.5,PGD_eps0.15_it10,,50,200,PGD,0.15,10.0,,99
0.545,0.4854368932038835,0.5681818181818182,0.5235602094240838,0.4732142857142857,0.4318181818181818,SVM,0.5,PGD_eps0.15_it25,,50,200,PGD,0.15,25.0,,99
0.26,0.310126582278481,0.5568181818181818,0.3983739837398374,0.9732142857142856,0.4431818181818182,SVM,0.5,PGD_eps0.3_it10,,50,200,PGD,0.3,10.0,,99
0.27,0.31875,0.5795454545454546,0.4112903225806452,0.9732142857142856,0.4204545454545454,SVM,0.5,PGD_eps0.3_it25,,50,200,PGD,0.3,25.0,,99
0.18,0.2397260273972602,0.3977272727272727,0.2991452991452991,0.9910714285714286,0.6022727272727273,SVM,0.5,PGD_eps0.5_it10,,50,200,PGD,0.5,10.0,,99
0.155,0.2167832167832167,0.3522727272727273,0.2683982683982684,1.0,0.6477272727272727,SVM,0.5,PGD_eps0.5_it25,,50,200,PGD,0.5,25.0,,99
0.135,0.1942446043165467,0.3068181818181818,0.237885462555066,1.0,0.6931818181818182,SVM,0.5,PGD_eps0.75_it10,,50,200,PGD,0.75,10.0,,99
0.155,0.2167832167832167,0.3522727272727273,0.2683982683982684,1.0,0.6477272727272727,SVM,0.5,PGD_eps0.75_it25,,50,200,PGD,0.75,25.0,,99
0.77,0.71,0.8068181818181818,0.7553191489361702,0.2589285714285714,0.1931818181818181,SVM,0.5,CW_c0.0_it10,,50,200,CW,,10.0,0.0,99
0.745,0.6907216494845361,0.7613636363636364,0.7243243243243244,0.2678571428571428,0.2386363636363636,SVM,0.5,CW_c0.5_it10,,50,200,CW,,10.0,0.5,99
0.56,0.0,0.0,0.0,0.0,1.0,RF,0.5,Clean,0.0052739679813385,50,200,,,,,99
0.56,0.0,0.0,0.0,0.0,1.0,RF,0.5,FGSM_eps0.15,,50,200,FGSM,0.15,1.0,,99
0.56,0.0,0.0,0.0,0.0,1.0,RF,0.5,FGSM_eps0.3,,50,200,FGSM,0.3,1.0,,99
0.53,0.125,0.0113636363636363,0.0208333333333333,0.0625,0.9886363636363636,RF,0.5,FGSM_eps0.5,,50,200,FGSM,0.5,1.0,,99
0.49,0.2083333333333333,0.0568181818181818,0.0892857142857142,0.1696428571428571,0.9431818181818182,RF,0.5,FGSM_eps0.75,,50,200,FGSM,0.75,1.0,,99
0.56,0.0,0.0,0.0,0.0,1.0,RF,0.5,PGD_eps0.15_it10,,50,200,PGD,0.15,10.0,,99
0.56,0.0,0.0,0.0,0.0,1.0,RF,0.5,PGD_eps0.15_it25,,50,200,PGD,0.15,25.0,,99
0.56,0.0,0.0,0.0,0.0,1.0,RF,0.5,PGD_eps0.3_it10,,50,200,PGD,0.3,10.0,,99
0.56,0.0,0.0,0.0,0.0,1.0,RF,0.5,PGD_eps0.3_it25,,50,200,PGD,0.3,25.0,,99
0.56,0.0,0.0,0.0,0.0,1.0,RF,0.5,PGD_eps0.5_it10,,50,200,PGD,0.5,10.0,,99
0.56,0.0,0.0,0.0,0.0,1.0,RF,0.5,PGD_eps0.5_it25,,50,200,PGD,0.5,25.0,,99
0.54,0.0,0.0,0.0,0.0357142857142857,1.0,RF,0.5,PGD_eps0.75_it10,,50,200,PGD,0.75,10.0,,99
0.565,1.0,0.0113636363636363,0.0224719101123595,0.0,0.9886363636363636,RF,0.5,PGD_eps0.75_it25,,50,200,PGD,0.75,25.0,,99
0.56,0.0,0.0,0.0,0.0,1.0,RF,0.5,CW_c0.0_it10,,50,200,CW,,10.0,0.0,99
0.56,0.0,0.0,0.0,0.0,1.0,RF,0.5,CW_c0.5_it10,,50,200,CW,,10.0,0.5,99
0.89,0.84375,0.9204545454545454,0.8804347826086957,0.1339285714285714,0.0795454545454545,MLP,0.5,Clean,0.0021101832389831,50,200,,,,,99
0.255,0.1234567901234567,0.1136363636363636,0.1183431952662721,0.6339285714285714,0.8863636363636364,MLP,0.5,FGSM_eps0.15,,50,200,FGSM,0.15,1.0,,99
0.095,0.0206185567010309,0.0227272727272727,0.0216216216216216,0.8482142857142857,0.9772727272727272,MLP,0.5,FGSM_eps0.3,,50,200,FGSM,0.3,1.0,,99
0.02,0.009090909090909,0.0113636363636363,0.0101010101010101,0.9732142857142856,0.9886363636363636,MLP,0.5,FGSM_eps0.5,,50,200,FGSM,0.5,1.0,,99
0.015,0.009009009009009,0.0113636363636363,0.0100502512562814,0.9821428571428572,0.9886363636363636,MLP,0.5,FGSM_eps0.75,,50,200,FGSM,0.75,1.0,,99
0.18,0.1122448979591836,0.125,0.1182795698924731,0.7767857142857143,0.875,MLP,0.5,PGD_eps0.15_it10,,50,200,PGD,0.15,10.0,,99
0.205,0.134020618556701,0.1477272727272727,0.1405405405405405,0.75,0.8522727272727273,MLP,0.5,PGD_eps0.15_it25,,50,200,PGD,0.15,25.0,,99
0.025,0.0347826086956521,0.0454545454545454,0.0394088669950738,0.9910714285714286,0.9545454545454546,MLP,0.5,PGD_eps0.3_it10,,50,200,PGD,0.3,10.0,,99
0.04,0.059322033898305,0.0795454545454545,0.0679611650485436,0.9910714285714286,0.9204545454545454,MLP,0.5,PGD_eps0.3_it25,,50,200,PGD,0.3,25.0,,99
0.005,0.0088495575221238,0.0113636363636363,0.0099502487562189,1.0,0.9886363636363636,MLP,0.5,PGD_eps0.5_it10,,50,200,PGD,0.5,10.0,,99
0.005,0.0088495575221238,0.0113636363636363,0.0099502487562189,1.0,0.9886363636363636,MLP,0.5,PGD_eps0.5_it25,,50,200,PGD,0.5,25.0,,99
0.005,0.0088495575221238,0.0113636363636363,0.0099502487562189,1.0,0.9886363636363636,MLP,0.5,PGD_eps0.75_it10,,50,200,PGD,0.75,10.0,,99
0.005,0.0088495575221238,0.0113636363636363,0.0099502487562189,1.0,0.9886363636363636,MLP,0.5,PGD_eps0.75_it25,,50,200,PGD,0.75,25.0,,99
0.41,0.3660714285714285,0.4659090909090909,0.41,0.6339285714285714,0.5340909090909091,MLP,0.5,CW_c0.0_it10,,50,200,CW,,10.0,0.0,99
0.4,0.3596491228070175,0.4659090909090909,0.4059405940594059,0.6517857142857143,0.5340909090909091,MLP,0.5,CW_c0.5_it10,,50,200,CW,,10.0,0.5,99
