model,attack,n,n_detected_clean,asr,fnr_under_attack,family,epsilon,iters,traffic_family,confidence
LR,FGSM_eps0.15,60000,0,,,FGSM,0.15,1,Benign,
LR,FGSM_eps0.15,6052,6045,0.9956989247311828,0.9957038995373431,FGSM,0.15,1,Botnet Ares,
LR,FGSM_eps0.15,49,49,1.0,1.0,FGSM,0.15,1,Botnet Ares - Attempted,
LR,FGSM_eps0.15,5894,5893,1.0,0.999830335934849,FGSM,0.15,1,DDoS-HOIC,
LR,FGSM_eps0.15,5960,5960,1.0,1.0,FGSM,0.15,1,DDoS-LOIC-HTTP,
LR,FGSM_eps0.15,516,508,0.047244094488188976,0.06201550387596899,FGSM,0.15,1,DDoS-LOIC-UDP,
LR,FGSM_eps0.15,51,0,,0.9019607843137255,FGSM,0.15,1,DDoS-LOIC-UDP - Attempted,
LR,FGSM_eps0.15,4580,4453,0.9997754322928363,0.9997816593886463,FGSM,0.15,1,DoS GoldenEye,
LR,FGSM_eps0.15,849,848,1.0,1.0,FGSM,0.15,1,DoS GoldenEye - Attempted,
LR,FGSM_eps0.15,5951,5951,1.0,1.0,FGSM,0.15,1,DoS Hulk,
LR,FGSM_eps0.15,19,19,0.631578947368421,0.631578947368421,FGSM,0.15,1,DoS Hulk - Attempted,
LR,FGSM_eps0.15,1713,1633,0.9865278628291488,0.9871570344424986,FGSM,0.15,1,DoS Slowloris,
LR,FGSM_eps0.15,437,424,0.9976415094339622,0.9977116704805492,FGSM,0.15,1,DoS Slowloris - Attempted,
LR,FGSM_eps0.15,5957,5957,0.1436964915225785,0.1436964915225785,FGSM,0.15,1,FTP-BruteForce - Attempted,
LR,FGSM_eps0.15,47,47,0.0,0.0,FGSM,0.15,1,Infiltration - Communication Victim Attacker,
LR,FGSM_eps0.15,14,2,1.0,0.35714285714285715,FGSM,0.15,1,Infiltration - Dropbox Download,
LR,FGSM_eps0.15,2,0,,0.5,FGSM,0.15,1,Infiltration - Dropbox Download - Attempted,
LR,FGSM_eps0.15,6072,4496,0.8209519572953736,0.8549077733860343,FGSM,0.15,1,Infiltration - NMAP Portscan,
LR,FGSM_eps0.15,6059,6059,1.0,1.0,FGSM,0.15,1,SSH-BruteForce,
LR,FGSM_eps0.15,27,26,0.0,0.037037037037037035,FGSM,0.15,1,Web Attack - Brute Force,
LR,FGSM_eps0.15,25,10,1.0,1.0,FGSM,0.15,1,Web Attack - Brute Force - Attempted,
LR,FGSM_eps0.15,6,2,0.5,0.6666666666666666,FGSM,0.15,1,Web Attack - SQL,
LR,FGSM_eps0.15,3,1,0.0,0.0,FGSM,0.15,1,Web Attack - SQL - Attempted,
LR,FGSM_eps0.15,19,0,,1.0,FGSM,0.15,1,Web Attack - XSS,
LR,FGSM_eps0.15,1,0,,0.0,FGSM,0.15,1,Web Attack - XSS - Attempted,
SVM,FGSM_eps0.15,60000,0,,,FGSM,0.15,1,Benign,
SVM,FGSM_eps0.15,6052,6045,0.9956989247311828,0.9957038995373431,FGSM,0.15,1,Botnet Ares,
SVM,FGSM_eps0.15,49,49,1.0,1.0,FGSM,0.15,1,Botnet Ares - Attempted,
SVM,FGSM_eps0.15,5894,5893,0.9972849143051078,0.997115710892433,FGSM,0.15,1,DDoS-HOIC,
SVM,FGSM_eps0.15,5960,7,1.0,1.0,FGSM,0.15,1,DDoS-LOIC-HTTP,
SVM,FGSM_eps0.15,516,509,0.0,0.013565891472868217,FGSM,0.15,1,DDoS-LOIC-UDP,
SVM,FGSM_eps0.15,51,0,,1.0,FGSM,0.15,1,DDoS-LOIC-UDP - Attempted,
SVM,FGSM_eps0.15,4580,4545,0.5293729372937294,0.5329694323144105,FGSM,0.15,1,DoS GoldenEye,
SVM,FGSM_eps0.15,849,848,0.3160377358490566,0.3168433451118963,FGSM,0.15,1,DoS GoldenEye - Attempted,
SVM,FGSM_eps0.15,5951,5950,0.4161344537815126,0.4162325659553016,FGSM,0.15,1,DoS Hulk,
SVM,FGSM_eps0.15,19,19,0.5789473684210527,0.5789473684210527,FGSM,0.15,1,DoS Hulk - Attempted,
SVM,FGSM_eps0.15,1713,1629,0.7992633517495396,0.809106830122592,FGSM,0.15,1,DoS Slowloris,
SVM,FGSM_eps0.15,437,424,0.04716981132075472,0.07551487414187644,FGSM,0.15,1,DoS Slowloris - Attempted,
SVM,FGSM_eps0.15,5957,5957,0.0,0.0,FGSM,0.15,1,FTP-BruteForce - Attempted,
SVM,FGSM_eps0.15,47,47,0.0851063829787234,0.0851063829787234,FGSM,0.15,1,Infiltration - Communication Victim Attacker,
SVM,FGSM_eps0.15,14,1,0.0,0.21428571428571427,FGSM,0.15,1,Infiltration - Dropbox Download,
SVM,FGSM_eps0.15,2,0,,0.5,FGSM,0.15,1,Infiltration - Dropbox Download - Attempted,
SVM,FGSM_eps0.15,6072,4608,0.7361111111111112,0.7924901185770751,FGSM,0.15,1,Infiltration - NMAP Portscan,
SVM,FGSM_eps0.15,6059,6059,1.0,1.0,FGSM,0.15,1,SSH-BruteForce,
SVM,FGSM_eps0.15,27,0,,1.0,FGSM,0.15,1,Web Attack - Brute Force,
SVM,FGSM_eps0.15,25,0,,1.0,FGSM,0.15,1,Web Attack - Brute Force - Attempted,
SVM,FGSM_eps0.15,6,0,,0.8333333333333334,FGSM,0.15,1,Web Attack - SQL,
SVM,FGSM_eps0.15,3,0,,0.3333333333333333,FGSM,0.15,1,Web Attack - SQL - Attempted,
SVM,FGSM_eps0.15,19,0,,1.0,FGSM,0.15,1,Web Attack - XSS,
SVM,FGSM_eps0.15,1,0,,0.0,FGSM,0.15,1,Web Attack - XSS - Attempted,
RF,FGSM_eps0.15,60000,0,,,FGSM,0.15,1,Benign,
RF,FGSM_eps0.15,6052,6052,0.9945472571050892,0.9945472571050892,FGSM,0.15,1,Botnet Ares,
RF,FGSM_eps0.15,49,49,1.0,1.0,FGSM,0.15,1,Botnet Ares - Attempted,
RF,FGSM_eps0.15,5894,5894,1.0,1.0,FGSM,0.15,1,DDoS-HOIC,
RF,FGSM_eps0.15,5960,5960,1.0,1.0,FGSM,0.15,1,DDoS-LOIC-HTTP,
RF,FGSM_eps0.15,516,516,0.5116279069767442,0.5116279069767442,FGSM,0.15,1,DDoS-LOIC-UDP,
RF,FGSM_eps0.15,51,51,1.0,1.0,FGSM,0.15,1,DDoS-LOIC-UDP - Attempted,
RF,FGSM_eps0.15,4580,4580,1.0,1.0,FGSM,0.15,1,DoS GoldenEye,
RF,FGSM_eps0.15,849,849,1.0,1.0,FGSM,0.15,1,DoS GoldenEye - Attempted,
RF,FGSM_eps0.15,5951,5951,1.0,1.0,FGSM,0.15,1,DoS Hulk,
RF,FGSM_eps0.15,19,19,1.0,1.0,FGSM,0.15,1,DoS Hulk - Attempted,
RF,FGSM_eps0.15,1713,1713,1.0,1.0,FGSM,0.15,1,DoS Slowloris,
RF,FGSM_eps0.15,437,437,1.0,1.0,FGSM,0.15,1,DoS Slowloris - Attempted,
RF,FGSM_eps0.15,5957,5957,1.0,1.0,FGSM,0.15,1,FTP-BruteForce - Attempted,
RF,FGSM_eps0.15,47,47,0.0851063829787234,0.0851063829787234,FGSM,0.15,1,Infiltration - Communication Victim Attacker,
RF,FGSM_eps0.15,14,5,1.0,1.0,FGSM,0.15,1,Infiltration - Dropbox Download,
RF,FGSM_eps0.15,2,2,1.0,1.0,FGSM,0.15,1,Infiltration - Dropbox Download - Attempted,
RF,FGSM_eps0.15,6072,6069,0.9253583786455759,0.9253952569169961,FGSM,0.15,1,Infiltration - NMAP Portscan,
RF,FGSM_eps0.15,6059,6059,1.0,1.0,FGSM,0.15,1,SSH-BruteForce,
RF,FGSM_eps0.15,27,26,0.0,0.037037037037037035,FGSM,0.15,1,Web Attack - Brute Force,
RF,FGSM_eps0.15,25,25,1.0,1.0,FGSM,0.15,1,Web Attack - Brute Force - Attempted,
RF,FGSM_eps0.15,6,6,0.8333333333333334,0.8333333333333334,FGSM,0.15,1,Web Attack - SQL,
RF,FGSM_eps0.15,3,3,0.6666666666666666,0.6666666666666666,FGSM,0.15,1,Web Attack - SQL - Attempted,
RF,FGSM_eps0.15,19,19,0.0,0.0,FGSM,0.15,1,Web Attack - XSS,
RF,FGSM_eps0.15,1,1,1.0,1.0,FGSM,0.15,1,Web Attack - XSS - Attempted,
MLP,FGSM_eps0.15,60000,0,,,FGSM,0.15,1,Benign,
MLP,FGSM_eps0.15,6052,6052,0.9945472571050892,0.9945472571050892,FGSM,0.15,1,Botnet Ares,
MLP,FGSM_eps0.15,49,49,1.0,1.0,FGSM,0.15,1,Botnet Ares - Attempted,
MLP,FGSM_eps0.15,5894,5893,1.0,0.999830335934849,FGSM,0.15,1,DDoS-HOIC,
MLP,FGSM_eps0.15,5960,5960,1.0,1.0,FGSM,0.15,1,DDoS-LOIC-HTTP,
MLP,FGSM_eps0.15,516,516,0.005813953488372093,0.005813953488372093,FGSM,0.15,1,DDoS-LOIC-UDP,
MLP,FGSM_eps0.15,51,46,1.0,1.0,FGSM,0.15,1,DDoS-LOIC-UDP - Attempted,
MLP,FGSM_eps0.15,4580,4579,1.0,0.9997816593886463,FGSM,0.15,1,DoS GoldenEye,
MLP,FGSM_eps0.15,849,849,1.0,1.0,FGSM,0.15,1,DoS GoldenEye - Attempted,
MLP,FGSM_eps0.15,5951,5951,1.0,1.0,FGSM,0.15,1,DoS Hulk,
MLP,FGSM_eps0.15,19,12,1.0,0.631578947368421,FGSM,0.15,1,DoS Hulk - Attempted,
MLP,FGSM_eps0.15,1713,1712,1.0,0.9994162288382954,FGSM,0.15,1,DoS Slowloris,
MLP,FGSM_eps0.15,437,436,1.0,0.9977116704805492,FGSM,0.15,1,DoS Slowloris - Attempted,
MLP,FGSM_eps0.15,5957,5957,1.0,1.0,FGSM,0.15,1,FTP-BruteForce - Attempted,
MLP,FGSM_eps0.15,47,47,0.0851063829787234,0.0851063829787234,FGSM,0.15,1,Infiltration - Communication Victim Attacker,
MLP,FGSM_eps0.15,14,2,1.0,0.5,FGSM,0.15,1,Infiltration - Dropbox Download,
MLP,FGSM_eps0.15,2,0,,0.5,FGSM,0.15,1,Infiltration - Dropbox Download - Attempted,
MLP,FGSM_eps0.15,6072,5986,0.8922485800200468,0.8845520421607378,FGSM,0.15,1,Infiltration - NMAP Portscan,
MLP,FGSM_eps0.15,6059,6059,1.0,1.0,FGSM,0.15,1,SSH-BruteForce,
MLP,FGSM_eps0.15,27,26,0.0,0.0,FGSM,0.15,1,Web Attack - Brute Force,
MLP,FGSM_eps0.15,25,25,1.0,1.0,FGSM,0.15,1,Web Attack - Brute Force - Attempted,
MLP,FGSM_eps0.15,6,5,0.8,0.6666666666666666,FGSM,0.15,1,Web Attack - SQL,
MLP,FGSM_eps0.15,3,1,0.0,0.0,FGSM,0.15,1,Web Attack - SQL - Attempted,
MLP,FGSM_eps0.15,19,19,0.0,0.0,FGSM,0.15,1,Web Attack - XSS,
MLP,FGSM_eps0.15,1,0,,0.0,FGSM,0.15,1,Web Attack - XSS - Attempted,
LR,FGSM_eps0.3,60000,0,,,FGSM,0.3,1,Benign,
LR,FGSM_eps0.3,6052,6045,0.9956989247311828,0.9957038995373431,FGSM,0.3,1,Botnet Ares,
LR,FGSM_eps0.3,49,49,1.0,1.0,FGSM,0.3,1,Botnet Ares - Attempted,
LR,FGSM_eps0.3,5894,5893,1.0,0.999830335934849,FGSM,0.3,1,DDoS-HOIC,
LR,FGSM_eps0.3,5960,5960,1.0,1.0,FGSM,0.3,1,DDoS-LOIC-HTTP,
LR,FGSM_eps0.3,516,508,0.0531496062992126,0.06782945736434108,FGSM,0.3,1,DDoS-LOIC-UDP,
LR,FGSM_eps0.3,51,0,,0.9019607843137255,FGSM,0.3,1,DDoS-LOIC-UDP - Attempted,
LR,FGSM_eps0.3,4580,4453,0.9997754322928363,0.9997816593886463,FGSM,0.3,1,DoS GoldenEye,
LR,FGSM_eps0.3,849,848,1.0,1.0,FGSM,0.3,1,DoS GoldenEye - Attempted,
LR,FGSM_eps0.3,5951,5951,1.0,1.0,FGSM,0.3,1,DoS Hulk,
LR,FGSM_eps0.3,19,19,0.631578947368421,0.631578947368421,FGSM,0.3,1,DoS Hulk - Attempted,
LR,FGSM_eps0.3,1713,1633,0.9993876301285977,0.9994162288382954,FGSM,0.3,1,DoS Slowloris,
LR,FGSM_eps0.3,437,424,0.9976415094339622,0.9977116704805492,FGSM,0.3,1,DoS Slowloris - Attempted,
LR,FGSM_eps0.3,5957,5957,0.7821050864529125,0.7821050864529125,FGSM,0.3,1,FTP-BruteForce - Attempted,
LR,FGSM_eps0.3,47,47,0.0,0.0,FGSM,0.3,1,Infiltration - Communication Victim Attacker,
LR,FGSM_eps0.3,14,2,1.0,0.35714285714285715,FGSM,0.3,1,Infiltration - Dropbox Download,
LR,FGSM_eps0.3,2,0,,0.5,FGSM,0.3,1,Infiltration - Dropbox Download - Attempted,
LR,FGSM_eps0.3,6072,4496,0.9606316725978647,0.9583333333333334,FGSM,0.3,1,Infiltration - NMAP Portscan,
LR,FGSM_eps0.3,6059,6059,1.0,1.0,FGSM,0.3,1,SSH-BruteForce,
LR,FGSM_eps0.3,27,26,0.0,0.0,FGSM,0.3,1,Web Attack - Brute Force,
LR,FGSM_eps0.3,25,10,1.0,1.0,FGSM,0.3,1,Web Attack - Brute Force - Attempted,
LR,FGSM_eps0.3,6,2,0.5,0.6666666666666666,FGSM,0.3,1,Web Attack - SQL,
LR,FGSM_eps0.3,3,1,0.0,0.0,FGSM,0.3,1,Web Attack - SQL - Attempted,
LR,FGSM_eps0.3,19,0,,1.0,FGSM,0.3,1,Web Attack - XSS,
LR,FGSM_eps0.3,1,0,,0.0,FGSM,0.3,1,Web Attack - XSS - Attempted,
SVM,FGSM_eps0.3,60000,0,,,FGSM,0.3,1,Benign,
SVM,FGSM_eps0.3,6052,6045,0.9956989247311828,0.9957038995373431,FGSM,0.3,1,Botnet Ares,
SVM,FGSM_eps0.3,49,49,1.0,1.0,FGSM,0.3,1,Botnet Ares - Attempted,
SVM,FGSM_eps0.3,5894,5893,1.0,0.999830335934849,FGSM,0.3,1,DDoS-HOIC,
SVM,FGSM_eps0.3,5960,7,1.0,1.0,FGSM,0.3,1,DDoS-LOIC-HTTP,
SVM,FGSM_eps0.3,516,509,0.0,0.011627906976744186,FGSM,0.3,1,DDoS-LOIC-UDP,
SVM,FGSM_eps0.3,51,0,,0.9019607843137255,FGSM,0.3,1,DDoS-LOIC-UDP - Attempted,
SVM,FGSM_eps0.3,4580,4545,0.9997799779977998,0.9997816593886463,FGSM,0.3,1,DoS GoldenEye,
SVM,FGSM_eps0.3,849,848,1.0,1.0,FGSM,0.3,1,DoS GoldenEye - Attempted,
SVM,FGSM_eps0.3,5951,5950,1.0,1.0,FGSM,0.3,1,DoS Hulk,
SVM,FGSM_eps0.3,19,19,0.631578947368421,0.631578947368421,FGSM,0.3,1,DoS Hulk - Attempted,
SVM,FGSM_eps0.3,1713,1629,0.9993861264579497,0.9994162288382954,FGSM,0.3,1,DoS Slowloris,
SVM,FGSM_eps0.3,437,424,0.9976415094339622,0.9977116704805492,FGSM,0.3,1,DoS Slowloris - Attempted,
SVM,FGSM_eps0.3,5957,5957,0.7821050864529125,0.7821050864529125,FGSM,0.3,1,FTP-BruteForce - Attempted,
SVM,FGSM_eps0.3,47,47,0.0851063829787234,0.0851063829787234,FGSM,0.3,1,Infiltration - Communication Victim Attacker,
SVM,FGSM_eps0.3,14,1,0.0,0.21428571428571427,FGSM,0.3,1,Infiltration - Dropbox Download,
SVM,FGSM_eps0.3,2,0,,0.0,FGSM,0.3,1,Infiltration - Dropbox Download - Attempted,
SVM,FGSM_eps0.3,6072,4608,0.8678385416666666,0.889163372859025,FGSM,0.3,1,Infiltration - NMAP Portscan,
SVM,FGSM_eps0.3,6059,6059,1.0,1.0,FGSM,0.3,1,SSH-BruteForce,
SVM,FGSM_eps0.3,27,0,,0.9629629629629629,FGSM,0.3,1,Web Attack - Brute Force,
SVM,FGSM_eps0.3,25,0,,1.0,FGSM,0.3,1,Web Attack - Brute Force - Attempted,
SVM,FGSM_eps0.3,6,0,,0.8333333333333334,FGSM,0.3,1,Web Attack - SQL,
SVM,FGSM_eps0.3,3,0,,0.3333333333333333,FGSM,0.3,1,Web Attack - SQL - Attempted,
SVM,FGSM_eps0.3,19,0,,1.0,FGSM,0.3,1,Web Attack - XSS,
SVM,FGSM_eps0.3,1,0,,0.0,FGSM,0.3,1,Web Attack - XSS - Attempted,
RF,FGSM_eps0.3,60000,0,,,FGSM,0.3,1,Benign,
RF,FGSM_eps0.3,6052,6052,0.9945472571050892,0.9945472571050892,FGSM,0.3,1,Botnet Ares,
RF,FGSM_eps0.3,49,49,1.0,1.0,FGSM,0.3,1,Botnet Ares - Attempted,
RF,FGSM_eps0.3,5894,5894,1.0,1.0,FGSM,0.3,1,DDoS-HOIC,
RF,FGSM_eps0.3,5960,5960,1.0,1.0,FGSM,0.3,1,DDoS-LOIC-HTTP,
RF,FGSM_eps0.3,516,516,0.5193798449612403,0.5193798449612403,FGSM,0.3,1,DDoS-LOIC-UDP,
RF,FGSM_eps0.3,51,51,1.0,1.0,FGSM,0.3,1,DDoS-LOIC-UDP - Attempted,
RF,FGSM_eps0.3,4580,4580,1.0,1.0,FGSM,0.3,1,DoS GoldenEye,
RF,FGSM_eps0.3,849,849,1.0,1.0,FGSM,0.3,1,DoS GoldenEye - Attempted,
RF,FGSM_eps0.3,5951,5951,1.0,1.0,FGSM,0.3,1,DoS Hulk,
RF,FGSM_eps0.3,19,19,1.0,1.0,FGSM,0.3,1,DoS Hulk - Attempted,
RF,FGSM_eps0.3,1713,1713,1.0,1.0,FGSM,0.3,1,DoS Slowloris,
RF,FGSM_eps0.3,437,437,1.0,1.0,FGSM,0.3,1,DoS Slowloris - Attempted,
RF,FGSM_eps0.3,5957,5957,1.0,1.0,FGSM,0.3,1,FTP-BruteForce - Attempted,
RF,FGSM_eps0.3,47,47,0.0851063829787234,0.0851063829787234,FGSM,0.3,1,Infiltration - Communication Victim Attacker,
RF,FGSM_eps0.3,14,5,1.0,1.0,FGSM,0.3,1,Infiltration - Dropbox Download,
RF,FGSM_eps0.3,2,2,0.5,0.5,FGSM,0.3,1,Infiltration - Dropbox Download - Attempted,
RF,FGSM_eps0.3,6072,6069,0.8238589553468446,0.8239459815546772,FGSM,0.3,1,Infiltration - NMAP Portscan,
RF,FGSM_eps0.3,6059,6059,1.0,1.0,FGSM,0.3,1,SSH-BruteForce,
RF,FGSM_eps0.3,27,26,0.0,0.037037037037037035,FGSM,0.3,1,Web Attack - Brute Force,
RF,FGSM_eps0.3,25,25,1.0,1.0,FGSM,0.3,1,Web Attack - Brute Force - Attempted,
RF,FGSM_eps0.3,6,6,0.8333333333333334,0.8333333333333334,FGSM,0.3,1,Web Attack - SQL,
RF,FGSM_eps0.3,3,3,0.6666666666666666,0.6666666666666666,FGSM,0.3,1,Web Attack - SQL - Attempted,
RF,FGSM_eps0.3,19,19,0.0,0.0,FGSM,0.3,1,Web Attack - XSS,
RF,FGSM_eps0.3,1,1,1.0,1.0,FGSM,0.3,1,Web Attack - XSS - Attempted,
MLP,FGSM_eps0.3,60000,0,,,FGSM,0.3,1,Benign,
MLP,FGSM_eps0.3,6052,6052,0.9945472571050892,0.9945472571050892,FGSM,0.3,1,Botnet Ares,
MLP,FGSM_eps0.3,49,49,1.0,1.0,FGSM,0.3,1,Botnet Ares - Attempted,
MLP,FGSM_eps0.3,5894,5893,1.0,0.999830335934849,FGSM,0.3,1,DDoS-HOIC,
MLP,FGSM_eps0.3,5960,5960,1.0,1.0,FGSM,0.3,1,DDoS-LOIC-HTTP,
MLP,FGSM_eps0.3,516,516,0.013565891472868217,0.013565891472868217,FGSM,0.3,1,DDoS-LOIC-UDP,
MLP,FGSM_eps0.3,51,46,1.0,1.0,FGSM,0.3,1,DDoS-LOIC-UDP - Attempted,
MLP,FGSM_eps0.3,4580,4579,1.0,0.9997816593886463,FGSM,0.3,1,DoS GoldenEye,
MLP,FGSM_eps0.3,849,849,1.0,1.0,FGSM,0.3,1,DoS GoldenEye - Attempted,
MLP,FGSM_eps0.3,5951,5951,1.0,1.0,FGSM,0.3,1,DoS Hulk,
MLP,FGSM_eps0.3,19,12,1.0,0.631578947368421,FGSM,0.3,1,DoS Hulk - Attempted,
MLP,FGSM_eps0.3,1713,1712,1.0,0.9994162288382954,FGSM,0.3,1,DoS Slowloris,
MLP,FGSM_eps0.3,437,436,1.0,0.9977116704805492,FGSM,0.3,1,DoS Slowloris - Attempted,
MLP,FGSM_eps0.3,5957,5957,1.0,1.0,FGSM,0.3,1,FTP-BruteForce - Attempted,
MLP,FGSM_eps0.3,47,47,0.0851063829787234,0.0851063829787234,FGSM,0.3,1,Infiltration - Communication Victim Attacker,
MLP,FGSM_eps0.3,14,2,1.0,0.35714285714285715,FGSM,0.3,1,Infiltration - Dropbox Download,
MLP,FGSM_eps0.3,2,0,,0.0,FGSM,0.3,1,Infiltration - Dropbox Download - Attempted,
MLP,FGSM_eps0.3,6072,5986,0.9117941864350151,0.9038208168642952,FGSM,0.3,1,Infiltration - NMAP Portscan,
MLP,FGSM_eps0.3,6059,6059,1.0,1.0,FGSM,0.3,1,SSH-BruteForce,
MLP,FGSM_eps0.3,27,26,0.0,0.0,FGSM,0.3,1,Web Attack - Brute Force,
MLP,FGSM_eps0.3,25,25,1.0,1.0,FGSM,0.3,1,Web Attack - Brute Force - Attempted,
MLP,FGSM_eps0.3,6,5,0.8,0.6666666666666666,FGSM,0.3,1,Web Attack - SQL,
MLP,FGSM_eps0.3,3,1,0.0,0.0,FGSM,0.3,1,Web Attack - SQL - Attempted,
MLP,FGSM_eps0.3,19,19,0.0,0.0,FGSM,0.3,1,Web Attack - XSS,
MLP,FGSM_eps0.3,1,0,,0.0,FGSM,0.3,1,Web Attack - XSS - Attempted,
LR,FGSM_eps0.5,60000,0,,,FGSM,0.5,1,Benign,
LR,FGSM_eps0.5,6052,6045,0.9956989247311828,0.9957038995373431,FGSM,0.5,1,Botnet Ares,
LR,FGSM_eps0.5,49,49,1.0,1.0,FGSM,0.5,1,Botnet Ares - Attempted,
LR,FGSM_eps0.5,5894,5893,1.0,0.999830335934849,FGSM,0.5,1,DDoS-HOIC,
LR,FGSM_eps0.5,5960,5960,1.0,1.0,FGSM,0.5,1,DDoS-LOIC-HTTP,
LR,FGSM_eps0.5,516,508,0.0688976377952756,0.08333333333333333,FGSM,0.5,1,DDoS-LOIC-UDP,
LR,FGSM_eps0.5,51,0,,0.9019607843137255,FGSM,0.5,1,DDoS-LOIC-UDP - Attempted,
LR,FGSM_eps0.5,4580,4453,0.9997754322928363,0.9997816593886463,FGSM,0.5,1,DoS GoldenEye,
LR,FGSM_eps0.5,849,848,1.0,1.0,FGSM,0.5,1,DoS GoldenEye - Attempted,
LR,FGSM_eps0.5,5951,5951,1.0,1.0,FGSM,0.5,1,DoS Hulk,
LR,FGSM_eps0.5,19,19,0.631578947368421,0.631578947368421,FGSM,0.5,1,DoS Hulk - Attempted,
LR,FGSM_eps0.5,1713,1633,0.9993876301285977,0.9994162288382954,FGSM,0.5,1,DoS Slowloris,
LR,FGSM_eps0.5,437,424,0.9976415094339622,0.9977116704805492,FGSM,0.5,1,DoS Slowloris - Attempted,
LR,FGSM_eps0.5,5957,5957,1.0,1.0,FGSM,0.5,1,FTP-BruteForce - Attempted,
LR,FGSM_eps0.5,47,47,0.0,0.0,FGSM,0.5,1,Infiltration - Communication Victim Attacker,
LR,FGSM_eps0.5,14,2,1.0,0.35714285714285715,FGSM,0.5,1,Infiltration - Dropbox Download,
LR,FGSM_eps0.5,2,0,,0.5,FGSM,0.5,1,Infiltration - Dropbox Download - Attempted,
LR,FGSM_eps0.5,6072,4496,0.9757562277580071,0.9695322793148881,FGSM,0.5,1,Infiltration - NMAP Portscan,
LR,FGSM_eps0.5,6059,6059,1.0,1.0,FGSM,0.5,1,SSH-BruteForce,
LR,FGSM_eps0.5,27,26,0.0,0.0,FGSM,0.5,1,Web Attack - Brute Force,
LR,FGSM_eps0.5,25,10,1.0,1.0,FGSM,0.5,1,Web Attack - Brute Force - Attempted,
LR,FGSM_eps0.5,6,2,0.5,0.6666666666666666,FGSM,0.5,1,Web Attack - SQL,
LR,FGSM_eps0.5,3,1,0.0,0.0,FGSM,0.5,1,Web Attack - SQL - Attempted,
LR,FGSM_eps0.5,19,0,,1.0,FGSM,0.5,1,Web Attack - XSS,
LR,FGSM_eps0.5,1,0,,0.0,FGSM,0.5,1,Web Attack - XSS - Attempted,
SVM,FGSM_eps0.5,60000,0,,,FGSM,0.5,1,Benign,
SVM,FGSM_eps0.5,6052,6045,0.9956989247311828,0.9957038995373431,FGSM,0.5,1,Botnet Ares,
SVM,FGSM_eps0.5,49,49,1.0,1.0,FGSM,0.5,1,Botnet Ares - Attempted,
SVM,FGSM_eps0.5,5894,5893,1.0,0.999830335934849,FGSM,0.5,1,DDoS-HOIC,
SVM,FGSM_eps0.5,5960,7,1.0,1.0,FGSM,0.5,1,DDoS-LOIC-HTTP,
SVM,FGSM_eps0.5,516,509,0.0019646365422396855,0.013565891472868217,FGSM,0.5,1,DDoS-LOIC-UDP,
SVM,FGSM_eps0.5,51,0,,0.9019607843137255,FGSM,0.5,1,DDoS-LOIC-UDP - Attempted,
SVM,FGSM_eps0.5,4580,4545,0.9997799779977998,0.9997816593886463,FGSM,0.5,1,DoS GoldenEye,
SVM,FGSM_eps0.5,849,848,1.0,1.0,FGSM,0.5,1,DoS GoldenEye - Attempted,
SVM,FGSM_eps0.5,5951,5950,1.0,1.0,FGSM,0.5,1,DoS Hulk,
SVM,FGSM_eps0.5,19,19,0.631578947368421,0.631578947368421,FGSM,0.5,1,DoS Hulk - Attempted,
SVM,FGSM_eps0.5,1713,1629,0.9993861264579497,0.9994162288382954,FGSM,0.5,1,DoS Slowloris,
SVM,FGSM_eps0.5,437,424,0.9976415094339622,0.9977116704805492,FGSM,0.5,1,DoS Slowloris - Attempted,
SVM,FGSM_eps0.5,5957,5957,0.7821050864529125,0.7821050864529125,FGSM,0.5,1,FTP-BruteForce - Attempted,
SVM,FGSM_eps0.5,47,47,0.0851063829787234,0.0851063829787234,FGSM,0.5,1,Infiltration - Communication Victim Attacker,
SVM,FGSM_eps0.5,14,1,0.0,0.14285714285714285,FGSM,0.5,1,Infiltration - Dropbox Download,
SVM,FGSM_eps0.5,2,0,,0.0,FGSM,0.5,1,Infiltration - Dropbox Download - Attempted,
SVM,FGSM_eps0.5,6072,4608,0.9520399305555556,0.9530632411067194,FGSM,0.5,1,Infiltration - NMAP Portscan,
SVM,FGSM_eps0.5,6059,6059,1.0,1.0,FGSM,0.5,1,SSH-BruteForce,
SVM,FGSM_eps0.5,27,0,,0.9629629629629629,FGSM,0.5,1,Web Attack - Brute Force,
SVM,FGSM_eps0.5,25,0,,1.0,FGSM,0.5,1,Web Attack - Brute Force - Attempted,
SVM,FGSM_eps0.5,6,0,,0.8333333333333334,FGSM,0.5,1,Web Attack - SQL,
SVM,FGSM_eps0.5,3,0,,0.3333333333333333,FGSM,0.5,1,Web Attack - SQL - Attempted,
SVM,FGSM_eps0.5,19,0,,1.0,FGSM,0.5,1,Web Attack - XSS,
SVM,FGSM_eps0.5,1,0,,0.0,FGSM,0.5,1,Web Attack - XSS - Attempted,
RF,FGSM_eps0.5,60000,0,,,FGSM,0.5,1,Benign,
RF,FGSM_eps0.5,6052,6052,0.9945472571050892,0.9945472571050892,FGSM,0.5,1,Botnet Ares,
RF,FGSM_eps0.5,49,49,1.0,1.0,FGSM,0.5,1,Botnet Ares - Attempted,
RF,FGSM_eps0.5,5894,5894,1.0,1.0,FGSM,0.5,1,DDoS-HOIC,
RF,FGSM_eps0.5,5960,5960,1.0,1.0,FGSM,0.5,1,DDoS-LOIC-HTTP,
RF,FGSM_eps0.5,516,516,0.5193798449612403,0.5193798449612403,FGSM,0.5,1,DDoS-LOIC-UDP,
RF,FGSM_eps0.5,51,51,1.0,1.0,FGSM,0.5,1,DDoS-LOIC-UDP - Attempted,
RF,FGSM_eps0.5,4580,4580,1.0,1.0,FGSM,0.5,1,DoS GoldenEye,
RF,FGSM_eps0.5,849,849,1.0,1.0,FGSM,0.5,1,DoS GoldenEye - Attempted,
RF,FGSM_eps0.5,5951,5951,1.0,1.0,FGSM,0.5,1,DoS Hulk,
RF,FGSM_eps0.5,19,19,1.0,1.0,FGSM,0.5,1,DoS Hulk - Attempted,
RF,FGSM_eps0.5,1713,1713,0.9994162288382954,0.9994162288382954,FGSM,0.5,1,DoS Slowloris,
RF,FGSM_eps0.5,437,437,1.0,1.0,FGSM,0.5,1,DoS Slowloris - Attempted,
RF,FGSM_eps0.5,5957,5957,1.0,1.0,FGSM,0.5,1,FTP-BruteForce - Attempted,
RF,FGSM_eps0.5,47,47,0.0851063829787234,0.0851063829787234,FGSM,0.5,1,Infiltration - Communication Victim Attacker,
RF,FGSM_eps0.5,14,5,1.0,1.0,FGSM,0.5,1,Infiltration - Dropbox Download,
RF,FGSM_eps0.5,2,2,0.5,0.5,FGSM,0.5,1,Infiltration - Dropbox Download - Attempted,
RF,FGSM_eps0.5,6072,6069,0.956665018948756,0.9566864295125165,FGSM,0.5,1,Infiltration - NMAP Portscan,
RF,FGSM_eps0.5,6059,6059,1.0,1.0,FGSM,0.5,1,SSH-BruteForce,
RF,FGSM_eps0.5,27,26,0.0,0.037037037037037035,FGSM,0.5,1,Web Attack - Brute Force,
RF,FGSM_eps0.5,25,25,1.0,1.0,FGSM,0.5,1,Web Attack - Brute Force - Attempted,
RF,FGSM_eps0.5,6,6,0.8333333333333334,0.8333333333333334,FGSM,0.5,1,Web Attack - SQL,
RF,FGSM_eps0.5,3,3,0.6666666666666666,0.6666666666666666,FGSM,0.5,1,Web Attack - SQL - Attempted,
RF,FGSM_eps0.5,19,19,0.0,0.0,FGSM,0.5,1,Web Attack - XSS,
RF,FGSM_eps0.5,1,1,1.0,1.0,FGSM,0.5,1,Web Attack - XSS - Attempted,
MLP,FGSM_eps0.5,60000,0,,,FGSM,0.5,1,Benign,
MLP,FGSM_eps0.5,6052,6052,0.9945472571050892,0.9945472571050892,FGSM,0.5,1,Botnet Ares,
MLP,FGSM_eps0.5,49,49,1.0,1.0,FGSM,0.5,1,Botnet Ares - Attempted,
MLP,FGSM_eps0.5,5894,5893,1.0,0.999830335934849,FGSM,0.5,1,DDoS-HOIC,
MLP,FGSM_eps0.5,5960,5960,1.0,1.0,FGSM,0.5,1,DDoS-LOIC-HTTP,
MLP,FGSM_eps0.5,516,516,0.05813953488372093,0.05813953488372093,FGSM,0.5,1,DDoS-LOIC-UDP,
MLP,FGSM_eps0.5,51,46,1.0,1.0,FGSM,0.5,1,DDoS-LOIC-UDP - Attempted,
MLP,FGSM_eps0.5,4580,4579,0.9997816117056125,0.9995633187772925,FGSM,0.5,1,DoS GoldenEye,
MLP,FGSM_eps0.5,849,849,0.784452296819788,0.784452296819788,FGSM,0.5,1,DoS GoldenEye - Attempted,
MLP,FGSM_eps0.5,5951,5951,1.0,1.0,FGSM,0.5,1,DoS Hulk,
MLP,FGSM_eps0.5,19,12,1.0,0.631578947368421,FGSM,0.5,1,DoS Hulk - Attempted,
MLP,FGSM_eps0.5,1713,1712,0.9953271028037384,0.9947460595446584,FGSM,0.5,1,DoS Slowloris,
MLP,FGSM_eps0.5,437,436,1.0,0.9977116704805492,FGSM,0.5,1,DoS Slowloris - Attempted,
MLP,FGSM_eps0.5,5957,5957,1.0,1.0,FGSM,0.5,1,FTP-BruteForce - Attempted,
MLP,FGSM_eps0.5,47,47,0.0851063829787234,0.0851063829787234,FGSM,0.5,1,Infiltration - Communication Victim Attacker,
MLP,FGSM_eps0.5,14,2,1.0,0.35714285714285715,FGSM,0.5,1,Infiltration - Dropbox Download,
MLP,FGSM_eps0.5,2,0,,0.0,FGSM,0.5,1,Infiltration - Dropbox Download - Attempted,
MLP,FGSM_eps0.5,6072,5986,0.9072836618777147,0.8997035573122529,FGSM,0.5,1,Infiltration - NMAP Portscan,
MLP,FGSM_eps0.5,6059,6059,1.0,1.0,FGSM,0.5,1,SSH-BruteForce,
MLP,FGSM_eps0.5,27,26,0.0,0.0,FGSM,0.5,1,Web Attack - Brute Force,
MLP,FGSM_eps0.5,25,25,1.0,1.0,FGSM,0.5,1,Web Attack - Brute Force - Attempted,
MLP,FGSM_eps0.5,6,5,0.8,0.6666666666666666,FGSM,0.5,1,Web Attack - SQL,
MLP,FGSM_eps0.5,3,1,0.0,0.0,FGSM,0.5,1,Web Attack - SQL - Attempted,
MLP,FGSM_eps0.5,19,19,0.0,0.0,FGSM,0.5,1,Web Attack - XSS,
MLP,FGSM_eps0.5,1,0,,0.0,FGSM,0.5,1,Web Attack - XSS - Attempted,
LR,FGSM_eps0.75,60000,0,,,FGSM,0.75,1,Benign,
LR,FGSM_eps0.75,6052,6045,0.9956989247311828,0.9957038995373431,FGSM,0.75,1,Botnet Ares,
LR,FGSM_eps0.75,49,49,1.0,1.0,FGSM,0.75,1,Botnet Ares - Attempted,
LR,FGSM_eps0.75,5894,5893,1.0,0.999830335934849,FGSM,0.75,1,DDoS-HOIC,
LR,FGSM_eps0.75,5960,5960,1.0,1.0,FGSM,0.75,1,DDoS-LOIC-HTTP,
LR,FGSM_eps0.75,516,508,0.07480314960629922,0.08914728682170543,FGSM,0.75,1,DDoS-LOIC-UDP,
LR,FGSM_eps0.75,51,0,,0.9019607843137255,FGSM,0.75,1,DDoS-LOIC-UDP - Attempted,
LR,FGSM_eps0.75,4580,4453,0.9997754322928363,0.9997816593886463,FGSM,0.75,1,DoS GoldenEye,
LR,FGSM_eps0.75,849,848,1.0,1.0,FGSM,0.75,1,DoS GoldenEye - Attempted,
LR,FGSM_eps0.75,5951,5951,1.0,1.0,FGSM,0.75,1,DoS Hulk,
LR,FGSM_eps0.75,19,19,0.631578947368421,0.631578947368421,FGSM,0.75,1,DoS Hulk - Attempted,
LR,FGSM_eps0.75,1713,1633,0.9993876301285977,0.9994162288382954,FGSM,0.75,1,DoS Slowloris,
LR,FGSM_eps0.75,437,424,0.9976415094339622,0.9977116704805492,FGSM,0.75,1,DoS Slowloris - Attempted,
LR,FGSM_eps0.75,5957,5957,1.0,1.0,FGSM,0.75,1,FTP-BruteForce - Attempted,
LR,FGSM_eps0.75,47,47,0.0,0.0,FGSM,0.75,1,Infiltration - Communication Victim Attacker,
LR,FGSM_eps0.75,14,2,1.0,0.35714285714285715,FGSM,0.75,1,Infiltration - Dropbox Download,
LR,FGSM_eps0.75,2,0,,0.5,FGSM,0.75,1,Infiltration - Dropbox Download - Attempted,
LR,FGSM_eps0.75,6072,4496,0.9764234875444839,0.9700263504611331,FGSM,0.75,1,Infiltration - NMAP Portscan,
LR,FGSM_eps0.75,6059,6059,1.0,1.0,FGSM,0.75,1,SSH-BruteForce,
LR,FGSM_eps0.75,27,26,0.0,0.0,FGSM,0.75,1,Web Attack - Brute Force,
LR,FGSM_eps0.75,25,10,1.0,1.0,FGSM,0.75,1,Web Attack - Brute Force - Attempted,
LR,FGSM_eps0.75,6,2,0.5,0.6666666666666666,FGSM,0.75,1,Web Attack - SQL,
LR,FGSM_eps0.75,3,1,0.0,0.0,FGSM,0.75,1,Web Attack - SQL - Attempted,
LR,FGSM_eps0.75,19,0,,1.0,FGSM,0.75,1,Web Attack - XSS,
LR,FGSM_eps0.75,1,0,,0.0,FGSM,0.75,1,Web Attack - XSS - Attempted,
SVM,FGSM_eps0.75,60000,0,,,FGSM,0.75,1,Benign,
SVM,FGSM_eps0.75,6052,6045,0.9958643507030603,0.9958691341705221,FGSM,0.75,1,Botnet Ares,
SVM,FGSM_eps0.75,49,49,1.0,1.0,FGSM,0.75,1,Botnet Ares - Attempted,
SVM,FGSM_eps0.75,5894,5893,1.0,0.999830335934849,FGSM,0.75,1,DDoS-HOIC,
SVM,FGSM_eps0.75,5960,7,1.0,1.0,FGSM,0.75,1,DDoS-LOIC-HTTP,
SVM,FGSM_eps0.75,516,509,0.0019646365422396855,0.013565891472868217,FGSM,0.75,1,DDoS-LOIC-UDP,
SVM,FGSM_eps0.75,51,0,,0.9019607843137255,FGSM,0.75,1,DDoS-LOIC-UDP - Attempted,
SVM,FGSM_eps0.75,4580,4545,0.9997799779977998,0.9997816593886463,FGSM,0.75,1,DoS GoldenEye,
SVM,FGSM_eps0.75,849,848,1.0,1.0,FGSM,0.75,1,DoS GoldenEye - Attempted,
SVM,FGSM_eps0.75,5951,5950,1.0,1.0,FGSM,0.75,1,DoS Hulk,
SVM,FGSM_eps0.75,19,19,0.631578947368421,0.631578947368421,FGSM,0.75,1,DoS Hulk - Attempted,
SVM,FGSM_eps0.75,1713,1629,0.9993861264579497,0.9994162288382954,FGSM,0.75,1,DoS Slowloris,
SVM,FGSM_eps0.75,437,424,0.9976415094339622,0.9977116704805492,FGSM,0.75,1,DoS Slowloris - Attempted,
SVM,FGSM_eps0.75,5957,5957,0.7821050864529125,0.7821050864529125,FGSM,0.75,1,FTP-BruteForce - Attempted,
SVM,FGSM_eps0.75,47,47,0.0851063829787234,0.0851063829787234,FGSM,0.75,1,Infiltration - Communication Victim Attacker,
SVM,FGSM_eps0.75,14,1,0.0,0.14285714285714285,FGSM,0.75,1,Infiltration - Dropbox Download,
SVM,FGSM_eps0.75,2,0,,0.0,FGSM,0.75,1,Infiltration - Dropbox Download - Attempted,
SVM,FGSM_eps0.75,6072,4608,0.9698350694444444,0.9665678524374176,FGSM,0.75,1,Infiltration - NMAP Portscan,
SVM,FGSM_eps0.75,6059,6059,1.0,1.0,FGSM,0.75,1,SSH-BruteForce,
SVM,FGSM_eps0.75,27,0,,0.9629629629629629,FGSM,0.75,1,Web Attack - Brute Force,
SVM,FGSM_eps0.75,25,0,,1.0,FGSM,0.75,1,Web Attack - Brute Force - Attempted,
SVM,FGSM_eps0.75,6,0,,0.8333333333333334,FGSM,0.75,1,Web Attack - SQL,
SVM,FGSM_eps0.75,3,0,,0.3333333333333333,FGSM,0.75,1,Web Attack - SQL - Attempted,
SVM,FGSM_eps0.75,19,0,,1.0,FGSM,0.75,1,Web Attack - XSS,
SVM,FGSM_eps0.75,1,0,,0.0,FGSM,0.75,1,Web Attack - XSS - Attempted,
RF,FGSM_eps0.75,60000,0,,,FGSM,0.75,1,Benign,
RF,FGSM_eps0.75,6052,6052,0.9945472571050892,0.9945472571050892,FGSM,0.75,1,Botnet Ares,
RF,FGSM_eps0.75,49,49,1.0,1.0,FGSM,0.75,1,Botnet Ares - Attempted,
RF,FGSM_eps0.75,5894,5894,1.0,1.0,FGSM,0.75,1,DDoS-HOIC,
RF,FGSM_eps0.75,5960,5960,1.0,1.0,FGSM,0.75,1,DDoS-LOIC-HTTP,
RF,FGSM_eps0.75,516,516,0.5193798449612403,0.5193798449612403,FGSM,0.75,1,DDoS-LOIC-UDP,
RF,FGSM_eps0.75,51,51,1.0,1.0,FGSM,0.75,1,DDoS-LOIC-UDP - Attempted,
RF,FGSM_eps0.75,4580,4580,1.0,1.0,FGSM,0.75,1,DoS GoldenEye,
RF,FGSM_eps0.75,849,849,1.0,1.0,FGSM,0.75,1,DoS GoldenEye - Attempted,
RF,FGSM_eps0.75,5951,5951,0.9709292555872963,0.9709292555872963,FGSM,0.75,1,DoS Hulk,
RF,FGSM_eps0.75,19,19,1.0,1.0,FGSM,0.75,1,DoS Hulk - Attempted,
RF,FGSM_eps0.75,1713,1713,1.0,1.0,FGSM,0.75,1,DoS Slowloris,
RF,FGSM_eps0.75,437,437,1.0,1.0,FGSM,0.75,1,DoS Slowloris - Attempted,
RF,FGSM_eps0.75,5957,5957,0.9936209501426893,0.9936209501426893,FGSM,0.75,1,FTP-BruteForce - Attempted,
RF,FGSM_eps0.75,47,47,0.0851063829787234,0.0851063829787234,FGSM,0.75,1,Infiltration - Communication Victim Attacker,
RF,FGSM_eps0.75,14,5,1.0,1.0,FGSM,0.75,1,Infiltration - Dropbox Download,
RF,FGSM_eps0.75,2,2,0.5,0.5,FGSM,0.75,1,Infiltration - Dropbox Download - Attempted,
RF,FGSM_eps0.75,6072,6069,0.9403526116328884,0.9403820816864296,FGSM,0.75,1,Infiltration - NMAP Portscan,
RF,FGSM_eps0.75,6059,6059,1.0,1.0,FGSM,0.75,1,SSH-BruteForce,
RF,FGSM_eps0.75,27,26,0.0,0.037037037037037035,FGSM,0.75,1,Web Attack - Brute Force,
RF,FGSM_eps0.75,25,25,1.0,1.0,FGSM,0.75,1,Web Attack - Brute Force - Attempted,
RF,FGSM_eps0.75,6,6,0.8333333333333334,0.8333333333333334,FGSM,0.75,1,Web Attack - SQL,
RF,FGSM_eps0.75,3,3,0.6666666666666666,0.6666666666666666,FGSM,0.75,1,Web Attack - SQL - Attempted,
RF,FGSM_eps0.75,19,19,0.0,0.0,FGSM,0.75,1,Web Attack - XSS,
RF,FGSM_eps0.75,1,1,1.0,1.0,FGSM,0.75,1,Web Attack - XSS - Attempted,
MLP,FGSM_eps0.75,60000,0,,,FGSM,0.75,1,Benign,
MLP,FGSM_eps0.75,6052,6052,0.9945472571050892,0.9945472571050892,FGSM,0.75,1,Botnet Ares,
MLP,FGSM_eps0.75,49,49,1.0,1.0,FGSM,0.75,1,Botnet Ares - Attempted,
MLP,FGSM_eps0.75,5894,5893,1.0,0.999830335934849,FGSM,0.75,1,DDoS-HOIC,
MLP,FGSM_eps0.75,5960,5960,1.0,1.0,FGSM,0.75,1,DDoS-LOIC-HTTP,
MLP,FGSM_eps0.75,516,516,0.06395348837209303,0.06395348837209303,FGSM,0.75,1,DDoS-LOIC-UDP,
MLP,FGSM_eps0.75,51,46,1.0,1.0,FGSM,0.75,1,DDoS-LOIC-UDP - Attempted,
MLP,FGSM_eps0.75,4580,4579,0.9327364053286744,0.9325327510917031,FGSM,0.75,1,DoS GoldenEye,
MLP,FGSM_eps0.75,849,849,0.6937573616018846,0.6937573616018846,FGSM,0.75,1,DoS GoldenEye - Attempted,
MLP,FGSM_eps0.75,5951,5951,1.0,1.0,FGSM,0.75,1,DoS Hulk,
MLP,FGSM_eps0.75,19,12,1.0,0.631578947368421,FGSM,0.75,1,DoS Hulk - Attempted,
MLP,FGSM_eps0.75,1713,1712,0.9953271028037384,0.9947460595446584,FGSM,0.75,1,DoS Slowloris,
MLP,FGSM_eps0.75,437,436,1.0,0.9977116704805492,FGSM,0.75,1,DoS Slowloris - Attempted,
MLP,FGSM_eps0.75,5957,5957,1.0,1.0,FGSM,0.75,1,FTP-BruteForce - Attempted,
MLP,FGSM_eps0.75,47,47,0.0851063829787234,0.0851063829787234,FGSM,0.75,1,Infiltration - Communication Victim Attacker,
MLP,FGSM_eps0.75,14,2,1.0,0.2857142857142857,FGSM,0.75,1,Infiltration - Dropbox Download,
MLP,FGSM_eps0.75,2,0,,0.0,FGSM,0.75,1,Infiltration - Dropbox Download - Attempted,
MLP,FGSM_eps0.75,6072,5986,0.9132976946207818,0.905961791831357,FGSM,0.75,1,Infiltration - NMAP Portscan,
MLP,FGSM_eps0.75,6059,6059,1.0,1.0,FGSM,0.75,1,SSH-BruteForce,
MLP,FGSM_eps0.75,27,26,0.0,0.0,FGSM,0.75,1,Web Attack - Brute Force,
MLP,FGSM_eps0.75,25,25,1.0,1.0,FGSM,0.75,1,Web Attack - Brute Force - Attempted,
MLP,FGSM_eps0.75,6,5,0.8,0.6666666666666666,FGSM,0.75,1,Web Attack - SQL,
MLP,FGSM_eps0.75,3,1,0.0,0.0,FGSM,0.75,1,Web Attack - SQL - Attempted,
MLP,FGSM_eps0.75,19,19,0.0,0.0,FGSM,0.75,1,Web Attack - XSS,
MLP,FGSM_eps0.75,1,0,,0.0,FGSM,0.75,1,Web Attack - XSS - Attempted,
LR,PGD_eps0.15_it10,60000,0,,,PGD,0.15,10,Benign,
LR,PGD_eps0.15_it10,6052,6045,0.9956989247311828,0.9957038995373431,PGD,0.15,10,Botnet Ares,
LR,PGD_eps0.15_it10,49,49,1.0,1.0,PGD,0.15,10,Botnet Ares - Attempted,
LR,PGD_eps0.15_it10,5894,5893,1.0,0.999830335934849,PGD,0.15,10,DDoS-HOIC,
LR,PGD_eps0.15_it10,5960,5960,1.0,1.0,PGD,0.15,10,DDoS-LOIC-HTTP,
LR,PGD_eps0.15_it10,516,508,0.047244094488188976,0.06201550387596899,PGD,0.15,10,DDoS-LOIC-UDP,
LR,PGD_eps0.15_it10,51,0,,1.0,PGD,0.15,10,DDoS-LOIC-UDP - Attempted,
LR,PGD_eps0.15_it10,4580,4453,0.9997754322928363,0.9997816593886463,PGD,0.15,10,DoS GoldenEye,
LR,PGD_eps0.15_it10,849,848,1.0,1.0,PGD,0.15,10,DoS GoldenEye - Attempted,
LR,PGD_eps0.15_it10,5951,5951,1.0,1.0,PGD,0.15,10,DoS Hulk,
LR,PGD_eps0.15_it10,19,19,0.631578947368421,0.631578947368421,PGD,0.15,10,DoS Hulk - Attempted,
LR,PGD_eps0.15_it10,1713,1633,0.9920391916717698,0.99241097489784,PGD,0.15,10,DoS Slowloris,
LR,PGD_eps0.15_it10,437,424,0.9976415094339622,0.9977116704805492,PGD,0.15,10,DoS Slowloris - Attempted,
LR,PGD_eps0.15_it10,5957,5957,0.12707738794695317,0.12707738794695317,PGD,0.15,10,FTP-BruteForce - Attempted,
LR,PGD_eps0.15_it10,47,47,0.0,0.0,PGD,0.15,10,Infiltration - Communication Victim Attacker,
LR,PGD_eps0.15_it10,14,2,1.0,0.42857142857142855,PGD,0.15,10,Infiltration - Dropbox Download,
LR,PGD_eps0.15_it10,2,0,,0.5,PGD,0.15,10,Infiltration - Dropbox Download - Attempted,
LR,PGD_eps0.15_it10,6072,4496,0.8064946619217082,0.8470026350461133,PGD,0.15,10,Infiltration - NMAP Portscan,
LR,PGD_eps0.15_it10,6059,6059,1.0,1.0,PGD,0.15,10,SSH-BruteForce,
LR,PGD_eps0.15_it10,27,26,0.0,0.037037037037037035,PGD,0.15,10,Web Attack - Brute Force,
LR,PGD_eps0.15_it10,25,10,1.0,1.0,PGD,0.15,10,Web Attack - Brute Force - Attempted,
LR,PGD_eps0.15_it10,6,2,0.5,0.6666666666666666,PGD,0.15,10,Web Attack - SQL,
LR,PGD_eps0.15_it10,3,1,0.0,0.0,PGD,0.15,10,Web Attack - SQL - Attempted,
LR,PGD_eps0.15_it10,19,0,,1.0,PGD,0.15,10,Web Attack - XSS,
LR,PGD_eps0.15_it10,1,0,,0.0,PGD,0.15,10,Web Attack - XSS - Attempted,
SVM,PGD_eps0.15_it10,60000,0,,,PGD,0.15,10,Benign,
SVM,PGD_eps0.15_it10,6052,6045,0.9956989247311828,0.9957038995373431,PGD,0.15,10,Botnet Ares,
SVM,PGD_eps0.15_it10,49,49,0.30612244897959184,0.30612244897959184,PGD,0.15,10,Botnet Ares - Attempted,
SVM,PGD_eps0.15_it10,5894,5893,1.0,0.999830335934849,PGD,0.15,10,DDoS-HOIC,
SVM,PGD_eps0.15_it10,5960,7,1.0,1.0,PGD,0.15,10,DDoS-LOIC-HTTP,
SVM,PGD_eps0.15_it10,516,509,0.0,0.013565891472868217,PGD,0.15,10,DDoS-LOIC-UDP,
SVM,PGD_eps0.15_it10,51,0,,1.0,PGD,0.15,10,DDoS-LOIC-UDP - Attempted,
SVM,PGD_eps0.15_it10,4580,4545,0.9718371837183718,0.9720524017467249,PGD,0.15,10,DoS GoldenEye,
SVM,PGD_eps0.15_it10,849,848,0.9941037735849056,0.9941107184923439,PGD,0.15,10,DoS GoldenEye - Attempted,
SVM,PGD_eps0.15_it10,5951,5950,0.9783193277310924,0.9783229709292556,PGD,0.15,10,DoS Hulk,
SVM,PGD_eps0.15_it10,19,19,0.631578947368421,0.631578947368421,PGD,0.15,10,DoS Hulk - Attempted,
SVM,PGD_eps0.15_it10,1713,1629,0.4960098219766728,0.5207238762405137,PGD,0.15,10,DoS Slowloris,
SVM,PGD_eps0.15_it10,437,424,0.9976415094339622,0.9977116704805492,PGD,0.15,10,DoS Slowloris - Attempted,
SVM,PGD_eps0.15_it10,5957,5957,0.08578143360752057,0.08578143360752057,PGD,0.15,10,FTP-BruteForce - Attempted,
SVM,PGD_eps0.15_it10,47,47,0.0851063829787234,0.0851063829787234,PGD,0.15,10,Infiltration - Communication Victim Attacker,
SVM,PGD_eps0.15_it10,14,1,0.0,0.21428571428571427,PGD,0.15,10,Infiltration - Dropbox Download,
SVM,PGD_eps0.15_it10,2,0,,0.0,PGD,0.15,10,Infiltration - Dropbox Download - Attempted,
SVM,PGD_eps0.15_it10,6072,4608,0.7693142361111112,0.8181818181818182,PGD,0.15,10,Infiltration - NMAP Portscan,
SVM,PGD_eps0.15_it10,6059,6059,1.0,1.0,PGD,0.15,10,SSH-BruteForce,
SVM,PGD_eps0.15_it10,27,0,,1.0,PGD,0.15,10,Web Attack - Brute Force,
SVM,PGD_eps0.15_it10,25,0,,1.0,PGD,0.15,10,Web Attack - Brute Force - Attempted,
SVM,PGD_eps0.15_it10,6,0,,0.8333333333333334,PGD,0.15,10,Web Attack - SQL,
SVM,PGD_eps0.15_it10,3,0,,0.3333333333333333,PGD,0.15,10,Web Attack - SQL - Attempted,
SVM,PGD_eps0.15_it10,19,0,,1.0,PGD,0.15,10,Web Attack - XSS,
SVM,PGD_eps0.15_it10,1,0,,0.0,PGD,0.15,10,Web Attack - XSS - Attempted,
RF,PGD_eps0.15_it10,60000,0,,,PGD,0.15,10,Benign,
RF,PGD_eps0.15_it10,6052,6052,0.9945472571050892,0.9945472571050892,PGD,0.15,10,Botnet Ares,
RF,PGD_eps0.15_it10,49,49,1.0,1.0,PGD,0.15,10,Botnet Ares - Attempted,
RF,PGD_eps0.15_it10,5894,5894,1.0,1.0,PGD,0.15,10,DDoS-HOIC,
RF,PGD_eps0.15_it10,5960,5960,1.0,1.0,PGD,0.15,10,DDoS-LOIC-HTTP,
RF,PGD_eps0.15_it10,516,516,0.5213178294573644,0.5213178294573644,PGD,0.15,10,DDoS-LOIC-UDP,
RF,PGD_eps0.15_it10,51,51,0.9019607843137255,0.9019607843137255,PGD,0.15,10,DDoS-LOIC-UDP - Attempted,
RF,PGD_eps0.15_it10,4580,4580,0.9989082969432315,0.9989082969432315,PGD,0.15,10,DoS GoldenEye,
RF,PGD_eps0.15_it10,849,849,1.0,1.0,PGD,0.15,10,DoS GoldenEye - Attempted,
RF,PGD_eps0.15_it10,5951,5951,1.0,1.0,PGD,0.15,10,DoS Hulk,
RF,PGD_eps0.15_it10,19,19,1.0,1.0,PGD,0.15,10,DoS Hulk - Attempted,
RF,PGD_eps0.15_it10,1713,1713,0.9859894921190894,0.9859894921190894,PGD,0.15,10,DoS Slowloris,
RF,PGD_eps0.15_it10,437,437,1.0,1.0,PGD,0.15,10,DoS Slowloris - Attempted,
RF,PGD_eps0.15_it10,5957,5957,1.0,1.0,PGD,0.15,10,FTP-BruteForce - Attempted,
RF,PGD_eps0.15_it10,47,47,0.0851063829787234,0.0851063829787234,PGD,0.15,10,Infiltration - Communication Victim Attacker,
RF,PGD_eps0.15_it10,14,5,1.0,1.0,PGD,0.15,10,Infiltration - Dropbox Download,
RF,PGD_eps0.15_it10,2,2,1.0,1.0,PGD,0.15,10,Infiltration - Dropbox Download - Attempted,
RF,PGD_eps0.15_it10,6072,6069,0.8073817762399077,0.8074769433465085,PGD,0.15,10,Infiltration - NMAP Portscan,
RF,PGD_eps0.15_it10,6059,6059,1.0,1.0,PGD,0.15,10,SSH-BruteForce,
RF,PGD_eps0.15_it10,27,26,0.0,0.037037037037037035,PGD,0.15,10,Web Attack - Brute Force,
RF,PGD_eps0.15_it10,25,25,1.0,1.0,PGD,0.15,10,Web Attack - Brute Force - Attempted,
RF,PGD_eps0.15_it10,6,6,0.8333333333333334,0.8333333333333334,PGD,0.15,10,Web Attack - SQL,
RF,PGD_eps0.15_it10,3,3,0.6666666666666666,0.6666666666666666,PGD,0.15,10,Web Attack - SQL - Attempted,
RF,PGD_eps0.15_it10,19,19,0.0,0.0,PGD,0.15,10,Web Attack - XSS,
RF,PGD_eps0.15_it10,1,1,1.0,1.0,PGD,0.15,10,Web Attack - XSS - Attempted,
MLP,PGD_eps0.15_it10,60000,0,,,PGD,0.15,10,Benign,
MLP,PGD_eps0.15_it10,6052,6052,0.9945472571050892,0.9945472571050892,PGD,0.15,10,Botnet Ares,
MLP,PGD_eps0.15_it10,49,49,1.0,1.0,PGD,0.15,10,Botnet Ares - Attempted,
MLP,PGD_eps0.15_it10,5894,5893,1.0,0.999830335934849,PGD,0.15,10,DDoS-HOIC,
MLP,PGD_eps0.15_it10,5960,5960,1.0,1.0,PGD,0.15,10,DDoS-LOIC-HTTP,
MLP,PGD_eps0.15_it10,516,516,0.009689922480620155,0.009689922480620155,PGD,0.15,10,DDoS-LOIC-UDP,
MLP,PGD_eps0.15_it10,51,46,1.0,0.9019607843137255,PGD,0.15,10,DDoS-LOIC-UDP - Attempted,
MLP,PGD_eps0.15_it10,4580,4579,1.0,0.9997816593886463,PGD,0.15,10,DoS GoldenEye,
MLP,PGD_eps0.15_it10,849,849,1.0,1.0,PGD,0.15,10,DoS GoldenEye - Attempted,
MLP,PGD_eps0.15_it10,5951,5951,1.0,1.0,PGD,0.15,10,DoS Hulk,
MLP,PGD_eps0.15_it10,19,12,1.0,0.631578947368421,PGD,0.15,10,DoS Hulk - Attempted,
MLP,PGD_eps0.15_it10,1713,1712,1.0,0.9994162288382954,PGD,0.15,10,DoS Slowloris,
MLP,PGD_eps0.15_it10,437,436,1.0,0.9977116704805492,PGD,0.15,10,DoS Slowloris - Attempted,
MLP,PGD_eps0.15_it10,5957,5957,1.0,1.0,PGD,0.15,10,FTP-BruteForce - Attempted,
MLP,PGD_eps0.15_it10,47,47,0.0851063829787234,0.0851063829787234,PGD,0.15,10,Infiltration - Communication Victim Attacker,
MLP,PGD_eps0.15_it10,14,2,1.0,0.42857142857142855,PGD,0.15,10,Infiltration - Dropbox Download,
MLP,PGD_eps0.15_it10,2,0,,0.0,PGD,0.15,10,Infiltration - Dropbox Download - Attempted,
MLP,PGD_eps0.15_it10,6072,5986,0.8942532576010691,0.8852108036890646,PGD,0.15,10,Infiltration - NMAP Portscan,
MLP,PGD_eps0.15_it10,6059,6059,1.0,1.0,PGD,0.15,10,SSH-BruteForce,
MLP,PGD_eps0.15_it10,27,26,0.0,0.0,PGD,0.15,10,Web Attack - Brute Force,
MLP,PGD_eps0.15_it10,25,25,1.0,1.0,PGD,0.15,10,Web Attack - Brute Force - Attempted,
MLP,PGD_eps0.15_it10,6,5,0.8,0.6666666666666666,PGD,0.15,10,Web Attack - SQL,
MLP,PGD_eps0.15_it10,3,1,0.0,0.0,PGD,0.15,10,Web Attack - SQL - Attempted,
MLP,PGD_eps0.15_it10,19,19,0.0,0.0,PGD,0.15,10,Web Attack - XSS,
MLP,PGD_eps0.15_it10,1,0,,0.0,PGD,0.15,10,Web Attack - XSS - Attempted,
LR,PGD_eps0.15_it25,60000,0,,,PGD,0.15,25,Benign,
LR,PGD_eps0.15_it25,6052,6045,0.9956989247311828,0.9957038995373431,PGD,0.15,25,Botnet Ares,
LR,PGD_eps0.15_it25,49,49,1.0,1.0,PGD,0.15,25,Botnet Ares - Attempted,
LR,PGD_eps0.15_it25,5894,5893,1.0,0.999830335934849,PGD,0.15,25,DDoS-HOIC,
LR,PGD_eps0.15_it25,5960,5960,1.0,1.0,PGD,0.15,25,DDoS-LOIC-HTTP,
LR,PGD_eps0.15_it25,516,508,0.047244094488188976,0.06201550387596899,PGD,0.15,25,DDoS-LOIC-UDP,
LR,PGD_eps0.15_it25,51,0,,1.0,PGD,0.15,25,DDoS-LOIC-UDP - Attempted,
LR,PGD_eps0.15_it25,4580,4453,0.9997754322928363,0.9997816593886463,PGD,0.15,25,DoS GoldenEye,
LR,PGD_eps0.15_it25,849,848,1.0,1.0,PGD,0.15,25,DoS GoldenEye - Attempted,
LR,PGD_eps0.15_it25,5951,5951,1.0,1.0,PGD,0.15,25,DoS Hulk,
LR,PGD_eps0.15_it25,19,19,0.631578947368421,0.631578947368421,PGD,0.15,25,DoS Hulk - Attempted,
LR,PGD_eps0.15_it25,1713,1633,0.994488671157379,0.9947460595446584,PGD,0.15,25,DoS Slowloris,
LR,PGD_eps0.15_it25,437,424,0.9976415094339622,0.9977116704805492,PGD,0.15,25,DoS Slowloris - Attempted,
LR,PGD_eps0.15_it25,5957,5957,0.12707738794695317,0.12707738794695317,PGD,0.15,25,FTP-BruteForce - Attempted,
LR,PGD_eps0.15_it25,47,47,0.0,0.0,PGD,0.15,25,Infiltration - Communication Victim Attacker,
LR,PGD_eps0.15_it25,14,2,1.0,0.42857142857142855,PGD,0.15,25,Infiltration - Dropbox Download,
LR,PGD_eps0.15_it25,2,0,,0.5,PGD,0.15,25,Infiltration - Dropbox Download - Attempted,
LR,PGD_eps0.15_it25,6072,4496,0.798932384341637,0.8414031620553359,PGD,0.15,25,Infiltration - NMAP Portscan,
LR,PGD_eps0.15_it25,6059,6059,1.0,1.0,PGD,0.15,25,SSH-BruteForce,
LR,PGD_eps0.15_it25,27,26,0.0,0.037037037037037035,PGD,0.15,25,Web Attack - Brute Force,
LR,PGD_eps0.15_it25,25,10,1.0,1.0,PGD,0.15,25,Web Attack - Brute Force - Attempted,
LR,PGD_eps0.15_it25,6,2,0.5,0.6666666666666666,PGD,0.15,25,Web Attack - SQL,
LR,PGD_eps0.15_it25,3,1,0.0,0.0,PGD,0.15,25,Web Attack - SQL - Attempted,
LR,PGD_eps0.15_it25,19,0,,1.0,PGD,0.15,25,Web Attack - XSS,
LR,PGD_eps0.15_it25,1,0,,0.0,PGD,0.15,25,Web Attack - XSS - Attempted,
SVM,PGD_eps0.15_it25,60000,0,,,PGD,0.15,25,Benign,
SVM,PGD_eps0.15_it25,6052,6045,0.9956989247311828,0.9957038995373431,PGD,0.15,25,Botnet Ares,
SVM,PGD_eps0.15_it25,49,49,0.30612244897959184,0.30612244897959184,PGD,0.15,25,Botnet Ares - Attempted,
SVM,PGD_eps0.15_it25,5894,5893,1.0,0.999830335934849,PGD,0.15,25,DDoS-HOIC,
SVM,PGD_eps0.15_it25,5960,7,1.0,1.0,PGD,0.15,25,DDoS-LOIC-HTTP,
SVM,PGD_eps0.15_it25,516,509,0.0,0.013565891472868217,PGD,0.15,25,DDoS-LOIC-UDP,
SVM,PGD_eps0.15_it25,51,0,,1.0,PGD,0.15,25,DDoS-LOIC-UDP - Attempted,
SVM,PGD_eps0.15_it25,4580,4545,0.9577557755775578,0.9580786026200874,PGD,0.15,25,DoS GoldenEye,
SVM,PGD_eps0.15_it25,849,848,0.9846698113207547,0.9846878680800942,PGD,0.15,25,DoS GoldenEye - Attempted,
SVM,PGD_eps0.15_it25,5951,5950,0.9976470588235294,0.9976474542093766,PGD,0.15,25,DoS Hulk,
SVM,PGD_eps0.15_it25,19,19,0.631578947368421,0.631578947368421,PGD,0.15,25,DoS Hulk - Attempted,
SVM,PGD_eps0.15_it25,1713,1629,0.5598526703499079,0.5814360770577933,PGD,0.15,25,DoS Slowloris,
SVM,PGD_eps0.15_it25,437,424,0.9976415094339622,0.9977116704805492,PGD,0.15,25,DoS Slowloris - Attempted,
SVM,PGD_eps0.15_it25,5957,5957,0.06446197750545576,0.06446197750545576,PGD,0.15,25,FTP-BruteForce - Attempted,
SVM,PGD_eps0.15_it25,47,47,0.0851063829787234,0.0851063829787234,PGD,0.15,25,Infiltration - Communication Victim Attacker,
SVM,PGD_eps0.15_it25,14,1,0.0,0.2857142857142857,PGD,0.15,25,Infiltration - Dropbox Download,
SVM,PGD_eps0.15_it25,2,0,,0.0,PGD,0.15,25,Infiltration - Dropbox Download - Attempted,
SVM,PGD_eps0.15_it25,6072,4608,0.7621527777777778,0.8147233201581028,PGD,0.15,25,Infiltration - NMAP Portscan,
SVM,PGD_eps0.15_it25,6059,6059,1.0,1.0,PGD,0.15,25,SSH-BruteForce,
SVM,PGD_eps0.15_it25,27,0,,1.0,PGD,0.15,25,Web Attack - Brute Force,
SVM,PGD_eps0.15_it25,25,0,,1.0,PGD,0.15,25,Web Attack - Brute Force - Attempted,
SVM,PGD_eps0.15_it25,6,0,,0.8333333333333334,PGD,0.15,25,Web Attack - SQL,
SVM,PGD_eps0.15_it25,3,0,,0.3333333333333333,PGD,0.15,25,Web Attack - SQL - Attempted,
SVM,PGD_eps0.15_it25,19,0,,1.0,PGD,0.15,25,Web Attack - XSS,
SVM,PGD_eps0.15_it25,1,0,,0.0,PGD,0.15,25,Web Attack - XSS - Attempted,
RF,PGD_eps0.15_it25,60000,0,,,PGD,0.15,25,Benign,
RF,PGD_eps0.15_it25,6052,6052,0.9945472571050892,0.9945472571050892,PGD,0.15,25,Botnet Ares,
RF,PGD_eps0.15_it25,49,49,1.0,1.0,PGD,0.15,25,Botnet Ares - Attempted,
RF,PGD_eps0.15_it25,5894,5894,1.0,1.0,PGD,0.15,25,DDoS-HOIC,
RF,PGD_eps0.15_it25,5960,5960,1.0,1.0,PGD,0.15,25,DDoS-LOIC-HTTP,
RF,PGD_eps0.15_it25,516,516,0.5213178294573644,0.5213178294573644,PGD,0.15,25,DDoS-LOIC-UDP,
RF,PGD_eps0.15_it25,51,51,1.0,1.0,PGD,0.15,25,DDoS-LOIC-UDP - Attempted,
RF,PGD_eps0.15_it25,4580,4580,0.9997816593886463,0.9997816593886463,PGD,0.15,25,DoS GoldenEye,
RF,PGD_eps0.15_it25,849,849,1.0,1.0,PGD,0.15,25,DoS GoldenEye - Attempted,
RF,PGD_eps0.15_it25,5951,5951,1.0,1.0,PGD,0.15,25,DoS Hulk,
RF,PGD_eps0.15_it25,19,19,0.5789473684210527,0.5789473684210527,PGD,0.15,25,DoS Hulk - Attempted,
RF,PGD_eps0.15_it25,1713,1713,0.9877408056042032,0.9877408056042032,PGD,0.15,25,DoS Slowloris,
RF,PGD_eps0.15_it25,437,437,1.0,1.0,PGD,0.15,25,DoS Slowloris - Attempted,
RF,PGD_eps0.15_it25,5957,5957,1.0,1.0,PGD,0.15,25,FTP-BruteForce - Attempted,
RF,PGD_eps0.15_it25,47,47,0.0851063829787234,0.0851063829787234,PGD,0.15,25,Infiltration - Communication Victim Attacker,
RF,PGD_eps0.15_it25,14,5,1.0,1.0,PGD,0.15,25,Infiltration - Dropbox Download,
RF,PGD_eps0.15_it25,2,2,1.0,1.0,PGD,0.15,25,Infiltration - Dropbox Download - Attempted,
RF,PGD_eps0.15_it25,6072,6069,0.913330037897512,0.913372859025033,PGD,0.15,25,Infiltration - NMAP Portscan,
RF,PGD_eps0.15_it25,6059,6059,1.0,1.0,PGD,0.15,25,SSH-BruteForce,
RF,PGD_eps0.15_it25,27,26,0.0,0.037037037037037035,PGD,0.15,25,Web Attack - Brute Force,
RF,PGD_eps0.15_it25,25,25,1.0,1.0,PGD,0.15,25,Web Attack - Brute Force - Attempted,
RF,PGD_eps0.15_it25,6,6,0.8333333333333334,0.8333333333333334,PGD,0.15,25,Web Attack - SQL,
RF,PGD_eps0.15_it25,3,3,0.6666666666666666,0.6666666666666666,PGD,0.15,25,Web Attack - SQL - Attempted,
RF,PGD_eps0.15_it25,19,19,0.0,0.0,PGD,0.15,25,Web Attack - XSS,
RF,PGD_eps0.15_it25,1,1,1.0,1.0,PGD,0.15,25,Web Attack - XSS - Attempted,
MLP,PGD_eps0.15_it25,60000,0,,,PGD,0.15,25,Benign,
MLP,PGD_eps0.15_it25,6052,6052,0.9945472571050892,0.9945472571050892,PGD,0.15,25,Botnet Ares,
MLP,PGD_eps0.15_it25,49,49,1.0,1.0,PGD,0.15,25,Botnet Ares - Attempted,
MLP,PGD_eps0.15_it25,5894,5893,1.0,0.999830335934849,PGD,0.15,25,DDoS-HOIC,
MLP,PGD_eps0.15_it25,5960,5960,1.0,1.0,PGD,0.15,25,DDoS-LOIC-HTTP,
MLP,PGD_eps0.15_it25,516,516,0.011627906976744186,0.011627906976744186,PGD,0.15,25,DDoS-LOIC-UDP,
MLP,PGD_eps0.15_it25,51,46,1.0,1.0,PGD,0.15,25,DDoS-LOIC-UDP - Attempted,
MLP,PGD_eps0.15_it25,4580,4579,1.0,0.9997816593886463,PGD,0.15,25,DoS GoldenEye,
MLP,PGD_eps0.15_it25,849,849,1.0,1.0,PGD,0.15,25,DoS GoldenEye - Attempted,
MLP,PGD_eps0.15_it25,5951,5951,1.0,1.0,PGD,0.15,25,DoS Hulk,
MLP,PGD_eps0.15_it25,19,12,1.0,0.631578947368421,PGD,0.15,25,DoS Hulk - Attempted,
MLP,PGD_eps0.15_it25,1713,1712,1.0,0.9994162288382954,PGD,0.15,25,DoS Slowloris,
MLP,PGD_eps0.15_it25,437,436,1.0,0.9977116704805492,PGD,0.15,25,DoS Slowloris - Attempted,
MLP,PGD_eps0.15_it25,5957,5957,1.0,1.0,PGD,0.15,25,FTP-BruteForce - Attempted,
MLP,PGD_eps0.15_it25,47,47,0.0851063829787234,0.0851063829787234,PGD,0.15,25,Infiltration - Communication Victim Attacker,
MLP,PGD_eps0.15_it25,14,2,1.0,0.5,PGD,0.15,25,Infiltration - Dropbox Download,
MLP,PGD_eps0.15_it25,2,0,,0.0,PGD,0.15,25,Infiltration - Dropbox Download - Attempted,
MLP,PGD_eps0.15_it25,6072,5986,0.889909789508854,0.8827404479578392,PGD,0.15,25,Infiltration - NMAP Portscan,
MLP,PGD_eps0.15_it25,6059,6059,1.0,1.0,PGD,0.15,25,SSH-BruteForce,
MLP,PGD_eps0.15_it25,27,26,0.0,0.0,PGD,0.15,25,Web Attack - Brute Force,
MLP,PGD_eps0.15_it25,25,25,1.0,1.0,PGD,0.15,25,Web Attack - Brute Force - Attempted,
MLP,PGD_eps0.15_it25,6,5,0.8,0.6666666666666666,PGD,0.15,25,Web Attack - SQL,
MLP,PGD_eps0.15_it25,3,1,0.0,0.0,PGD,0.15,25,Web Attack - SQL - Attempted,
MLP,PGD_eps0.15_it25,19,19,0.0,0.0,PGD,0.15,25,Web Attack - XSS,
MLP,PGD_eps0.15_it25,1,0,,0.0,PGD,0.15,25,Web Attack - XSS - Attempted,
LR,PGD_eps0.3_it10,60000,0,,,PGD,0.3,10,Benign,
LR,PGD_eps0.3_it10,6052,6045,0.9956989247311828,0.9957038995373431,PGD,0.3,10,Botnet Ares,
LR,PGD_eps0.3_it10,49,49,1.0,1.0,PGD,0.3,10,Botnet Ares - Attempted,
LR,PGD_eps0.3_it10,5894,5893,1.0,0.999830335934849,PGD,0.3,10,DDoS-HOIC,
LR,PGD_eps0.3_it10,5960,5960,1.0,1.0,PGD,0.3,10,DDoS-LOIC-HTTP,
LR,PGD_eps0.3_it10,516,508,0.0531496062992126,0.06782945736434108,PGD,0.3,10,DDoS-LOIC-UDP,
LR,PGD_eps0.3_it10,51,0,,1.0,PGD,0.3,10,DDoS-LOIC-UDP - Attempted,
LR,PGD_eps0.3_it10,4580,4453,0.9997754322928363,0.9997816593886463,PGD,0.3,10,DoS GoldenEye,
LR,PGD_eps0.3_it10,849,848,1.0,1.0,PGD,0.3,10,DoS GoldenEye - Attempted,
LR,PGD_eps0.3_it10,5951,5951,1.0,1.0,PGD,0.3,10,DoS Hulk,
LR,PGD_eps0.3_it10,19,19,0.631578947368421,0.631578947368421,PGD,0.3,10,DoS Hulk - Attempted,
LR,PGD_eps0.3_it10,1713,1633,0.9993876301285977,0.9994162288382954,PGD,0.3,10,DoS Slowloris,
LR,PGD_eps0.3_it10,437,424,0.9976415094339622,0.9977116704805492,PGD,0.3,10,DoS Slowloris - Attempted,
LR,PGD_eps0.3_it10,5957,5957,0.7821050864529125,0.7821050864529125,PGD,0.3,10,FTP-BruteForce - Attempted,
LR,PGD_eps0.3_it10,47,47,0.0851063829787234,0.0851063829787234,PGD,0.3,10,Infiltration - Communication Victim Attacker,
LR,PGD_eps0.3_it10,14,2,1.0,0.35714285714285715,PGD,0.3,10,Infiltration - Dropbox Download,
LR,PGD_eps0.3_it10,2,0,,0.5,PGD,0.3,10,Infiltration - Dropbox Download - Attempted,
LR,PGD_eps0.3_it10,6072,4496,0.8213967971530249,0.8580368906455863,PGD,0.3,10,Infiltration - NMAP Portscan,
LR,PGD_eps0.3_it10,6059,6059,1.0,1.0,PGD,0.3,10,SSH-BruteForce,
LR,PGD_eps0.3_it10,27,26,0.0,0.037037037037037035,PGD,0.3,10,Web Attack - Brute Force,
LR,PGD_eps0.3_it10,25,10,1.0,1.0,PGD,0.3,10,Web Attack - Brute Force - Attempted,
LR,PGD_eps0.3_it10,6,2,0.5,0.6666666666666666,PGD,0.3,10,Web Attack - SQL,
LR,PGD_eps0.3_it10,3,1,0.0,0.0,PGD,0.3,10,Web Attack - SQL - Attempted,
LR,PGD_eps0.3_it10,19,0,,1.0,PGD,0.3,10,Web Attack - XSS,
LR,PGD_eps0.3_it10,1,0,,0.0,PGD,0.3,10,Web Attack - XSS - Attempted,
SVM,PGD_eps0.3_it10,60000,0,,,PGD,0.3,10,Benign,
SVM,PGD_eps0.3_it10,6052,6045,0.9956989247311828,0.9957038995373431,PGD,0.3,10,Botnet Ares,
SVM,PGD_eps0.3_it10,49,49,1.0,1.0,PGD,0.3,10,Botnet Ares - Attempted,
SVM,PGD_eps0.3_it10,5894,5893,1.0,0.999830335934849,PGD,0.3,10,DDoS-HOIC,
SVM,PGD_eps0.3_it10,5960,7,1.0,1.0,PGD,0.3,10,DDoS-LOIC-HTTP,
SVM,PGD_eps0.3_it10,516,509,0.015717092337917484,0.029069767441860465,PGD,0.3,10,DDoS-LOIC-UDP,
SVM,PGD_eps0.3_it10,51,0,,1.0,PGD,0.3,10,DDoS-LOIC-UDP - Attempted,
SVM,PGD_eps0.3_it10,4580,4545,0.9997799779977998,0.9997816593886463,PGD,0.3,10,DoS GoldenEye,
SVM,PGD_eps0.3_it10,849,848,1.0,1.0,PGD,0.3,10,DoS GoldenEye - Attempted,
SVM,PGD_eps0.3_it10,5951,5950,1.0,1.0,PGD,0.3,10,DoS Hulk,
SVM,PGD_eps0.3_it10,19,19,0.631578947368421,0.631578947368421,PGD,0.3,10,DoS Hulk - Attempted,
SVM,PGD_eps0.3_it10,1713,1629,0.9993861264579497,0.9994162288382954,PGD,0.3,10,DoS Slowloris,
SVM,PGD_eps0.3_it10,437,424,0.9976415094339622,0.9977116704805492,PGD,0.3,10,DoS Slowloris - Attempted,
SVM,PGD_eps0.3_it10,5957,5957,0.11499076716468021,0.11499076716468021,PGD,0.3,10,FTP-BruteForce - Attempted,
SVM,PGD_eps0.3_it10,47,47,0.0851063829787234,0.0851063829787234,PGD,0.3,10,Infiltration - Communication Victim Attacker,
SVM,PGD_eps0.3_it10,14,1,0.0,0.21428571428571427,PGD,0.3,10,Infiltration - Dropbox Download,
SVM,PGD_eps0.3_it10,2,0,,0.0,PGD,0.3,10,Infiltration - Dropbox Download - Attempted,
SVM,PGD_eps0.3_it10,6072,4608,0.8324652777777778,0.8656126482213439,PGD,0.3,10,Infiltration - NMAP Portscan,
SVM,PGD_eps0.3_it10,6059,6059,1.0,1.0,PGD,0.3,10,SSH-BruteForce,
SVM,PGD_eps0.3_it10,27,0,,1.0,PGD,0.3,10,Web Attack - Brute Force,
SVM,PGD_eps0.3_it10,25,0,,1.0,PGD,0.3,10,Web Attack - Brute Force - Attempted,
SVM,PGD_eps0.3_it10,6,0,,0.8333333333333334,PGD,0.3,10,Web Attack - SQL,
SVM,PGD_eps0.3_it10,3,0,,0.3333333333333333,PGD,0.3,10,Web Attack - SQL - Attempted,
SVM,PGD_eps0.3_it10,19,0,,1.0,PGD,0.3,10,Web Attack - XSS,
SVM,PGD_eps0.3_it10,1,0,,0.0,PGD,0.3,10,Web Attack - XSS - Attempted,
RF,PGD_eps0.3_it10,60000,0,,,PGD,0.3,10,Benign,
RF,PGD_eps0.3_it10,6052,6052,0.9945472571050892,0.9945472571050892,PGD,0.3,10,Botnet Ares,
RF,PGD_eps0.3_it10,49,49,1.0,1.0,PGD,0.3,10,Botnet Ares - Attempted,
RF,PGD_eps0.3_it10,5894,5894,1.0,1.0,PGD,0.3,10,DDoS-HOIC,
RF,PGD_eps0.3_it10,5960,5960,1.0,1.0,PGD,0.3,10,DDoS-LOIC-HTTP,
RF,PGD_eps0.3_it10,516,516,0.5213178294573644,0.5213178294573644,PGD,0.3,10,DDoS-LOIC-UDP,
RF,PGD_eps0.3_it10,51,51,0.9019607843137255,0.9019607843137255,PGD,0.3,10,DDoS-LOIC-UDP - Attempted,
RF,PGD_eps0.3_it10,4580,4580,0.9997816593886463,0.9997816593886463,PGD,0.3,10,DoS GoldenEye,
RF,PGD_eps0.3_it10,849,849,1.0,1.0,PGD,0.3,10,DoS GoldenEye - Attempted,
RF,PGD_eps0.3_it10,5951,5951,1.0,1.0,PGD,0.3,10,DoS Hulk,
RF,PGD_eps0.3_it10,19,19,0.3684210526315789,0.3684210526315789,PGD,0.3,10,DoS Hulk - Attempted,
RF,PGD_eps0.3_it10,1713,1713,0.971395213076474,0.971395213076474,PGD,0.3,10,DoS Slowloris,
RF,PGD_eps0.3_it10,437,437,1.0,1.0,PGD,0.3,10,DoS Slowloris - Attempted,
RF,PGD_eps0.3_it10,5957,5957,1.0,1.0,PGD,0.3,10,FTP-BruteForce - Attempted,
RF,PGD_eps0.3_it10,47,47,0.0851063829787234,0.0851063829787234,PGD,0.3,10,Infiltration - Communication Victim Attacker,
RF,PGD_eps0.3_it10,14,5,1.0,1.0,PGD,0.3,10,Infiltration - Dropbox Download,
RF,PGD_eps0.3_it10,2,2,1.0,1.0,PGD,0.3,10,Infiltration - Dropbox Download - Attempted,
RF,PGD_eps0.3_it10,6072,6069,0.5369912670950733,0.5372200263504612,PGD,0.3,10,Infiltration - NMAP Portscan,
RF,PGD_eps0.3_it10,6059,6059,1.0,1.0,PGD,0.3,10,SSH-BruteForce,
RF,PGD_eps0.3_it10,27,26,0.0,0.037037037037037035,PGD,0.3,10,Web Attack - Brute Force,
RF,PGD_eps0.3_it10,25,25,1.0,1.0,PGD,0.3,10,Web Attack - Brute Force - Attempted,
RF,PGD_eps0.3_it10,6,6,0.8333333333333334,0.8333333333333334,PGD,0.3,10,Web Attack - SQL,
RF,PGD_eps0.3_it10,3,3,0.6666666666666666,0.6666666666666666,PGD,0.3,10,Web Attack - SQL - Attempted,
RF,PGD_eps0.3_it10,19,19,0.0,0.0,PGD,0.3,10,Web Attack - XSS,
RF,PGD_eps0.3_it10,1,1,0.0,0.0,PGD,0.3,10,Web Attack - XSS - Attempted,
MLP,PGD_eps0.3_it10,60000,0,,,PGD,0.3,10,Benign,
MLP,PGD_eps0.3_it10,6052,6052,0.9945472571050892,0.9945472571050892,PGD,0.3,10,Botnet Ares,
MLP,PGD_eps0.3_it10,49,49,1.0,1.0,PGD,0.3,10,Botnet Ares - Attempted,
MLP,PGD_eps0.3_it10,5894,5893,1.0,0.999830335934849,PGD,0.3,10,DDoS-HOIC,
MLP,PGD_eps0.3_it10,5960,5960,1.0,1.0,PGD,0.3,10,DDoS-LOIC-HTTP,
MLP,PGD_eps0.3_it10,516,516,0.044573643410852716,0.044573643410852716,PGD,0.3,10,DDoS-LOIC-UDP,
MLP,PGD_eps0.3_it10,51,46,1.0,0.9019607843137255,PGD,0.3,10,DDoS-LOIC-UDP - Attempted,
MLP,PGD_eps0.3_it10,4580,4579,1.0,0.9997816593886463,PGD,0.3,10,DoS GoldenEye,
MLP,PGD_eps0.3_it10,849,849,1.0,1.0,PGD,0.3,10,DoS GoldenEye - Attempted,
MLP,PGD_eps0.3_it10,5951,5951,1.0,1.0,PGD,0.3,10,DoS Hulk,
MLP,PGD_eps0.3_it10,19,12,1.0,0.631578947368421,PGD,0.3,10,DoS Hulk - Attempted,
MLP,PGD_eps0.3_it10,1713,1712,1.0,0.9994162288382954,PGD,0.3,10,DoS Slowloris,
MLP,PGD_eps0.3_it10,437,436,1.0,0.9977116704805492,PGD,0.3,10,DoS Slowloris - Attempted,
MLP,PGD_eps0.3_it10,5957,5957,1.0,1.0,PGD,0.3,10,FTP-BruteForce - Attempted,
MLP,PGD_eps0.3_it10,47,47,0.0851063829787234,0.0851063829787234,PGD,0.3,10,Infiltration - Communication Victim Attacker,
MLP,PGD_eps0.3_it10,14,2,1.0,0.2857142857142857,PGD,0.3,10,Infiltration - Dropbox Download,
MLP,PGD_eps0.3_it10,2,0,,0.0,PGD,0.3,10,Infiltration - Dropbox Download - Attempted,
MLP,PGD_eps0.3_it10,6072,5986,0.9238222519211493,0.910737812911726,PGD,0.3,10,Infiltration - NMAP Portscan,
MLP,PGD_eps0.3_it10,6059,6059,1.0,1.0,PGD,0.3,10,SSH-BruteForce,
MLP,PGD_eps0.3_it10,27,26,0.0,0.0,PGD,0.3,10,Web Attack - Brute Force,
MLP,PGD_eps0.3_it10,25,25,1.0,1.0,PGD,0.3,10,Web Attack - Brute Force - Attempted,
MLP,PGD_eps0.3_it10,6,5,0.8,0.6666666666666666,PGD,0.3,10,Web Attack - SQL,
MLP,PGD_eps0.3_it10,3,1,0.0,0.0,PGD,0.3,10,Web Attack - SQL - Attempted,
MLP,PGD_eps0.3_it10,19,19,0.0,0.0,PGD,0.3,10,Web Attack - XSS,
MLP,PGD_eps0.3_it10,1,0,,0.0,PGD,0.3,10,Web Attack - XSS - Attempted,
LR,PGD_eps0.3_it25,60000,0,,,PGD,0.3,25,Benign,
LR,PGD_eps0.3_it25,6052,6045,0.9956989247311828,0.9957038995373431,PGD,0.3,25,Botnet Ares,
LR,PGD_eps0.3_it25,49,49,1.0,1.0,PGD,0.3,25,Botnet Ares - Attempted,
LR,PGD_eps0.3_it25,5894,5893,1.0,0.999830335934849,PGD,0.3,25,DDoS-HOIC,
LR,PGD_eps0.3_it25,5960,5960,1.0,1.0,PGD,0.3,25,DDoS-LOIC-HTTP,
LR,PGD_eps0.3_it25,516,508,0.0531496062992126,0.06782945736434108,PGD,0.3,25,DDoS-LOIC-UDP,
LR,PGD_eps0.3_it25,51,0,,1.0,PGD,0.3,25,DDoS-LOIC-UDP - Attempted,
LR,PGD_eps0.3_it25,4580,4453,0.9997754322928363,0.9997816593886463,PGD,0.3,25,DoS GoldenEye,
LR,PGD_eps0.3_it25,849,848,1.0,1.0,PGD,0.3,25,DoS GoldenEye - Attempted,
LR,PGD_eps0.3_it25,5951,5951,1.0,1.0,PGD,0.3,25,DoS Hulk,
LR,PGD_eps0.3_it25,19,19,0.631578947368421,0.631578947368421,PGD,0.3,25,DoS Hulk - Attempted,
LR,PGD_eps0.3_it25,1713,1633,0.9993876301285977,0.9994162288382954,PGD,0.3,25,DoS Slowloris,
LR,PGD_eps0.3_it25,437,424,0.9976415094339622,0.9977116704805492,PGD,0.3,25,DoS Slowloris - Attempted,
LR,PGD_eps0.3_it25,5957,5957,0.7821050864529125,0.7821050864529125,PGD,0.3,25,FTP-BruteForce - Attempted,
LR,PGD_eps0.3_it25,47,47,0.0851063829787234,0.0851063829787234,PGD,0.3,25,Infiltration - Communication Victim Attacker,
LR,PGD_eps0.3_it25,14,2,1.0,0.35714285714285715,PGD,0.3,25,Infiltration - Dropbox Download,
LR,PGD_eps0.3_it25,2,0,,0.5,PGD,0.3,25,Infiltration - Dropbox Download - Attempted,
LR,PGD_eps0.3_it25,6072,4496,0.8213967971530249,0.8578722002635046,PGD,0.3,25,Infiltration - NMAP Portscan,
LR,PGD_eps0.3_it25,6059,6059,1.0,1.0,PGD,0.3,25,SSH-BruteForce,
LR,PGD_eps0.3_it25,27,26,0.0,0.037037037037037035,PGD,0.3,25,Web Attack - Brute Force,
LR,PGD_eps0.3_it25,25,10,1.0,1.0,PGD,0.3,25,Web Attack - Brute Force - Attempted,
LR,PGD_eps0.3_it25,6,2,0.5,0.6666666666666666,PGD,0.3,25,Web Attack - SQL,
LR,PGD_eps0.3_it25,3,1,0.0,0.0,PGD,0.3,25,Web Attack - SQL - Attempted,
LR,PGD_eps0.3_it25,19,0,,1.0,PGD,0.3,25,Web Attack - XSS,
LR,PGD_eps0.3_it25,1,0,,0.0,PGD,0.3,25,Web Attack - XSS - Attempted,
SVM,PGD_eps0.3_it25,60000,0,,,PGD,0.3,25,Benign,
SVM,PGD_eps0.3_it25,6052,6045,0.9956989247311828,0.9957038995373431,PGD,0.3,25,Botnet Ares,
SVM,PGD_eps0.3_it25,49,49,1.0,1.0,PGD,0.3,25,Botnet Ares - Attempted,
SVM,PGD_eps0.3_it25,5894,5893,1.0,0.999830335934849,PGD,0.3,25,DDoS-HOIC,
SVM,PGD_eps0.3_it25,5960,7,1.0,1.0,PGD,0.3,25,DDoS-LOIC-HTTP,
SVM,PGD_eps0.3_it25,516,509,0.023575638506876228,0.03682170542635659,PGD,0.3,25,DDoS-LOIC-UDP,
SVM,PGD_eps0.3_it25,51,0,,1.0,PGD,0.3,25,DDoS-LOIC-UDP - Attempted,
SVM,PGD_eps0.3_it25,4580,4545,0.9997799779977998,0.9997816593886463,PGD,0.3,25,DoS GoldenEye,
SVM,PGD_eps0.3_it25,849,848,1.0,1.0,PGD,0.3,25,DoS GoldenEye - Attempted,
SVM,PGD_eps0.3_it25,5951,5950,1.0,1.0,PGD,0.3,25,DoS Hulk,
SVM,PGD_eps0.3_it25,19,19,0.631578947368421,0.631578947368421,PGD,0.3,25,DoS Hulk - Attempted,
SVM,PGD_eps0.3_it25,1713,1629,0.9993861264579497,0.9994162288382954,PGD,0.3,25,DoS Slowloris,
SVM,PGD_eps0.3_it25,437,424,0.9976415094339622,0.9977116704805492,PGD,0.3,25,DoS Slowloris - Attempted,
SVM,PGD_eps0.3_it25,5957,5957,0.004532482793352359,0.004532482793352359,PGD,0.3,25,FTP-BruteForce - Attempted,
SVM,PGD_eps0.3_it25,47,47,0.0851063829787234,0.0851063829787234,PGD,0.3,25,Infiltration - Communication Victim Attacker,
SVM,PGD_eps0.3_it25,14,1,0.0,0.21428571428571427,PGD,0.3,25,Infiltration - Dropbox Download,
SVM,PGD_eps0.3_it25,2,0,,0.0,PGD,0.3,25,Infiltration - Dropbox Download - Attempted,
SVM,PGD_eps0.3_it25,6072,4608,0.8333333333333334,0.8662714097496707,PGD,0.3,25,Infiltration - NMAP Portscan,
SVM,PGD_eps0.3_it25,6059,6059,1.0,1.0,PGD,0.3,25,SSH-BruteForce,
SVM,PGD_eps0.3_it25,27,0,,1.0,PGD,0.3,25,Web Attack - Brute Force,
SVM,PGD_eps0.3_it25,25,0,,1.0,PGD,0.3,25,Web Attack - Brute Force - Attempted,
SVM,PGD_eps0.3_it25,6,0,,0.8333333333333334,PGD,0.3,25,Web Attack - SQL,
SVM,PGD_eps0.3_it25,3,0,,0.3333333333333333,PGD,0.3,25,Web Attack - SQL - Attempted,
SVM,PGD_eps0.3_it25,19,0,,1.0,PGD,0.3,25,Web Attack - XSS,
SVM,PGD_eps0.3_it25,1,0,,0.0,PGD,0.3,25,Web Attack - XSS - Attempted,
RF,PGD_eps0.3_it25,60000,0,,,PGD,0.3,25,Benign,
RF,PGD_eps0.3_it25,6052,6052,0.9945472571050892,0.9945472571050892,PGD,0.3,25,Botnet Ares,
RF,PGD_eps0.3_it25,49,49,1.0,1.0,PGD,0.3,25,Botnet Ares - Attempted,
RF,PGD_eps0.3_it25,5894,5894,1.0,1.0,PGD,0.3,25,DDoS-HOIC,
RF,PGD_eps0.3_it25,5960,5960,1.0,1.0,PGD,0.3,25,DDoS-LOIC-HTTP,
RF,PGD_eps0.3_it25,516,516,0.5213178294573644,0.5213178294573644,PGD,0.3,25,DDoS-LOIC-UDP,
RF,PGD_eps0.3_it25,51,51,0.9019607843137255,0.9019607843137255,PGD,0.3,25,DDoS-LOIC-UDP - Attempted,
RF,PGD_eps0.3_it25,4580,4580,0.9997816593886463,0.9997816593886463,PGD,0.3,25,DoS GoldenEye,
RF,PGD_eps0.3_it25,849,849,1.0,1.0,PGD,0.3,25,DoS GoldenEye - Attempted,
RF,PGD_eps0.3_it25,5951,5951,1.0,1.0,PGD,0.3,25,DoS Hulk,
RF,PGD_eps0.3_it25,19,19,0.5789473684210527,0.5789473684210527,PGD,0.3,25,DoS Hulk - Attempted,
RF,PGD_eps0.3_it25,1713,1713,0.9702276707530648,0.9702276707530648,PGD,0.3,25,DoS Slowloris,
RF,PGD_eps0.3_it25,437,437,1.0,1.0,PGD,0.3,25,DoS Slowloris - Attempted,
RF,PGD_eps0.3_it25,5957,5957,1.0,1.0,PGD,0.3,25,FTP-BruteForce - Attempted,
RF,PGD_eps0.3_it25,47,47,0.0851063829787234,0.0851063829787234,PGD,0.3,25,Infiltration - Communication Victim Attacker,
RF,PGD_eps0.3_it25,14,5,1.0,1.0,PGD,0.3,25,Infiltration - Dropbox Download,
RF,PGD_eps0.3_it25,2,2,1.0,1.0,PGD,0.3,25,Infiltration - Dropbox Download - Attempted,
RF,PGD_eps0.3_it25,6072,6069,0.6117976602405668,0.6119894598155468,PGD,0.3,25,Infiltration - NMAP Portscan,
RF,PGD_eps0.3_it25,6059,6059,1.0,1.0,PGD,0.3,25,SSH-BruteForce,
RF,PGD_eps0.3_it25,27,26,0.0,0.037037037037037035,PGD,0.3,25,Web Attack - Brute Force,
RF,PGD_eps0.3_it25,25,25,1.0,1.0,PGD,0.3,25,Web Attack - Brute Force - Attempted,
RF,PGD_eps0.3_it25,6,6,0.8333333333333334,0.8333333333333334,PGD,0.3,25,Web Attack - SQL,
RF,PGD_eps0.3_it25,3,3,0.6666666666666666,0.6666666666666666,PGD,0.3,25,Web Attack - SQL - Attempted,
RF,PGD_eps0.3_it25,19,19,0.0,0.0,PGD,0.3,25,Web Attack - XSS,
RF,PGD_eps0.3_it25,1,1,1.0,1.0,PGD,0.3,25,Web Attack - XSS - Attempted,
MLP,PGD_eps0.3_it25,60000,0,,,PGD,0.3,25,Benign,
MLP,PGD_eps0.3_it25,6052,6052,0.9945472571050892,0.9945472571050892,PGD,0.3,25,Botnet Ares,
MLP,PGD_eps0.3_it25,49,49,1.0,1.0,PGD,0.3,25,Botnet Ares - Attempted,
MLP,PGD_eps0.3_it25,5894,5893,1.0,0.999830335934849,PGD,0.3,25,DDoS-HOIC,
MLP,PGD_eps0.3_it25,5960,5960,1.0,1.0,PGD,0.3,25,DDoS-LOIC-HTTP,
MLP,PGD_eps0.3_it25,516,516,0.03875968992248062,0.03875968992248062,PGD,0.3,25,DDoS-LOIC-UDP,
MLP,PGD_eps0.3_it25,51,46,1.0,0.9019607843137255,PGD,0.3,25,DDoS-LOIC-UDP - Attempted,
MLP,PGD_eps0.3_it25,4580,4579,1.0,0.9997816593886463,PGD,0.3,25,DoS GoldenEye,
MLP,PGD_eps0.3_it25,849,849,1.0,1.0,PGD,0.3,25,DoS GoldenEye - Attempted,
MLP,PGD_eps0.3_it25,5951,5951,1.0,1.0,PGD,0.3,25,DoS Hulk,
MLP,PGD_eps0.3_it25,19,12,1.0,0.631578947368421,PGD,0.3,25,DoS Hulk - Attempted,
MLP,PGD_eps0.3_it25,1713,1712,1.0,0.9994162288382954,PGD,0.3,25,DoS Slowloris,
MLP,PGD_eps0.3_it25,437,436,1.0,0.9977116704805492,PGD,0.3,25,DoS Slowloris - Attempted,
MLP,PGD_eps0.3_it25,5957,5957,1.0,1.0,PGD,0.3,25,FTP-BruteForce - Attempted,
MLP,PGD_eps0.3_it25,47,47,0.0851063829787234,0.0851063829787234,PGD,0.3,25,Infiltration - Communication Victim Attacker,
MLP,PGD_eps0.3_it25,14,2,1.0,0.2857142857142857,PGD,0.3,25,Infiltration - Dropbox Download,
MLP,PGD_eps0.3_it25,2,0,,0.0,PGD,0.3,25,Infiltration - Dropbox Download - Attempted,
MLP,PGD_eps0.3_it25,6072,5986,0.922652856665553,0.9095849802371542,PGD,0.3,25,Infiltration - NMAP Portscan,
MLP,PGD_eps0.3_it25,6059,6059,1.0,1.0,PGD,0.3,25,SSH-BruteForce,
MLP,PGD_eps0.3_it25,27,26,0.0,0.0,PGD,0.3,25,Web Attack - Brute Force,
MLP,PGD_eps0.3_it25,25,25,1.0,1.0,PGD,0.3,25,Web Attack - Brute Force - Attempted,
MLP,PGD_eps0.3_it25,6,5,0.8,0.6666666666666666,PGD,0.3,25,Web Attack - SQL,
MLP,PGD_eps0.3_it25,3,1,0.0,0.0,PGD,0.3,25,Web Attack - SQL - Attempted,
MLP,PGD_eps0.3_it25,19,19,0.0,0.0,PGD,0.3,25,Web Attack - XSS,
MLP,PGD_eps0.3_it25,1,0,,0.0,PGD,0.3,25,Web Attack - XSS - Attempted,
LR,PGD_eps0.5_it10,60000,0,,,PGD,0.5,10,Benign,
LR,PGD_eps0.5_it10,6052,6045,0.9956989247311828,0.9957038995373431,PGD,0.5,10,Botnet Ares,
LR,PGD_eps0.5_it10,49,49,1.0,1.0,PGD,0.5,10,Botnet Ares - Attempted,
LR,PGD_eps0.5_it10,5894,5893,1.0,0.999830335934849,PGD,0.5,10,DDoS-HOIC,
LR,PGD_eps0.5_it10,5960,5960,1.0,1.0,PGD,0.5,10,DDoS-LOIC-HTTP,
LR,PGD_eps0.5_it10,516,508,0.05905511811023622,0.07364341085271318,PGD,0.5,10,DDoS-LOIC-UDP,
LR,PGD_eps0.5_it10,51,0,,1.0,PGD,0.5,10,DDoS-LOIC-UDP - Attempted,
LR,PGD_eps0.5_it10,4580,4453,0.9997754322928363,0.9997816593886463,PGD,0.5,10,DoS GoldenEye,
LR,PGD_eps0.5_it10,849,848,1.0,1.0,PGD,0.5,10,DoS GoldenEye - Attempted,
LR,PGD_eps0.5_it10,5951,5951,1.0,1.0,PGD,0.5,10,DoS Hulk,
LR,PGD_eps0.5_it10,19,19,0.631578947368421,0.631578947368421,PGD,0.5,10,DoS Hulk - Attempted,
LR,PGD_eps0.5_it10,1713,1633,0.9993876301285977,0.9994162288382954,PGD,0.5,10,DoS Slowloris,
LR,PGD_eps0.5_it10,437,424,0.9976415094339622,0.9977116704805492,PGD,0.5,10,DoS Slowloris - Attempted,
LR,PGD_eps0.5_it10,5957,5957,1.0,1.0,PGD,0.5,10,FTP-BruteForce - Attempted,
LR,PGD_eps0.5_it10,47,47,0.0851063829787234,0.0851063829787234,PGD,0.5,10,Infiltration - Communication Victim Attacker,
LR,PGD_eps0.5_it10,14,2,1.0,0.35714285714285715,PGD,0.5,10,Infiltration - Dropbox Download,
LR,PGD_eps0.5_it10,2,0,,0.5,PGD,0.5,10,Infiltration - Dropbox Download - Attempted,
LR,PGD_eps0.5_it10,6072,4496,0.8231761565836299,0.8593544137022397,PGD,0.5,10,Infiltration - NMAP Portscan,
LR,PGD_eps0.5_it10,6059,6059,1.0,1.0,PGD,0.5,10,SSH-BruteForce,
LR,PGD_eps0.5_it10,27,26,0.0,0.037037037037037035,PGD,0.5,10,Web Attack - Brute Force,
LR,PGD_eps0.5_it10,25,10,1.0,1.0,PGD,0.5,10,Web Attack - Brute Force - Attempted,
LR,PGD_eps0.5_it10,6,2,0.5,0.6666666666666666,PGD,0.5,10,Web Attack - SQL,
LR,PGD_eps0.5_it10,3,1,0.0,0.0,PGD,0.5,10,Web Attack - SQL - Attempted,
LR,PGD_eps0.5_it10,19,0,,1.0,PGD,0.5,10,Web Attack - XSS,
LR,PGD_eps0.5_it10,1,0,,0.0,PGD,0.5,10,Web Attack - XSS - Attempted,
SVM,PGD_eps0.5_it10,60000,0,,,PGD,0.5,10,Benign,
SVM,PGD_eps0.5_it10,6052,6045,0.9956989247311828,0.9957038995373431,PGD,0.5,10,Botnet Ares,
SVM,PGD_eps0.5_it10,49,49,1.0,1.0,PGD,0.5,10,Botnet Ares - Attempted,
SVM,PGD_eps0.5_it10,5894,5893,1.0,0.999830335934849,PGD,0.5,10,DDoS-HOIC,
SVM,PGD_eps0.5_it10,5960,7,1.0,1.0,PGD,0.5,10,DDoS-LOIC-HTTP,
SVM,PGD_eps0.5_it10,516,509,0.04518664047151277,0.05813953488372093,PGD,0.5,10,DDoS-LOIC-UDP,
SVM,PGD_eps0.5_it10,51,0,,1.0,PGD,0.5,10,DDoS-LOIC-UDP - Attempted,
SVM,PGD_eps0.5_it10,4580,4545,0.9997799779977998,0.9997816593886463,PGD,0.5,10,DoS GoldenEye,
SVM,PGD_eps0.5_it10,849,848,1.0,1.0,PGD,0.5,10,DoS GoldenEye - Attempted,
SVM,PGD_eps0.5_it10,5951,5950,1.0,1.0,PGD,0.5,10,DoS Hulk,
SVM,PGD_eps0.5_it10,19,19,0.631578947368421,0.631578947368421,PGD,0.5,10,DoS Hulk - Attempted,
SVM,PGD_eps0.5_it10,1713,1629,0.9993861264579497,0.9994162288382954,PGD,0.5,10,DoS Slowloris,
SVM,PGD_eps0.5_it10,437,424,0.9976415094339622,0.9977116704805492,PGD,0.5,10,DoS Slowloris - Attempted,
SVM,PGD_eps0.5_it10,5957,5957,0.7821050864529125,0.7821050864529125,PGD,0.5,10,FTP-BruteForce - Attempted,
SVM,PGD_eps0.5_it10,47,47,0.0851063829787234,0.0851063829787234,PGD,0.5,10,Infiltration - Communication Victim Attacker,
SVM,PGD_eps0.5_it10,14,1,0.0,0.14285714285714285,PGD,0.5,10,Infiltration - Dropbox Download,
SVM,PGD_eps0.5_it10,2,0,,0.0,PGD,0.5,10,Infiltration - Dropbox Download - Attempted,
SVM,PGD_eps0.5_it10,6072,4608,0.8643663194444444,0.8898221343873518,PGD,0.5,10,Infiltration - NMAP Portscan,
SVM,PGD_eps0.5_it10,6059,6059,1.0,1.0,PGD,0.5,10,SSH-BruteForce,
SVM,PGD_eps0.5_it10,27,0,,1.0,PGD,0.5,10,Web Attack - Brute Force,
SVM,PGD_eps0.5_it10,25,0,,1.0,PGD,0.5,10,Web Attack - Brute Force - Attempted,
SVM,PGD_eps0.5_it10,6,0,,0.8333333333333334,PGD,0.5,10,Web Attack - SQL,
SVM,PGD_eps0.5_it10,3,0,,0.3333333333333333,PGD,0.5,10,Web Attack - SQL - Attempted,
SVM,PGD_eps0.5_it10,19,0,,1.0,PGD,0.5,10,Web Attack - XSS,
SVM,PGD_eps0.5_it10,1,0,,0.0,PGD,0.5,10,Web Attack - XSS - Attempted,
RF,PGD_eps0.5_it10,60000,0,,,PGD,0.5,10,Benign,
RF,PGD_eps0.5_it10,6052,6052,0.9945472571050892,0.9945472571050892,PGD,0.5,10,Botnet Ares,
RF,PGD_eps0.5_it10,49,49,1.0,1.0,PGD,0.5,10,Botnet Ares - Attempted,
RF,PGD_eps0.5_it10,5894,5894,1.0,1.0,PGD,0.5,10,DDoS-HOIC,
RF,PGD_eps0.5_it10,5960,5960,1.0,1.0,PGD,0.5,10,DDoS-LOIC-HTTP,
RF,PGD_eps0.5_it10,516,516,0.5213178294573644,0.5213178294573644,PGD,0.5,10,DDoS-LOIC-UDP,
RF,PGD_eps0.5_it10,51,51,0.9019607843137255,0.9019607843137255,PGD,0.5,10,DDoS-LOIC-UDP - Attempted,
RF,PGD_eps0.5_it10,4580,4580,0.9995633187772925,0.9995633187772925,PGD,0.5,10,DoS GoldenEye,
RF,PGD_eps0.5_it10,849,849,1.0,1.0,PGD,0.5,10,DoS GoldenEye - Attempted,
RF,PGD_eps0.5_it10,5951,5951,1.0,1.0,PGD,0.5,10,DoS Hulk,
RF,PGD_eps0.5_it10,19,19,1.0,1.0,PGD,0.5,10,DoS Hulk - Attempted,
RF,PGD_eps0.5_it10,1713,1713,0.9223584354932867,0.9223584354932867,PGD,0.5,10,DoS Slowloris,
RF,PGD_eps0.5_it10,437,437,1.0,1.0,PGD,0.5,10,DoS Slowloris - Attempted,
RF,PGD_eps0.5_it10,5957,5957,1.0,1.0,PGD,0.5,10,FTP-BruteForce - Attempted,
RF,PGD_eps0.5_it10,47,47,0.0851063829787234,0.0851063829787234,PGD,0.5,10,Infiltration - Communication Victim Attacker,
RF,PGD_eps0.5_it10,14,5,1.0,1.0,PGD,0.5,10,Infiltration - Dropbox Download,
RF,PGD_eps0.5_it10,2,2,1.0,1.0,PGD,0.5,10,Infiltration - Dropbox Download - Attempted,
RF,PGD_eps0.5_it10,6072,6069,0.4967869500741473,0.49703557312252966,PGD,0.5,10,Infiltration - NMAP Portscan,
RF,PGD_eps0.5_it10,6059,6059,1.0,1.0,PGD,0.5,10,SSH-BruteForce,
RF,PGD_eps0.5_it10,27,26,0.0,0.037037037037037035,PGD,0.5,10,Web Attack - Brute Force,
RF,PGD_eps0.5_it10,25,25,1.0,1.0,PGD,0.5,10,Web Attack - Brute Force - Attempted,
RF,PGD_eps0.5_it10,6,6,0.8333333333333334,0.8333333333333334,PGD,0.5,10,Web Attack - SQL,
RF,PGD_eps0.5_it10,3,3,0.0,0.0,PGD,0.5,10,Web Attack - SQL - Attempted,
RF,PGD_eps0.5_it10,19,19,0.0,0.0,PGD,0.5,10,Web Attack - XSS,
RF,PGD_eps0.5_it10,1,1,1.0,1.0,PGD,0.5,10,Web Attack - XSS - Attempted,
MLP,PGD_eps0.5_it10,60000,0,,,PGD,0.5,10,Benign,
MLP,PGD_eps0.5_it10,6052,6052,0.9945472571050892,0.9945472571050892,PGD,0.5,10,Botnet Ares,
MLP,PGD_eps0.5_it10,49,49,1.0,1.0,PGD,0.5,10,Botnet Ares - Attempted,
MLP,PGD_eps0.5_it10,5894,5893,1.0,0.999830335934849,PGD,0.5,10,DDoS-HOIC,
MLP,PGD_eps0.5_it10,5960,5960,1.0,1.0,PGD,0.5,10,DDoS-LOIC-HTTP,
MLP,PGD_eps0.5_it10,516,516,0.06201550387596899,0.06201550387596899,PGD,0.5,10,DDoS-LOIC-UDP,
MLP,PGD_eps0.5_it10,51,46,1.0,0.9019607843137255,PGD,0.5,10,DDoS-LOIC-UDP - Attempted,
MLP,PGD_eps0.5_it10,4580,4579,1.0,0.9997816593886463,PGD,0.5,10,DoS GoldenEye,
MLP,PGD_eps0.5_it10,849,849,1.0,1.0,PGD,0.5,10,DoS GoldenEye - Attempted,
MLP,PGD_eps0.5_it10,5951,5951,1.0,1.0,PGD,0.5,10,DoS Hulk,
MLP,PGD_eps0.5_it10,19,12,1.0,0.631578947368421,PGD,0.5,10,DoS Hulk - Attempted,
MLP,PGD_eps0.5_it10,1713,1712,1.0,0.9994162288382954,PGD,0.5,10,DoS Slowloris,
MLP,PGD_eps0.5_it10,437,436,1.0,0.9977116704805492,PGD,0.5,10,DoS Slowloris - Attempted,
MLP,PGD_eps0.5_it10,5957,5957,1.0,1.0,PGD,0.5,10,FTP-BruteForce - Attempted,
MLP,PGD_eps0.5_it10,47,47,0.0851063829787234,0.0851063829787234,PGD,0.5,10,Infiltration - Communication Victim Attacker,
MLP,PGD_eps0.5_it10,14,2,1.0,0.2857142857142857,PGD,0.5,10,Infiltration - Dropbox Download,
MLP,PGD_eps0.5_it10,2,0,,0.0,PGD,0.5,10,Infiltration - Dropbox Download - Attempted,
MLP,PGD_eps0.5_it10,6072,5986,0.9248245907116606,0.9117259552042161,PGD,0.5,10,Infiltration - NMAP Portscan,
MLP,PGD_eps0.5_it10,6059,6059,1.0,1.0,PGD,0.5,10,SSH-BruteForce,
MLP,PGD_eps0.5_it10,27,26,0.0,0.0,PGD,0.5,10,Web Attack - Brute Force,
MLP,PGD_eps0.5_it10,25,25,1.0,1.0,PGD,0.5,10,Web Attack - Brute Force - Attempted,
MLP,PGD_eps0.5_it10,6,5,0.8,0.6666666666666666,PGD,0.5,10,Web Attack - SQL,
MLP,PGD_eps0.5_it10,3,1,0.0,0.0,PGD,0.5,10,Web Attack - SQL - Attempted,
MLP,PGD_eps0.5_it10,19,19,0.0,0.0,PGD,0.5,10,Web Attack - XSS,
MLP,PGD_eps0.5_it10,1,0,,0.0,PGD,0.5,10,Web Attack - XSS - Attempted,
LR,PGD_eps0.5_it25,60000,0,,,PGD,0.5,25,Benign,
LR,PGD_eps0.5_it25,6052,6045,0.9956989247311828,0.9957038995373431,PGD,0.5,25,Botnet Ares,
LR,PGD_eps0.5_it25,49,49,1.0,1.0,PGD,0.5,25,Botnet Ares - Attempted,
LR,PGD_eps0.5_it25,5894,5893,1.0,0.999830335934849,PGD,0.5,25,DDoS-HOIC,
LR,PGD_eps0.5_it25,5960,5960,1.0,1.0,PGD,0.5,25,DDoS-LOIC-HTTP,
LR,PGD_eps0.5_it25,516,508,0.05905511811023622,0.07364341085271318,PGD,0.5,25,DDoS-LOIC-UDP,
LR,PGD_eps0.5_it25,51,0,,1.0,PGD,0.5,25,DDoS-LOIC-UDP - Attempted,
LR,PGD_eps0.5_it25,4580,4453,0.9997754322928363,0.9997816593886463,PGD,0.5,25,DoS GoldenEye,
LR,PGD_eps0.5_it25,849,848,1.0,1.0,PGD,0.5,25,DoS GoldenEye - Attempted,
LR,PGD_eps0.5_it25,5951,5951,1.0,1.0,PGD,0.5,25,DoS Hulk,
LR,PGD_eps0.5_it25,19,19,0.631578947368421,0.631578947368421,PGD,0.5,25,DoS Hulk - Attempted,
LR,PGD_eps0.5_it25,1713,1633,0.9993876301285977,0.9994162288382954,PGD,0.5,25,DoS Slowloris,
LR,PGD_eps0.5_it25,437,424,0.9976415094339622,0.9977116704805492,PGD,0.5,25,DoS Slowloris - Attempted,
LR,PGD_eps0.5_it25,5957,5957,1.0,1.0,PGD,0.5,25,FTP-BruteForce - Attempted,
LR,PGD_eps0.5_it25,47,47,0.0851063829787234,0.0851063829787234,PGD,0.5,25,Infiltration - Communication Victim Attacker,
LR,PGD_eps0.5_it25,14,2,1.0,0.35714285714285715,PGD,0.5,25,Infiltration - Dropbox Download,
LR,PGD_eps0.5_it25,2,0,,0.5,PGD,0.5,25,Infiltration - Dropbox Download - Attempted,
LR,PGD_eps0.5_it25,6072,4496,0.8227313167259787,0.8580368906455863,PGD,0.5,25,Infiltration - NMAP Portscan,
LR,PGD_eps0.5_it25,6059,6059,1.0,1.0,PGD,0.5,25,SSH-BruteForce,
LR,PGD_eps0.5_it25,27,26,0.0,0.037037037037037035,PGD,0.5,25,Web Attack - Brute Force,
LR,PGD_eps0.5_it25,25,10,1.0,1.0,PGD,0.5,25,Web Attack - Brute Force - Attempted,
LR,PGD_eps0.5_it25,6,2,0.5,0.6666666666666666,PGD,0.5,25,Web Attack - SQL,
LR,PGD_eps0.5_it25,3,1,0.0,0.0,PGD,0.5,25,Web Attack - SQL - Attempted,
LR,PGD_eps0.5_it25,19,0,,1.0,PGD,0.5,25,Web Attack - XSS,
LR,PGD_eps0.5_it25,1,0,,0.0,PGD,0.5,25,Web Attack - XSS - Attempted,
SVM,PGD_eps0.5_it25,60000,0,,,PGD,0.5,25,Benign,
SVM,PGD_eps0.5_it25,6052,6045,0.9956989247311828,0.9957038995373431,PGD,0.5,25,Botnet Ares,
SVM,PGD_eps0.5_it25,49,49,1.0,1.0,PGD,0.5,25,Botnet Ares - Attempted,
SVM,PGD_eps0.5_it25,5894,5893,1.0,0.999830335934849,PGD,0.5,25,DDoS-HOIC,
SVM,PGD_eps0.5_it25,5960,7,1.0,1.0,PGD,0.5,25,DDoS-LOIC-HTTP,
SVM,PGD_eps0.5_it25,516,509,0.04518664047151277,0.05813953488372093,PGD,0.5,25,DDoS-LOIC-UDP,
SVM,PGD_eps0.5_it25,51,0,,1.0,PGD,0.5,25,DDoS-LOIC-UDP - Attempted,
SVM,PGD_eps0.5_it25,4580,4545,0.9997799779977998,0.9997816593886463,PGD,0.5,25,DoS GoldenEye,
SVM,PGD_eps0.5_it25,849,848,1.0,1.0,PGD,0.5,25,DoS GoldenEye - Attempted,
SVM,PGD_eps0.5_it25,5951,5950,1.0,1.0,PGD,0.5,25,DoS Hulk,
SVM,PGD_eps0.5_it25,19,19,0.631578947368421,0.631578947368421,PGD,0.5,25,DoS Hulk - Attempted,
SVM,PGD_eps0.5_it25,1713,1629,0.9993861264579497,0.9994162288382954,PGD,0.5,25,DoS Slowloris,
SVM,PGD_eps0.5_it25,437,424,0.9976415094339622,0.9977116704805492,PGD,0.5,25,DoS Slowloris - Attempted,
SVM,PGD_eps0.5_it25,5957,5957,0.7821050864529125,0.7821050864529125,PGD,0.5,25,FTP-BruteForce - Attempted,
SVM,PGD_eps0.5_it25,47,47,0.0851063829787234,0.0851063829787234,PGD,0.5,25,Infiltration - Communication Victim Attacker,
SVM,PGD_eps0.5_it25,14,1,0.0,0.14285714285714285,PGD,0.5,25,Infiltration - Dropbox Download,
SVM,PGD_eps0.5_it25,2,0,,0.0,PGD,0.5,25,Infiltration - Dropbox Download - Attempted,
SVM,PGD_eps0.5_it25,6072,4608,0.8381076388888888,0.8698945981554678,PGD,0.5,25,Infiltration - NMAP Portscan,
SVM,PGD_eps0.5_it25,6059,6059,1.0,1.0,PGD,0.5,25,SSH-BruteForce,
SVM,PGD_eps0.5_it25,27,0,,1.0,PGD,0.5,25,Web Attack - Brute Force,
SVM,PGD_eps0.5_it25,25,0,,1.0,PGD,0.5,25,Web Attack - Brute Force - Attempted,
SVM,PGD_eps0.5_it25,6,0,,0.8333333333333334,PGD,0.5,25,Web Attack - SQL,
SVM,PGD_eps0.5_it25,3,0,,0.3333333333333333,PGD,0.5,25,Web Attack - SQL - Attempted,
SVM,PGD_eps0.5_it25,19,0,,1.0,PGD,0.5,25,Web Attack - XSS,
SVM,PGD_eps0.5_it25,1,0,,0.0,PGD,0.5,25,Web Attack - XSS - Attempted,
RF,PGD_eps0.5_it25,60000,0,,,PGD,0.5,25,Benign,
RF,PGD_eps0.5_it25,6052,6052,0.02511566424322538,0.02511566424322538,PGD,0.5,25,Botnet Ares,
RF,PGD_eps0.5_it25,49,49,0.9591836734693877,0.9591836734693877,PGD,0.5,25,Botnet Ares - Attempted,
RF,PGD_eps0.5_it25,5894,5894,1.0,1.0,PGD,0.5,25,DDoS-HOIC,
RF,PGD_eps0.5_it25,5960,5960,1.0,1.0,PGD,0.5,25,DDoS-LOIC-HTTP,
RF,PGD_eps0.5_it25,516,516,0.5213178294573644,0.5213178294573644,PGD,0.5,25,DDoS-LOIC-UDP,
RF,PGD_eps0.5_it25,51,51,0.9019607843137255,0.9019607843137255,PGD,0.5,25,DDoS-LOIC-UDP - Attempted,
RF,PGD_eps0.5_it25,4580,4580,0.9997816593886463,0.9997816593886463,PGD,0.5,25,DoS GoldenEye,
RF,PGD_eps0.5_it25,849,849,1.0,1.0,PGD,0.5,25,DoS GoldenEye - Attempted,
RF,PGD_eps0.5_it25,5951,5951,1.0,1.0,PGD,0.5,25,DoS Hulk,
RF,PGD_eps0.5_it25,19,19,1.0,1.0,PGD,0.5,25,DoS Hulk - Attempted,
RF,PGD_eps0.5_it25,1713,1713,0.9229422066549913,0.9229422066549913,PGD,0.5,25,DoS Slowloris,
RF,PGD_eps0.5_it25,437,437,1.0,1.0,PGD,0.5,25,DoS Slowloris - Attempted,
RF,PGD_eps0.5_it25,5957,5957,1.0,1.0,PGD,0.5,25,FTP-BruteForce - Attempted,
RF,PGD_eps0.5_it25,47,47,0.0851063829787234,0.0851063829787234,PGD,0.5,25,Infiltration - Communication Victim Attacker,
RF,PGD_eps0.5_it25,14,5,1.0,1.0,PGD,0.5,25,Infiltration - Dropbox Download,
RF,PGD_eps0.5_it25,2,2,1.0,1.0,PGD,0.5,25,Infiltration - Dropbox Download - Attempted,
RF,PGD_eps0.5_it25,6072,6069,0.6180589883012029,0.6182476943346509,PGD,0.5,25,Infiltration - NMAP Portscan,
RF,PGD_eps0.5_it25,6059,6059,1.0,1.0,PGD,0.5,25,SSH-BruteForce,
RF,PGD_eps0.5_it25,27,26,0.0,0.037037037037037035,PGD,0.5,25,Web Attack - Brute Force,
RF,PGD_eps0.5_it25,25,25,1.0,1.0,PGD,0.5,25,Web Attack - Brute Force - Attempted,
RF,PGD_eps0.5_it25,6,6,0.8333333333333334,0.8333333333333334,PGD,0.5,25,Web Attack - SQL,
RF,PGD_eps0.5_it25,3,3,0.6666666666666666,0.6666666666666666,PGD,0.5,25,Web Attack - SQL - Attempted,
RF,PGD_eps0.5_it25,19,19,0.0,0.0,PGD,0.5,25,Web Attack - XSS,
RF,PGD_eps0.5_it25,1,1,1.0,1.0,PGD,0.5,25,Web Attack - XSS - Attempted,
MLP,PGD_eps0.5_it25,60000,0,,,PGD,0.5,25,Benign,
MLP,PGD_eps0.5_it25,6052,6052,0.9945472571050892,0.9945472571050892,PGD,0.5,25,Botnet Ares,
MLP,PGD_eps0.5_it25,49,49,1.0,1.0,PGD,0.5,25,Botnet Ares - Attempted,
MLP,PGD_eps0.5_it25,5894,5893,1.0,0.999830335934849,PGD,0.5,25,DDoS-HOIC,
MLP,PGD_eps0.5_it25,5960,5960,1.0,1.0,PGD,0.5,25,DDoS-LOIC-HTTP,
MLP,PGD_eps0.5_it25,516,516,0.06201550387596899,0.06201550387596899,PGD,0.5,25,DDoS-LOIC-UDP,
MLP,PGD_eps0.5_it25,51,46,1.0,0.9019607843137255,PGD,0.5,25,DDoS-LOIC-UDP - Attempted,
MLP,PGD_eps0.5_it25,4580,4579,1.0,0.9997816593886463,PGD,0.5,25,DoS GoldenEye,
MLP,PGD_eps0.5_it25,849,849,1.0,1.0,PGD,0.5,25,DoS GoldenEye - Attempted,
MLP,PGD_eps0.5_it25,5951,5951,1.0,1.0,PGD,0.5,25,DoS Hulk,
MLP,PGD_eps0.5_it25,19,12,1.0,0.631578947368421,PGD,0.5,25,DoS Hulk - Attempted,
MLP,PGD_eps0.5_it25,1713,1712,1.0,0.9994162288382954,PGD,0.5,25,DoS Slowloris,
MLP,PGD_eps0.5_it25,437,436,1.0,0.9977116704805492,PGD,0.5,25,DoS Slowloris - Attempted,
MLP,PGD_eps0.5_it25,5957,5957,1.0,1.0,PGD,0.5,25,FTP-BruteForce - Attempted,
MLP,PGD_eps0.5_it25,47,47,0.0851063829787234,0.0851063829787234,PGD,0.5,25,Infiltration - Communication Victim Attacker,
MLP,PGD_eps0.5_it25,14,2,1.0,0.2857142857142857,PGD,0.5,25,Infiltration - Dropbox Download,
MLP,PGD_eps0.5_it25,2,0,,0.0,PGD,0.5,25,Infiltration - Dropbox Download - Attempted,
MLP,PGD_eps0.5_it25,6072,5986,0.9248245907116606,0.9117259552042161,PGD,0.5,25,Infiltration - NMAP Portscan,
MLP,PGD_eps0.5_it25,6059,6059,1.0,1.0,PGD,0.5,25,SSH-BruteForce,
MLP,PGD_eps0.5_it25,27,26,0.0,0.0,PGD,0.5,25,Web Attack - Brute Force,
MLP,PGD_eps0.5_it25,25,25,1.0,1.0,PGD,0.5,25,Web Attack - Brute Force - Attempted,
MLP,PGD_eps0.5_it25,6,5,0.8,0.6666666666666666,PGD,0.5,25,Web Attack - SQL,
MLP,PGD_eps0.5_it25,3,1,0.0,0.0,PGD,0.5,25,Web Attack - SQL - Attempted,
MLP,PGD_eps0.5_it25,19,19,0.0,0.0,PGD,0.5,25,Web Attack - XSS,
MLP,PGD_eps0.5_it25,1,0,,0.0,PGD,0.5,25,Web Attack - XSS - Attempted,
LR,PGD_eps0.75_it10,60000,0,,,PGD,0.75,10,Benign,
LR,PGD_eps0.75_it10,6052,6045,0.9956989247311828,0.9957038995373431,PGD,0.75,10,Botnet Ares,
LR,PGD_eps0.75_it10,49,49,1.0,1.0,PGD,0.75,10,Botnet Ares - Attempted,
LR,PGD_eps0.75_it10,5894,5893,1.0,0.999830335934849,PGD,0.75,10,DDoS-HOIC,
LR,PGD_eps0.75_it10,5960,5960,1.0,1.0,PGD,0.75,10,DDoS-LOIC-HTTP,
LR,PGD_eps0.75_it10,516,508,0.0610236220472441,0.0755813953488372,PGD,0.75,10,DDoS-LOIC-UDP,
LR,PGD_eps0.75_it10,51,0,,1.0,PGD,0.75,10,DDoS-LOIC-UDP - Attempted,
LR,PGD_eps0.75_it10,4580,4453,0.9997754322928363,0.9997816593886463,PGD,0.75,10,DoS GoldenEye,
LR,PGD_eps0.75_it10,849,848,1.0,1.0,PGD,0.75,10,DoS GoldenEye - Attempted,
LR,PGD_eps0.75_it10,5951,5951,1.0,1.0,PGD,0.75,10,DoS Hulk,
LR,PGD_eps0.75_it10,19,19,0.631578947368421,0.631578947368421,PGD,0.75,10,DoS Hulk - Attempted,
LR,PGD_eps0.75_it10,1713,1633,0.9993876301285977,0.9994162288382954,PGD,0.75,10,DoS Slowloris,
LR,PGD_eps0.75_it10,437,424,0.9976415094339622,0.9977116704805492,PGD,0.75,10,DoS Slowloris - Attempted,
LR,PGD_eps0.75_it10,5957,5957,1.0,1.0,PGD,0.75,10,FTP-BruteForce - Attempted,
LR,PGD_eps0.75_it10,47,47,0.0851063829787234,0.0851063829787234,PGD,0.75,10,Infiltration - Communication Victim Attacker,
LR,PGD_eps0.75_it10,14,2,1.0,0.35714285714285715,PGD,0.75,10,Infiltration - Dropbox Download,
LR,PGD_eps0.75_it10,2,0,,0.5,PGD,0.75,10,Infiltration - Dropbox Download - Attempted,
LR,PGD_eps0.75_it10,6072,4496,0.826067615658363,0.8614953886693018,PGD,0.75,10,Infiltration - NMAP Portscan,
LR,PGD_eps0.75_it10,6059,6059,1.0,1.0,PGD,0.75,10,SSH-BruteForce,
LR,PGD_eps0.75_it10,27,26,0.0,0.037037037037037035,PGD,0.75,10,Web Attack - Brute Force,
LR,PGD_eps0.75_it10,25,10,1.0,1.0,PGD,0.75,10,Web Attack - Brute Force - Attempted,
LR,PGD_eps0.75_it10,6,2,0.5,0.6666666666666666,PGD,0.75,10,Web Attack - SQL,
LR,PGD_eps0.75_it10,3,1,0.0,0.0,PGD,0.75,10,Web Attack - SQL - Attempted,
LR,PGD_eps0.75_it10,19,0,,1.0,PGD,0.75,10,Web Attack - XSS,
LR,PGD_eps0.75_it10,1,0,,0.0,PGD,0.75,10,Web Attack - XSS - Attempted,
SVM,PGD_eps0.75_it10,60000,0,,,PGD,0.75,10,Benign,
SVM,PGD_eps0.75_it10,6052,6045,0.9958643507030603,0.9958691341705221,PGD,0.75,10,Botnet Ares,
SVM,PGD_eps0.75_it10,49,49,1.0,1.0,PGD,0.75,10,Botnet Ares - Attempted,
SVM,PGD_eps0.75_it10,5894,5893,1.0,0.999830335934849,PGD,0.75,10,DDoS-HOIC,
SVM,PGD_eps0.75_it10,5960,7,1.0,1.0,PGD,0.75,10,DDoS-LOIC-HTTP,
SVM,PGD_eps0.75_it10,516,509,0.04911591355599214,0.06201550387596899,PGD,0.75,10,DDoS-LOIC-UDP,
SVM,PGD_eps0.75_it10,51,0,,1.0,PGD,0.75,10,DDoS-LOIC-UDP - Attempted,
SVM,PGD_eps0.75_it10,4580,4545,0.9997799779977998,0.9997816593886463,PGD,0.75,10,DoS GoldenEye,
SVM,PGD_eps0.75_it10,849,848,1.0,1.0,PGD,0.75,10,DoS GoldenEye - Attempted,
SVM,PGD_eps0.75_it10,5951,5950,1.0,1.0,PGD,0.75,10,DoS Hulk,
SVM,PGD_eps0.75_it10,19,19,0.631578947368421,0.631578947368421,PGD,0.75,10,DoS Hulk - Attempted,
SVM,PGD_eps0.75_it10,1713,1629,0.9993861264579497,0.9994162288382954,PGD,0.75,10,DoS Slowloris,
SVM,PGD_eps0.75_it10,437,424,0.9976415094339622,0.9977116704805492,PGD,0.75,10,DoS Slowloris - Attempted,
SVM,PGD_eps0.75_it10,5957,5957,1.0,1.0,PGD,0.75,10,FTP-BruteForce - Attempted,
SVM,PGD_eps0.75_it10,47,47,0.0851063829787234,0.0851063829787234,PGD,0.75,10,Infiltration - Communication Victim Attacker,
SVM,PGD_eps0.75_it10,14,1,0.0,0.14285714285714285,PGD,0.75,10,Infiltration - Dropbox Download,
SVM,PGD_eps0.75_it10,2,0,,0.0,PGD,0.75,10,Infiltration - Dropbox Download - Attempted,
SVM,PGD_eps0.75_it10,6072,4608,0.8823784722222222,0.9034914361001317,PGD,0.75,10,Infiltration - NMAP Portscan,
SVM,PGD_eps0.75_it10,6059,6059,1.0,1.0,PGD,0.75,10,SSH-BruteForce,
SVM,PGD_eps0.75_it10,27,0,,1.0,PGD,0.75,10,Web Attack - Brute Force,
SVM,PGD_eps0.75_it10,25,0,,1.0,PGD,0.75,10,Web Attack - Brute Force - Attempted,
SVM,PGD_eps0.75_it10,6,0,,0.8333333333333334,PGD,0.75,10,Web Attack - SQL,
SVM,PGD_eps0.75_it10,3,0,,0.3333333333333333,PGD,0.75,10,Web Attack - SQL - Attempted,
SVM,PGD_eps0.75_it10,19,0,,1.0,PGD,0.75,10,Web Attack - XSS,
SVM,PGD_eps0.75_it10,1,0,,0.0,PGD,0.75,10,Web Attack - XSS - Attempted,
RF,PGD_eps0.75_it10,60000,0,,,PGD,0.75,10,Benign,
RF,PGD_eps0.75_it10,6052,6052,0.9945472571050892,0.9945472571050892,PGD,0.75,10,Botnet Ares,
RF,PGD_eps0.75_it10,49,49,1.0,1.0,PGD,0.75,10,Botnet Ares - Attempted,
RF,PGD_eps0.75_it10,5894,5894,1.0,1.0,PGD,0.75,10,DDoS-HOIC,
RF,PGD_eps0.75_it10,5960,5960,1.0,1.0,PGD,0.75,10,DDoS-LOIC-HTTP,
RF,PGD_eps0.75_it10,516,516,0.5213178294573644,0.5213178294573644,PGD,0.75,10,DDoS-LOIC-UDP,
RF,PGD_eps0.75_it10,51,51,0.9019607843137255,0.9019607843137255,PGD,0.75,10,DDoS-LOIC-UDP - Attempted,
RF,PGD_eps0.75_it10,4580,4580,0.985589519650655,0.985589519650655,PGD,0.75,10,DoS GoldenEye,
RF,PGD_eps0.75_it10,849,849,1.0,1.0,PGD,0.75,10,DoS GoldenEye - Attempted,
RF,PGD_eps0.75_it10,5951,5951,1.0,1.0,PGD,0.75,10,DoS Hulk,
RF,PGD_eps0.75_it10,19,19,1.0,1.0,PGD,0.75,10,DoS Hulk - Attempted,
RF,PGD_eps0.75_it10,1713,1713,0.9223584354932867,0.9223584354932867,PGD,0.75,10,DoS Slowloris,
RF,PGD_eps0.75_it10,437,437,0.7208237986270023,0.7208237986270023,PGD,0.75,10,DoS Slowloris - Attempted,
RF,PGD_eps0.75_it10,5957,5957,0.991942252811818,0.991942252811818,PGD,0.75,10,FTP-BruteForce - Attempted,
RF,PGD_eps0.75_it10,47,47,0.0851063829787234,0.0851063829787234,PGD,0.75,10,Infiltration - Communication Victim Attacker,
RF,PGD_eps0.75_it10,14,5,1.0,1.0,PGD,0.75,10,Infiltration - Dropbox Download,
RF,PGD_eps0.75_it10,2,2,1.0,1.0,PGD,0.75,10,Infiltration - Dropbox Download - Attempted,
RF,PGD_eps0.75_it10,6072,6069,0.6088317680013182,0.6090250329380764,PGD,0.75,10,Infiltration - NMAP Portscan,
RF,PGD_eps0.75_it10,6059,6059,1.0,1.0,PGD,0.75,10,SSH-BruteForce,
RF,PGD_eps0.75_it10,27,26,0.0,0.037037037037037035,PGD,0.75,10,Web Attack - Brute Force,
RF,PGD_eps0.75_it10,25,25,1.0,1.0,PGD,0.75,10,Web Attack - Brute Force - Attempted,
RF,PGD_eps0.75_it10,6,6,0.6666666666666666,0.6666666666666666,PGD,0.75,10,Web Attack - SQL,
RF,PGD_eps0.75_it10,3,3,0.0,0.0,PGD,0.75,10,Web Attack - SQL - Attempted,
RF,PGD_eps0.75_it10,19,19,0.0,0.0,PGD,0.75,10,Web Attack - XSS,
RF,PGD_eps0.75_it10,1,1,1.0,1.0,PGD,0.75,10,Web Attack - XSS - Attempted,
MLP,PGD_eps0.75_it10,60000,0,,,PGD,0.75,10,Benign,
MLP,PGD_eps0.75_it10,6052,6052,0.9945472571050892,0.9945472571050892,PGD,0.75,10,Botnet Ares,
MLP,PGD_eps0.75_it10,49,49,1.0,1.0,PGD,0.75,10,Botnet Ares - Attempted,
MLP,PGD_eps0.75_it10,5894,5893,1.0,0.999830335934849,PGD,0.75,10,DDoS-HOIC,
MLP,PGD_eps0.75_it10,5960,5960,1.0,1.0,PGD,0.75,10,DDoS-LOIC-HTTP,
MLP,PGD_eps0.75_it10,516,516,0.06201550387596899,0.06201550387596899,PGD,0.75,10,DDoS-LOIC-UDP,
MLP,PGD_eps0.75_it10,51,46,1.0,0.9019607843137255,PGD,0.75,10,DDoS-LOIC-UDP - Attempted,
MLP,PGD_eps0.75_it10,4580,4579,1.0,0.9997816593886463,PGD,0.75,10,DoS GoldenEye,
MLP,PGD_eps0.75_it10,849,849,1.0,1.0,PGD,0.75,10,DoS GoldenEye - Attempted,
MLP,PGD_eps0.75_it10,5951,5951,1.0,1.0,PGD,0.75,10,DoS Hulk,
MLP,PGD_eps0.75_it10,19,12,1.0,0.631578947368421,PGD,0.75,10,DoS Hulk - Attempted,
MLP,PGD_eps0.75_it10,1713,1712,1.0,0.9994162288382954,PGD,0.75,10,DoS Slowloris,
MLP,PGD_eps0.75_it10,437,436,1.0,0.9977116704805492,PGD,0.75,10,DoS Slowloris - Attempted,
MLP,PGD_eps0.75_it10,5957,5957,1.0,1.0,PGD,0.75,10,FTP-BruteForce - Attempted,
MLP,PGD_eps0.75_it10,47,47,0.0851063829787234,0.0851063829787234,PGD,0.75,10,Infiltration - Communication Victim Attacker,
MLP,PGD_eps0.75_it10,14,2,1.0,0.21428571428571427,PGD,0.75,10,Infiltration - Dropbox Download,
MLP,PGD_eps0.75_it10,2,0,,0.0,PGD,0.75,10,Infiltration - Dropbox Download - Attempted,
MLP,PGD_eps0.75_it10,6072,5986,0.9248245907116606,0.9117259552042161,PGD,0.75,10,Infiltration - NMAP Portscan,
MLP,PGD_eps0.75_it10,6059,6059,1.0,1.0,PGD,0.75,10,SSH-BruteForce,
MLP,PGD_eps0.75_it10,27,26,0.0,0.0,PGD,0.75,10,Web Attack - Brute Force,
MLP,PGD_eps0.75_it10,25,25,1.0,1.0,PGD,0.75,10,Web Attack - Brute Force - Attempted,
MLP,PGD_eps0.75_it10,6,5,0.8,0.6666666666666666,PGD,0.75,10,Web Attack - SQL,
MLP,PGD_eps0.75_it10,3,1,0.0,0.0,PGD,0.75,10,Web Attack - SQL - Attempted,
MLP,PGD_eps0.75_it10,19,19,0.0,0.0,PGD,0.75,10,Web Attack - XSS,
MLP,PGD_eps0.75_it10,1,0,,0.0,PGD,0.75,10,Web Attack - XSS - Attempted,
LR,PGD_eps0.75_it25,60000,0,,,PGD,0.75,25,Benign,
LR,PGD_eps0.75_it25,6052,6045,0.9956989247311828,0.9957038995373431,PGD,0.75,25,Botnet Ares,
LR,PGD_eps0.75_it25,49,49,1.0,1.0,PGD,0.75,25,Botnet Ares - Attempted,
LR,PGD_eps0.75_it25,5894,5893,1.0,0.999830335934849,PGD,0.75,25,DDoS-HOIC,
LR,PGD_eps0.75_it25,5960,5960,1.0,1.0,PGD,0.75,25,DDoS-LOIC-HTTP,
LR,PGD_eps0.75_it25,516,508,0.0610236220472441,0.0755813953488372,PGD,0.75,25,DDoS-LOIC-UDP,
LR,PGD_eps0.75_it25,51,0,,1.0,PGD,0.75,25,DDoS-LOIC-UDP - Attempted,
LR,PGD_eps0.75_it25,4580,4453,0.9997754322928363,0.9997816593886463,PGD,0.75,25,DoS GoldenEye,
LR,PGD_eps0.75_it25,849,848,1.0,1.0,PGD,0.75,25,DoS GoldenEye - Attempted,
LR,PGD_eps0.75_it25,5951,5951,1.0,1.0,PGD,0.75,25,DoS Hulk,
LR,PGD_eps0.75_it25,19,19,0.631578947368421,0.631578947368421,PGD,0.75,25,DoS Hulk - Attempted,
LR,PGD_eps0.75_it25,1713,1633,0.9993876301285977,0.9994162288382954,PGD,0.75,25,DoS Slowloris,
LR,PGD_eps0.75_it25,437,424,0.9976415094339622,0.9977116704805492,PGD,0.75,25,DoS Slowloris - Attempted,
LR,PGD_eps0.75_it25,5957,5957,1.0,1.0,PGD,0.75,25,FTP-BruteForce - Attempted,
LR,PGD_eps0.75_it25,47,47,0.0851063829787234,0.0851063829787234,PGD,0.75,25,Infiltration - Communication Victim Attacker,
LR,PGD_eps0.75_it25,14,2,1.0,0.35714285714285715,PGD,0.75,25,Infiltration - Dropbox Download,
LR,PGD_eps0.75_it25,2,0,,0.5,PGD,0.75,25,Infiltration - Dropbox Download - Attempted,
LR,PGD_eps0.75_it25,6072,4496,0.8209519572953736,0.857707509881423,PGD,0.75,25,Infiltration - NMAP Portscan,
LR,PGD_eps0.75_it25,6059,6059,1.0,1.0,PGD,0.75,25,SSH-BruteForce,
LR,PGD_eps0.75_it25,27,26,0.0,0.037037037037037035,PGD,0.75,25,Web Attack - Brute Force,
LR,PGD_eps0.75_it25,25,10,1.0,1.0,PGD,0.75,25,Web Attack - Brute Force - Attempted,
LR,PGD_eps0.75_it25,6,2,0.5,0.6666666666666666,PGD,0.75,25,Web Attack - SQL,
LR,PGD_eps0.75_it25,3,1,0.0,0.0,PGD,0.75,25,Web Attack - SQL - Attempted,
LR,PGD_eps0.75_it25,19,0,,1.0,PGD,0.75,25,Web Attack - XSS,
LR,PGD_eps0.75_it25,1,0,,0.0,PGD,0.75,25,Web Attack - XSS - Attempted,
SVM,PGD_eps0.75_it25,60000,0,,,PGD,0.75,25,Benign,
SVM,PGD_eps0.75_it25,6052,6045,0.9958643507030603,0.9958691341705221,PGD,0.75,25,Botnet Ares,
SVM,PGD_eps0.75_it25,49,49,1.0,1.0,PGD,0.75,25,Botnet Ares - Attempted,
SVM,PGD_eps0.75_it25,5894,5893,1.0,0.999830335934849,PGD,0.75,25,DDoS-HOIC,
SVM,PGD_eps0.75_it25,5960,7,1.0,1.0,PGD,0.75,25,DDoS-LOIC-HTTP,
SVM,PGD_eps0.75_it25,516,509,0.04911591355599214,0.06201550387596899,PGD,0.75,25,DDoS-LOIC-UDP,
SVM,PGD_eps0.75_it25,51,0,,1.0,PGD,0.75,25,DDoS-LOIC-UDP - Attempted,
SVM,PGD_eps0.75_it25,4580,4545,0.9997799779977998,0.9997816593886463,PGD,0.75,25,DoS GoldenEye,
SVM,PGD_eps0.75_it25,849,848,1.0,1.0,PGD,0.75,25,DoS GoldenEye - Attempted,
SVM,PGD_eps0.75_it25,5951,5950,1.0,1.0,PGD,0.75,25,DoS Hulk,
SVM,PGD_eps0.75_it25,19,19,0.631578947368421,0.631578947368421,PGD,0.75,25,DoS Hulk - Attempted,
SVM,PGD_eps0.75_it25,1713,1629,0.9993861264579497,0.9994162288382954,PGD,0.75,25,DoS Slowloris,
SVM,PGD_eps0.75_it25,437,424,0.9976415094339622,0.9977116704805492,PGD,0.75,25,DoS Slowloris - Attempted,
SVM,PGD_eps0.75_it25,5957,5957,1.0,1.0,PGD,0.75,25,FTP-BruteForce - Attempted,
SVM,PGD_eps0.75_it25,47,47,0.0851063829787234,0.0851063829787234,PGD,0.75,25,Infiltration - Communication Victim Attacker,
SVM,PGD_eps0.75_it25,14,1,0.0,0.14285714285714285,PGD,0.75,25,Infiltration - Dropbox Download,
SVM,PGD_eps0.75_it25,2,0,,0.0,PGD,0.75,25,Infiltration - Dropbox Download - Attempted,
SVM,PGD_eps0.75_it25,6072,4608,0.8628472222222222,0.88866930171278,PGD,0.75,25,Infiltration - NMAP Portscan,
SVM,PGD_eps0.75_it25,6059,6059,1.0,1.0,PGD,0.75,25,SSH-BruteForce,
SVM,PGD_eps0.75_it25,27,0,,1.0,PGD,0.75,25,Web Attack - Brute Force,
SVM,PGD_eps0.75_it25,25,0,,1.0,PGD,0.75,25,Web Attack - Brute Force - Attempted,
SVM,PGD_eps0.75_it25,6,0,,0.8333333333333334,PGD,0.75,25,Web Attack - SQL,
SVM,PGD_eps0.75_it25,3,0,,0.3333333333333333,PGD,0.75,25,Web Attack - SQL - Attempted,
SVM,PGD_eps0.75_it25,19,0,,1.0,PGD,0.75,25,Web Attack - XSS,
SVM,PGD_eps0.75_it25,1,0,,0.0,PGD,0.75,25,Web Attack - XSS - Attempted,
RF,PGD_eps0.75_it25,60000,0,,,PGD,0.75,25,Benign,
RF,PGD_eps0.75_it25,6052,6052,0.9945472571050892,0.9945472571050892,PGD,0.75,25,Botnet Ares,
RF,PGD_eps0.75_it25,49,49,0.9591836734693877,0.9591836734693877,PGD,0.75,25,Botnet Ares - Attempted,
RF,PGD_eps0.75_it25,5894,5894,1.0,1.0,PGD,0.75,25,DDoS-HOIC,
RF,PGD_eps0.75_it25,5960,5960,1.0,1.0,PGD,0.75,25,DDoS-LOIC-HTTP,
RF,PGD_eps0.75_it25,516,516,0.5213178294573644,0.5213178294573644,PGD,0.75,25,DDoS-LOIC-UDP,
RF,PGD_eps0.75_it25,51,51,0.9019607843137255,0.9019607843137255,PGD,0.75,25,DDoS-LOIC-UDP - Attempted,
RF,PGD_eps0.75_it25,4580,4580,0.9997816593886463,0.9997816593886463,PGD,0.75,25,DoS GoldenEye,
RF,PGD_eps0.75_it25,849,849,1.0,1.0,PGD,0.75,25,DoS GoldenEye - Attempted,
RF,PGD_eps0.75_it25,5951,5951,1.0,1.0,PGD,0.75,25,DoS Hulk,
RF,PGD_eps0.75_it25,19,19,1.0,1.0,PGD,0.75,25,DoS Hulk - Attempted,
RF,PGD_eps0.75_it25,1713,1713,0.9176882661996497,0.9176882661996497,PGD,0.75,25,DoS Slowloris,
RF,PGD_eps0.75_it25,437,437,1.0,1.0,PGD,0.75,25,DoS Slowloris - Attempted,
RF,PGD_eps0.75_it25,5957,5957,1.0,1.0,PGD,0.75,25,FTP-BruteForce - Attempted,
RF,PGD_eps0.75_it25,47,47,0.0851063829787234,0.0851063829787234,PGD,0.75,25,Infiltration - Communication Victim Attacker,
RF,PGD_eps0.75_it25,14,5,1.0,0.9285714285714286,PGD,0.75,25,Infiltration - Dropbox Download,
RF,PGD_eps0.75_it25,2,2,1.0,1.0,PGD,0.75,25,Infiltration - Dropbox Download - Attempted,
RF,PGD_eps0.75_it25,6072,6069,0.6134453781512605,0.6136363636363636,PGD,0.75,25,Infiltration - NMAP Portscan,
RF,PGD_eps0.75_it25,6059,6059,1.0,1.0,PGD,0.75,25,SSH-BruteForce,
RF,PGD_eps0.75_it25,27,26,0.0,0.037037037037037035,PGD,0.75,25,Web Attack - Brute Force,
RF,PGD_eps0.75_it25,25,25,0.6,0.6,PGD,0.75,25,Web Attack - Brute Force - Attempted,
RF,PGD_eps0.75_it25,6,6,0.6666666666666666,0.6666666666666666,PGD,0.75,25,Web Attack - SQL,
RF,PGD_eps0.75_it25,3,3,0.6666666666666666,0.6666666666666666,PGD,0.75,25,Web Attack - SQL - Attempted,
RF,PGD_eps0.75_it25,19,19,0.0,0.0,PGD,0.75,25,Web Attack - XSS,
RF,PGD_eps0.75_it25,1,1,1.0,1.0,PGD,0.75,25,Web Attack - XSS - Attempted,
MLP,PGD_eps0.75_it25,60000,0,,,PGD,0.75,25,Benign,
MLP,PGD_eps0.75_it25,6052,6052,0.9945472571050892,0.9945472571050892,PGD,0.75,25,Botnet Ares,
MLP,PGD_eps0.75_it25,49,49,1.0,1.0,PGD,0.75,25,Botnet Ares - Attempted,
MLP,PGD_eps0.75_it25,5894,5893,1.0,0.999830335934849,PGD,0.75,25,DDoS-HOIC,
MLP,PGD_eps0.75_it25,5960,5960,1.0,1.0,PGD,0.75,25,DDoS-LOIC-HTTP,
MLP,PGD_eps0.75_it25,516,516,0.06201550387596899,0.06201550387596899,PGD,0.75,25,DDoS-LOIC-UDP,
MLP,PGD_eps0.75_it25,51,46,1.0,0.9019607843137255,PGD,0.75,25,DDoS-LOIC-UDP - Attempted,
MLP,PGD_eps0.75_it25,4580,4579,1.0,0.9997816593886463,PGD,0.75,25,DoS GoldenEye,
MLP,PGD_eps0.75_it25,849,849,1.0,1.0,PGD,0.75,25,DoS GoldenEye - Attempted,
MLP,PGD_eps0.75_it25,5951,5951,1.0,1.0,PGD,0.75,25,DoS Hulk,
MLP,PGD_eps0.75_it25,19,12,1.0,0.631578947368421,PGD,0.75,25,DoS Hulk - Attempted,
MLP,PGD_eps0.75_it25,1713,1712,1.0,0.9994162288382954,PGD,0.75,25,DoS Slowloris,
MLP,PGD_eps0.75_it25,437,436,1.0,0.9977116704805492,PGD,0.75,25,DoS Slowloris - Attempted,
MLP,PGD_eps0.75_it25,5957,5957,1.0,1.0,PGD,0.75,25,FTP-BruteForce - Attempted,
MLP,PGD_eps0.75_it25,47,47,0.0851063829787234,0.0851063829787234,PGD,0.75,25,Infiltration - Communication Victim Attacker,
MLP,PGD_eps0.75_it25,14,2,1.0,0.21428571428571427,PGD,0.75,25,Infiltration - Dropbox Download,
MLP,PGD_eps0.75_it25,2,0,,0.0,PGD,0.75,25,Infiltration - Dropbox Download - Attempted,
MLP,PGD_eps0.75_it25,6072,5986,0.9248245907116606,0.9117259552042161,PGD,0.75,25,Infiltration - NMAP Portscan,
MLP,PGD_eps0.75_it25,6059,6059,1.0,1.0,PGD,0.75,25,SSH-BruteForce,
MLP,PGD_eps0.75_it25,27,26,0.0,0.0,PGD,0.75,25,Web Attack - Brute Force,
MLP,PGD_eps0.75_it25,25,25,1.0,1.0,PGD,0.75,25,Web Attack - Brute Force - Attempted,
MLP,PGD_eps0.75_it25,6,5,0.8,0.6666666666666666,PGD,0.75,25,Web Attack - SQL,
MLP,PGD_eps0.75_it25,3,1,0.0,0.0,PGD,0.75,25,Web Attack - SQL - Attempted,
MLP,PGD_eps0.75_it25,19,19,0.0,0.0,PGD,0.75,25,Web Attack - XSS,
MLP,PGD_eps0.75_it25,1,0,,0.0,PGD,0.75,25,Web Attack - XSS - Attempted,
LR,CW_c0.0_it10,60000,0,,,CW,,10,Benign,0.0
LR,CW_c0.0_it10,6052,6045,0.9956989247311828,0.9957038995373431,CW,,10,Botnet Ares,0.0
LR,CW_c0.0_it10,49,49,0.04081632653061224,0.04081632653061224,CW,,10,Botnet Ares - Attempted,0.0
LR,CW_c0.0_it10,5894,5893,0.006448328525369082,0.006447234475738039,CW,,10,DDoS-HOIC,0.0
LR,CW_c0.0_it10,5960,5960,1.0,1.0,CW,,10,DDoS-LOIC-HTTP,0.0
LR,CW_c0.0_it10,516,508,0.5295275590551181,0.5368217054263565,CW,,10,DDoS-LOIC-UDP,0.0
LR,CW_c0.0_it10,51,0,,1.0,CW,,10,DDoS-LOIC-UDP - Attempted,0.0
LR,CW_c0.0_it10,4580,4453,0.7729620480574894,0.7792576419213973,CW,,10,DoS GoldenEye,0.0
LR,CW_c0.0_it10,849,848,0.7134433962264151,0.7137809187279152,CW,,10,DoS GoldenEye - Attempted,0.0
LR,CW_c0.0_it10,5951,5951,0.06469500924214418,0.06469500924214418,CW,,10,DoS Hulk,0.0
LR,CW_c0.0_it10,19,19,0.0,0.0,CW,,10,DoS Hulk - Attempted,0.0
LR,CW_c0.0_it10,1713,1633,0.7936313533374157,0.8032691185055458,CW,,10,DoS Slowloris,0.0
LR,CW_c0.0_it10,437,424,0.0,0.029748283752860413,CW,,10,DoS Slowloris - Attempted,0.0
LR,CW_c0.0_it10,5957,5957,0.0,0.0,CW,,10,FTP-BruteForce - Attempted,0.0
LR,CW_c0.0_it10,47,47,0.0,0.0,CW,,10,Infiltration - Communication Victim Attacker,0.0
LR,CW_c0.0_it10,14,2,1.0,0.21428571428571427,CW,,10,Infiltration - Dropbox Download,0.0
LR,CW_c0.0_it10,2,0,,0.5,CW,,10,Infiltration - Dropbox Download - Attempted,0.0
LR,CW_c0.0_it10,6072,4496,0.5302491103202847,0.6482213438735178,CW,,10,Infiltration - NMAP Portscan,0.0
LR,CW_c0.0_it10,6059,6059,1.0,1.0,CW,,10,SSH-BruteForce,0.0
LR,CW_c0.0_it10,27,26,0.0,0.037037037037037035,CW,,10,Web Attack - Brute Force,0.0
LR,CW_c0.0_it10,25,10,1.0,1.0,CW,,10,Web Attack - Brute Force - Attempted,0.0
LR,CW_c0.0_it10,6,2,0.5,0.8333333333333334,CW,,10,Web Attack - SQL,0.0
LR,CW_c0.0_it10,3,1,0.0,0.6666666666666666,CW,,10,Web Attack - SQL - Attempted,0.0
LR,CW_c0.0_it10,19,0,,1.0,CW,,10,Web Attack - XSS,0.0
LR,CW_c0.0_it10,1,0,,1.0,CW,,10,Web Attack - XSS - Attempted,0.0
SVM,CW_c0.0_it10,60000,0,,,CW,,10,Benign,0.0
SVM,CW_c0.0_it10,6052,6045,0.0,0.0011566424322538005,CW,,10,Botnet Ares,0.0
SVM,CW_c0.0_it10,49,49,0.0,0.0,CW,,10,Botnet Ares - Attempted,0.0
SVM,CW_c0.0_it10,5894,5893,0.0,0.00016966406515100103,CW,,10,DDoS-HOIC,0.0
SVM,CW_c0.0_it10,5960,7,1.0,1.0,CW,,10,DDoS-LOIC-HTTP,0.0
SVM,CW_c0.0_it10,516,509,0.04911591355599214,0.060077519379844964,CW,,10,DDoS-LOIC-UDP,0.0
SVM,CW_c0.0_it10,51,0,,1.0,CW,,10,DDoS-LOIC-UDP - Attempted,0.0
SVM,CW_c0.0_it10,4580,4545,0.013861386138613862,0.021397379912663755,CW,,10,DoS GoldenEye,0.0
SVM,CW_c0.0_it10,849,848,0.0,0.001177856301531213,CW,,10,DoS GoldenEye - Attempted,0.0
SVM,CW_c0.0_it10,5951,5950,0.0013445378151260505,0.001512350865400773,CW,,10,DoS Hulk,0.0
SVM,CW_c0.0_it10,19,19,0.0,0.0,CW,,10,DoS Hulk - Attempted,0.0
SVM,CW_c0.0_it10,1713,1629,0.3032535297728668,0.3374197314652656,CW,,10,DoS Slowloris,0.0
SVM,CW_c0.0_it10,437,424,0.0,0.029748283752860413,CW,,10,DoS Slowloris - Attempted,0.0
SVM,CW_c0.0_it10,5957,5957,0.0,0.0,CW,,10,FTP-BruteForce - Attempted,0.0
SVM,CW_c0.0_it10,47,47,0.0851063829787234,0.0851063829787234,CW,,10,Infiltration - Communication Victim Attacker,0.0
SVM,CW_c0.0_it10,14,1,0.0,0.2857142857142857,CW,,10,Infiltration - Dropbox Download,0.0
SVM,CW_c0.0_it10,2,0,,0.5,CW,,10,Infiltration - Dropbox Download - Attempted,0.0
SVM,CW_c0.0_it10,6072,4608,0.18880208333333334,0.38438735177865613,CW,,10,Infiltration - NMAP Portscan,0.0
SVM,CW_c0.0_it10,6059,6059,0.0,0.0,CW,,10,SSH-BruteForce,0.0
SVM,CW_c0.0_it10,27,0,,1.0,CW,,10,Web Attack - Brute Force,0.0
SVM,CW_c0.0_it10,25,0,,1.0,CW,,10,Web Attack - Brute Force - Attempted,0.0
SVM,CW_c0.0_it10,6,0,,1.0,CW,,10,Web Attack - SQL,0.0
SVM,CW_c0.0_it10,3,0,,1.0,CW,,10,Web Attack - SQL - Attempted,0.0
SVM,CW_c0.0_it10,19,0,,1.0,CW,,10,Web Attack - XSS,0.0
SVM,CW_c0.0_it10,1,0,,1.0,CW,,10,Web Attack - XSS - Attempted,0.0
RF,CW_c0.0_it10,60000,0,,,CW,,10,Benign,0.0
RF,CW_c0.0_it10,6052,6052,0.9945472571050892,0.9945472571050892,CW,,10,Botnet Ares,0.0
RF,CW_c0.0_it10,49,49,0.7142857142857143,0.7142857142857143,CW,,10,Botnet Ares - Attempted,0.0
RF,CW_c0.0_it10,5894,5894,0.999830335934849,0.999830335934849,CW,,10,DDoS-HOIC,0.0
RF,CW_c0.0_it10,5960,5960,1.0,1.0,CW,,10,DDoS-LOIC-HTTP,0.0
RF,CW_c0.0_it10,516,516,0.5387596899224806,0.5387596899224806,CW,,10,DDoS-LOIC-UDP,0.0
RF,CW_c0.0_it10,51,51,1.0,1.0,CW,,10,DDoS-LOIC-UDP - Attempted,0.0
RF,CW_c0.0_it10,4580,4580,0.9478165938864629,0.9478165938864629,CW,,10,DoS GoldenEye,0.0
RF,CW_c0.0_it10,849,849,0.9552414605418139,0.9552414605418139,CW,,10,DoS GoldenEye - Attempted,0.0
RF,CW_c0.0_it10,5951,5951,0.9791631658544783,0.9791631658544783,CW,,10,DoS Hulk,0.0
RF,CW_c0.0_it10,19,19,0.3684210526315789,0.3684210526315789,CW,,10,DoS Hulk - Attempted,0.0
RF,CW_c0.0_it10,1713,1713,0.968476357267951,0.968476357267951,CW,,10,DoS Slowloris,0.0
RF,CW_c0.0_it10,437,437,0.032036613272311214,0.032036613272311214,CW,,10,DoS Slowloris - Attempted,0.0
RF,CW_c0.0_it10,5957,5957,0.5135135135135135,0.5135135135135135,CW,,10,FTP-BruteForce - Attempted,0.0
RF,CW_c0.0_it10,47,47,0.0851063829787234,0.0851063829787234,CW,,10,Infiltration - Communication Victim Attacker,0.0
RF,CW_c0.0_it10,14,5,1.0,1.0,CW,,10,Infiltration - Dropbox Download,0.0
RF,CW_c0.0_it10,2,2,1.0,1.0,CW,,10,Infiltration - Dropbox Download - Attempted,0.0
RF,CW_c0.0_it10,6072,6069,0.6523315208436316,0.6525032938076416,CW,,10,Infiltration - NMAP Portscan,0.0
RF,CW_c0.0_it10,6059,6059,1.0,1.0,CW,,10,SSH-BruteForce,0.0
RF,CW_c0.0_it10,27,26,0.0,0.037037037037037035,CW,,10,Web Attack - Brute Force,0.0
RF,CW_c0.0_it10,25,25,1.0,1.0,CW,,10,Web Attack - Brute Force - Attempted,0.0
RF,CW_c0.0_it10,6,6,0.3333333333333333,0.3333333333333333,CW,,10,Web Attack - SQL,0.0
RF,CW_c0.0_it10,3,3,0.6666666666666666,0.6666666666666666,CW,,10,Web Attack - SQL - Attempted,0.0
RF,CW_c0.0_it10,19,19,0.0,0.0,CW,,10,Web Attack - XSS,0.0
RF,CW_c0.0_it10,1,1,1.0,1.0,CW,,10,Web Attack - XSS - Attempted,0.0
MLP,CW_c0.0_it10,60000,0,,,CW,,10,Benign,0.0
MLP,CW_c0.0_it10,6052,6052,0.9940515532055518,0.9940515532055518,CW,,10,Botnet Ares,0.0
MLP,CW_c0.0_it10,49,49,1.0,1.0,CW,,10,Botnet Ares - Attempted,0.0
MLP,CW_c0.0_it10,5894,5893,0.9998303071440693,0.999660671869698,CW,,10,DDoS-HOIC,0.0
MLP,CW_c0.0_it10,5960,5960,0.9805369127516779,0.9805369127516779,CW,,10,DDoS-LOIC-HTTP,0.0
MLP,CW_c0.0_it10,516,516,0.5426356589147286,0.5426356589147286,CW,,10,DDoS-LOIC-UDP,0.0
MLP,CW_c0.0_it10,51,46,1.0,0.9019607843137255,CW,,10,DDoS-LOIC-UDP - Attempted,0.0
MLP,CW_c0.0_it10,4580,4579,0.9892989735750164,0.9890829694323144,CW,,10,DoS GoldenEye,0.0
MLP,CW_c0.0_it10,849,849,0.9823321554770318,0.9823321554770318,CW,,10,DoS GoldenEye - Attempted,0.0
MLP,CW_c0.0_it10,5951,5951,0.963871618215426,0.963871618215426,CW,,10,DoS Hulk,0.0
MLP,CW_c0.0_it10,19,12,1.0,0.631578947368421,CW,,10,DoS Hulk - Attempted,0.0
MLP,CW_c0.0_it10,1713,1712,0.9982476635514018,0.9976649153531816,CW,,10,DoS Slowloris,0.0
MLP,CW_c0.0_it10,437,436,1.0,0.9977116704805492,CW,,10,DoS Slowloris - Attempted,0.0
MLP,CW_c0.0_it10,5957,5957,0.995971126405909,0.995971126405909,CW,,10,FTP-BruteForce - Attempted,0.0
MLP,CW_c0.0_it10,47,47,0.0851063829787234,0.0851063829787234,CW,,10,Infiltration - Communication Victim Attacker,0.0
MLP,CW_c0.0_it10,14,2,1.0,0.14285714285714285,CW,,10,Infiltration - Dropbox Download,0.0
MLP,CW_c0.0_it10,2,0,,0.0,CW,,10,Infiltration - Dropbox Download - Attempted,0.0
MLP,CW_c0.0_it10,6072,5986,0.9721015703307718,0.9583333333333334,CW,,10,Infiltration - NMAP Portscan,0.0
MLP,CW_c0.0_it10,6059,6059,0.9998349562634098,0.9998349562634098,CW,,10,SSH-BruteForce,0.0
MLP,CW_c0.0_it10,27,26,0.0,0.0,CW,,10,Web Attack - Brute Force,0.0
MLP,CW_c0.0_it10,25,25,1.0,1.0,CW,,10,Web Attack - Brute Force - Attempted,0.0
MLP,CW_c0.0_it10,6,5,0.8,0.6666666666666666,CW,,10,Web Attack - SQL,0.0
MLP,CW_c0.0_it10,3,1,0.0,0.0,CW,,10,Web Attack - SQL - Attempted,0.0
MLP,CW_c0.0_it10,19,19,0.0,0.0,CW,,10,Web Attack - XSS,0.0
MLP,CW_c0.0_it10,1,0,,0.0,CW,,10,Web Attack - XSS - Attempted,0.0
LR,CW_c0.5_it10,60000,0,,,CW,,10,Benign,0.5
LR,CW_c0.5_it10,6052,6045,0.9956989247311828,0.9957038995373431,CW,,10,Botnet Ares,0.5
LR,CW_c0.5_it10,49,49,0.04081632653061224,0.04081632653061224,CW,,10,Botnet Ares - Attempted,0.5
LR,CW_c0.5_it10,5894,5893,0.006448328525369082,0.006447234475738039,CW,,10,DDoS-HOIC,0.5
LR,CW_c0.5_it10,5960,5960,1.0,1.0,CW,,10,DDoS-LOIC-HTTP,0.5
LR,CW_c0.5_it10,516,508,0.5393700787401575,0.5465116279069767,CW,,10,DDoS-LOIC-UDP,0.5
LR,CW_c0.5_it10,51,0,,1.0,CW,,10,DDoS-LOIC-UDP - Attempted,0.5
LR,CW_c0.5_it10,4580,4453,0.8868178755894902,0.8899563318777293,CW,,10,DoS GoldenEye,0.5
LR,CW_c0.5_it10,849,848,0.8066037735849056,0.806831566548881,CW,,10,DoS GoldenEye - Attempted,0.5
LR,CW_c0.5_it10,5951,5951,0.074777348344816,0.074777348344816,CW,,10,DoS Hulk,0.5
LR,CW_c0.5_it10,19,19,0.0,0.0,CW,,10,DoS Hulk - Attempted,0.5
LR,CW_c0.5_it10,1713,1633,0.7948560930802204,0.804436660828955,CW,,10,DoS Slowloris,0.5
LR,CW_c0.5_it10,437,424,0.0,0.029748283752860413,CW,,10,DoS Slowloris - Attempted,0.5
LR,CW_c0.5_it10,5957,5957,0.0,0.0,CW,,10,FTP-BruteForce - Attempted,0.5
LR,CW_c0.5_it10,47,47,0.0,0.0,CW,,10,Infiltration - Communication Victim Attacker,0.5
LR,CW_c0.5_it10,14,2,1.0,0.21428571428571427,CW,,10,Infiltration - Dropbox Download,0.5
LR,CW_c0.5_it10,2,0,,0.5,CW,,10,Infiltration - Dropbox Download - Attempted,0.5
LR,CW_c0.5_it10,6072,4496,0.5413701067615658,0.6553030303030303,CW,,10,Infiltration - NMAP Portscan,0.5
LR,CW_c0.5_it10,6059,6059,1.0,1.0,CW,,10,SSH-BruteForce,0.5
LR,CW_c0.5_it10,27,26,0.0,0.037037037037037035,CW,,10,Web Attack - Brute Force,0.5
LR,CW_c0.5_it10,25,10,1.0,1.0,CW,,10,Web Attack - Brute Force - Attempted,0.5
LR,CW_c0.5_it10,6,2,0.5,0.6666666666666666,CW,,10,Web Attack - SQL,0.5
LR,CW_c0.5_it10,3,1,0.0,0.6666666666666666,CW,,10,Web Attack - SQL - Attempted,0.5
LR,CW_c0.5_it10,19,0,,1.0,CW,,10,Web Attack - XSS,0.5
LR,CW_c0.5_it10,1,0,,1.0,CW,,10,Web Attack - XSS - Attempted,0.5
SVM,CW_c0.5_it10,60000,0,,,CW,,10,Benign,0.5
SVM,CW_c0.5_it10,6052,6045,0.0,0.0011566424322538005,CW,,10,Botnet Ares,0.5
SVM,CW_c0.5_it10,49,49,0.0,0.0,CW,,10,Botnet Ares - Attempted,0.5
SVM,CW_c0.5_it10,5894,5893,0.0,0.00016966406515100103,CW,,10,DDoS-HOIC,0.5
SVM,CW_c0.5_it10,5960,7,1.0,1.0,CW,,10,DDoS-LOIC-HTTP,0.5
SVM,CW_c0.5_it10,516,509,0.04911591355599214,0.060077519379844964,CW,,10,DDoS-LOIC-UDP,0.5
SVM,CW_c0.5_it10,51,0,,1.0,CW,,10,DDoS-LOIC-UDP - Attempted,0.5
SVM,CW_c0.5_it10,4580,4545,0.015621562156215622,0.02314410480349345,CW,,10,DoS GoldenEye,0.5
SVM,CW_c0.5_it10,849,848,0.0,0.001177856301531213,CW,,10,DoS GoldenEye - Attempted,0.5
SVM,CW_c0.5_it10,5951,5950,0.0013445378151260505,0.001512350865400773,CW,,10,DoS Hulk,0.5
SVM,CW_c0.5_it10,19,19,0.0,0.0,CW,,10,DoS Hulk - Attempted,0.5
SVM,CW_c0.5_it10,1713,1629,0.3032535297728668,0.3374197314652656,CW,,10,DoS Slowloris,0.5
SVM,CW_c0.5_it10,437,424,0.0,0.029748283752860413,CW,,10,DoS Slowloris - Attempted,0.5
SVM,CW_c0.5_it10,5957,5957,0.0,0.0,CW,,10,FTP-BruteForce - Attempted,0.5
SVM,CW_c0.5_it10,47,47,0.0851063829787234,0.0851063829787234,CW,,10,Infiltration - Communication Victim Attacker,0.5
SVM,CW_c0.5_it10,14,1,0.0,0.2857142857142857,CW,,10,Infiltration - Dropbox Download,0.5
SVM,CW_c0.5_it10,2,0,,0.5,CW,,10,Infiltration - Dropbox Download - Attempted,0.5
SVM,CW_c0.5_it10,6072,4608,0.20052083333333334,0.3932806324110672,CW,,10,Infiltration - NMAP Portscan,0.5
SVM,CW_c0.5_it10,6059,6059,0.0,0.0,CW,,10,SSH-BruteForce,0.5
SVM,CW_c0.5_it10,27,0,,1.0,CW,,10,Web Attack - Brute Force,0.5
SVM,CW_c0.5_it10,25,0,,1.0,CW,,10,Web Attack - Brute Force - Attempted,0.5
SVM,CW_c0.5_it10,6,0,,1.0,CW,,10,Web Attack - SQL,0.5
SVM,CW_c0.5_it10,3,0,,1.0,CW,,10,Web Attack - SQL - Attempted,0.5
SVM,CW_c0.5_it10,19,0,,1.0,CW,,10,Web Attack - XSS,0.5
SVM,CW_c0.5_it10,1,0,,1.0,CW,,10,Web Attack - XSS - Attempted,0.5
RF,CW_c0.5_it10,60000,0,,,CW,,10,Benign,0.5
RF,CW_c0.5_it10,6052,6052,0.9945472571050892,0.9945472571050892,CW,,10,Botnet Ares,0.5
RF,CW_c0.5_it10,49,49,0.7142857142857143,0.7142857142857143,CW,,10,Botnet Ares - Attempted,0.5
RF,CW_c0.5_it10,5894,5894,0.999830335934849,0.999830335934849,CW,,10,DDoS-HOIC,0.5
RF,CW_c0.5_it10,5960,5960,1.0,1.0,CW,,10,DDoS-LOIC-HTTP,0.5
RF,CW_c0.5_it10,516,516,0.5484496124031008,0.5484496124031008,CW,,10,DDoS-LOIC-UDP,0.5
RF,CW_c0.5_it10,51,51,1.0,1.0,CW,,10,DDoS-LOIC-UDP - Attempted,0.5
RF,CW_c0.5_it10,4580,4580,0.998471615720524,0.998471615720524,CW,,10,DoS GoldenEye,0.5
RF,CW_c0.5_it10,849,849,0.9422850412249706,0.9422850412249706,CW,,10,DoS GoldenEye - Attempted,0.5
RF,CW_c0.5_it10,5951,5951,0.9700890606620736,0.9700890606620736,CW,,10,DoS Hulk,0.5
RF,CW_c0.5_it10,19,19,0.3684210526315789,0.3684210526315789,CW,,10,DoS Hulk - Attempted,0.5
RF,CW_c0.5_it10,1713,1713,0.971395213076474,0.971395213076474,CW,,10,DoS Slowloris,0.5
RF,CW_c0.5_it10,437,437,0.032036613272311214,0.032036613272311214,CW,,10,DoS Slowloris - Attempted,0.5
RF,CW_c0.5_it10,5957,5957,0.5057915057915058,0.5057915057915058,CW,,10,FTP-BruteForce - Attempted,0.5
RF,CW_c0.5_it10,47,47,0.0851063829787234,0.0851063829787234,CW,,10,Infiltration - Communication Victim Attacker,0.5
RF,CW_c0.5_it10,14,5,1.0,1.0,CW,,10,Infiltration - Dropbox Download,0.5
RF,CW_c0.5_it10,2,2,1.0,1.0,CW,,10,Infiltration - Dropbox Download - Attempted,0.5
RF,CW_c0.5_it10,6072,6069,0.6658428077113199,0.66600790513834,CW,,10,Infiltration - NMAP Portscan,0.5
RF,CW_c0.5_it10,6059,6059,1.0,1.0,CW,,10,SSH-BruteForce,0.5
RF,CW_c0.5_it10,27,26,0.0,0.037037037037037035,CW,,10,Web Attack - Brute Force,0.5
RF,CW_c0.5_it10,25,25,1.0,1.0,CW,,10,Web Attack - Brute Force - Attempted,0.5
RF,CW_c0.5_it10,6,6,0.5,0.5,CW,,10,Web Attack - SQL,0.5
RF,CW_c0.5_it10,3,3,0.6666666666666666,0.6666666666666666,CW,,10,Web Attack - SQL - Attempted,0.5
RF,CW_c0.5_it10,19,19,0.0,0.0,CW,,10,Web Attack - XSS,0.5
RF,CW_c0.5_it10,1,1,1.0,1.0,CW,,10,Web Attack - XSS - Attempted,0.5
MLP,CW_c0.5_it10,60000,0,,,CW,,10,Benign,0.5
MLP,CW_c0.5_it10,6052,6052,0.9945472571050892,0.9945472571050892,CW,,10,Botnet Ares,0.5
MLP,CW_c0.5_it10,49,49,1.0,1.0,CW,,10,Botnet Ares - Attempted,0.5
MLP,CW_c0.5_it10,5894,5893,1.0,0.999830335934849,CW,,10,DDoS-HOIC,0.5
MLP,CW_c0.5_it10,5960,5960,1.0,1.0,CW,,10,DDoS-LOIC-HTTP,0.5
MLP,CW_c0.5_it10,516,516,0.5523255813953488,0.5523255813953488,CW,,10,DDoS-LOIC-UDP,0.5
MLP,CW_c0.5_it10,51,46,1.0,0.9019607843137255,CW,,10,DDoS-LOIC-UDP - Attempted,0.5
MLP,CW_c0.5_it10,4580,4579,1.0,0.9997816593886463,CW,,10,DoS GoldenEye,0.5
MLP,CW_c0.5_it10,849,849,1.0,1.0,CW,,10,DoS GoldenEye - Attempted,0.5
MLP,CW_c0.5_it10,5951,5951,0.999663922029911,0.999663922029911,CW,,10,DoS Hulk,0.5
MLP,CW_c0.5_it10,19,12,1.0,0.631578947368421,CW,,10,DoS Hulk - Attempted,0.5
MLP,CW_c0.5_it10,1713,1712,1.0,0.9994162288382954,CW,,10,DoS Slowloris,0.5
MLP,CW_c0.5_it10,437,436,1.0,0.9977116704805492,CW,,10,DoS Slowloris - Attempted,0.5
MLP,CW_c0.5_it10,5957,5957,1.0,1.0,CW,,10,FTP-BruteForce - Attempted,0.5
MLP,CW_c0.5_it10,47,47,0.0851063829787234,0.0851063829787234,CW,,10,Infiltration - Communication Victim Attacker,0.5
MLP,CW_c0.5_it10,14,2,1.0,0.14285714285714285,CW,,10,Infiltration - Dropbox Download,0.5
MLP,CW_c0.5_it10,2,0,,0.0,CW,,10,Infiltration - Dropbox Download - Attempted,0.5
MLP,CW_c0.5_it10,6072,5986,0.9759438690277313,0.9621212121212122,CW,,10,Infiltration - NMAP Portscan,0.5
MLP,CW_c0.5_it10,6059,6059,1.0,1.0,CW,,10,SSH-BruteForce,0.5
MLP,CW_c0.5_it10,27,26,0.0,0.0,CW,,10,Web Attack - Brute Force,0.5
MLP,CW_c0.5_it10,25,25,1.0,1.0,CW,,10,Web Attack - Brute Force - Attempted,0.5
MLP,CW_c0.5_it10,6,5,0.8,0.6666666666666666,CW,,10,Web Attack - SQL,0.5
MLP,CW_c0.5_it10,3,1,0.0,0.0,CW,,10,Web Attack - SQL - Attempted,0.5
MLP,CW_c0.5_it10,19,19,0.0,0.0,CW,,10,Web Attack - XSS,0.5
MLP,CW_c0.5_it10,1,0,,0.0,CW,,10,Web Attack - XSS - Attempted,0.5
