model,attack,n,n_detected_clean,asr,fnr_under_attack,family,epsilon,iters,traffic_family,confidence
LR,FGSM_eps0.15,60000,0,,,FGSM,0.15,1,Benign,
LR,FGSM_eps0.15,5944,5940,0.9956228956228956,0.9956258411843876,FGSM,0.15,1,Botnet Ares,
LR,FGSM_eps0.15,51,51,0.0,0.0,FGSM,0.15,1,Botnet Ares - Attempted,
LR,FGSM_eps0.15,6072,6072,0.0,0.0,FGSM,0.15,1,DDoS-HOIC,
LR,FGSM_eps0.15,6058,0,,1.0,FGSM,0.15,1,DDoS-LOIC-HTTP,
LR,FGSM_eps0.15,526,505,0.0039603960396039604,0.043726235741444866,FGSM,0.15,1,DDoS-LOIC-UDP,
LR,FGSM_eps0.15,59,0,,1.0,FGSM,0.15,1,DDoS-LOIC-UDP - Attempted,
LR,FGSM_eps0.15,4496,4496,0.0,0.0,FGSM,0.15,1,DoS GoldenEye,
LR,FGSM_eps0.15,873,873,0.0,0.0,FGSM,0.15,1,DoS GoldenEye - Attempted,
LR,FGSM_eps0.15,6080,6080,0.0029605263157894738,0.0029605263157894738,FGSM,0.15,1,DoS Hulk,
LR,FGSM_eps0.15,17,17,0.0,0.0,FGSM,0.15,1,DoS Hulk - Attempted,
LR,FGSM_eps0.15,1774,1718,0.32188591385331783,0.3432919954904171,FGSM,0.15,1,DoS Slowloris,
LR,FGSM_eps0.15,451,440,0.0,0.024390243902439025,FGSM,0.15,1,DoS Slowloris - Attempted,
LR,FGSM_eps0.15,5862,5862,0.0,0.0,FGSM,0.15,1,FTP-BruteForce - Attempted,
LR,FGSM_eps0.15,40,38,0.6578947368421053,0.625,FGSM,0.15,1,Infiltration - Communication Victim Attacker,
LR,FGSM_eps0.15,15,0,,0.6,FGSM,0.15,1,Infiltration - Dropbox Download,
LR,FGSM_eps0.15,8,0,,0.75,FGSM,0.15,1,Infiltration - Dropbox Download - Attempted,
LR,FGSM_eps0.15,5945,5141,0.3450690527134799,0.42523128679562655,FGSM,0.15,1,Infiltration - NMAP Portscan,
LR,FGSM_eps0.15,5952,5952,0.0,0.0,FGSM,0.15,1,SSH-BruteForce,
LR,FGSM_eps0.15,23,0,,1.0,FGSM,0.15,1,Web Attack - Brute Force,
LR,FGSM_eps0.15,24,1,1.0,0.9583333333333334,FGSM,0.15,1,Web Attack - Brute Force - Attempted,
LR,FGSM_eps0.15,8,0,,0.875,FGSM,0.15,1,Web Attack - SQL,
LR,FGSM_eps0.15,2,1,1.0,1.0,FGSM,0.15,1,Web Attack - SQL - Attempted,
LR,FGSM_eps0.15,22,0,,1.0,FGSM,0.15,1,Web Attack - XSS,
LR,FGSM_eps0.15,1,0,,0.0,FGSM,0.15,1,Web Attack - XSS - Attempted,
SVM,FGSM_eps0.15,60000,0,,,FGSM,0.15,1,Benign,
SVM,FGSM_eps0.15,5944,5941,0.9956236323851203,0.9956258411843876,FGSM,0.15,1,Botnet Ares,
SVM,FGSM_eps0.15,51,51,0.0196078431372549,0.0196078431372549,FGSM,0.15,1,Botnet Ares - Attempted,
SVM,FGSM_eps0.15,6072,6072,1.0,1.0,FGSM,0.15,1,DDoS-HOIC,
SVM,FGSM_eps0.15,6058,0,,1.0,FGSM,0.15,1,DDoS-LOIC-HTTP,
SVM,FGSM_eps0.15,526,505,0.0,0.039923954372623575,FGSM,0.15,1,DDoS-LOIC-UDP,
SVM,FGSM_eps0.15,59,0,,1.0,FGSM,0.15,1,DDoS-LOIC-UDP - Attempted,
SVM,FGSM_eps0.15,4496,4496,0.0,0.0,FGSM,0.15,1,DoS GoldenEye,
SVM,FGSM_eps0.15,873,873,0.0,0.0,FGSM,0.15,1,DoS GoldenEye - Attempted,
SVM,FGSM_eps0.15,6080,6080,0.0029605263157894738,0.0029605263157894738,FGSM,0.15,1,DoS Hulk,
SVM,FGSM_eps0.15,17,17,0.6470588235294118,0.6470588235294118,FGSM,0.15,1,DoS Hulk - Attempted,
SVM,FGSM_eps0.15,1774,1718,0.3242142025611176,0.3455467869222097,FGSM,0.15,1,DoS Slowloris,
SVM,FGSM_eps0.15,451,440,0.0,0.024390243902439025,FGSM,0.15,1,DoS Slowloris - Attempted,
SVM,FGSM_eps0.15,5862,5862,0.0,0.0,FGSM,0.15,1,FTP-BruteForce - Attempted,
SVM,FGSM_eps0.15,40,40,0.025,0.025,FGSM,0.15,1,Infiltration - Communication Victim Attacker,
SVM,FGSM_eps0.15,15,0,,0.06666666666666667,FGSM,0.15,1,Infiltration - Dropbox Download,
SVM,FGSM_eps0.15,8,0,,0.5,FGSM,0.15,1,Infiltration - Dropbox Download - Attempted,
SVM,FGSM_eps0.15,5945,4785,0.36698014629049114,0.4819175777964676,FGSM,0.15,1,Infiltration - NMAP Portscan,
SVM,FGSM_eps0.15,5952,5952,0.0,0.0,FGSM,0.15,1,SSH-BruteForce,
SVM,FGSM_eps0.15,23,0,,0.9565217391304348,FGSM,0.15,1,Web Attack - Brute Force,
SVM,FGSM_eps0.15,24,1,1.0,0.9583333333333334,FGSM,0.15,1,Web Attack - Brute Force - Attempted,
SVM,FGSM_eps0.15,8,0,,0.875,FGSM,0.15,1,Web Attack - SQL,
SVM,FGSM_eps0.15,2,0,,1.0,FGSM,0.15,1,Web Attack - SQL - Attempted,
SVM,FGSM_eps0.15,22,0,,1.0,FGSM,0.15,1,Web Attack - XSS,
SVM,FGSM_eps0.15,1,0,,0.0,FGSM,0.15,1,Web Attack - XSS - Attempted,
RF,FGSM_eps0.15,60000,0,,,FGSM,0.15,1,Benign,
RF,FGSM_eps0.15,5944,5944,1.0,1.0,FGSM,0.15,1,Botnet Ares,
RF,FGSM_eps0.15,51,51,1.0,1.0,FGSM,0.15,1,Botnet Ares - Attempted,
RF,FGSM_eps0.15,6072,6072,1.0,1.0,FGSM,0.15,1,DDoS-HOIC,
RF,FGSM_eps0.15,6058,6058,1.0,1.0,FGSM,0.15,1,DDoS-LOIC-HTTP,
RF,FGSM_eps0.15,526,526,0.053231939163498096,0.053231939163498096,FGSM,0.15,1,DDoS-LOIC-UDP,
RF,FGSM_eps0.15,59,58,1.0,1.0,FGSM,0.15,1,DDoS-LOIC-UDP - Attempted,
RF,FGSM_eps0.15,4496,4496,1.0,1.0,FGSM,0.15,1,DoS GoldenEye,
RF,FGSM_eps0.15,873,873,1.0,1.0,FGSM,0.15,1,DoS GoldenEye - Attempted,
RF,FGSM_eps0.15,6080,6080,1.0,1.0,FGSM,0.15,1,DoS Hulk,
RF,FGSM_eps0.15,17,17,1.0,1.0,FGSM,0.15,1,DoS Hulk - Attempted,
RF,FGSM_eps0.15,1774,1774,0.6668545659526494,0.6668545659526494,FGSM,0.15,1,DoS Slowloris,
RF,FGSM_eps0.15,451,451,1.0,1.0,FGSM,0.15,1,DoS Slowloris - Attempted,
RF,FGSM_eps0.15,5862,5862,1.0,1.0,FGSM,0.15,1,FTP-BruteForce - Attempted,
RF,FGSM_eps0.15,40,40,0.9,0.9,FGSM,0.15,1,Infiltration - Communication Victim Attacker,
RF,FGSM_eps0.15,15,8,1.0,1.0,FGSM,0.15,1,Infiltration - Dropbox Download,
RF,FGSM_eps0.15,8,1,1.0,1.0,FGSM,0.15,1,Infiltration - Dropbox Download - Attempted,
RF,FGSM_eps0.15,5945,5940,0.9584175084175084,0.9584524810765349,FGSM,0.15,1,Infiltration - NMAP Portscan,
RF,FGSM_eps0.15,5952,5952,1.0,1.0,FGSM,0.15,1,SSH-BruteForce,
RF,FGSM_eps0.15,23,22,1.0,1.0,FGSM,0.15,1,Web Attack - Brute Force,
RF,FGSM_eps0.15,24,23,1.0,1.0,FGSM,0.15,1,Web Attack - Brute Force - Attempted,
RF,FGSM_eps0.15,8,6,1.0,1.0,FGSM,0.15,1,Web Attack - SQL,
RF,FGSM_eps0.15,2,2,1.0,1.0,FGSM,0.15,1,Web Attack - SQL - Attempted,
RF,FGSM_eps0.15,22,22,1.0,1.0,FGSM,0.15,1,Web Attack - XSS,
RF,FGSM_eps0.15,1,1,1.0,1.0,FGSM,0.15,1,Web Attack - XSS - Attempted,
MLP,FGSM_eps0.15,60000,0,,,FGSM,0.15,1,Benign,
MLP,FGSM_eps0.15,5944,5944,0.9949528936742934,0.9949528936742934,FGSM,0.15,1,Botnet Ares,
MLP,FGSM_eps0.15,51,51,1.0,1.0,FGSM,0.15,1,Botnet Ares - Attempted,
MLP,FGSM_eps0.15,6072,6072,1.0,1.0,FGSM,0.15,1,DDoS-HOIC,
MLP,FGSM_eps0.15,6058,6058,1.0,1.0,FGSM,0.15,1,DDoS-LOIC-HTTP,
MLP,FGSM_eps0.15,526,522,0.032567049808429116,0.03231939163498099,FGSM,0.15,1,DDoS-LOIC-UDP,
MLP,FGSM_eps0.15,59,51,1.0,0.864406779661017,FGSM,0.15,1,DDoS-LOIC-UDP - Attempted,
MLP,FGSM_eps0.15,4496,4496,0.9891014234875445,0.9891014234875445,FGSM,0.15,1,DoS GoldenEye,
MLP,FGSM_eps0.15,873,873,0.9988545246277205,0.9988545246277205,FGSM,0.15,1,DoS GoldenEye - Attempted,
MLP,FGSM_eps0.15,6080,6080,1.0,1.0,FGSM,0.15,1,DoS Hulk,
MLP,FGSM_eps0.15,17,17,1.0,1.0,FGSM,0.15,1,DoS Hulk - Attempted,
MLP,FGSM_eps0.15,1774,1774,1.0,1.0,FGSM,0.15,1,DoS Slowloris,
MLP,FGSM_eps0.15,451,451,1.0,1.0,FGSM,0.15,1,DoS Slowloris - Attempted,
MLP,FGSM_eps0.15,5862,5862,0.783179802115319,0.783179802115319,FGSM,0.15,1,FTP-BruteForce - Attempted,
MLP,FGSM_eps0.15,40,37,0.0,0.025,FGSM,0.15,1,Infiltration - Communication Victim Attacker,
MLP,FGSM_eps0.15,15,0,,0.5333333333333333,FGSM,0.15,1,Infiltration - Dropbox Download,
MLP,FGSM_eps0.15,8,0,,0.75,FGSM,0.15,1,Infiltration - Dropbox Download - Attempted,
MLP,FGSM_eps0.15,5945,5825,0.9550214592274678,0.9362489486963835,FGSM,0.15,1,Infiltration - NMAP Portscan,
MLP,FGSM_eps0.15,5952,5952,1.0,1.0,FGSM,0.15,1,SSH-BruteForce,
MLP,FGSM_eps0.15,23,22,1.0,0.9565217391304348,FGSM,0.15,1,Web Attack - Brute Force,
MLP,FGSM_eps0.15,24,23,1.0,0.9583333333333334,FGSM,0.15,1,Web Attack - Brute Force - Attempted,
MLP,FGSM_eps0.15,8,7,1.0,0.875,FGSM,0.15,1,Web Attack - SQL,
MLP,FGSM_eps0.15,2,2,1.0,1.0,FGSM,0.15,1,Web Attack - SQL - Attempted,
MLP,FGSM_eps0.15,22,22,1.0,1.0,FGSM,0.15,1,Web Attack - XSS,
MLP,FGSM_eps0.15,1,0,,0.0,FGSM,0.15,1,Web Attack - XSS - Attempted,
LR,FGSM_eps0.3,60000,0,,,FGSM,0.3,1,Benign,
LR,FGSM_eps0.3,5944,5940,0.9956228956228956,0.9956258411843876,FGSM,0.3,1,Botnet Ares,
LR,FGSM_eps0.3,51,51,0.3137254901960784,0.3137254901960784,FGSM,0.3,1,Botnet Ares - Attempted,
LR,FGSM_eps0.3,6072,6072,1.0,1.0,FGSM,0.3,1,DDoS-HOIC,
LR,FGSM_eps0.3,6058,0,,1.0,FGSM,0.3,1,DDoS-LOIC-HTTP,
LR,FGSM_eps0.3,526,505,0.0039603960396039604,0.043726235741444866,FGSM,0.3,1,DDoS-LOIC-UDP,
LR,FGSM_eps0.3,59,0,,1.0,FGSM,0.3,1,DDoS-LOIC-UDP - Attempted,
LR,FGSM_eps0.3,4496,4496,0.09386120996441281,0.09386120996441281,FGSM,0.3,1,DoS GoldenEye,
LR,FGSM_eps0.3,873,873,0.003436426116838488,0.003436426116838488,FGSM,0.3,1,DoS GoldenEye - Attempted,
LR,FGSM_eps0.3,6080,6080,0.042105263157894736,0.042105263157894736,FGSM,0.3,1,DoS Hulk,
LR,FGSM_eps0.3,17,17,0.7058823529411765,0.7058823529411765,FGSM,0.3,1,DoS Hulk - Attempted,
LR,FGSM_eps0.3,1774,1718,0.8847497089639115,0.8883878241262683,FGSM,0.3,1,DoS Slowloris,
LR,FGSM_eps0.3,451,440,0.0,0.024390243902439025,FGSM,0.3,1,DoS Slowloris - Attempted,
LR,FGSM_eps0.3,5862,5862,0.0,0.0,FGSM,0.3,1,FTP-BruteForce - Attempted,
LR,FGSM_eps0.3,40,38,0.7105263157894737,0.675,FGSM,0.3,1,Infiltration - Communication Victim Attacker,
LR,FGSM_eps0.3,15,0,,0.4,FGSM,0.3,1,Infiltration - Dropbox Download,
LR,FGSM_eps0.3,8,0,,0.625,FGSM,0.3,1,Infiltration - Dropbox Download - Attempted,
LR,FGSM_eps0.3,5945,5141,0.4617778642287493,0.519932716568545,FGSM,0.3,1,Infiltration - NMAP Portscan,
LR,FGSM_eps0.3,5952,5952,0.0,0.0,FGSM,0.3,1,SSH-BruteForce,
LR,FGSM_eps0.3,23,0,,1.0,FGSM,0.3,1,Web Attack - Brute Force,
LR,FGSM_eps0.3,24,1,1.0,0.9583333333333334,FGSM,0.3,1,Web Attack - Brute Force - Attempted,
LR,FGSM_eps0.3,8,0,,0.875,FGSM,0.3,1,Web Attack - SQL,
LR,FGSM_eps0.3,2,1,1.0,1.0,FGSM,0.3,1,Web Attack - SQL - Attempted,
LR,FGSM_eps0.3,22,0,,1.0,FGSM,0.3,1,Web Attack - XSS,
LR,FGSM_eps0.3,1,0,,0.0,FGSM,0.3,1,Web Attack - XSS - Attempted,
SVM,FGSM_eps0.3,60000,0,,,FGSM,0.3,1,Benign,
SVM,FGSM_eps0.3,5944,5941,0.9956236323851203,0.9956258411843876,FGSM,0.3,1,Botnet Ares,
SVM,FGSM_eps0.3,51,51,1.0,1.0,FGSM,0.3,1,Botnet Ares - Attempted,
SVM,FGSM_eps0.3,6072,6072,1.0,1.0,FGSM,0.3,1,DDoS-HOIC,
SVM,FGSM_eps0.3,6058,0,,1.0,FGSM,0.3,1,DDoS-LOIC-HTTP,
SVM,FGSM_eps0.3,526,505,0.0039603960396039604,0.04182509505703422,FGSM,0.3,1,DDoS-LOIC-UDP,
SVM,FGSM_eps0.3,59,0,,1.0,FGSM,0.3,1,DDoS-LOIC-UDP - Attempted,
SVM,FGSM_eps0.3,4496,4496,0.1201067615658363,0.1201067615658363,FGSM,0.3,1,DoS GoldenEye,
SVM,FGSM_eps0.3,873,873,0.010309278350515464,0.010309278350515464,FGSM,0.3,1,DoS GoldenEye - Attempted,
SVM,FGSM_eps0.3,6080,6080,0.04736842105263158,0.04736842105263158,FGSM,0.3,1,DoS Hulk,
SVM,FGSM_eps0.3,17,17,1.0,1.0,FGSM,0.3,1,DoS Hulk - Attempted,
SVM,FGSM_eps0.3,1774,1718,0.9284051222351571,0.9306651634723788,FGSM,0.3,1,DoS Slowloris,
SVM,FGSM_eps0.3,451,440,1.0,1.0,FGSM,0.3,1,DoS Slowloris - Attempted,
SVM,FGSM_eps0.3,5862,5862,0.1306721255544183,0.1306721255544183,FGSM,0.3,1,FTP-BruteForce - Attempted,
SVM,FGSM_eps0.3,40,40,0.675,0.675,FGSM,0.3,1,Infiltration - Communication Victim Attacker,
SVM,FGSM_eps0.3,15,0,,0.06666666666666667,FGSM,0.3,1,Infiltration - Dropbox Download,
SVM,FGSM_eps0.3,8,0,,0.25,FGSM,0.3,1,Infiltration - Dropbox Download - Attempted,
SVM,FGSM_eps0.3,5945,4785,0.7694879832810867,0.7998317914213625,FGSM,0.3,1,Infiltration - NMAP Portscan,
SVM,FGSM_eps0.3,5952,5952,1.0,1.0,FGSM,0.3,1,SSH-BruteForce,
SVM,FGSM_eps0.3,23,0,,0.9565217391304348,FGSM,0.3,1,Web Attack - Brute Force,
SVM,FGSM_eps0.3,24,1,1.0,0.9583333333333334,FGSM,0.3,1,Web Attack - Brute Force - Attempted,
SVM,FGSM_eps0.3,8,0,,0.875,FGSM,0.3,1,Web Attack - SQL,
SVM,FGSM_eps0.3,2,0,,1.0,FGSM,0.3,1,Web Attack - SQL - Attempted,
SVM,FGSM_eps0.3,22,0,,1.0,FGSM,0.3,1,Web Attack - XSS,
SVM,FGSM_eps0.3,1,0,,0.0,FGSM,0.3,1,Web Attack - XSS - Attempted,
RF,FGSM_eps0.3,60000,0,,,FGSM,0.3,1,Benign,
RF,FGSM_eps0.3,5944,5944,1.0,1.0,FGSM,0.3,1,Botnet Ares,
RF,FGSM_eps0.3,51,51,1.0,1.0,FGSM,0.3,1,Botnet Ares - Attempted,
RF,FGSM_eps0.3,6072,6072,1.0,1.0,FGSM,0.3,1,DDoS-HOIC,
RF,FGSM_eps0.3,6058,6058,1.0,1.0,FGSM,0.3,1,DDoS-LOIC-HTTP,
RF,FGSM_eps0.3,526,526,0.053231939163498096,0.053231939163498096,FGSM,0.3,1,DDoS-LOIC-UDP,
RF,FGSM_eps0.3,59,58,1.0,1.0,FGSM,0.3,1,DDoS-LOIC-UDP - Attempted,
RF,FGSM_eps0.3,4496,4496,1.0,1.0,FGSM,0.3,1,DoS GoldenEye,
RF,FGSM_eps0.3,873,873,1.0,1.0,FGSM,0.3,1,DoS GoldenEye - Attempted,
RF,FGSM_eps0.3,6080,6080,1.0,1.0,FGSM,0.3,1,DoS Hulk,
RF,FGSM_eps0.3,17,17,1.0,1.0,FGSM,0.3,1,DoS Hulk - Attempted,
RF,FGSM_eps0.3,1774,1774,0.6668545659526494,0.6668545659526494,FGSM,0.3,1,DoS Slowloris,
RF,FGSM_eps0.3,451,451,1.0,1.0,FGSM,0.3,1,DoS Slowloris - Attempted,
RF,FGSM_eps0.3,5862,5862,1.0,1.0,FGSM,0.3,1,FTP-BruteForce - Attempted,
RF,FGSM_eps0.3,40,40,0.95,0.95,FGSM,0.3,1,Infiltration - Communication Victim Attacker,
RF,FGSM_eps0.3,15,8,1.0,1.0,FGSM,0.3,1,Infiltration - Dropbox Download,
RF,FGSM_eps0.3,8,1,1.0,1.0,FGSM,0.3,1,Infiltration - Dropbox Download - Attempted,
RF,FGSM_eps0.3,5945,5940,0.9996632996632997,0.9996635828427249,FGSM,0.3,1,Infiltration - NMAP Portscan,
RF,FGSM_eps0.3,5952,5952,1.0,1.0,FGSM,0.3,1,SSH-BruteForce,
RF,FGSM_eps0.3,23,22,1.0,1.0,FGSM,0.3,1,Web Attack - Brute Force,
RF,FGSM_eps0.3,24,23,1.0,1.0,FGSM,0.3,1,Web Attack - Brute Force - Attempted,
RF,FGSM_eps0.3,8,6,1.0,1.0,FGSM,0.3,1,Web Attack - SQL,
RF,FGSM_eps0.3,2,2,1.0,1.0,FGSM,0.3,1,Web Attack - SQL - Attempted,
RF,FGSM_eps0.3,22,22,1.0,1.0,FGSM,0.3,1,Web Attack - XSS,
RF,FGSM_eps0.3,1,1,1.0,1.0,FGSM,0.3,1,Web Attack - XSS - Attempted,
MLP,FGSM_eps0.3,60000,0,,,FGSM,0.3,1,Benign,
MLP,FGSM_eps0.3,5944,5944,0.9949528936742934,0.9949528936742934,FGSM,0.3,1,Botnet Ares,
MLP,FGSM_eps0.3,51,51,1.0,1.0,FGSM,0.3,1,Botnet Ares - Attempted,
MLP,FGSM_eps0.3,6072,6072,1.0,1.0,FGSM,0.3,1,DDoS-HOIC,
MLP,FGSM_eps0.3,6058,6058,1.0,1.0,FGSM,0.3,1,DDoS-LOIC-HTTP,
MLP,FGSM_eps0.3,526,522,0.03639846743295019,0.03612167300380228,FGSM,0.3,1,DDoS-LOIC-UDP,
MLP,FGSM_eps0.3,59,51,1.0,0.864406779661017,FGSM,0.3,1,DDoS-LOIC-UDP - Attempted,
MLP,FGSM_eps0.3,4496,4496,1.0,1.0,FGSM,0.3,1,DoS GoldenEye,
MLP,FGSM_eps0.3,873,873,1.0,1.0,FGSM,0.3,1,DoS GoldenEye - Attempted,
MLP,FGSM_eps0.3,6080,6080,1.0,1.0,FGSM,0.3,1,DoS Hulk,
MLP,FGSM_eps0.3,17,17,1.0,1.0,FGSM,0.3,1,DoS Hulk - Attempted,
MLP,FGSM_eps0.3,1774,1774,1.0,1.0,FGSM,0.3,1,DoS Slowloris,
MLP,FGSM_eps0.3,451,451,1.0,1.0,FGSM,0.3,1,DoS Slowloris - Attempted,
MLP,FGSM_eps0.3,5862,5862,0.783179802115319,0.783179802115319,FGSM,0.3,1,FTP-BruteForce - Attempted,
MLP,FGSM_eps0.3,40,37,0.8648648648648649,0.825,FGSM,0.3,1,Infiltration - Communication Victim Attacker,
MLP,FGSM_eps0.3,15,0,,0.5333333333333333,FGSM,0.3,1,Infiltration - Dropbox Download,
MLP,FGSM_eps0.3,8,0,,0.875,FGSM,0.3,1,Infiltration - Dropbox Download - Attempted,
MLP,FGSM_eps0.3,5945,5825,0.9739055793991417,0.9542472666105971,FGSM,0.3,1,Infiltration - NMAP Portscan,
MLP,FGSM_eps0.3,5952,5952,1.0,1.0,FGSM,0.3,1,SSH-BruteForce,
MLP,FGSM_eps0.3,23,22,1.0,0.9565217391304348,FGSM,0.3,1,Web Attack - Brute Force,
MLP,FGSM_eps0.3,24,23,1.0,0.9583333333333334,FGSM,0.3,1,Web Attack - Brute Force - Attempted,
MLP,FGSM_eps0.3,8,7,1.0,0.875,FGSM,0.3,1,Web Attack - SQL,
MLP,FGSM_eps0.3,2,2,1.0,1.0,FGSM,0.3,1,Web Attack - SQL - Attempted,
MLP,FGSM_eps0.3,22,22,1.0,1.0,FGSM,0.3,1,Web Attack - XSS,
MLP,FGSM_eps0.3,1,0,,0.0,FGSM,0.3,1,Web Attack - XSS - Attempted,
LR,FGSM_eps0.5,60000,0,,,FGSM,0.5,1,Benign,
LR,FGSM_eps0.5,5944,5940,0.9956228956228956,0.9956258411843876,FGSM,0.5,1,Botnet Ares,
LR,FGSM_eps0.5,51,51,1.0,1.0,FGSM,0.5,1,Botnet Ares - Attempted,
LR,FGSM_eps0.5,6072,6072,1.0,1.0,FGSM,0.5,1,DDoS-HOIC,
LR,FGSM_eps0.5,6058,0,,1.0,FGSM,0.5,1,DDoS-LOIC-HTTP,
LR,FGSM_eps0.5,526,505,0.005940594059405941,0.043726235741444866,FGSM,0.5,1,DDoS-LOIC-UDP,
LR,FGSM_eps0.5,59,0,,1.0,FGSM,0.5,1,DDoS-LOIC-UDP - Attempted,
LR,FGSM_eps0.5,4496,4496,0.11254448398576512,0.11254448398576512,FGSM,0.5,1,DoS GoldenEye,
LR,FGSM_eps0.5,873,873,0.010309278350515464,0.010309278350515464,FGSM,0.5,1,DoS GoldenEye - Attempted,
LR,FGSM_eps0.5,6080,6080,0.0430921052631579,0.0430921052631579,FGSM,0.5,1,DoS Hulk,
LR,FGSM_eps0.5,17,17,1.0,1.0,FGSM,0.5,1,DoS Hulk - Attempted,
LR,FGSM_eps0.5,1774,1718,0.9284051222351571,0.9306651634723788,FGSM,0.5,1,DoS Slowloris,
LR,FGSM_eps0.5,451,440,1.0,1.0,FGSM,0.5,1,DoS Slowloris - Attempted,
LR,FGSM_eps0.5,5862,5862,0.3072330262708973,0.3072330262708973,FGSM,0.5,1,FTP-BruteForce - Attempted,
LR,FGSM_eps0.5,40,38,0.7368421052631579,0.7,FGSM,0.5,1,Infiltration - Communication Victim Attacker,
LR,FGSM_eps0.5,15,0,,0.2,FGSM,0.5,1,Infiltration - Dropbox Download,
LR,FGSM_eps0.5,8,0,,0.5,FGSM,0.5,1,Infiltration - Dropbox Download - Attempted,
LR,FGSM_eps0.5,5945,5141,0.8130713868897101,0.823044575273339,FGSM,0.5,1,Infiltration - NMAP Portscan,
LR,FGSM_eps0.5,5952,5952,0.0,0.0,FGSM,0.5,1,SSH-BruteForce,
LR,FGSM_eps0.5,23,0,,0.9565217391304348,FGSM,0.5,1,Web Attack - Brute Force,
LR,FGSM_eps0.5,24,1,1.0,0.9583333333333334,FGSM,0.5,1,Web Attack - Brute Force - Attempted,
LR,FGSM_eps0.5,8,0,,0.875,FGSM,0.5,1,Web Attack - SQL,
LR,FGSM_eps0.5,2,1,1.0,1.0,FGSM,0.5,1,Web Attack - SQL - Attempted,
LR,FGSM_eps0.5,22,0,,1.0,FGSM,0.5,1,Web Attack - XSS,
LR,FGSM_eps0.5,1,0,,0.0,FGSM,0.5,1,Web Attack - XSS - Attempted,
SVM,FGSM_eps0.5,60000,0,,,FGSM,0.5,1,Benign,
SVM,FGSM_eps0.5,5944,5941,0.9956236323851203,0.9956258411843876,FGSM,0.5,1,Botnet Ares,
SVM,FGSM_eps0.5,51,51,1.0,1.0,FGSM,0.5,1,Botnet Ares - Attempted,
SVM,FGSM_eps0.5,6072,6072,1.0,1.0,FGSM,0.5,1,DDoS-HOIC,
SVM,FGSM_eps0.5,6058,0,,1.0,FGSM,0.5,1,DDoS-LOIC-HTTP,
SVM,FGSM_eps0.5,526,505,0.005940594059405941,0.03802281368821293,FGSM,0.5,1,DDoS-LOIC-UDP,
SVM,FGSM_eps0.5,59,0,,1.0,FGSM,0.5,1,DDoS-LOIC-UDP - Attempted,
SVM,FGSM_eps0.5,4496,4496,0.9790925266903915,0.9790925266903915,FGSM,0.5,1,DoS GoldenEye,
SVM,FGSM_eps0.5,873,873,0.9988545246277205,0.9988545246277205,FGSM,0.5,1,DoS GoldenEye - Attempted,
SVM,FGSM_eps0.5,6080,6080,0.996875,0.996875,FGSM,0.5,1,DoS Hulk,
SVM,FGSM_eps0.5,17,17,1.0,1.0,FGSM,0.5,1,DoS Hulk - Attempted,
SVM,FGSM_eps0.5,1774,1718,0.9924330616996507,0.9926719278466741,FGSM,0.5,1,DoS Slowloris,
SVM,FGSM_eps0.5,451,440,1.0,1.0,FGSM,0.5,1,DoS Slowloris - Attempted,
SVM,FGSM_eps0.5,5862,5862,0.7557147731149778,0.7557147731149778,FGSM,0.5,1,FTP-BruteForce - Attempted,
SVM,FGSM_eps0.5,40,40,0.9,0.9,FGSM,0.5,1,Infiltration - Communication Victim Attacker,
SVM,FGSM_eps0.5,15,0,,0.06666666666666667,FGSM,0.5,1,Infiltration - Dropbox Download,
SVM,FGSM_eps0.5,8,0,,0.125,FGSM,0.5,1,Infiltration - Dropbox Download - Attempted,
SVM,FGSM_eps0.5,5945,4785,0.8522466039707419,0.8661059714045416,FGSM,0.5,1,Infiltration - NMAP Portscan,
SVM,FGSM_eps0.5,5952,5952,1.0,1.0,FGSM,0.5,1,SSH-BruteForce,
SVM,FGSM_eps0.5,23,0,,0.9565217391304348,FGSM,0.5,1,Web Attack - Brute Force,
SVM,FGSM_eps0.5,24,1,1.0,0.9583333333333334,FGSM,0.5,1,Web Attack - Brute Force - Attempted,
SVM,FGSM_eps0.5,8,0,,0.875,FGSM,0.5,1,Web Attack - SQL,
SVM,FGSM_eps0.5,2,0,,1.0,FGSM,0.5,1,Web Attack - SQL - Attempted,
SVM,FGSM_eps0.5,22,0,,1.0,FGSM,0.5,1,Web Attack - XSS,
SVM,FGSM_eps0.5,1,0,,0.0,FGSM,0.5,1,Web Attack - XSS - Attempted,
RF,FGSM_eps0.5,60000,0,,,FGSM,0.5,1,Benign,
RF,FGSM_eps0.5,5944,5944,1.0,1.0,FGSM,0.5,1,Botnet Ares,
RF,FGSM_eps0.5,51,51,1.0,1.0,FGSM,0.5,1,Botnet Ares - Attempted,
RF,FGSM_eps0.5,6072,6072,1.0,1.0,FGSM,0.5,1,DDoS-HOIC,
RF,FGSM_eps0.5,6058,6058,1.0,1.0,FGSM,0.5,1,DDoS-LOIC-HTTP,
RF,FGSM_eps0.5,526,526,0.053231939163498096,0.053231939163498096,FGSM,0.5,1,DDoS-LOIC-UDP,
RF,FGSM_eps0.5,59,58,1.0,1.0,FGSM,0.5,1,DDoS-LOIC-UDP - Attempted,
RF,FGSM_eps0.5,4496,4496,1.0,1.0,FGSM,0.5,1,DoS GoldenEye,
RF,FGSM_eps0.5,873,873,1.0,1.0,FGSM,0.5,1,DoS GoldenEye - Attempted,
RF,FGSM_eps0.5,6080,6080,1.0,1.0,FGSM,0.5,1,DoS Hulk,
RF,FGSM_eps0.5,17,17,1.0,1.0,FGSM,0.5,1,DoS Hulk - Attempted,
RF,FGSM_eps0.5,1774,1774,0.9954904171364148,0.9954904171364148,FGSM,0.5,1,DoS Slowloris,
RF,FGSM_eps0.5,451,451,1.0,1.0,FGSM,0.5,1,DoS Slowloris - Attempted,
RF,FGSM_eps0.5,5862,5862,1.0,1.0,FGSM,0.5,1,FTP-BruteForce - Attempted,
RF,FGSM_eps0.5,40,40,0.925,0.925,FGSM,0.5,1,Infiltration - Communication Victim Attacker,
RF,FGSM_eps0.5,15,8,0.75,0.8,FGSM,0.5,1,Infiltration - Dropbox Download,
RF,FGSM_eps0.5,8,1,1.0,1.0,FGSM,0.5,1,Infiltration - Dropbox Download - Attempted,
RF,FGSM_eps0.5,5945,5940,0.998989898989899,0.9989907485281749,FGSM,0.5,1,Infiltration - NMAP Portscan,
RF,FGSM_eps0.5,5952,5952,1.0,1.0,FGSM,0.5,1,SSH-BruteForce,
RF,FGSM_eps0.5,23,22,1.0,1.0,FGSM,0.5,1,Web Attack - Brute Force,
RF,FGSM_eps0.5,24,23,1.0,1.0,FGSM,0.5,1,Web Attack - Brute Force - Attempted,
RF,FGSM_eps0.5,8,6,1.0,1.0,FGSM,0.5,1,Web Attack - SQL,
RF,FGSM_eps0.5,2,2,1.0,1.0,FGSM,0.5,1,Web Attack - SQL - Attempted,
RF,FGSM_eps0.5,22,22,1.0,1.0,FGSM,0.5,1,Web Attack - XSS,
RF,FGSM_eps0.5,1,1,1.0,1.0,FGSM,0.5,1,Web Attack - XSS - Attempted,
MLP,FGSM_eps0.5,60000,0,,,FGSM,0.5,1,Benign,
MLP,FGSM_eps0.5,5944,5944,0.9957940780619112,0.9957940780619112,FGSM,0.5,1,Botnet Ares,
MLP,FGSM_eps0.5,51,51,1.0,1.0,FGSM,0.5,1,Botnet Ares - Attempted,
MLP,FGSM_eps0.5,6072,6072,1.0,1.0,FGSM,0.5,1,DDoS-HOIC,
MLP,FGSM_eps0.5,6058,6058,1.0,1.0,FGSM,0.5,1,DDoS-LOIC-HTTP,
MLP,FGSM_eps0.5,526,522,0.040229885057471264,0.039923954372623575,FGSM,0.5,1,DDoS-LOIC-UDP,
MLP,FGSM_eps0.5,59,51,1.0,0.864406779661017,FGSM,0.5,1,DDoS-LOIC-UDP - Attempted,
MLP,FGSM_eps0.5,4496,4496,1.0,1.0,FGSM,0.5,1,DoS GoldenEye,
MLP,FGSM_eps0.5,873,873,1.0,1.0,FGSM,0.5,1,DoS GoldenEye - Attempted,
MLP,FGSM_eps0.5,6080,6080,1.0,1.0,FGSM,0.5,1,DoS Hulk,
MLP,FGSM_eps0.5,17,17,1.0,1.0,FGSM,0.5,1,DoS Hulk - Attempted,
MLP,FGSM_eps0.5,1774,1774,1.0,1.0,FGSM,0.5,1,DoS Slowloris,
MLP,FGSM_eps0.5,451,451,1.0,1.0,FGSM,0.5,1,DoS Slowloris - Attempted,
MLP,FGSM_eps0.5,5862,5862,1.0,1.0,FGSM,0.5,1,FTP-BruteForce - Attempted,
MLP,FGSM_eps0.5,40,37,1.0,0.95,FGSM,0.5,1,Infiltration - Communication Victim Attacker,
MLP,FGSM_eps0.5,15,0,,0.5333333333333333,FGSM,0.5,1,Infiltration - Dropbox Download,
MLP,FGSM_eps0.5,8,0,,0.875,FGSM,0.5,1,Infiltration - Dropbox Download - Attempted,
MLP,FGSM_eps0.5,5945,5825,0.9958798283261803,0.9757779646761985,FGSM,0.5,1,Infiltration - NMAP Portscan,
MLP,FGSM_eps0.5,5952,5952,1.0,1.0,FGSM,0.5,1,SSH-BruteForce,
MLP,FGSM_eps0.5,23,22,1.0,0.9565217391304348,FGSM,0.5,1,Web Attack - Brute Force,
MLP,FGSM_eps0.5,24,23,1.0,0.9583333333333334,FGSM,0.5,1,Web Attack - Brute Force - Attempted,
MLP,FGSM_eps0.5,8,7,1.0,0.875,FGSM,0.5,1,Web Attack - SQL,
MLP,FGSM_eps0.5,2,2,1.0,1.0,FGSM,0.5,1,Web Attack - SQL - Attempted,
MLP,FGSM_eps0.5,22,22,1.0,1.0,FGSM,0.5,1,Web Attack - XSS,
MLP,FGSM_eps0.5,1,0,,0.0,FGSM,0.5,1,Web Attack - XSS - Attempted,
LR,FGSM_eps0.75,60000,0,,,FGSM,0.75,1,Benign,
LR,FGSM_eps0.75,5944,5940,0.9956228956228956,0.9956258411843876,FGSM,0.75,1,Botnet Ares,
LR,FGSM_eps0.75,51,51,1.0,1.0,FGSM,0.75,1,Botnet Ares - Attempted,
LR,FGSM_eps0.75,6072,6072,1.0,1.0,FGSM,0.75,1,DDoS-HOIC,
LR,FGSM_eps0.75,6058,0,,1.0,FGSM,0.75,1,DDoS-LOIC-HTTP,
LR,FGSM_eps0.75,526,505,0.011881188118811881,0.049429657794676805,FGSM,0.75,1,DDoS-LOIC-UDP,
LR,FGSM_eps0.75,59,0,,1.0,FGSM,0.75,1,DDoS-LOIC-UDP - Attempted,
LR,FGSM_eps0.75,4496,4496,0.9521797153024911,0.9521797153024911,FGSM,0.75,1,DoS GoldenEye,
LR,FGSM_eps0.75,873,873,0.8888888888888888,0.8888888888888888,FGSM,0.75,1,DoS GoldenEye - Attempted,
LR,FGSM_eps0.75,6080,6080,0.996875,0.996875,FGSM,0.75,1,DoS Hulk,
LR,FGSM_eps0.75,17,17,1.0,1.0,FGSM,0.75,1,DoS Hulk - Attempted,
LR,FGSM_eps0.75,1774,1718,0.9924330616996507,0.9926719278466741,FGSM,0.75,1,DoS Slowloris,
LR,FGSM_eps0.75,451,440,1.0,1.0,FGSM,0.75,1,DoS Slowloris - Attempted,
LR,FGSM_eps0.75,5862,5862,0.9725349709996588,0.9725349709996588,FGSM,0.75,1,FTP-BruteForce - Attempted,
LR,FGSM_eps0.75,40,38,0.7368421052631579,0.7,FGSM,0.75,1,Infiltration - Communication Victim Attacker,
LR,FGSM_eps0.75,15,0,,0.2,FGSM,0.75,1,Infiltration - Dropbox Download,
LR,FGSM_eps0.75,8,0,,0.5,FGSM,0.75,1,Infiltration - Dropbox Download - Attempted,
LR,FGSM_eps0.75,5945,5141,0.9233612137716397,0.9184188393608074,FGSM,0.75,1,Infiltration - NMAP Portscan,
LR,FGSM_eps0.75,5952,5952,0.0,0.0,FGSM,0.75,1,SSH-BruteForce,
LR,FGSM_eps0.75,23,0,,0.9565217391304348,FGSM,0.75,1,Web Attack - Brute Force,
LR,FGSM_eps0.75,24,1,1.0,0.9583333333333334,FGSM,0.75,1,Web Attack - Brute Force - Attempted,
LR,FGSM_eps0.75,8,0,,0.875,FGSM,0.75,1,Web Attack - SQL,
LR,FGSM_eps0.75,2,1,1.0,1.0,FGSM,0.75,1,Web Attack - SQL - Attempted,
LR,FGSM_eps0.75,22,0,,1.0,FGSM,0.75,1,Web Attack - XSS,
LR,FGSM_eps0.75,1,0,,0.0,FGSM,0.75,1,Web Attack - XSS - Attempted,
SVM,FGSM_eps0.75,60000,0,,,FGSM,0.75,1,Benign,
SVM,FGSM_eps0.75,5944,5941,0.9957919542164618,0.9957940780619112,FGSM,0.75,1,Botnet Ares,
SVM,FGSM_eps0.75,51,51,1.0,1.0,FGSM,0.75,1,Botnet Ares - Attempted,
SVM,FGSM_eps0.75,6072,6072,1.0,1.0,FGSM,0.75,1,DDoS-HOIC,
SVM,FGSM_eps0.75,6058,0,,1.0,FGSM,0.75,1,DDoS-LOIC-HTTP,
SVM,FGSM_eps0.75,526,505,0.007920792079207921,0.039923954372623575,FGSM,0.75,1,DDoS-LOIC-UDP,
SVM,FGSM_eps0.75,59,0,,0.864406779661017,FGSM,0.75,1,DDoS-LOIC-UDP - Attempted,
SVM,FGSM_eps0.75,4496,4496,1.0,1.0,FGSM,0.75,1,DoS GoldenEye,
SVM,FGSM_eps0.75,873,873,1.0,1.0,FGSM,0.75,1,DoS GoldenEye - Attempted,
SVM,FGSM_eps0.75,6080,6080,1.0,1.0,FGSM,0.75,1,DoS Hulk,
SVM,FGSM_eps0.75,17,17,1.0,1.0,FGSM,0.75,1,DoS Hulk - Attempted,
SVM,FGSM_eps0.75,1774,1718,1.0,1.0,FGSM,0.75,1,DoS Slowloris,
SVM,FGSM_eps0.75,451,440,1.0,1.0,FGSM,0.75,1,DoS Slowloris - Attempted,
SVM,FGSM_eps0.75,5862,5862,1.0,1.0,FGSM,0.75,1,FTP-BruteForce - Attempted,
SVM,FGSM_eps0.75,40,40,0.95,0.95,FGSM,0.75,1,Infiltration - Communication Victim Attacker,
SVM,FGSM_eps0.75,15,0,,0.06666666666666667,FGSM,0.75,1,Infiltration - Dropbox Download,
SVM,FGSM_eps0.75,8,0,,0.125,FGSM,0.75,1,Infiltration - Dropbox Download - Attempted,
SVM,FGSM_eps0.75,5945,4785,0.9751306165099268,0.9621530698065601,FGSM,0.75,1,Infiltration - NMAP Portscan,
SVM,FGSM_eps0.75,5952,5952,1.0,1.0,FGSM,0.75,1,SSH-BruteForce,
SVM,FGSM_eps0.75,23,0,,0.9565217391304348,FGSM,0.75,1,Web Attack - Brute Force,
SVM,FGSM_eps0.75,24,1,1.0,0.9583333333333334,FGSM,0.75,1,Web Attack - Brute Force - Attempted,
SVM,FGSM_eps0.75,8,0,,0.875,FGSM,0.75,1,Web Attack - SQL,
SVM,FGSM_eps0.75,2,0,,1.0,FGSM,0.75,1,Web Attack - SQL - Attempted,
SVM,FGSM_eps0.75,22,0,,1.0,FGSM,0.75,1,Web Attack - XSS,
SVM,FGSM_eps0.75,1,0,,0.0,FGSM,0.75,1,Web Attack - XSS - Attempted,
RF,FGSM_eps0.75,60000,0,,,FGSM,0.75,1,Benign,
RF,FGSM_eps0.75,5944,5944,1.0,1.0,FGSM,0.75,1,Botnet Ares,
RF,FGSM_eps0.75,51,51,1.0,1.0,FGSM,0.75,1,Botnet Ares - Attempted,
RF,FGSM_eps0.75,6072,6072,1.0,1.0,FGSM,0.75,1,DDoS-HOIC,
RF,FGSM_eps0.75,6058,6058,1.0,1.0,FGSM,0.75,1,DDoS-LOIC-HTTP,
RF,FGSM_eps0.75,526,526,0.053231939163498096,0.053231939163498096,FGSM,0.75,1,DDoS-LOIC-UDP,
RF,FGSM_eps0.75,59,58,1.0,1.0,FGSM,0.75,1,DDoS-LOIC-UDP - Attempted,
RF,FGSM_eps0.75,4496,4496,1.0,1.0,FGSM,0.75,1,DoS GoldenEye,
RF,FGSM_eps0.75,873,873,1.0,1.0,FGSM,0.75,1,DoS GoldenEye - Attempted,
RF,FGSM_eps0.75,6080,6080,1.0,1.0,FGSM,0.75,1,DoS Hulk,
RF,FGSM_eps0.75,17,17,1.0,1.0,FGSM,0.75,1,DoS Hulk - Attempted,
RF,FGSM_eps0.75,1774,1774,1.0,1.0,FGSM,0.75,1,DoS Slowloris,
RF,FGSM_eps0.75,451,451,1.0,1.0,FGSM,0.75,1,DoS Slowloris - Attempted,
RF,FGSM_eps0.75,5862,5862,1.0,1.0,FGSM,0.75,1,FTP-BruteForce - Attempted,
RF,FGSM_eps0.75,40,40,0.95,0.95,FGSM,0.75,1,Infiltration - Communication Victim Attacker,
RF,FGSM_eps0.75,15,8,0.75,0.8666666666666667,FGSM,0.75,1,Infiltration - Dropbox Download,
RF,FGSM_eps0.75,8,1,1.0,1.0,FGSM,0.75,1,Infiltration - Dropbox Download - Attempted,
RF,FGSM_eps0.75,5945,5940,0.9998316498316498,0.9998317914213625,FGSM,0.75,1,Infiltration - NMAP Portscan,
RF,FGSM_eps0.75,5952,5952,1.0,1.0,FGSM,0.75,1,SSH-BruteForce,
RF,FGSM_eps0.75,23,22,1.0,1.0,FGSM,0.75,1,Web Attack - Brute Force,
RF,FGSM_eps0.75,24,23,1.0,1.0,FGSM,0.75,1,Web Attack - Brute Force - Attempted,
RF,FGSM_eps0.75,8,6,1.0,1.0,FGSM,0.75,1,Web Attack - SQL,
RF,FGSM_eps0.75,2,2,1.0,1.0,FGSM,0.75,1,Web Attack - SQL - Attempted,
RF,FGSM_eps0.75,22,22,1.0,1.0,FGSM,0.75,1,Web Attack - XSS,
RF,FGSM_eps0.75,1,1,1.0,1.0,FGSM,0.75,1,Web Attack - XSS - Attempted,
MLP,FGSM_eps0.75,60000,0,,,FGSM,0.75,1,Benign,
MLP,FGSM_eps0.75,5944,5944,0.9996635262449529,0.9996635262449529,FGSM,0.75,1,Botnet Ares,
MLP,FGSM_eps0.75,51,51,1.0,1.0,FGSM,0.75,1,Botnet Ares - Attempted,
MLP,FGSM_eps0.75,6072,6072,1.0,1.0,FGSM,0.75,1,DDoS-HOIC,
MLP,FGSM_eps0.75,6058,6058,1.0,1.0,FGSM,0.75,1,DDoS-LOIC-HTTP,
MLP,FGSM_eps0.75,526,522,0.0421455938697318,0.04182509505703422,FGSM,0.75,1,DDoS-LOIC-UDP,
MLP,FGSM_eps0.75,59,51,1.0,0.864406779661017,FGSM,0.75,1,DDoS-LOIC-UDP - Attempted,
MLP,FGSM_eps0.75,4496,4496,1.0,1.0,FGSM,0.75,1,DoS GoldenEye,
MLP,FGSM_eps0.75,873,873,1.0,1.0,FGSM,0.75,1,DoS GoldenEye - Attempted,
MLP,FGSM_eps0.75,6080,6080,1.0,1.0,FGSM,0.75,1,DoS Hulk,
MLP,FGSM_eps0.75,17,17,1.0,1.0,FGSM,0.75,1,DoS Hulk - Attempted,
MLP,FGSM_eps0.75,1774,1774,1.0,1.0,FGSM,0.75,1,DoS Slowloris,
MLP,FGSM_eps0.75,451,451,1.0,1.0,FGSM,0.75,1,DoS Slowloris - Attempted,
MLP,FGSM_eps0.75,5862,5862,1.0,1.0,FGSM,0.75,1,FTP-BruteForce - Attempted,
MLP,FGSM_eps0.75,40,37,1.0,0.95,FGSM,0.75,1,Infiltration - Communication Victim Attacker,
MLP,FGSM_eps0.75,15,0,,0.13333333333333333,FGSM,0.75,1,Infiltration - Dropbox Download,
MLP,FGSM_eps0.75,8,0,,0.5,FGSM,0.75,1,Infiltration - Dropbox Download - Attempted,
MLP,FGSM_eps0.75,5945,5825,0.9998283261802575,0.9796467619848612,FGSM,0.75,1,Infiltration - NMAP Portscan,
MLP,FGSM_eps0.75,5952,5952,1.0,1.0,FGSM,0.75,1,SSH-BruteForce,
MLP,FGSM_eps0.75,23,22,1.0,0.9565217391304348,FGSM,0.75,1,Web Attack - Brute Force,
MLP,FGSM_eps0.75,24,23,1.0,0.9583333333333334,FGSM,0.75,1,Web Attack - Brute Force - Attempted,
MLP,FGSM_eps0.75,8,7,1.0,0.875,FGSM,0.75,1,Web Attack - SQL,
MLP,FGSM_eps0.75,2,2,1.0,1.0,FGSM,0.75,1,Web Attack - SQL - Attempted,
MLP,FGSM_eps0.75,22,22,1.0,1.0,FGSM,0.75,1,Web Attack - XSS,
MLP,FGSM_eps0.75,1,0,,0.0,FGSM,0.75,1,Web Attack - XSS - Attempted,
LR,PGD_eps0.15_it10,60000,0,,,PGD,0.15,10,Benign,
LR,PGD_eps0.15_it10,5944,5940,0.006397306397306397,0.0070659488559892325,PGD,0.15,10,Botnet Ares,
LR,PGD_eps0.15_it10,51,51,0.0196078431372549,0.0196078431372549,PGD,0.15,10,Botnet Ares - Attempted,
LR,PGD_eps0.15_it10,6072,6072,0.0,0.0,PGD,0.15,10,DDoS-HOIC,
LR,PGD_eps0.15_it10,6058,0,,1.0,PGD,0.15,10,DDoS-LOIC-HTTP,
LR,PGD_eps0.15_it10,526,505,0.0019801980198019802,0.04182509505703422,PGD,0.15,10,DDoS-LOIC-UDP,
LR,PGD_eps0.15_it10,59,0,,1.0,PGD,0.15,10,DDoS-LOIC-UDP - Attempted,
LR,PGD_eps0.15_it10,4496,4496,0.0,0.0,PGD,0.15,10,DoS GoldenEye,
LR,PGD_eps0.15_it10,873,873,0.0,0.0,PGD,0.15,10,DoS GoldenEye - Attempted,
LR,PGD_eps0.15_it10,6080,6080,0.0029605263157894738,0.0029605263157894738,PGD,0.15,10,DoS Hulk,
LR,PGD_eps0.15_it10,17,17,0.23529411764705882,0.23529411764705882,PGD,0.15,10,DoS Hulk - Attempted,
LR,PGD_eps0.15_it10,1774,1718,0.3178114086146682,0.33934611048478014,PGD,0.15,10,DoS Slowloris,
LR,PGD_eps0.15_it10,451,440,0.875,0.8780487804878049,PGD,0.15,10,DoS Slowloris - Attempted,
LR,PGD_eps0.15_it10,5862,5862,0.0,0.0,PGD,0.15,10,FTP-BruteForce - Attempted,
LR,PGD_eps0.15_it10,40,38,0.6578947368421053,0.625,PGD,0.15,10,Infiltration - Communication Victim Attacker,
LR,PGD_eps0.15_it10,15,0,,0.4666666666666667,PGD,0.15,10,Infiltration - Dropbox Download,
LR,PGD_eps0.15_it10,8,0,,0.75,PGD,0.15,10,Infiltration - Dropbox Download - Attempted,
LR,PGD_eps0.15_it10,5945,5141,0.2820462944952344,0.37056349873843564,PGD,0.15,10,Infiltration - NMAP Portscan,
LR,PGD_eps0.15_it10,5952,5952,0.11878360215053764,0.11878360215053764,PGD,0.15,10,SSH-BruteForce,
LR,PGD_eps0.15_it10,23,0,,1.0,PGD,0.15,10,Web Attack - Brute Force,
LR,PGD_eps0.15_it10,24,1,1.0,0.9583333333333334,PGD,0.15,10,Web Attack - Brute Force - Attempted,
LR,PGD_eps0.15_it10,8,0,,0.875,PGD,0.15,10,Web Attack - SQL,
LR,PGD_eps0.15_it10,2,1,1.0,1.0,PGD,0.15,10,Web Attack - SQL - Attempted,
LR,PGD_eps0.15_it10,22,0,,1.0,PGD,0.15,10,Web Attack - XSS,
LR,PGD_eps0.15_it10,1,0,,0.0,PGD,0.15,10,Web Attack - XSS - Attempted,
SVM,PGD_eps0.15_it10,60000,0,,,PGD,0.15,10,Benign,
SVM,PGD_eps0.15_it10,5944,5941,0.9956236323851203,0.9956258411843876,PGD,0.15,10,Botnet Ares,
SVM,PGD_eps0.15_it10,51,51,0.0196078431372549,0.0196078431372549,PGD,0.15,10,Botnet Ares - Attempted,
SVM,PGD_eps0.15_it10,6072,6072,0.001152832674571805,0.001152832674571805,PGD,0.15,10,DDoS-HOIC,
SVM,PGD_eps0.15_it10,6058,0,,1.0,PGD,0.15,10,DDoS-LOIC-HTTP,
SVM,PGD_eps0.15_it10,526,505,0.0,0.039923954372623575,PGD,0.15,10,DDoS-LOIC-UDP,
SVM,PGD_eps0.15_it10,59,0,,1.0,PGD,0.15,10,DDoS-LOIC-UDP - Attempted,
SVM,PGD_eps0.15_it10,4496,4496,0.11943950177935943,0.11943950177935943,PGD,0.15,10,DoS GoldenEye,
SVM,PGD_eps0.15_it10,873,873,0.0,0.0,PGD,0.15,10,DoS GoldenEye - Attempted,
SVM,PGD_eps0.15_it10,6080,6080,0.0029605263157894738,0.0029605263157894738,PGD,0.15,10,DoS Hulk,
SVM,PGD_eps0.15_it10,17,17,0.9411764705882353,0.9411764705882353,PGD,0.15,10,DoS Hulk - Attempted,
SVM,PGD_eps0.15_it10,1774,1718,0.320139697322468,0.3416009019165727,PGD,0.15,10,DoS Slowloris,
SVM,PGD_eps0.15_it10,451,440,0.875,0.8780487804878049,PGD,0.15,10,DoS Slowloris - Attempted,
SVM,PGD_eps0.15_it10,5862,5862,0.0,0.0,PGD,0.15,10,FTP-BruteForce - Attempted,
SVM,PGD_eps0.15_it10,40,40,0.075,0.075,PGD,0.15,10,Infiltration - Communication Victim Attacker,
SVM,PGD_eps0.15_it10,15,0,,0.06666666666666667,PGD,0.15,10,Infiltration - Dropbox Download,
SVM,PGD_eps0.15_it10,8,0,,0.5,PGD,0.15,10,Infiltration - Dropbox Download - Attempted,
SVM,PGD_eps0.15_it10,5945,4785,0.335632183908046,0.456686291000841,PGD,0.15,10,Infiltration - NMAP Portscan,
SVM,PGD_eps0.15_it10,5952,5952,0.7960349462365591,0.7960349462365591,PGD,0.15,10,SSH-BruteForce,
SVM,PGD_eps0.15_it10,23,0,,1.0,PGD,0.15,10,Web Attack - Brute Force,
SVM,PGD_eps0.15_it10,24,1,1.0,0.9583333333333334,PGD,0.15,10,Web Attack - Brute Force - Attempted,
SVM,PGD_eps0.15_it10,8,0,,0.875,PGD,0.15,10,Web Attack - SQL,
SVM,PGD_eps0.15_it10,2,0,,1.0,PGD,0.15,10,Web Attack - SQL - Attempted,
SVM,PGD_eps0.15_it10,22,0,,1.0,PGD,0.15,10,Web Attack - XSS,
SVM,PGD_eps0.15_it10,1,0,,0.0,PGD,0.15,10,Web Attack - XSS - Attempted,
RF,PGD_eps0.15_it10,60000,0,,,PGD,0.15,10,Benign,
RF,PGD_eps0.15_it10,5944,5944,1.0,1.0,PGD,0.15,10,Botnet Ares,
RF,PGD_eps0.15_it10,51,51,1.0,1.0,PGD,0.15,10,Botnet Ares - Attempted,
RF,PGD_eps0.15_it10,6072,6072,1.0,1.0,PGD,0.15,10,DDoS-HOIC,
RF,PGD_eps0.15_it10,6058,6058,1.0,1.0,PGD,0.15,10,DDoS-LOIC-HTTP,
RF,PGD_eps0.15_it10,526,526,0.045627376425855515,0.045627376425855515,PGD,0.15,10,DDoS-LOIC-UDP,
RF,PGD_eps0.15_it10,59,58,0.8793103448275862,0.864406779661017,PGD,0.15,10,DDoS-LOIC-UDP - Attempted,
RF,PGD_eps0.15_it10,4496,4496,0.9108096085409253,0.9108096085409253,PGD,0.15,10,DoS GoldenEye,
RF,PGD_eps0.15_it10,873,873,1.0,1.0,PGD,0.15,10,DoS GoldenEye - Attempted,
RF,PGD_eps0.15_it10,6080,6080,1.0,1.0,PGD,0.15,10,DoS Hulk,
RF,PGD_eps0.15_it10,17,17,1.0,1.0,PGD,0.15,10,DoS Hulk - Attempted,
RF,PGD_eps0.15_it10,1774,1774,0.9554678692220969,0.9554678692220969,PGD,0.15,10,DoS Slowloris,
RF,PGD_eps0.15_it10,451,451,1.0,1.0,PGD,0.15,10,DoS Slowloris - Attempted,
RF,PGD_eps0.15_it10,5862,5862,1.0,1.0,PGD,0.15,10,FTP-BruteForce - Attempted,
RF,PGD_eps0.15_it10,40,40,0.925,0.925,PGD,0.15,10,Infiltration - Communication Victim Attacker,
RF,PGD_eps0.15_it10,15,8,1.0,1.0,PGD,0.15,10,Infiltration - Dropbox Download,
RF,PGD_eps0.15_it10,8,1,1.0,1.0,PGD,0.15,10,Infiltration - Dropbox Download - Attempted,
RF,PGD_eps0.15_it10,5945,5940,0.598989898989899,0.5991589571068124,PGD,0.15,10,Infiltration - NMAP Portscan,
RF,PGD_eps0.15_it10,5952,5952,1.0,1.0,PGD,0.15,10,SSH-BruteForce,
RF,PGD_eps0.15_it10,23,22,1.0,1.0,PGD,0.15,10,Web Attack - Brute Force,
RF,PGD_eps0.15_it10,24,23,1.0,1.0,PGD,0.15,10,Web Attack - Brute Force - Attempted,
RF,PGD_eps0.15_it10,8,6,1.0,1.0,PGD,0.15,10,Web Attack - SQL,
RF,PGD_eps0.15_it10,2,2,1.0,1.0,PGD,0.15,10,Web Attack - SQL - Attempted,
RF,PGD_eps0.15_it10,22,22,1.0,1.0,PGD,0.15,10,Web Attack - XSS,
RF,PGD_eps0.15_it10,1,1,1.0,1.0,PGD,0.15,10,Web Attack - XSS - Attempted,
MLP,PGD_eps0.15_it10,60000,0,,,PGD,0.15,10,Benign,
MLP,PGD_eps0.15_it10,5944,5944,0.9949528936742934,0.9949528936742934,PGD,0.15,10,Botnet Ares,
MLP,PGD_eps0.15_it10,51,51,1.0,1.0,PGD,0.15,10,Botnet Ares - Attempted,
MLP,PGD_eps0.15_it10,6072,6072,1.0,1.0,PGD,0.15,10,DDoS-HOIC,
MLP,PGD_eps0.15_it10,6058,6058,1.0,1.0,PGD,0.15,10,DDoS-LOIC-HTTP,
MLP,PGD_eps0.15_it10,526,522,0.032567049808429116,0.03231939163498099,PGD,0.15,10,DDoS-LOIC-UDP,
MLP,PGD_eps0.15_it10,59,51,1.0,0.864406779661017,PGD,0.15,10,DDoS-LOIC-UDP - Attempted,
MLP,PGD_eps0.15_it10,4496,4496,0.9919928825622776,0.9919928825622776,PGD,0.15,10,DoS GoldenEye,
MLP,PGD_eps0.15_it10,873,873,0.9988545246277205,0.9988545246277205,PGD,0.15,10,DoS GoldenEye - Attempted,
MLP,PGD_eps0.15_it10,6080,6080,1.0,1.0,PGD,0.15,10,DoS Hulk,
MLP,PGD_eps0.15_it10,17,17,1.0,1.0,PGD,0.15,10,DoS Hulk - Attempted,
MLP,PGD_eps0.15_it10,1774,1774,1.0,1.0,PGD,0.15,10,DoS Slowloris,
MLP,PGD_eps0.15_it10,451,451,1.0,1.0,PGD,0.15,10,DoS Slowloris - Attempted,
MLP,PGD_eps0.15_it10,5862,5862,0.783179802115319,0.783179802115319,PGD,0.15,10,FTP-BruteForce - Attempted,
MLP,PGD_eps0.15_it10,40,37,0.08108108108108109,0.1,PGD,0.15,10,Infiltration - Communication Victim Attacker,
MLP,PGD_eps0.15_it10,15,0,,0.13333333333333333,PGD,0.15,10,Infiltration - Dropbox Download,
MLP,PGD_eps0.15_it10,8,0,,0.625,PGD,0.15,10,Infiltration - Dropbox Download - Attempted,
MLP,PGD_eps0.15_it10,5945,5825,0.9622317596566523,0.9431455004205215,PGD,0.15,10,Infiltration - NMAP Portscan,
MLP,PGD_eps0.15_it10,5952,5952,1.0,1.0,PGD,0.15,10,SSH-BruteForce,
MLP,PGD_eps0.15_it10,23,22,1.0,0.9565217391304348,PGD,0.15,10,Web Attack - Brute Force,
MLP,PGD_eps0.15_it10,24,23,1.0,0.9583333333333334,PGD,0.15,10,Web Attack - Brute Force - Attempted,
MLP,PGD_eps0.15_it10,8,7,1.0,0.875,PGD,0.15,10,Web Attack - SQL,
MLP,PGD_eps0.15_it10,2,2,1.0,1.0,PGD,0.15,10,Web Attack - SQL - Attempted,
MLP,PGD_eps0.15_it10,22,22,1.0,1.0,PGD,0.15,10,Web Attack - XSS,
MLP,PGD_eps0.15_it10,1,0,,0.0,PGD,0.15,10,Web Attack - XSS - Attempted,
LR,PGD_eps0.15_it25,60000,0,,,PGD,0.15,25,Benign,
LR,PGD_eps0.15_it25,5944,5940,0.006397306397306397,0.0070659488559892325,PGD,0.15,25,Botnet Ares,
LR,PGD_eps0.15_it25,51,51,0.0196078431372549,0.0196078431372549,PGD,0.15,25,Botnet Ares - Attempted,
LR,PGD_eps0.15_it25,6072,6072,0.0,0.0,PGD,0.15,25,DDoS-HOIC,
LR,PGD_eps0.15_it25,6058,0,,1.0,PGD,0.15,25,DDoS-LOIC-HTTP,
LR,PGD_eps0.15_it25,526,505,0.0019801980198019802,0.04182509505703422,PGD,0.15,25,DDoS-LOIC-UDP,
LR,PGD_eps0.15_it25,59,0,,1.0,PGD,0.15,25,DDoS-LOIC-UDP - Attempted,
LR,PGD_eps0.15_it25,4496,4496,0.0,0.0,PGD,0.15,25,DoS GoldenEye,
LR,PGD_eps0.15_it25,873,873,0.0,0.0,PGD,0.15,25,DoS GoldenEye - Attempted,
LR,PGD_eps0.15_it25,6080,6080,0.0029605263157894738,0.0029605263157894738,PGD,0.15,25,DoS Hulk,
LR,PGD_eps0.15_it25,17,17,0.23529411764705882,0.23529411764705882,PGD,0.15,25,DoS Hulk - Attempted,
LR,PGD_eps0.15_it25,1774,1718,0.3178114086146682,0.33934611048478014,PGD,0.15,25,DoS Slowloris,
LR,PGD_eps0.15_it25,451,440,0.875,0.8780487804878049,PGD,0.15,25,DoS Slowloris - Attempted,
LR,PGD_eps0.15_it25,5862,5862,0.0,0.0,PGD,0.15,25,FTP-BruteForce - Attempted,
LR,PGD_eps0.15_it25,40,38,0.6052631578947368,0.575,PGD,0.15,25,Infiltration - Communication Victim Attacker,
LR,PGD_eps0.15_it25,15,0,,0.4666666666666667,PGD,0.15,25,Infiltration - Dropbox Download,
LR,PGD_eps0.15_it25,8,0,,0.75,PGD,0.15,25,Infiltration - Dropbox Download - Attempted,
LR,PGD_eps0.15_it25,5945,5141,0.26492900213966153,0.35576114381833474,PGD,0.15,25,Infiltration - NMAP Portscan,
LR,PGD_eps0.15_it25,5952,5952,0.7394153225806451,0.7394153225806451,PGD,0.15,25,SSH-BruteForce,
LR,PGD_eps0.15_it25,23,0,,1.0,PGD,0.15,25,Web Attack - Brute Force,
LR,PGD_eps0.15_it25,24,1,1.0,0.9583333333333334,PGD,0.15,25,Web Attack - Brute Force - Attempted,
LR,PGD_eps0.15_it25,8,0,,0.875,PGD,0.15,25,Web Attack - SQL,
LR,PGD_eps0.15_it25,2,1,1.0,1.0,PGD,0.15,25,Web Attack - SQL - Attempted,
LR,PGD_eps0.15_it25,22,0,,1.0,PGD,0.15,25,Web Attack - XSS,
LR,PGD_eps0.15_it25,1,0,,0.0,PGD,0.15,25,Web Attack - XSS - Attempted,
SVM,PGD_eps0.15_it25,60000,0,,,PGD,0.15,25,Benign,
SVM,PGD_eps0.15_it25,5944,5941,0.9956236323851203,0.9956258411843876,PGD,0.15,25,Botnet Ares,
SVM,PGD_eps0.15_it25,51,51,0.0196078431372549,0.0196078431372549,PGD,0.15,25,Botnet Ares - Attempted,
SVM,PGD_eps0.15_it25,6072,6072,0.0,0.0,PGD,0.15,25,DDoS-HOIC,
SVM,PGD_eps0.15_it25,6058,0,,1.0,PGD,0.15,25,DDoS-LOIC-HTTP,
SVM,PGD_eps0.15_it25,526,505,0.0,0.039923954372623575,PGD,0.15,25,DDoS-LOIC-UDP,
SVM,PGD_eps0.15_it25,59,0,,1.0,PGD,0.15,25,DDoS-LOIC-UDP - Attempted,
SVM,PGD_eps0.15_it25,4496,4496,0.050711743772241996,0.050711743772241996,PGD,0.15,25,DoS GoldenEye,
SVM,PGD_eps0.15_it25,873,873,0.0,0.0,PGD,0.15,25,DoS GoldenEye - Attempted,
SVM,PGD_eps0.15_it25,6080,6080,0.0029605263157894738,0.0029605263157894738,PGD,0.15,25,DoS Hulk,
SVM,PGD_eps0.15_it25,17,17,0.8823529411764706,0.8823529411764706,PGD,0.15,25,DoS Hulk - Attempted,
SVM,PGD_eps0.15_it25,1774,1718,0.320139697322468,0.3416009019165727,PGD,0.15,25,DoS Slowloris,
SVM,PGD_eps0.15_it25,451,440,0.875,0.8780487804878049,PGD,0.15,25,DoS Slowloris - Attempted,
SVM,PGD_eps0.15_it25,5862,5862,0.0,0.0,PGD,0.15,25,FTP-BruteForce - Attempted,
SVM,PGD_eps0.15_it25,40,40,0.075,0.075,PGD,0.15,25,Infiltration - Communication Victim Attacker,
SVM,PGD_eps0.15_it25,15,0,,0.06666666666666667,PGD,0.15,25,Infiltration - Dropbox Download,
SVM,PGD_eps0.15_it25,8,0,,0.5,PGD,0.15,25,Infiltration - Dropbox Download - Attempted,
SVM,PGD_eps0.15_it25,5945,4785,0.3258098223615465,0.44878048780487806,PGD,0.15,25,Infiltration - NMAP Portscan,
SVM,PGD_eps0.15_it25,5952,5952,0.7394153225806451,0.7394153225806451,PGD,0.15,25,SSH-BruteForce,
SVM,PGD_eps0.15_it25,23,0,,0.9565217391304348,PGD,0.15,25,Web Attack - Brute Force,
SVM,PGD_eps0.15_it25,24,1,1.0,0.9583333333333334,PGD,0.15,25,Web Attack - Brute Force - Attempted,
SVM,PGD_eps0.15_it25,8,0,,0.875,PGD,0.15,25,Web Attack - SQL,
SVM,PGD_eps0.15_it25,2,0,,1.0,PGD,0.15,25,Web Attack - SQL - Attempted,
SVM,PGD_eps0.15_it25,22,0,,1.0,PGD,0.15,25,Web Attack - XSS,
SVM,PGD_eps0.15_it25,1,0,,0.0,PGD,0.15,25,Web Attack - XSS - Attempted,
RF,PGD_eps0.15_it25,60000,0,,,PGD,0.15,25,Benign,
RF,PGD_eps0.15_it25,5944,5944,1.0,1.0,PGD,0.15,25,Botnet Ares,
RF,PGD_eps0.15_it25,51,51,1.0,1.0,PGD,0.15,25,Botnet Ares - Attempted,
RF,PGD_eps0.15_it25,6072,6072,1.0,1.0,PGD,0.15,25,DDoS-HOIC,
RF,PGD_eps0.15_it25,6058,6058,1.0,1.0,PGD,0.15,25,DDoS-LOIC-HTTP,
RF,PGD_eps0.15_it25,526,526,0.053231939163498096,0.053231939163498096,PGD,0.15,25,DDoS-LOIC-UDP,
RF,PGD_eps0.15_it25,59,58,0.8793103448275862,0.864406779661017,PGD,0.15,25,DDoS-LOIC-UDP - Attempted,
RF,PGD_eps0.15_it25,4496,4496,1.0,1.0,PGD,0.15,25,DoS GoldenEye,
RF,PGD_eps0.15_it25,873,873,1.0,1.0,PGD,0.15,25,DoS GoldenEye - Attempted,
RF,PGD_eps0.15_it25,6080,6080,1.0,1.0,PGD,0.15,25,DoS Hulk,
RF,PGD_eps0.15_it25,17,17,1.0,1.0,PGD,0.15,25,DoS Hulk - Attempted,
RF,PGD_eps0.15_it25,1774,1774,0.6459977452085682,0.6459977452085682,PGD,0.15,25,DoS Slowloris,
RF,PGD_eps0.15_it25,451,451,1.0,1.0,PGD,0.15,25,DoS Slowloris - Attempted,
RF,PGD_eps0.15_it25,5862,5862,1.0,1.0,PGD,0.15,25,FTP-BruteForce - Attempted,
RF,PGD_eps0.15_it25,40,40,0.95,0.95,PGD,0.15,25,Infiltration - Communication Victim Attacker,
RF,PGD_eps0.15_it25,15,8,1.0,1.0,PGD,0.15,25,Infiltration - Dropbox Download,
RF,PGD_eps0.15_it25,8,1,1.0,1.0,PGD,0.15,25,Infiltration - Dropbox Download - Attempted,
RF,PGD_eps0.15_it25,5945,5940,0.5949494949494949,0.5952901597981497,PGD,0.15,25,Infiltration - NMAP Portscan,
RF,PGD_eps0.15_it25,5952,5952,1.0,1.0,PGD,0.15,25,SSH-BruteForce,
RF,PGD_eps0.15_it25,23,22,1.0,1.0,PGD,0.15,25,Web Attack - Brute Force,
RF,PGD_eps0.15_it25,24,23,1.0,1.0,PGD,0.15,25,Web Attack - Brute Force - Attempted,
RF,PGD_eps0.15_it25,8,6,1.0,1.0,PGD,0.15,25,Web Attack - SQL,
RF,PGD_eps0.15_it25,2,2,1.0,1.0,PGD,0.15,25,Web Attack - SQL - Attempted,
RF,PGD_eps0.15_it25,22,22,1.0,1.0,PGD,0.15,25,Web Attack - XSS,
RF,PGD_eps0.15_it25,1,1,1.0,1.0,PGD,0.15,25,Web Attack - XSS - Attempted,
MLP,PGD_eps0.15_it25,60000,0,,,PGD,0.15,25,Benign,
MLP,PGD_eps0.15_it25,5944,5944,0.9949528936742934,0.9949528936742934,PGD,0.15,25,Botnet Ares,
MLP,PGD_eps0.15_it25,51,51,1.0,1.0,PGD,0.15,25,Botnet Ares - Attempted,
MLP,PGD_eps0.15_it25,6072,6072,1.0,1.0,PGD,0.15,25,DDoS-HOIC,
MLP,PGD_eps0.15_it25,6058,6058,1.0,1.0,PGD,0.15,25,DDoS-LOIC-HTTP,
MLP,PGD_eps0.15_it25,526,522,0.032567049808429116,0.03231939163498099,PGD,0.15,25,DDoS-LOIC-UDP,
MLP,PGD_eps0.15_it25,59,51,1.0,0.864406779661017,PGD,0.15,25,DDoS-LOIC-UDP - Attempted,
MLP,PGD_eps0.15_it25,4496,4496,0.9919928825622776,0.9919928825622776,PGD,0.15,25,DoS GoldenEye,
MLP,PGD_eps0.15_it25,873,873,0.9988545246277205,0.9988545246277205,PGD,0.15,25,DoS GoldenEye - Attempted,
MLP,PGD_eps0.15_it25,6080,6080,1.0,1.0,PGD,0.15,25,DoS Hulk,
MLP,PGD_eps0.15_it25,17,17,1.0,1.0,PGD,0.15,25,DoS Hulk - Attempted,
MLP,PGD_eps0.15_it25,1774,1774,0.9994363021420518,0.9994363021420518,PGD,0.15,25,DoS Slowloris,
MLP,PGD_eps0.15_it25,451,451,1.0,1.0,PGD,0.15,25,DoS Slowloris - Attempted,
MLP,PGD_eps0.15_it25,5862,5862,0.783179802115319,0.783179802115319,PGD,0.15,25,FTP-BruteForce - Attempted,
MLP,PGD_eps0.15_it25,40,37,0.08108108108108109,0.1,PGD,0.15,25,Infiltration - Communication Victim Attacker,
MLP,PGD_eps0.15_it25,15,0,,0.13333333333333333,PGD,0.15,25,Infiltration - Dropbox Download,
MLP,PGD_eps0.15_it25,8,0,,0.625,PGD,0.15,25,Infiltration - Dropbox Download - Attempted,
MLP,PGD_eps0.15_it25,5945,5825,0.9467811158798283,0.9280067283431455,PGD,0.15,25,Infiltration - NMAP Portscan,
MLP,PGD_eps0.15_it25,5952,5952,1.0,1.0,PGD,0.15,25,SSH-BruteForce,
MLP,PGD_eps0.15_it25,23,22,1.0,0.9565217391304348,PGD,0.15,25,Web Attack - Brute Force,
MLP,PGD_eps0.15_it25,24,23,1.0,0.9583333333333334,PGD,0.15,25,Web Attack - Brute Force - Attempted,
MLP,PGD_eps0.15_it25,8,7,1.0,0.875,PGD,0.15,25,Web Attack - SQL,
MLP,PGD_eps0.15_it25,2,2,1.0,1.0,PGD,0.15,25,Web Attack - SQL - Attempted,
MLP,PGD_eps0.15_it25,22,22,1.0,1.0,PGD,0.15,25,Web Attack - XSS,
MLP,PGD_eps0.15_it25,1,0,,0.0,PGD,0.15,25,Web Attack - XSS - Attempted,
LR,PGD_eps0.3_it10,60000,0,,,PGD,0.3,10,Benign,
LR,PGD_eps0.3_it10,5944,5940,0.9956228956228956,0.9956258411843876,PGD,0.3,10,Botnet Ares,
LR,PGD_eps0.3_it10,51,51,0.0196078431372549,0.0196078431372549,PGD,0.3,10,Botnet Ares - Attempted,
LR,PGD_eps0.3_it10,6072,6072,0.0,0.0,PGD,0.3,10,DDoS-HOIC,
LR,PGD_eps0.3_it10,6058,0,,1.0,PGD,0.3,10,DDoS-LOIC-HTTP,
LR,PGD_eps0.3_it10,526,505,0.0019801980198019802,0.04182509505703422,PGD,0.3,10,DDoS-LOIC-UDP,
LR,PGD_eps0.3_it10,59,0,,1.0,PGD,0.3,10,DDoS-LOIC-UDP - Attempted,
LR,PGD_eps0.3_it10,4496,4496,0.29515124555160144,0.29515124555160144,PGD,0.3,10,DoS GoldenEye,
LR,PGD_eps0.3_it10,873,873,0.26689576174112256,0.26689576174112256,PGD,0.3,10,DoS GoldenEye - Attempted,
LR,PGD_eps0.3_it10,6080,6080,0.9452302631578947,0.9452302631578947,PGD,0.3,10,DoS Hulk,
LR,PGD_eps0.3_it10,17,17,1.0,1.0,PGD,0.3,10,DoS Hulk - Attempted,
LR,PGD_eps0.3_it10,1774,1718,0.18568102444703144,0.21138669673055244,PGD,0.3,10,DoS Slowloris,
LR,PGD_eps0.3_it10,451,440,1.0,1.0,PGD,0.3,10,DoS Slowloris - Attempted,
LR,PGD_eps0.3_it10,5862,5862,0.0,0.0,PGD,0.3,10,FTP-BruteForce - Attempted,
LR,PGD_eps0.3_it10,40,38,0.7105263157894737,0.675,PGD,0.3,10,Infiltration - Communication Victim Attacker,
LR,PGD_eps0.3_it10,15,0,,0.26666666666666666,PGD,0.3,10,Infiltration - Dropbox Download,
LR,PGD_eps0.3_it10,8,0,,0.625,PGD,0.3,10,Infiltration - Dropbox Download - Attempted,
LR,PGD_eps0.3_it10,5945,5141,0.3977825325812099,0.4701429772918419,PGD,0.3,10,Infiltration - NMAP Portscan,
LR,PGD_eps0.3_it10,5952,5952,1.0,1.0,PGD,0.3,10,SSH-BruteForce,
LR,PGD_eps0.3_it10,23,0,,1.0,PGD,0.3,10,Web Attack - Brute Force,
LR,PGD_eps0.3_it10,24,1,1.0,0.9583333333333334,PGD,0.3,10,Web Attack - Brute Force - Attempted,
LR,PGD_eps0.3_it10,8,0,,0.875,PGD,0.3,10,Web Attack - SQL,
LR,PGD_eps0.3_it10,2,1,1.0,1.0,PGD,0.3,10,Web Attack - SQL - Attempted,
LR,PGD_eps0.3_it10,22,0,,1.0,PGD,0.3,10,Web Attack - XSS,
LR,PGD_eps0.3_it10,1,0,,0.0,PGD,0.3,10,Web Attack - XSS - Attempted,
SVM,PGD_eps0.3_it10,60000,0,,,PGD,0.3,10,Benign,
SVM,PGD_eps0.3_it10,5944,5941,0.9956236323851203,0.9956258411843876,PGD,0.3,10,Botnet Ares,
SVM,PGD_eps0.3_it10,51,51,0.3137254901960784,0.3137254901960784,PGD,0.3,10,Botnet Ares - Attempted,
SVM,PGD_eps0.3_it10,6072,6072,1.0,1.0,PGD,0.3,10,DDoS-HOIC,
SVM,PGD_eps0.3_it10,6058,0,,1.0,PGD,0.3,10,DDoS-LOIC-HTTP,
SVM,PGD_eps0.3_it10,526,505,0.0,0.03231939163498099,PGD,0.3,10,DDoS-LOIC-UDP,
SVM,PGD_eps0.3_it10,59,0,,1.0,PGD,0.3,10,DDoS-LOIC-UDP - Attempted,
SVM,PGD_eps0.3_it10,4496,4496,0.8463078291814946,0.8463078291814946,PGD,0.3,10,DoS GoldenEye,
SVM,PGD_eps0.3_it10,873,873,0.9152348224513173,0.9152348224513173,PGD,0.3,10,DoS GoldenEye - Attempted,
SVM,PGD_eps0.3_it10,6080,6080,0.9963815789473685,0.9963815789473685,PGD,0.3,10,DoS Hulk,
SVM,PGD_eps0.3_it10,17,17,1.0,1.0,PGD,0.3,10,DoS Hulk - Attempted,
SVM,PGD_eps0.3_it10,1774,1718,0.9220023282887078,0.9244644870349493,PGD,0.3,10,DoS Slowloris,
SVM,PGD_eps0.3_it10,451,440,1.0,1.0,PGD,0.3,10,DoS Slowloris - Attempted,
SVM,PGD_eps0.3_it10,5862,5862,0.13561924257932445,0.13561924257932445,PGD,0.3,10,FTP-BruteForce - Attempted,
SVM,PGD_eps0.3_it10,40,40,0.675,0.675,PGD,0.3,10,Infiltration - Communication Victim Attacker,
SVM,PGD_eps0.3_it10,15,0,,0.06666666666666667,PGD,0.3,10,Infiltration - Dropbox Download,
SVM,PGD_eps0.3_it10,8,0,,0.25,PGD,0.3,10,Infiltration - Dropbox Download - Attempted,
SVM,PGD_eps0.3_it10,5945,4785,0.5757575757575758,0.6439024390243903,PGD,0.3,10,Infiltration - NMAP Portscan,
SVM,PGD_eps0.3_it10,5952,5952,1.0,1.0,PGD,0.3,10,SSH-BruteForce,
SVM,PGD_eps0.3_it10,23,0,,0.9565217391304348,PGD,0.3,10,Web Attack - Brute Force,
SVM,PGD_eps0.3_it10,24,1,1.0,0.9583333333333334,PGD,0.3,10,Web Attack - Brute Force - Attempted,
SVM,PGD_eps0.3_it10,8,0,,0.875,PGD,0.3,10,Web Attack - SQL,
SVM,PGD_eps0.3_it10,2,0,,1.0,PGD,0.3,10,Web Attack - SQL - Attempted,
SVM,PGD_eps0.3_it10,22,0,,1.0,PGD,0.3,10,Web Attack - XSS,
SVM,PGD_eps0.3_it10,1,0,,0.0,PGD,0.3,10,Web Attack - XSS - Attempted,
RF,PGD_eps0.3_it10,60000,0,,,PGD,0.3,10,Benign,
RF,PGD_eps0.3_it10,5944,5944,1.0,1.0,PGD,0.3,10,Botnet Ares,
RF,PGD_eps0.3_it10,51,51,1.0,1.0,PGD,0.3,10,Botnet Ares - Attempted,
RF,PGD_eps0.3_it10,6072,6072,1.0,1.0,PGD,0.3,10,DDoS-HOIC,
RF,PGD_eps0.3_it10,6058,6058,1.0,1.0,PGD,0.3,10,DDoS-LOIC-HTTP,
RF,PGD_eps0.3_it10,526,526,0.053231939163498096,0.053231939163498096,PGD,0.3,10,DDoS-LOIC-UDP,
RF,PGD_eps0.3_it10,59,58,0.8793103448275862,0.864406779661017,PGD,0.3,10,DDoS-LOIC-UDP - Attempted,
RF,PGD_eps0.3_it10,4496,4496,0.9995551601423488,0.9995551601423488,PGD,0.3,10,DoS GoldenEye,
RF,PGD_eps0.3_it10,873,873,1.0,1.0,PGD,0.3,10,DoS GoldenEye - Attempted,
RF,PGD_eps0.3_it10,6080,6080,0.9320723684210527,0.9320723684210527,PGD,0.3,10,DoS Hulk,
RF,PGD_eps0.3_it10,17,17,1.0,1.0,PGD,0.3,10,DoS Hulk - Attempted,
RF,PGD_eps0.3_it10,1774,1774,0.625140924464487,0.625140924464487,PGD,0.3,10,DoS Slowloris,
RF,PGD_eps0.3_it10,451,451,1.0,1.0,PGD,0.3,10,DoS Slowloris - Attempted,
RF,PGD_eps0.3_it10,5862,5862,1.0,1.0,PGD,0.3,10,FTP-BruteForce - Attempted,
RF,PGD_eps0.3_it10,40,40,0.975,0.975,PGD,0.3,10,Infiltration - Communication Victim Attacker,
RF,PGD_eps0.3_it10,15,8,1.0,1.0,PGD,0.3,10,Infiltration - Dropbox Download,
RF,PGD_eps0.3_it10,8,1,1.0,1.0,PGD,0.3,10,Infiltration - Dropbox Download - Attempted,
RF,PGD_eps0.3_it10,5945,5940,0.8898989898989899,0.8899915895710682,PGD,0.3,10,Infiltration - NMAP Portscan,
RF,PGD_eps0.3_it10,5952,5952,1.0,1.0,PGD,0.3,10,SSH-BruteForce,
RF,PGD_eps0.3_it10,23,22,1.0,1.0,PGD,0.3,10,Web Attack - Brute Force,
RF,PGD_eps0.3_it10,24,23,1.0,1.0,PGD,0.3,10,Web Attack - Brute Force - Attempted,
RF,PGD_eps0.3_it10,8,6,1.0,1.0,PGD,0.3,10,Web Attack - SQL,
RF,PGD_eps0.3_it10,2,2,1.0,1.0,PGD,0.3,10,Web Attack - SQL - Attempted,
RF,PGD_eps0.3_it10,22,22,1.0,1.0,PGD,0.3,10,Web Attack - XSS,
RF,PGD_eps0.3_it10,1,1,1.0,1.0,PGD,0.3,10,Web Attack - XSS - Attempted,
MLP,PGD_eps0.3_it10,60000,0,,,PGD,0.3,10,Benign,
MLP,PGD_eps0.3_it10,5944,5944,0.9949528936742934,0.9949528936742934,PGD,0.3,10,Botnet Ares,
MLP,PGD_eps0.3_it10,51,51,1.0,1.0,PGD,0.3,10,Botnet Ares - Attempted,
MLP,PGD_eps0.3_it10,6072,6072,1.0,1.0,PGD,0.3,10,DDoS-HOIC,
MLP,PGD_eps0.3_it10,6058,6058,1.0,1.0,PGD,0.3,10,DDoS-LOIC-HTTP,
MLP,PGD_eps0.3_it10,526,522,0.038314176245210725,0.03802281368821293,PGD,0.3,10,DDoS-LOIC-UDP,
MLP,PGD_eps0.3_it10,59,51,1.0,0.864406779661017,PGD,0.3,10,DDoS-LOIC-UDP - Attempted,
MLP,PGD_eps0.3_it10,4496,4496,1.0,1.0,PGD,0.3,10,DoS GoldenEye,
MLP,PGD_eps0.3_it10,873,873,1.0,1.0,PGD,0.3,10,DoS GoldenEye - Attempted,
MLP,PGD_eps0.3_it10,6080,6080,1.0,1.0,PGD,0.3,10,DoS Hulk,
MLP,PGD_eps0.3_it10,17,17,1.0,1.0,PGD,0.3,10,DoS Hulk - Attempted,
MLP,PGD_eps0.3_it10,1774,1774,1.0,1.0,PGD,0.3,10,DoS Slowloris,
MLP,PGD_eps0.3_it10,451,451,1.0,1.0,PGD,0.3,10,DoS Slowloris - Attempted,
MLP,PGD_eps0.3_it10,5862,5862,1.0,1.0,PGD,0.3,10,FTP-BruteForce - Attempted,
MLP,PGD_eps0.3_it10,40,37,0.8918918918918919,0.85,PGD,0.3,10,Infiltration - Communication Victim Attacker,
MLP,PGD_eps0.3_it10,15,0,,0.13333333333333333,PGD,0.3,10,Infiltration - Dropbox Download,
MLP,PGD_eps0.3_it10,8,0,,0.625,PGD,0.3,10,Infiltration - Dropbox Download - Attempted,
MLP,PGD_eps0.3_it10,5945,5825,0.983175965665236,0.9633305298570227,PGD,0.3,10,Infiltration - NMAP Portscan,
MLP,PGD_eps0.3_it10,5952,5952,1.0,1.0,PGD,0.3,10,SSH-BruteForce,
MLP,PGD_eps0.3_it10,23,22,1.0,0.9565217391304348,PGD,0.3,10,Web Attack - Brute Force,
MLP,PGD_eps0.3_it10,24,23,1.0,0.9583333333333334,PGD,0.3,10,Web Attack - Brute Force - Attempted,
MLP,PGD_eps0.3_it10,8,7,1.0,0.875,PGD,0.3,10,Web Attack - SQL,
MLP,PGD_eps0.3_it10,2,2,1.0,1.0,PGD,0.3,10,Web Attack - SQL - Attempted,
MLP,PGD_eps0.3_it10,22,22,1.0,1.0,PGD,0.3,10,Web Attack - XSS,
MLP,PGD_eps0.3_it10,1,0,,0.0,PGD,0.3,10,Web Attack - XSS - Attempted,
LR,PGD_eps0.3_it25,60000,0,,,PGD,0.3,25,Benign,
LR,PGD_eps0.3_it25,5944,5940,0.9956228956228956,0.9956258411843876,PGD,0.3,25,Botnet Ares,
LR,PGD_eps0.3_it25,51,51,0.0196078431372549,0.0196078431372549,PGD,0.3,25,Botnet Ares - Attempted,
LR,PGD_eps0.3_it25,6072,6072,0.0,0.0,PGD,0.3,25,DDoS-HOIC,
LR,PGD_eps0.3_it25,6058,0,,1.0,PGD,0.3,25,DDoS-LOIC-HTTP,
LR,PGD_eps0.3_it25,526,505,0.0019801980198019802,0.04182509505703422,PGD,0.3,25,DDoS-LOIC-UDP,
LR,PGD_eps0.3_it25,59,0,,1.0,PGD,0.3,25,DDoS-LOIC-UDP - Attempted,
LR,PGD_eps0.3_it25,4496,4496,0.4435053380782918,0.4435053380782918,PGD,0.3,25,DoS GoldenEye,
LR,PGD_eps0.3_it25,873,873,0.26689576174112256,0.26689576174112256,PGD,0.3,25,DoS GoldenEye - Attempted,
LR,PGD_eps0.3_it25,6080,6080,0.9601973684210526,0.9601973684210526,PGD,0.3,25,DoS Hulk,
LR,PGD_eps0.3_it25,17,17,1.0,1.0,PGD,0.3,25,DoS Hulk - Attempted,
LR,PGD_eps0.3_it25,1774,1718,0.4889406286379511,0.5050732807215332,PGD,0.3,25,DoS Slowloris,
LR,PGD_eps0.3_it25,451,440,1.0,1.0,PGD,0.3,25,DoS Slowloris - Attempted,
LR,PGD_eps0.3_it25,5862,5862,0.0,0.0,PGD,0.3,25,FTP-BruteForce - Attempted,
LR,PGD_eps0.3_it25,40,38,0.7105263157894737,0.675,PGD,0.3,25,Infiltration - Communication Victim Attacker,
LR,PGD_eps0.3_it25,15,0,,0.13333333333333333,PGD,0.3,25,Infiltration - Dropbox Download,
LR,PGD_eps0.3_it25,8,0,,0.625,PGD,0.3,25,Infiltration - Dropbox Download - Attempted,
LR,PGD_eps0.3_it25,5945,5141,0.36179731569733514,0.4333052985702271,PGD,0.3,25,Infiltration - NMAP Portscan,
LR,PGD_eps0.3_it25,5952,5952,1.0,1.0,PGD,0.3,25,SSH-BruteForce,
LR,PGD_eps0.3_it25,23,0,,1.0,PGD,0.3,25,Web Attack - Brute Force,
LR,PGD_eps0.3_it25,24,1,1.0,0.9583333333333334,PGD,0.3,25,Web Attack - Brute Force - Attempted,
LR,PGD_eps0.3_it25,8,0,,0.875,PGD,0.3,25,Web Attack - SQL,
LR,PGD_eps0.3_it25,2,1,1.0,1.0,PGD,0.3,25,Web Attack - SQL - Attempted,
LR,PGD_eps0.3_it25,22,0,,1.0,PGD,0.3,25,Web Attack - XSS,
LR,PGD_eps0.3_it25,1,0,,0.0,PGD,0.3,25,Web Attack - XSS - Attempted,
SVM,PGD_eps0.3_it25,60000,0,,,PGD,0.3,25,Benign,
SVM,PGD_eps0.3_it25,5944,5941,0.9956236323851203,0.9956258411843876,PGD,0.3,25,Botnet Ares,
SVM,PGD_eps0.3_it25,51,51,0.3137254901960784,0.3137254901960784,PGD,0.3,25,Botnet Ares - Attempted,
SVM,PGD_eps0.3_it25,6072,6072,1.0,1.0,PGD,0.3,25,DDoS-HOIC,
SVM,PGD_eps0.3_it25,6058,0,,1.0,PGD,0.3,25,DDoS-LOIC-HTTP,
SVM,PGD_eps0.3_it25,526,505,0.0,0.03612167300380228,PGD,0.3,25,DDoS-LOIC-UDP,
SVM,PGD_eps0.3_it25,59,0,,1.0,PGD,0.3,25,DDoS-LOIC-UDP - Attempted,
SVM,PGD_eps0.3_it25,4496,4496,0.8082740213523132,0.8082740213523132,PGD,0.3,25,DoS GoldenEye,
SVM,PGD_eps0.3_it25,873,873,0.9152348224513173,0.9152348224513173,PGD,0.3,25,DoS GoldenEye - Attempted,
SVM,PGD_eps0.3_it25,6080,6080,0.9980263157894737,0.9980263157894737,PGD,0.3,25,DoS Hulk,
SVM,PGD_eps0.3_it25,17,17,1.0,1.0,PGD,0.3,25,DoS Hulk - Attempted,
SVM,PGD_eps0.3_it25,1774,1718,0.9220023282887078,0.9244644870349493,PGD,0.3,25,DoS Slowloris,
SVM,PGD_eps0.3_it25,451,440,1.0,1.0,PGD,0.3,25,DoS Slowloris - Attempted,
SVM,PGD_eps0.3_it25,5862,5862,0.13561924257932445,0.13561924257932445,PGD,0.3,25,FTP-BruteForce - Attempted,
SVM,PGD_eps0.3_it25,40,40,0.675,0.675,PGD,0.3,25,Infiltration - Communication Victim Attacker,
SVM,PGD_eps0.3_it25,15,0,,0.06666666666666667,PGD,0.3,25,Infiltration - Dropbox Download,
SVM,PGD_eps0.3_it25,8,0,,0.25,PGD,0.3,25,Infiltration - Dropbox Download - Attempted,
SVM,PGD_eps0.3_it25,5945,4785,0.5832810867293626,0.6499579478553407,PGD,0.3,25,Infiltration - NMAP Portscan,
SVM,PGD_eps0.3_it25,5952,5952,1.0,1.0,PGD,0.3,25,SSH-BruteForce,
SVM,PGD_eps0.3_it25,23,0,,0.9565217391304348,PGD,0.3,25,Web Attack - Brute Force,
SVM,PGD_eps0.3_it25,24,1,1.0,0.9583333333333334,PGD,0.3,25,Web Attack - Brute Force - Attempted,
SVM,PGD_eps0.3_it25,8,0,,0.875,PGD,0.3,25,Web Attack - SQL,
SVM,PGD_eps0.3_it25,2,0,,1.0,PGD,0.3,25,Web Attack - SQL - Attempted,
SVM,PGD_eps0.3_it25,22,0,,1.0,PGD,0.3,25,Web Attack - XSS,
SVM,PGD_eps0.3_it25,1,0,,0.0,PGD,0.3,25,Web Attack - XSS - Attempted,
RF,PGD_eps0.3_it25,60000,0,,,PGD,0.3,25,Benign,
RF,PGD_eps0.3_it25,5944,5944,1.0,1.0,PGD,0.3,25,Botnet Ares,
RF,PGD_eps0.3_it25,51,51,1.0,1.0,PGD,0.3,25,Botnet Ares - Attempted,
RF,PGD_eps0.3_it25,6072,6072,1.0,1.0,PGD,0.3,25,DDoS-HOIC,
RF,PGD_eps0.3_it25,6058,6058,1.0,1.0,PGD,0.3,25,DDoS-LOIC-HTTP,
RF,PGD_eps0.3_it25,526,526,0.053231939163498096,0.053231939163498096,PGD,0.3,25,DDoS-LOIC-UDP,
RF,PGD_eps0.3_it25,59,58,0.8793103448275862,0.864406779661017,PGD,0.3,25,DDoS-LOIC-UDP - Attempted,
RF,PGD_eps0.3_it25,4496,4496,0.9997775800711743,0.9997775800711743,PGD,0.3,25,DoS GoldenEye,
RF,PGD_eps0.3_it25,873,873,1.0,1.0,PGD,0.3,25,DoS GoldenEye - Attempted,
RF,PGD_eps0.3_it25,6080,6080,1.0,1.0,PGD,0.3,25,DoS Hulk,
RF,PGD_eps0.3_it25,17,17,1.0,1.0,PGD,0.3,25,DoS Hulk - Attempted,
RF,PGD_eps0.3_it25,1774,1774,0.6668545659526494,0.6668545659526494,PGD,0.3,25,DoS Slowloris,
RF,PGD_eps0.3_it25,451,451,1.0,1.0,PGD,0.3,25,DoS Slowloris - Attempted,
RF,PGD_eps0.3_it25,5862,5862,1.0,1.0,PGD,0.3,25,FTP-BruteForce - Attempted,
RF,PGD_eps0.3_it25,40,40,0.95,0.95,PGD,0.3,25,Infiltration - Communication Victim Attacker,
RF,PGD_eps0.3_it25,15,8,1.0,1.0,PGD,0.3,25,Infiltration - Dropbox Download,
RF,PGD_eps0.3_it25,8,1,1.0,1.0,PGD,0.3,25,Infiltration - Dropbox Download - Attempted,
RF,PGD_eps0.3_it25,5945,5940,0.8848484848484849,0.8849453322119428,PGD,0.3,25,Infiltration - NMAP Portscan,
RF,PGD_eps0.3_it25,5952,5952,1.0,1.0,PGD,0.3,25,SSH-BruteForce,
RF,PGD_eps0.3_it25,23,22,1.0,1.0,PGD,0.3,25,Web Attack - Brute Force,
RF,PGD_eps0.3_it25,24,23,1.0,1.0,PGD,0.3,25,Web Attack - Brute Force - Attempted,
RF,PGD_eps0.3_it25,8,6,1.0,1.0,PGD,0.3,25,Web Attack - SQL,
RF,PGD_eps0.3_it25,2,2,1.0,1.0,PGD,0.3,25,Web Attack - SQL - Attempted,
RF,PGD_eps0.3_it25,22,22,1.0,1.0,PGD,0.3,25,Web Attack - XSS,
RF,PGD_eps0.3_it25,1,1,1.0,1.0,PGD,0.3,25,Web Attack - XSS - Attempted,
MLP,PGD_eps0.3_it25,60000,0,,,PGD,0.3,25,Benign,
MLP,PGD_eps0.3_it25,5944,5944,0.9949528936742934,0.9949528936742934,PGD,0.3,25,Botnet Ares,
MLP,PGD_eps0.3_it25,51,51,1.0,1.0,PGD,0.3,25,Botnet Ares - Attempted,
MLP,PGD_eps0.3_it25,6072,6072,1.0,1.0,PGD,0.3,25,DDoS-HOIC,
MLP,PGD_eps0.3_it25,6058,6058,1.0,1.0,PGD,0.3,25,DDoS-LOIC-HTTP,
MLP,PGD_eps0.3_it25,526,522,0.038314176245210725,0.03802281368821293,PGD,0.3,25,DDoS-LOIC-UDP,
MLP,PGD_eps0.3_it25,59,51,1.0,0.864406779661017,PGD,0.3,25,DDoS-LOIC-UDP - Attempted,
MLP,PGD_eps0.3_it25,4496,4496,1.0,1.0,PGD,0.3,25,DoS GoldenEye,
MLP,PGD_eps0.3_it25,873,873,1.0,1.0,PGD,0.3,25,DoS GoldenEye - Attempted,
MLP,PGD_eps0.3_it25,6080,6080,1.0,1.0,PGD,0.3,25,DoS Hulk,
MLP,PGD_eps0.3_it25,17,17,1.0,1.0,PGD,0.3,25,DoS Hulk - Attempted,
MLP,PGD_eps0.3_it25,1774,1774,1.0,1.0,PGD,0.3,25,DoS Slowloris,
MLP,PGD_eps0.3_it25,451,451,1.0,1.0,PGD,0.3,25,DoS Slowloris - Attempted,
MLP,PGD_eps0.3_it25,5862,5862,1.0,1.0,PGD,0.3,25,FTP-BruteForce - Attempted,
MLP,PGD_eps0.3_it25,40,37,0.8918918918918919,0.85,PGD,0.3,25,Infiltration - Communication Victim Attacker,
MLP,PGD_eps0.3_it25,15,0,,0.13333333333333333,PGD,0.3,25,Infiltration - Dropbox Download,
MLP,PGD_eps0.3_it25,8,0,,0.625,PGD,0.3,25,Infiltration - Dropbox Download - Attempted,
MLP,PGD_eps0.3_it25,5945,5825,0.9893562231759656,0.9693860386879731,PGD,0.3,25,Infiltration - NMAP Portscan,
MLP,PGD_eps0.3_it25,5952,5952,1.0,1.0,PGD,0.3,25,SSH-BruteForce,
MLP,PGD_eps0.3_it25,23,22,1.0,0.9565217391304348,PGD,0.3,25,Web Attack - Brute Force,
MLP,PGD_eps0.3_it25,24,23,1.0,0.9583333333333334,PGD,0.3,25,Web Attack - Brute Force - Attempted,
MLP,PGD_eps0.3_it25,8,7,1.0,0.875,PGD,0.3,25,Web Attack - SQL,
MLP,PGD_eps0.3_it25,2,2,1.0,1.0,PGD,0.3,25,Web Attack - SQL - Attempted,
MLP,PGD_eps0.3_it25,22,22,1.0,1.0,PGD,0.3,25,Web Attack - XSS,
MLP,PGD_eps0.3_it25,1,0,,0.0,PGD,0.3,25,Web Attack - XSS - Attempted,
LR,PGD_eps0.5_it10,60000,0,,,PGD,0.5,10,Benign,
LR,PGD_eps0.5_it10,5944,5940,0.9956228956228956,0.9956258411843876,PGD,0.5,10,Botnet Ares,
LR,PGD_eps0.5_it10,51,51,0.3137254901960784,0.3137254901960784,PGD,0.5,10,Botnet Ares - Attempted,
LR,PGD_eps0.5_it10,6072,6072,0.0,0.0,PGD,0.5,10,DDoS-HOIC,
LR,PGD_eps0.5_it10,6058,0,,1.0,PGD,0.5,10,DDoS-LOIC-HTTP,
LR,PGD_eps0.5_it10,526,505,0.005940594059405941,0.03802281368821293,PGD,0.5,10,DDoS-LOIC-UDP,
LR,PGD_eps0.5_it10,59,0,,1.0,PGD,0.5,10,DDoS-LOIC-UDP - Attempted,
LR,PGD_eps0.5_it10,4496,4496,0.8952402135231317,0.8952402135231317,PGD,0.5,10,DoS GoldenEye,
LR,PGD_eps0.5_it10,873,873,0.9965635738831615,0.9965635738831615,PGD,0.5,10,DoS GoldenEye - Attempted,
LR,PGD_eps0.5_it10,6080,6080,0.9980263157894737,0.9980263157894737,PGD,0.5,10,DoS Hulk,
LR,PGD_eps0.5_it10,17,17,1.0,1.0,PGD,0.5,10,DoS Hulk - Attempted,
LR,PGD_eps0.5_it10,1774,1718,0.909778812572759,0.9126268320180383,PGD,0.5,10,DoS Slowloris,
LR,PGD_eps0.5_it10,451,440,1.0,1.0,PGD,0.5,10,DoS Slowloris - Attempted,
LR,PGD_eps0.5_it10,5862,5862,0.33469805527123847,0.33469805527123847,PGD,0.5,10,FTP-BruteForce - Attempted,
LR,PGD_eps0.5_it10,40,38,0.7368421052631579,0.7,PGD,0.5,10,Infiltration - Communication Victim Attacker,
LR,PGD_eps0.5_it10,15,0,,0.13333333333333333,PGD,0.5,10,Infiltration - Dropbox Download,
LR,PGD_eps0.5_it10,8,0,,0.625,PGD,0.5,10,Infiltration - Dropbox Download - Attempted,
LR,PGD_eps0.5_it10,5945,5141,0.6490955067107567,0.6814129520605551,PGD,0.5,10,Infiltration - NMAP Portscan,
LR,PGD_eps0.5_it10,5952,5952,1.0,1.0,PGD,0.5,10,SSH-BruteForce,
LR,PGD_eps0.5_it10,23,0,,0.9565217391304348,PGD,0.5,10,Web Attack - Brute Force,
LR,PGD_eps0.5_it10,24,1,1.0,0.9583333333333334,PGD,0.5,10,Web Attack - Brute Force - Attempted,
LR,PGD_eps0.5_it10,8,0,,0.875,PGD,0.5,10,Web Attack - SQL,
LR,PGD_eps0.5_it10,2,1,1.0,1.0,PGD,0.5,10,Web Attack - SQL - Attempted,
LR,PGD_eps0.5_it10,22,0,,1.0,PGD,0.5,10,Web Attack - XSS,
LR,PGD_eps0.5_it10,1,0,,0.0,PGD,0.5,10,Web Attack - XSS - Attempted,
SVM,PGD_eps0.5_it10,60000,0,,,PGD,0.5,10,Benign,
SVM,PGD_eps0.5_it10,5944,5941,0.9956236323851203,0.9956258411843876,PGD,0.5,10,Botnet Ares,
SVM,PGD_eps0.5_it10,51,51,1.0,1.0,PGD,0.5,10,Botnet Ares - Attempted,
SVM,PGD_eps0.5_it10,6072,6072,1.0,1.0,PGD,0.5,10,DDoS-HOIC,
SVM,PGD_eps0.5_it10,6058,0,,1.0,PGD,0.5,10,DDoS-LOIC-HTTP,
SVM,PGD_eps0.5_it10,526,505,0.0039603960396039604,0.03612167300380228,PGD,0.5,10,DDoS-LOIC-UDP,
SVM,PGD_eps0.5_it10,59,0,,0.864406779661017,PGD,0.5,10,DDoS-LOIC-UDP - Attempted,
SVM,PGD_eps0.5_it10,4496,4496,1.0,1.0,PGD,0.5,10,DoS GoldenEye,
SVM,PGD_eps0.5_it10,873,873,1.0,1.0,PGD,0.5,10,DoS GoldenEye - Attempted,
SVM,PGD_eps0.5_it10,6080,6080,1.0,1.0,PGD,0.5,10,DoS Hulk,
SVM,PGD_eps0.5_it10,17,17,1.0,1.0,PGD,0.5,10,DoS Hulk - Attempted,
SVM,PGD_eps0.5_it10,1774,1718,0.9924330616996507,0.9926719278466741,PGD,0.5,10,DoS Slowloris,
SVM,PGD_eps0.5_it10,451,440,1.0,1.0,PGD,0.5,10,DoS Slowloris - Attempted,
SVM,PGD_eps0.5_it10,5862,5862,0.783179802115319,0.783179802115319,PGD,0.5,10,FTP-BruteForce - Attempted,
SVM,PGD_eps0.5_it10,40,40,0.9,0.9,PGD,0.5,10,Infiltration - Communication Victim Attacker,
SVM,PGD_eps0.5_it10,15,0,,0.06666666666666667,PGD,0.5,10,Infiltration - Dropbox Download,
SVM,PGD_eps0.5_it10,8,0,,0.125,PGD,0.5,10,Infiltration - Dropbox Download - Attempted,
SVM,PGD_eps0.5_it10,5945,4785,0.8551724137931035,0.8659377628259041,PGD,0.5,10,Infiltration - NMAP Portscan,
SVM,PGD_eps0.5_it10,5952,5952,1.0,1.0,PGD,0.5,10,SSH-BruteForce,
SVM,PGD_eps0.5_it10,23,0,,0.9565217391304348,PGD,0.5,10,Web Attack - Brute Force,
SVM,PGD_eps0.5_it10,24,1,1.0,0.9583333333333334,PGD,0.5,10,Web Attack - Brute Force - Attempted,
SVM,PGD_eps0.5_it10,8,0,,0.875,PGD,0.5,10,Web Attack - SQL,
SVM,PGD_eps0.5_it10,2,0,,1.0,PGD,0.5,10,Web Attack - SQL - Attempted,
SVM,PGD_eps0.5_it10,22,0,,1.0,PGD,0.5,10,Web Attack - XSS,
SVM,PGD_eps0.5_it10,1,0,,0.0,PGD,0.5,10,Web Attack - XSS - Attempted,
RF,PGD_eps0.5_it10,60000,0,,,PGD,0.5,10,Benign,
RF,PGD_eps0.5_it10,5944,5944,1.0,1.0,PGD,0.5,10,Botnet Ares,
RF,PGD_eps0.5_it10,51,51,1.0,1.0,PGD,0.5,10,Botnet Ares - Attempted,
RF,PGD_eps0.5_it10,6072,6072,1.0,1.0,PGD,0.5,10,DDoS-HOIC,
RF,PGD_eps0.5_it10,6058,6058,1.0,1.0,PGD,0.5,10,DDoS-LOIC-HTTP,
RF,PGD_eps0.5_it10,526,526,0.051330798479087454,0.051330798479087454,PGD,0.5,10,DDoS-LOIC-UDP,
RF,PGD_eps0.5_it10,59,58,0.8793103448275862,0.864406779661017,PGD,0.5,10,DDoS-LOIC-UDP - Attempted,
RF,PGD_eps0.5_it10,4496,4496,0.9130338078291815,0.9130338078291815,PGD,0.5,10,DoS GoldenEye,
RF,PGD_eps0.5_it10,873,873,1.0,1.0,PGD,0.5,10,DoS GoldenEye - Attempted,
RF,PGD_eps0.5_it10,6080,6080,1.0,1.0,PGD,0.5,10,DoS Hulk,
RF,PGD_eps0.5_it10,17,17,1.0,1.0,PGD,0.5,10,DoS Hulk - Attempted,
RF,PGD_eps0.5_it10,1774,1774,0.625140924464487,0.625140924464487,PGD,0.5,10,DoS Slowloris,
RF,PGD_eps0.5_it10,451,451,1.0,1.0,PGD,0.5,10,DoS Slowloris - Attempted,
RF,PGD_eps0.5_it10,5862,5862,1.0,1.0,PGD,0.5,10,FTP-BruteForce - Attempted,
RF,PGD_eps0.5_it10,40,40,0.975,0.975,PGD,0.5,10,Infiltration - Communication Victim Attacker,
RF,PGD_eps0.5_it10,15,8,1.0,1.0,PGD,0.5,10,Infiltration - Dropbox Download,
RF,PGD_eps0.5_it10,8,1,1.0,1.0,PGD,0.5,10,Infiltration - Dropbox Download - Attempted,
RF,PGD_eps0.5_it10,5945,5940,0.8915824915824916,0.8916736753574432,PGD,0.5,10,Infiltration - NMAP Portscan,
RF,PGD_eps0.5_it10,5952,5952,1.0,1.0,PGD,0.5,10,SSH-BruteForce,
RF,PGD_eps0.5_it10,23,22,1.0,1.0,PGD,0.5,10,Web Attack - Brute Force,
RF,PGD_eps0.5_it10,24,23,1.0,1.0,PGD,0.5,10,Web Attack - Brute Force - Attempted,
RF,PGD_eps0.5_it10,8,6,1.0,1.0,PGD,0.5,10,Web Attack - SQL,
RF,PGD_eps0.5_it10,2,2,1.0,1.0,PGD,0.5,10,Web Attack - SQL - Attempted,
RF,PGD_eps0.5_it10,22,22,1.0,1.0,PGD,0.5,10,Web Attack - XSS,
RF,PGD_eps0.5_it10,1,1,1.0,1.0,PGD,0.5,10,Web Attack - XSS - Attempted,
MLP,PGD_eps0.5_it10,60000,0,,,PGD,0.5,10,Benign,
MLP,PGD_eps0.5_it10,5944,5944,0.9962987886944819,0.9962987886944819,PGD,0.5,10,Botnet Ares,
MLP,PGD_eps0.5_it10,51,51,1.0,1.0,PGD,0.5,10,Botnet Ares - Attempted,
MLP,PGD_eps0.5_it10,6072,6072,1.0,1.0,PGD,0.5,10,DDoS-HOIC,
MLP,PGD_eps0.5_it10,6058,6058,1.0,1.0,PGD,0.5,10,DDoS-LOIC-HTTP,
MLP,PGD_eps0.5_it10,526,522,0.0421455938697318,0.04182509505703422,PGD,0.5,10,DDoS-LOIC-UDP,
MLP,PGD_eps0.5_it10,59,51,1.0,0.864406779661017,PGD,0.5,10,DDoS-LOIC-UDP - Attempted,
MLP,PGD_eps0.5_it10,4496,4496,1.0,1.0,PGD,0.5,10,DoS GoldenEye,
MLP,PGD_eps0.5_it10,873,873,1.0,1.0,PGD,0.5,10,DoS GoldenEye - Attempted,
MLP,PGD_eps0.5_it10,6080,6080,1.0,1.0,PGD,0.5,10,DoS Hulk,
MLP,PGD_eps0.5_it10,17,17,1.0,1.0,PGD,0.5,10,DoS Hulk - Attempted,
MLP,PGD_eps0.5_it10,1774,1774,1.0,1.0,PGD,0.5,10,DoS Slowloris,
MLP,PGD_eps0.5_it10,451,451,1.0,1.0,PGD,0.5,10,DoS Slowloris - Attempted,
MLP,PGD_eps0.5_it10,5862,5862,1.0,1.0,PGD,0.5,10,FTP-BruteForce - Attempted,
MLP,PGD_eps0.5_it10,40,37,1.0,0.95,PGD,0.5,10,Infiltration - Communication Victim Attacker,
MLP,PGD_eps0.5_it10,15,0,,0.06666666666666667,PGD,0.5,10,Infiltration - Dropbox Download,
MLP,PGD_eps0.5_it10,8,0,,0.625,PGD,0.5,10,Infiltration - Dropbox Download - Attempted,
MLP,PGD_eps0.5_it10,5945,5825,1.0,0.9798149705634988,PGD,0.5,10,Infiltration - NMAP Portscan,
MLP,PGD_eps0.5_it10,5952,5952,1.0,1.0,PGD,0.5,10,SSH-BruteForce,
MLP,PGD_eps0.5_it10,23,22,1.0,0.9565217391304348,PGD,0.5,10,Web Attack - Brute Force,
MLP,PGD_eps0.5_it10,24,23,1.0,0.9583333333333334,PGD,0.5,10,Web Attack - Brute Force - Attempted,
MLP,PGD_eps0.5_it10,8,7,1.0,0.875,PGD,0.5,10,Web Attack - SQL,
MLP,PGD_eps0.5_it10,2,2,1.0,1.0,PGD,0.5,10,Web Attack - SQL - Attempted,
MLP,PGD_eps0.5_it10,22,22,1.0,1.0,PGD,0.5,10,Web Attack - XSS,
MLP,PGD_eps0.5_it10,1,0,,0.0,PGD,0.5,10,Web Attack - XSS - Attempted,
LR,PGD_eps0.5_it25,60000,0,,,PGD,0.5,25,Benign,
LR,PGD_eps0.5_it25,5944,5940,0.9956228956228956,0.9956258411843876,PGD,0.5,25,Botnet Ares,
LR,PGD_eps0.5_it25,51,51,0.0196078431372549,0.0196078431372549,PGD,0.5,25,Botnet Ares - Attempted,
LR,PGD_eps0.5_it25,6072,6072,0.0,0.0,PGD,0.5,25,DDoS-HOIC,
LR,PGD_eps0.5_it25,6058,0,,1.0,PGD,0.5,25,DDoS-LOIC-HTTP,
LR,PGD_eps0.5_it25,526,505,0.005940594059405941,0.03802281368821293,PGD,0.5,25,DDoS-LOIC-UDP,
LR,PGD_eps0.5_it25,59,0,,1.0,PGD,0.5,25,DDoS-LOIC-UDP - Attempted,
LR,PGD_eps0.5_it25,4496,4496,0.9968861209964412,0.9968861209964412,PGD,0.5,25,DoS GoldenEye,
LR,PGD_eps0.5_it25,873,873,0.9988545246277205,0.9988545246277205,PGD,0.5,25,DoS GoldenEye - Attempted,
LR,PGD_eps0.5_it25,6080,6080,1.0,1.0,PGD,0.5,25,DoS Hulk,
LR,PGD_eps0.5_it25,17,17,1.0,1.0,PGD,0.5,25,DoS Hulk - Attempted,
LR,PGD_eps0.5_it25,1774,1718,0.9080325960419092,0.910935738444194,PGD,0.5,25,DoS Slowloris,
LR,PGD_eps0.5_it25,451,440,1.0,1.0,PGD,0.5,25,DoS Slowloris - Attempted,
LR,PGD_eps0.5_it25,5862,5862,0.33469805527123847,0.33469805527123847,PGD,0.5,25,FTP-BruteForce - Attempted,
LR,PGD_eps0.5_it25,40,38,0.8421052631578947,0.8,PGD,0.5,25,Infiltration - Communication Victim Attacker,
LR,PGD_eps0.5_it25,15,0,,0.13333333333333333,PGD,0.5,25,Infiltration - Dropbox Download,
LR,PGD_eps0.5_it25,8,0,,0.625,PGD,0.5,25,Infiltration - Dropbox Download - Attempted,
LR,PGD_eps0.5_it25,5945,5141,0.5905465862672632,0.6311185870479394,PGD,0.5,25,Infiltration - NMAP Portscan,
LR,PGD_eps0.5_it25,5952,5952,1.0,1.0,PGD,0.5,25,SSH-BruteForce,
LR,PGD_eps0.5_it25,23,0,,1.0,PGD,0.5,25,Web Attack - Brute Force,
LR,PGD_eps0.5_it25,24,1,1.0,0.9583333333333334,PGD,0.5,25,Web Attack - Brute Force - Attempted,
LR,PGD_eps0.5_it25,8,0,,0.875,PGD,0.5,25,Web Attack - SQL,
LR,PGD_eps0.5_it25,2,1,1.0,1.0,PGD,0.5,25,Web Attack - SQL - Attempted,
LR,PGD_eps0.5_it25,22,0,,1.0,PGD,0.5,25,Web Attack - XSS,
LR,PGD_eps0.5_it25,1,0,,0.0,PGD,0.5,25,Web Attack - XSS - Attempted,
SVM,PGD_eps0.5_it25,60000,0,,,PGD,0.5,25,Benign,
SVM,PGD_eps0.5_it25,5944,5941,0.9956236323851203,0.9956258411843876,PGD,0.5,25,Botnet Ares,
SVM,PGD_eps0.5_it25,51,51,1.0,1.0,PGD,0.5,25,Botnet Ares - Attempted,
SVM,PGD_eps0.5_it25,6072,6072,1.0,1.0,PGD,0.5,25,DDoS-HOIC,
SVM,PGD_eps0.5_it25,6058,0,,1.0,PGD,0.5,25,DDoS-LOIC-HTTP,
SVM,PGD_eps0.5_it25,526,505,0.005940594059405941,0.03802281368821293,PGD,0.5,25,DDoS-LOIC-UDP,
SVM,PGD_eps0.5_it25,59,0,,0.864406779661017,PGD,0.5,25,DDoS-LOIC-UDP - Attempted,
SVM,PGD_eps0.5_it25,4496,4496,1.0,1.0,PGD,0.5,25,DoS GoldenEye,
SVM,PGD_eps0.5_it25,873,873,1.0,1.0,PGD,0.5,25,DoS GoldenEye - Attempted,
SVM,PGD_eps0.5_it25,6080,6080,1.0,1.0,PGD,0.5,25,DoS Hulk,
SVM,PGD_eps0.5_it25,17,17,1.0,1.0,PGD,0.5,25,DoS Hulk - Attempted,
SVM,PGD_eps0.5_it25,1774,1718,0.9924330616996507,0.9926719278466741,PGD,0.5,25,DoS Slowloris,
SVM,PGD_eps0.5_it25,451,440,1.0,1.0,PGD,0.5,25,DoS Slowloris - Attempted,
SVM,PGD_eps0.5_it25,5862,5862,0.783179802115319,0.783179802115319,PGD,0.5,25,FTP-BruteForce - Attempted,
SVM,PGD_eps0.5_it25,40,40,0.925,0.925,PGD,0.5,25,Infiltration - Communication Victim Attacker,
SVM,PGD_eps0.5_it25,15,0,,0.06666666666666667,PGD,0.5,25,Infiltration - Dropbox Download,
SVM,PGD_eps0.5_it25,8,0,,0.125,PGD,0.5,25,Infiltration - Dropbox Download - Attempted,
SVM,PGD_eps0.5_it25,5945,4785,0.8530825496342738,0.864255677039529,PGD,0.5,25,Infiltration - NMAP Portscan,
SVM,PGD_eps0.5_it25,5952,5952,1.0,1.0,PGD,0.5,25,SSH-BruteForce,
SVM,PGD_eps0.5_it25,23,0,,0.9565217391304348,PGD,0.5,25,Web Attack - Brute Force,
SVM,PGD_eps0.5_it25,24,1,1.0,0.9583333333333334,PGD,0.5,25,Web Attack - Brute Force - Attempted,
SVM,PGD_eps0.5_it25,8,0,,0.875,PGD,0.5,25,Web Attack - SQL,
SVM,PGD_eps0.5_it25,2,0,,1.0,PGD,0.5,25,Web Attack - SQL - Attempted,
SVM,PGD_eps0.5_it25,22,0,,1.0,PGD,0.5,25,Web Attack - XSS,
SVM,PGD_eps0.5_it25,1,0,,0.0,PGD,0.5,25,Web Attack - XSS - Attempted,
RF,PGD_eps0.5_it25,60000,0,,,PGD,0.5,25,Benign,
RF,PGD_eps0.5_it25,5944,5944,1.0,1.0,PGD,0.5,25,Botnet Ares,
RF,PGD_eps0.5_it25,51,51,1.0,1.0,PGD,0.5,25,Botnet Ares - Attempted,
RF,PGD_eps0.5_it25,6072,6072,1.0,1.0,PGD,0.5,25,DDoS-HOIC,
RF,PGD_eps0.5_it25,6058,6058,1.0,1.0,PGD,0.5,25,DDoS-LOIC-HTTP,
RF,PGD_eps0.5_it25,526,526,0.053231939163498096,0.053231939163498096,PGD,0.5,25,DDoS-LOIC-UDP,
RF,PGD_eps0.5_it25,59,58,1.0,1.0,PGD,0.5,25,DDoS-LOIC-UDP - Attempted,
RF,PGD_eps0.5_it25,4496,4496,1.0,1.0,PGD,0.5,25,DoS GoldenEye,
RF,PGD_eps0.5_it25,873,873,1.0,1.0,PGD,0.5,25,DoS GoldenEye - Attempted,
RF,PGD_eps0.5_it25,6080,6080,1.0,1.0,PGD,0.5,25,DoS Hulk,
RF,PGD_eps0.5_it25,17,17,1.0,1.0,PGD,0.5,25,DoS Hulk - Attempted,
RF,PGD_eps0.5_it25,1774,1774,0.6668545659526494,0.6668545659526494,PGD,0.5,25,DoS Slowloris,
RF,PGD_eps0.5_it25,451,451,1.0,1.0,PGD,0.5,25,DoS Slowloris - Attempted,
RF,PGD_eps0.5_it25,5862,5862,1.0,1.0,PGD,0.5,25,FTP-BruteForce - Attempted,
RF,PGD_eps0.5_it25,40,40,0.975,0.975,PGD,0.5,25,Infiltration - Communication Victim Attacker,
RF,PGD_eps0.5_it25,15,8,1.0,1.0,PGD,0.5,25,Infiltration - Dropbox Download,
RF,PGD_eps0.5_it25,8,1,1.0,1.0,PGD,0.5,25,Infiltration - Dropbox Download - Attempted,
RF,PGD_eps0.5_it25,5945,5940,0.9584175084175084,0.9584524810765349,PGD,0.5,25,Infiltration - NMAP Portscan,
RF,PGD_eps0.5_it25,5952,5952,1.0,1.0,PGD,0.5,25,SSH-BruteForce,
RF,PGD_eps0.5_it25,23,22,1.0,1.0,PGD,0.5,25,Web Attack - Brute Force,
RF,PGD_eps0.5_it25,24,23,0.5217391304347826,0.5416666666666666,PGD,0.5,25,Web Attack - Brute Force - Attempted,
RF,PGD_eps0.5_it25,8,6,1.0,1.0,PGD,0.5,25,Web Attack - SQL,
RF,PGD_eps0.5_it25,2,2,1.0,1.0,PGD,0.5,25,Web Attack - SQL - Attempted,
RF,PGD_eps0.5_it25,22,22,1.0,1.0,PGD,0.5,25,Web Attack - XSS,
RF,PGD_eps0.5_it25,1,1,1.0,1.0,PGD,0.5,25,Web Attack - XSS - Attempted,
MLP,PGD_eps0.5_it25,60000,0,,,PGD,0.5,25,Benign,
MLP,PGD_eps0.5_it25,5944,5944,0.9962987886944819,0.9962987886944819,PGD,0.5,25,Botnet Ares,
MLP,PGD_eps0.5_it25,51,51,1.0,1.0,PGD,0.5,25,Botnet Ares - Attempted,
MLP,PGD_eps0.5_it25,6072,6072,1.0,1.0,PGD,0.5,25,DDoS-HOIC,
MLP,PGD_eps0.5_it25,6058,6058,1.0,1.0,PGD,0.5,25,DDoS-LOIC-HTTP,
MLP,PGD_eps0.5_it25,526,522,0.0421455938697318,0.04182509505703422,PGD,0.5,25,DDoS-LOIC-UDP,
MLP,PGD_eps0.5_it25,59,51,1.0,0.864406779661017,PGD,0.5,25,DDoS-LOIC-UDP - Attempted,
MLP,PGD_eps0.5_it25,4496,4496,1.0,1.0,PGD,0.5,25,DoS GoldenEye,
MLP,PGD_eps0.5_it25,873,873,1.0,1.0,PGD,0.5,25,DoS GoldenEye - Attempted,
MLP,PGD_eps0.5_it25,6080,6080,1.0,1.0,PGD,0.5,25,DoS Hulk,
MLP,PGD_eps0.5_it25,17,17,1.0,1.0,PGD,0.5,25,DoS Hulk - Attempted,
MLP,PGD_eps0.5_it25,1774,1774,1.0,1.0,PGD,0.5,25,DoS Slowloris,
MLP,PGD_eps0.5_it25,451,451,1.0,1.0,PGD,0.5,25,DoS Slowloris - Attempted,
MLP,PGD_eps0.5_it25,5862,5862,1.0,1.0,PGD,0.5,25,FTP-BruteForce - Attempted,
MLP,PGD_eps0.5_it25,40,37,1.0,0.95,PGD,0.5,25,Infiltration - Communication Victim Attacker,
MLP,PGD_eps0.5_it25,15,0,,0.06666666666666667,PGD,0.5,25,Infiltration - Dropbox Download,
MLP,PGD_eps0.5_it25,8,0,,0.625,PGD,0.5,25,Infiltration - Dropbox Download - Attempted,
MLP,PGD_eps0.5_it25,5945,5825,1.0,0.9798149705634988,PGD,0.5,25,Infiltration - NMAP Portscan,
MLP,PGD_eps0.5_it25,5952,5952,1.0,1.0,PGD,0.5,25,SSH-BruteForce,
MLP,PGD_eps0.5_it25,23,22,1.0,0.9565217391304348,PGD,0.5,25,Web Attack - Brute Force,
MLP,PGD_eps0.5_it25,24,23,1.0,0.9583333333333334,PGD,0.5,25,Web Attack - Brute Force - Attempted,
MLP,PGD_eps0.5_it25,8,7,1.0,0.875,PGD,0.5,25,Web Attack - SQL,
MLP,PGD_eps0.5_it25,2,2,1.0,1.0,PGD,0.5,25,Web Attack - SQL - Attempted,
MLP,PGD_eps0.5_it25,22,22,1.0,1.0,PGD,0.5,25,Web Attack - XSS,
MLP,PGD_eps0.5_it25,1,0,,0.0,PGD,0.5,25,Web Attack - XSS - Attempted,
LR,PGD_eps0.75_it10,60000,0,,,PGD,0.75,10,Benign,
LR,PGD_eps0.75_it10,5944,5940,0.9957912457912458,0.9957940780619112,PGD,0.75,10,Botnet Ares,
LR,PGD_eps0.75_it10,51,51,0.3137254901960784,0.3137254901960784,PGD,0.75,10,Botnet Ares - Attempted,
LR,PGD_eps0.75_it10,6072,6072,0.0,0.0,PGD,0.75,10,DDoS-HOIC,
LR,PGD_eps0.75_it10,6058,0,,1.0,PGD,0.75,10,DDoS-LOIC-HTTP,
LR,PGD_eps0.75_it10,526,505,0.005940594059405941,0.03802281368821293,PGD,0.75,10,DDoS-LOIC-UDP,
LR,PGD_eps0.75_it10,59,0,,0.864406779661017,PGD,0.75,10,DDoS-LOIC-UDP - Attempted,
LR,PGD_eps0.75_it10,4496,4496,0.9895462633451957,0.9895462633451957,PGD,0.75,10,DoS GoldenEye,
LR,PGD_eps0.75_it10,873,873,0.9988545246277205,0.9988545246277205,PGD,0.75,10,DoS GoldenEye - Attempted,
LR,PGD_eps0.75_it10,6080,6080,0.9980263157894737,0.9980263157894737,PGD,0.75,10,DoS Hulk,
LR,PGD_eps0.75_it10,17,17,1.0,1.0,PGD,0.75,10,DoS Hulk - Attempted,
LR,PGD_eps0.75_it10,1774,1718,0.9284051222351571,0.9306651634723788,PGD,0.75,10,DoS Slowloris,
LR,PGD_eps0.75_it10,451,440,1.0,1.0,PGD,0.75,10,DoS Slowloris - Attempted,
LR,PGD_eps0.75_it10,5862,5862,0.783179802115319,0.783179802115319,PGD,0.75,10,FTP-BruteForce - Attempted,
LR,PGD_eps0.75_it10,40,38,0.8421052631578947,0.8,PGD,0.75,10,Infiltration - Communication Victim Attacker,
LR,PGD_eps0.75_it10,15,0,,0.06666666666666667,PGD,0.75,10,Infiltration - Dropbox Download,
LR,PGD_eps0.75_it10,8,0,,0.5,PGD,0.75,10,Infiltration - Dropbox Download - Attempted,
LR,PGD_eps0.75_it10,5945,5141,0.7724178175452246,0.7855340622371741,PGD,0.75,10,Infiltration - NMAP Portscan,
LR,PGD_eps0.75_it10,5952,5952,1.0,1.0,PGD,0.75,10,SSH-BruteForce,
LR,PGD_eps0.75_it10,23,0,,0.9565217391304348,PGD,0.75,10,Web Attack - Brute Force,
LR,PGD_eps0.75_it10,24,1,1.0,0.9583333333333334,PGD,0.75,10,Web Attack - Brute Force - Attempted,
LR,PGD_eps0.75_it10,8,0,,0.875,PGD,0.75,10,Web Attack - SQL,
LR,PGD_eps0.75_it10,2,1,1.0,1.0,PGD,0.75,10,Web Attack - SQL - Attempted,
LR,PGD_eps0.75_it10,22,0,,1.0,PGD,0.75,10,Web Attack - XSS,
LR,PGD_eps0.75_it10,1,0,,0.0,PGD,0.75,10,Web Attack - XSS - Attempted,
SVM,PGD_eps0.75_it10,60000,0,,,PGD,0.75,10,Benign,
SVM,PGD_eps0.75_it10,5944,5941,0.9957919542164618,0.9957940780619112,PGD,0.75,10,Botnet Ares,
SVM,PGD_eps0.75_it10,51,51,1.0,1.0,PGD,0.75,10,Botnet Ares - Attempted,
SVM,PGD_eps0.75_it10,6072,6072,1.0,1.0,PGD,0.75,10,DDoS-HOIC,
SVM,PGD_eps0.75_it10,6058,0,,1.0,PGD,0.75,10,DDoS-LOIC-HTTP,
SVM,PGD_eps0.75_it10,526,505,0.007920792079207921,0.039923954372623575,PGD,0.75,10,DDoS-LOIC-UDP,
SVM,PGD_eps0.75_it10,59,0,,0.864406779661017,PGD,0.75,10,DDoS-LOIC-UDP - Attempted,
SVM,PGD_eps0.75_it10,4496,4496,1.0,1.0,PGD,0.75,10,DoS GoldenEye,
SVM,PGD_eps0.75_it10,873,873,1.0,1.0,PGD,0.75,10,DoS GoldenEye - Attempted,
SVM,PGD_eps0.75_it10,6080,6080,1.0,1.0,PGD,0.75,10,DoS Hulk,
SVM,PGD_eps0.75_it10,17,17,1.0,1.0,PGD,0.75,10,DoS Hulk - Attempted,
SVM,PGD_eps0.75_it10,1774,1718,1.0,1.0,PGD,0.75,10,DoS Slowloris,
SVM,PGD_eps0.75_it10,451,440,1.0,1.0,PGD,0.75,10,DoS Slowloris - Attempted,
SVM,PGD_eps0.75_it10,5862,5862,1.0,1.0,PGD,0.75,10,FTP-BruteForce - Attempted,
SVM,PGD_eps0.75_it10,40,40,0.925,0.925,PGD,0.75,10,Infiltration - Communication Victim Attacker,
SVM,PGD_eps0.75_it10,15,0,,0.06666666666666667,PGD,0.75,10,Infiltration - Dropbox Download,
SVM,PGD_eps0.75_it10,8,0,,0.125,PGD,0.75,10,Infiltration - Dropbox Download - Attempted,
SVM,PGD_eps0.75_it10,5945,4785,0.9028213166144201,0.9039529015979815,PGD,0.75,10,Infiltration - NMAP Portscan,
SVM,PGD_eps0.75_it10,5952,5952,1.0,1.0,PGD,0.75,10,SSH-BruteForce,
SVM,PGD_eps0.75_it10,23,0,,0.9565217391304348,PGD,0.75,10,Web Attack - Brute Force,
SVM,PGD_eps0.75_it10,24,1,1.0,0.9583333333333334,PGD,0.75,10,Web Attack - Brute Force - Attempted,
SVM,PGD_eps0.75_it10,8,0,,0.875,PGD,0.75,10,Web Attack - SQL,
SVM,PGD_eps0.75_it10,2,0,,1.0,PGD,0.75,10,Web Attack - SQL - Attempted,
SVM,PGD_eps0.75_it10,22,0,,1.0,PGD,0.75,10,Web Attack - XSS,
SVM,PGD_eps0.75_it10,1,0,,0.0,PGD,0.75,10,Web Attack - XSS - Attempted,
RF,PGD_eps0.75_it10,60000,0,,,PGD,0.75,10,Benign,
RF,PGD_eps0.75_it10,5944,5944,1.0,1.0,PGD,0.75,10,Botnet Ares,
RF,PGD_eps0.75_it10,51,51,1.0,1.0,PGD,0.75,10,Botnet Ares - Attempted,
RF,PGD_eps0.75_it10,6072,6072,1.0,1.0,PGD,0.75,10,DDoS-HOIC,
RF,PGD_eps0.75_it10,6058,6058,1.0,1.0,PGD,0.75,10,DDoS-LOIC-HTTP,
RF,PGD_eps0.75_it10,526,526,0.051330798479087454,0.051330798479087454,PGD,0.75,10,DDoS-LOIC-UDP,
RF,PGD_eps0.75_it10,59,58,1.0,1.0,PGD,0.75,10,DDoS-LOIC-UDP - Attempted,
RF,PGD_eps0.75_it10,4496,4496,0.9984430604982206,0.9984430604982206,PGD,0.75,10,DoS GoldenEye,
RF,PGD_eps0.75_it10,873,873,0.9988545246277205,0.9988545246277205,PGD,0.75,10,DoS GoldenEye - Attempted,
RF,PGD_eps0.75_it10,6080,6080,0.9972039473684211,0.9972039473684211,PGD,0.75,10,DoS Hulk,
RF,PGD_eps0.75_it10,17,17,1.0,1.0,PGD,0.75,10,DoS Hulk - Attempted,
RF,PGD_eps0.75_it10,1774,1774,0.9205186020293122,0.9205186020293122,PGD,0.75,10,DoS Slowloris,
RF,PGD_eps0.75_it10,451,451,1.0,1.0,PGD,0.75,10,DoS Slowloris - Attempted,
RF,PGD_eps0.75_it10,5862,5862,0.8454452405322416,0.8454452405322416,PGD,0.75,10,FTP-BruteForce - Attempted,
RF,PGD_eps0.75_it10,40,40,1.0,1.0,PGD,0.75,10,Infiltration - Communication Victim Attacker,
RF,PGD_eps0.75_it10,15,8,1.0,1.0,PGD,0.75,10,Infiltration - Dropbox Download,
RF,PGD_eps0.75_it10,8,1,1.0,1.0,PGD,0.75,10,Infiltration - Dropbox Download - Attempted,
RF,PGD_eps0.75_it10,5945,5940,0.8964646464646465,0.896551724137931,PGD,0.75,10,Infiltration - NMAP Portscan,
RF,PGD_eps0.75_it10,5952,5952,1.0,1.0,PGD,0.75,10,SSH-BruteForce,
RF,PGD_eps0.75_it10,23,22,1.0,1.0,PGD,0.75,10,Web Attack - Brute Force,
RF,PGD_eps0.75_it10,24,23,1.0,1.0,PGD,0.75,10,Web Attack - Brute Force - Attempted,
RF,PGD_eps0.75_it10,8,6,1.0,1.0,PGD,0.75,10,Web Attack - SQL,
RF,PGD_eps0.75_it10,2,2,1.0,1.0,PGD,0.75,10,Web Attack - SQL - Attempted,
RF,PGD_eps0.75_it10,22,22,1.0,1.0,PGD,0.75,10,Web Attack - XSS,
RF,PGD_eps0.75_it10,1,1,1.0,1.0,PGD,0.75,10,Web Attack - XSS - Attempted,
MLP,PGD_eps0.75_it10,60000,0,,,PGD,0.75,10,Benign,
MLP,PGD_eps0.75_it10,5944,5944,0.9996635262449529,0.9996635262449529,PGD,0.75,10,Botnet Ares,
MLP,PGD_eps0.75_it10,51,51,1.0,1.0,PGD,0.75,10,Botnet Ares - Attempted,
MLP,PGD_eps0.75_it10,6072,6072,1.0,1.0,PGD,0.75,10,DDoS-HOIC,
MLP,PGD_eps0.75_it10,6058,6058,1.0,1.0,PGD,0.75,10,DDoS-LOIC-HTTP,
MLP,PGD_eps0.75_it10,526,522,0.0421455938697318,0.04182509505703422,PGD,0.75,10,DDoS-LOIC-UDP,
MLP,PGD_eps0.75_it10,59,51,1.0,0.864406779661017,PGD,0.75,10,DDoS-LOIC-UDP - Attempted,
MLP,PGD_eps0.75_it10,4496,4496,1.0,1.0,PGD,0.75,10,DoS GoldenEye,
MLP,PGD_eps0.75_it10,873,873,1.0,1.0,PGD,0.75,10,DoS GoldenEye - Attempted,
MLP,PGD_eps0.75_it10,6080,6080,1.0,1.0,PGD,0.75,10,DoS Hulk,
MLP,PGD_eps0.75_it10,17,17,1.0,1.0,PGD,0.75,10,DoS Hulk - Attempted,
MLP,PGD_eps0.75_it10,1774,1774,1.0,1.0,PGD,0.75,10,DoS Slowloris,
MLP,PGD_eps0.75_it10,451,451,1.0,1.0,PGD,0.75,10,DoS Slowloris - Attempted,
MLP,PGD_eps0.75_it10,5862,5862,1.0,1.0,PGD,0.75,10,FTP-BruteForce - Attempted,
MLP,PGD_eps0.75_it10,40,37,1.0,0.925,PGD,0.75,10,Infiltration - Communication Victim Attacker,
MLP,PGD_eps0.75_it10,15,0,,0.0,PGD,0.75,10,Infiltration - Dropbox Download,
MLP,PGD_eps0.75_it10,8,0,,0.25,PGD,0.75,10,Infiltration - Dropbox Download - Attempted,
MLP,PGD_eps0.75_it10,5945,5825,1.0,0.9798149705634988,PGD,0.75,10,Infiltration - NMAP Portscan,
MLP,PGD_eps0.75_it10,5952,5952,1.0,1.0,PGD,0.75,10,SSH-BruteForce,
MLP,PGD_eps0.75_it10,23,22,1.0,0.9565217391304348,PGD,0.75,10,Web Attack - Brute Force,
MLP,PGD_eps0.75_it10,24,23,1.0,0.9583333333333334,PGD,0.75,10,Web Attack - Brute Force - Attempted,
MLP,PGD_eps0.75_it10,8,7,1.0,0.875,PGD,0.75,10,Web Attack - SQL,
MLP,PGD_eps0.75_it10,2,2,1.0,1.0,PGD,0.75,10,Web Attack - SQL - Attempted,
MLP,PGD_eps0.75_it10,22,22,1.0,1.0,PGD,0.75,10,Web Attack - XSS,
MLP,PGD_eps0.75_it10,1,0,,0.0,PGD,0.75,10,Web Attack - XSS - Attempted,
LR,PGD_eps0.75_it25,60000,0,,,PGD,0.75,25,Benign,
LR,PGD_eps0.75_it25,5944,5940,0.9957912457912458,0.9957940780619112,PGD,0.75,25,Botnet Ares,
LR,PGD_eps0.75_it25,51,51,0.3137254901960784,0.3137254901960784,PGD,0.75,25,Botnet Ares - Attempted,
LR,PGD_eps0.75_it25,6072,6072,0.0,0.0,PGD,0.75,25,DDoS-HOIC,
LR,PGD_eps0.75_it25,6058,0,,1.0,PGD,0.75,25,DDoS-LOIC-HTTP,
LR,PGD_eps0.75_it25,526,505,0.005940594059405941,0.03802281368821293,PGD,0.75,25,DDoS-LOIC-UDP,
LR,PGD_eps0.75_it25,59,0,,0.864406779661017,PGD,0.75,25,DDoS-LOIC-UDP - Attempted,
LR,PGD_eps0.75_it25,4496,4496,1.0,1.0,PGD,0.75,25,DoS GoldenEye,
LR,PGD_eps0.75_it25,873,873,1.0,1.0,PGD,0.75,25,DoS GoldenEye - Attempted,
LR,PGD_eps0.75_it25,6080,6080,1.0,1.0,PGD,0.75,25,DoS Hulk,
LR,PGD_eps0.75_it25,17,17,1.0,1.0,PGD,0.75,25,DoS Hulk - Attempted,
LR,PGD_eps0.75_it25,1774,1718,0.9220023282887078,0.9244644870349493,PGD,0.75,25,DoS Slowloris,
LR,PGD_eps0.75_it25,451,440,1.0,1.0,PGD,0.75,25,DoS Slowloris - Attempted,
LR,PGD_eps0.75_it25,5862,5862,0.783179802115319,0.783179802115319,PGD,0.75,25,FTP-BruteForce - Attempted,
LR,PGD_eps0.75_it25,40,38,0.868421052631579,0.825,PGD,0.75,25,Infiltration - Communication Victim Attacker,
LR,PGD_eps0.75_it25,15,0,,0.06666666666666667,PGD,0.75,25,Infiltration - Dropbox Download,
LR,PGD_eps0.75_it25,8,0,,0.625,PGD,0.75,25,Infiltration - Dropbox Download - Attempted,
LR,PGD_eps0.75_it25,5945,5141,0.7765026259482591,0.7888982338099243,PGD,0.75,25,Infiltration - NMAP Portscan,
LR,PGD_eps0.75_it25,5952,5952,1.0,1.0,PGD,0.75,25,SSH-BruteForce,
LR,PGD_eps0.75_it25,23,0,,0.9565217391304348,PGD,0.75,25,Web Attack - Brute Force,
LR,PGD_eps0.75_it25,24,1,1.0,0.9583333333333334,PGD,0.75,25,Web Attack - Brute Force - Attempted,
LR,PGD_eps0.75_it25,8,0,,0.875,PGD,0.75,25,Web Attack - SQL,
LR,PGD_eps0.75_it25,2,1,1.0,1.0,PGD,0.75,25,Web Attack - SQL - Attempted,
LR,PGD_eps0.75_it25,22,0,,1.0,PGD,0.75,25,Web Attack - XSS,
LR,PGD_eps0.75_it25,1,0,,0.0,PGD,0.75,25,Web Attack - XSS - Attempted,
SVM,PGD_eps0.75_it25,60000,0,,,PGD,0.75,25,Benign,
SVM,PGD_eps0.75_it25,5944,5941,0.9957919542164618,0.9957940780619112,PGD,0.75,25,Botnet Ares,
SVM,PGD_eps0.75_it25,51,51,1.0,1.0,PGD,0.75,25,Botnet Ares - Attempted,
SVM,PGD_eps0.75_it25,6072,6072,1.0,1.0,PGD,0.75,25,DDoS-HOIC,
SVM,PGD_eps0.75_it25,6058,0,,1.0,PGD,0.75,25,DDoS-LOIC-HTTP,
SVM,PGD_eps0.75_it25,526,505,0.005940594059405941,0.03802281368821293,PGD,0.75,25,DDoS-LOIC-UDP,
SVM,PGD_eps0.75_it25,59,0,,0.864406779661017,PGD,0.75,25,DDoS-LOIC-UDP - Attempted,
SVM,PGD_eps0.75_it25,4496,4496,1.0,1.0,PGD,0.75,25,DoS GoldenEye,
SVM,PGD_eps0.75_it25,873,873,1.0,1.0,PGD,0.75,25,DoS GoldenEye - Attempted,
SVM,PGD_eps0.75_it25,6080,6080,1.0,1.0,PGD,0.75,25,DoS Hulk,
SVM,PGD_eps0.75_it25,17,17,1.0,1.0,PGD,0.75,25,DoS Hulk - Attempted,
SVM,PGD_eps0.75_it25,1774,1718,1.0,1.0,PGD,0.75,25,DoS Slowloris,
SVM,PGD_eps0.75_it25,451,440,1.0,1.0,PGD,0.75,25,DoS Slowloris - Attempted,
SVM,PGD_eps0.75_it25,5862,5862,0.783179802115319,0.783179802115319,PGD,0.75,25,FTP-BruteForce - Attempted,
SVM,PGD_eps0.75_it25,40,40,0.925,0.925,PGD,0.75,25,Infiltration - Communication Victim Attacker,
SVM,PGD_eps0.75_it25,15,0,,0.06666666666666667,PGD,0.75,25,Infiltration - Dropbox Download,
SVM,PGD_eps0.75_it25,8,0,,0.125,PGD,0.75,25,Infiltration - Dropbox Download - Attempted,
SVM,PGD_eps0.75_it25,5945,4785,0.9237199582027168,0.9207737594617326,PGD,0.75,25,Infiltration - NMAP Portscan,
SVM,PGD_eps0.75_it25,5952,5952,1.0,1.0,PGD,0.75,25,SSH-BruteForce,
SVM,PGD_eps0.75_it25,23,0,,0.9565217391304348,PGD,0.75,25,Web Attack - Brute Force,
SVM,PGD_eps0.75_it25,24,1,1.0,0.9583333333333334,PGD,0.75,25,Web Attack - Brute Force - Attempted,
SVM,PGD_eps0.75_it25,8,0,,0.875,PGD,0.75,25,Web Attack - SQL,
SVM,PGD_eps0.75_it25,2,0,,1.0,PGD,0.75,25,Web Attack - SQL - Attempted,
SVM,PGD_eps0.75_it25,22,0,,1.0,PGD,0.75,25,Web Attack - XSS,
SVM,PGD_eps0.75_it25,1,0,,0.0,PGD,0.75,25,Web Attack - XSS - Attempted,
RF,PGD_eps0.75_it25,60000,0,,,PGD,0.75,25,Benign,
RF,PGD_eps0.75_it25,5944,5944,1.0,1.0,PGD,0.75,25,Botnet Ares,
RF,PGD_eps0.75_it25,51,51,1.0,1.0,PGD,0.75,25,Botnet Ares - Attempted,
RF,PGD_eps0.75_it25,6072,6072,1.0,1.0,PGD,0.75,25,DDoS-HOIC,
RF,PGD_eps0.75_it25,6058,6058,0.9996698580389568,0.9996698580389568,PGD,0.75,25,DDoS-LOIC-HTTP,
RF,PGD_eps0.75_it25,526,526,0.053231939163498096,0.053231939163498096,PGD,0.75,25,DDoS-LOIC-UDP,
RF,PGD_eps0.75_it25,59,58,1.0,1.0,PGD,0.75,25,DDoS-LOIC-UDP - Attempted,
RF,PGD_eps0.75_it25,4496,4496,1.0,1.0,PGD,0.75,25,DoS GoldenEye,
RF,PGD_eps0.75_it25,873,873,0.9988545246277205,0.9988545246277205,PGD,0.75,25,DoS GoldenEye - Attempted,
RF,PGD_eps0.75_it25,6080,6080,1.0,1.0,PGD,0.75,25,DoS Hulk,
RF,PGD_eps0.75_it25,17,17,1.0,1.0,PGD,0.75,25,DoS Hulk - Attempted,
RF,PGD_eps0.75_it25,1774,1774,0.919391206313416,0.919391206313416,PGD,0.75,25,DoS Slowloris,
RF,PGD_eps0.75_it25,451,451,1.0,1.0,PGD,0.75,25,DoS Slowloris - Attempted,
RF,PGD_eps0.75_it25,5862,5862,1.0,1.0,PGD,0.75,25,FTP-BruteForce - Attempted,
RF,PGD_eps0.75_it25,40,40,1.0,1.0,PGD,0.75,25,Infiltration - Communication Victim Attacker,
RF,PGD_eps0.75_it25,15,8,1.0,1.0,PGD,0.75,25,Infiltration - Dropbox Download,
RF,PGD_eps0.75_it25,8,1,1.0,1.0,PGD,0.75,25,Infiltration - Dropbox Download - Attempted,
RF,PGD_eps0.75_it25,5945,5940,0.942929292929293,0.942977291841884,PGD,0.75,25,Infiltration - NMAP Portscan,
RF,PGD_eps0.75_it25,5952,5952,1.0,1.0,PGD,0.75,25,SSH-BruteForce,
RF,PGD_eps0.75_it25,23,22,1.0,1.0,PGD,0.75,25,Web Attack - Brute Force,
RF,PGD_eps0.75_it25,24,23,1.0,1.0,PGD,0.75,25,Web Attack - Brute Force - Attempted,
RF,PGD_eps0.75_it25,8,6,1.0,1.0,PGD,0.75,25,Web Attack - SQL,
RF,PGD_eps0.75_it25,2,2,1.0,1.0,PGD,0.75,25,Web Attack - SQL - Attempted,
RF,PGD_eps0.75_it25,22,22,1.0,1.0,PGD,0.75,25,Web Attack - XSS,
RF,PGD_eps0.75_it25,1,1,1.0,1.0,PGD,0.75,25,Web Attack - XSS - Attempted,
MLP,PGD_eps0.75_it25,60000,0,,,PGD,0.75,25,Benign,
MLP,PGD_eps0.75_it25,5944,5944,0.9996635262449529,0.9996635262449529,PGD,0.75,25,Botnet Ares,
MLP,PGD_eps0.75_it25,51,51,1.0,1.0,PGD,0.75,25,Botnet Ares - Attempted,
MLP,PGD_eps0.75_it25,6072,6072,1.0,1.0,PGD,0.75,25,DDoS-HOIC,
MLP,PGD_eps0.75_it25,6058,6058,1.0,1.0,PGD,0.75,25,DDoS-LOIC-HTTP,
MLP,PGD_eps0.75_it25,526,522,0.0421455938697318,0.04182509505703422,PGD,0.75,25,DDoS-LOIC-UDP,
MLP,PGD_eps0.75_it25,59,51,1.0,0.864406779661017,PGD,0.75,25,DDoS-LOIC-UDP - Attempted,
MLP,PGD_eps0.75_it25,4496,4496,1.0,1.0,PGD,0.75,25,DoS GoldenEye,
MLP,PGD_eps0.75_it25,873,873,1.0,1.0,PGD,0.75,25,DoS GoldenEye - Attempted,
MLP,PGD_eps0.75_it25,6080,6080,1.0,1.0,PGD,0.75,25,DoS Hulk,
MLP,PGD_eps0.75_it25,17,17,1.0,1.0,PGD,0.75,25,DoS Hulk - Attempted,
MLP,PGD_eps0.75_it25,1774,1774,1.0,1.0,PGD,0.75,25,DoS Slowloris,
MLP,PGD_eps0.75_it25,451,451,1.0,1.0,PGD,0.75,25,DoS Slowloris - Attempted,
MLP,PGD_eps0.75_it25,5862,5862,1.0,1.0,PGD,0.75,25,FTP-BruteForce - Attempted,
MLP,PGD_eps0.75_it25,40,37,1.0,0.925,PGD,0.75,25,Infiltration - Communication Victim Attacker,
MLP,PGD_eps0.75_it25,15,0,,0.0,PGD,0.75,25,Infiltration - Dropbox Download,
MLP,PGD_eps0.75_it25,8,0,,0.25,PGD,0.75,25,Infiltration - Dropbox Download - Attempted,
MLP,PGD_eps0.75_it25,5945,5825,1.0,0.9798149705634988,PGD,0.75,25,Infiltration - NMAP Portscan,
MLP,PGD_eps0.75_it25,5952,5952,1.0,1.0,PGD,0.75,25,SSH-BruteForce,
MLP,PGD_eps0.75_it25,23,22,1.0,0.9565217391304348,PGD,0.75,25,Web Attack - Brute Force,
MLP,PGD_eps0.75_it25,24,23,1.0,0.9583333333333334,PGD,0.75,25,Web Attack - Brute Force - Attempted,
MLP,PGD_eps0.75_it25,8,7,1.0,0.875,PGD,0.75,25,Web Attack - SQL,
MLP,PGD_eps0.75_it25,2,2,1.0,1.0,PGD,0.75,25,Web Attack - SQL - Attempted,
MLP,PGD_eps0.75_it25,22,22,1.0,1.0,PGD,0.75,25,Web Attack - XSS,
MLP,PGD_eps0.75_it25,1,0,,0.0,PGD,0.75,25,Web Attack - XSS - Attempted,
LR,CW_c0.0_it10,60000,0,,,CW,,10,Benign,0.0
LR,CW_c0.0_it10,5944,5940,0.0,0.0,CW,,10,Botnet Ares,0.0
LR,CW_c0.0_it10,51,51,0.0,0.0,CW,,10,Botnet Ares - Attempted,0.0
LR,CW_c0.0_it10,6072,6072,0.0,0.0,CW,,10,DDoS-HOIC,0.0
LR,CW_c0.0_it10,6058,0,,1.0,CW,,10,DDoS-LOIC-HTTP,0.0
LR,CW_c0.0_it10,526,505,0.023762376237623763,0.06273764258555133,CW,,10,DDoS-LOIC-UDP,0.0
LR,CW_c0.0_it10,59,0,,1.0,CW,,10,DDoS-LOIC-UDP - Attempted,0.0
LR,CW_c0.0_it10,4496,4496,0.0,0.0,CW,,10,DoS GoldenEye,0.0
LR,CW_c0.0_it10,873,873,0.0,0.0,CW,,10,DoS GoldenEye - Attempted,0.0
LR,CW_c0.0_it10,6080,6080,0.0029605263157894738,0.0029605263157894738,CW,,10,DoS Hulk,0.0
LR,CW_c0.0_it10,17,17,0.0,0.0,CW,,10,DoS Hulk - Attempted,0.0
LR,CW_c0.0_it10,1774,1718,0.013969732246798603,0.04509582863585118,CW,,10,DoS Slowloris,0.0
LR,CW_c0.0_it10,451,440,0.0,0.024390243902439025,CW,,10,DoS Slowloris - Attempted,0.0
LR,CW_c0.0_it10,5862,5862,0.0,0.0,CW,,10,FTP-BruteForce - Attempted,0.0
LR,CW_c0.0_it10,40,38,0.6842105263157895,0.7,CW,,10,Infiltration - Communication Victim Attacker,0.0
LR,CW_c0.0_it10,15,0,,0.3333333333333333,CW,,10,Infiltration - Dropbox Download,0.0
LR,CW_c0.0_it10,8,0,,0.375,CW,,10,Infiltration - Dropbox Download - Attempted,0.0
LR,CW_c0.0_it10,5945,5141,0.19626531803151137,0.30479394449116903,CW,,10,Infiltration - NMAP Portscan,0.0
LR,CW_c0.0_it10,5952,5952,0.0,0.0,CW,,10,SSH-BruteForce,0.0
LR,CW_c0.0_it10,23,0,,1.0,CW,,10,Web Attack - Brute Force,0.0
LR,CW_c0.0_it10,24,1,1.0,1.0,CW,,10,Web Attack - Brute Force - Attempted,0.0
LR,CW_c0.0_it10,8,0,,1.0,CW,,10,Web Attack - SQL,0.0
LR,CW_c0.0_it10,2,1,1.0,1.0,CW,,10,Web Attack - SQL - Attempted,0.0
LR,CW_c0.0_it10,22,0,,1.0,CW,,10,Web Attack - XSS,0.0
LR,CW_c0.0_it10,1,0,,1.0,CW,,10,Web Attack - XSS - Attempted,0.0
SVM,CW_c0.0_it10,60000,0,,,CW,,10,Benign,0.0
SVM,CW_c0.0_it10,5944,5941,0.000841609156707625,0.0008411843876177658,CW,,10,Botnet Ares,0.0
SVM,CW_c0.0_it10,51,51,0.0,0.0,CW,,10,Botnet Ares - Attempted,0.0
SVM,CW_c0.0_it10,6072,6072,0.0,0.0,CW,,10,DDoS-HOIC,0.0
SVM,CW_c0.0_it10,6058,0,,1.0,CW,,10,DDoS-LOIC-HTTP,0.0
SVM,CW_c0.0_it10,526,505,0.011881188118811881,0.051330798479087454,CW,,10,DDoS-LOIC-UDP,0.0
SVM,CW_c0.0_it10,59,0,,1.0,CW,,10,DDoS-LOIC-UDP - Attempted,0.0
SVM,CW_c0.0_it10,4496,4496,0.0,0.0,CW,,10,DoS GoldenEye,0.0
SVM,CW_c0.0_it10,873,873,0.0,0.0,CW,,10,DoS GoldenEye - Attempted,0.0
SVM,CW_c0.0_it10,6080,6080,0.0029605263157894738,0.0029605263157894738,CW,,10,DoS Hulk,0.0
SVM,CW_c0.0_it10,17,17,0.6470588235294118,0.6470588235294118,CW,,10,DoS Hulk - Attempted,0.0
SVM,CW_c0.0_it10,1774,1718,0.3242142025611176,0.3455467869222097,CW,,10,DoS Slowloris,0.0
SVM,CW_c0.0_it10,451,440,0.0,0.024390243902439025,CW,,10,DoS Slowloris - Attempted,0.0
SVM,CW_c0.0_it10,5862,5862,0.0,0.0,CW,,10,FTP-BruteForce - Attempted,0.0
SVM,CW_c0.0_it10,40,40,0.675,0.675,CW,,10,Infiltration - Communication Victim Attacker,0.0
SVM,CW_c0.0_it10,15,0,,0.26666666666666666,CW,,10,Infiltration - Dropbox Download,0.0
SVM,CW_c0.0_it10,8,0,,0.25,CW,,10,Infiltration - Dropbox Download - Attempted,0.0
SVM,CW_c0.0_it10,5945,4785,0.22215256008359457,0.37359125315391084,CW,,10,Infiltration - NMAP Portscan,0.0
SVM,CW_c0.0_it10,5952,5952,0.00016801075268817206,0.00016801075268817206,CW,,10,SSH-BruteForce,0.0
SVM,CW_c0.0_it10,23,0,,1.0,CW,,10,Web Attack - Brute Force,0.0
SVM,CW_c0.0_it10,24,1,1.0,1.0,CW,,10,Web Attack - Brute Force - Attempted,0.0
SVM,CW_c0.0_it10,8,0,,1.0,CW,,10,Web Attack - SQL,0.0
SVM,CW_c0.0_it10,2,0,,1.0,CW,,10,Web Attack - SQL - Attempted,0.0
SVM,CW_c0.0_it10,22,0,,1.0,CW,,10,Web Attack - XSS,0.0
SVM,CW_c0.0_it10,1,0,,1.0,CW,,10,Web Attack - XSS - Attempted,0.0
RF,CW_c0.0_it10,60000,0,,,CW,,10,Benign,0.0
RF,CW_c0.0_it10,5944,5944,0.9993270524899058,0.9993270524899058,CW,,10,Botnet Ares,0.0
RF,CW_c0.0_it10,51,51,0.0392156862745098,0.0392156862745098,CW,,10,Botnet Ares - Attempted,0.0
RF,CW_c0.0_it10,6072,6072,1.0,1.0,CW,,10,DDoS-HOIC,0.0
RF,CW_c0.0_it10,6058,6058,0.9887751733245296,0.9887751733245296,CW,,10,DDoS-LOIC-HTTP,0.0
RF,CW_c0.0_it10,526,526,0.9562737642585551,0.9562737642585551,CW,,10,DDoS-LOIC-UDP,0.0
RF,CW_c0.0_it10,59,58,0.8793103448275862,0.864406779661017,CW,,10,DDoS-LOIC-UDP - Attempted,0.0
RF,CW_c0.0_it10,4496,4496,1.0,1.0,CW,,10,DoS GoldenEye,0.0
RF,CW_c0.0_it10,873,873,1.0,1.0,CW,,10,DoS GoldenEye - Attempted,0.0
RF,CW_c0.0_it10,6080,6080,1.0,1.0,CW,,10,DoS Hulk,0.0
RF,CW_c0.0_it10,17,17,0.7647058823529411,0.7647058823529411,CW,,10,DoS Hulk - Attempted,0.0
RF,CW_c0.0_it10,1774,1774,0.6178128523111612,0.6178128523111612,CW,,10,DoS Slowloris,0.0
RF,CW_c0.0_it10,451,451,1.0,1.0,CW,,10,DoS Slowloris - Attempted,0.0
RF,CW_c0.0_it10,5862,5862,0.9906175366769021,0.9906175366769021,CW,,10,FTP-BruteForce - Attempted,0.0
RF,CW_c0.0_it10,40,40,0.975,0.975,CW,,10,Infiltration - Communication Victim Attacker,0.0
RF,CW_c0.0_it10,15,8,1.0,1.0,CW,,10,Infiltration - Dropbox Download,0.0
RF,CW_c0.0_it10,8,1,1.0,1.0,CW,,10,Infiltration - Dropbox Download - Attempted,0.0
RF,CW_c0.0_it10,5945,5940,0.18501683501683502,0.18553406223717409,CW,,10,Infiltration - NMAP Portscan,0.0
RF,CW_c0.0_it10,5952,5952,1.0,1.0,CW,,10,SSH-BruteForce,0.0
RF,CW_c0.0_it10,23,22,1.0,1.0,CW,,10,Web Attack - Brute Force,0.0
RF,CW_c0.0_it10,24,23,1.0,1.0,CW,,10,Web Attack - Brute Force - Attempted,0.0
RF,CW_c0.0_it10,8,6,0.3333333333333333,0.5,CW,,10,Web Attack - SQL,0.0
RF,CW_c0.0_it10,2,2,0.5,0.5,CW,,10,Web Attack - SQL - Attempted,0.0
RF,CW_c0.0_it10,22,22,1.0,1.0,CW,,10,Web Attack - XSS,0.0
RF,CW_c0.0_it10,1,1,1.0,1.0,CW,,10,Web Attack - XSS - Attempted,0.0
MLP,CW_c0.0_it10,60000,0,,,CW,,10,Benign,0.0
MLP,CW_c0.0_it10,5944,5944,0.9986541049798116,0.9986541049798116,CW,,10,Botnet Ares,0.0
MLP,CW_c0.0_it10,51,51,1.0,1.0,CW,,10,Botnet Ares - Attempted,0.0
MLP,CW_c0.0_it10,6072,6072,0.9990118577075099,0.9990118577075099,CW,,10,DDoS-HOIC,0.0
MLP,CW_c0.0_it10,6058,6058,1.0,1.0,CW,,10,DDoS-LOIC-HTTP,0.0
MLP,CW_c0.0_it10,526,522,0.9923371647509579,0.9847908745247148,CW,,10,DDoS-LOIC-UDP,0.0
MLP,CW_c0.0_it10,59,51,0.9803921568627451,0.847457627118644,CW,,10,DDoS-LOIC-UDP - Attempted,0.0
MLP,CW_c0.0_it10,4496,4496,0.9955516014234875,0.9955516014234875,CW,,10,DoS GoldenEye,0.0
MLP,CW_c0.0_it10,873,873,0.9988545246277205,0.9988545246277205,CW,,10,DoS GoldenEye - Attempted,0.0
MLP,CW_c0.0_it10,6080,6080,0.9962171052631579,0.9962171052631579,CW,,10,DoS Hulk,0.0
MLP,CW_c0.0_it10,17,17,1.0,1.0,CW,,10,DoS Hulk - Attempted,0.0
MLP,CW_c0.0_it10,1774,1774,1.0,1.0,CW,,10,DoS Slowloris,0.0
MLP,CW_c0.0_it10,451,451,0.9977827050997783,0.9977827050997783,CW,,10,DoS Slowloris - Attempted,0.0
MLP,CW_c0.0_it10,5862,5862,1.0,1.0,CW,,10,FTP-BruteForce - Attempted,0.0
MLP,CW_c0.0_it10,40,37,1.0,0.95,CW,,10,Infiltration - Communication Victim Attacker,0.0
MLP,CW_c0.0_it10,15,0,,0.0,CW,,10,Infiltration - Dropbox Download,0.0
MLP,CW_c0.0_it10,8,0,,0.0,CW,,10,Infiltration - Dropbox Download - Attempted,0.0
MLP,CW_c0.0_it10,5945,5825,0.9896995708154507,0.9697224558452481,CW,,10,Infiltration - NMAP Portscan,0.0
MLP,CW_c0.0_it10,5952,5952,1.0,1.0,CW,,10,SSH-BruteForce,0.0
MLP,CW_c0.0_it10,23,22,1.0,0.9565217391304348,CW,,10,Web Attack - Brute Force,0.0
MLP,CW_c0.0_it10,24,23,1.0,0.9583333333333334,CW,,10,Web Attack - Brute Force - Attempted,0.0
MLP,CW_c0.0_it10,8,7,1.0,0.875,CW,,10,Web Attack - SQL,0.0
MLP,CW_c0.0_it10,2,2,1.0,1.0,CW,,10,Web Attack - SQL - Attempted,0.0
MLP,CW_c0.0_it10,22,22,1.0,1.0,CW,,10,Web Attack - XSS,0.0
MLP,CW_c0.0_it10,1,0,,0.0,CW,,10,Web Attack - XSS - Attempted,0.0
LR,CW_c0.5_it10,60000,0,,,CW,,10,Benign,0.5
LR,CW_c0.5_it10,5944,5940,0.0008417508417508417,0.0008411843876177658,CW,,10,Botnet Ares,0.5
LR,CW_c0.5_it10,51,51,0.0,0.0,CW,,10,Botnet Ares - Attempted,0.5
LR,CW_c0.5_it10,6072,6072,0.0,0.0,CW,,10,DDoS-HOIC,0.5
LR,CW_c0.5_it10,6058,0,,1.0,CW,,10,DDoS-LOIC-HTTP,0.5
LR,CW_c0.5_it10,526,505,0.023762376237623763,0.06273764258555133,CW,,10,DDoS-LOIC-UDP,0.5
LR,CW_c0.5_it10,59,0,,1.0,CW,,10,DDoS-LOIC-UDP - Attempted,0.5
LR,CW_c0.5_it10,4496,4496,0.0,0.0,CW,,10,DoS GoldenEye,0.5
LR,CW_c0.5_it10,873,873,0.0,0.0,CW,,10,DoS GoldenEye - Attempted,0.5
LR,CW_c0.5_it10,6080,6080,0.0029605263157894738,0.0029605263157894738,CW,,10,DoS Hulk,0.5
LR,CW_c0.5_it10,17,17,0.0,0.0,CW,,10,DoS Hulk - Attempted,0.5
LR,CW_c0.5_it10,1774,1718,0.014551804423748545,0.04565952649379933,CW,,10,DoS Slowloris,0.5
LR,CW_c0.5_it10,451,440,0.0,0.024390243902439025,CW,,10,DoS Slowloris - Attempted,0.5
LR,CW_c0.5_it10,5862,5862,0.0,0.0,CW,,10,FTP-BruteForce - Attempted,0.5
LR,CW_c0.5_it10,40,38,0.7105263157894737,0.725,CW,,10,Infiltration - Communication Victim Attacker,0.5
LR,CW_c0.5_it10,15,0,,0.3333333333333333,CW,,10,Infiltration - Dropbox Download,0.5
LR,CW_c0.5_it10,8,0,,0.375,CW,,10,Infiltration - Dropbox Download - Attempted,0.5
LR,CW_c0.5_it10,5945,5141,0.19782143551838163,0.30613961312026916,CW,,10,Infiltration - NMAP Portscan,0.5
LR,CW_c0.5_it10,5952,5952,0.0,0.0,CW,,10,SSH-BruteForce,0.5
LR,CW_c0.5_it10,23,0,,1.0,CW,,10,Web Attack - Brute Force,0.5
LR,CW_c0.5_it10,24,1,1.0,1.0,CW,,10,Web Attack - Brute Force - Attempted,0.5
LR,CW_c0.5_it10,8,0,,1.0,CW,,10,Web Attack - SQL,0.5
LR,CW_c0.5_it10,2,1,1.0,1.0,CW,,10,Web Attack - SQL - Attempted,0.5
LR,CW_c0.5_it10,22,0,,1.0,CW,,10,Web Attack - XSS,0.5
LR,CW_c0.5_it10,1,0,,1.0,CW,,10,Web Attack - XSS - Attempted,0.5
SVM,CW_c0.5_it10,60000,0,,,CW,,10,Benign,0.5
SVM,CW_c0.5_it10,5944,5941,0.0013465746507322,0.0013458950201884253,CW,,10,Botnet Ares,0.5
SVM,CW_c0.5_it10,51,51,0.0,0.0,CW,,10,Botnet Ares - Attempted,0.5
SVM,CW_c0.5_it10,6072,6072,0.0,0.0,CW,,10,DDoS-HOIC,0.5
SVM,CW_c0.5_it10,6058,0,,1.0,CW,,10,DDoS-LOIC-HTTP,0.5
SVM,CW_c0.5_it10,526,505,0.011881188118811881,0.051330798479087454,CW,,10,DDoS-LOIC-UDP,0.5
SVM,CW_c0.5_it10,59,0,,1.0,CW,,10,DDoS-LOIC-UDP - Attempted,0.5
SVM,CW_c0.5_it10,4496,4496,0.0,0.0,CW,,10,DoS GoldenEye,0.5
SVM,CW_c0.5_it10,873,873,0.0,0.0,CW,,10,DoS GoldenEye - Attempted,0.5
SVM,CW_c0.5_it10,6080,6080,0.0029605263157894738,0.0029605263157894738,CW,,10,DoS Hulk,0.5
SVM,CW_c0.5_it10,17,17,0.6470588235294118,0.6470588235294118,CW,,10,DoS Hulk - Attempted,0.5
SVM,CW_c0.5_it10,1774,1718,0.3242142025611176,0.3455467869222097,CW,,10,DoS Slowloris,0.5
SVM,CW_c0.5_it10,451,440,0.0,0.024390243902439025,CW,,10,DoS Slowloris - Attempted,0.5
SVM,CW_c0.5_it10,5862,5862,0.0,0.0,CW,,10,FTP-BruteForce - Attempted,0.5
SVM,CW_c0.5_it10,40,40,0.675,0.675,CW,,10,Infiltration - Communication Victim Attacker,0.5
SVM,CW_c0.5_it10,15,0,,0.13333333333333333,CW,,10,Infiltration - Dropbox Download,0.5
SVM,CW_c0.5_it10,8,0,,0.125,CW,,10,Infiltration - Dropbox Download - Attempted,0.5
SVM,CW_c0.5_it10,5945,4785,0.2380355276907001,0.38654331370899914,CW,,10,Infiltration - NMAP Portscan,0.5
SVM,CW_c0.5_it10,5952,5952,0.0005040322580645161,0.0005040322580645161,CW,,10,SSH-BruteForce,0.5
SVM,CW_c0.5_it10,23,0,,1.0,CW,,10,Web Attack - Brute Force,0.5
SVM,CW_c0.5_it10,24,1,1.0,1.0,CW,,10,Web Attack - Brute Force - Attempted,0.5
SVM,CW_c0.5_it10,8,0,,1.0,CW,,10,Web Attack - SQL,0.5
SVM,CW_c0.5_it10,2,0,,1.0,CW,,10,Web Attack - SQL - Attempted,0.5
SVM,CW_c0.5_it10,22,0,,1.0,CW,,10,Web Attack - XSS,0.5
SVM,CW_c0.5_it10,1,0,,1.0,CW,,10,Web Attack - XSS - Attempted,0.5
RF,CW_c0.5_it10,60000,0,,,CW,,10,Benign,0.5
RF,CW_c0.5_it10,5944,5944,0.9991588156123823,0.9991588156123823,CW,,10,Botnet Ares,0.5
RF,CW_c0.5_it10,51,51,0.0392156862745098,0.0392156862745098,CW,,10,Botnet Ares - Attempted,0.5
RF,CW_c0.5_it10,6072,6072,1.0,1.0,CW,,10,DDoS-HOIC,0.5
RF,CW_c0.5_it10,6058,6058,0.9995047870584352,0.9995047870584352,CW,,10,DDoS-LOIC-HTTP,0.5
RF,CW_c0.5_it10,526,526,0.9581749049429658,0.9581749049429658,CW,,10,DDoS-LOIC-UDP,0.5
RF,CW_c0.5_it10,59,58,0.8793103448275862,0.864406779661017,CW,,10,DDoS-LOIC-UDP - Attempted,0.5
RF,CW_c0.5_it10,4496,4496,1.0,1.0,CW,,10,DoS GoldenEye,0.5
RF,CW_c0.5_it10,873,873,1.0,1.0,CW,,10,DoS GoldenEye - Attempted,0.5
RF,CW_c0.5_it10,6080,6080,1.0,1.0,CW,,10,DoS Hulk,0.5
RF,CW_c0.5_it10,17,17,0.7647058823529411,0.7647058823529411,CW,,10,DoS Hulk - Attempted,0.5
RF,CW_c0.5_it10,1774,1774,0.6178128523111612,0.6178128523111612,CW,,10,DoS Slowloris,0.5
RF,CW_c0.5_it10,451,451,1.0,1.0,CW,,10,DoS Slowloris - Attempted,0.5
RF,CW_c0.5_it10,5862,5862,0.9938587512794268,0.9938587512794268,CW,,10,FTP-BruteForce - Attempted,0.5
RF,CW_c0.5_it10,40,40,0.925,0.925,CW,,10,Infiltration - Communication Victim Attacker,0.5
RF,CW_c0.5_it10,15,8,1.0,1.0,CW,,10,Infiltration - Dropbox Download,0.5
RF,CW_c0.5_it10,8,1,1.0,1.0,CW,,10,Infiltration - Dropbox Download - Attempted,0.5
RF,CW_c0.5_it10,5945,5940,0.19444444444444445,0.19495374264087467,CW,,10,Infiltration - NMAP Portscan,0.5
RF,CW_c0.5_it10,5952,5952,1.0,1.0,CW,,10,SSH-BruteForce,0.5
RF,CW_c0.5_it10,23,22,1.0,1.0,CW,,10,Web Attack - Brute Force,0.5
RF,CW_c0.5_it10,24,23,1.0,1.0,CW,,10,Web Attack - Brute Force - Attempted,0.5
RF,CW_c0.5_it10,8,6,0.3333333333333333,0.5,CW,,10,Web Attack - SQL,0.5
RF,CW_c0.5_it10,2,2,0.5,0.5,CW,,10,Web Attack - SQL - Attempted,0.5
RF,CW_c0.5_it10,22,22,1.0,1.0,CW,,10,Web Attack - XSS,0.5
RF,CW_c0.5_it10,1,1,1.0,1.0,CW,,10,Web Attack - XSS - Attempted,0.5
MLP,CW_c0.5_it10,60000,0,,,CW,,10,Benign,0.5
MLP,CW_c0.5_it10,5944,5944,0.9991588156123823,0.9991588156123823,CW,,10,Botnet Ares,0.5
MLP,CW_c0.5_it10,51,51,1.0,1.0,CW,,10,Botnet Ares - Attempted,0.5
MLP,CW_c0.5_it10,6072,6072,1.0,1.0,CW,,10,DDoS-HOIC,0.5
MLP,CW_c0.5_it10,6058,6058,1.0,1.0,CW,,10,DDoS-LOIC-HTTP,0.5
MLP,CW_c0.5_it10,526,522,0.9923371647509579,0.9847908745247148,CW,,10,DDoS-LOIC-UDP,0.5
MLP,CW_c0.5_it10,59,51,1.0,0.864406779661017,CW,,10,DDoS-LOIC-UDP - Attempted,0.5
MLP,CW_c0.5_it10,4496,4496,1.0,1.0,CW,,10,DoS GoldenEye,0.5
MLP,CW_c0.5_it10,873,873,1.0,1.0,CW,,10,DoS GoldenEye - Attempted,0.5
MLP,CW_c0.5_it10,6080,6080,1.0,1.0,CW,,10,DoS Hulk,0.5
MLP,CW_c0.5_it10,17,17,1.0,1.0,CW,,10,DoS Hulk - Attempted,0.5
MLP,CW_c0.5_it10,1774,1774,1.0,1.0,CW,,10,DoS Slowloris,0.5
MLP,CW_c0.5_it10,451,451,1.0,1.0,CW,,10,DoS Slowloris - Attempted,0.5
MLP,CW_c0.5_it10,5862,5862,1.0,1.0,CW,,10,FTP-BruteForce - Attempted,0.5
MLP,CW_c0.5_it10,40,37,1.0,0.95,CW,,10,Infiltration - Communication Victim Attacker,0.5
MLP,CW_c0.5_it10,15,0,,0.0,CW,,10,Infiltration - Dropbox Download,0.5
MLP,CW_c0.5_it10,8,0,,0.0,CW,,10,Infiltration - Dropbox Download - Attempted,0.5
MLP,CW_c0.5_it10,5945,5825,0.9981115879828326,0.9779646761984861,CW,,10,Infiltration - NMAP Portscan,0.5
MLP,CW_c0.5_it10,5952,5952,1.0,1.0,CW,,10,SSH-BruteForce,0.5
MLP,CW_c0.5_it10,23,22,1.0,0.9565217391304348,CW,,10,Web Attack - Brute Force,0.5
MLP,CW_c0.5_it10,24,23,1.0,0.9583333333333334,CW,,10,Web Attack - Brute Force - Attempted,0.5
MLP,CW_c0.5_it10,8,7,1.0,0.875,CW,,10,Web Attack - SQL,0.5
MLP,CW_c0.5_it10,2,2,1.0,1.0,CW,,10,Web Attack - SQL - Attempted,0.5
MLP,CW_c0.5_it10,22,22,1.0,1.0,CW,,10,Web Attack - XSS,0.5
MLP,CW_c0.5_it10,1,0,,0.0,CW,,10,Web Attack - XSS - Attempted,0.5
