accuracy,precision,recall,f1,fpr,fnr,model,oversample,applicable,n_features,attack,asr,family,epsilon,iters,confidence,n_train,n_categorical_selected,categorical_selected,resampled,seed
0.8933823529411765,0.575682382133995,0.5672371638141809,0.5714285714285714,0.0598949211908931,0.432762836185819,LR,smote,True,15.0,clean,0.0,,,,,,,,,42
0.9022671568627452,0.6222826086956522,0.5599022004889975,0.5894465894465895,0.0486865148861646,0.4400977995110024,SVM,smote,True,15.0,clean,0.0,,,,,,,,,42
0.9126838235294118,0.6324786324786325,0.7237163814180929,0.6750285062713797,0.0602451838879159,0.2762836185819071,RF,smote,True,15.0,clean,0.0,,,,,,,,,42
0.8526348039215687,0.4484240687679083,0.7652811735941321,0.5654923215898826,0.1348511383537653,0.2347188264058679,MLP,smote,True,15.0,clean,0.0,,,,,,,,,42
0.1997549019607843,0.0939918908956874,0.6234718826405868,0.1633568225496476,0.8609457092819615,0.3765281173594132,LR,smote,True,15.0,FGSM_eps0.15,0.7325367647058824,FGSM,0.15,1.0,,,,,,42
0.1513480392156862,0.0415533980582524,0.2616136919315403,0.0717158176943699,0.8644483362521891,0.7383863080684596,SVM,smote,True,15.0,FGSM_eps0.15,0.789828431372549,FGSM,0.15,1.0,,,,,,42
0.8590686274509803,0.0363636363636363,0.0048899755501222,0.0086206896551724,0.0185639229422066,0.9951100244498776,RF,smote,True,15.0,FGSM_eps0.15,0.1056985294117647,FGSM,0.15,1.0,,,,,,42
0.321078431372549,0.118615449556775,0.687041564792176,0.2023038156947444,0.7313485113835376,0.3129584352078239,MLP,smote,True,15.0,FGSM_eps0.15,0.6773897058823529,FGSM,0.15,1.0,,,,,,42
0.1697303921568627,0.0663399924613644,0.4303178484107579,0.1149575440888308,0.8676007005253941,0.5696821515892421,LR,smote,True,15.0,FGSM_eps0.3,0.7625612745098039,FGSM,0.3,1.0,,,,,,42
0.1495098039215686,0.0393149085247177,0.2469437652811736,0.0678307588985896,0.8644483362521891,0.7530562347188264,SVM,smote,True,15.0,FGSM_eps0.3,0.7916666666666666,FGSM,0.3,1.0,,,,,,42
0.8204656862745098,0.0163934426229508,0.0073349633251833,0.0101351351351351,0.063047285464098,0.9926650366748166,RF,smote,True,15.0,FGSM_eps0.3,0.1446078431372549,FGSM,0.3,1.0,,,,,,42
0.1838235294117647,0.0590535784122017,0.3691931540342298,0.1018206338503034,0.8427320490367776,0.6308068459657702,MLP,smote,True,15.0,FGSM_eps0.3,0.8158700980392157,FGSM,0.3,1.0,,,,,,42
0.1681985294117647,0.0642479213907785,0.4156479217603912,0.1112929623567921,0.8672504378283713,0.5843520782396088,LR,smote,True,15.0,FGSM_eps0.5,0.7643995098039216,FGSM,0.5,1.0,,,,,,42
0.1495098039215686,0.0393149085247177,0.2469437652811736,0.0678307588985896,0.8644483362521891,0.7530562347188264,SVM,smote,True,15.0,FGSM_eps0.5,0.7916666666666666,FGSM,0.5,1.0,,,,,,42
0.3667279411764705,0.031638418079096,0.1369193154034229,0.0513997246443322,0.6003502626970227,0.863080684596577,RF,smote,True,15.0,FGSM_eps0.5,0.5925245098039216,FGSM,0.5,1.0,,,,,,42
0.1605392156862745,0.0459680560966108,0.2885085574572127,0.0793010752688172,0.8577933450087566,0.7114914425427873,MLP,smote,True,15.0,FGSM_eps0.5,0.8394607843137255,FGSM,0.5,1.0,,,,,,42
0.1672794117647058,0.0625236832133383,0.4034229828850856,0.108267716535433,0.8665499124343258,0.5965770171149144,LR,smote,True,15.0,FGSM_eps0.75,0.7659313725490197,FGSM,0.75,1.0,,,,,,42
0.1495098039215686,0.0393149085247177,0.2469437652811736,0.0678307588985896,0.8644483362521891,0.7530562347188264,SVM,smote,True,15.0,FGSM_eps0.75,0.7916666666666666,FGSM,0.75,1.0,,,,,,42
0.1694240196078431,0.0381219903691813,0.2322738386308068,0.0654946570148224,0.8395796847635727,0.7677261613691931,RF,smote,True,15.0,FGSM_eps0.75,0.7833946078431373,FGSM,0.75,1.0,,,,,,42
0.1537990196078431,0.0406091370558375,0.254278728606357,0.07003367003367,0.8605954465849387,0.7457212713936431,MLP,smote,True,15.0,FGSM_eps0.75,0.8462009803921569,FGSM,0.75,1.0,,,,,,42
0.2126225490196078,0.1029033443586916,0.684596577017115,0.1789137380191693,0.8549912434325744,0.3154034229828851,LR,smote,True,15.0,PGD_eps0.15_it10,0.7193627450980392,PGD,0.15,10.0,,,,,,42
0.1510416666666666,0.0404669260700389,0.254278728606357,0.0698220879489761,0.8637478108581436,0.7457212713936431,SVM,smote,True,15.0,PGD_eps0.15_it10,0.7901348039215687,PGD,0.15,10.0,,,,,,42
0.8590686274509803,0.0677966101694915,0.0097799511002444,0.017094017094017,0.0192644483362521,0.9902200488997556,RF,smote,True,15.0,PGD_eps0.15_it10,0.1060049019607843,PGD,0.15,10.0,,,,,,42
0.2950367647058823,0.104515050167224,0.6112469437652812,0.1785076758300607,0.750262697022767,0.3887530562347188,MLP,smote,True,15.0,PGD_eps0.15_it10,0.7034313725490197,PGD,0.15,10.0,,,,,,42
0.2156862745098039,0.1038674033149171,0.6894865525672371,0.1805377720870678,0.8521891418563923,0.3105134474327628,LR,smote,True,15.0,PGD_eps0.15_it25,0.7166053921568627,PGD,0.15,25.0,,,,,,42
0.1510416666666666,0.0404669260700389,0.254278728606357,0.0698220879489761,0.8637478108581436,0.7457212713936431,SVM,smote,True,15.0,PGD_eps0.15_it25,0.7901348039215687,PGD,0.15,25.0,,,,,,42
0.8602941176470589,0.0727272727272727,0.0097799511002444,0.0172413793103448,0.0178633975481611,0.9902200488997556,RF,smote,True,15.0,PGD_eps0.15_it25,0.1047794117647058,PGD,0.15,25.0,,,,,,42
0.2971813725490196,0.1048218029350104,0.6112469437652812,0.1789549033643521,0.7478108581436077,0.3887530562347188,MLP,smote,True,15.0,PGD_eps0.15_it25,0.7012867647058824,PGD,0.15,25.0,,,,,,42
0.1724877450980392,0.0685240963855421,0.4449877750611247,0.1187601957585644,0.8665499124343258,0.5550122249388753,LR,smote,True,15.0,PGD_eps0.3_it10,0.7607230392156863,PGD,0.3,10.0,,,,,,42
0.1498161764705882,0.0393302180685358,0.2469437652811736,0.0678535438360765,0.8640980735551663,0.7530562347188264,SVM,smote,True,15.0,PGD_eps0.3_it10,0.7913602941176471,PGD,0.3,10.0,,,,,,42
0.8143382352941176,0.0147783251231527,0.0073349633251833,0.0098039215686274,0.0700525394045534,0.9926650366748166,RF,smote,True,15.0,PGD_eps0.3_it10,0.150735294117647,PGD,0.3,10.0,,,,,,42
0.1666666666666666,0.0502140910860256,0.3154034229828851,0.086635325721961,0.8546409807355516,0.684596577017115,MLP,smote,True,15.0,PGD_eps0.3_it10,0.8330269607843137,PGD,0.3,10.0,,,,,,42
0.174938725490196,0.0713213213213213,0.4645476772616136,0.1236576635209892,0.8665499124343258,0.5354523227383863,LR,smote,True,15.0,PGD_eps0.3_it25,0.7582720588235294,PGD,0.3,25.0,,,,,,42
0.1498161764705882,0.0393302180685358,0.2469437652811736,0.0678535438360765,0.8640980735551663,0.7530562347188264,SVM,smote,True,15.0,PGD_eps0.3_it25,0.7913602941176471,PGD,0.3,25.0,,,,,,42
0.8161764705882353,0.015228426395939,0.0073349633251833,0.0099009900990099,0.0679509632224168,0.9926650366748166,RF,smote,True,15.0,PGD_eps0.3_it25,0.1488970588235294,PGD,0.3,25.0,,,,,,42
0.1672794117647058,0.0502532138683287,0.3154034229828851,0.0866935483870967,0.8539404553415061,0.684596577017115,MLP,smote,True,15.0,PGD_eps0.3_it25,0.8324142156862745,PGD,0.3,25.0,,,,,,42
0.1629901960784313,0.0571864277544796,0.3667481662591687,0.0989445910290237,0.866199649737303,0.6332518337408313,LR,smote,True,15.0,PGD_eps0.5_it10,0.7702205882352942,PGD,0.5,10.0,,,,,,42
0.1495098039215686,0.0393149085247177,0.2469437652811736,0.0678307588985896,0.8644483362521891,0.7530562347188264,SVM,smote,True,15.0,PGD_eps0.5_it10,0.7916666666666666,PGD,0.5,10.0,,,,,,42
0.5333946078431373,0.0239316239316239,0.0684596577017114,0.0354654844838505,0.4,0.9315403422982884,RF,smote,True,15.0,PGD_eps0.5_it10,0.4276960784313725,PGD,0.5,10.0,,,,,,42
0.1525735294117647,0.0401872805306281,0.2518337408312958,0.0693135935397039,0.861646234676007,0.7481662591687042,MLP,smote,True,15.0,PGD_eps0.5_it10,0.8474264705882353,PGD,0.5,10.0,,,,,,42
0.1620710784313725,0.0557677616501145,0.3569682151589242,0.0964651470102411,0.8658493870402802,0.6430317848410758,LR,smote,True,15.0,PGD_eps0.5_it25,0.7714460784313726,PGD,0.5,25.0,,,,,,42
0.1498161764705882,0.0393302180685358,0.2469437652811736,0.0678535438360765,0.8640980735551663,0.7530562347188264,SVM,smote,True,15.0,PGD_eps0.5_it25,0.7913602941176471,PGD,0.5,25.0,,,,,,42
0.5052083333333334,0.025943396226415,0.0806845965770171,0.0392623438429506,0.4339754816112084,0.9193154034229828,RF,smote,True,15.0,PGD_eps0.5_it25,0.456188725490196,PGD,0.5,25.0,,,,,,42
0.1528799019607843,0.0405616224648986,0.254278728606357,0.0699630003363605,0.861646234676007,0.7457212713936431,MLP,smote,True,15.0,PGD_eps0.5_it25,0.8471200980392157,PGD,0.5,25.0,,,,,,42
0.1617647058823529,0.0560854635635253,0.3594132029339853,0.097029702970297,0.8665499124343258,0.6405867970660146,LR,smote,True,15.0,PGD_eps0.75_it10,0.7714460784313726,PGD,0.75,10.0,,,,,,42
0.1495098039215686,0.0393149085247177,0.2469437652811736,0.0678307588985896,0.8644483362521891,0.7530562347188264,SVM,smote,True,15.0,PGD_eps0.75_it10,0.7916666666666666,PGD,0.75,10.0,,,,,,42
0.4056372549019608,0.0295021511985248,0.1173594132029339,0.0471512770137524,0.5530647985989492,0.882640586797066,RF,smote,True,15.0,PGD_eps0.75_it10,0.5575980392156863,PGD,0.75,10.0,,,,,,42
0.1510416666666666,0.0383111806098514,0.2396088019559902,0.0660599932591843,0.861646234676007,0.7603911980440098,MLP,smote,True,15.0,PGD_eps0.75_it10,0.8489583333333334,PGD,0.75,10.0,,,,,,42
0.1620710784313725,0.0561068702290076,0.3594132029339853,0.097061736546715,0.866199649737303,0.6405867970660146,LR,smote,True,15.0,PGD_eps0.75_it25,0.7714460784313726,PGD,0.75,25.0,,,,,,42
0.1495098039215686,0.0393149085247177,0.2469437652811736,0.0678307588985896,0.8644483362521891,0.7530562347188264,SVM,smote,True,15.0,PGD_eps0.75_it25,0.7916666666666666,PGD,0.75,25.0,,,,,,42
0.3192401960784313,0.0334534225424601,0.1589242053789731,0.0552721088435374,0.6577933450087565,0.8410757946210269,RF,smote,True,15.0,PGD_eps0.75_it25,0.640625,PGD,0.75,25.0,,,,,,42
0.1510416666666666,0.0383111806098514,0.2396088019559902,0.0660599932591843,0.861646234676007,0.7603911980440098,MLP,smote,True,15.0,PGD_eps0.75_it25,0.8489583333333334,PGD,0.75,25.0,,,,,,42
0.3363970588235294,0.0426861009890681,0.2004889975550122,0.0703862660944206,0.6441330998248687,0.7995110024449877,LR,smote,True,15.0,CW_c0.0_it10,0.5765931372549019,CW,,10.0,0.0,,,,,42
0.2071078431372549,0.0369740756481088,0.2127139364303178,0.0629978276611151,0.7936952714535902,0.7872860635696821,SVM,smote,True,15.0,CW_c0.0_it10,0.7261029411764706,CW,,10.0,0.0,,,,,42
0.8529411764705882,0.134020618556701,0.0317848410757946,0.0513833992094861,0.0294220665499124,0.9682151589242054,RF,smote,True,15.0,CW_c0.0_it10,0.1099877450980392,CW,,10.0,0.0,,,,,42
0.149203431372549,0.0375,0.2347188264058679,0.0646682384641293,0.863047285464098,0.7652811735941321,MLP,smote,True,15.0,CW_c0.0_it10,0.8495710784313726,CW,,10.0,0.0,,,,,42
0.2018995098039215,0.046655656482246,0.2762836185819071,0.0798304486047333,0.8087565674255692,0.7237163814180929,LR,smote,True,15.0,CW_c0.5_it10,0.7245710784313726,CW,,10.0,0.5,,,,,42
0.1525735294117647,0.0394685423993747,0.2469437652811736,0.0680592991913746,0.8609457092819615,0.7530562347188264,SVM,smote,True,15.0,CW_c0.5_it10,0.788296568627451,CW,,10.0,0.5,,,,,42
0.8572303921568627,0.0476190476190476,0.0073349633251833,0.0127118644067796,0.021015761821366,0.9926650366748166,RF,smote,True,15.0,CW_c0.5_it10,0.1081495098039215,CW,,10.0,0.5,,,,,42
0.1479779411764706,0.0374414976599064,0.2347188264058679,0.0645812310797174,0.8644483362521891,0.7652811735941321,MLP,smote,True,15.0,CW_c0.5_it10,0.8520220588235294,CW,,10.0,0.5,,,,,42
0.8933823529411765,0.575682382133995,0.5672371638141809,0.5714285714285714,0.0598949211908931,0.432762836185819,LR,smotenc,True,,clean,0.0,,,,,22834.0,0.0,,True,42
0.9022671568627452,0.6222826086956522,0.5599022004889975,0.5894465894465895,0.0486865148861646,0.4400977995110024,SVM,smotenc,True,,clean,0.0,,,,,22834.0,0.0,,True,42
0.9126838235294118,0.6324786324786325,0.7237163814180929,0.6750285062713797,0.0602451838879159,0.2762836185819071,RF,smotenc,True,,clean,0.0,,,,,22834.0,0.0,,True,42
0.8526348039215687,0.4484240687679083,0.7652811735941321,0.5654923215898826,0.1348511383537653,0.2347188264058679,MLP,smotenc,True,,clean,0.0,,,,,22834.0,0.0,,True,42
0.1997549019607843,0.0939918908956874,0.6234718826405868,0.1633568225496476,0.8609457092819615,0.3765281173594132,LR,smotenc,True,,FGSM_eps0.15,0.7325367647058824,FGSM,0.15,1.0,,22834.0,0.0,,True,42
0.1513480392156862,0.0415533980582524,0.2616136919315403,0.0717158176943699,0.8644483362521891,0.7383863080684596,SVM,smotenc,True,,FGSM_eps0.15,0.789828431372549,FGSM,0.15,1.0,,22834.0,0.0,,True,42
0.8590686274509803,0.0363636363636363,0.0048899755501222,0.0086206896551724,0.0185639229422066,0.9951100244498776,RF,smotenc,True,,FGSM_eps0.15,0.1056985294117647,FGSM,0.15,1.0,,22834.0,0.0,,True,42
0.321078431372549,0.118615449556775,0.687041564792176,0.2023038156947444,0.7313485113835376,0.3129584352078239,MLP,smotenc,True,,FGSM_eps0.15,0.6773897058823529,FGSM,0.15,1.0,,22834.0,0.0,,True,42
0.1697303921568627,0.0663399924613644,0.4303178484107579,0.1149575440888308,0.8676007005253941,0.5696821515892421,LR,smotenc,True,,FGSM_eps0.3,0.7625612745098039,FGSM,0.3,1.0,,22834.0,0.0,,True,42
0.1495098039215686,0.0393149085247177,0.2469437652811736,0.0678307588985896,0.8644483362521891,0.7530562347188264,SVM,smotenc,True,,FGSM_eps0.3,0.7916666666666666,FGSM,0.3,1.0,,22834.0,0.0,,True,42
0.8204656862745098,0.0163934426229508,0.0073349633251833,0.0101351351351351,0.063047285464098,0.9926650366748166,RF,smotenc,True,,FGSM_eps0.3,0.1446078431372549,FGSM,0.3,1.0,,22834.0,0.0,,True,42
0.1838235294117647,0.0590535784122017,0.3691931540342298,0.1018206338503034,0.8427320490367776,0.6308068459657702,MLP,smotenc,True,,FGSM_eps0.3,0.8158700980392157,FGSM,0.3,1.0,,22834.0,0.0,,True,42
0.1681985294117647,0.0642479213907785,0.4156479217603912,0.1112929623567921,0.8672504378283713,0.5843520782396088,LR,smotenc,True,,FGSM_eps0.5,0.7643995098039216,FGSM,0.5,1.0,,22834.0,0.0,,True,42
0.1495098039215686,0.0393149085247177,0.2469437652811736,0.0678307588985896,0.8644483362521891,0.7530562347188264,SVM,smotenc,True,,FGSM_eps0.5,0.7916666666666666,FGSM,0.5,1.0,,22834.0,0.0,,True,42
0.3667279411764705,0.031638418079096,0.1369193154034229,0.0513997246443322,0.6003502626970227,0.863080684596577,RF,smotenc,True,,FGSM_eps0.5,0.5925245098039216,FGSM,0.5,1.0,,22834.0,0.0,,True,42
0.1605392156862745,0.0459680560966108,0.2885085574572127,0.0793010752688172,0.8577933450087566,0.7114914425427873,MLP,smotenc,True,,FGSM_eps0.5,0.8394607843137255,FGSM,0.5,1.0,,22834.0,0.0,,True,42
0.1672794117647058,0.0625236832133383,0.4034229828850856,0.108267716535433,0.8665499124343258,0.5965770171149144,LR,smotenc,True,,FGSM_eps0.75,0.7659313725490197,FGSM,0.75,1.0,,22834.0,0.0,,True,42
0.1495098039215686,0.0393149085247177,0.2469437652811736,0.0678307588985896,0.8644483362521891,0.7530562347188264,SVM,smotenc,True,,FGSM_eps0.75,0.7916666666666666,FGSM,0.75,1.0,,22834.0,0.0,,True,42
0.1694240196078431,0.0381219903691813,0.2322738386308068,0.0654946570148224,0.8395796847635727,0.7677261613691931,RF,smotenc,True,,FGSM_eps0.75,0.7833946078431373,FGSM,0.75,1.0,,22834.0,0.0,,True,42
0.1537990196078431,0.0406091370558375,0.254278728606357,0.07003367003367,0.8605954465849387,0.7457212713936431,MLP,smotenc,True,,FGSM_eps0.75,0.8462009803921569,FGSM,0.75,1.0,,22834.0,0.0,,True,42
0.2126225490196078,0.1029033443586916,0.684596577017115,0.1789137380191693,0.8549912434325744,0.3154034229828851,LR,smotenc,True,,PGD_eps0.15_it10,0.7193627450980392,PGD,0.15,10.0,,22834.0,0.0,,True,42
0.1510416666666666,0.0404669260700389,0.254278728606357,0.0698220879489761,0.8637478108581436,0.7457212713936431,SVM,smotenc,True,,PGD_eps0.15_it10,0.7901348039215687,PGD,0.15,10.0,,22834.0,0.0,,True,42
0.8590686274509803,0.0677966101694915,0.0097799511002444,0.017094017094017,0.0192644483362521,0.9902200488997556,RF,smotenc,True,,PGD_eps0.15_it10,0.1060049019607843,PGD,0.15,10.0,,22834.0,0.0,,True,42
0.2950367647058823,0.104515050167224,0.6112469437652812,0.1785076758300607,0.750262697022767,0.3887530562347188,MLP,smotenc,True,,PGD_eps0.15_it10,0.7034313725490197,PGD,0.15,10.0,,22834.0,0.0,,True,42
0.2156862745098039,0.1038674033149171,0.6894865525672371,0.1805377720870678,0.8521891418563923,0.3105134474327628,LR,smotenc,True,,PGD_eps0.15_it25,0.7166053921568627,PGD,0.15,25.0,,22834.0,0.0,,True,42
0.1510416666666666,0.0404669260700389,0.254278728606357,0.0698220879489761,0.8637478108581436,0.7457212713936431,SVM,smotenc,True,,PGD_eps0.15_it25,0.7901348039215687,PGD,0.15,25.0,,22834.0,0.0,,True,42
0.8602941176470589,0.0727272727272727,0.0097799511002444,0.0172413793103448,0.0178633975481611,0.9902200488997556,RF,smotenc,True,,PGD_eps0.15_it25,0.1047794117647058,PGD,0.15,25.0,,22834.0,0.0,,True,42
0.2971813725490196,0.1048218029350104,0.6112469437652812,0.1789549033643521,0.7478108581436077,0.3887530562347188,MLP,smotenc,True,,PGD_eps0.15_it25,0.7012867647058824,PGD,0.15,25.0,,22834.0,0.0,,True,42
0.1724877450980392,0.0685240963855421,0.4449877750611247,0.1187601957585644,0.8665499124343258,0.5550122249388753,LR,smotenc,True,,PGD_eps0.3_it10,0.7607230392156863,PGD,0.3,10.0,,22834.0,0.0,,True,42
0.1498161764705882,0.0393302180685358,0.2469437652811736,0.0678535438360765,0.8640980735551663,0.7530562347188264,SVM,smotenc,True,,PGD_eps0.3_it10,0.7913602941176471,PGD,0.3,10.0,,22834.0,0.0,,True,42
0.8143382352941176,0.0147783251231527,0.0073349633251833,0.0098039215686274,0.0700525394045534,0.9926650366748166,RF,smotenc,True,,PGD_eps0.3_it10,0.150735294117647,PGD,0.3,10.0,,22834.0,0.0,,True,42
0.1666666666666666,0.0502140910860256,0.3154034229828851,0.086635325721961,0.8546409807355516,0.684596577017115,MLP,smotenc,True,,PGD_eps0.3_it10,0.8330269607843137,PGD,0.3,10.0,,22834.0,0.0,,True,42
0.174938725490196,0.0713213213213213,0.4645476772616136,0.1236576635209892,0.8665499124343258,0.5354523227383863,LR,smotenc,True,,PGD_eps0.3_it25,0.7582720588235294,PGD,0.3,25.0,,22834.0,0.0,,True,42
0.1498161764705882,0.0393302180685358,0.2469437652811736,0.0678535438360765,0.8640980735551663,0.7530562347188264,SVM,smotenc,True,,PGD_eps0.3_it25,0.7913602941176471,PGD,0.3,25.0,,22834.0,0.0,,True,42
0.8161764705882353,0.015228426395939,0.0073349633251833,0.0099009900990099,0.0679509632224168,0.9926650366748166,RF,smotenc,True,,PGD_eps0.3_it25,0.1488970588235294,PGD,0.3,25.0,,22834.0,0.0,,True,42
0.1672794117647058,0.0502532138683287,0.3154034229828851,0.0866935483870967,0.8539404553415061,0.684596577017115,MLP,smotenc,True,,PGD_eps0.3_it25,0.8324142156862745,PGD,0.3,25.0,,22834.0,0.0,,True,42
0.1629901960784313,0.0571864277544796,0.3667481662591687,0.0989445910290237,0.866199649737303,0.6332518337408313,LR,smotenc,True,,PGD_eps0.5_it10,0.7702205882352942,PGD,0.5,10.0,,22834.0,0.0,,True,42
0.1495098039215686,0.0393149085247177,0.2469437652811736,0.0678307588985896,0.8644483362521891,0.7530562347188264,SVM,smotenc,True,,PGD_eps0.5_it10,0.7916666666666666,PGD,0.5,10.0,,22834.0,0.0,,True,42
0.5333946078431373,0.0239316239316239,0.0684596577017114,0.0354654844838505,0.4,0.9315403422982884,RF,smotenc,True,,PGD_eps0.5_it10,0.4276960784313725,PGD,0.5,10.0,,22834.0,0.0,,True,42
0.1525735294117647,0.0401872805306281,0.2518337408312958,0.0693135935397039,0.861646234676007,0.7481662591687042,MLP,smotenc,True,,PGD_eps0.5_it10,0.8474264705882353,PGD,0.5,10.0,,22834.0,0.0,,True,42
0.1620710784313725,0.0557677616501145,0.3569682151589242,0.0964651470102411,0.8658493870402802,0.6430317848410758,LR,smotenc,True,,PGD_eps0.5_it25,0.7714460784313726,PGD,0.5,25.0,,22834.0,0.0,,True,42
0.1498161764705882,0.0393302180685358,0.2469437652811736,0.0678535438360765,0.8640980735551663,0.7530562347188264,SVM,smotenc,True,,PGD_eps0.5_it25,0.7913602941176471,PGD,0.5,25.0,,22834.0,0.0,,True,42
0.5052083333333334,0.025943396226415,0.0806845965770171,0.0392623438429506,0.4339754816112084,0.9193154034229828,RF,smotenc,True,,PGD_eps0.5_it25,0.456188725490196,PGD,0.5,25.0,,22834.0,0.0,,True,42
0.1528799019607843,0.0405616224648986,0.254278728606357,0.0699630003363605,0.861646234676007,0.7457212713936431,MLP,smotenc,True,,PGD_eps0.5_it25,0.8471200980392157,PGD,0.5,25.0,,22834.0,0.0,,True,42
0.1617647058823529,0.0560854635635253,0.3594132029339853,0.097029702970297,0.8665499124343258,0.6405867970660146,LR,smotenc,True,,PGD_eps0.75_it10,0.7714460784313726,PGD,0.75,10.0,,22834.0,0.0,,True,42
0.1495098039215686,0.0393149085247177,0.2469437652811736,0.0678307588985896,0.8644483362521891,0.7530562347188264,SVM,smotenc,True,,PGD_eps0.75_it10,0.7916666666666666,PGD,0.75,10.0,,22834.0,0.0,,True,42
0.4056372549019608,0.0295021511985248,0.1173594132029339,0.0471512770137524,0.5530647985989492,0.882640586797066,RF,smotenc,True,,PGD_eps0.75_it10,0.5575980392156863,PGD,0.75,10.0,,22834.0,0.0,,True,42
0.1510416666666666,0.0383111806098514,0.2396088019559902,0.0660599932591843,0.861646234676007,0.7603911980440098,MLP,smotenc,True,,PGD_eps0.75_it10,0.8489583333333334,PGD,0.75,10.0,,22834.0,0.0,,True,42
0.1620710784313725,0.0561068702290076,0.3594132029339853,0.097061736546715,0.866199649737303,0.6405867970660146,LR,smotenc,True,,PGD_eps0.75_it25,0.7714460784313726,PGD,0.75,25.0,,22834.0,0.0,,True,42
0.1495098039215686,0.0393149085247177,0.2469437652811736,0.0678307588985896,0.8644483362521891,0.7530562347188264,SVM,smotenc,True,,PGD_eps0.75_it25,0.7916666666666666,PGD,0.75,25.0,,22834.0,0.0,,True,42
0.3192401960784313,0.0334534225424601,0.1589242053789731,0.0552721088435374,0.6577933450087565,0.8410757946210269,RF,smotenc,True,,PGD_eps0.75_it25,0.640625,PGD,0.75,25.0,,22834.0,0.0,,True,42
0.1510416666666666,0.0383111806098514,0.2396088019559902,0.0660599932591843,0.861646234676007,0.7603911980440098,MLP,smotenc,True,,PGD_eps0.75_it25,0.8489583333333334,PGD,0.75,25.0,,22834.0,0.0,,True,42
0.3363970588235294,0.0426861009890681,0.2004889975550122,0.0703862660944206,0.6441330998248687,0.7995110024449877,LR,smotenc,True,,CW_c0.0_it10,0.5765931372549019,CW,,10.0,0.0,22834.0,0.0,,True,42
0.2071078431372549,0.0369740756481088,0.2127139364303178,0.0629978276611151,0.7936952714535902,0.7872860635696821,SVM,smotenc,True,,CW_c0.0_it10,0.7261029411764706,CW,,10.0,0.0,22834.0,0.0,,True,42
0.8529411764705882,0.134020618556701,0.0317848410757946,0.0513833992094861,0.0294220665499124,0.9682151589242054,RF,smotenc,True,,CW_c0.0_it10,0.1099877450980392,CW,,10.0,0.0,22834.0,0.0,,True,42
0.149203431372549,0.0375,0.2347188264058679,0.0646682384641293,0.863047285464098,0.7652811735941321,MLP,smotenc,True,,CW_c0.0_it10,0.8495710784313726,CW,,10.0,0.0,22834.0,0.0,,True,42
0.2018995098039215,0.046655656482246,0.2762836185819071,0.0798304486047333,0.8087565674255692,0.7237163814180929,LR,smotenc,True,,CW_c0.5_it10,0.7245710784313726,CW,,10.0,0.5,22834.0,0.0,,True,42
0.1525735294117647,0.0394685423993747,0.2469437652811736,0.0680592991913746,0.8609457092819615,0.7530562347188264,SVM,smotenc,True,,CW_c0.5_it10,0.788296568627451,CW,,10.0,0.5,22834.0,0.0,,True,42
0.8572303921568627,0.0476190476190476,0.0073349633251833,0.0127118644067796,0.021015761821366,0.9926650366748166,RF,smotenc,True,,CW_c0.5_it10,0.1081495098039215,CW,,10.0,0.5,22834.0,0.0,,True,42
0.1479779411764706,0.0374414976599064,0.2347188264058679,0.0645812310797174,0.8644483362521891,0.7652811735941321,MLP,smotenc,True,,CW_c0.5_it10,0.8520220588235294,CW,,10.0,0.5,22834.0,0.0,,True,42
0.9350490196078431,0.9377777777777778,0.5158924205378973,0.6656151419558359,0.0049036777583187,0.4841075794621027,LR,none,True,,clean,0.0,,,,,13054.0,0.0,,False,42
0.9378063725490196,0.976851851851852,0.5158924205378973,0.6752,0.0017513134851138,0.4841075794621027,SVM,none,True,,clean,0.0,,,,,13054.0,0.0,,False,42
0.9402573529411764,0.9458333333333332,0.5550122249388753,0.699537750385208,0.0045534150612959,0.4449877750611247,RF,none,True,,clean,0.0,,,,,13054.0,0.0,,False,42
0.9353553921568628,0.9342105263157896,0.5207823960880196,0.6687598116169545,0.0052539404553415,0.4792176039119804,MLP,none,True,,clean,0.0,,,,,13054.0,0.0,,False,42
0.8946078431372549,0.6540284360189573,0.3374083129584352,0.4451612903225806,0.0255691768826619,0.6625916870415648,LR,none,True,,FGSM_eps0.15,0.0431985294117647,FGSM,0.15,1.0,,13054.0,0.0,,False,42
0.1099877450980392,0.0684647302904564,0.4841075794621027,0.1199636473795819,0.9436077057793344,0.5158924205378973,SVM,none,True,,FGSM_eps0.15,0.8872549019607843,FGSM,0.15,1.0,,13054.0,0.0,,False,42
0.8566176470588235,0.0958904109589041,0.0171149144254278,0.0290456431535269,0.0231173380035026,0.982885085574572,RF,none,True,,FGSM_eps0.15,0.0876225490196078,FGSM,0.15,1.0,,13054.0,0.0,,False,42
0.8318014705882353,0.3948948948948949,0.6430317848410758,0.4893023255813953,0.1411558669001751,0.3569682151589242,MLP,none,True,,FGSM_eps0.15,0.1283700980392156,FGSM,0.15,1.0,,13054.0,0.0,,False,42
0.1608455882352941,0.1056194989844278,0.7628361858190709,0.1855486173059768,0.9253940455341506,0.2371638141809291,LR,none,True,,FGSM_eps0.3,0.8333333333333334,FGSM,0.3,1.0,,13054.0,0.0,,False,42
0.109375,0.0678200692041522,0.4792176039119804,0.1188238860260685,0.9436077057793344,0.5207823960880196,SVM,none,True,,FGSM_eps0.3,0.8878676470588235,FGSM,0.3,1.0,,13054.0,0.0,,False,42
0.8661151960784313,0.15,0.0146699266503667,0.0267260579064587,0.011908931698774,0.9853300733496332,RF,none,True,,FGSM_eps0.3,0.0778186274509804,FGSM,0.3,1.0,,13054.0,0.0,,False,42
0.4417892156862745,0.1511111111111111,0.7481662591687042,0.2514379622021364,0.6021015761821366,0.2518337408312958,MLP,none,True,,FGSM_eps0.3,0.5459558823529411,FGSM,0.3,1.0,,13054.0,0.0,,False,42
0.142156862745098,0.1037454424925422,0.7652811735941321,0.1827203736135434,0.947110332749562,0.2347188264058679,LR,none,True,,FGSM_eps0.5,0.852328431372549,FGSM,0.5,1.0,,13054.0,0.0,,False,42
0.109375,0.0678200692041522,0.4792176039119804,0.1188238860260685,0.9436077057793344,0.5207823960880196,SVM,none,True,,FGSM_eps0.5,0.8878676470588235,FGSM,0.5,1.0,,13054.0,0.0,,False,42
0.8192401960784313,0.1082251082251082,0.0611246943765281,0.078125,0.07215411558669,0.938875305623472,RF,none,True,,FGSM_eps0.5,0.1311274509803921,FGSM,0.5,1.0,,13054.0,0.0,,False,42
0.1862745098039215,0.1113801452784503,0.7872860635696821,0.1951515151515151,0.8998248686514886,0.2127139364303178,MLP,none,True,,FGSM_eps0.5,0.8118872549019608,FGSM,0.5,1.0,,13054.0,0.0,,False,42
0.1415441176470588,0.1028874875539329,0.7579462102689487,0.1811805961426066,0.9467600700525394,0.2420537897310513,LR,none,True,,FGSM_eps0.75,0.8532475490196079,FGSM,0.75,1.0,,13054.0,0.0,,False,42
0.1090686274509804,0.067497403946002,0.4767726161369193,0.118253486961795,0.9436077057793344,0.5232273838630807,SVM,none,True,,FGSM_eps0.75,0.8881740196078431,FGSM,0.75,1.0,,13054.0,0.0,,False,42
0.8097426470588235,0.0691056910569105,0.0415647921760391,0.0519083969465648,0.0802101576182136,0.9584352078239609,RF,none,True,,FGSM_eps0.75,0.1387867647058823,FGSM,0.75,1.0,,13054.0,0.0,,False,42
0.1066176470588235,0.0845210473980775,0.6234718826405868,0.148861646234676,0.9674255691768828,0.3765281173594132,MLP,none,True,,FGSM_eps0.75,0.8927696078431373,FGSM,0.75,1.0,,13054.0,0.0,,False,42
0.897671568627451,0.6744186046511628,0.3545232273838631,0.4647435897435897,0.0245183887915936,0.6454767726161369,LR,none,True,,PGD_eps0.15_it10,0.0404411764705882,PGD,0.15,10.0,,13054.0,0.0,,False,42
0.1393995098039215,0.0674116798846431,0.4572127139364303,0.1174992145774426,0.9061295971978984,0.5427872860635696,SVM,none,True,,PGD_eps0.15_it10,0.8544730392156863,PGD,0.15,10.0,,13054.0,0.0,,False,42
0.8388480392156863,0.072992700729927,0.0244498777506112,0.0366300366300366,0.0444833625218914,0.9755501222493888,RF,none,True,,PGD_eps0.15_it10,0.1066176470588235,PGD,0.15,10.0,,13054.0,0.0,,False,42
0.7879901960784313,0.3250927070457354,0.6430317848410758,0.4318555008210181,0.1912434325744308,0.3569682151589242,MLP,none,True,,PGD_eps0.15_it10,0.1780024509803921,PGD,0.15,10.0,,13054.0,0.0,,False,42
0.8982843137254902,0.6807511737089202,0.3545232273838631,0.4662379421221865,0.0238178633975481,0.6454767726161369,LR,none,True,,PGD_eps0.15_it25,0.0401348039215686,PGD,0.15,25.0,,13054.0,0.0,,False,42
0.1259191176470588,0.0669737774627923,0.4621026894865526,0.116991643454039,0.9222416812609456,0.5378973105134475,SVM,none,True,,PGD_eps0.15_it25,0.8688725490196079,PGD,0.15,25.0,,13054.0,0.0,,False,42
0.8376225490196079,0.0884353741496598,0.0317848410757946,0.0467625899280575,0.0469352014010507,0.9682151589242054,RF,none,True,,PGD_eps0.15_it25,0.1081495098039215,PGD,0.15,25.0,,13054.0,0.0,,False,42
0.7892156862745098,0.3271375464684015,0.6454767726161369,0.4342105263157895,0.1901926444833625,0.3545232273838631,MLP,none,True,,PGD_eps0.15_it25,0.1770833333333333,PGD,0.15,25.0,,13054.0,0.0,,False,42
0.1957720588235294,0.1045681655960028,0.7163814180929096,0.1824976642790408,0.8788091068301226,0.2836185819070904,LR,none,True,,PGD_eps0.3_it10,0.7956495098039216,PGD,0.3,10.0,,13054.0,0.0,,False,42
0.1112132352941176,0.0685595567867036,0.4841075794621027,0.1201091901728844,0.9422066549912436,0.5158924205378973,SVM,none,True,,PGD_eps0.3_it10,0.8866421568627451,PGD,0.3,10.0,,13054.0,0.0,,False,42
0.8627450980392157,0.1020408163265306,0.0122249388753056,0.0218340611353711,0.0154115586690017,0.9877750611246944,RF,none,True,,PGD_eps0.3_it10,0.081188725490196,PGD,0.3,10.0,,13054.0,0.0,,False,42
0.3658088235294117,0.1343020695728753,0.7457212713936431,0.2276119402985074,0.6886164623467601,0.254278728606357,MLP,none,True,,PGD_eps0.3_it10,0.6274509803921569,PGD,0.3,10.0,,13054.0,0.0,,False,42
0.181985294117647,0.1026362038664323,0.7139364303178484,0.1794714197910264,0.8942206654991244,0.2860635696821516,LR,none,True,,PGD_eps0.3_it25,0.8091299019607843,PGD,0.3,25.0,,13054.0,0.0,,False,42
0.1041666666666666,0.0686106346483705,0.4889975550122249,0.1203369434416365,0.9509632224168126,0.511002444987775,SVM,none,True,,PGD_eps0.3_it25,0.8943014705882353,PGD,0.3,25.0,,13054.0,0.0,,False,42
0.859375,0.0833333333333333,0.0122249388753056,0.021321961620469,0.0192644483362521,0.9877750611246944,RF,none,True,,PGD_eps0.3_it25,0.0842524509803921,PGD,0.3,25.0,,13054.0,0.0,,False,42
0.3636642156862745,0.1332453825857519,0.7408312958435208,0.2258665672754379,0.6903677758318739,0.2591687041564792,MLP,none,True,,PGD_eps0.3_it25,0.6295955882352942,PGD,0.3,25.0,,13054.0,0.0,,False,42
0.1363357843137254,0.0975283901135604,0.7139364303178484,0.1716132823978842,0.9464098073555166,0.2860635696821516,LR,none,True,,PGD_eps0.5_it10,0.8578431372549019,PGD,0.5,10.0,,13054.0,0.0,,False,42
0.0805759803921568,0.0671342685370741,0.491442542787286,0.1181310608286805,0.9782837127845884,0.508557457212714,SVM,none,True,,PGD_eps0.5_it10,0.9181985294117648,PGD,0.5,10.0,,13054.0,0.0,,False,42
0.8069852941176471,0.0414937759336099,0.0244498777506112,0.0307692307692307,0.0809106830122591,0.9755501222493888,RF,none,True,,PGD_eps0.5_it10,0.1384803921568627,PGD,0.5,10.0,,13054.0,0.0,,False,42
0.1317401960784313,0.0989083691696989,0.7310513447432763,0.1742424242424242,0.9541155866900176,0.2689486552567237,MLP,none,True,,PGD_eps0.5_it10,0.867953431372549,PGD,0.5,10.0,,13054.0,0.0,,False,42
0.1271446078431372,0.0949535192563081,0.6992665036674817,0.1672025723472668,0.954816112084063,0.3007334963325183,LR,none,True,,PGD_eps0.5_it25,0.8667279411764706,PGD,0.5,25.0,,13054.0,0.0,,False,42
0.0821078431372549,0.0672465707594513,0.491442542787286,0.1183048852266038,0.9765323992994746,0.508557457212714,SVM,none,True,,PGD_eps0.5_it25,0.9166666666666666,PGD,0.5,25.0,,13054.0,0.0,,False,42
0.7990196078431373,0.0304182509505703,0.0195599022004889,0.0238095238095238,0.0893169877408056,0.980440097799511,RF,none,True,,PGD_eps0.5_it25,0.1458333333333333,PGD,0.5,25.0,,13054.0,0.0,,False,42
0.126531862745098,0.0956953642384106,0.706601466992665,0.168562263050452,0.9565674255691768,0.293398533007335,MLP,none,True,,PGD_eps0.5_it25,0.8731617647058824,PGD,0.5,25.0,,13054.0,0.0,,False,42
0.1240808823529411,0.0894772117962466,0.6528117359413202,0.1573828470380194,0.9516637478108582,0.3471882640586797,LR,none,True,,PGD_eps0.75_it10,0.8713235294117647,PGD,0.75,10.0,,13054.0,0.0,,False,42
0.0707720588235294,0.0661375661375661,0.4889975550122249,0.1165161666181182,0.9891418563922942,0.511002444987775,SVM,none,True,,PGD_eps0.75_it10,0.928002450980392,PGD,0.75,10.0,,13054.0,0.0,,False,42
0.8201593137254902,0.0679611650485436,0.0342298288508557,0.0455284552845528,0.0672504378283712,0.9657701711491442,RF,none,True,,PGD_eps0.75_it10,0.1256127450980392,PGD,0.75,10.0,,13054.0,0.0,,False,42
0.0729166666666666,0.0699967137693066,0.5207823960880196,0.123406720741599,0.9912434325744308,0.4792176039119804,MLP,none,True,,PGD_eps0.75_it10,0.9270833333333334,PGD,0.75,10.0,,13054.0,0.0,,False,42
0.1004901960784313,0.0738617200674536,0.5354523227383863,0.1298162418494368,0.9618213660245184,0.4645476772616136,LR,none,True,,PGD_eps0.75_it25,0.8939950980392157,PGD,0.75,25.0,,13054.0,0.0,,False,42
0.0674019607843137,0.0656116056709528,0.4865525672371638,0.115630447414294,0.992644483362522,0.5134474327628362,SVM,none,True,,PGD_eps0.75_it25,0.9310661764705882,PGD,0.75,25.0,,13054.0,0.0,,False,42
0.7689950980392157,0.0299727520435967,0.0268948655256723,0.0283505154639175,0.124693520140105,0.9731051344743276,RF,none,True,,PGD_eps0.75_it25,0.1773897058823529,PGD,0.75,25.0,,13054.0,0.0,,False,42
0.0704656862745098,0.0692484410895963,0.5158924205378973,0.1221064814814814,0.9933450087565674,0.4841075794621027,MLP,none,True,,PGD_eps0.75_it25,0.9295343137254902,PGD,0.75,25.0,,13054.0,0.0,,False,42
0.4387254901960784,0.0442024343369634,0.1687041564792176,0.0700507614213198,0.5225919439579685,0.8312958435207825,LR,none,True,,CW_c0.0_it10,0.5162377450980392,CW,,10.0,0.0,13054.0,0.0,,False,42
0.1142769607843137,0.066083916083916,0.4621026894865526,0.1156316916488222,0.9355516637478108,0.5378973105134475,SVM,none,True,,CW_c0.0_it10,0.8786764705882353,CW,,10.0,0.0,13054.0,0.0,,False,42
0.8468137254901961,0.1417322834645669,0.0440097799511002,0.0671641791044776,0.0381786339754816,0.9559902200488998,RF,none,True,,CW_c0.0_it10,0.0998774509803921,CW,,10.0,0.0,13054.0,0.0,,False,42
0.0677083333333333,0.0659195781147,0.4889975550122249,0.1161777519604995,0.992644483362522,0.511002444987775,MLP,none,True,,CW_c0.0_it10,0.9319852941176472,CW,,10.0,0.0,13054.0,0.0,,False,42
0.2613357843137255,0.0666666666666666,0.3765281173594132,0.1132769400514895,0.7551663747810858,0.6234718826405868,LR,none,True,,CW_c0.5_it10,0.7107843137254902,CW,,10.0,0.5,13054.0,0.0,,False,42
0.0980392156862745,0.0773591197065688,0.5672371638141809,0.136150234741784,0.9691768826619964,0.432762836185819,SVM,none,True,,CW_c0.5_it10,0.8985906862745098,CW,,10.0,0.5,13054.0,0.0,,False,42
0.8299632352941176,0.1769911504424778,0.097799511002445,0.1259842519685039,0.0651488616462346,0.902200488997555,RF,none,True,,CW_c0.5_it10,0.1167279411764705,CW,,10.0,0.5,13054.0,0.0,,False,42
0.0719975490196078,0.0727332028701891,0.5452322738386308,0.1283453237410071,0.9957968476357268,0.4547677261613692,MLP,none,True,,CW_c0.5_it10,0.9267769607843136,CW,,10.0,0.5,13054.0,0.0,,False,42
0.8826593137254902,0.5318627450980392,0.530562347188264,0.5312117503059975,0.0669001751313485,0.4694376528117359,LR,smote,True,25.0,clean,0.0,,,,,,,,,7
0.8878676470588235,0.556135770234987,0.5207823960880196,0.5378787878787878,0.0595446584938704,0.4792176039119804,SVM,smote,True,25.0,clean,0.0,,,,,,,,,7
0.9111519607843136,0.6313465783664459,0.6992665036674817,0.6635730858468677,0.0584938704028021,0.3007334963325183,RF,smote,True,25.0,clean,0.0,,,,,,,,,7
0.8428308823529411,0.4295392953929539,0.7750611246943765,0.5527462946817786,0.1474605954465849,0.2249388753056234,MLP,smote,True,25.0,clean,0.0,,,,,,,,,7
0.399203431372549,0.123666343355965,0.6234718826405868,0.2063941723998381,0.6329246935201401,0.3765281173594132,LR,smote,True,25.0,FGSM_eps0.15,0.5162377450980392,FGSM,0.15,1.0,,,,,,7
0.166360294117647,0.0448818897637795,0.2787286063569682,0.0773143438453713,0.8497373029772329,0.7212713936430318,SVM,smote,True,25.0,FGSM_eps0.15,0.7582720588235294,FGSM,0.15,1.0,,,,,,7
0.8878676470588235,0.6028708133971292,0.3080684596577017,0.4077669902912621,0.0290718038528896,0.6919315403422983,RF,smote,True,25.0,FGSM_eps0.15,0.0741421568627451,FGSM,0.15,1.0,,,,,,7
0.1954656862745098,0.0685091475282211,0.4303178484107579,0.1182001343183344,0.8381786339754816,0.5696821515892421,MLP,smote,True,25.0,FGSM_eps0.15,0.8023897058823529,FGSM,0.15,1.0,,,,,,7
0.2622549019607843,0.0539937527889335,0.295843520782396,0.0913207547169811,0.7425569176882661,0.7041564792176039,LR,smote,True,25.0,FGSM_eps0.3,0.6544117647058824,FGSM,0.3,1.0,,,,,,7
0.1608455882352941,0.0398894154818325,0.2469437652811736,0.0686841210472628,0.8514886164623467,0.7530562347188264,SVM,smote,True,25.0,FGSM_eps0.3,0.7647058823529411,FGSM,0.3,1.0,,,,,,7
0.8259803921568627,0.2249134948096885,0.1589242053789731,0.1862464183381088,0.0784588441330998,0.8410757946210269,RF,smote,True,25.0,FGSM_eps0.3,0.1363357843137254,FGSM,0.3,1.0,,,,,,7
0.1626838235294117,0.0421591804570527,0.2616136919315403,0.0726162198846284,0.8514886164623467,0.7383863080684596,MLP,smote,True,25.0,FGSM_eps0.3,0.8354779411764706,FGSM,0.3,1.0,,,,,,7
0.1963848039215686,0.0410447761194029,0.2420537897310513,0.0701878766394895,0.8101576182136603,0.7579462102689487,LR,smote,True,25.0,FGSM_eps0.5,0.7221200980392157,FGSM,0.5,1.0,,,,,,7
0.1602328431372549,0.0398579321231254,0.2469437652811736,0.0686374447842337,0.8521891418563923,0.7530562347188264,SVM,smote,True,25.0,FGSM_eps0.5,0.7653186274509803,FGSM,0.5,1.0,,,,,,7
0.3342524509803921,0.0472279260780287,0.2249388753056234,0.0780653372931692,0.6500875656742557,0.7750611246943765,RF,smote,True,25.0,FGSM_eps0.5,0.6207107843137255,FGSM,0.5,1.0,,,,,,7
0.1605392156862745,0.0398736675878405,0.2469437652811736,0.0686607749830047,0.8518388791593695,0.7530562347188264,MLP,smote,True,25.0,FGSM_eps0.5,0.8382352941176471,FGSM,0.5,1.0,,,,,,7
0.1914828431372549,0.0388751033912324,0.2298288508557457,0.0665015917934205,0.8140105078809107,0.7701711491442543,LR,smote,True,25.0,FGSM_eps0.75,0.7282475490196079,FGSM,0.75,1.0,,,,,,7
0.1608455882352941,0.0398894154818325,0.2469437652811736,0.0686841210472628,0.8514886164623467,0.7530562347188264,SVM,smote,True,25.0,FGSM_eps0.75,0.7653186274509803,FGSM,0.75,1.0,,,,,,7
0.1620710784313725,0.0414037854889589,0.2567237163814181,0.0713073005093378,0.8514886164623467,0.7432762836185819,RF,smote,True,25.0,FGSM_eps0.75,0.7944240196078431,FGSM,0.75,1.0,,,,,,7
0.1614583333333333,0.0399209486166007,0.2469437652811736,0.0687308608370193,0.8507880910683012,0.7530562347188264,MLP,smote,True,25.0,FGSM_eps0.75,0.8382352941176471,FGSM,0.75,1.0,,,,,,7
0.2475490196078431,0.1037553232675183,0.6552567237163814,0.1791443850267379,0.8108581436077058,0.3447432762836185,LR,smote,True,25.0,PGD_eps0.15_it10,0.6715686274509803,PGD,0.15,10.0,,,,,,7
0.166360294117647,0.0452399685287175,0.2811735941320293,0.0779396814639105,0.8500875656742557,0.7188264058679706,SVM,smote,True,25.0,PGD_eps0.15_it10,0.7582720588235294,PGD,0.15,10.0,,,,,,7
0.8903186274509803,0.650887573964497,0.2689486552567237,0.3806228373702422,0.0206654991243432,0.7310513447432763,RF,smote,True,25.0,PGD_eps0.15_it10,0.0716911764705882,PGD,0.15,10.0,,,,,,7
0.1893382352941176,0.0632565404139008,0.3960880195599022,0.109090909090909,0.8402802101576182,0.6039119804400978,MLP,smote,True,25.0,PGD_eps0.15_it10,0.8085171568627451,PGD,0.15,10.0,,,,,,7
0.2478553921568627,0.1041021671826625,0.6577017114914425,0.1797527564316739,0.8108581436077058,0.3422982885085575,LR,smote,True,25.0,PGD_eps0.15_it25,0.6709558823529411,PGD,0.15,25.0,,,,,,7
0.1657475490196078,0.0444881889763779,0.2762836185819071,0.0766361478467277,0.8500875656742557,0.7237163814180929,SVM,smote,True,25.0,PGD_eps0.15_it25,0.7588848039215687,PGD,0.15,25.0,,,,,,7
0.8921568627450981,0.6727272727272727,0.2713936430317848,0.3867595818815331,0.0189141856392294,0.7286063569682152,RF,smote,True,25.0,PGD_eps0.15_it25,0.0698529411764705,PGD,0.15,25.0,,,,,,7
0.1896446078431372,0.0636221701795472,0.3985330073349633,0.1097273645237293,0.8402802101576182,0.6014669926650367,MLP,smote,True,25.0,PGD_eps0.15_it25,0.8082107843137255,PGD,0.15,25.0,,,,,,7
0.1780024509803921,0.0640337423312883,0.4083129584352078,0.1107059993370898,0.8549912434325744,0.5916870415647921,LR,smote,True,25.0,PGD_eps0.3_it10,0.7432598039215687,PGD,0.3,10.0,,,,,,7
0.1608455882352941,0.0398894154818325,0.2469437652811736,0.0686841210472628,0.8514886164623467,0.7530562347188264,SVM,smote,True,25.0,PGD_eps0.3_it10,0.7647058823529411,PGD,0.3,10.0,,,,,,7
0.8532475490196079,0.2891566265060241,0.1173594132029339,0.1669565217391304,0.0413309982486865,0.882640586797066,RF,smote,True,25.0,PGD_eps0.3_it10,0.1087622549019607,PGD,0.3,10.0,,,,,,7
0.1608455882352941,0.0406151419558359,0.2518337408312958,0.0699490662139219,0.8521891418563923,0.7481662591687042,MLP,smote,True,25.0,PGD_eps0.3_it10,0.8373161764705882,PGD,0.3,10.0,,,,,,7
0.1755514705882352,0.0621642363775901,0.3960880195599022,0.1074626865671641,0.8560420315236428,0.6039119804400978,LR,smote,True,25.0,PGD_eps0.3_it25,0.7457107843137255,PGD,0.3,25.0,,,,,,7
0.1608455882352941,0.0398894154818325,0.2469437652811736,0.0686841210472628,0.8514886164623467,0.7530562347188264,SVM,smote,True,25.0,PGD_eps0.3_it25,0.7647058823529411,PGD,0.3,25.0,,,,,,7
0.8511029411764706,0.2774566473988439,0.1173594132029339,0.1649484536082474,0.0437828371278458,0.882640586797066,RF,smote,True,25.0,PGD_eps0.3_it25,0.1106004901960784,PGD,0.3,25.0,,,,,,7
0.1608455882352941,0.0406151419558359,0.2518337408312958,0.0699490662139219,0.8521891418563923,0.7481662591687042,MLP,smote,True,25.0,PGD_eps0.3_it25,0.8373161764705882,PGD,0.3,25.0,,,,,,7
0.1580882352941176,0.0447644998053717,0.2811735941320293,0.0772330423102753,0.8595446584938704,0.7188264058679706,LR,smote,True,25.0,PGD_eps0.5_it10,0.7631740196078431,PGD,0.5,10.0,,,,,,7
0.1602328431372549,0.0398579321231254,0.2469437652811736,0.0686374447842337,0.8521891418563923,0.7530562347188264,SVM,smote,True,25.0,PGD_eps0.5_it10,0.7653186274509803,PGD,0.5,10.0,,,,,,7
0.5416666666666666,0.0613397901533494,0.1858190709046454,0.0922330097087378,0.4073555166374781,0.8141809290953546,RF,smote,True,25.0,PGD_eps0.5_it10,0.4157475490196078,PGD,0.5,10.0,,,,,,7
0.1611519607843137,0.039905175819834,0.2469437652811736,0.0687074829931972,0.851138353765324,0.7530562347188264,MLP,smote,True,25.0,PGD_eps0.5_it10,0.8382352941176471,PGD,0.5,10.0,,,,,,7
0.1611519607843137,0.0463576158940397,0.2909535452322738,0.0799731182795698,0.8574430823117338,0.7090464547677262,LR,smote,True,25.0,PGD_eps0.5_it25,0.7601102941176471,PGD,0.5,25.0,,,,,,7
0.1602328431372549,0.0398579321231254,0.2469437652811736,0.0686374447842337,0.8521891418563923,0.7530562347188264,SVM,smote,True,25.0,PGD_eps0.5_it25,0.7653186274509803,PGD,0.5,25.0,,,,,,7
0.5116421568627451,0.056843679880329,0.1858190709046454,0.0870561282932416,0.4416812609457093,0.8141809290953546,RF,smote,True,25.0,PGD_eps0.5_it25,0.4448529411764705,PGD,0.5,25.0,,,,,,7
0.1611519607843137,0.039905175819834,0.2469437652811736,0.0687074829931972,0.851138353765324,0.7530562347188264,MLP,smote,True,25.0,PGD_eps0.5_it25,0.8382352941176471,PGD,0.5,25.0,,,,,,7
0.159313725490196,0.0419772459788152,0.2616136919315403,0.0723461798512508,0.8553415061295973,0.7383863080684596,LR,smote,True,25.0,PGD_eps0.75_it10,0.7631740196078431,PGD,0.75,10.0,,,,,,7
0.1608455882352941,0.0398894154818325,0.2469437652811736,0.0686841210472628,0.8514886164623467,0.7530562347188264,SVM,smote,True,25.0,PGD_eps0.75_it10,0.7653186274509803,PGD,0.75,10.0,,,,,,7
0.1617647058823529,0.0406632451638373,0.2518337408312958,0.0700203942895989,0.851138353765324,0.7481662591687042,RF,smote,True,25.0,PGD_eps0.75_it10,0.7944240196078431,PGD,0.75,10.0,,,,,,7
0.1614583333333333,0.0399209486166007,0.2469437652811736,0.0687308608370193,0.8507880910683012,0.7530562347188264,MLP,smote,True,25.0,PGD_eps0.75_it10,0.8382352941176471,PGD,0.75,10.0,,,,,,7
0.1583946078431372,0.0422866092404072,0.2640586797066014,0.0728990887613904,0.8567425569176883,0.7359413202933985,LR,smote,True,25.0,PGD_eps0.75_it25,0.7637867647058824,PGD,0.75,25.0,,,,,,7
0.1608455882352941,0.0398894154818325,0.2469437652811736,0.0686841210472628,0.8514886164623467,0.7530562347188264,SVM,smote,True,25.0,PGD_eps0.75_it25,0.7653186274509803,PGD,0.75,25.0,,,,,,7
0.1629901960784313,0.040727560300514,0.2518337408312958,0.0701157249829816,0.8497373029772329,0.7481662591687042,RF,smote,True,25.0,PGD_eps0.75_it25,0.7935049019607843,PGD,0.75,25.0,,,,,,7
0.1614583333333333,0.0399209486166007,0.2469437652811736,0.0687308608370193,0.8507880910683012,0.7530562347188264,MLP,smote,True,25.0,PGD_eps0.75_it25,0.8382352941176471,PGD,0.75,25.0,,,,,,7
0.5735294117647058,0.1486776268763402,0.508557457212714,0.2300884955752212,0.4171628721541155,0.491442542787286,LR,smote,True,25.0,CW_c0.0_it10,0.3204656862745098,CW,,10.0,0.0,,,,,7
0.3474264705882353,0.0290093048713738,0.1295843520782396,0.0474060822898032,0.6213660245183887,0.8704156479217604,SVM,smote,True,25.0,CW_c0.0_it10,0.5600490196078431,CW,,10.0,0.0,,,,,7
0.8799019607843137,0.5562913907284768,0.2053789731051344,0.3,0.0234676007005253,0.7946210268948656,RF,smote,True,25.0,CW_c0.0_it10,0.0787377450980392,CW,,10.0,0.0,,,,,7
0.1623774509803921,0.0392390011890606,0.2420537897310513,0.0675306957708049,0.8490367775831874,0.7579462102689487,MLP,smote,True,25.0,CW_c0.0_it10,0.8363970588235294,CW,,10.0,0.0,,,,,7
0.4549632352941176,0.1177455357142857,0.5158924205378973,0.1917310313493866,0.5537653239929947,0.4841075794621027,LR,smote,True,25.0,CW_c0.5_it10,0.4442401960784313,CW,,10.0,0.5,,,,,7
0.2248774509803921,0.036697247706422,0.2053789731051344,0.0622683469236471,0.7723292469352014,0.7946210268948656,SVM,smote,True,25.0,CW_c0.5_it10,0.694546568627451,CW,,10.0,0.5,,,,,7
0.8854166666666666,0.6666666666666666,0.1711491442542787,0.2723735408560311,0.0122591943957968,0.8288508557457213,RF,smote,True,25.0,CW_c0.5_it10,0.0768995098039215,CW,,10.0,0.5,,,,,7
0.1602328431372549,0.0391304347826087,0.2420537897310513,0.0673698536917318,0.8514886164623467,0.7579462102689487,MLP,smote,True,25.0,CW_c0.5_it10,0.8397671568627451,CW,,10.0,0.5,,,,,7
0.8826593137254902,0.5318627450980392,0.530562347188264,0.5312117503059975,0.0669001751313485,0.4694376528117359,LR,smotenc,True,,clean,0.0,,,,,22834.0,0.0,,True,7
0.8878676470588235,0.556135770234987,0.5207823960880196,0.5378787878787878,0.0595446584938704,0.4792176039119804,SVM,smotenc,True,,clean,0.0,,,,,22834.0,0.0,,True,7
0.9111519607843136,0.6313465783664459,0.6992665036674817,0.6635730858468677,0.0584938704028021,0.3007334963325183,RF,smotenc,True,,clean,0.0,,,,,22834.0,0.0,,True,7
0.8428308823529411,0.4295392953929539,0.7750611246943765,0.5527462946817786,0.1474605954465849,0.2249388753056234,MLP,smotenc,True,,clean,0.0,,,,,22834.0,0.0,,True,7
0.399203431372549,0.123666343355965,0.6234718826405868,0.2063941723998381,0.6329246935201401,0.3765281173594132,LR,smotenc,True,,FGSM_eps0.15,0.5162377450980392,FGSM,0.15,1.0,,22834.0,0.0,,True,7
0.166360294117647,0.0448818897637795,0.2787286063569682,0.0773143438453713,0.8497373029772329,0.7212713936430318,SVM,smotenc,True,,FGSM_eps0.15,0.7582720588235294,FGSM,0.15,1.0,,22834.0,0.0,,True,7
0.8878676470588235,0.6028708133971292,0.3080684596577017,0.4077669902912621,0.0290718038528896,0.6919315403422983,RF,smotenc,True,,FGSM_eps0.15,0.0741421568627451,FGSM,0.15,1.0,,22834.0,0.0,,True,7
0.1954656862745098,0.0685091475282211,0.4303178484107579,0.1182001343183344,0.8381786339754816,0.5696821515892421,MLP,smotenc,True,,FGSM_eps0.15,0.8023897058823529,FGSM,0.15,1.0,,22834.0,0.0,,True,7
0.2622549019607843,0.0539937527889335,0.295843520782396,0.0913207547169811,0.7425569176882661,0.7041564792176039,LR,smotenc,True,,FGSM_eps0.3,0.6544117647058824,FGSM,0.3,1.0,,22834.0,0.0,,True,7
0.1608455882352941,0.0398894154818325,0.2469437652811736,0.0686841210472628,0.8514886164623467,0.7530562347188264,SVM,smotenc,True,,FGSM_eps0.3,0.7647058823529411,FGSM,0.3,1.0,,22834.0,0.0,,True,7
0.8259803921568627,0.2249134948096885,0.1589242053789731,0.1862464183381088,0.0784588441330998,0.8410757946210269,RF,smotenc,True,,FGSM_eps0.3,0.1363357843137254,FGSM,0.3,1.0,,22834.0,0.0,,True,7
0.1626838235294117,0.0421591804570527,0.2616136919315403,0.0726162198846284,0.8514886164623467,0.7383863080684596,MLP,smotenc,True,,FGSM_eps0.3,0.8354779411764706,FGSM,0.3,1.0,,22834.0,0.0,,True,7
0.1963848039215686,0.0410447761194029,0.2420537897310513,0.0701878766394895,0.8101576182136603,0.7579462102689487,LR,smotenc,True,,FGSM_eps0.5,0.7221200980392157,FGSM,0.5,1.0,,22834.0,0.0,,True,7
0.1602328431372549,0.0398579321231254,0.2469437652811736,0.0686374447842337,0.8521891418563923,0.7530562347188264,SVM,smotenc,True,,FGSM_eps0.5,0.7653186274509803,FGSM,0.5,1.0,,22834.0,0.0,,True,7
0.3342524509803921,0.0472279260780287,0.2249388753056234,0.0780653372931692,0.6500875656742557,0.7750611246943765,RF,smotenc,True,,FGSM_eps0.5,0.6207107843137255,FGSM,0.5,1.0,,22834.0,0.0,,True,7
0.1605392156862745,0.0398736675878405,0.2469437652811736,0.0686607749830047,0.8518388791593695,0.7530562347188264,MLP,smotenc,True,,FGSM_eps0.5,0.8382352941176471,FGSM,0.5,1.0,,22834.0,0.0,,True,7
0.1914828431372549,0.0388751033912324,0.2298288508557457,0.0665015917934205,0.8140105078809107,0.7701711491442543,LR,smotenc,True,,FGSM_eps0.75,0.7282475490196079,FGSM,0.75,1.0,,22834.0,0.0,,True,7
0.1608455882352941,0.0398894154818325,0.2469437652811736,0.0686841210472628,0.8514886164623467,0.7530562347188264,SVM,smotenc,True,,FGSM_eps0.75,0.7653186274509803,FGSM,0.75,1.0,,22834.0,0.0,,True,7
0.1620710784313725,0.0414037854889589,0.2567237163814181,0.0713073005093378,0.8514886164623467,0.7432762836185819,RF,smotenc,True,,FGSM_eps0.75,0.7944240196078431,FGSM,0.75,1.0,,22834.0,0.0,,True,7
0.1614583333333333,0.0399209486166007,0.2469437652811736,0.0687308608370193,0.8507880910683012,0.7530562347188264,MLP,smotenc,True,,FGSM_eps0.75,0.8382352941176471,FGSM,0.75,1.0,,22834.0,0.0,,True,7
0.2475490196078431,0.1037553232675183,0.6552567237163814,0.1791443850267379,0.8108581436077058,0.3447432762836185,LR,smotenc,True,,PGD_eps0.15_it10,0.6715686274509803,PGD,0.15,10.0,,22834.0,0.0,,True,7
0.166360294117647,0.0452399685287175,0.2811735941320293,0.0779396814639105,0.8500875656742557,0.7188264058679706,SVM,smotenc,True,,PGD_eps0.15_it10,0.7582720588235294,PGD,0.15,10.0,,22834.0,0.0,,True,7
0.8903186274509803,0.650887573964497,0.2689486552567237,0.3806228373702422,0.0206654991243432,0.7310513447432763,RF,smotenc,True,,PGD_eps0.15_it10,0.0716911764705882,PGD,0.15,10.0,,22834.0,0.0,,True,7
0.1893382352941176,0.0632565404139008,0.3960880195599022,0.109090909090909,0.8402802101576182,0.6039119804400978,MLP,smotenc,True,,PGD_eps0.15_it10,0.8085171568627451,PGD,0.15,10.0,,22834.0,0.0,,True,7
0.2478553921568627,0.1041021671826625,0.6577017114914425,0.1797527564316739,0.8108581436077058,0.3422982885085575,LR,smotenc,True,,PGD_eps0.15_it25,0.6709558823529411,PGD,0.15,25.0,,22834.0,0.0,,True,7
0.1657475490196078,0.0444881889763779,0.2762836185819071,0.0766361478467277,0.8500875656742557,0.7237163814180929,SVM,smotenc,True,,PGD_eps0.15_it25,0.7588848039215687,PGD,0.15,25.0,,22834.0,0.0,,True,7
0.8921568627450981,0.6727272727272727,0.2713936430317848,0.3867595818815331,0.0189141856392294,0.7286063569682152,RF,smotenc,True,,PGD_eps0.15_it25,0.0698529411764705,PGD,0.15,25.0,,22834.0,0.0,,True,7
0.1896446078431372,0.0636221701795472,0.3985330073349633,0.1097273645237293,0.8402802101576182,0.6014669926650367,MLP,smotenc,True,,PGD_eps0.15_it25,0.8082107843137255,PGD,0.15,25.0,,22834.0,0.0,,True,7
0.1780024509803921,0.0640337423312883,0.4083129584352078,0.1107059993370898,0.8549912434325744,0.5916870415647921,LR,smotenc,True,,PGD_eps0.3_it10,0.7432598039215687,PGD,0.3,10.0,,22834.0,0.0,,True,7
0.1608455882352941,0.0398894154818325,0.2469437652811736,0.0686841210472628,0.8514886164623467,0.7530562347188264,SVM,smotenc,True,,PGD_eps0.3_it10,0.7647058823529411,PGD,0.3,10.0,,22834.0,0.0,,True,7
0.8532475490196079,0.2891566265060241,0.1173594132029339,0.1669565217391304,0.0413309982486865,0.882640586797066,RF,smotenc,True,,PGD_eps0.3_it10,0.1087622549019607,PGD,0.3,10.0,,22834.0,0.0,,True,7
0.1608455882352941,0.0406151419558359,0.2518337408312958,0.0699490662139219,0.8521891418563923,0.7481662591687042,MLP,smotenc,True,,PGD_eps0.3_it10,0.8373161764705882,PGD,0.3,10.0,,22834.0,0.0,,True,7
0.1755514705882352,0.0621642363775901,0.3960880195599022,0.1074626865671641,0.8560420315236428,0.6039119804400978,LR,smotenc,True,,PGD_eps0.3_it25,0.7457107843137255,PGD,0.3,25.0,,22834.0,0.0,,True,7
0.1608455882352941,0.0398894154818325,0.2469437652811736,0.0686841210472628,0.8514886164623467,0.7530562347188264,SVM,smotenc,True,,PGD_eps0.3_it25,0.7647058823529411,PGD,0.3,25.0,,22834.0,0.0,,True,7
0.8511029411764706,0.2774566473988439,0.1173594132029339,0.1649484536082474,0.0437828371278458,0.882640586797066,RF,smotenc,True,,PGD_eps0.3_it25,0.1106004901960784,PGD,0.3,25.0,,22834.0,0.0,,True,7
0.1608455882352941,0.0406151419558359,0.2518337408312958,0.0699490662139219,0.8521891418563923,0.7481662591687042,MLP,smotenc,True,,PGD_eps0.3_it25,0.8373161764705882,PGD,0.3,25.0,,22834.0,0.0,,True,7
0.1580882352941176,0.0447644998053717,0.2811735941320293,0.0772330423102753,0.8595446584938704,0.7188264058679706,LR,smotenc,True,,PGD_eps0.5_it10,0.7631740196078431,PGD,0.5,10.0,,22834.0,0.0,,True,7
0.1602328431372549,0.0398579321231254,0.2469437652811736,0.0686374447842337,0.8521891418563923,0.7530562347188264,SVM,smotenc,True,,PGD_eps0.5_it10,0.7653186274509803,PGD,0.5,10.0,,22834.0,0.0,,True,7
0.5416666666666666,0.0613397901533494,0.1858190709046454,0.0922330097087378,0.4073555166374781,0.8141809290953546,RF,smotenc,True,,PGD_eps0.5_it10,0.4157475490196078,PGD,0.5,10.0,,22834.0,0.0,,True,7
0.1611519607843137,0.039905175819834,0.2469437652811736,0.0687074829931972,0.851138353765324,0.7530562347188264,MLP,smotenc,True,,PGD_eps0.5_it10,0.8382352941176471,PGD,0.5,10.0,,22834.0,0.0,,True,7
0.1611519607843137,0.0463576158940397,0.2909535452322738,0.0799731182795698,0.8574430823117338,0.7090464547677262,LR,smotenc,True,,PGD_eps0.5_it25,0.7601102941176471,PGD,0.5,25.0,,22834.0,0.0,,True,7
0.1602328431372549,0.0398579321231254,0.2469437652811736,0.0686374447842337,0.8521891418563923,0.7530562347188264,SVM,smotenc,True,,PGD_eps0.5_it25,0.7653186274509803,PGD,0.5,25.0,,22834.0,0.0,,True,7
0.5116421568627451,0.056843679880329,0.1858190709046454,0.0870561282932416,0.4416812609457093,0.8141809290953546,RF,smotenc,True,,PGD_eps0.5_it25,0.4448529411764705,PGD,0.5,25.0,,22834.0,0.0,,True,7
0.1611519607843137,0.039905175819834,0.2469437652811736,0.0687074829931972,0.851138353765324,0.7530562347188264,MLP,smotenc,True,,PGD_eps0.5_it25,0.8382352941176471,PGD,0.5,25.0,,22834.0,0.0,,True,7
0.159313725490196,0.0419772459788152,0.2616136919315403,0.0723461798512508,0.8553415061295973,0.7383863080684596,LR,smotenc,True,,PGD_eps0.75_it10,0.7631740196078431,PGD,0.75,10.0,,22834.0,0.0,,True,7
0.1608455882352941,0.0398894154818325,0.2469437652811736,0.0686841210472628,0.8514886164623467,0.7530562347188264,SVM,smotenc,True,,PGD_eps0.75_it10,0.7653186274509803,PGD,0.75,10.0,,22834.0,0.0,,True,7
0.1617647058823529,0.0406632451638373,0.2518337408312958,0.0700203942895989,0.851138353765324,0.7481662591687042,RF,smotenc,True,,PGD_eps0.75_it10,0.7944240196078431,PGD,0.75,10.0,,22834.0,0.0,,True,7
0.1614583333333333,0.0399209486166007,0.2469437652811736,0.0687308608370193,0.8507880910683012,0.7530562347188264,MLP,smotenc,True,,PGD_eps0.75_it10,0.8382352941176471,PGD,0.75,10.0,,22834.0,0.0,,True,7
0.1583946078431372,0.0422866092404072,0.2640586797066014,0.0728990887613904,0.8567425569176883,0.7359413202933985,LR,smotenc,True,,PGD_eps0.75_it25,0.7637867647058824,PGD,0.75,25.0,,22834.0,0.0,,True,7
0.1608455882352941,0.0398894154818325,0.2469437652811736,0.0686841210472628,0.8514886164623467,0.7530562347188264,SVM,smotenc,True,,PGD_eps0.75_it25,0.7653186274509803,PGD,0.75,25.0,,22834.0,0.0,,True,7
0.1629901960784313,0.040727560300514,0.2518337408312958,0.0701157249829816,0.8497373029772329,0.7481662591687042,RF,smotenc,True,,PGD_eps0.75_it25,0.7935049019607843,PGD,0.75,25.0,,22834.0,0.0,,True,7
0.1614583333333333,0.0399209486166007,0.2469437652811736,0.0687308608370193,0.8507880910683012,0.7530562347188264,MLP,smotenc,True,,PGD_eps0.75_it25,0.8382352941176471,PGD,0.75,25.0,,22834.0,0.0,,True,7
0.5735294117647058,0.1486776268763402,0.508557457212714,0.2300884955752212,0.4171628721541155,0.491442542787286,LR,smotenc,True,,CW_c0.0_it10,0.3204656862745098,CW,,10.0,0.0,22834.0,0.0,,True,7
0.3474264705882353,0.0290093048713738,0.1295843520782396,0.0474060822898032,0.6213660245183887,0.8704156479217604,SVM,smotenc,True,,CW_c0.0_it10,0.5600490196078431,CW,,10.0,0.0,22834.0,0.0,,True,7
0.8799019607843137,0.5562913907284768,0.2053789731051344,0.3,0.0234676007005253,0.7946210268948656,RF,smotenc,True,,CW_c0.0_it10,0.0787377450980392,CW,,10.0,0.0,22834.0,0.0,,True,7
0.1623774509803921,0.0392390011890606,0.2420537897310513,0.0675306957708049,0.8490367775831874,0.7579462102689487,MLP,smotenc,True,,CW_c0.0_it10,0.8363970588235294,CW,,10.0,0.0,22834.0,0.0,,True,7
0.4549632352941176,0.1177455357142857,0.5158924205378973,0.1917310313493866,0.5537653239929947,0.4841075794621027,LR,smotenc,True,,CW_c0.5_it10,0.4442401960784313,CW,,10.0,0.5,22834.0,0.0,,True,7
0.2248774509803921,0.036697247706422,0.2053789731051344,0.0622683469236471,0.7723292469352014,0.7946210268948656,SVM,smotenc,True,,CW_c0.5_it10,0.694546568627451,CW,,10.0,0.5,22834.0,0.0,,True,7
0.8854166666666666,0.6666666666666666,0.1711491442542787,0.2723735408560311,0.0122591943957968,0.8288508557457213,RF,smotenc,True,,CW_c0.5_it10,0.0768995098039215,CW,,10.0,0.5,22834.0,0.0,,True,7
0.1602328431372549,0.0391304347826087,0.2420537897310513,0.0673698536917318,0.8514886164623467,0.7579462102689487,MLP,smotenc,True,,CW_c0.5_it10,0.8397671568627451,CW,,10.0,0.5,22834.0,0.0,,True,7
0.928921568627451,0.927536231884058,0.4694376528117359,0.6233766233766234,0.0052539404553415,0.530562347188264,LR,none,True,,clean,0.0,,,,,13054.0,0.0,,False,7
0.931372549019608,0.964824120603015,0.4694376528117359,0.631578947368421,0.0024518388791593,0.530562347188264,SVM,none,True,,clean,0.0,,,,,13054.0,0.0,,False,7
0.9368872549019608,0.9511111111111112,0.5232273838630807,0.6750788643533123,0.0038528896672504,0.4767726161369193,RF,none,True,,clean,0.0,,,,,13054.0,0.0,,False,7
0.9310661764705882,0.9466019417475728,0.4767726161369193,0.6341463414634146,0.0038528896672504,0.5232273838630807,MLP,none,True,,clean,0.0,,,,,13054.0,0.0,,False,7
0.8890931372549019,0.5755627009646302,0.4376528117359413,0.4972222222222222,0.0462346760070052,0.5623471882640587,LR,none,True,,FGSM_eps0.15,0.0435049019607843,FGSM,0.15,1.0,,13054.0,0.0,,False,7
0.0863970588235294,0.0730169266511782,0.5378973105134475,0.1285797779076563,0.9782837127845884,0.4621026894865526,SVM,none,True,,FGSM_eps0.15,0.9102328431372548,FGSM,0.15,1.0,,13054.0,0.0,,False,7
0.8780637254901961,0.6078431372549019,0.0757946210268948,0.1347826086956521,0.0070052539404553,0.9242053789731052,RF,none,True,,FGSM_eps0.15,0.0631127450980392,FGSM,0.15,1.0,,13054.0,0.0,,False,7
0.8327205882352942,0.3738489871086556,0.4963325183374083,0.4264705882352941,0.1190893169877408,0.5036674816625917,MLP,none,True,,FGSM_eps0.15,0.1176470588235294,FGSM,0.15,1.0,,13054.0,0.0,,False,7
0.5410539215686274,0.1074260994953136,0.3643031784841076,0.165924276169265,0.4336252189141856,0.6356968215158925,LR,none,True,,FGSM_eps0.3,0.4227941176470588,FGSM,0.3,1.0,,13054.0,0.0,,False,7
0.0876225490196078,0.0731139913592555,0.5378973105134475,0.1287302516091281,0.9768826619964974,0.4621026894865526,SVM,none,True,,FGSM_eps0.3,0.9102328431372548,FGSM,0.3,1.0,,13054.0,0.0,,False,7
0.7803308823529411,0.1367924528301886,0.1418092909535452,0.1392557022809123,0.1281961471103327,0.8581907090464548,RF,none,True,,FGSM_eps0.3,0.1715686274509804,FGSM,0.3,1.0,,13054.0,0.0,,False,7
0.602328431372549,0.1311203319502074,0.3863080684596577,0.1957868649318463,0.3667250437828371,0.6136919315403423,MLP,none,True,,FGSM_eps0.3,0.3636642156862745,FGSM,0.3,1.0,,13054.0,0.0,,False,7
0.4534313725490196,0.0885697187312986,0.3618581907090464,0.1423076923076923,0.5334500875656742,0.6381418092909535,LR,none,True,,FGSM_eps0.5,0.5177696078431373,FGSM,0.5,1.0,,13054.0,0.0,,False,7
0.0876225490196078,0.0731139913592555,0.5378973105134475,0.1287302516091281,0.9768826619964974,0.4621026894865526,SVM,none,True,,FGSM_eps0.5,0.9105392156862744,FGSM,0.5,1.0,,13054.0,0.0,,False,7
0.7221200980392157,0.1009615384615384,0.1540342298288508,0.121974830590513,0.1964973730297723,0.8459657701711492,RF,none,True,,FGSM_eps0.5,0.2328431372549019,FGSM,0.5,1.0,,13054.0,0.0,,False,7
0.4877450980392157,0.0995561192136968,0.3838630806845965,0.1581067472306143,0.4973730297723292,0.6161369193154034,MLP,none,True,,FGSM_eps0.5,0.4852941176470588,FGSM,0.5,1.0,,13054.0,0.0,,False,7
0.1969975490196078,0.075920245398773,0.4841075794621027,0.1312562147828969,0.8441330998248686,0.5158924205378973,LR,none,True,,FGSM_eps0.75,0.789828431372549,FGSM,0.75,1.0,,13054.0,0.0,,False,7
0.0876225490196078,0.0731139913592555,0.5378973105134475,0.1287302516091281,0.9768826619964974,0.4621026894865526,SVM,none,True,,FGSM_eps0.75,0.9105392156862744,FGSM,0.75,1.0,,13054.0,0.0,,False,7
0.088235294117647,0.0731626205520452,0.5378973105134475,0.1288056206088993,0.9761821366024518,0.4621026894865526,RF,none,True,,FGSM_eps0.75,0.9083946078431372,FGSM,0.75,1.0,,13054.0,0.0,,False,7
0.3612132352941176,0.0805805805805805,0.393643031784841,0.1337764852513502,0.6434325744308231,0.6063569682151589,MLP,none,True,,FGSM_eps0.75,0.6158088235294118,FGSM,0.75,1.0,,13054.0,0.0,,False,7
0.8887867647058824,0.5777027027027027,0.4180929095354523,0.4851063829787234,0.0437828371278458,0.5819070904645477,LR,none,True,,PGD_eps0.15_it10,0.0431985294117647,PGD,0.15,10.0,,13054.0,0.0,,False,7
0.1344975490196078,0.0743481324876673,0.5158924205378973,0.1299661225746843,0.9201401050788092,0.4841075794621027,SVM,none,True,,PGD_eps0.15_it10,0.859375,PGD,0.15,10.0,,13054.0,0.0,,False,7
0.8832720588235294,0.648936170212766,0.1491442542787286,0.2425447316103379,0.0115586690017513,0.8508557457212714,RF,none,True,,PGD_eps0.15_it10,0.0582107843137254,PGD,0.15,10.0,,13054.0,0.0,,False,7
0.7699142156862745,0.2807692307692307,0.5354523227383863,0.368376787216148,0.1964973730297723,0.4645476772616136,MLP,none,True,,PGD_eps0.15_it10,0.1917892156862745,PGD,0.15,10.0,,13054.0,0.0,,False,7
0.8875612745098039,0.5686274509803921,0.4254278728606357,0.4867132867132867,0.0462346760070052,0.5745721271393643,LR,none,True,,PGD_eps0.15_it25,0.0453431372549019,PGD,0.15,25.0,,13054.0,0.0,,False,7
0.1372549019607843,0.0748851995761215,0.5183374083129584,0.1308641975308642,0.917338003502627,0.4816625916870415,SVM,none,True,,PGD_eps0.15_it25,0.8569240196078431,PGD,0.15,25.0,,13054.0,0.0,,False,7
0.883578431372549,0.6705882352941176,0.1393643031784841,0.2307692307692307,0.0098073555166374,0.8606356968215159,RF,none,True,,PGD_eps0.15_it25,0.0566789215686274,PGD,0.15,25.0,,13054.0,0.0,,False,7
0.7717524509803921,0.2829457364341085,0.5354523227383863,0.3702451394759087,0.1943957968476357,0.4645476772616136,MLP,none,True,,PGD_eps0.15_it25,0.1896446078431372,PGD,0.15,25.0,,13054.0,0.0,,False,7
0.3832720588235294,0.1025768087215064,0.5061124694376528,0.1705809641532756,0.6343257443082312,0.4938875305623472,LR,none,True,,PGD_eps0.3_it10,0.6001838235294118,PGD,0.3,10.0,,13054.0,0.0,,False,7
0.2879901960784313,0.0838765754019991,0.4718826405867971,0.1424354243542435,0.738353765323993,0.5281173594132029,SVM,none,True,,PGD_eps0.3_it10,0.7006740196078431,PGD,0.3,10.0,,13054.0,0.0,,False,7
0.8002450980392157,0.1394658753709199,0.1149144254278728,0.1260053619302949,0.1015761821366024,0.8850855745721271,RF,none,True,,PGD_eps0.3_it10,0.1464460784313725,PGD,0.3,10.0,,13054.0,0.0,,False,7
0.3158700980392157,0.0989445910290237,0.5501222493887531,0.1677226984718598,0.7176882661996498,0.4498777506112469,MLP,none,True,,PGD_eps0.3_it10,0.6770833333333334,PGD,0.3,10.0,,13054.0,0.0,,False,7
0.3615196078431372,0.1017593913456966,0.5232273838630807,0.1703821656050955,0.661646234676007,0.4767726161369193,LR,none,True,,PGD_eps0.3_it25,0.6240808823529411,PGD,0.3,25.0,,13054.0,0.0,,False,7
0.2803308823529412,0.082975064488392,0.4718826405867971,0.1411334552102376,0.7471103327495622,0.5281173594132029,SVM,none,True,,PGD_eps0.3_it25,0.7083333333333334,PGD,0.3,25.0,,13054.0,0.0,,False,7
0.8287377450980392,0.1926229508196721,0.1149144254278728,0.1439509954058193,0.0690017513134851,0.8850855745721271,RF,none,True,,PGD_eps0.3_it25,0.117953431372549,PGD,0.3,25.0,,13054.0,0.0,,False,7
0.3011642156862745,0.0975924333619948,0.5550122249388753,0.1659963436928702,0.7352014010507881,0.4449877750611247,MLP,none,True,,PGD_eps0.3_it25,0.6924019607843137,PGD,0.3,25.0,,13054.0,0.0,,False,7
0.1228553921568627,0.0777701307639366,0.5525672371638142,0.1363499245852187,0.9387040280210156,0.4474327628361858,LR,none,True,,PGD_eps0.5_it10,0.8716299019607843,PGD,0.5,10.0,,13054.0,0.0,,False,7
0.3216911764705882,0.0846755637367694,0.4498777506112469,0.1425251742835011,0.6966725043782838,0.5501222493887531,SVM,none,True,,PGD_eps0.5_it10,0.6645220588235294,PGD,0.5,10.0,,13054.0,0.0,,False,7
0.7959558823529411,0.0814332247557003,0.0611246943765281,0.0698324022346368,0.0987740805604203,0.938875305623472,RF,none,True,,PGD_eps0.5_it10,0.1467524509803921,PGD,0.5,10.0,,13054.0,0.0,,False,7
0.1047794117647058,0.0767935331761535,0.5574572127139364,0.1349911190053286,0.9600700525394046,0.4425427872860635,MLP,none,True,,PGD_eps0.5_it10,0.8927696078431373,PGD,0.5,10.0,,13054.0,0.0,,False,7
0.0851715686274509,0.0757326308857425,0.5623471882640587,0.1334881021474173,0.9831873905429072,0.4376528117359413,LR,none,True,,PGD_eps0.5_it25,0.9102328431372548,PGD,0.5,25.0,,13054.0,0.0,,False,7
0.2208946078431372,0.083203125,0.5207823960880196,0.1434826540922869,0.8220665499124343,0.4792176039119804,SVM,none,True,,PGD_eps0.5_it25,0.7745098039215687,PGD,0.5,25.0,,13054.0,0.0,,False,7
0.8272058823529411,0.1182266009852216,0.0586797066014669,0.0784313725490196,0.0626970227670753,0.941320293398533,RF,none,True,,PGD_eps0.5_it25,0.1139705882352941,PGD,0.5,25.0,,13054.0,0.0,,False,7
0.0922181372549019,0.0757475083056478,0.5574572127139364,0.1333723310909622,0.974430823117338,0.4425427872860635,MLP,none,True,,PGD_eps0.5_it25,0.9056372549019608,PGD,0.5,25.0,,13054.0,0.0,,False,7
0.0833333333333333,0.0736216573126444,0.5452322738386308,0.1297265852239674,0.9828371278458844,0.4547677261613692,LR,none,True,,PGD_eps0.75_it10,0.9120710784313726,PGD,0.75,10.0,,13054.0,0.0,,False,7
0.3091299019607843,0.0868397493285586,0.4743276283618582,0.1468028755202421,0.7145359019264448,0.5256723716381418,SVM,none,True,,PGD_eps0.75_it10,0.6807598039215687,PGD,0.75,10.0,,13054.0,0.0,,False,7
0.4099264705882353,0.0861974904528096,0.3863080684596577,0.1409455842997324,0.5866900175131349,0.6136919315403423,RF,none,True,,PGD_eps0.75_it10,0.569546568627451,PGD,0.75,10.0,,13054.0,0.0,,False,7
0.0747549019607843,0.0737838720208945,0.5525672371638142,0.130184331797235,0.9936952714535902,0.4474327628361858,MLP,none,True,,PGD_eps0.75_it10,0.9237132352941176,PGD,0.75,10.0,,13054.0,0.0,,False,7
0.0719975490196078,0.0727332028701891,0.5452322738386308,0.1283453237410071,0.9957968476357268,0.4547677261613692,LR,none,True,,PGD_eps0.75_it25,0.923406862745098,PGD,0.75,25.0,,13054.0,0.0,,False,7
0.1482843137254902,0.0779636881452474,0.5354523227383863,0.1361093847110006,0.9071803852889668,0.4645476772616136,SVM,none,True,,PGD_eps0.75_it25,0.8495710784313726,PGD,0.75,25.0,,13054.0,0.0,,False,7
0.2993259803921568,0.0774077407740774,0.4205378973105134,0.1307487647282402,0.7180385288966725,0.5794621026894865,RF,none,True,,PGD_eps0.75_it25,0.6841299019607843,PGD,0.75,25.0,,13054.0,0.0,,False,7
0.072610294117647,0.0727806788511749,0.5452322738386308,0.1284192340915635,0.9950963222416812,0.4547677261613692,MLP,none,True,,PGD_eps0.75_it25,0.9258578431372548,PGD,0.75,25.0,,13054.0,0.0,,False,7
0.5143995098039216,0.1021650879566982,0.3691931540342298,0.160042395336513,0.4647985989492119,0.6308068459657702,LR,none,True,,CW_c0.0_it10,0.4295343137254901,CW,,10.0,0.0,13054.0,0.0,,False,7
0.3180147058823529,0.0692271218587008,0.3569682151589242,0.1159650516282764,0.6875656742556918,0.6430317848410758,SVM,none,True,,CW_c0.0_it10,0.6559436274509803,CW,,10.0,0.0,13054.0,0.0,,False,7
0.8189338235294118,0.0863636363636363,0.0464547677261613,0.0604133545310015,0.0704028021015761,0.9535452322738386,RF,none,True,,CW_c0.0_it10,0.1225490196078431,CW,,10.0,0.0,13054.0,0.0,,False,7
0.0753676470588235,0.0729950900163666,0.5452322738386308,0.1287528868360277,0.9919439579684765,0.4547677261613692,MLP,none,True,,CW_c0.0_it10,0.923406862745098,CW,,10.0,0.0,13054.0,0.0,,False,7
0.2971813725490196,0.082039911308204,0.452322738386308,0.1388888888888889,0.7250437828371279,0.5476772616136919,LR,none,True,,CW_c0.5_it10,0.6654411764705882,CW,,10.0,0.5,13054.0,0.0,,False,7
0.3066789215686274,0.0735970561177552,0.39119804400978,0.1238869531552458,0.7054290718038528,0.60880195599022,SVM,none,True,,CW_c0.5_it10,0.671875,CW,,10.0,0.5,13054.0,0.0,,False,7
0.7849264705882353,0.0728862973760933,0.0611246943765281,0.0664893617021276,0.1113835376532399,0.938875305623472,RF,none,True,,CW_c0.5_it10,0.1590073529411764,CW,,10.0,0.5,13054.0,0.0,,False,7
0.0719975490196078,0.0727332028701891,0.5452322738386308,0.1283453237410071,0.9957968476357268,0.4547677261613692,MLP,none,True,,CW_c0.5_it10,0.9264705882352942,CW,,10.0,0.5,13054.0,0.0,,False,7
0.8878676470588235,0.556135770234987,0.5207823960880196,0.5378787878787878,0.0595446584938704,0.4792176039119804,LR,smote,True,20.0,clean,0.0,,,,,,,,,123
0.8924632352941176,0.5810055865921788,0.508557457212714,0.5423728813559322,0.052539404553415,0.491442542787286,SVM,smote,True,20.0,clean,0.0,,,,,,,,,123
0.9111519607843136,0.64,0.6650366748166259,0.6522781774580336,0.0535901926444833,0.334963325183374,RF,smote,True,20.0,clean,0.0,,,,,,,,,123
0.8881740196078431,0.5436507936507936,0.6699266503667481,0.6002190580503833,0.0805604203152364,0.3300733496332518,MLP,smote,True,20.0,clean,0.0,,,,,,,,,123
0.2708333333333333,0.1169840652934317,0.7359413202933985,0.2018779342723004,0.7957968476357268,0.2640586797066014,LR,smote,True,20.0,FGSM_eps0.15,0.6525735294117647,FGSM,0.15,1.0,,,,,,123
0.1387867647058823,0.0783005617977528,0.5452322738386308,0.1369358305188824,0.9194395796847636,0.4547677261613692,SVM,smote,True,20.0,FGSM_eps0.15,0.7977941176470589,FGSM,0.15,1.0,,,,,,123
0.8541666666666666,0.1546391752577319,0.0366748166259168,0.0592885375494071,0.0287215411558669,0.9633251833740832,RF,smote,True,20.0,FGSM_eps0.15,0.1044730392156862,FGSM,0.15,1.0,,,,,,123
0.258578431372549,0.1017821782178217,0.628361858190709,0.1751874573960463,0.7943957968476357,0.3716381418092909,MLP,smote,True,20.0,FGSM_eps0.15,0.7401960784313726,FGSM,0.15,1.0,,,,,,123
0.1697303921568627,0.101213171577123,0.7139364303178484,0.1772920461445051,0.908231173380035,0.2860635696821516,LR,smote,True,20.0,FGSM_eps0.3,0.7604166666666666,FGSM,0.3,1.0,,,,,,123
0.1200980392156862,0.057491915199425,0.39119804400978,0.100250626566416,0.918739054290718,0.60880195599022,SVM,smote,True,20.0,FGSM_eps0.3,0.8174019607843137,FGSM,0.3,1.0,,,,,,123
0.8265931372549019,0.0756756756756756,0.0342298288508557,0.0471380471380471,0.0598949211908931,0.9657701711491442,RF,smote,True,20.0,FGSM_eps0.3,0.1323529411764706,FGSM,0.3,1.0,,,,,,123
0.1363357843137254,0.0637219406227371,0.4303178484107579,0.1110059918006937,0.9057793345008756,0.5696821515892421,MLP,smote,True,20.0,FGSM_eps0.3,0.8630514705882353,FGSM,0.3,1.0,,,,,,123
0.152267156862745,0.0903405142460041,0.6356968215158925,0.1581989656221478,0.9169877408056042,0.3643031784841076,LR,smote,True,20.0,FGSM_eps0.5,0.7787990196078431,FGSM,0.5,1.0,,,,,,123
0.119485294117647,0.0568140956490471,0.3863080684596577,0.0990595611285266,0.918739054290718,0.6136919315403423,SVM,smote,True,20.0,FGSM_eps0.5,0.8180147058823529,FGSM,0.5,1.0,,,,,,123
0.765625,0.0572139303482587,0.0562347188264058,0.0567200986436498,0.1327495621716287,0.9437652811735942,RF,smote,True,20.0,FGSM_eps0.5,0.1948529411764706,FGSM,0.5,1.0,,,,,,123
0.1197916666666666,0.0545914678235719,0.3691931540342298,0.0951181102362204,0.915936952714536,0.6308068459657702,MLP,smote,True,20.0,FGSM_eps0.5,0.8802083333333334,FGSM,0.5,1.0,,,,,,123
0.140625,0.0793539325842696,0.5525672371638142,0.1387780165796745,0.9183887915936952,0.4474327628361858,LR,smote,True,20.0,FGSM_eps0.75,0.7904411764705882,FGSM,0.75,1.0,,,,,,123
0.1176470588235294,0.0544536602957086,0.3691931540342298,0.0949088623507228,0.9183887915936952,0.6308068459657702,SVM,smote,True,20.0,FGSM_eps0.75,0.8201593137254902,FGSM,0.75,1.0,,,,,,123
0.2824754901960784,0.0552231937413713,0.293398533007335,0.0929512006196746,0.7190893169877408,0.706601466992665,RF,smote,True,20.0,FGSM_eps0.75,0.6755514705882353,FGSM,0.75,1.0,,,,,,123
0.1216299019607843,0.053090909090909,0.3569682151589242,0.0924343146565368,0.9120840630472856,0.6430317848410758,MLP,smote,True,20.0,FGSM_eps0.75,0.8780637254901961,FGSM,0.75,1.0,,,,,,123
0.2579656862745098,0.1165714285714285,0.7481662591687042,0.2017139090309822,0.8122591943957969,0.2518337408312958,LR,smote,True,20.0,PGD_eps0.15_it10,0.6675857843137255,PGD,0.15,10.0,,,,,,123
0.1439950980392156,0.0837696335078534,0.58679706601467,0.1466096518020769,0.9194395796847636,0.4132029339853301,SVM,smote,True,20.0,PGD_eps0.15_it10,0.7925857843137255,PGD,0.15,10.0,,,,,,123
0.8618259803921569,0.3055555555555556,0.0806845965770171,0.1276595744680851,0.0262697022767075,0.9193154034229828,RF,smote,True,20.0,PGD_eps0.15_it10,0.0971200980392156,PGD,0.15,10.0,,,,,,123
0.220281862745098,0.091743119266055,0.58679706601467,0.1586776859504132,0.8322241681260946,0.4132029339853301,MLP,smote,True,20.0,PGD_eps0.15_it10,0.7784926470588235,PGD,0.15,10.0,,,,,,123
0.258578431372549,0.1172440045679482,0.7530562347188264,0.2028985507246377,0.8122591943957969,0.2469437652811736,LR,smote,True,20.0,PGD_eps0.15_it25,0.6675857843137255,PGD,0.15,25.0,,,,,,123
0.1430759803921568,0.0828092243186582,0.5794621026894865,0.1449098135126872,0.9194395796847636,0.4205378973105134,SVM,smote,True,20.0,PGD_eps0.15_it25,0.7935049019607843,PGD,0.15,25.0,,,,,,123
0.8642769607843137,0.3333333333333333,0.0831295843520782,0.1330724070450097,0.0238178633975481,0.9168704156479216,RF,smote,True,20.0,PGD_eps0.15_it25,0.0946691176470588,PGD,0.15,25.0,,,,,,123
0.2215073529411764,0.0915708812260536,0.5843520782396088,0.1583305730374296,0.8304728546409808,0.4156479217603912,MLP,smote,True,20.0,PGD_eps0.15_it25,0.7772671568627451,PGD,0.15,25.0,,,,,,123
0.1979166666666666,0.1109545614653046,0.7701711491442543,0.1939655172413793,0.8840630472854641,0.2298288508557457,LR,smote,True,20.0,PGD_eps0.3_it10,0.7328431372549019,PGD,0.3,10.0,,,,,,123
0.1176470588235294,0.0550954267194814,0.3740831295843521,0.096045197740113,0.9190893169877408,0.6259168704156479,SVM,smote,True,20.0,PGD_eps0.3_it10,0.819546568627451,PGD,0.3,10.0,,,,,,123
0.8207720588235294,0.0510204081632653,0.0244498777506112,0.0330578512396694,0.0651488616462346,0.9755501222493888,RF,smote,True,20.0,PGD_eps0.3_it10,0.1381740196078431,PGD,0.3,10.0,,,,,,123
0.128063725490196,0.0577132486388384,0.3887530562347188,0.1005056890012642,0.9092819614711032,0.6112469437652812,MLP,smote,True,20.0,PGD_eps0.3_it10,0.8713235294117647,PGD,0.3,10.0,,,,,,123
0.1994485294117647,0.1114245416078984,0.7726161369193154,0.1947611710323574,0.882661996497373,0.2273838630806846,LR,smote,True,20.0,PGD_eps0.3_it25,0.7313112745098039,PGD,0.3,25.0,,,,,,123
0.1182598039215686,0.0557754587981288,0.3789731051344743,0.0972396486825596,0.9190893169877408,0.6210268948655256,SVM,smote,True,20.0,PGD_eps0.3_it25,0.8189338235294118,PGD,0.3,25.0,,,,,,123
0.8232230392156863,0.0578947368421052,0.0268948655256723,0.0367278797996661,0.0626970227670753,0.9731051344743276,RF,smote,True,20.0,PGD_eps0.3_it25,0.1354166666666666,PGD,0.3,25.0,,,,,,123
0.1286764705882352,0.0587169264226168,0.3960880195599022,0.1022727272727272,0.909632224168126,0.6039119804400978,MLP,smote,True,20.0,PGD_eps0.3_it25,0.8707107843137255,PGD,0.3,25.0,,,,,,123
0.1590073529411764,0.0991763898421413,0.706601466992665,0.173939211555823,0.9194395796847636,0.293398533007335,LR,smote,True,20.0,PGD_eps0.5_it10,0.7720588235294118,PGD,0.5,10.0,,,,,,123
0.1176470588235294,0.0544536602957086,0.3691931540342298,0.0949088623507228,0.9183887915936952,0.6308068459657702,SVM,smote,True,20.0,PGD_eps0.5_it10,0.8201593137254902,PGD,0.5,10.0,,,,,,123
0.7962622549019608,0.0492957746478873,0.0342298288508557,0.0404040404040404,0.0945709281961471,0.9657701711491442,RF,smote,True,20.0,PGD_eps0.5_it10,0.1632965686274509,PGD,0.5,10.0,,,,,,123
0.1170343137254902,0.053448898519321,0.3618581907090464,0.093140339836375,0.9180385288966724,0.6381418092909535,MLP,smote,True,20.0,PGD_eps0.5_it10,0.8829656862745098,PGD,0.5,10.0,,,,,,123
0.1614583333333333,0.1,0.7114914425427873,0.1753540222958722,0.917338003502627,0.2885085574572127,LR,smote,True,20.0,PGD_eps0.5_it25,0.7693014705882353,PGD,0.5,25.0,,,,,,123
0.1176470588235294,0.0544536602957086,0.3691931540342298,0.0949088623507228,0.9183887915936952,0.6308068459657702,SVM,smote,True,20.0,PGD_eps0.5_it25,0.8201593137254902,PGD,0.5,25.0,,,,,,123
0.7953431372549019,0.048780487804878,0.0342298288508557,0.0402298850574712,0.0956217162872154,0.9657701711491442,RF,smote,True,20.0,PGD_eps0.5_it25,0.1642156862745098,PGD,0.5,25.0,,,,,,123
0.1170343137254902,0.053448898519321,0.3618581907090464,0.093140339836375,0.9180385288966724,0.6381418092909535,MLP,smote,True,20.0,PGD_eps0.5_it25,0.8829656862745098,PGD,0.5,25.0,,,,,,123
0.1314338235294117,0.071074964639321,0.491442542787286,0.1241890639481,0.9201401050788092,0.508557457212714,LR,smote,True,20.0,PGD_eps0.75_it10,0.7993259803921569,PGD,0.75,10.0,,,,,,123
0.1176470588235294,0.0544536602957086,0.3691931540342298,0.0949088623507228,0.9183887915936952,0.6308068459657702,SVM,smote,True,20.0,PGD_eps0.75_it10,0.8201593137254902,PGD,0.75,10.0,,,,,,123
0.4537377450980392,0.0486202365308804,0.1809290953545232,0.0766442257897462,0.5071803852889667,0.8190709046454768,RF,smote,True,20.0,PGD_eps0.75_it10,0.4993872549019608,PGD,0.75,10.0,,,,,,123
0.1158088235294117,0.0530494406351497,0.3594132029339853,0.0924528301886792,0.9190893169877408,0.6405867970660146,MLP,smote,True,20.0,PGD_eps0.75_it10,0.8841911764705882,PGD,0.75,10.0,,,,,,123
0.1283700980392156,0.0680851063829787,0.4694376528117359,0.1189222669557138,0.9204903677758318,0.530562347188264,LR,smote,True,20.0,PGD_eps0.75_it25,0.8023897058823529,PGD,0.75,25.0,,,,,,123
0.1173406862745098,0.0544340302811824,0.3691931540342298,0.0948790449261702,0.918739054290718,0.6308068459657702,SVM,smote,True,20.0,PGD_eps0.75_it25,0.8204656862745098,PGD,0.75,25.0,,,,,,123
0.3382352941176471,0.0507952796305797,0.2420537897310513,0.0839694656488549,0.647985989492119,0.7579462102689487,RF,smote,True,20.0,PGD_eps0.75_it25,0.6155024509803921,PGD,0.75,25.0,,,,,,123
0.1158088235294117,0.0530494406351497,0.3594132029339853,0.0924528301886792,0.9190893169877408,0.6405867970660146,MLP,smote,True,20.0,PGD_eps0.75_it25,0.8841911764705882,PGD,0.75,25.0,,,,,,123
0.4053308823529412,0.1083844580777096,0.5183374083129584,0.1792811839323467,0.6108581436077057,0.4816625916870415,LR,smote,True,20.0,CW_c0.0_it10,0.4960171568627451,CW,,10.0,0.0,,,,,123
0.2362132352941176,0.0417766051011433,0.2322738386308068,0.0708162504658963,0.7632224168126095,0.7677261613691931,SVM,smote,True,20.0,CW_c0.0_it10,0.6816789215686274,CW,,10.0,0.0,,,,,123
0.8563112745098039,0.2,0.0488997555012225,0.0785854616895874,0.0280210157618213,0.9511002444987776,RF,smote,True,20.0,CW_c0.0_it10,0.0983455882352941,CW,,10.0,0.0,,,,,123
0.1148897058823529,0.049090909090909,0.3300733496332518,0.0854700854700854,0.915936952714536,0.6699266503667481,MLP,smote,True,20.0,CW_c0.0_it10,0.8838848039215687,CW,,10.0,0.0,,,,,123
0.2784926470588235,0.1018821603927987,0.60880195599022,0.1745531019978969,0.7688266199649737,0.39119804400978,LR,smote,True,20.0,CW_c0.5_it10,0.6357230392156863,CW,,10.0,0.5,,,,,123
0.1412377450980392,0.051012753188297,0.3325183374083129,0.0884552845528455,0.8861646234676007,0.6674816625916871,SVM,smote,True,20.0,CW_c0.5_it10,0.7901348039215687,CW,,10.0,0.5,,,,,123
0.8566176470588235,0.160919540229885,0.0342298288508557,0.0564516129032258,0.0255691768826619,0.9657701711491442,RF,smote,True,20.0,CW_c0.5_it10,0.102328431372549,CW,,10.0,0.5,,,,,123
0.1127450980392156,0.0492932221819499,0.3325183374083129,0.0858585858585858,0.918739054290718,0.6674816625916871,MLP,smote,True,20.0,CW_c0.5_it10,0.8872549019607843,CW,,10.0,0.5,,,,,123
0.8878676470588235,0.556135770234987,0.5207823960880196,0.5378787878787878,0.0595446584938704,0.4792176039119804,LR,smotenc,True,,clean,0.0,,,,,22834.0,0.0,,True,123
0.8924632352941176,0.5810055865921788,0.508557457212714,0.5423728813559322,0.052539404553415,0.491442542787286,SVM,smotenc,True,,clean,0.0,,,,,22834.0,0.0,,True,123
0.9111519607843136,0.64,0.6650366748166259,0.6522781774580336,0.0535901926444833,0.334963325183374,RF,smotenc,True,,clean,0.0,,,,,22834.0,0.0,,True,123
0.8881740196078431,0.5436507936507936,0.6699266503667481,0.6002190580503833,0.0805604203152364,0.3300733496332518,MLP,smotenc,True,,clean,0.0,,,,,22834.0,0.0,,True,123
0.2708333333333333,0.1169840652934317,0.7359413202933985,0.2018779342723004,0.7957968476357268,0.2640586797066014,LR,smotenc,True,,FGSM_eps0.15,0.6525735294117647,FGSM,0.15,1.0,,22834.0,0.0,,True,123
0.1387867647058823,0.0783005617977528,0.5452322738386308,0.1369358305188824,0.9194395796847636,0.4547677261613692,SVM,smotenc,True,,FGSM_eps0.15,0.7977941176470589,FGSM,0.15,1.0,,22834.0,0.0,,True,123
0.8541666666666666,0.1546391752577319,0.0366748166259168,0.0592885375494071,0.0287215411558669,0.9633251833740832,RF,smotenc,True,,FGSM_eps0.15,0.1044730392156862,FGSM,0.15,1.0,,22834.0,0.0,,True,123
0.258578431372549,0.1017821782178217,0.628361858190709,0.1751874573960463,0.7943957968476357,0.3716381418092909,MLP,smotenc,True,,FGSM_eps0.15,0.7401960784313726,FGSM,0.15,1.0,,22834.0,0.0,,True,123
0.1697303921568627,0.101213171577123,0.7139364303178484,0.1772920461445051,0.908231173380035,0.2860635696821516,LR,smotenc,True,,FGSM_eps0.3,0.7604166666666666,FGSM,0.3,1.0,,22834.0,0.0,,True,123
0.1200980392156862,0.057491915199425,0.39119804400978,0.100250626566416,0.918739054290718,0.60880195599022,SVM,smotenc,True,,FGSM_eps0.3,0.8174019607843137,FGSM,0.3,1.0,,22834.0,0.0,,True,123
0.8265931372549019,0.0756756756756756,0.0342298288508557,0.0471380471380471,0.0598949211908931,0.9657701711491442,RF,smotenc,True,,FGSM_eps0.3,0.1323529411764706,FGSM,0.3,1.0,,22834.0,0.0,,True,123
0.1363357843137254,0.0637219406227371,0.4303178484107579,0.1110059918006937,0.9057793345008756,0.5696821515892421,MLP,smotenc,True,,FGSM_eps0.3,0.8630514705882353,FGSM,0.3,1.0,,22834.0,0.0,,True,123
0.152267156862745,0.0903405142460041,0.6356968215158925,0.1581989656221478,0.9169877408056042,0.3643031784841076,LR,smotenc,True,,FGSM_eps0.5,0.7787990196078431,FGSM,0.5,1.0,,22834.0,0.0,,True,123
0.119485294117647,0.0568140956490471,0.3863080684596577,0.0990595611285266,0.918739054290718,0.6136919315403423,SVM,smotenc,True,,FGSM_eps0.5,0.8180147058823529,FGSM,0.5,1.0,,22834.0,0.0,,True,123
0.765625,0.0572139303482587,0.0562347188264058,0.0567200986436498,0.1327495621716287,0.9437652811735942,RF,smotenc,True,,FGSM_eps0.5,0.1948529411764706,FGSM,0.5,1.0,,22834.0,0.0,,True,123
0.1197916666666666,0.0545914678235719,0.3691931540342298,0.0951181102362204,0.915936952714536,0.6308068459657702,MLP,smotenc,True,,FGSM_eps0.5,0.8802083333333334,FGSM,0.5,1.0,,22834.0,0.0,,True,123
0.140625,0.0793539325842696,0.5525672371638142,0.1387780165796745,0.9183887915936952,0.4474327628361858,LR,smotenc,True,,FGSM_eps0.75,0.7904411764705882,FGSM,0.75,1.0,,22834.0,0.0,,True,123
0.1176470588235294,0.0544536602957086,0.3691931540342298,0.0949088623507228,0.9183887915936952,0.6308068459657702,SVM,smotenc,True,,FGSM_eps0.75,0.8201593137254902,FGSM,0.75,1.0,,22834.0,0.0,,True,123
0.2824754901960784,0.0552231937413713,0.293398533007335,0.0929512006196746,0.7190893169877408,0.706601466992665,RF,smotenc,True,,FGSM_eps0.75,0.6755514705882353,FGSM,0.75,1.0,,22834.0,0.0,,True,123
0.1216299019607843,0.053090909090909,0.3569682151589242,0.0924343146565368,0.9120840630472856,0.6430317848410758,MLP,smotenc,True,,FGSM_eps0.75,0.8780637254901961,FGSM,0.75,1.0,,22834.0,0.0,,True,123
0.2579656862745098,0.1165714285714285,0.7481662591687042,0.2017139090309822,0.8122591943957969,0.2518337408312958,LR,smotenc,True,,PGD_eps0.15_it10,0.6675857843137255,PGD,0.15,10.0,,22834.0,0.0,,True,123
0.1439950980392156,0.0837696335078534,0.58679706601467,0.1466096518020769,0.9194395796847636,0.4132029339853301,SVM,smotenc,True,,PGD_eps0.15_it10,0.7925857843137255,PGD,0.15,10.0,,22834.0,0.0,,True,123
0.8618259803921569,0.3055555555555556,0.0806845965770171,0.1276595744680851,0.0262697022767075,0.9193154034229828,RF,smotenc,True,,PGD_eps0.15_it10,0.0971200980392156,PGD,0.15,10.0,,22834.0,0.0,,True,123
0.220281862745098,0.091743119266055,0.58679706601467,0.1586776859504132,0.8322241681260946,0.4132029339853301,MLP,smotenc,True,,PGD_eps0.15_it10,0.7784926470588235,PGD,0.15,10.0,,22834.0,0.0,,True,123
0.258578431372549,0.1172440045679482,0.7530562347188264,0.2028985507246377,0.8122591943957969,0.2469437652811736,LR,smotenc,True,,PGD_eps0.15_it25,0.6675857843137255,PGD,0.15,25.0,,22834.0,0.0,,True,123
0.1430759803921568,0.0828092243186582,0.5794621026894865,0.1449098135126872,0.9194395796847636,0.4205378973105134,SVM,smotenc,True,,PGD_eps0.15_it25,0.7935049019607843,PGD,0.15,25.0,,22834.0,0.0,,True,123
0.8642769607843137,0.3333333333333333,0.0831295843520782,0.1330724070450097,0.0238178633975481,0.9168704156479216,RF,smotenc,True,,PGD_eps0.15_it25,0.0946691176470588,PGD,0.15,25.0,,22834.0,0.0,,True,123
0.2215073529411764,0.0915708812260536,0.5843520782396088,0.1583305730374296,0.8304728546409808,0.4156479217603912,MLP,smotenc,True,,PGD_eps0.15_it25,0.7772671568627451,PGD,0.15,25.0,,22834.0,0.0,,True,123
0.1979166666666666,0.1109545614653046,0.7701711491442543,0.1939655172413793,0.8840630472854641,0.2298288508557457,LR,smotenc,True,,PGD_eps0.3_it10,0.7328431372549019,PGD,0.3,10.0,,22834.0,0.0,,True,123
0.1176470588235294,0.0550954267194814,0.3740831295843521,0.096045197740113,0.9190893169877408,0.6259168704156479,SVM,smotenc,True,,PGD_eps0.3_it10,0.819546568627451,PGD,0.3,10.0,,22834.0,0.0,,True,123
0.8207720588235294,0.0510204081632653,0.0244498777506112,0.0330578512396694,0.0651488616462346,0.9755501222493888,RF,smotenc,True,,PGD_eps0.3_it10,0.1381740196078431,PGD,0.3,10.0,,22834.0,0.0,,True,123
0.128063725490196,0.0577132486388384,0.3887530562347188,0.1005056890012642,0.9092819614711032,0.6112469437652812,MLP,smotenc,True,,PGD_eps0.3_it10,0.8713235294117647,PGD,0.3,10.0,,22834.0,0.0,,True,123
0.1994485294117647,0.1114245416078984,0.7726161369193154,0.1947611710323574,0.882661996497373,0.2273838630806846,LR,smotenc,True,,PGD_eps0.3_it25,0.7313112745098039,PGD,0.3,25.0,,22834.0,0.0,,True,123
0.1182598039215686,0.0557754587981288,0.3789731051344743,0.0972396486825596,0.9190893169877408,0.6210268948655256,SVM,smotenc,True,,PGD_eps0.3_it25,0.8189338235294118,PGD,0.3,25.0,,22834.0,0.0,,True,123
0.8232230392156863,0.0578947368421052,0.0268948655256723,0.0367278797996661,0.0626970227670753,0.9731051344743276,RF,smotenc,True,,PGD_eps0.3_it25,0.1354166666666666,PGD,0.3,25.0,,22834.0,0.0,,True,123
0.1286764705882352,0.0587169264226168,0.3960880195599022,0.1022727272727272,0.909632224168126,0.6039119804400978,MLP,smotenc,True,,PGD_eps0.3_it25,0.8707107843137255,PGD,0.3,25.0,,22834.0,0.0,,True,123
0.1590073529411764,0.0991763898421413,0.706601466992665,0.173939211555823,0.9194395796847636,0.293398533007335,LR,smotenc,True,,PGD_eps0.5_it10,0.7720588235294118,PGD,0.5,10.0,,22834.0,0.0,,True,123
0.1176470588235294,0.0544536602957086,0.3691931540342298,0.0949088623507228,0.9183887915936952,0.6308068459657702,SVM,smotenc,True,,PGD_eps0.5_it10,0.8201593137254902,PGD,0.5,10.0,,22834.0,0.0,,True,123
0.7962622549019608,0.0492957746478873,0.0342298288508557,0.0404040404040404,0.0945709281961471,0.9657701711491442,RF,smotenc,True,,PGD_eps0.5_it10,0.1632965686274509,PGD,0.5,10.0,,22834.0,0.0,,True,123
0.1170343137254902,0.053448898519321,0.3618581907090464,0.093140339836375,0.9180385288966724,0.6381418092909535,MLP,smotenc,True,,PGD_eps0.5_it10,0.8829656862745098,PGD,0.5,10.0,,22834.0,0.0,,True,123
0.1614583333333333,0.1,0.7114914425427873,0.1753540222958722,0.917338003502627,0.2885085574572127,LR,smotenc,True,,PGD_eps0.5_it25,0.7693014705882353,PGD,0.5,25.0,,22834.0,0.0,,True,123
0.1176470588235294,0.0544536602957086,0.3691931540342298,0.0949088623507228,0.9183887915936952,0.6308068459657702,SVM,smotenc,True,,PGD_eps0.5_it25,0.8201593137254902,PGD,0.5,25.0,,22834.0,0.0,,True,123
0.7953431372549019,0.048780487804878,0.0342298288508557,0.0402298850574712,0.0956217162872154,0.9657701711491442,RF,smotenc,True,,PGD_eps0.5_it25,0.1642156862745098,PGD,0.5,25.0,,22834.0,0.0,,True,123
0.1170343137254902,0.053448898519321,0.3618581907090464,0.093140339836375,0.9180385288966724,0.6381418092909535,MLP,smotenc,True,,PGD_eps0.5_it25,0.8829656862745098,PGD,0.5,25.0,,22834.0,0.0,,True,123
0.1314338235294117,0.071074964639321,0.491442542787286,0.1241890639481,0.9201401050788092,0.508557457212714,LR,smotenc,True,,PGD_eps0.75_it10,0.7993259803921569,PGD,0.75,10.0,,22834.0,0.0,,True,123
0.1176470588235294,0.0544536602957086,0.3691931540342298,0.0949088623507228,0.9183887915936952,0.6308068459657702,SVM,smotenc,True,,PGD_eps0.75_it10,0.8201593137254902,PGD,0.75,10.0,,22834.0,0.0,,True,123
0.4537377450980392,0.0486202365308804,0.1809290953545232,0.0766442257897462,0.5071803852889667,0.8190709046454768,RF,smotenc,True,,PGD_eps0.75_it10,0.4993872549019608,PGD,0.75,10.0,,22834.0,0.0,,True,123
0.1158088235294117,0.0530494406351497,0.3594132029339853,0.0924528301886792,0.9190893169877408,0.6405867970660146,MLP,smotenc,True,,PGD_eps0.75_it10,0.8841911764705882,PGD,0.75,10.0,,22834.0,0.0,,True,123
0.1283700980392156,0.0680851063829787,0.4694376528117359,0.1189222669557138,0.9204903677758318,0.530562347188264,LR,smotenc,True,,PGD_eps0.75_it25,0.8023897058823529,PGD,0.75,25.0,,22834.0,0.0,,True,123
0.1173406862745098,0.0544340302811824,0.3691931540342298,0.0948790449261702,0.918739054290718,0.6308068459657702,SVM,smotenc,True,,PGD_eps0.75_it25,0.8204656862745098,PGD,0.75,25.0,,22834.0,0.0,,True,123
0.3382352941176471,0.0507952796305797,0.2420537897310513,0.0839694656488549,0.647985989492119,0.7579462102689487,RF,smotenc,True,,PGD_eps0.75_it25,0.6155024509803921,PGD,0.75,25.0,,22834.0,0.0,,True,123
0.1158088235294117,0.0530494406351497,0.3594132029339853,0.0924528301886792,0.9190893169877408,0.6405867970660146,MLP,smotenc,True,,PGD_eps0.75_it25,0.8841911764705882,PGD,0.75,25.0,,22834.0,0.0,,True,123
0.4053308823529412,0.1083844580777096,0.5183374083129584,0.1792811839323467,0.6108581436077057,0.4816625916870415,LR,smotenc,True,,CW_c0.0_it10,0.4960171568627451,CW,,10.0,0.0,22834.0,0.0,,True,123
0.2362132352941176,0.0417766051011433,0.2322738386308068,0.0708162504658963,0.7632224168126095,0.7677261613691931,SVM,smotenc,True,,CW_c0.0_it10,0.6816789215686274,CW,,10.0,0.0,22834.0,0.0,,True,123
0.8563112745098039,0.2,0.0488997555012225,0.0785854616895874,0.0280210157618213,0.9511002444987776,RF,smotenc,True,,CW_c0.0_it10,0.0983455882352941,CW,,10.0,0.0,22834.0,0.0,,True,123
0.1148897058823529,0.049090909090909,0.3300733496332518,0.0854700854700854,0.915936952714536,0.6699266503667481,MLP,smotenc,True,,CW_c0.0_it10,0.8838848039215687,CW,,10.0,0.0,22834.0,0.0,,True,123
0.2784926470588235,0.1018821603927987,0.60880195599022,0.1745531019978969,0.7688266199649737,0.39119804400978,LR,smotenc,True,,CW_c0.5_it10,0.6357230392156863,CW,,10.0,0.5,22834.0,0.0,,True,123
0.1412377450980392,0.051012753188297,0.3325183374083129,0.0884552845528455,0.8861646234676007,0.6674816625916871,SVM,smotenc,True,,CW_c0.5_it10,0.7901348039215687,CW,,10.0,0.5,22834.0,0.0,,True,123
0.8566176470588235,0.160919540229885,0.0342298288508557,0.0564516129032258,0.0255691768826619,0.9657701711491442,RF,smotenc,True,,CW_c0.5_it10,0.102328431372549,CW,,10.0,0.5,22834.0,0.0,,True,123
0.1127450980392156,0.0492932221819499,0.3325183374083129,0.0858585858585858,0.918739054290718,0.6674816625916871,MLP,smotenc,True,,CW_c0.5_it10,0.8872549019607843,CW,,10.0,0.5,22834.0,0.0,,True,123
0.9255514705882352,0.9322916666666666,0.4376528117359413,0.5956738768718802,0.0045534150612959,0.5623471882640587,LR,none,True,,clean,0.0,,,,,13054.0,0.0,,False,123
0.9261642156862744,0.946808510638298,0.4352078239608802,0.5963149078726968,0.0035026269702276,0.5647921760391198,SVM,none,True,,clean,0.0,,,,,13054.0,0.0,,False,123
0.9319852941176472,0.9516908212560388,0.4816625916870415,0.6396103896103896,0.0035026269702276,0.5183374083129584,RF,none,True,,clean,0.0,,,,,13054.0,0.0,,False,123
0.9286151960784312,0.9444444444444444,0.4572127139364303,0.6161449752883031,0.0038528896672504,0.5427872860635696,MLP,none,True,,clean,0.0,,,,,13054.0,0.0,,False,123
0.909313725490196,0.7424892703862661,0.4229828850855746,0.5389408099688473,0.021015761821366,0.5770171149144254,LR,none,True,,FGSM_eps0.15,0.017156862745098,FGSM,0.15,1.0,,13054.0,0.0,,False,123
0.0750612745098039,0.0768482490272373,0.5794621026894865,0.135699971371314,0.997197898423818,0.4205378973105134,SVM,none,True,,FGSM_eps0.15,0.9191176470588236,FGSM,0.15,1.0,,13054.0,0.0,,False,123
0.8737745098039216,0.4,0.0146699266503667,0.0283018867924528,0.0031523642732049,0.9853300733496332,RF,none,True,,FGSM_eps0.15,0.0615808823529411,FGSM,0.15,1.0,,13054.0,0.0,,False,123
0.8379289215686274,0.396551724137931,0.5623471882640587,0.4651162790697674,0.1225919439579684,0.4376528117359413,MLP,none,True,,FGSM_eps0.15,0.1121323529411764,FGSM,0.15,1.0,,13054.0,0.0,,False,123
0.4626225490196078,0.1172453044963005,0.5036674816625917,0.1902123730378578,0.5432574430823117,0.4963325183374083,LR,none,True,,FGSM_eps0.3,0.5036764705882353,FGSM,0.3,1.0,,13054.0,0.0,,False,123
0.0756740196078431,0.0766233766233766,0.5770171149144254,0.1352823158498137,0.9961471103327496,0.4229828850855746,SVM,none,True,,FGSM_eps0.3,0.9197303921568628,FGSM,0.3,1.0,,13054.0,0.0,,False,123
0.8685661764705882,0.2058823529411764,0.0171149144254278,0.0316027088036117,0.0094570928196147,0.982885085574572,RF,none,True,,FGSM_eps0.3,0.0667892156862745,FGSM,0.3,1.0,,13054.0,0.0,,False,123
0.5346200980392157,0.1343873517786561,0.4987775061124694,0.2117280747275557,0.4602451838879159,0.5012224938875306,MLP,none,True,,FGSM_eps0.3,0.4378063725490196,FGSM,0.3,1.0,,13054.0,0.0,,False,123
0.0839460784313725,0.0841121495327102,0.6381418092909535,0.148633257403189,0.995446584938704,0.3618581907090464,LR,none,True,,FGSM_eps0.5,0.909313725490196,FGSM,0.5,1.0,,13054.0,0.0,,False,123
0.0750612745098039,0.0760233918128654,0.5721271393643031,0.1342127903642099,0.9961471103327496,0.4278728606356968,SVM,none,True,,FGSM_eps0.5,0.920343137254902,FGSM,0.5,1.0,,13054.0,0.0,,False,123
0.6547181372549019,0.0695443645083932,0.1418092909535452,0.0933226065969428,0.2718038528896672,0.8581907090464548,RF,none,True,,FGSM_eps0.5,0.2947303921568627,FGSM,0.5,1.0,,13054.0,0.0,,False,123
0.2552083333333333,0.0939759036144578,0.5721271393643031,0.1614349775784753,0.7901926444833626,0.4278728606356968,MLP,none,True,,FGSM_eps0.5,0.7349877450980392,FGSM,0.5,1.0,,13054.0,0.0,,False,123
0.0793504901960784,0.0810200129115558,0.6136919315403423,0.1431422868548617,0.997197898423818,0.3863080684596577,LR,none,True,,FGSM_eps0.75,0.9145220588235294,FGSM,0.75,1.0,,13054.0,0.0,,False,123
0.0750612745098039,0.0760233918128654,0.5721271393643031,0.1342127903642099,0.9961471103327496,0.4278728606356968,SVM,none,True,,FGSM_eps0.75,0.920343137254902,FGSM,0.75,1.0,,13054.0,0.0,,False,123
0.3529411764705882,0.0815724815724815,0.4058679706601467,0.1358428805237315,0.6546409807355517,0.5941320293398533,RF,none,True,,FGSM_eps0.75,0.6256127450980392,FGSM,0.75,1.0,,13054.0,0.0,,False,123
0.1047794117647058,0.0813062312562479,0.5965770171149144,0.1431085043988269,0.9656742556917688,0.4034229828850856,MLP,none,True,,FGSM_eps0.75,0.8921568627450981,FGSM,0.75,1.0,,13054.0,0.0,,False,123
0.913296568627451,0.7647058823529411,0.4449877750611247,0.5625965996908809,0.0196147110332749,0.5550122249388753,LR,none,True,,PGD_eps0.15_it10,0.0143995098039215,PGD,0.15,10.0,,13054.0,0.0,,False,123
0.0998774509803921,0.0740990232401481,0.5378973105134475,0.1302545885139135,0.9628721541155868,0.4621026894865526,SVM,none,True,,PGD_eps0.15_it10,0.8890931372549019,PGD,0.15,10.0,,13054.0,0.0,,False,123
0.8753063725490197,0.525,0.0513447432762836,0.0935412026726058,0.0066549912434325,0.9486552567237164,RF,none,True,,PGD_eps0.15_it10,0.0597426470588235,PGD,0.15,10.0,,13054.0,0.0,,False,123
0.7959558823529411,0.3270524899057873,0.5941320293398533,0.421875,0.1751313485113835,0.4058679706601467,MLP,none,True,,PGD_eps0.15_it10,0.1602328431372549,PGD,0.15,10.0,,13054.0,0.0,,False,123
0.9136029411764706,0.7679324894514767,0.4449877750611247,0.5634674922600619,0.0192644483362521,0.5550122249388753,LR,none,True,,PGD_eps0.15_it25,0.0140931372549019,PGD,0.15,25.0,,13054.0,0.0,,False,123
0.0974264705882353,0.0747569560844787,0.5452322738386308,0.1314858490566037,0.9667250437828372,0.4547677261613692,SVM,none,True,,PGD_eps0.15_it25,0.8924632352941176,PGD,0.15,25.0,,13054.0,0.0,,False,123
0.8789828431372549,0.7333333333333333,0.0537897310513447,0.1002277904328018,0.0028021015761821,0.9462102689486552,RF,none,True,,PGD_eps0.15_it25,0.0560661764705882,PGD,0.15,25.0,,13054.0,0.0,,False,123
0.7962622549019608,0.3279569892473118,0.5965770171149144,0.4232437120555073,0.1751313485113835,0.4034229828850856,MLP,none,True,,PGD_eps0.15_it25,0.1602328431372549,PGD,0.15,25.0,,13054.0,0.0,,False,123
0.4626225490196078,0.1211267605633802,0.5256723716381418,0.1968864468864468,0.5464098073555166,0.4743276283618582,LR,none,True,,PGD_eps0.3_it10,0.5052083333333334,PGD,0.3,10.0,,13054.0,0.0,,False,123
0.128063725490196,0.0726061031217116,0.5061124694376528,0.1269938650306748,0.926094570928196,0.4938875305623472,SVM,none,True,,PGD_eps0.3_it10,0.8584558823529411,PGD,0.3,10.0,,13054.0,0.0,,False,123
0.8651960784313726,0.2459016393442623,0.0366748166259168,0.0638297872340425,0.0161120840630472,0.9633251833740832,RF,none,True,,PGD_eps0.3_it10,0.0704656862745098,PGD,0.3,10.0,,13054.0,0.0,,False,123
0.3223039215686274,0.1051248357424441,0.58679706601467,0.1783060921248142,0.7155866900175132,0.4132029339853301,MLP,none,True,,PGD_eps0.3_it10,0.6657475490196079,PGD,0.3,10.0,,13054.0,0.0,,False,123
0.4822303921568627,0.1247803163444639,0.5207823960880196,0.2013232514177693,0.523292469352014,0.4792176039119804,LR,none,True,,PGD_eps0.3_it25,0.4846813725490196,PGD,0.3,25.0,,13054.0,0.0,,False,123
0.1136642156862745,0.0752393980848153,0.5378973105134475,0.132013201320132,0.947110332749562,0.4621026894865526,SVM,none,True,,PGD_eps0.3_it25,0.8768382352941176,PGD,0.3,25.0,,13054.0,0.0,,False,123
0.866421568627451,0.2923076923076923,0.0464547677261613,0.080168776371308,0.0161120840630472,0.9535452322738386,RF,none,True,,PGD_eps0.3_it25,0.0695465686274509,PGD,0.3,25.0,,13054.0,0.0,,False,123
0.3143382352941176,0.105648986632169,0.5990220048899756,0.1796187683284457,0.7264448336252189,0.4009779951100244,MLP,none,True,,PGD_eps0.3_it25,0.6752450980392157,PGD,0.3,25.0,,13054.0,0.0,,False,123
0.0928308823529411,0.0810899540380827,0.6039119804400978,0.1429811866859623,0.980385288966725,0.3960880195599022,LR,none,True,,PGD_eps0.5_it10,0.8982843137254902,PGD,0.5,10.0,,13054.0,0.0,,False,123
0.1026348039215686,0.0754716981132075,0.5476772616136919,0.1326621261474681,0.9611208406304728,0.452322738386308,SVM,none,True,,PGD_eps0.5_it10,0.8897058823529411,PGD,0.5,10.0,,13054.0,0.0,,False,123
0.6740196078431373,0.0544217687074829,0.097799511002445,0.0699300699300699,0.2434325744308231,0.902200488997555,RF,none,True,,PGD_eps0.5_it10,0.2693014705882353,PGD,0.5,10.0,,13054.0,0.0,,False,123
0.1449142156862745,0.0870319001386962,0.6136919315403423,0.1524445794108715,0.9222416812609456,0.3863080684596577,MLP,none,True,,PGD_eps0.5_it10,0.8520220588235294,PGD,0.5,10.0,,13054.0,0.0,,False,123
0.0955882352941176,0.082978025582158,0.6185819070904646,0.1463273568536726,0.9793345008756568,0.3814180929095354,LR,none,True,,PGD_eps0.5_it25,0.8967524509803921,PGD,0.5,25.0,,13054.0,0.0,,False,123
0.0962009803921568,0.0757929883138564,0.5550122249388753,0.1333725029377203,0.9695271453590192,0.4449877750611247,SVM,none,True,,PGD_eps0.5_it25,0.8970588235294118,PGD,0.5,25.0,,13054.0,0.0,,False,123
0.6740196078431373,0.0650730411686587,0.1198044009779951,0.0843373493975903,0.246584938704028,0.8801955990220048,RF,none,True,,PGD_eps0.5_it25,0.2699142156862745,PGD,0.5,25.0,,13054.0,0.0,,False,123
0.136642156862745,0.0850843954529796,0.6039119804400978,0.1491545893719806,0.9302977232924694,0.3960880195599022,MLP,none,True,,PGD_eps0.5_it25,0.8606004901960784,PGD,0.5,25.0,,13054.0,0.0,,False,123
0.0830269607843137,0.0766710353866317,0.5721271393643031,0.1352210343831262,0.9870402802101576,0.4278728606356968,LR,none,True,,PGD_eps0.75_it10,0.9087009803921569,PGD,0.75,10.0,,13054.0,0.0,,False,123
0.0943627450980392,0.0745071834279986,0.5452322738386308,0.1310993533215755,0.9702276707530648,0.4547677261613692,SVM,none,True,,PGD_eps0.75_it10,0.8979779411764706,PGD,0.75,10.0,,13054.0,0.0,,False,123
0.3556985294117647,0.0717896865520728,0.3471882640586797,0.1189777963971512,0.6430823117338004,0.6528117359413202,RF,none,True,,PGD_eps0.75_it10,0.616421568627451,PGD,0.75,10.0,,13054.0,0.0,,False,123
0.1063112745098039,0.079476861167002,0.5794621026894865,0.1397817752875258,0.9614711033274956,0.4205378973105134,MLP,none,True,,PGD_eps0.75_it10,0.8912377450980392,PGD,0.75,10.0,,13054.0,0.0,,False,123
0.0818014705882353,0.0765706806282722,0.5721271393643031,0.135064935064935,0.9884413309982488,0.4278728606356968,LR,none,True,,PGD_eps0.75_it25,0.9111519607843136,PGD,0.75,25.0,,13054.0,0.0,,False,123
0.0888480392156862,0.073778664007976,0.5427872860635696,0.1299005266237566,0.9761821366024518,0.4572127139364303,SVM,none,True,,PGD_eps0.75_it25,0.903186274509804,PGD,0.75,25.0,,13054.0,0.0,,False,123
0.298406862745098,0.072694229895502,0.39119804400978,0.1226053639846743,0.7148861646234675,0.60880195599022,RF,none,True,,PGD_eps0.75_it25,0.6786151960784313,PGD,0.75,25.0,,13054.0,0.0,,False,123
0.1056985294117647,0.0785762256548018,0.5721271393643031,0.1381753764393268,0.9611208406304728,0.4278728606356968,MLP,none,True,,PGD_eps0.75_it25,0.8924632352941176,PGD,0.75,25.0,,13054.0,0.0,,False,123
0.3394607843137255,0.0736944851146901,0.3691931540342298,0.1228641171684296,0.6647985989492119,0.6308068459657702,LR,none,True,,CW_c0.0_it10,0.6127450980392157,CW,,10.0,0.0,13054.0,0.0,,False,123
0.0888480392156862,0.070926731348277,0.5183374083129584,0.1247792819305473,0.9726795096322242,0.4816625916870415,SVM,none,True,,CW_c0.0_it10,0.8982843137254902,CW,,10.0,0.0,13054.0,0.0,,False,123
0.8278186274509803,0.1374407582938388,0.0709046454767726,0.0935483870967742,0.0637478108581436,0.9290953545232272,RF,none,True,,CW_c0.0_it10,0.1099877450980392,CW,,10.0,0.0,13054.0,0.0,,False,123
0.0830269607843137,0.0780535597648595,0.5843520782396088,0.1377124747911264,0.9887915936952716,0.4156479217603912,MLP,none,True,,CW_c0.0_it10,0.9154411764705882,CW,,10.0,0.0,13054.0,0.0,,False,123
0.2261029411764706,0.0791252485089463,0.4865525672371638,0.1361149110807113,0.8112084063047286,0.5134474327628362,LR,none,True,,CW_c0.5_it10,0.7454044117647058,CW,,10.0,0.5,13054.0,0.0,,False,123
0.0848651960784313,0.0770997375328084,0.5745721271393643,0.1359560312409603,0.9852889667250436,0.4254278728606357,SVM,none,True,,CW_c0.5_it10,0.9080882352941176,CW,,10.0,0.5,13054.0,0.0,,False,123
0.8192401960784313,0.1213389121338912,0.0709046454767726,0.0895061728395061,0.073555166374781,0.9290953545232272,RF,none,True,,CW_c0.5_it10,0.1182598039215686,CW,,10.0,0.5,13054.0,0.0,,False,123
0.0836397058823529,0.0778286461739699,0.5819070904645477,0.1372944909143351,0.9877408056042032,0.4180929095354523,MLP,none,True,,CW_c0.5_it10,0.9145220588235294,CW,,10.0,0.5,13054.0,0.0,,False,123
0.8881740196078431,0.5607734806629834,0.4963325183374083,0.5265888456549935,0.0556917688266199,0.5036674816625917,LR,smote,True,25.0,clean,0.0,,,,,,,,,31
0.8924632352941176,0.5857988165680473,0.4841075794621027,0.5301204819277109,0.0490367775831873,0.5158924205378973,SVM,smote,True,25.0,clean,0.0,,,,,,,,,31
0.9154411764705882,0.6501128668171557,0.7041564792176039,0.676056338028169,0.0542907180385289,0.295843520782396,RF,smote,True,25.0,clean,0.0,,,,,,,,,31
0.8661151960784313,0.4772727272727273,0.7188264058679706,0.5736585365853658,0.112784588441331,0.2811735941320293,MLP,smote,True,25.0,clean,0.0,,,,,,,,,31
0.2380514705882352,0.1061410159211523,0.684596577017115,0.1837873318017722,0.8259194395796847,0.3154034229828851,LR,smote,True,25.0,FGSM_eps0.15,0.6884191176470589,FGSM,0.15,1.0,,,,,,31
0.1485906862745098,0.0604599406528189,0.3985330073349633,0.1049919484702093,0.887215411558669,0.6014669926650367,SVM,smote,True,25.0,FGSM_eps0.15,0.7840073529411765,FGSM,0.15,1.0,,,,,,31
0.8655024509803921,0.2413793103448276,0.0342298288508557,0.0599571734475374,0.0154115586690017,0.9657701711491442,RF,smote,True,25.0,FGSM_eps0.15,0.0977328431372549,FGSM,0.15,1.0,,,,,,31
0.181985294117647,0.0805194805194805,0.530562347188264,0.1398195876288659,0.8679509632224168,0.4694376528117359,MLP,smote,True,25.0,FGSM_eps0.15,0.8170955882352942,FGSM,0.15,1.0,,,,,,31
0.1629901960784313,0.0680550390479732,0.4474327628361858,0.118140735958683,0.8777583187390543,0.5525672371638142,LR,smote,True,25.0,FGSM_eps0.3,0.7662377450980392,FGSM,0.3,1.0,,,,,,31
0.1372549019607843,0.0477264186396091,0.3105134474327628,0.0827361563517915,0.8875656742556918,0.6894865525672371,SVM,smote,True,25.0,FGSM_eps0.3,0.7953431372549019,FGSM,0.3,1.0,,,,,,31
0.8302696078431373,0.0809248554913294,0.0342298288508557,0.0481099656357388,0.0556917688266199,0.9657701711491442,RF,smote,True,25.0,FGSM_eps0.3,0.1332720588235294,FGSM,0.3,1.0,,,,,,31
0.1464460784313725,0.0576851507257164,0.3789731051344743,0.1001291989664082,0.8868651488616462,0.6210268948655256,MLP,smote,True,25.0,FGSM_eps0.3,0.8526348039215687,FGSM,0.3,1.0,,,,,,31
0.1519607843137254,0.0613611007809594,0.4034229828850856,0.1065203357004519,0.8840630472854641,0.5965770171149144,LR,smote,True,25.0,FGSM_eps0.5,0.7775735294117647,FGSM,0.5,1.0,,,,,,31
0.1372549019607843,0.0470455400828001,0.3056234718826406,0.0815394651011089,0.8868651488616462,0.6943765281173594,SVM,smote,True,25.0,FGSM_eps0.5,0.7959558823529411,FGSM,0.5,1.0,,,,,,31
0.4231004901960784,0.0527912621359223,0.2127139364303178,0.0845892075838599,0.5467600700525395,0.7872860635696821,RF,smote,True,25.0,FGSM_eps0.5,0.5321691176470589,FGSM,0.5,1.0,,,,,,31
0.1403186274509804,0.0496054114994363,0.3227383863080684,0.0859934853420195,0.885814360770578,0.6772616136919315,MLP,smote,True,25.0,FGSM_eps0.5,0.8596813725490197,FGSM,0.5,1.0,,,,,,31
0.1452205882352941,0.0552857676503548,0.3618581907090464,0.0959170447180816,0.885814360770578,0.6381418092909535,LR,smote,True,25.0,FGSM_eps0.75,0.7843137254901961,FGSM,0.75,1.0,,,,,,31
0.1372549019607843,0.0470455400828001,0.3056234718826406,0.0815394651011089,0.8868651488616462,0.6943765281173594,SVM,smote,True,25.0,FGSM_eps0.75,0.7959558823529411,FGSM,0.75,1.0,,,,,,31
0.1409313725490196,0.0438095238095238,0.2811735941320293,0.075807514831905,0.8791593695271454,0.7188264058679706,RF,smote,True,25.0,FGSM_eps0.75,0.8128063725490197,FGSM,0.75,1.0,,,,,,31
0.1397058823529411,0.0492296129274708,0.3202933985330073,0.0853420195439739,0.8861646234676007,0.6797066014669927,MLP,smote,True,25.0,FGSM_eps0.75,0.8599877450980392,FGSM,0.75,1.0,,,,,,31
0.2126225490196078,0.1052246985750822,0.7041564792176039,0.1830896376350921,0.8577933450087566,0.295843520782396,LR,smote,True,25.0,PGD_eps0.15_it10,0.7169117647058824,PGD,0.15,10.0,,,,,,31
0.150735294117647,0.0628930817610062,0.4156479217603912,0.1092544987146529,0.887215411558669,0.5843520782396088,SVM,smote,True,25.0,PGD_eps0.15_it10,0.7818627450980392,PGD,0.15,10.0,,,,,,31
0.8661151960784313,0.2941176470588235,0.0488997555012225,0.0838574423480083,0.0168126094570928,0.9511002444987776,RF,smote,True,25.0,PGD_eps0.15_it10,0.0971200980392156,PGD,0.15,10.0,,,,,,31
0.1639093137254902,0.0674869500372856,0.4425427872860635,0.1171142025234552,0.8760070052539405,0.5574572127139364,MLP,smote,True,25.0,PGD_eps0.15_it10,0.835171568627451,PGD,0.15,10.0,,,,,,31
0.211703431372549,0.1051094890510948,0.7041564792176039,0.1829152111781518,0.8588441330998249,0.295843520782396,LR,smote,True,25.0,PGD_eps0.15_it25,0.7178308823529411,PGD,0.15,25.0,,,,,,31
0.150735294117647,0.0628930817610062,0.4156479217603912,0.1092544987146529,0.887215411558669,0.5843520782396088,SVM,smote,True,25.0,PGD_eps0.15_it25,0.7818627450980392,PGD,0.15,25.0,,,,,,31
0.8676470588235294,0.3174603174603174,0.0488997555012225,0.0847457627118644,0.0150612959719789,0.9511002444987776,RF,smote,True,25.0,PGD_eps0.15_it25,0.0955882352941176,PGD,0.15,25.0,,,,,,31
0.1639093137254902,0.0674869500372856,0.4425427872860635,0.1171142025234552,0.8760070052539405,0.5574572127139364,MLP,smote,True,25.0,PGD_eps0.15_it25,0.835171568627451,PGD,0.15,25.0,,,,,,31
0.1694240196078431,0.0838756326825741,0.5672371638141809,0.1461417322834645,0.8875656742556918,0.432762836185819,LR,smote,True,25.0,PGD_eps0.3_it10,0.7604166666666666,PGD,0.3,10.0,,,,,,31
0.1369485294117647,0.0473684210526315,0.3080684596577017,0.0821114369501466,0.8875656742556918,0.6919315403422983,SVM,smote,True,25.0,PGD_eps0.3_it10,0.7956495098039216,PGD,0.3,10.0,,,,,,31
0.8572303921568627,0.2285714285714285,0.0586797066014669,0.0933852140077821,0.0283712784588441,0.941320293398533,RF,smote,True,25.0,PGD_eps0.3_it10,0.1063112745098039,PGD,0.3,10.0,,,,,,31
0.1390931372549019,0.0481746330447873,0.3129584352078239,0.0834964122635355,0.885814360770578,0.687041564792176,MLP,smote,True,25.0,PGD_eps0.3_it10,0.8606004901960784,PGD,0.3,10.0,,,,,,31
0.1703431372549019,0.0845681243223708,0.5721271393643031,0.1473551637279597,0.887215411558669,0.4278728606356968,LR,smote,True,25.0,PGD_eps0.3_it25,0.7591911764705882,PGD,0.3,25.0,,,,,,31
0.1369485294117647,0.0473684210526315,0.3080684596577017,0.0821114369501466,0.8875656742556918,0.6919315403422983,SVM,smote,True,25.0,PGD_eps0.3_it25,0.7956495098039216,PGD,0.3,25.0,,,,,,31
0.8566176470588235,0.2079207920792079,0.0513447432762836,0.0823529411764705,0.0280210157618213,0.9486552567237164,RF,smote,True,25.0,PGD_eps0.3_it25,0.1069240196078431,PGD,0.3,25.0,,,,,,31
0.1390931372549019,0.0481746330447873,0.3129584352078239,0.0834964122635355,0.885814360770578,0.687041564792176,MLP,smote,True,25.0,PGD_eps0.3_it25,0.8606004901960784,PGD,0.3,25.0,,,,,,31
0.1470588235294117,0.059369202226345,0.39119804400978,0.1030927835051546,0.8879159369527145,0.60880195599022,LR,smote,True,25.0,PGD_eps0.5_it10,0.7827818627450981,PGD,0.5,10.0,,,,,,31
0.136642156862745,0.0470101541933057,0.3056234718826406,0.0814863102998696,0.8875656742556918,0.6943765281173594,SVM,smote,True,25.0,PGD_eps0.5_it10,0.7959558823529411,PGD,0.5,10.0,,,,,,31
0.6510416666666666,0.0794930875576036,0.1687041564792176,0.1080657791699295,0.2798598949211909,0.8312958435207825,RF,smote,True,25.0,PGD_eps0.5_it10,0.3036151960784313,PGD,0.5,10.0,,,,,,31
0.1381740196078431,0.0467571644042232,0.3031784841075794,0.0810192747468147,0.8854640980735552,0.6968215158924206,MLP,smote,True,25.0,PGD_eps0.5_it10,0.8618259803921569,PGD,0.5,10.0,,,,,,31
0.1525735294117647,0.0656100258016955,0.4352078239608802,0.1140294682895579,0.8879159369527145,0.5647921760391198,LR,smote,True,25.0,PGD_eps0.5_it25,0.7772671568627451,PGD,0.5,25.0,,,,,,31
0.136642156862745,0.0470101541933057,0.3056234718826406,0.0814863102998696,0.8875656742556918,0.6943765281173594,SVM,smote,True,25.0,PGD_eps0.5_it25,0.7959558823529411,PGD,0.5,25.0,,,,,,31
0.6488970588235294,0.0720092915214866,0.1515892420537897,0.0976377952755905,0.2798598949211909,0.8484107579462102,RF,smote,True,25.0,PGD_eps0.5_it25,0.3069852941176471,PGD,0.5,25.0,,,,,,31
0.1381740196078431,0.0467571644042232,0.3031784841075794,0.0810192747468147,0.8854640980735552,0.6968215158924206,MLP,smote,True,25.0,PGD_eps0.5_it25,0.8618259803921569,PGD,0.5,25.0,,,,,,31
0.1372549019607843,0.0477264186396091,0.3105134474327628,0.0827361563517915,0.8875656742556918,0.6894865525672371,LR,smote,True,25.0,PGD_eps0.75_it10,0.7928921568627451,PGD,0.75,10.0,,,,,,31
0.136642156862745,0.0470101541933057,0.3056234718826406,0.0814863102998696,0.8875656742556918,0.6943765281173594,SVM,smote,True,25.0,PGD_eps0.75_it10,0.7959558823529411,PGD,0.75,10.0,,,,,,31
0.2487745098039215,0.047808764940239,0.2640586797066014,0.08095952023988,0.753415061295972,0.7359413202933985,RF,smote,True,25.0,PGD_eps0.75_it10,0.7061887254901961,PGD,0.75,10.0,,,,,,31
0.1381740196078431,0.0467571644042232,0.3031784841075794,0.0810192747468147,0.8854640980735552,0.6968215158924206,MLP,smote,True,25.0,PGD_eps0.75_it10,0.8618259803921569,PGD,0.75,10.0,,,,,,31
0.143688725490196,0.0558451228592702,0.3667481662591687,0.0969305331179321,0.8882661996497373,0.6332518337408313,LR,smote,True,25.0,PGD_eps0.75_it25,0.7861519607843137,PGD,0.75,25.0,,,,,,31
0.136642156862745,0.0470101541933057,0.3056234718826406,0.0814863102998696,0.8875656742556918,0.6943765281173594,SVM,smote,True,25.0,PGD_eps0.75_it25,0.7959558823529411,PGD,0.75,25.0,,,,,,31
0.2935049019607843,0.0455198850023957,0.2322738386308068,0.0761217948717948,0.697723292469352,0.7677261613691931,RF,smote,True,25.0,PGD_eps0.75_it25,0.6666666666666666,PGD,0.75,25.0,,,,,,31
0.1381740196078431,0.0467571644042232,0.3031784841075794,0.0810192747468147,0.8854640980735552,0.6968215158924206,MLP,smote,True,25.0,PGD_eps0.75_it25,0.8618259803921569,PGD,0.75,25.0,,,,,,31
0.4656862745098039,0.1179164281625644,0.5036674816625917,0.1910946196660482,0.5397548161120841,0.4963325183374083,LR,smote,True,25.0,CW_c0.0_it10,0.4341299019607843,CW,,10.0,0.0,,,,,31
0.2815563725490196,0.0310077519379844,0.1564792176039119,0.0517589971694298,0.7005253940455342,0.843520782396088,SVM,smote,True,25.0,CW_c0.0_it10,0.6299019607843137,CW,,10.0,0.0,,,,,31
0.8719362745098039,0.4328358208955223,0.0709046454767726,0.1218487394957983,0.0133099824868651,0.9290953545232272,RF,smote,True,25.0,CW_c0.0_it10,0.0909926470588235,CW,,10.0,0.0,,,,,31
0.1384803921568627,0.0450586898901931,0.2909535452322738,0.0780327868852459,0.8833625218914186,0.7090464547677262,MLP,smote,True,25.0,CW_c0.0_it10,0.8615196078431373,CW,,10.0,0.0,,,,,31
0.3379289215686274,0.1082289803220035,0.5916870415647921,0.1829867674858223,0.6984238178633976,0.4083129584352078,LR,smote,True,25.0,CW_c0.5_it10,0.5756740196078431,CW,,10.0,0.5,,,,,31
0.1770833333333333,0.0425873844917637,0.2591687041564792,0.0731538992408557,0.8346760070052539,0.7408312958435208,SVM,smote,True,25.0,CW_c0.5_it10,0.7484681372549019,CW,,10.0,0.5,,,,,31
0.8746936274509803,0.5,0.0342298288508557,0.0640732265446224,0.0049036777583187,0.9657701711491442,RF,smote,True,25.0,CW_c0.5_it10,0.0879289215686274,CW,,10.0,0.5,,,,,31
0.1369485294117647,0.047027840481565,0.3056234718826406,0.0815128790348875,0.887215411558669,0.6943765281173594,MLP,smote,True,25.0,CW_c0.5_it10,0.8627450980392157,CW,,10.0,0.5,,,,,31
0.8881740196078431,0.5607734806629834,0.4963325183374083,0.5265888456549935,0.0556917688266199,0.5036674816625917,LR,smotenc,True,,clean,0.0,,,,,22834.0,0.0,,True,31
0.8924632352941176,0.5857988165680473,0.4841075794621027,0.5301204819277109,0.0490367775831873,0.5158924205378973,SVM,smotenc,True,,clean,0.0,,,,,22834.0,0.0,,True,31
0.9154411764705882,0.6501128668171557,0.7041564792176039,0.676056338028169,0.0542907180385289,0.295843520782396,RF,smotenc,True,,clean,0.0,,,,,22834.0,0.0,,True,31
0.8661151960784313,0.4772727272727273,0.7188264058679706,0.5736585365853658,0.112784588441331,0.2811735941320293,MLP,smotenc,True,,clean,0.0,,,,,22834.0,0.0,,True,31
0.2380514705882352,0.1061410159211523,0.684596577017115,0.1837873318017722,0.8259194395796847,0.3154034229828851,LR,smotenc,True,,FGSM_eps0.15,0.6884191176470589,FGSM,0.15,1.0,,22834.0,0.0,,True,31
0.1485906862745098,0.0604599406528189,0.3985330073349633,0.1049919484702093,0.887215411558669,0.6014669926650367,SVM,smotenc,True,,FGSM_eps0.15,0.7840073529411765,FGSM,0.15,1.0,,22834.0,0.0,,True,31
0.8655024509803921,0.2413793103448276,0.0342298288508557,0.0599571734475374,0.0154115586690017,0.9657701711491442,RF,smotenc,True,,FGSM_eps0.15,0.0977328431372549,FGSM,0.15,1.0,,22834.0,0.0,,True,31
0.181985294117647,0.0805194805194805,0.530562347188264,0.1398195876288659,0.8679509632224168,0.4694376528117359,MLP,smotenc,True,,FGSM_eps0.15,0.8170955882352942,FGSM,0.15,1.0,,22834.0,0.0,,True,31
0.1629901960784313,0.0680550390479732,0.4474327628361858,0.118140735958683,0.8777583187390543,0.5525672371638142,LR,smotenc,True,,FGSM_eps0.3,0.7662377450980392,FGSM,0.3,1.0,,22834.0,0.0,,True,31
0.1372549019607843,0.0477264186396091,0.3105134474327628,0.0827361563517915,0.8875656742556918,0.6894865525672371,SVM,smotenc,True,,FGSM_eps0.3,0.7953431372549019,FGSM,0.3,1.0,,22834.0,0.0,,True,31
0.8302696078431373,0.0809248554913294,0.0342298288508557,0.0481099656357388,0.0556917688266199,0.9657701711491442,RF,smotenc,True,,FGSM_eps0.3,0.1332720588235294,FGSM,0.3,1.0,,22834.0,0.0,,True,31
0.1464460784313725,0.0576851507257164,0.3789731051344743,0.1001291989664082,0.8868651488616462,0.6210268948655256,MLP,smotenc,True,,FGSM_eps0.3,0.8526348039215687,FGSM,0.3,1.0,,22834.0,0.0,,True,31
0.1519607843137254,0.0613611007809594,0.4034229828850856,0.1065203357004519,0.8840630472854641,0.5965770171149144,LR,smotenc,True,,FGSM_eps0.5,0.7775735294117647,FGSM,0.5,1.0,,22834.0,0.0,,True,31
0.1372549019607843,0.0470455400828001,0.3056234718826406,0.0815394651011089,0.8868651488616462,0.6943765281173594,SVM,smotenc,True,,FGSM_eps0.5,0.7959558823529411,FGSM,0.5,1.0,,22834.0,0.0,,True,31
0.4231004901960784,0.0527912621359223,0.2127139364303178,0.0845892075838599,0.5467600700525395,0.7872860635696821,RF,smotenc,True,,FGSM_eps0.5,0.5321691176470589,FGSM,0.5,1.0,,22834.0,0.0,,True,31
0.1403186274509804,0.0496054114994363,0.3227383863080684,0.0859934853420195,0.885814360770578,0.6772616136919315,MLP,smotenc,True,,FGSM_eps0.5,0.8596813725490197,FGSM,0.5,1.0,,22834.0,0.0,,True,31
0.1452205882352941,0.0552857676503548,0.3618581907090464,0.0959170447180816,0.885814360770578,0.6381418092909535,LR,smotenc,True,,FGSM_eps0.75,0.7843137254901961,FGSM,0.75,1.0,,22834.0,0.0,,True,31
0.1372549019607843,0.0470455400828001,0.3056234718826406,0.0815394651011089,0.8868651488616462,0.6943765281173594,SVM,smotenc,True,,FGSM_eps0.75,0.7959558823529411,FGSM,0.75,1.0,,22834.0,0.0,,True,31
0.1409313725490196,0.0438095238095238,0.2811735941320293,0.075807514831905,0.8791593695271454,0.7188264058679706,RF,smotenc,True,,FGSM_eps0.75,0.8128063725490197,FGSM,0.75,1.0,,22834.0,0.0,,True,31
0.1397058823529411,0.0492296129274708,0.3202933985330073,0.0853420195439739,0.8861646234676007,0.6797066014669927,MLP,smotenc,True,,FGSM_eps0.75,0.8599877450980392,FGSM,0.75,1.0,,22834.0,0.0,,True,31
0.2126225490196078,0.1052246985750822,0.7041564792176039,0.1830896376350921,0.8577933450087566,0.295843520782396,LR,smotenc,True,,PGD_eps0.15_it10,0.7169117647058824,PGD,0.15,10.0,,22834.0,0.0,,True,31
0.150735294117647,0.0628930817610062,0.4156479217603912,0.1092544987146529,0.887215411558669,0.5843520782396088,SVM,smotenc,True,,PGD_eps0.15_it10,0.7818627450980392,PGD,0.15,10.0,,22834.0,0.0,,True,31
0.8661151960784313,0.2941176470588235,0.0488997555012225,0.0838574423480083,0.0168126094570928,0.9511002444987776,RF,smotenc,True,,PGD_eps0.15_it10,0.0971200980392156,PGD,0.15,10.0,,22834.0,0.0,,True,31
0.1639093137254902,0.0674869500372856,0.4425427872860635,0.1171142025234552,0.8760070052539405,0.5574572127139364,MLP,smotenc,True,,PGD_eps0.15_it10,0.835171568627451,PGD,0.15,10.0,,22834.0,0.0,,True,31
0.211703431372549,0.1051094890510948,0.7041564792176039,0.1829152111781518,0.8588441330998249,0.295843520782396,LR,smotenc,True,,PGD_eps0.15_it25,0.7178308823529411,PGD,0.15,25.0,,22834.0,0.0,,True,31
0.150735294117647,0.0628930817610062,0.4156479217603912,0.1092544987146529,0.887215411558669,0.5843520782396088,SVM,smotenc,True,,PGD_eps0.15_it25,0.7818627450980392,PGD,0.15,25.0,,22834.0,0.0,,True,31
0.8676470588235294,0.3174603174603174,0.0488997555012225,0.0847457627118644,0.0150612959719789,0.9511002444987776,RF,smotenc,True,,PGD_eps0.15_it25,0.0955882352941176,PGD,0.15,25.0,,22834.0,0.0,,True,31
0.1639093137254902,0.0674869500372856,0.4425427872860635,0.1171142025234552,0.8760070052539405,0.5574572127139364,MLP,smotenc,True,,PGD_eps0.15_it25,0.835171568627451,PGD,0.15,25.0,,22834.0,0.0,,True,31
0.1694240196078431,0.0838756326825741,0.5672371638141809,0.1461417322834645,0.8875656742556918,0.432762836185819,LR,smotenc,True,,PGD_eps0.3_it10,0.7604166666666666,PGD,0.3,10.0,,22834.0,0.0,,True,31
0.1369485294117647,0.0473684210526315,0.3080684596577017,0.0821114369501466,0.8875656742556918,0.6919315403422983,SVM,smotenc,True,,PGD_eps0.3_it10,0.7956495098039216,PGD,0.3,10.0,,22834.0,0.0,,True,31
0.8572303921568627,0.2285714285714285,0.0586797066014669,0.0933852140077821,0.0283712784588441,0.941320293398533,RF,smotenc,True,,PGD_eps0.3_it10,0.1063112745098039,PGD,0.3,10.0,,22834.0,0.0,,True,31
0.1390931372549019,0.0481746330447873,0.3129584352078239,0.0834964122635355,0.885814360770578,0.687041564792176,MLP,smotenc,True,,PGD_eps0.3_it10,0.8606004901960784,PGD,0.3,10.0,,22834.0,0.0,,True,31
0.1703431372549019,0.0845681243223708,0.5721271393643031,0.1473551637279597,0.887215411558669,0.4278728606356968,LR,smotenc,True,,PGD_eps0.3_it25,0.7591911764705882,PGD,0.3,25.0,,22834.0,0.0,,True,31
0.1369485294117647,0.0473684210526315,0.3080684596577017,0.0821114369501466,0.8875656742556918,0.6919315403422983,SVM,smotenc,True,,PGD_eps0.3_it25,0.7956495098039216,PGD,0.3,25.0,,22834.0,0.0,,True,31
0.8566176470588235,0.2079207920792079,0.0513447432762836,0.0823529411764705,0.0280210157618213,0.9486552567237164,RF,smotenc,True,,PGD_eps0.3_it25,0.1069240196078431,PGD,0.3,25.0,,22834.0,0.0,,True,31
0.1390931372549019,0.0481746330447873,0.3129584352078239,0.0834964122635355,0.885814360770578,0.687041564792176,MLP,smotenc,True,,PGD_eps0.3_it25,0.8606004901960784,PGD,0.3,25.0,,22834.0,0.0,,True,31
0.1470588235294117,0.059369202226345,0.39119804400978,0.1030927835051546,0.8879159369527145,0.60880195599022,LR,smotenc,True,,PGD_eps0.5_it10,0.7827818627450981,PGD,0.5,10.0,,22834.0,0.0,,True,31
0.136642156862745,0.0470101541933057,0.3056234718826406,0.0814863102998696,0.8875656742556918,0.6943765281173594,SVM,smotenc,True,,PGD_eps0.5_it10,0.7959558823529411,PGD,0.5,10.0,,22834.0,0.0,,True,31
0.6510416666666666,0.0794930875576036,0.1687041564792176,0.1080657791699295,0.2798598949211909,0.8312958435207825,RF,smotenc,True,,PGD_eps0.5_it10,0.3036151960784313,PGD,0.5,10.0,,22834.0,0.0,,True,31
0.1381740196078431,0.0467571644042232,0.3031784841075794,0.0810192747468147,0.8854640980735552,0.6968215158924206,MLP,smotenc,True,,PGD_eps0.5_it10,0.8618259803921569,PGD,0.5,10.0,,22834.0,0.0,,True,31
0.1525735294117647,0.0656100258016955,0.4352078239608802,0.1140294682895579,0.8879159369527145,0.5647921760391198,LR,smotenc,True,,PGD_eps0.5_it25,0.7772671568627451,PGD,0.5,25.0,,22834.0,0.0,,True,31
0.136642156862745,0.0470101541933057,0.3056234718826406,0.0814863102998696,0.8875656742556918,0.6943765281173594,SVM,smotenc,True,,PGD_eps0.5_it25,0.7959558823529411,PGD,0.5,25.0,,22834.0,0.0,,True,31
0.6488970588235294,0.0720092915214866,0.1515892420537897,0.0976377952755905,0.2798598949211909,0.8484107579462102,RF,smotenc,True,,PGD_eps0.5_it25,0.3069852941176471,PGD,0.5,25.0,,22834.0,0.0,,True,31
0.1381740196078431,0.0467571644042232,0.3031784841075794,0.0810192747468147,0.8854640980735552,0.6968215158924206,MLP,smotenc,True,,PGD_eps0.5_it25,0.8618259803921569,PGD,0.5,25.0,,22834.0,0.0,,True,31
0.1372549019607843,0.0477264186396091,0.3105134474327628,0.0827361563517915,0.8875656742556918,0.6894865525672371,LR,smotenc,True,,PGD_eps0.75_it10,0.7928921568627451,PGD,0.75,10.0,,22834.0,0.0,,True,31
0.136642156862745,0.0470101541933057,0.3056234718826406,0.0814863102998696,0.8875656742556918,0.6943765281173594,SVM,smotenc,True,,PGD_eps0.75_it10,0.7959558823529411,PGD,0.75,10.0,,22834.0,0.0,,True,31
0.2487745098039215,0.047808764940239,0.2640586797066014,0.08095952023988,0.753415061295972,0.7359413202933985,RF,smotenc,True,,PGD_eps0.75_it10,0.7061887254901961,PGD,0.75,10.0,,22834.0,0.0,,True,31
0.1381740196078431,0.0467571644042232,0.3031784841075794,0.0810192747468147,0.8854640980735552,0.6968215158924206,MLP,smotenc,True,,PGD_eps0.75_it10,0.8618259803921569,PGD,0.75,10.0,,22834.0,0.0,,True,31
0.143688725490196,0.0558451228592702,0.3667481662591687,0.0969305331179321,0.8882661996497373,0.6332518337408313,LR,smotenc,True,,PGD_eps0.75_it25,0.7861519607843137,PGD,0.75,25.0,,22834.0,0.0,,True,31
0.136642156862745,0.0470101541933057,0.3056234718826406,0.0814863102998696,0.8875656742556918,0.6943765281173594,SVM,smotenc,True,,PGD_eps0.75_it25,0.7959558823529411,PGD,0.75,25.0,,22834.0,0.0,,True,31
0.2935049019607843,0.0455198850023957,0.2322738386308068,0.0761217948717948,0.697723292469352,0.7677261613691931,RF,smotenc,True,,PGD_eps0.75_it25,0.6666666666666666,PGD,0.75,25.0,,22834.0,0.0,,True,31
0.1381740196078431,0.0467571644042232,0.3031784841075794,0.0810192747468147,0.8854640980735552,0.6968215158924206,MLP,smotenc,True,,PGD_eps0.75_it25,0.8618259803921569,PGD,0.75,25.0,,22834.0,0.0,,True,31
0.4656862745098039,0.1179164281625644,0.5036674816625917,0.1910946196660482,0.5397548161120841,0.4963325183374083,LR,smotenc,True,,CW_c0.0_it10,0.4341299019607843,CW,,10.0,0.0,22834.0,0.0,,True,31
0.2815563725490196,0.0310077519379844,0.1564792176039119,0.0517589971694298,0.7005253940455342,0.843520782396088,SVM,smotenc,True,,CW_c0.0_it10,0.6299019607843137,CW,,10.0,0.0,22834.0,0.0,,True,31
0.8719362745098039,0.4328358208955223,0.0709046454767726,0.1218487394957983,0.0133099824868651,0.9290953545232272,RF,smotenc,True,,CW_c0.0_it10,0.0909926470588235,CW,,10.0,0.0,22834.0,0.0,,True,31
0.1384803921568627,0.0450586898901931,0.2909535452322738,0.0780327868852459,0.8833625218914186,0.7090464547677262,MLP,smotenc,True,,CW_c0.0_it10,0.8615196078431373,CW,,10.0,0.0,22834.0,0.0,,True,31
0.3379289215686274,0.1082289803220035,0.5916870415647921,0.1829867674858223,0.6984238178633976,0.4083129584352078,LR,smotenc,True,,CW_c0.5_it10,0.5756740196078431,CW,,10.0,0.5,22834.0,0.0,,True,31
0.1770833333333333,0.0425873844917637,0.2591687041564792,0.0731538992408557,0.8346760070052539,0.7408312958435208,SVM,smotenc,True,,CW_c0.5_it10,0.7484681372549019,CW,,10.0,0.5,22834.0,0.0,,True,31
0.8746936274509803,0.5,0.0342298288508557,0.0640732265446224,0.0049036777583187,0.9657701711491442,RF,smotenc,True,,CW_c0.5_it10,0.0879289215686274,CW,,10.0,0.5,22834.0,0.0,,True,31
0.1369485294117647,0.047027840481565,0.3056234718826406,0.0815128790348875,0.887215411558669,0.6943765281173594,MLP,smotenc,True,,CW_c0.5_it10,0.8627450980392157,CW,,10.0,0.5,22834.0,0.0,,True,31
0.9255514705882352,0.946236559139785,0.4303178484107579,0.5915966386554622,0.0035026269702276,0.5696821515892421,LR,none,True,,clean,0.0,,,,,13054.0,0.0,,False,31
0.9270833333333334,0.9723756906077348,0.4303178484107579,0.5966101694915255,0.0017513134851138,0.5696821515892421,SVM,none,True,,clean,0.0,,,,,13054.0,0.0,,False,31
0.9322916666666666,0.9845360824742267,0.4669926650366748,0.6334991708126037,0.0010507880910683,0.5330073349633252,RF,none,True,,clean,0.0,,,,,13054.0,0.0,,False,31
0.9264705882352942,0.9378238341968912,0.4425427872860635,0.6013289036544851,0.0042031523642732,0.5574572127139364,MLP,none,True,,clean,0.0,,,,,13054.0,0.0,,False,31
0.8970588235294118,0.6607929515418502,0.3667481662591687,0.4716981132075472,0.026970227670753,0.6332518337408313,LR,none,True,,FGSM_eps0.15,0.03125,FGSM,0.15,1.0,,13054.0,0.0,,False,31
0.1204044117647058,0.0798634812286689,0.5721271393643031,0.1401617250673854,0.94430823117338,0.4278728606356968,SVM,none,True,,FGSM_eps0.15,0.8759191176470589,FGSM,0.15,1.0,,13054.0,0.0,,False,31
0.8799019607843137,0.717948717948718,0.0684596577017114,0.125,0.0038528896672504,0.9315403422982884,RF,none,True,,FGSM_eps0.15,0.0542279411764705,FGSM,0.15,1.0,,13054.0,0.0,,False,31
0.8042279411764706,0.335243553008596,0.5721271393643031,0.4227642276422764,0.1625218914185639,0.4278728606356968,MLP,none,True,,FGSM_eps0.15,0.1565563725490196,FGSM,0.15,1.0,,13054.0,0.0,,False,31
0.6871936274509803,0.1304347826086956,0.2640586797066014,0.1746160064672595,0.2521891418563923,0.7359413202933985,LR,none,True,,FGSM_eps0.3,0.2625612745098039,FGSM,0.3,1.0,,13054.0,0.0,,False,31
0.1204044117647058,0.0795765027322404,0.5696821515892421,0.1396463889721306,0.9439579684763572,0.4303178484107579,SVM,none,True,,FGSM_eps0.3,0.8765318627450981,FGSM,0.3,1.0,,13054.0,0.0,,False,31
0.8612132352941176,0.2608695652173913,0.0586797066014669,0.0958083832335329,0.0238178633975481,0.941320293398533,RF,none,True,,FGSM_eps0.3,0.0738357843137254,FGSM,0.3,1.0,,13054.0,0.0,,False,31
0.507046568627451,0.126865671641791,0.4987775061124694,0.2022806147744174,0.4917688266199649,0.5012224938875306,MLP,none,True,,FGSM_eps0.3,0.4678308823529412,FGSM,0.3,1.0,,13054.0,0.0,,False,31
0.4996936274509804,0.0978975032851511,0.3643031784841076,0.154324184360435,0.4809106830122592,0.6356968215158925,LR,none,True,,FGSM_eps0.5,0.4669117647058823,FGSM,0.5,1.0,,13054.0,0.0,,False,31
0.1204044117647058,0.0795765027322404,0.5696821515892421,0.1396463889721306,0.9439579684763572,0.4303178484107579,SVM,none,True,,FGSM_eps0.5,0.8765318627450981,FGSM,0.5,1.0,,13054.0,0.0,,False,31
0.8161764705882353,0.1552346570397112,0.1051344743276283,0.1253644314868804,0.0819614711033275,0.8948655256723717,RF,none,True,,FGSM_eps0.5,0.1228553921568627,FGSM,0.5,1.0,,13054.0,0.0,,False,31
0.2349877450980392,0.0905882352941176,0.5647921760391198,0.1561338289962825,0.8122591943957969,0.4352078239608802,MLP,none,True,,FGSM_eps0.5,0.7558210784313726,FGSM,0.5,1.0,,13054.0,0.0,,False,31
0.1746323529411764,0.0785687938030247,0.5207823960880196,0.1365384615384615,0.8749562171628722,0.4792176039119804,LR,none,True,,FGSM_eps0.75,0.8137254901960784,FGSM,0.75,1.0,,13054.0,0.0,,False,31
0.1204044117647058,0.0795765027322404,0.5696821515892421,0.1396463889721306,0.9439579684763572,0.4303178484107579,SVM,none,True,,FGSM_eps0.75,0.8765318627450981,FGSM,0.75,1.0,,13054.0,0.0,,False,31
0.1384803921568627,0.0797481636935991,0.5574572127139364,0.1395348837209302,0.9215411558669002,0.4425427872860635,RF,none,True,,FGSM_eps0.75,0.8572303921568627,FGSM,0.75,1.0,,13054.0,0.0,,False,31
0.1262254901960784,0.0792283844299001,0.5623471882640587,0.1388888888888889,0.9362521891418564,0.4376528117359413,MLP,none,True,,FGSM_eps0.75,0.8688725490196079,FGSM,0.75,1.0,,13054.0,0.0,,False,31
0.8982843137254902,0.6475095785440613,0.4132029339853301,0.5044776119402985,0.0322241681260945,0.58679706601467,LR,none,True,,PGD_eps0.15_it10,0.0309436274509803,PGD,0.15,10.0,,13054.0,0.0,,False,31
0.0977328431372549,0.0770513675783855,0.5647921760391198,0.1356031699442324,0.9691768826619964,0.4352078239608802,SVM,none,True,,PGD_eps0.15_it10,0.897671568627451,PGD,0.15,10.0,,13054.0,0.0,,False,31
0.8866421568627451,0.819672131147541,0.1222493887530562,0.2127659574468085,0.0038528896672504,0.8777506112469438,RF,none,True,,PGD_eps0.15_it10,0.0474877450980392,PGD,0.15,10.0,,13054.0,0.0,,False,31
0.7337622549019608,0.2494553376906318,0.5599022004889975,0.3451394122079879,0.2413309982486865,0.4400977995110024,MLP,none,True,,PGD_eps0.15_it10,0.2346813725490196,PGD,0.15,10.0,,13054.0,0.0,,False,31
0.8973651960784313,0.6412213740458015,0.4107579462102689,0.5007451564828614,0.0329246935201401,0.589242053789731,LR,none,True,,PGD_eps0.15_it25,0.0315563725490196,PGD,0.15,25.0,,13054.0,0.0,,False,31
0.1011029411764705,0.0770519262981574,0.5623471882640587,0.1355332940483205,0.9649737302977232,0.4376528117359413,SVM,none,True,,PGD_eps0.15_it25,0.8939950980392157,PGD,0.15,25.0,,13054.0,0.0,,False,31
0.8869485294117647,0.8225806451612904,0.1246943765281173,0.2165605095541401,0.0038528896672504,0.8753056234718827,RF,none,True,,PGD_eps0.15_it25,0.0471813725490196,PGD,0.15,25.0,,13054.0,0.0,,False,31
0.7325367647058824,0.2494600431965442,0.5647921760391198,0.346067415730337,0.2434325744308231,0.4352078239608802,MLP,none,True,,PGD_eps0.15_it25,0.2365196078431372,PGD,0.15,25.0,,13054.0,0.0,,False,31
0.4522058823529412,0.1084611016467916,0.4669926650366748,0.176036866359447,0.5499124343257443,0.5330073349633252,LR,none,True,,PGD_eps0.3_it10,0.5214460784313726,PGD,0.3,10.0,,13054.0,0.0,,False,31
0.0912990196078431,0.0770757525636784,0.5696821515892421,0.1357808857808858,0.9772329246935202,0.4303178484107579,SVM,none,True,,PGD_eps0.3_it10,0.9056372549019608,PGD,0.3,10.0,,13054.0,0.0,,False,31
0.8642769607843137,0.3881578947368421,0.1442542787286063,0.2103386809269162,0.0325744308231173,0.8557457212713936,RF,none,True,,PGD_eps0.3_it10,0.0713848039215686,PGD,0.3,10.0,,13054.0,0.0,,False,31
0.2438725490196078,0.0976944118796404,0.6112469437652812,0.1684636118598382,0.8087565674255692,0.3887530562347188,MLP,none,True,,PGD_eps0.3_it10,0.7518382352941176,PGD,0.3,10.0,,13054.0,0.0,,False,31
0.4476102941176471,0.1127777777777777,0.4963325183374083,0.1837935717519239,0.559369527145359,0.5036674816625917,LR,none,True,,PGD_eps0.3_it25,0.5291053921568627,PGD,0.3,25.0,,13054.0,0.0,,False,31
0.0885416666666666,0.0768469656992084,0.5696821515892421,0.1354257483289741,0.980385288966725,0.4303178484107579,SVM,none,True,,PGD_eps0.3_it25,0.9083946078431372,PGD,0.3,25.0,,13054.0,0.0,,False,31
0.8682598039215687,0.4295302013422818,0.1564792176039119,0.2293906810035842,0.0297723292469352,0.843520782396088,RF,none,True,,PGD_eps0.3_it25,0.0670955882352941,PGD,0.3,25.0,,13054.0,0.0,,False,31
0.2426470588235294,0.0965975752835354,0.6039119804400978,0.1665542818610924,0.809106830122592,0.3960880195599022,MLP,none,True,,PGD_eps0.3_it25,0.7533700980392157,PGD,0.3,25.0,,13054.0,0.0,,False,31
0.197610294117647,0.0827039274924471,0.5354523227383863,0.1432777232580961,0.8507880910683012,0.4645476772616136,LR,none,True,,PGD_eps0.5_it10,0.7913602941176471,PGD,0.5,10.0,,13054.0,0.0,,False,31
0.0821078431372549,0.076595744680851,0.5721271393643031,0.1351039260969977,0.988091068301226,0.4278728606356968,SVM,none,True,,PGD_eps0.5_it10,0.9151348039215688,PGD,0.5,10.0,,13054.0,0.0,,False,31
0.7763480392156863,0.1577825159914712,0.1809290953545232,0.1685649202733485,0.138353765323993,0.8190709046454768,RF,none,True,,PGD_eps0.5_it10,0.1645220588235294,PGD,0.5,10.0,,13054.0,0.0,,False,31
0.0922181372549019,0.0799342105263157,0.5941320293398533,0.140910408814149,0.9796847635726796,0.4058679706601467,MLP,none,True,,PGD_eps0.5_it10,0.9059436274509804,PGD,0.5,10.0,,13054.0,0.0,,False,31
0.1452205882352941,0.0800705467372134,0.5550122249388753,0.1399506781750925,0.9134851138353766,0.4449877750611247,LR,none,True,,PGD_eps0.5_it25,0.8462009803921569,PGD,0.5,25.0,,13054.0,0.0,,False,31
0.078125,0.0768229166666666,0.5770171149144254,0.135593220338983,0.9933450087565674,0.4229828850855746,SVM,none,True,,PGD_eps0.5_it25,0.9197303921568628,PGD,0.5,25.0,,13054.0,0.0,,False,31
0.7714460784313726,0.1702544031311154,0.2127139364303178,0.1891304347826087,0.1485113835376532,0.7872860635696821,RF,none,True,,PGD_eps0.5_it25,0.1703431372549019,PGD,0.5,25.0,,13054.0,0.0,,False,31
0.0885416666666666,0.0790682414698162,0.589242053789731,0.1394272490598785,0.9831873905429072,0.4107579462102689,MLP,none,True,,PGD_eps0.5_it25,0.9102328431372548,PGD,0.5,25.0,,13054.0,0.0,,False,31
0.0992647058823529,0.0777444110777444,0.5696821515892421,0.1368173810921902,0.9681260945709282,0.4303178484107579,LR,none,True,,PGD_eps0.75_it10,0.8952205882352942,PGD,0.75,10.0,,13054.0,0.0,,False,31
0.0772058823529411,0.0767479674796748,0.5770171149144254,0.1354764638346728,0.9943957968476356,0.4229828850855746,SVM,none,True,,PGD_eps0.75_it10,0.9206495098039216,PGD,0.75,10.0,,13054.0,0.0,,False,31
0.3900122549019608,0.0828059071729957,0.3838630806845965,0.1362255965292841,0.6091068301225919,0.6161369193154034,RF,none,True,,PGD_eps0.75_it10,0.5845588235294118,PGD,0.75,10.0,,13054.0,0.0,,False,31
0.0778186274509804,0.0773480662983425,0.5819070904645477,0.1365461847389558,0.9943957968476356,0.4180929095354523,MLP,none,True,,PGD_eps0.75_it10,0.9221813725490196,PGD,0.75,10.0,,13054.0,0.0,,False,31
0.110906862745098,0.0793115086061424,0.5745721271393643,0.1393831553973902,0.9555166374781086,0.4254278728606357,LR,none,True,,PGD_eps0.75_it25,0.8844975490196079,PGD,0.75,25.0,,13054.0,0.0,,False,31
0.0765931372549019,0.0769730431958428,0.5794621026894865,0.135894495412844,0.995446584938704,0.4205378973105134,SVM,none,True,,PGD_eps0.75_it25,0.9215686274509804,PGD,0.75,25.0,,13054.0,0.0,,False,31
0.2331495098039215,0.0808646917534027,0.4938875305623472,0.1389748882008944,0.8042031523642732,0.5061124694376528,RF,none,True,,PGD_eps0.75_it25,0.7521446078431373,PGD,0.75,25.0,,13054.0,0.0,,False,31
0.0772058823529411,0.077297823968821,0.5819070904645477,0.1364678899082568,0.9950963222416812,0.4180929095354523,MLP,none,True,,PGD_eps0.75_it25,0.9227941176470588,PGD,0.75,25.0,,13054.0,0.0,,False,31
0.4993872549019608,0.0767104353835521,0.2713936430317848,0.1196120689655172,0.4679509632224168,0.7286063569682152,LR,none,True,,CW_c0.0_it10,0.4417892156862745,CW,,10.0,0.0,13054.0,0.0,,False,31
0.0863970588235294,0.0652247380871916,0.4718826405867971,0.1146080760095011,0.9688266199649738,0.5281173594132029,SVM,none,True,,CW_c0.0_it10,0.897671568627451,CW,,10.0,0.0,13054.0,0.0,,False,31
0.8489583333333334,0.131578947368421,0.0366748166259168,0.0573613766730401,0.0346760070052539,0.9633251833740832,RF,none,True,,CW_c0.0_it10,0.0851715686274509,CW,,10.0,0.0,13054.0,0.0,,False,31
0.0790441176470588,0.0774487471526196,0.5819070904645477,0.1367030442274555,0.9929947460595446,0.4180929095354523,MLP,none,True,,CW_c0.0_it10,0.9209558823529412,CW,,10.0,0.0,13054.0,0.0,,False,31
0.2683823529411764,0.0699695784441547,0.393643031784841,0.1188191881918819,0.7495621716287215,0.6063569682151589,LR,none,True,,CW_c0.5_it10,0.694546568627451,CW,,10.0,0.5,13054.0,0.0,,False,31
0.0784313725490196,0.0749100425253516,0.5599022004889975,0.1321407963069821,0.9905429071803852,0.4400977995110024,SVM,none,True,,CW_c0.5_it10,0.9151348039215688,CW,,10.0,0.5,13054.0,0.0,,False,31
0.8278186274509803,0.1231527093596059,0.0611246943765281,0.0816993464052287,0.0623467600700525,0.938875305623472,RF,none,True,,CW_c0.5_it10,0.1084558823529411,CW,,10.0,0.5,13054.0,0.0,,False,31
0.0768995098039215,0.0780946208684381,0.589242053789731,0.1379113018597997,0.9964973730297724,0.4107579462102689,MLP,none,True,,CW_c0.5_it10,0.9221813725490196,CW,,10.0,0.5,13054.0,0.0,,False,31
0.8765318627450981,0.5075757575757576,0.491442542787286,0.4993788819875776,0.0683012259194395,0.508557457212714,LR,smote,True,15.0,clean,0.0,,,,,,,,,99
0.8869485294117647,0.5558659217877095,0.4865525672371638,0.5189048239895697,0.0556917688266199,0.5134474327628362,SVM,smote,True,15.0,clean,0.0,,,,,,,,,99
0.9099264705882352,0.639225181598063,0.6454767726161369,0.6423357664233577,0.0521891418563922,0.3545232273838631,RF,smote,True,15.0,clean,0.0,,,,,,,,,99
0.8560049019607843,0.4504065040650406,0.6772616136919315,0.541015625,0.1183887915936952,0.3227383863080684,MLP,smote,True,15.0,clean,0.0,,,,,,,,,99
0.2089460784313725,0.1084684684684684,0.7359413202933985,0.1890703517587939,0.8665499124343258,0.2640586797066014,LR,smote,True,15.0,FGSM_eps0.15,0.7172181372549019,FGSM,0.15,1.0,,,,,,99
0.1504289215686274,0.0546345139412208,0.3545232273838631,0.0946784198498204,0.8788091068301226,0.6454767726161369,SVM,smote,True,15.0,FGSM_eps0.15,0.7861519607843137,FGSM,0.15,1.0,,,,,,99
0.859375,0.1794871794871795,0.0342298288508557,0.0574948665297741,0.022416812609457,0.9657701711491442,RF,smote,True,15.0,FGSM_eps0.15,0.096813725490196,FGSM,0.15,1.0,,,,,,99
0.3520220588235294,0.1304159445407279,0.7359413202933985,0.2215679057784321,0.7029772329246935,0.2640586797066014,MLP,smote,True,15.0,FGSM_eps0.15,0.6443014705882353,FGSM,0.15,1.0,,,,,,99
0.1636029411764706,0.0712966383450314,0.4718826405867971,0.1238767650834403,0.8805604203152364,0.5281173594132029,LR,smote,True,15.0,FGSM_eps0.3,0.7653186274509803,FGSM,0.3,1.0,,,,,,99
0.1504289215686274,0.0546345139412208,0.3545232273838631,0.0946784198498204,0.8788091068301226,0.6454767726161369,SVM,smote,True,15.0,FGSM_eps0.3,0.7861519607843137,FGSM,0.3,1.0,,,,,,99
0.835171568627451,0.0489510489510489,0.0171149144254278,0.0253623188405797,0.0476357267950963,0.982885085574572,RF,smote,True,15.0,FGSM_eps0.3,0.1210171568627451,FGSM,0.3,1.0,,,,,,99
0.1887254901960784,0.0833643468552288,0.5476772616136919,0.1447028423772609,0.8626970227670753,0.452322738386308,MLP,smote,True,15.0,FGSM_eps0.3,0.8109681372549019,FGSM,0.3,1.0,,,,,,99
0.152267156862745,0.058095952023988,0.3789731051344743,0.1007474813129671,0.8802101576182136,0.6210268948655256,LR,smote,True,15.0,FGSM_eps0.5,0.7769607843137255,FGSM,0.5,1.0,,,,,,99
0.1504289215686274,0.0546345139412208,0.3545232273838631,0.0946784198498204,0.8788091068301226,0.6454767726161369,SVM,smote,True,15.0,FGSM_eps0.5,0.7861519607843137,FGSM,0.5,1.0,,,,,,99
0.7447916666666666,0.0527426160337552,0.0611246943765281,0.0566251415628539,0.1572679509632224,0.938875305623472,RF,smote,True,15.0,FGSM_eps0.5,0.213235294117647,FGSM,0.5,1.0,,,,,,99
0.1510416666666666,0.0563486100676183,0.3667481662591687,0.0976880494952784,0.8798598949211909,0.6332518337408313,MLP,smote,True,15.0,FGSM_eps0.5,0.8489583333333334,FGSM,0.5,1.0,,,,,,99
0.1528799019607843,0.0578078078078078,0.3765281173594132,0.1002277904328018,0.8791593695271454,0.6234718826405868,LR,smote,True,15.0,FGSM_eps0.75,0.7772671568627451,FGSM,0.75,1.0,,,,,,99
0.1504289215686274,0.0546345139412208,0.3545232273838631,0.0946784198498204,0.8788091068301226,0.6454767726161369,SVM,smote,True,15.0,FGSM_eps0.75,0.7861519607843137,FGSM,0.75,1.0,,,,,,99
0.2521446078431372,0.0472370766488413,0.2591687041564792,0.0799095363739163,0.748861646234676,0.7408312958435208,RF,smote,True,15.0,FGSM_eps0.75,0.7049632352941176,FGSM,0.75,1.0,,,,,,99
0.1501225490196078,0.0552839413313275,0.3594132029339853,0.0958279009126466,0.8798598949211909,0.6405867970660146,MLP,smote,True,15.0,FGSM_eps0.75,0.8498774509803921,FGSM,0.75,1.0,,,,,,99
0.2083333333333333,0.1095152603231597,0.7457212713936431,0.1909830932999373,0.8686514886164624,0.254278728606357,LR,smote,True,15.0,PGD_eps0.15_it10,0.7181372549019608,PGD,0.15,10.0,,,,,,99
0.1479779411764706,0.0544703230653643,0.3545232273838631,0.0944317811787691,0.8816112084063047,0.6454767726161369,SVM,smote,True,15.0,PGD_eps0.15_it10,0.7886029411764706,PGD,0.15,10.0,,,,,,99
0.8670343137254902,0.3831775700934579,0.1002444987775061,0.1589147286821705,0.0231173380035026,0.8997555012224939,RF,smote,True,15.0,PGD_eps0.15_it10,0.0894607843137254,PGD,0.15,10.0,,,,,,99
0.3268995098039216,0.1259414225941422,0.7359413202933985,0.2150768131475527,0.7316987740805604,0.2640586797066014,MLP,smote,True,15.0,PGD_eps0.15_it10,0.6706495098039216,PGD,0.15,10.0,,,,,,99
0.2089460784313725,0.109593963348904,0.7457212713936431,0.1911027568922305,0.8679509632224168,0.254278728606357,LR,smote,True,15.0,PGD_eps0.15_it25,0.7178308823529411,PGD,0.15,25.0,,,,,,99
0.1485906862745098,0.0548459804658151,0.3569682151589242,0.095083034842071,0.8812609457092819,0.6430317848410758,SVM,smote,True,15.0,PGD_eps0.15_it25,0.7879901960784313,PGD,0.15,25.0,,,,,,99
0.8670343137254902,0.3853211009174312,0.1026894865525672,0.1621621621621621,0.0234676007005253,0.8973105134474327,RF,smote,True,15.0,PGD_eps0.15_it25,0.0891544117647058,PGD,0.15,25.0,,,,,,99
0.3293504901960784,0.1263643996641477,0.7359413202933985,0.2156932998925116,0.7288966725043783,0.2640586797066014,MLP,smote,True,15.0,PGD_eps0.15_it25,0.6681985294117647,PGD,0.15,25.0,,,,,,99
0.1721813725490196,0.0829392506365951,0.5574572127139364,0.1443951868271057,0.8830122591943957,0.4425427872860635,LR,smote,True,15.0,PGD_eps0.3_it10,0.7567401960784313,PGD,0.3,10.0,,,,,,99
0.1479779411764706,0.0544703230653643,0.3545232273838631,0.0944317811787691,0.8816112084063047,0.6454767726161369,SVM,smote,True,15.0,PGD_eps0.3_it10,0.7886029411764706,PGD,0.3,10.0,,,,,,99
0.8290441176470589,0.0484848484848484,0.0195599022004889,0.0278745644599303,0.0549912434325744,0.980440097799511,RF,smote,True,15.0,PGD_eps0.3_it10,0.1277573529411764,PGD,0.3,10.0,,,,,,99
0.1666666666666666,0.0693253820350354,0.4547677261613692,0.1203104786545925,0.8746059544658494,0.5452322738386308,MLP,smote,True,15.0,PGD_eps0.3_it10,0.8330269607843137,PGD,0.3,10.0,,,,,,99
0.1746323529411764,0.0856002901704751,0.5770171149144254,0.1490840176879343,0.8830122591943957,0.4229828850855746,LR,smote,True,15.0,PGD_eps0.3_it25,0.7542892156862745,PGD,0.3,25.0,,,,,,99
0.1470588235294117,0.0544090056285178,0.3545232273838631,0.0943396226415094,0.882661996497373,0.6454767726161369,SVM,smote,True,15.0,PGD_eps0.3_it25,0.7895220588235294,PGD,0.3,25.0,,,,,,99
0.8272058823529411,0.0467836257309941,0.0195599022004889,0.0275862068965517,0.057092819614711,0.980440097799511,RF,smote,True,15.0,PGD_eps0.3_it25,0.1289828431372549,PGD,0.3,25.0,,,,,,99
0.1654411764705882,0.0682581126445356,0.4474327628361858,0.1184466019417475,0.8749562171628722,0.5525672371638142,MLP,smote,True,15.0,PGD_eps0.3_it25,0.8342524509803921,PGD,0.3,25.0,,,,,,99
0.1537990196078431,0.0628019323671497,0.4132029339853301,0.1090322580645161,0.8833625218914186,0.58679706601467,LR,smote,True,15.0,PGD_eps0.5_it10,0.7751225490196079,PGD,0.5,10.0,,,,,,99
0.1476715686274509,0.0551181102362204,0.3594132029339853,0.0955786736020806,0.882661996497373,0.6405867970660146,SVM,smote,True,15.0,PGD_eps0.5_it10,0.7895220588235294,PGD,0.5,10.0,,,,,,99
0.7643995098039216,0.0287958115183246,0.0268948655256723,0.0278128950695322,0.1299474605954466,0.9731051344743276,RF,smote,True,15.0,PGD_eps0.5_it10,0.1911764705882352,PGD,0.5,10.0,,,,,,99
0.1498161764705882,0.0552631578947368,0.3594132029339853,0.0957966764418377,0.8802101576182136,0.6405867970660146,MLP,smote,True,15.0,PGD_eps0.5_it10,0.8501838235294118,PGD,0.5,10.0,,,,,,99
0.1556372549019608,0.0648869113830181,0.4278728606356968,0.1126851255634256,0.8833625218914186,0.5721271393643031,LR,smote,True,15.0,PGD_eps0.5_it25,0.7732843137254902,PGD,0.5,25.0,,,,,,99
0.1470588235294117,0.0554099588169225,0.3618581907090464,0.0961038961038961,0.8837127845884414,0.6381418092909535,SVM,smote,True,15.0,PGD_eps0.5_it25,0.7904411764705882,PGD,0.5,25.0,,,,,,99
0.7460171568627451,0.03125,0.0342298288508557,0.0326721120186697,0.1520140105078809,0.9657701711491442,RF,smote,True,15.0,PGD_eps0.5_it25,0.2092524509803921,PGD,0.5,25.0,,,,,,99
0.1498161764705882,0.0552631578947368,0.3594132029339853,0.0957966764418377,0.8802101576182136,0.6405867970660146,MLP,smote,True,15.0,PGD_eps0.5_it25,0.8501838235294118,PGD,0.5,25.0,,,,,,99
0.1501225490196078,0.0576131687242798,0.3765281173594132,0.099935107073329,0.8823117338003502,0.6234718826405868,LR,smote,True,15.0,PGD_eps0.75_it10,0.7800245098039216,PGD,0.75,10.0,,,,,,99
0.1455269607843137,0.0549738219895288,0.3594132029339853,0.0953616607200778,0.8851138353765324,0.6405867970660146,SVM,smote,True,15.0,PGD_eps0.75_it10,0.7916666666666666,PGD,0.75,10.0,,,,,,99
0.5150122549019608,0.04140625,0.1295843520782396,0.0627590290112492,0.4297723292469352,0.8704156479217604,RF,smote,True,15.0,PGD_eps0.75_it10,0.4417892156862745,PGD,0.75,10.0,,,,,,99
0.1488970588235294,0.0552009012392039,0.3594132029339853,0.095703125,0.8812609457092819,0.6405867970660146,MLP,smote,True,15.0,PGD_eps0.75_it10,0.8511029411764706,PGD,0.75,10.0,,,,,,99
0.1516544117647058,0.0593726661687826,0.3887530562347188,0.1030126336248785,0.8823117338003502,0.6112469437652812,LR,smote,True,15.0,PGD_eps0.75_it25,0.7781862745098039,PGD,0.75,25.0,,,,,,99
0.1455269607843137,0.0553064275037369,0.3618581907090464,0.0959481361426256,0.8854640980735552,0.6381418092909535,SVM,smote,True,15.0,PGD_eps0.75_it25,0.7919730392156863,PGD,0.75,25.0,,,,,,99
0.3161764705882353,0.0458395615346288,0.2249388753056234,0.076158940397351,0.670753064798599,0.7750611246943765,RF,smote,True,15.0,PGD_eps0.75_it25,0.6403186274509803,PGD,0.75,25.0,,,,,,99
0.1488970588235294,0.0552009012392039,0.3594132029339853,0.095703125,0.8812609457092819,0.6405867970660146,MLP,smote,True,15.0,PGD_eps0.75_it25,0.8511029411764706,PGD,0.75,25.0,,,,,,99
0.2432598039215686,0.0505887483645878,0.2836185819070904,0.0858623242042931,0.762521891418564,0.7163814180929096,LR,smote,True,15.0,CW_c0.0_it10,0.6685049019607843,CW,,10.0,0.0,,,,,99
0.1924019607843137,0.0442079410560785,0.2640586797066014,0.0757363253856942,0.8178633975481612,0.7359413202933985,SVM,smote,True,15.0,CW_c0.0_it10,0.734375,CW,,10.0,0.0,,,,,99
0.8409926470588235,0.1014492753623188,0.0342298288508557,0.0511882998171846,0.0434325744308231,0.9657701711491442,RF,smote,True,15.0,CW_c0.0_it10,0.1127450980392156,CW,,10.0,0.0,,,,,99
0.1482843137254902,0.0511170011359333,0.3300733496332518,0.0885245901639344,0.8777583187390543,0.6699266503667481,MLP,smote,True,15.0,CW_c0.0_it10,0.8517156862745098,CW,,10.0,0.0,,,,,99
0.1541053921568627,0.0568952524491333,0.3691931540342298,0.098596147567744,0.876707530647986,0.6308068459657702,LR,smote,True,15.0,CW_c0.5_it10,0.7705269607843137,CW,,10.0,0.5,,,,,99
0.1464460784313725,0.0503216042376087,0.3251833740831296,0.0871559633027523,0.8791593695271454,0.6748166259168704,SVM,smote,True,15.0,CW_c0.5_it10,0.7901348039215687,CW,,10.0,0.5,,,,,99
0.8452818627450981,0.0555555555555555,0.0146699266503667,0.02321083172147,0.0357267950963222,0.9853300733496332,RF,smote,True,15.0,CW_c0.5_it10,0.110906862745098,CW,,10.0,0.5,,,,,99
0.1443014705882352,0.0498489425981873,0.3227383863080684,0.0863591756624141,0.8812609457092819,0.6772616136919315,MLP,smote,True,15.0,CW_c0.5_it10,0.8556985294117647,CW,,10.0,0.5,,,,,99
0.8765318627450981,0.5075757575757576,0.491442542787286,0.4993788819875776,0.0683012259194395,0.508557457212714,LR,smotenc,True,,clean,0.0,,,,,22834.0,0.0,,True,99
0.8869485294117647,0.5558659217877095,0.4865525672371638,0.5189048239895697,0.0556917688266199,0.5134474327628362,SVM,smotenc,True,,clean,0.0,,,,,22834.0,0.0,,True,99
0.9099264705882352,0.639225181598063,0.6454767726161369,0.6423357664233577,0.0521891418563922,0.3545232273838631,RF,smotenc,True,,clean,0.0,,,,,22834.0,0.0,,True,99
0.8560049019607843,0.4504065040650406,0.6772616136919315,0.541015625,0.1183887915936952,0.3227383863080684,MLP,smotenc,True,,clean,0.0,,,,,22834.0,0.0,,True,99
0.2089460784313725,0.1084684684684684,0.7359413202933985,0.1890703517587939,0.8665499124343258,0.2640586797066014,LR,smotenc,True,,FGSM_eps0.15,0.7172181372549019,FGSM,0.15,1.0,,22834.0,0.0,,True,99
0.1504289215686274,0.0546345139412208,0.3545232273838631,0.0946784198498204,0.8788091068301226,0.6454767726161369,SVM,smotenc,True,,FGSM_eps0.15,0.7861519607843137,FGSM,0.15,1.0,,22834.0,0.0,,True,99
0.859375,0.1794871794871795,0.0342298288508557,0.0574948665297741,0.022416812609457,0.9657701711491442,RF,smotenc,True,,FGSM_eps0.15,0.096813725490196,FGSM,0.15,1.0,,22834.0,0.0,,True,99
0.3520220588235294,0.1304159445407279,0.7359413202933985,0.2215679057784321,0.7029772329246935,0.2640586797066014,MLP,smotenc,True,,FGSM_eps0.15,0.6443014705882353,FGSM,0.15,1.0,,22834.0,0.0,,True,99
0.1636029411764706,0.0712966383450314,0.4718826405867971,0.1238767650834403,0.8805604203152364,0.5281173594132029,LR,smotenc,True,,FGSM_eps0.3,0.7653186274509803,FGSM,0.3,1.0,,22834.0,0.0,,True,99
0.1504289215686274,0.0546345139412208,0.3545232273838631,0.0946784198498204,0.8788091068301226,0.6454767726161369,SVM,smotenc,True,,FGSM_eps0.3,0.7861519607843137,FGSM,0.3,1.0,,22834.0,0.0,,True,99
0.835171568627451,0.0489510489510489,0.0171149144254278,0.0253623188405797,0.0476357267950963,0.982885085574572,RF,smotenc,True,,FGSM_eps0.3,0.1210171568627451,FGSM,0.3,1.0,,22834.0,0.0,,True,99
0.1887254901960784,0.0833643468552288,0.5476772616136919,0.1447028423772609,0.8626970227670753,0.452322738386308,MLP,smotenc,True,,FGSM_eps0.3,0.8109681372549019,FGSM,0.3,1.0,,22834.0,0.0,,True,99
0.152267156862745,0.058095952023988,0.3789731051344743,0.1007474813129671,0.8802101576182136,0.6210268948655256,LR,smotenc,True,,FGSM_eps0.5,0.7769607843137255,FGSM,0.5,1.0,,22834.0,0.0,,True,99
0.1504289215686274,0.0546345139412208,0.3545232273838631,0.0946784198498204,0.8788091068301226,0.6454767726161369,SVM,smotenc,True,,FGSM_eps0.5,0.7861519607843137,FGSM,0.5,1.0,,22834.0,0.0,,True,99
0.7447916666666666,0.0527426160337552,0.0611246943765281,0.0566251415628539,0.1572679509632224,0.938875305623472,RF,smotenc,True,,FGSM_eps0.5,0.213235294117647,FGSM,0.5,1.0,,22834.0,0.0,,True,99
0.1510416666666666,0.0563486100676183,0.3667481662591687,0.0976880494952784,0.8798598949211909,0.6332518337408313,MLP,smotenc,True,,FGSM_eps0.5,0.8489583333333334,FGSM,0.5,1.0,,22834.0,0.0,,True,99
0.1528799019607843,0.0578078078078078,0.3765281173594132,0.1002277904328018,0.8791593695271454,0.6234718826405868,LR,smotenc,True,,FGSM_eps0.75,0.7772671568627451,FGSM,0.75,1.0,,22834.0,0.0,,True,99
0.1504289215686274,0.0546345139412208,0.3545232273838631,0.0946784198498204,0.8788091068301226,0.6454767726161369,SVM,smotenc,True,,FGSM_eps0.75,0.7861519607843137,FGSM,0.75,1.0,,22834.0,0.0,,True,99
0.2521446078431372,0.0472370766488413,0.2591687041564792,0.0799095363739163,0.748861646234676,0.7408312958435208,RF,smotenc,True,,FGSM_eps0.75,0.7049632352941176,FGSM,0.75,1.0,,22834.0,0.0,,True,99
0.1501225490196078,0.0552839413313275,0.3594132029339853,0.0958279009126466,0.8798598949211909,0.6405867970660146,MLP,smotenc,True,,FGSM_eps0.75,0.8498774509803921,FGSM,0.75,1.0,,22834.0,0.0,,True,99
0.2083333333333333,0.1095152603231597,0.7457212713936431,0.1909830932999373,0.8686514886164624,0.254278728606357,LR,smotenc,True,,PGD_eps0.15_it10,0.7181372549019608,PGD,0.15,10.0,,22834.0,0.0,,True,99
0.1479779411764706,0.0544703230653643,0.3545232273838631,0.0944317811787691,0.8816112084063047,0.6454767726161369,SVM,smotenc,True,,PGD_eps0.15_it10,0.7886029411764706,PGD,0.15,10.0,,22834.0,0.0,,True,99
0.8670343137254902,0.3831775700934579,0.1002444987775061,0.1589147286821705,0.0231173380035026,0.8997555012224939,RF,smotenc,True,,PGD_eps0.15_it10,0.0894607843137254,PGD,0.15,10.0,,22834.0,0.0,,True,99
0.3268995098039216,0.1259414225941422,0.7359413202933985,0.2150768131475527,0.7316987740805604,0.2640586797066014,MLP,smotenc,True,,PGD_eps0.15_it10,0.6706495098039216,PGD,0.15,10.0,,22834.0,0.0,,True,99
0.2089460784313725,0.109593963348904,0.7457212713936431,0.1911027568922305,0.8679509632224168,0.254278728606357,LR,smotenc,True,,PGD_eps0.15_it25,0.7178308823529411,PGD,0.15,25.0,,22834.0,0.0,,True,99
0.1485906862745098,0.0548459804658151,0.3569682151589242,0.095083034842071,0.8812609457092819,0.6430317848410758,SVM,smotenc,True,,PGD_eps0.15_it25,0.7879901960784313,PGD,0.15,25.0,,22834.0,0.0,,True,99
0.8670343137254902,0.3853211009174312,0.1026894865525672,0.1621621621621621,0.0234676007005253,0.8973105134474327,RF,smotenc,True,,PGD_eps0.15_it25,0.0891544117647058,PGD,0.15,25.0,,22834.0,0.0,,True,99
0.3293504901960784,0.1263643996641477,0.7359413202933985,0.2156932998925116,0.7288966725043783,0.2640586797066014,MLP,smotenc,True,,PGD_eps0.15_it25,0.6681985294117647,PGD,0.15,25.0,,22834.0,0.0,,True,99
0.1721813725490196,0.0829392506365951,0.5574572127139364,0.1443951868271057,0.8830122591943957,0.4425427872860635,LR,smotenc,True,,PGD_eps0.3_it10,0.7567401960784313,PGD,0.3,10.0,,22834.0,0.0,,True,99
0.1479779411764706,0.0544703230653643,0.3545232273838631,0.0944317811787691,0.8816112084063047,0.6454767726161369,SVM,smotenc,True,,PGD_eps0.3_it10,0.7886029411764706,PGD,0.3,10.0,,22834.0,0.0,,True,99
0.8290441176470589,0.0484848484848484,0.0195599022004889,0.0278745644599303,0.0549912434325744,0.980440097799511,RF,smotenc,True,,PGD_eps0.3_it10,0.1277573529411764,PGD,0.3,10.0,,22834.0,0.0,,True,99
0.1666666666666666,0.0693253820350354,0.4547677261613692,0.1203104786545925,0.8746059544658494,0.5452322738386308,MLP,smotenc,True,,PGD_eps0.3_it10,0.8330269607843137,PGD,0.3,10.0,,22834.0,0.0,,True,99
0.1746323529411764,0.0856002901704751,0.5770171149144254,0.1490840176879343,0.8830122591943957,0.4229828850855746,LR,smotenc,True,,PGD_eps0.3_it25,0.7542892156862745,PGD,0.3,25.0,,22834.0,0.0,,True,99
0.1470588235294117,0.0544090056285178,0.3545232273838631,0.0943396226415094,0.882661996497373,0.6454767726161369,SVM,smotenc,True,,PGD_eps0.3_it25,0.7895220588235294,PGD,0.3,25.0,,22834.0,0.0,,True,99
0.8272058823529411,0.0467836257309941,0.0195599022004889,0.0275862068965517,0.057092819614711,0.980440097799511,RF,smotenc,True,,PGD_eps0.3_it25,0.1289828431372549,PGD,0.3,25.0,,22834.0,0.0,,True,99
0.1654411764705882,0.0682581126445356,0.4474327628361858,0.1184466019417475,0.8749562171628722,0.5525672371638142,MLP,smotenc,True,,PGD_eps0.3_it25,0.8342524509803921,PGD,0.3,25.0,,22834.0,0.0,,True,99
0.1537990196078431,0.0628019323671497,0.4132029339853301,0.1090322580645161,0.8833625218914186,0.58679706601467,LR,smotenc,True,,PGD_eps0.5_it10,0.7751225490196079,PGD,0.5,10.0,,22834.0,0.0,,True,99
0.1476715686274509,0.0551181102362204,0.3594132029339853,0.0955786736020806,0.882661996497373,0.6405867970660146,SVM,smotenc,True,,PGD_eps0.5_it10,0.7895220588235294,PGD,0.5,10.0,,22834.0,0.0,,True,99
0.7643995098039216,0.0287958115183246,0.0268948655256723,0.0278128950695322,0.1299474605954466,0.9731051344743276,RF,smotenc,True,,PGD_eps0.5_it10,0.1911764705882352,PGD,0.5,10.0,,22834.0,0.0,,True,99
0.1498161764705882,0.0552631578947368,0.3594132029339853,0.0957966764418377,0.8802101576182136,0.6405867970660146,MLP,smotenc,True,,PGD_eps0.5_it10,0.8501838235294118,PGD,0.5,10.0,,22834.0,0.0,,True,99
0.1556372549019608,0.0648869113830181,0.4278728606356968,0.1126851255634256,0.8833625218914186,0.5721271393643031,LR,smotenc,True,,PGD_eps0.5_it25,0.7732843137254902,PGD,0.5,25.0,,22834.0,0.0,,True,99
0.1470588235294117,0.0554099588169225,0.3618581907090464,0.0961038961038961,0.8837127845884414,0.6381418092909535,SVM,smotenc,True,,PGD_eps0.5_it25,0.7904411764705882,PGD,0.5,25.0,,22834.0,0.0,,True,99
0.7460171568627451,0.03125,0.0342298288508557,0.0326721120186697,0.1520140105078809,0.9657701711491442,RF,smotenc,True,,PGD_eps0.5_it25,0.2092524509803921,PGD,0.5,25.0,,22834.0,0.0,,True,99
0.1498161764705882,0.0552631578947368,0.3594132029339853,0.0957966764418377,0.8802101576182136,0.6405867970660146,MLP,smotenc,True,,PGD_eps0.5_it25,0.8501838235294118,PGD,0.5,25.0,,22834.0,0.0,,True,99
0.1501225490196078,0.0576131687242798,0.3765281173594132,0.099935107073329,0.8823117338003502,0.6234718826405868,LR,smotenc,True,,PGD_eps0.75_it10,0.7800245098039216,PGD,0.75,10.0,,22834.0,0.0,,True,99
0.1455269607843137,0.0549738219895288,0.3594132029339853,0.0953616607200778,0.8851138353765324,0.6405867970660146,SVM,smotenc,True,,PGD_eps0.75_it10,0.7916666666666666,PGD,0.75,10.0,,22834.0,0.0,,True,99
0.5150122549019608,0.04140625,0.1295843520782396,0.0627590290112492,0.4297723292469352,0.8704156479217604,RF,smotenc,True,,PGD_eps0.75_it10,0.4417892156862745,PGD,0.75,10.0,,22834.0,0.0,,True,99
0.1488970588235294,0.0552009012392039,0.3594132029339853,0.095703125,0.8812609457092819,0.6405867970660146,MLP,smotenc,True,,PGD_eps0.75_it10,0.8511029411764706,PGD,0.75,10.0,,22834.0,0.0,,True,99
0.1516544117647058,0.0593726661687826,0.3887530562347188,0.1030126336248785,0.8823117338003502,0.6112469437652812,LR,smotenc,True,,PGD_eps0.75_it25,0.7781862745098039,PGD,0.75,25.0,,22834.0,0.0,,True,99
0.1455269607843137,0.0553064275037369,0.3618581907090464,0.0959481361426256,0.8854640980735552,0.6381418092909535,SVM,smotenc,True,,PGD_eps0.75_it25,0.7919730392156863,PGD,0.75,25.0,,22834.0,0.0,,True,99
0.3161764705882353,0.0458395615346288,0.2249388753056234,0.076158940397351,0.670753064798599,0.7750611246943765,RF,smotenc,True,,PGD_eps0.75_it25,0.6403186274509803,PGD,0.75,25.0,,22834.0,0.0,,True,99
0.1488970588235294,0.0552009012392039,0.3594132029339853,0.095703125,0.8812609457092819,0.6405867970660146,MLP,smotenc,True,,PGD_eps0.75_it25,0.8511029411764706,PGD,0.75,25.0,,22834.0,0.0,,True,99
0.2432598039215686,0.0505887483645878,0.2836185819070904,0.0858623242042931,0.762521891418564,0.7163814180929096,LR,smotenc,True,,CW_c0.0_it10,0.6685049019607843,CW,,10.0,0.0,22834.0,0.0,,True,99
0.1924019607843137,0.0442079410560785,0.2640586797066014,0.0757363253856942,0.8178633975481612,0.7359413202933985,SVM,smotenc,True,,CW_c0.0_it10,0.734375,CW,,10.0,0.0,22834.0,0.0,,True,99
0.8409926470588235,0.1014492753623188,0.0342298288508557,0.0511882998171846,0.0434325744308231,0.9657701711491442,RF,smotenc,True,,CW_c0.0_it10,0.1127450980392156,CW,,10.0,0.0,22834.0,0.0,,True,99
0.1482843137254902,0.0511170011359333,0.3300733496332518,0.0885245901639344,0.8777583187390543,0.6699266503667481,MLP,smotenc,True,,CW_c0.0_it10,0.8517156862745098,CW,,10.0,0.0,22834.0,0.0,,True,99
0.1541053921568627,0.0568952524491333,0.3691931540342298,0.098596147567744,0.876707530647986,0.6308068459657702,LR,smotenc,True,,CW_c0.5_it10,0.7705269607843137,CW,,10.0,0.5,22834.0,0.0,,True,99
0.1464460784313725,0.0503216042376087,0.3251833740831296,0.0871559633027523,0.8791593695271454,0.6748166259168704,SVM,smotenc,True,,CW_c0.5_it10,0.7901348039215687,CW,,10.0,0.5,22834.0,0.0,,True,99
0.8452818627450981,0.0555555555555555,0.0146699266503667,0.02321083172147,0.0357267950963222,0.9853300733496332,RF,smotenc,True,,CW_c0.5_it10,0.110906862745098,CW,,10.0,0.5,22834.0,0.0,,True,99
0.1443014705882352,0.0498489425981873,0.3227383863080684,0.0863591756624141,0.8812609457092819,0.6772616136919315,MLP,smotenc,True,,CW_c0.5_it10,0.8556985294117647,CW,,10.0,0.5,22834.0,0.0,,True,99
0.9276960784313726,0.9481865284974094,0.4474327628361858,0.6079734219269103,0.0035026269702276,0.5525672371638142,LR,none,True,,clean,0.0,,,,,13054.0,0.0,,False,99
0.9295343137254902,0.9735449735449736,0.4498777506112469,0.6153846153846154,0.0017513134851138,0.5501222493887531,SVM,none,True,,clean,0.0,,,,,13054.0,0.0,,False,99
0.9316789215686274,0.9603960396039604,0.4743276283618582,0.6350245499181669,0.0028021015761821,0.5256723716381418,RF,none,True,,clean,0.0,,,,,13054.0,0.0,,False,99
0.9295343137254902,0.9543147208121828,0.4596577017114914,0.6204620462046204,0.0031523642732049,0.5403422982885085,MLP,none,True,,clean,0.0,,,,,13054.0,0.0,,False,99
0.8795955882352942,0.5396039603960396,0.2665036674816626,0.3567921440261866,0.0325744308231173,0.7334963325183375,LR,none,True,,FGSM_eps0.15,0.0511642156862745,FGSM,0.15,1.0,,13054.0,0.0,,False,99
0.2006740196078431,0.0719844357976653,0.452322738386308,0.1242027526015441,0.8353765323992994,0.5476772616136919,SVM,none,True,,FGSM_eps0.15,0.7815563725490197,FGSM,0.15,1.0,,13054.0,0.0,,False,99
0.8685661764705882,0.1153846153846153,0.0073349633251833,0.0137931034482758,0.0080560420315236,0.9926650366748166,RF,none,True,,FGSM_eps0.15,0.0658700980392156,FGSM,0.15,1.0,,13054.0,0.0,,False,99
0.8477328431372549,0.4153846153846154,0.5281173594132029,0.465016146393972,0.1064798598949211,0.4718826405867971,MLP,none,True,,FGSM_eps0.15,0.1004901960784313,FGSM,0.15,1.0,,13054.0,0.0,,False,99
0.2441789215686274,0.0986739469578783,0.6185819070904646,0.1701984527413387,0.8094570928196148,0.3814180929095354,LR,none,True,,FGSM_eps0.3,0.7371323529411765,FGSM,0.3,1.0,,13054.0,0.0,,False,99
0.2003676470588235,0.0716231996885947,0.4498777506112469,0.1235728676964405,0.8353765323992994,0.5501222493887531,SVM,none,True,,FGSM_eps0.3,0.7818627450980392,FGSM,0.3,1.0,,13054.0,0.0,,False,99
0.8560049019607843,0.0704225352112676,0.0122249388753056,0.0208333333333333,0.0231173380035026,0.9877750611246944,RF,none,True,,FGSM_eps0.3,0.0790441176470588,FGSM,0.3,1.0,,13054.0,0.0,,False,99
0.6044730392156863,0.1397058823529411,0.4180929095354523,0.2094304960195958,0.3688266199649737,0.5819070904645477,MLP,none,True,,FGSM_eps0.3,0.3615196078431372,FGSM,0.3,1.0,,13054.0,0.0,,False,99
0.2080269607843137,0.0805705474171164,0.511002444987775,0.1391941391941392,0.8353765323992994,0.4889975550122249,LR,none,True,,FGSM_eps0.5,0.7735906862745098,FGSM,0.5,1.0,,13054.0,0.0,,False,99
0.2003676470588235,0.0716231996885947,0.4498777506112469,0.1235728676964405,0.8353765323992994,0.5501222493887531,SVM,none,True,,FGSM_eps0.5,0.7818627450980392,FGSM,0.5,1.0,,13054.0,0.0,,False,99
0.8296568627450981,0.0983606557377049,0.0440097799511002,0.0608108108108108,0.0577933450087565,0.9559902200488998,RF,none,True,,FGSM_eps0.5,0.1087622549019607,FGSM,0.5,1.0,,13054.0,0.0,,False,99
0.2840073529411764,0.0808695652173913,0.4547677261613692,0.1373200442967884,0.7404553415061296,0.5452322738386308,MLP,none,True,,FGSM_eps0.5,0.6982230392156863,FGSM,0.5,1.0,,13054.0,0.0,,False,99
0.2025122549019608,0.0741459627329192,0.4669926650366748,0.1279731993299832,0.8353765323992994,0.5330073349633252,LR,none,True,,FGSM_eps0.75,0.7791053921568627,FGSM,0.75,1.0,,13054.0,0.0,,False,99
0.2000612745098039,0.0712616822429906,0.4474327628361858,0.1229425596237823,0.8353765323992994,0.5525672371638142,SVM,none,True,,FGSM_eps0.75,0.7821691176470589,FGSM,0.75,1.0,,13054.0,0.0,,False,99
0.1969975490196078,0.0666144200626959,0.4156479217603912,0.1148260722728807,0.8343257443082311,0.5843520782396088,RF,none,True,,FGSM_eps0.75,0.7846200980392157,FGSM,0.75,1.0,,13054.0,0.0,,False,99
0.2092524509803921,0.0721040189125295,0.4474327628361858,0.1241940956905327,0.8248686514886164,0.5525672371638142,MLP,none,True,,FGSM_eps0.75,0.7748161764705882,FGSM,0.75,1.0,,13054.0,0.0,,False,99
0.8829656862745098,0.5610859728506787,0.3031784841075794,0.3936507936507936,0.0339754816112084,0.6968215158924206,LR,none,True,,PGD_eps0.15_it10,0.0477941176470588,PGD,0.15,10.0,,13054.0,0.0,,False,99
0.117953431372549,0.076474622770919,0.5452322738386308,0.1341353383458646,0.9432574430823116,0.4547677261613692,SVM,none,True,,PGD_eps0.15_it10,0.8759191176470589,PGD,0.15,10.0,,13054.0,0.0,,False,99
0.8713235294117647,0.3428571428571428,0.0293398533007334,0.054054054054054,0.0080560420315236,0.9706601466992664,RF,none,True,,PGD_eps0.15_it10,0.0631127450980392,PGD,0.15,10.0,,13054.0,0.0,,False,99
0.8192401960784313,0.3509060955518945,0.5207823960880196,0.4192913385826771,0.1380035026269702,0.4792176039119804,MLP,none,True,,PGD_eps0.15_it10,0.1326593137254902,PGD,0.15,10.0,,13054.0,0.0,,False,99
0.8826593137254902,0.5585585585585585,0.3031784841075794,0.393026941362916,0.0343257443082311,0.6968215158924206,LR,none,True,,PGD_eps0.15_it25,0.0481004901960784,PGD,0.15,25.0,,13054.0,0.0,,False,99
0.1084558823529411,0.0756701730573464,0.5452322738386308,0.132896305125149,0.9541155866900176,0.4547677261613692,SVM,none,True,,PGD_eps0.15_it25,0.8854166666666666,PGD,0.15,25.0,,13054.0,0.0,,False,99
0.8713235294117647,0.3428571428571428,0.0293398533007334,0.054054054054054,0.0080560420315236,0.9706601466992664,RF,none,True,,PGD_eps0.15_it25,0.0631127450980392,PGD,0.15,25.0,,13054.0,0.0,,False,99
0.8216911764705882,0.3555926544240401,0.5207823960880196,0.4226190476190476,0.1352014010507881,0.4792176039119804,MLP,none,True,,PGD_eps0.15_it25,0.1302083333333333,PGD,0.15,25.0,,13054.0,0.0,,False,99
0.1498161764705882,0.1008771929824561,0.7310513447432763,0.1772902460717462,0.9334500875656744,0.2689486552567237,LR,none,True,,PGD_eps0.3_it10,0.8434436274509803,PGD,0.3,10.0,,13054.0,0.0,,False,99
0.0802696078431372,0.0769983686786296,0.5770171149144254,0.1358664363845711,0.990893169877408,0.4229828850855746,SVM,none,True,,PGD_eps0.3_it10,0.9178921568627452,PGD,0.3,10.0,,13054.0,0.0,,False,99
0.8566176470588235,0.0845070422535211,0.0146699266503667,0.025,0.0227670753064798,0.9853300733496332,RF,none,True,,PGD_eps0.3_it10,0.0793504901960784,PGD,0.3,10.0,,13054.0,0.0,,False,99
0.4209558823529412,0.1177077955601445,0.5574572127139364,0.1943734015345268,0.5985989492119089,0.4425427872860635,MLP,none,True,,PGD_eps0.3_it10,0.5680147058823529,PGD,0.3,10.0,,13054.0,0.0,,False,99
0.1534926470588235,0.0996598639455782,0.7163814180929096,0.1749776052553001,0.9271453590192644,0.2836185819070904,LR,none,True,,PGD_eps0.3_it25,0.8370098039215687,PGD,0.3,25.0,,13054.0,0.0,,False,99
0.0787377450980392,0.0768729641693811,0.5770171149144254,0.1356711698764012,0.992644483362522,0.4229828850855746,SVM,none,True,,PGD_eps0.3_it25,0.9194240196078431,PGD,0.3,25.0,,13054.0,0.0,,False,99
0.8563112745098039,0.0714285714285714,0.0122249388753056,0.0208768267223382,0.0227670753064798,0.9877750611246944,RF,none,True,,PGD_eps0.3_it25,0.0787377450980392,PGD,0.3,25.0,,13054.0,0.0,,False,99
0.4166666666666667,0.1176470588235294,0.5623471882640587,0.1945854483925549,0.6042031523642732,0.4376528117359413,MLP,none,True,,PGD_eps0.3_it25,0.5729166666666666,PGD,0.3,25.0,,13054.0,0.0,,False,99
0.0922181372549019,0.0815858453473132,0.60880195599022,0.1438890494076856,0.981786339754816,0.39119804400978,LR,none,True,,PGD_eps0.5_it10,0.9034926470588236,PGD,0.5,10.0,,13054.0,0.0,,False,99
0.0762867647058823,0.0766731643924626,0.5770171149144254,0.1353599082305707,0.995446584938704,0.4229828850855746,SVM,none,True,,PGD_eps0.5_it10,0.921875,PGD,0.5,10.0,,13054.0,0.0,,False,99
0.8302696078431373,0.0496894409937888,0.0195599022004889,0.0280701754385964,0.0535901926444833,0.980440097799511,RF,none,True,,PGD_eps0.5_it10,0.1060049019607843,PGD,0.5,10.0,,13054.0,0.0,,False,99
0.1216299019607843,0.08025956284153,0.5745721271393643,0.1408450704225352,0.9432574430823116,0.4254278728606357,MLP,none,True,,PGD_eps0.5_it10,0.8774509803921569,PGD,0.5,10.0,,13054.0,0.0,,False,99
0.0916053921568627,0.0856031128404669,0.6454767726161369,0.1511594617807042,0.9877408056042032,0.3545232273838631,LR,none,True,,PGD_eps0.5_it25,0.9050245098039216,PGD,0.5,25.0,,13054.0,0.0,,False,99
0.0759803921568627,0.0766482624228645,0.5770171149144254,0.1353211009174312,0.9957968476357268,0.4229828850855746,SVM,none,True,,PGD_eps0.5_it25,0.9221813725490196,PGD,0.5,25.0,,13054.0,0.0,,False,99
0.8244485294117647,0.0543478260869565,0.0244498777506112,0.0337268128161888,0.0609457092819614,0.9755501222493888,RF,none,True,,PGD_eps0.5_it25,0.112438725490196,PGD,0.5,25.0,,13054.0,0.0,,False,99
0.117953431372549,0.080217539089055,0.5770171149144254,0.1408534765741569,0.9478108581436075,0.4229828850855746,MLP,none,True,,PGD_eps0.5_it25,0.8814338235294118,PGD,0.5,25.0,,13054.0,0.0,,False,99
0.0799632352941176,0.0766971279373368,0.5745721271393643,0.1353296861503023,0.990893169877408,0.4254278728606357,LR,none,True,,PGD_eps0.75_it10,0.9166666666666666,PGD,0.75,10.0,,13054.0,0.0,,False,99
0.0821078431372549,0.0826072926750564,0.6259168704156479,0.1459521094640821,0.9957968476357268,0.3740831295843521,SVM,none,True,,PGD_eps0.75_it10,0.9163602941176472,PGD,0.75,10.0,,13054.0,0.0,,False,99
0.649203431372549,0.0490196078431372,0.097799511002445,0.0653061224489796,0.2718038528896672,0.902200488997555,RF,none,True,,PGD_eps0.75_it10,0.2959558823529412,PGD,0.75,10.0,,13054.0,0.0,,False,99
0.0787377450980392,0.0765971316818774,0.5745721271393643,0.1351740005752085,0.9922942206654992,0.4254278728606357,MLP,none,True,,PGD_eps0.75_it10,0.9212622549019608,PGD,0.75,10.0,,13054.0,0.0,,False,99
0.0821078431372549,0.0779771615008156,0.5843520782396088,0.1375935521013241,0.9898423817863398,0.4156479217603912,LR,none,True,,PGD_eps0.75_it25,0.914828431372549,PGD,0.75,25.0,,13054.0,0.0,,False,99
0.0860906862745098,0.0869704749679075,0.6625916870415648,0.1537588652482269,0.9964973730297724,0.3374083129584352,SVM,none,True,,PGD_eps0.75_it25,0.9120710784313726,PGD,0.75,25.0,,13054.0,0.0,,False,99
0.5857843137254902,0.053926206244087,0.1393643031784841,0.077762619372442,0.3502626970227671,0.8606356968215159,RF,none,True,,PGD_eps0.75_it25,0.3645833333333333,PGD,0.75,25.0,,13054.0,0.0,,False,99
0.0756740196078431,0.076348278102664,0.5745721271393643,0.1347863492973903,0.9957968476357268,0.4254278728606357,MLP,none,True,,PGD_eps0.75_it25,0.9243259803921569,PGD,0.75,25.0,,13054.0,0.0,,False,99
0.1605392156862745,0.0675324675324675,0.4449877750611247,0.1172680412371134,0.8802101576182136,0.5550122249388753,LR,none,True,,CW_c0.0_it10,0.8180147058823529,CW,,10.0,0.0,13054.0,0.0,,False,99
0.0793504901960784,0.0701986754966887,0.5183374083129584,0.1236512102653834,0.98353765323993,0.4816625916870415,SVM,none,True,,CW_c0.0_it10,0.9136029411764706,CW,,10.0,0.0,13054.0,0.0,,False,99
0.852328431372549,0.0705882352941176,0.0146699266503667,0.0242914979757085,0.0276707530647986,0.9853300733496332,RF,none,True,,CW_c0.0_it10,0.0818014705882353,CW,,10.0,0.0,13054.0,0.0,,False,99
0.0741421568627451,0.0726202158979391,0.5427872860635696,0.1281015579919215,0.9929947460595446,0.4572127139364303,MLP,none,True,,CW_c0.0_it10,0.9255514705882352,CW,,10.0,0.0,13054.0,0.0,,False,99
0.1112132352941176,0.0724090597117364,0.5158924205378973,0.1269936804092687,0.9467600700525394,0.4841075794621027,LR,none,True,,CW_c0.5_it10,0.8771446078431373,CW,,10.0,0.5,13054.0,0.0,,False,99
0.0747549019607843,0.0737838720208945,0.5525672371638142,0.130184331797235,0.9936952714535902,0.4474327628361858,SVM,none,True,,CW_c0.5_it10,0.9231004901960784,CW,,10.0,0.5,13054.0,0.0,,False,99
0.8284313725490197,0.0584795321637426,0.0244498777506112,0.0344827586206896,0.0563922942206655,0.9755501222493888,RF,none,True,,CW_c0.5_it10,0.1075367647058823,CW,,10.0,0.5,13054.0,0.0,,False,99
0.0729166666666666,0.0725253185233583,0.5427872860635696,0.1279538904899135,0.9943957968476356,0.4572127139364303,MLP,none,True,,CW_c0.5_it10,0.9270833333333334,CW,,10.0,0.5,13054.0,0.0,,False,99
