accuracy,precision,recall,f1,fpr,fnr,model,selector,n_features,attack,asr,family,epsilon,iters,confidence,seed
0.8933823529411765,0.575682382133995,0.5672371638141809,0.5714285714285714,0.0598949211908931,0.432762836185819,LR,rf,15,clean,0.0,,,,,42
0.9022671568627452,0.6222826086956522,0.5599022004889975,0.5894465894465895,0.0486865148861646,0.4400977995110024,SVM,rf,15,clean,0.0,,,,,42
0.9126838235294118,0.6324786324786325,0.7237163814180929,0.6750285062713797,0.0602451838879159,0.2762836185819071,RF,rf,15,clean,0.0,,,,,42
0.8526348039215687,0.4484240687679083,0.7652811735941321,0.5654923215898826,0.1348511383537653,0.2347188264058679,MLP,rf,15,clean,0.0,,,,,42
0.1997549019607843,0.0939918908956874,0.6234718826405868,0.1633568225496476,0.8609457092819615,0.3765281173594132,LR,rf,15,FGSM_eps0.15,0.7325367647058824,FGSM,0.15,1.0,,42
0.1513480392156862,0.0415533980582524,0.2616136919315403,0.0717158176943699,0.8644483362521891,0.7383863080684596,SVM,rf,15,FGSM_eps0.15,0.789828431372549,FGSM,0.15,1.0,,42
0.8590686274509803,0.0363636363636363,0.0048899755501222,0.0086206896551724,0.0185639229422066,0.9951100244498776,RF,rf,15,FGSM_eps0.15,0.1056985294117647,FGSM,0.15,1.0,,42
0.321078431372549,0.118615449556775,0.687041564792176,0.2023038156947444,0.7313485113835376,0.3129584352078239,MLP,rf,15,FGSM_eps0.15,0.6773897058823529,FGSM,0.15,1.0,,42
0.1697303921568627,0.0663399924613644,0.4303178484107579,0.1149575440888308,0.8676007005253941,0.5696821515892421,LR,rf,15,FGSM_eps0.3,0.7625612745098039,FGSM,0.3,1.0,,42
0.1495098039215686,0.0393149085247177,0.2469437652811736,0.0678307588985896,0.8644483362521891,0.7530562347188264,SVM,rf,15,FGSM_eps0.3,0.7916666666666666,FGSM,0.3,1.0,,42
0.8204656862745098,0.0163934426229508,0.0073349633251833,0.0101351351351351,0.063047285464098,0.9926650366748166,RF,rf,15,FGSM_eps0.3,0.1446078431372549,FGSM,0.3,1.0,,42
0.1838235294117647,0.0590535784122017,0.3691931540342298,0.1018206338503034,0.8427320490367776,0.6308068459657702,MLP,rf,15,FGSM_eps0.3,0.8158700980392157,FGSM,0.3,1.0,,42
0.1681985294117647,0.0642479213907785,0.4156479217603912,0.1112929623567921,0.8672504378283713,0.5843520782396088,LR,rf,15,FGSM_eps0.5,0.7643995098039216,FGSM,0.5,1.0,,42
0.1495098039215686,0.0393149085247177,0.2469437652811736,0.0678307588985896,0.8644483362521891,0.7530562347188264,SVM,rf,15,FGSM_eps0.5,0.7916666666666666,FGSM,0.5,1.0,,42
0.3667279411764705,0.031638418079096,0.1369193154034229,0.0513997246443322,0.6003502626970227,0.863080684596577,RF,rf,15,FGSM_eps0.5,0.5925245098039216,FGSM,0.5,1.0,,42
0.1605392156862745,0.0459680560966108,0.2885085574572127,0.0793010752688172,0.8577933450087566,0.7114914425427873,MLP,rf,15,FGSM_eps0.5,0.8394607843137255,FGSM,0.5,1.0,,42
0.1672794117647058,0.0625236832133383,0.4034229828850856,0.108267716535433,0.8665499124343258,0.5965770171149144,LR,rf,15,FGSM_eps0.75,0.7659313725490197,FGSM,0.75,1.0,,42
0.1495098039215686,0.0393149085247177,0.2469437652811736,0.0678307588985896,0.8644483362521891,0.7530562347188264,SVM,rf,15,FGSM_eps0.75,0.7916666666666666,FGSM,0.75,1.0,,42
0.1694240196078431,0.0381219903691813,0.2322738386308068,0.0654946570148224,0.8395796847635727,0.7677261613691931,RF,rf,15,FGSM_eps0.75,0.7833946078431373,FGSM,0.75,1.0,,42
0.1537990196078431,0.0406091370558375,0.254278728606357,0.07003367003367,0.8605954465849387,0.7457212713936431,MLP,rf,15,FGSM_eps0.75,0.8462009803921569,FGSM,0.75,1.0,,42
0.2126225490196078,0.1029033443586916,0.684596577017115,0.1789137380191693,0.8549912434325744,0.3154034229828851,LR,rf,15,PGD_eps0.15_it10,0.7193627450980392,PGD,0.15,10.0,,42
0.1510416666666666,0.0404669260700389,0.254278728606357,0.0698220879489761,0.8637478108581436,0.7457212713936431,SVM,rf,15,PGD_eps0.15_it10,0.7901348039215687,PGD,0.15,10.0,,42
0.8590686274509803,0.0677966101694915,0.0097799511002444,0.017094017094017,0.0192644483362521,0.9902200488997556,RF,rf,15,PGD_eps0.15_it10,0.1060049019607843,PGD,0.15,10.0,,42
0.2950367647058823,0.104515050167224,0.6112469437652812,0.1785076758300607,0.750262697022767,0.3887530562347188,MLP,rf,15,PGD_eps0.15_it10,0.7034313725490197,PGD,0.15,10.0,,42
0.2156862745098039,0.1038674033149171,0.6894865525672371,0.1805377720870678,0.8521891418563923,0.3105134474327628,LR,rf,15,PGD_eps0.15_it25,0.7166053921568627,PGD,0.15,25.0,,42
0.1510416666666666,0.0404669260700389,0.254278728606357,0.0698220879489761,0.8637478108581436,0.7457212713936431,SVM,rf,15,PGD_eps0.15_it25,0.7901348039215687,PGD,0.15,25.0,,42
0.8602941176470589,0.0727272727272727,0.0097799511002444,0.0172413793103448,0.0178633975481611,0.9902200488997556,RF,rf,15,PGD_eps0.15_it25,0.1047794117647058,PGD,0.15,25.0,,42
0.2971813725490196,0.1048218029350104,0.6112469437652812,0.1789549033643521,0.7478108581436077,0.3887530562347188,MLP,rf,15,PGD_eps0.15_it25,0.7012867647058824,PGD,0.15,25.0,,42
0.1724877450980392,0.0685240963855421,0.4449877750611247,0.1187601957585644,0.8665499124343258,0.5550122249388753,LR,rf,15,PGD_eps0.3_it10,0.7607230392156863,PGD,0.3,10.0,,42
0.1498161764705882,0.0393302180685358,0.2469437652811736,0.0678535438360765,0.8640980735551663,0.7530562347188264,SVM,rf,15,PGD_eps0.3_it10,0.7913602941176471,PGD,0.3,10.0,,42
0.8143382352941176,0.0147783251231527,0.0073349633251833,0.0098039215686274,0.0700525394045534,0.9926650366748166,RF,rf,15,PGD_eps0.3_it10,0.150735294117647,PGD,0.3,10.0,,42
0.1666666666666666,0.0502140910860256,0.3154034229828851,0.086635325721961,0.8546409807355516,0.684596577017115,MLP,rf,15,PGD_eps0.3_it10,0.8330269607843137,PGD,0.3,10.0,,42
0.174938725490196,0.0713213213213213,0.4645476772616136,0.1236576635209892,0.8665499124343258,0.5354523227383863,LR,rf,15,PGD_eps0.3_it25,0.7582720588235294,PGD,0.3,25.0,,42
0.1498161764705882,0.0393302180685358,0.2469437652811736,0.0678535438360765,0.8640980735551663,0.7530562347188264,SVM,rf,15,PGD_eps0.3_it25,0.7913602941176471,PGD,0.3,25.0,,42
0.8161764705882353,0.015228426395939,0.0073349633251833,0.0099009900990099,0.0679509632224168,0.9926650366748166,RF,rf,15,PGD_eps0.3_it25,0.1488970588235294,PGD,0.3,25.0,,42
0.1672794117647058,0.0502532138683287,0.3154034229828851,0.0866935483870967,0.8539404553415061,0.684596577017115,MLP,rf,15,PGD_eps0.3_it25,0.8324142156862745,PGD,0.3,25.0,,42
0.1629901960784313,0.0571864277544796,0.3667481662591687,0.0989445910290237,0.866199649737303,0.6332518337408313,LR,rf,15,PGD_eps0.5_it10,0.7702205882352942,PGD,0.5,10.0,,42
0.1495098039215686,0.0393149085247177,0.2469437652811736,0.0678307588985896,0.8644483362521891,0.7530562347188264,SVM,rf,15,PGD_eps0.5_it10,0.7916666666666666,PGD,0.5,10.0,,42
0.5333946078431373,0.0239316239316239,0.0684596577017114,0.0354654844838505,0.4,0.9315403422982884,RF,rf,15,PGD_eps0.5_it10,0.4276960784313725,PGD,0.5,10.0,,42
0.1525735294117647,0.0401872805306281,0.2518337408312958,0.0693135935397039,0.861646234676007,0.7481662591687042,MLP,rf,15,PGD_eps0.5_it10,0.8474264705882353,PGD,0.5,10.0,,42
0.1620710784313725,0.0557677616501145,0.3569682151589242,0.0964651470102411,0.8658493870402802,0.6430317848410758,LR,rf,15,PGD_eps0.5_it25,0.7714460784313726,PGD,0.5,25.0,,42
0.1498161764705882,0.0393302180685358,0.2469437652811736,0.0678535438360765,0.8640980735551663,0.7530562347188264,SVM,rf,15,PGD_eps0.5_it25,0.7913602941176471,PGD,0.5,25.0,,42
0.5052083333333334,0.025943396226415,0.0806845965770171,0.0392623438429506,0.4339754816112084,0.9193154034229828,RF,rf,15,PGD_eps0.5_it25,0.456188725490196,PGD,0.5,25.0,,42
0.1528799019607843,0.0405616224648986,0.254278728606357,0.0699630003363605,0.861646234676007,0.7457212713936431,MLP,rf,15,PGD_eps0.5_it25,0.8471200980392157,PGD,0.5,25.0,,42
0.1617647058823529,0.0560854635635253,0.3594132029339853,0.097029702970297,0.8665499124343258,0.6405867970660146,LR,rf,15,PGD_eps0.75_it10,0.7714460784313726,PGD,0.75,10.0,,42
0.1495098039215686,0.0393149085247177,0.2469437652811736,0.0678307588985896,0.8644483362521891,0.7530562347188264,SVM,rf,15,PGD_eps0.75_it10,0.7916666666666666,PGD,0.75,10.0,,42
0.4056372549019608,0.0295021511985248,0.1173594132029339,0.0471512770137524,0.5530647985989492,0.882640586797066,RF,rf,15,PGD_eps0.75_it10,0.5575980392156863,PGD,0.75,10.0,,42
0.1510416666666666,0.0383111806098514,0.2396088019559902,0.0660599932591843,0.861646234676007,0.7603911980440098,MLP,rf,15,PGD_eps0.75_it10,0.8489583333333334,PGD,0.75,10.0,,42
0.1620710784313725,0.0561068702290076,0.3594132029339853,0.097061736546715,0.866199649737303,0.6405867970660146,LR,rf,15,PGD_eps0.75_it25,0.7714460784313726,PGD,0.75,25.0,,42
0.1495098039215686,0.0393149085247177,0.2469437652811736,0.0678307588985896,0.8644483362521891,0.7530562347188264,SVM,rf,15,PGD_eps0.75_it25,0.7916666666666666,PGD,0.75,25.0,,42
0.3192401960784313,0.0334534225424601,0.1589242053789731,0.0552721088435374,0.6577933450087565,0.8410757946210269,RF,rf,15,PGD_eps0.75_it25,0.640625,PGD,0.75,25.0,,42
0.1510416666666666,0.0383111806098514,0.2396088019559902,0.0660599932591843,0.861646234676007,0.7603911980440098,MLP,rf,15,PGD_eps0.75_it25,0.8489583333333334,PGD,0.75,25.0,,42
0.3363970588235294,0.0426861009890681,0.2004889975550122,0.0703862660944206,0.6441330998248687,0.7995110024449877,LR,rf,15,CW_c0.0_it10,0.5765931372549019,CW,,10.0,0.0,42
0.2071078431372549,0.0369740756481088,0.2127139364303178,0.0629978276611151,0.7936952714535902,0.7872860635696821,SVM,rf,15,CW_c0.0_it10,0.7261029411764706,CW,,10.0,0.0,42
0.8529411764705882,0.134020618556701,0.0317848410757946,0.0513833992094861,0.0294220665499124,0.9682151589242054,RF,rf,15,CW_c0.0_it10,0.1099877450980392,CW,,10.0,0.0,42
0.149203431372549,0.0375,0.2347188264058679,0.0646682384641293,0.863047285464098,0.7652811735941321,MLP,rf,15,CW_c0.0_it10,0.8495710784313726,CW,,10.0,0.0,42
0.2018995098039215,0.046655656482246,0.2762836185819071,0.0798304486047333,0.8087565674255692,0.7237163814180929,LR,rf,15,CW_c0.5_it10,0.7245710784313726,CW,,10.0,0.5,42
0.1525735294117647,0.0394685423993747,0.2469437652811736,0.0680592991913746,0.8609457092819615,0.7530562347188264,SVM,rf,15,CW_c0.5_it10,0.788296568627451,CW,,10.0,0.5,42
0.8572303921568627,0.0476190476190476,0.0073349633251833,0.0127118644067796,0.021015761821366,0.9926650366748166,RF,rf,15,CW_c0.5_it10,0.1081495098039215,CW,,10.0,0.5,42
0.1479779411764706,0.0374414976599064,0.2347188264058679,0.0645812310797174,0.8644483362521891,0.7652811735941321,MLP,rf,15,CW_c0.5_it10,0.8520220588235294,CW,,10.0,0.5,42
0.8930759803921569,0.5721153846153846,0.5819070904645477,0.576969696969697,0.0623467600700525,0.4180929095354523,LR,mi,25,clean,0.0,,,,,42
0.9007352941176472,0.6133333333333333,0.5623471882640587,0.5867346938775511,0.0507880910683012,0.4376528117359413,SVM,mi,25,clean,0.0,,,,,42
0.9172794117647058,0.6475583864118896,0.7457212713936431,0.6931818181818182,0.0581436077057793,0.254278728606357,RF,mi,25,clean,0.0,,,,,42
0.7996323529411765,0.3698193411264612,0.8508557457212714,0.5155555555555555,0.2077057793345008,0.1491442542787286,MLP,mi,25,clean,0.0,,,,,42
0.282781862745098,0.1085899513776337,0.6552567237163814,0.1863051790059089,0.7705779334500875,0.3447432762836185,LR,mi,25,FGSM_eps0.15,0.6415441176470589,FGSM,0.15,1.0,,42
0.2113970588235294,0.0399490012749681,0.2298288508557457,0.0680666183924692,0.7912434325744309,0.7701711491442543,SVM,mi,25,FGSM_eps0.15,0.7205882352941176,FGSM,0.15,1.0,,42
0.8535539215686274,0.3506493506493506,0.1980440097799511,0.253125,0.052539404553415,0.8019559902200489,RF,mi,25,FGSM_eps0.15,0.1142769607843137,FGSM,0.15,1.0,,42
0.2579656862745098,0.0814968814968815,0.4792176039119804,0.1393034825870646,0.7737302977232925,0.5207823960880196,MLP,mi,25,FGSM_eps0.15,0.7405024509803921,FGSM,0.15,1.0,,42
0.2549019607843137,0.0926298832057994,0.5623471882640587,0.1590594744121715,0.7891418563922942,0.4376528117359413,LR,mi,25,FGSM_eps0.3,0.671875,FGSM,0.3,1.0,,42
0.2028186274509804,0.0287924366136656,0.1638141809290953,0.0489766081871345,0.7915936952714536,0.8361858190709046,SVM,mi,25,FGSM_eps0.3,0.7294730392156863,FGSM,0.3,1.0,,42
0.7971813725490197,0.0652920962199312,0.0464547677261613,0.0542857142857142,0.0952714535901926,0.9535452322738386,RF,mi,25,FGSM_eps0.3,0.1703431372549019,FGSM,0.3,1.0,,42
0.2199754901960784,0.0516156105749055,0.3007334963325183,0.0881088825214899,0.7915936952714536,0.6992665036674817,MLP,mi,25,FGSM_eps0.3,0.7791053921568627,FGSM,0.3,1.0,,42
0.2251838235294117,0.0568561872909698,0.3325183374083129,0.097108175651553,0.7901926444833626,0.6674816625916871,LR,mi,25,FGSM_eps0.5,0.7015931372549019,FGSM,0.5,1.0,,42
0.2028186274509804,0.0283870967741935,0.1613691931540342,0.0482809070958302,0.7912434325744309,0.8386308068459658,SVM,mi,25,FGSM_eps0.5,0.7297794117647058,FGSM,0.5,1.0,,42
0.3713235294117647,0.0292263610315186,0.1246943765281173,0.0473537604456824,0.5933450087565674,0.8753056234718827,RF,mi,25,FGSM_eps0.5,0.5891544117647058,FGSM,0.5,1.0,,42
0.2120098039215686,0.041154009333899,0.2371638141809291,0.0701373825018076,0.7915936952714536,0.7628361858190709,MLP,mi,25,FGSM_eps0.5,0.7870710784313726,FGSM,0.5,1.0,,42
0.221813725490196,0.0521227406473308,0.3031784841075794,0.0889526542324246,0.7898423817863398,0.6968215158924206,LR,mi,25,FGSM_eps0.75,0.7058823529411765,FGSM,0.75,1.0,,42
0.2028186274509804,0.0283870967741935,0.1613691931540342,0.0482809070958302,0.7912434325744309,0.8386308068459658,SVM,mi,25,FGSM_eps0.75,0.7297794117647058,FGSM,0.75,1.0,,42
0.2018995098039215,0.0267241379310344,0.1515892420537897,0.0454378893367533,0.7908931698774081,0.8484107579462102,RF,mi,25,FGSM_eps0.75,0.7594975490196079,FGSM,0.75,1.0,,42
0.2049632352941176,0.030901287553648,0.1760391198044009,0.0525739320920043,0.7908931698774081,0.823960880195599,MLP,mi,25,FGSM_eps0.75,0.7947303921568627,FGSM,0.75,1.0,,42
0.2766544117647059,0.1083467094703049,0.6601466992665037,0.186142709410548,0.7782837127845884,0.3398533007334963,LR,mi,25,PGD_eps0.15_it10,0.6470588235294118,PGD,0.15,10.0,,42
0.2095588235294117,0.0378884631758194,0.2176039119804401,0.0645395213923132,0.7915936952714536,0.78239608801956,SVM,mi,25,PGD_eps0.15_it10,0.7221200980392157,PGD,0.15,10.0,,42
0.8789828431372549,0.5291666666666667,0.3105134474327628,0.3913713405238829,0.0395796847635726,0.6894865525672371,RF,mi,25,PGD_eps0.15_it10,0.0888480392156862,PGD,0.15,10.0,,42
0.2380514705882352,0.0616033755274261,0.3569682151589242,0.1050737675422814,0.7789842381786339,0.6430317848410758,MLP,mi,25,PGD_eps0.15_it10,0.7604166666666666,PGD,0.15,10.0,,42
0.2766544117647059,0.1083467094703049,0.6601466992665037,0.186142709410548,0.7782837127845884,0.3398533007334963,LR,mi,25,PGD_eps0.15_it25,0.6470588235294118,PGD,0.15,25.0,,42
0.2092524509803921,0.0374787052810902,0.2151589242053789,0.0638375045339136,0.7915936952714536,0.784841075794621,SVM,mi,25,PGD_eps0.15_it25,0.7224264705882353,PGD,0.15,25.0,,42
0.8802083333333334,0.5365853658536586,0.3227383863080684,0.4030534351145038,0.0399299474605954,0.6772616136919315,RF,mi,25,PGD_eps0.15_it25,0.0879289215686274,PGD,0.15,25.0,,42
0.2383578431372549,0.0616293794850147,0.3569682151589242,0.1051115910727141,0.7786339754816112,0.6430317848410758,MLP,mi,25,PGD_eps0.15_it25,0.7601102941176471,PGD,0.15,25.0,,42
0.2604166666666667,0.0985182218662394,0.6014669926650367,0.1693048864418444,0.7884413309982486,0.3985330073349633,LR,mi,25,PGD_eps0.3_it10,0.6663602941176471,PGD,0.3,10.0,,42
0.203125,0.0292096219931271,0.1662591687041564,0.0496894409937888,0.7915936952714536,0.8337408312958435,SVM,mi,25,PGD_eps0.3_it10,0.7291666666666666,PGD,0.3,10.0,,42
0.8207720588235294,0.148,0.0904645476772616,0.1122913505311077,0.0746059544658493,0.9095354523227384,RF,mi,25,PGD_eps0.3_it10,0.1479779411764706,PGD,0.3,10.0,,42
0.2089460784313725,0.0370685982104814,0.2127139364303178,0.0631349782293178,0.7915936952714536,0.7872860635696821,MLP,mi,25,PGD_eps0.3_it10,0.7901348039215687,PGD,0.3,10.0,,42
0.2607230392156863,0.0992,0.6063569682151589,0.1705053282915091,0.7887915936952714,0.393643031784841,LR,mi,25,PGD_eps0.3_it25,0.6660539215686274,PGD,0.3,25.0,,42
0.2028186274509804,0.0287924366136656,0.1638141809290953,0.0489766081871345,0.7915936952714536,0.8361858190709046,SVM,mi,25,PGD_eps0.3_it25,0.7294730392156863,PGD,0.3,25.0,,42
0.8174019607843137,0.1274900398406374,0.0782396088019559,0.0969696969696969,0.076707530647986,0.921760391198044,RF,mi,25,PGD_eps0.3_it25,0.150735294117647,PGD,0.3,25.0,,42
0.2086397058823529,0.0366581415174765,0.2102689486552567,0.0624319419237749,0.7915936952714536,0.7897310513447433,MLP,mi,25,PGD_eps0.3_it25,0.7904411764705882,PGD,0.3,25.0,,42
0.2215073529411764,0.0521008403361344,0.3031784841075794,0.0889207601290785,0.7901926444833626,0.6968215158924206,LR,mi,25,PGD_eps0.5_it10,0.7052696078431373,PGD,0.5,10.0,,42
0.2028186274509804,0.0283870967741935,0.1613691931540342,0.0482809070958302,0.7912434325744309,0.8386308068459658,SVM,mi,25,PGD_eps0.5_it10,0.7297794117647058,PGD,0.5,10.0,,42
0.7236519607843137,0.0460405156537753,0.0611246943765281,0.0525210084033613,0.1814360770577933,0.938875305623472,RF,mi,25,PGD_eps0.5_it10,0.2426470588235294,PGD,0.5,10.0,,42
0.2055759803921568,0.0321336760925449,0.1833740831295843,0.0546846518410499,0.7912434325744309,0.8166259168704156,MLP,mi,25,PGD_eps0.5_it10,0.7938112745098039,PGD,0.5,10.0,,42
0.2230392156862745,0.0544616673648931,0.3178484107579462,0.0929899856938483,0.7905429071803853,0.6821515892420538,LR,mi,25,PGD_eps0.5_it25,0.7037377450980392,PGD,0.5,25.0,,42
0.2028186274509804,0.0283870967741935,0.1613691931540342,0.0482809070958302,0.7912434325744309,0.8386308068459658,SVM,mi,25,PGD_eps0.5_it25,0.7297794117647058,PGD,0.5,25.0,,42
0.7212009803921569,0.0486486486486486,0.0660146699266503,0.0560165975103734,0.184938704028021,0.9339853300733496,RF,mi,25,PGD_eps0.5_it25,0.2447916666666666,PGD,0.5,25.0,,42
0.2049632352941176,0.031303602058319,0.1784841075794621,0.0532652316672747,0.7912434325744309,0.8215158924205379,MLP,mi,25,PGD_eps0.5_it25,0.7944240196078431,PGD,0.5,25.0,,42
0.2104779411764706,0.035958904109589,0.2053789731051344,0.0612021857923497,0.7887915936952714,0.7946210268948656,LR,mi,25,PGD_eps0.75_it10,0.7172181372549019,PGD,0.75,10.0,,42
0.2028186274509804,0.0283870967741935,0.1613691931540342,0.0482809070958302,0.7912434325744309,0.8386308068459658,SVM,mi,25,PGD_eps0.75_it10,0.7297794117647058,PGD,0.75,10.0,,42
0.2990196078431372,0.0281265695630336,0.1369193154034229,0.0466666666666666,0.6777583187390543,0.863080684596577,RF,mi,25,PGD_eps0.75_it10,0.6626838235294118,PGD,0.75,10.0,,42
0.2043504901960784,0.0296646603611349,0.1687041564792176,0.0504570383912248,0.7905429071803853,0.8312958435207825,MLP,mi,25,PGD_eps0.75_it10,0.7956495098039216,PGD,0.75,10.0,,42
0.2077205882352941,0.0334333476210887,0.1907090464547677,0.0568927789934354,0.7898423817863398,0.8092909535452323,LR,mi,25,PGD_eps0.75_it25,0.7199754901960784,PGD,0.75,25.0,,42
0.2028186274509804,0.0283870967741935,0.1613691931540342,0.0482809070958302,0.7912434325744309,0.8386308068459658,SVM,mi,25,PGD_eps0.75_it25,0.7297794117647058,PGD,0.75,25.0,,42
0.2545955882352941,0.0279850746268656,0.1466992665036675,0.0470035252643948,0.7299474605954466,0.8533007334963325,RF,mi,25,PGD_eps0.75_it25,0.7064950980392157,PGD,0.75,25.0,,42
0.2040441176470588,0.0292473118279569,0.1662591687041564,0.049743964886613,0.7905429071803853,0.8337408312958435,MLP,mi,25,PGD_eps0.75_it25,0.7959558823529411,PGD,0.75,25.0,,42
0.5594362745098039,0.140461215932914,0.491442542787286,0.2184782608695652,0.4308231173380035,0.508557457212714,LR,mi,25,CW_c0.0_it10,0.345281862745098,CW,,10.0,0.0,42
0.3651960784313725,0.0190861769809138,0.0806845965770171,0.0308699719363891,0.594045534150613,0.9193154034229828,SVM,mi,25,CW_c0.0_it10,0.5533088235294118,CW,,10.0,0.0,42
0.8658088235294118,0.2898550724637681,0.0488997555012225,0.0836820083682008,0.0171628721541155,0.9511002444987776,RF,mi,25,CW_c0.0_it10,0.0998774509803921,CW,,10.0,0.0,42
0.2037377450980392,0.0280172413793103,0.1589242053789731,0.0476364968853059,0.7898423817863398,0.8410757946210269,MLP,mi,25,CW_c0.0_it10,0.7944240196078431,CW,,10.0,0.0,42
0.4166666666666667,0.1092524830109775,0.511002444987775,0.1800172265288544,0.5968476357267951,0.4889975550122249,LR,mi,25,CW_c0.5_it10,0.4960171568627451,CW,,10.0,0.5,42
0.2346813725490196,0.0245789713245334,0.1320293398533007,0.0414428242517267,0.7506129597197898,0.8679706601466992,SVM,mi,25,CW_c0.5_it10,0.6930147058823529,CW,,10.0,0.5,42
0.8704044117647058,0.28125,0.0220048899755501,0.0408163265306122,0.0080560420315236,0.9779951100244498,RF,mi,25,CW_c0.5_it10,0.0977328431372549,CW,,10.0,0.5,42
0.2028186274509804,0.0283870967741935,0.1613691931540342,0.0482809070958302,0.7912434325744309,0.8386308068459658,MLP,mi,25,CW_c0.5_it10,0.7971813725490197,CW,,10.0,0.5,42
0.8927696078431373,0.5707434052757794,0.5819070904645477,0.576271186440678,0.0626970227670753,0.4180929095354523,LR,none,34,clean,0.0,,,,,42
0.8998161764705882,0.6084656084656085,0.5623471882640587,0.5844980940279543,0.0518388791593695,0.4376528117359413,SVM,none,34,clean,0.0,,,,,42
0.9105392156862744,0.6177062374245473,0.7506112469437652,0.6777041942604857,0.0665499124343257,0.2493887530562347,RF,none,34,clean,0.0,,,,,42
0.8700980392156863,0.4878444084278768,0.7359413202933985,0.5867446393762183,0.1106830122591944,0.2640586797066014,MLP,none,34,clean,0.0,,,,,42
0.2594975490196078,0.1194086429112964,0.7701711491442543,0.2067607482769937,0.8136602451838879,0.2298288508557457,LR,none,34,FGSM_eps0.15,0.6731004901960784,FGSM,0.15,1.0,,42
0.1884191176470588,0.095667870036101,0.6479217603911981,0.1667190940547342,0.8774080560420315,0.3520782396088019,SVM,none,34,FGSM_eps0.15,0.7496936274509803,FGSM,0.15,1.0,,42
0.8661151960784313,0.3852459016393442,0.1149144254278728,0.1770244821092278,0.0262697022767075,0.8850855745721271,RF,none,34,FGSM_eps0.15,0.1014093137254902,FGSM,0.15,1.0,,42
0.1954656862745098,0.0831139526137645,0.5403422982885085,0.1440677966101695,0.8539404553415061,0.4596577017114914,MLP,none,34,FGSM_eps0.15,0.8036151960784313,FGSM,0.15,1.0,,42
0.213235294117647,0.1101480678945467,0.7457212713936431,0.1919446192573946,0.863047285464098,0.254278728606357,LR,none,34,FGSM_eps0.3,0.7205882352941176,FGSM,0.3,1.0,,42
0.1439950980392156,0.0558659217877094,0.3667481662591687,0.096961861667744,0.8879159369527145,0.6332518337408313,SVM,none,34,FGSM_eps0.3,0.7944240196078431,FGSM,0.3,1.0,,42
0.8336397058823529,0.1193181818181818,0.0513447432762836,0.0717948717948717,0.0542907180385289,0.9486552567237164,RF,none,34,FGSM_eps0.3,0.1348039215686274,FGSM,0.3,1.0,,42
0.1430759803921568,0.0518018018018018,0.3374083129584352,0.0898145135047185,0.8847635726795097,0.6625916870415648,MLP,none,34,FGSM_eps0.3,0.8563112745098039,FGSM,0.3,1.0,,42
0.1893382352941176,0.0919372491791317,0.6161369193154034,0.16,0.8718038528896672,0.3838630806845965,LR,none,34,FGSM_eps0.5,0.7450980392156863,FGSM,0.5,1.0,,42
0.1348039215686274,0.0458819104926664,0.2982885085574572,0.0795306388526727,0.8886164623467601,0.7017114914425427,SVM,none,34,FGSM_eps0.5,0.8045343137254902,FGSM,0.5,1.0,,42
0.5854779411764706,0.0605214152700186,0.1589242053789731,0.0876601483479433,0.353415061295972,0.8410757946210269,RF,none,34,FGSM_eps0.5,0.3783700980392157,FGSM,0.5,1.0,,42
0.1338848039215686,0.0441176470588235,0.2860635696821516,0.0764456060111074,0.8879159369527145,0.7139364303178484,MLP,none,34,FGSM_eps0.5,0.8658088235294118,FGSM,0.5,1.0,,42
0.1724877450980392,0.0739776951672862,0.4865525672371638,0.1284285253307518,0.8725043782837127,0.5134474327628362,LR,none,34,FGSM_eps0.75,0.7622549019607843,FGSM,0.75,1.0,,42
0.1329656862745098,0.0437240859404447,0.2836185819070904,0.0757674722403657,0.8886164623467601,0.7163814180929096,SVM,none,34,FGSM_eps0.75,0.8063725490196079,FGSM,0.75,1.0,,42
0.2432598039215686,0.047032967032967,0.2616136919315403,0.0797317436661698,0.759369527145359,0.7383863080684596,RF,none,34,FGSM_eps0.75,0.710171568627451,FGSM,0.75,1.0,,42
0.1332720588235294,0.0430513595166163,0.2787286063569682,0.0745829244357213,0.8875656742556918,0.7212713936430318,MLP,none,34,FGSM_eps0.75,0.8667279411764706,FGSM,0.75,1.0,,42
0.2450980392156862,0.1178876905912978,0.7750611246943765,0.2046481601032924,0.8308231173380035,0.2249388753056234,LR,none,34,PGD_eps0.15_it10,0.6859681372549019,PGD,0.15,10.0,,42
0.1752450980392156,0.0892407340770061,0.6063569682151589,0.1555834378920953,0.8865148861646235,0.393643031784841,SVM,none,34,PGD_eps0.15_it10,0.7628676470588235,PGD,0.15,10.0,,42
0.8642769607843137,0.360655737704918,0.1075794621026894,0.1657250470809793,0.0273204903677758,0.8924205378973105,RF,none,34,PGD_eps0.15_it10,0.1041666666666666,PGD,0.15,10.0,,42
0.1703431372549019,0.0718808193668528,0.4718826405867971,0.1247575953458306,0.8728546409807355,0.5281173594132029,MLP,none,34,PGD_eps0.15_it10,0.8290441176470589,PGD,0.15,10.0,,42
0.2398897058823529,0.116580310880829,0.7701711491442543,0.2025072324011571,0.836077057793345,0.2298288508557457,LR,none,34,PGD_eps0.15_it25,0.6902573529411765,PGD,0.15,25.0,,42
0.1773897058823529,0.0903527717782577,0.6136919315403423,0.1575149042987135,0.8851138353765324,0.3863080684596577,SVM,none,34,PGD_eps0.15_it25,0.7607230392156863,PGD,0.15,25.0,,42
0.8627450980392157,0.3464566929133858,0.1075794621026894,0.1641791044776119,0.0290718038528896,0.8924205378973105,RF,none,34,PGD_eps0.15_it25,0.1063112745098039,PGD,0.15,25.0,,42
0.1706495098039215,0.0719076005961251,0.4718826405867971,0.1247979308115098,0.8725043782837127,0.5281173594132029,MLP,none,34,PGD_eps0.15_it25,0.8287377450980392,PGD,0.15,25.0,,42
0.1776960784313725,0.1119071989082224,0.8019559902200489,0.1964071856287425,0.9117338003502627,0.1980440097799511,LR,none,34,PGD_eps0.3_it10,0.757046568627451,PGD,0.3,10.0,,42
0.1378676470588235,0.0504672897196261,0.3300733496332518,0.0875486381322957,0.8896672504378283,0.6699266503667481,SVM,none,34,PGD_eps0.3_it10,0.8005514705882353,PGD,0.3,10.0,,42
0.8192401960784313,0.1584905660377358,0.1026894865525672,0.1246290801186943,0.078108581436077,0.8973105134474327,RF,none,34,PGD_eps0.3_it10,0.149203431372549,PGD,0.3,10.0,,42
0.1387867647058823,0.0478162650602409,0.3105134474327628,0.0828711256117455,0.885814360770578,0.6894865525672371,MLP,none,34,PGD_eps0.3_it10,0.8606004901960784,PGD,0.3,10.0,,42
0.174938725490196,0.1115646258503401,0.8019559902200489,0.1958793669752165,0.9148861646234676,0.1980440097799511,LR,none,34,PGD_eps0.3_it25,0.7594975490196079,PGD,0.3,25.0,,42
0.1387867647058823,0.0511958146487294,0.334963325183374,0.0888168557536466,0.8893169877408056,0.6650366748166259,SVM,none,34,PGD_eps0.3_it25,0.7999387254901961,PGD,0.3,25.0,,42
0.8186274509803921,0.1598513011152416,0.1051344743276283,0.1268436578171091,0.0791593695271453,0.8948655256723717,RF,none,34,PGD_eps0.3_it25,0.1488970588235294,PGD,0.3,25.0,,42
0.1384803921568627,0.047457627118644,0.3080684596577017,0.0822454308093994,0.885814360770578,0.6919315403422983,MLP,none,34,PGD_eps0.3_it25,0.8609068627450981,PGD,0.3,25.0,,42
0.1639093137254902,0.0949720670391061,0.6650366748166259,0.1662083715245951,0.9078809106830122,0.334963325183374,LR,none,34,PGD_eps0.5_it10,0.7689950980392157,PGD,0.5,10.0,,42
0.1329656862745098,0.0437240859404447,0.2836185819070904,0.0757674722403657,0.8886164623467601,0.7163814180929096,SVM,none,34,PGD_eps0.5_it10,0.8063725490196079,PGD,0.5,10.0,,42
0.4932598039215686,0.0581973030518097,0.2004889975550122,0.0902090209020902,0.4647985989492119,0.7995110024449877,RF,none,34,PGD_eps0.5_it10,0.4669117647058823,PGD,0.5,10.0,,42
0.133578431372549,0.0437570728027159,0.2836185819070904,0.0758169934640522,0.8879159369527145,0.7163814180929096,MLP,none,34,PGD_eps0.5_it10,0.8661151960784313,PGD,0.5,10.0,,42
0.1632965686274509,0.0957520891364902,0.6723716381418093,0.1676318195672051,0.909632224168126,0.3276283618581907,LR,none,34,PGD_eps0.5_it25,0.7686887254901961,PGD,0.5,25.0,,42
0.1326593137254902,0.0430188679245283,0.2787286063569682,0.0745341614906832,0.8882661996497373,0.7212713936430318,SVM,none,34,PGD_eps0.5_it25,0.8069852941176471,PGD,0.5,25.0,,42
0.4037990196078431,0.0539756239117817,0.2273838630806846,0.0872420262664165,0.5709281961471103,0.7726161369193154,RF,none,34,PGD_eps0.5_it25,0.5514705882352942,PGD,0.5,25.0,,42
0.133578431372549,0.0434126085315213,0.2811735941320293,0.0752125572269457,0.8875656742556918,0.7188264058679706,MLP,none,34,PGD_eps0.5_it25,0.866421568627451,PGD,0.5,25.0,,42
0.1430759803921568,0.0698847262247838,0.4743276283618582,0.1218210361067504,0.9043782837127846,0.5256723716381418,LR,none,34,PGD_eps0.75_it10,0.789828431372549,PGD,0.75,10.0,,42
0.1323529411764706,0.0430026405130139,0.2787286063569682,0.0745098039215686,0.8886164623467601,0.7212713936430318,SVM,none,34,PGD_eps0.75_it10,0.8069852941176471,PGD,0.75,10.0,,42
0.1363357843137254,0.0439061317183951,0.2836185819070904,0.0760406424123238,0.8847635726795097,0.7163814180929096,RF,none,34,PGD_eps0.75_it10,0.8125,PGD,0.75,10.0,,42
0.1332720588235294,0.0430513595166163,0.2787286063569682,0.0745829244357213,0.8875656742556918,0.7212713936430318,MLP,none,34,PGD_eps0.75_it10,0.8667279411764706,PGD,0.75,10.0,,42
0.1418504901960784,0.0679190751445086,0.4596577017114914,0.1183506452628265,0.9036777583187392,0.5403422982885085,LR,none,34,PGD_eps0.75_it25,0.7904411764705882,PGD,0.75,25.0,,42
0.1326593137254902,0.0430188679245283,0.2787286063569682,0.0745341614906832,0.8882661996497373,0.7212713936430318,SVM,none,34,PGD_eps0.75_it25,0.8069852941176471,PGD,0.75,25.0,,42
0.1344975490196078,0.0438066465256797,0.2836185819070904,0.0758913967942427,0.8868651488616462,0.7163814180929096,RF,none,34,PGD_eps0.75_it25,0.8143382352941176,PGD,0.75,25.0,,42
0.1332720588235294,0.0430513595166163,0.2787286063569682,0.0745829244357213,0.8875656742556918,0.7212713936430318,MLP,none,34,PGD_eps0.75_it25,0.8667279411764706,PGD,0.75,25.0,,42
0.4905024509803921,0.1388248847926267,0.589242053789731,0.2247086247086247,0.5236427320490368,0.4107579462102689,LR,none,34,CW_c0.0_it10,0.4157475490196078,CW,,10.0,0.0,42
0.362438725490196,0.0313901345291479,0.1369193154034229,0.0510715914272685,0.6052539404553415,0.863080684596577,SVM,none,34,CW_c0.0_it10,0.5542279411764706,CW,,10.0,0.0,42
0.882046568627451,0.5681818181818182,0.2444987775061124,0.3418803418803419,0.0266199649737302,0.7555012224938875,RF,none,34,CW_c0.0_it10,0.0821078431372549,CW,,10.0,0.0,42
0.1332720588235294,0.0420136260408781,0.2713936430317848,0.0727630285152409,0.8865148861646235,0.7286063569682152,MLP,none,34,CW_c0.0_it10,0.8655024509803921,CW,,10.0,0.0,42
0.3477328431372549,0.1174377224199288,0.6454767726161369,0.1987203613097478,0.6949211908931698,0.3545232273838631,LR,none,34,CW_c0.5_it10,0.5667892156862745,CW,,10.0,0.5,42
0.2098651960784313,0.0367207514944491,0.2102689486552567,0.0625227190112686,0.7901926444833626,0.7897310513447433,SVM,none,34,CW_c0.5_it10,0.7190563725490197,CW,,10.0,0.5,42
0.8897058823529411,0.7207207207207207,0.19559902200489,0.3076923076923077,0.0108581436077057,0.80440097799511,RF,none,34,CW_c0.5_it10,0.079656862745098,CW,,10.0,0.5,42
0.1314338235294117,0.0419184290030211,0.2713936430317848,0.0726202158979391,0.8886164623467601,0.7286063569682152,MLP,none,34,CW_c0.5_it10,0.8685661764705882,CW,,10.0,0.5,42
0.8826593137254902,0.5318627450980392,0.530562347188264,0.5312117503059975,0.0669001751313485,0.4694376528117359,LR,rf,25,clean,0.0,,,,,7
0.8878676470588235,0.556135770234987,0.5207823960880196,0.5378787878787878,0.0595446584938704,0.4792176039119804,SVM,rf,25,clean,0.0,,,,,7
0.9111519607843136,0.6313465783664459,0.6992665036674817,0.6635730858468677,0.0584938704028021,0.3007334963325183,RF,rf,25,clean,0.0,,,,,7
0.8428308823529411,0.4295392953929539,0.7750611246943765,0.5527462946817786,0.1474605954465849,0.2249388753056234,MLP,rf,25,clean,0.0,,,,,7
0.399203431372549,0.123666343355965,0.6234718826405868,0.2063941723998381,0.6329246935201401,0.3765281173594132,LR,rf,25,FGSM_eps0.15,0.5162377450980392,FGSM,0.15,1.0,,7
0.166360294117647,0.0448818897637795,0.2787286063569682,0.0773143438453713,0.8497373029772329,0.7212713936430318,SVM,rf,25,FGSM_eps0.15,0.7582720588235294,FGSM,0.15,1.0,,7
0.8878676470588235,0.6028708133971292,0.3080684596577017,0.4077669902912621,0.0290718038528896,0.6919315403422983,RF,rf,25,FGSM_eps0.15,0.0741421568627451,FGSM,0.15,1.0,,7
0.1954656862745098,0.0685091475282211,0.4303178484107579,0.1182001343183344,0.8381786339754816,0.5696821515892421,MLP,rf,25,FGSM_eps0.15,0.8023897058823529,FGSM,0.15,1.0,,7
0.2622549019607843,0.0539937527889335,0.295843520782396,0.0913207547169811,0.7425569176882661,0.7041564792176039,LR,rf,25,FGSM_eps0.3,0.6544117647058824,FGSM,0.3,1.0,,7
0.1608455882352941,0.0398894154818325,0.2469437652811736,0.0686841210472628,0.8514886164623467,0.7530562347188264,SVM,rf,25,FGSM_eps0.3,0.7647058823529411,FGSM,0.3,1.0,,7
0.8259803921568627,0.2249134948096885,0.1589242053789731,0.1862464183381088,0.0784588441330998,0.8410757946210269,RF,rf,25,FGSM_eps0.3,0.1363357843137254,FGSM,0.3,1.0,,7
0.1626838235294117,0.0421591804570527,0.2616136919315403,0.0726162198846284,0.8514886164623467,0.7383863080684596,MLP,rf,25,FGSM_eps0.3,0.8354779411764706,FGSM,0.3,1.0,,7
0.1963848039215686,0.0410447761194029,0.2420537897310513,0.0701878766394895,0.8101576182136603,0.7579462102689487,LR,rf,25,FGSM_eps0.5,0.7221200980392157,FGSM,0.5,1.0,,7
0.1602328431372549,0.0398579321231254,0.2469437652811736,0.0686374447842337,0.8521891418563923,0.7530562347188264,SVM,rf,25,FGSM_eps0.5,0.7653186274509803,FGSM,0.5,1.0,,7
0.3342524509803921,0.0472279260780287,0.2249388753056234,0.0780653372931692,0.6500875656742557,0.7750611246943765,RF,rf,25,FGSM_eps0.5,0.6207107843137255,FGSM,0.5,1.0,,7
0.1605392156862745,0.0398736675878405,0.2469437652811736,0.0686607749830047,0.8518388791593695,0.7530562347188264,MLP,rf,25,FGSM_eps0.5,0.8382352941176471,FGSM,0.5,1.0,,7
0.1914828431372549,0.0388751033912324,0.2298288508557457,0.0665015917934205,0.8140105078809107,0.7701711491442543,LR,rf,25,FGSM_eps0.75,0.7282475490196079,FGSM,0.75,1.0,,7
0.1608455882352941,0.0398894154818325,0.2469437652811736,0.0686841210472628,0.8514886164623467,0.7530562347188264,SVM,rf,25,FGSM_eps0.75,0.7653186274509803,FGSM,0.75,1.0,,7
0.1620710784313725,0.0414037854889589,0.2567237163814181,0.0713073005093378,0.8514886164623467,0.7432762836185819,RF,rf,25,FGSM_eps0.75,0.7944240196078431,FGSM,0.75,1.0,,7
0.1614583333333333,0.0399209486166007,0.2469437652811736,0.0687308608370193,0.8507880910683012,0.7530562347188264,MLP,rf,25,FGSM_eps0.75,0.8382352941176471,FGSM,0.75,1.0,,7
0.2475490196078431,0.1037553232675183,0.6552567237163814,0.1791443850267379,0.8108581436077058,0.3447432762836185,LR,rf,25,PGD_eps0.15_it10,0.6715686274509803,PGD,0.15,10.0,,7
0.166360294117647,0.0452399685287175,0.2811735941320293,0.0779396814639105,0.8500875656742557,0.7188264058679706,SVM,rf,25,PGD_eps0.15_it10,0.7582720588235294,PGD,0.15,10.0,,7
0.8903186274509803,0.650887573964497,0.2689486552567237,0.3806228373702422,0.0206654991243432,0.7310513447432763,RF,rf,25,PGD_eps0.15_it10,0.0716911764705882,PGD,0.15,10.0,,7
0.1893382352941176,0.0632565404139008,0.3960880195599022,0.109090909090909,0.8402802101576182,0.6039119804400978,MLP,rf,25,PGD_eps0.15_it10,0.8085171568627451,PGD,0.15,10.0,,7
0.2478553921568627,0.1041021671826625,0.6577017114914425,0.1797527564316739,0.8108581436077058,0.3422982885085575,LR,rf,25,PGD_eps0.15_it25,0.6709558823529411,PGD,0.15,25.0,,7
0.1657475490196078,0.0444881889763779,0.2762836185819071,0.0766361478467277,0.8500875656742557,0.7237163814180929,SVM,rf,25,PGD_eps0.15_it25,0.7588848039215687,PGD,0.15,25.0,,7
0.8921568627450981,0.6727272727272727,0.2713936430317848,0.3867595818815331,0.0189141856392294,0.7286063569682152,RF,rf,25,PGD_eps0.15_it25,0.0698529411764705,PGD,0.15,25.0,,7
0.1896446078431372,0.0636221701795472,0.3985330073349633,0.1097273645237293,0.8402802101576182,0.6014669926650367,MLP,rf,25,PGD_eps0.15_it25,0.8082107843137255,PGD,0.15,25.0,,7
0.1780024509803921,0.0640337423312883,0.4083129584352078,0.1107059993370898,0.8549912434325744,0.5916870415647921,LR,rf,25,PGD_eps0.3_it10,0.7432598039215687,PGD,0.3,10.0,,7
0.1608455882352941,0.0398894154818325,0.2469437652811736,0.0686841210472628,0.8514886164623467,0.7530562347188264,SVM,rf,25,PGD_eps0.3_it10,0.7647058823529411,PGD,0.3,10.0,,7
0.8532475490196079,0.2891566265060241,0.1173594132029339,0.1669565217391304,0.0413309982486865,0.882640586797066,RF,rf,25,PGD_eps0.3_it10,0.1087622549019607,PGD,0.3,10.0,,7
0.1608455882352941,0.0406151419558359,0.2518337408312958,0.0699490662139219,0.8521891418563923,0.7481662591687042,MLP,rf,25,PGD_eps0.3_it10,0.8373161764705882,PGD,0.3,10.0,,7
0.1755514705882352,0.0621642363775901,0.3960880195599022,0.1074626865671641,0.8560420315236428,0.6039119804400978,LR,rf,25,PGD_eps0.3_it25,0.7457107843137255,PGD,0.3,25.0,,7
0.1608455882352941,0.0398894154818325,0.2469437652811736,0.0686841210472628,0.8514886164623467,0.7530562347188264,SVM,rf,25,PGD_eps0.3_it25,0.7647058823529411,PGD,0.3,25.0,,7
0.8511029411764706,0.2774566473988439,0.1173594132029339,0.1649484536082474,0.0437828371278458,0.882640586797066,RF,rf,25,PGD_eps0.3_it25,0.1106004901960784,PGD,0.3,25.0,,7
0.1608455882352941,0.0406151419558359,0.2518337408312958,0.0699490662139219,0.8521891418563923,0.7481662591687042,MLP,rf,25,PGD_eps0.3_it25,0.8373161764705882,PGD,0.3,25.0,,7
0.1580882352941176,0.0447644998053717,0.2811735941320293,0.0772330423102753,0.8595446584938704,0.7188264058679706,LR,rf,25,PGD_eps0.5_it10,0.7631740196078431,PGD,0.5,10.0,,7
0.1602328431372549,0.0398579321231254,0.2469437652811736,0.0686374447842337,0.8521891418563923,0.7530562347188264,SVM,rf,25,PGD_eps0.5_it10,0.7653186274509803,PGD,0.5,10.0,,7
0.5416666666666666,0.0613397901533494,0.1858190709046454,0.0922330097087378,0.4073555166374781,0.8141809290953546,RF,rf,25,PGD_eps0.5_it10,0.4157475490196078,PGD,0.5,10.0,,7
0.1611519607843137,0.039905175819834,0.2469437652811736,0.0687074829931972,0.851138353765324,0.7530562347188264,MLP,rf,25,PGD_eps0.5_it10,0.8382352941176471,PGD,0.5,10.0,,7
0.1611519607843137,0.0463576158940397,0.2909535452322738,0.0799731182795698,0.8574430823117338,0.7090464547677262,LR,rf,25,PGD_eps0.5_it25,0.7601102941176471,PGD,0.5,25.0,,7
0.1602328431372549,0.0398579321231254,0.2469437652811736,0.0686374447842337,0.8521891418563923,0.7530562347188264,SVM,rf,25,PGD_eps0.5_it25,0.7653186274509803,PGD,0.5,25.0,,7
0.5116421568627451,0.056843679880329,0.1858190709046454,0.0870561282932416,0.4416812609457093,0.8141809290953546,RF,rf,25,PGD_eps0.5_it25,0.4448529411764705,PGD,0.5,25.0,,7
0.1611519607843137,0.039905175819834,0.2469437652811736,0.0687074829931972,0.851138353765324,0.7530562347188264,MLP,rf,25,PGD_eps0.5_it25,0.8382352941176471,PGD,0.5,25.0,,7
0.159313725490196,0.0419772459788152,0.2616136919315403,0.0723461798512508,0.8553415061295973,0.7383863080684596,LR,rf,25,PGD_eps0.75_it10,0.7631740196078431,PGD,0.75,10.0,,7
0.1608455882352941,0.0398894154818325,0.2469437652811736,0.0686841210472628,0.8514886164623467,0.7530562347188264,SVM,rf,25,PGD_eps0.75_it10,0.7653186274509803,PGD,0.75,10.0,,7
0.1617647058823529,0.0406632451638373,0.2518337408312958,0.0700203942895989,0.851138353765324,0.7481662591687042,RF,rf,25,PGD_eps0.75_it10,0.7944240196078431,PGD,0.75,10.0,,7
0.1614583333333333,0.0399209486166007,0.2469437652811736,0.0687308608370193,0.8507880910683012,0.7530562347188264,MLP,rf,25,PGD_eps0.75_it10,0.8382352941176471,PGD,0.75,10.0,,7
0.1583946078431372,0.0422866092404072,0.2640586797066014,0.0728990887613904,0.8567425569176883,0.7359413202933985,LR,rf,25,PGD_eps0.75_it25,0.7637867647058824,PGD,0.75,25.0,,7
0.1608455882352941,0.0398894154818325,0.2469437652811736,0.0686841210472628,0.8514886164623467,0.7530562347188264,SVM,rf,25,PGD_eps0.75_it25,0.7653186274509803,PGD,0.75,25.0,,7
0.1629901960784313,0.040727560300514,0.2518337408312958,0.0701157249829816,0.8497373029772329,0.7481662591687042,RF,rf,25,PGD_eps0.75_it25,0.7935049019607843,PGD,0.75,25.0,,7
0.1614583333333333,0.0399209486166007,0.2469437652811736,0.0687308608370193,0.8507880910683012,0.7530562347188264,MLP,rf,25,PGD_eps0.75_it25,0.8382352941176471,PGD,0.75,25.0,,7
0.5735294117647058,0.1486776268763402,0.508557457212714,0.2300884955752212,0.4171628721541155,0.491442542787286,LR,rf,25,CW_c0.0_it10,0.3204656862745098,CW,,10.0,0.0,7
0.3474264705882353,0.0290093048713738,0.1295843520782396,0.0474060822898032,0.6213660245183887,0.8704156479217604,SVM,rf,25,CW_c0.0_it10,0.5600490196078431,CW,,10.0,0.0,7
0.8799019607843137,0.5562913907284768,0.2053789731051344,0.3,0.0234676007005253,0.7946210268948656,RF,rf,25,CW_c0.0_it10,0.0787377450980392,CW,,10.0,0.0,7
0.1623774509803921,0.0392390011890606,0.2420537897310513,0.0675306957708049,0.8490367775831874,0.7579462102689487,MLP,rf,25,CW_c0.0_it10,0.8363970588235294,CW,,10.0,0.0,7
0.4549632352941176,0.1177455357142857,0.5158924205378973,0.1917310313493866,0.5537653239929947,0.4841075794621027,LR,rf,25,CW_c0.5_it10,0.4442401960784313,CW,,10.0,0.5,7
0.2248774509803921,0.036697247706422,0.2053789731051344,0.0622683469236471,0.7723292469352014,0.7946210268948656,SVM,rf,25,CW_c0.5_it10,0.694546568627451,CW,,10.0,0.5,7
0.8854166666666666,0.6666666666666666,0.1711491442542787,0.2723735408560311,0.0122591943957968,0.8288508557457213,RF,rf,25,CW_c0.5_it10,0.0768995098039215,CW,,10.0,0.5,7
0.1602328431372549,0.0391304347826087,0.2420537897310513,0.0673698536917318,0.8514886164623467,0.7579462102689487,MLP,rf,25,CW_c0.5_it10,0.8397671568627451,CW,,10.0,0.5,7
0.8838848039215687,0.5371287128712872,0.530562347188264,0.5338253382533825,0.0654991243432574,0.4694376528117359,LR,mi,30,clean,0.0,,,,,7
0.8881740196078431,0.5575916230366492,0.5207823960880196,0.538558786346397,0.0591943957968476,0.4792176039119804,SVM,mi,30,clean,0.0,,,,,7
0.9096200980392156,0.6301369863013698,0.6748166259168704,0.6517119244391971,0.0567425569176882,0.3251833740831296,RF,mi,30,clean,0.0,,,,,7
0.8204656862745098,0.3942652329749104,0.8068459657701712,0.5296950240770465,0.1775831873905429,0.1931540342298288,MLP,mi,30,clean,0.0,,,,,7
0.4332107843137255,0.1303232426885582,0.6210268948655256,0.2154368108566582,0.5936952714535902,0.3789731051344743,LR,mi,30,FGSM_eps0.15,0.4761029411764705,FGSM,0.15,1.0,,7
0.2279411764705882,0.0833004342676668,0.5158924205378973,0.1434398368456832,0.8133099824868651,0.4841075794621027,SVM,mi,30,FGSM_eps0.15,0.6899509803921569,FGSM,0.15,1.0,,7
0.8177083333333334,0.1725352112676056,0.1198044009779951,0.1414141414141414,0.0823117338003502,0.8801955990220048,RF,mi,30,FGSM_eps0.15,0.140625,FGSM,0.15,1.0,,7
0.2208946078431372,0.0718298555377207,0.4376528117359413,0.1234057221647707,0.8101576182136603,0.5623471882640587,MLP,mi,30,FGSM_eps0.15,0.7769607843137255,FGSM,0.15,1.0,,7
0.2714460784313725,0.1031841999193873,0.6259168704156479,0.1771626297577854,0.7793345008756567,0.3740831295843521,LR,mi,30,FGSM_eps0.3,0.6427696078431373,FGSM,0.3,1.0,,7
0.1871936274509804,0.0424143556280587,0.254278728606357,0.0727018524991261,0.8224168126094571,0.7457212713936431,SVM,mi,30,FGSM_eps0.3,0.7310049019607843,FGSM,0.3,1.0,,7
0.7218137254901961,0.0675909878682842,0.0953545232273838,0.0791075050709939,0.1884413309982487,0.904645476772616,RF,mi,30,FGSM_eps0.3,0.235906862745098,FGSM,0.3,1.0,,7
0.1927083333333333,0.0438524590163934,0.2616136919315403,0.0751140751140751,0.8171628721541155,0.7383863080684596,MLP,mi,30,FGSM_eps0.3,0.8057598039215687,FGSM,0.3,1.0,,7
0.2368259803921568,0.0852589641434262,0.5232273838630807,0.1466255566974991,0.8042031523642732,0.4767726161369193,LR,mi,30,FGSM_eps0.5,0.6783088235294118,FGSM,0.5,1.0,,7
0.1838235294117647,0.0380991396968455,0.2273838630806846,0.0652631578947368,0.8224168126094571,0.7726161369193154,SVM,mi,30,FGSM_eps0.5,0.7346813725490197,FGSM,0.5,1.0,,7
0.3079044117647059,0.041625371655104,0.2053789731051344,0.069221260815822,0.6774080560420315,0.7946210268948656,RF,mi,30,FGSM_eps0.5,0.6510416666666666,FGSM,0.5,1.0,,7
0.1850490196078431,0.038540385403854,0.2298288508557457,0.0660112359550561,0.8213660245183888,0.7701711491442543,MLP,mi,30,FGSM_eps0.5,0.8134191176470589,FGSM,0.5,1.0,,7
0.220281862745098,0.0676113360323886,0.4083129584352078,0.1160125043417853,0.8066549912434325,0.5916870415647921,LR,mi,30,FGSM_eps0.75,0.6948529411764706,FGSM,0.75,1.0,,7
0.1838235294117647,0.03734099302421,0.2224938875305623,0.0639494026704146,0.8217162872154116,0.7775061124694377,SVM,mi,30,FGSM_eps0.75,0.7352941176470589,FGSM,0.75,1.0,,7
0.183517156862745,0.0361842105263157,0.2151589242053789,0.0619500175994368,0.821015761821366,0.784841075794621,RF,mi,30,FGSM_eps0.75,0.7769607843137255,FGSM,0.75,1.0,,7
0.1841299019607843,0.0381147540983606,0.2273838630806846,0.0652860652860652,0.8220665499124343,0.7726161369193154,MLP,mi,30,FGSM_eps0.75,0.8146446078431373,FGSM,0.75,1.0,,7
0.3988970588235294,0.1236063984488608,0.6234718826405868,0.2063106796116504,0.6332749562171629,0.3765281173594132,LR,mi,30,PGD_eps0.15_it10,0.5107230392156863,PGD,0.15,10.0,,7
0.2254901960784313,0.0833661030279197,0.5183374083129584,0.1436314363143631,0.81646234676007,0.4816625916870415,SVM,mi,30,PGD_eps0.15_it10,0.6924019607843137,PGD,0.15,10.0,,7
0.8363970588235294,0.2549019607843137,0.1589242053789731,0.1957831325301204,0.0665499124343257,0.8410757946210269,RF,mi,30,PGD_eps0.15_it10,0.1222426470588235,PGD,0.15,10.0,,7
0.2104779411764706,0.0607779578606158,0.3667481662591687,0.1042752867570385,0.8119089316987741,0.6332518337408313,MLP,mi,30,PGD_eps0.15_it10,0.7873774509803921,PGD,0.15,10.0,,7
0.3927696078431372,0.1238641798182687,0.6332518337408313,0.2072,0.6416812609457093,0.3667481662591687,LR,mi,30,PGD_eps0.15_it25,0.5180759803921569,PGD,0.15,25.0,,7
0.2257965686274509,0.0837264150943396,0.5207823960880196,0.1442600745005079,0.81646234676007,0.4792176039119804,SVM,mi,30,PGD_eps0.15_it25,0.6920955882352942,PGD,0.15,25.0,,7
0.836703431372549,0.25,0.1515892420537897,0.1887366818873668,0.0651488616462346,0.8484107579462102,RF,mi,30,PGD_eps0.15_it25,0.1213235294117647,PGD,0.15,25.0,,7
0.2107843137254902,0.061158363710004,0.3691931540342298,0.1049339819318971,0.8119089316987741,0.6308068459657702,MLP,mi,30,PGD_eps0.15_it25,0.7870710784313726,PGD,0.15,25.0,,7
0.2726715686274509,0.101419878296146,0.6112469437652812,0.173973556019485,0.7758318739054291,0.3887530562347188,LR,mi,30,PGD_eps0.3_it10,0.6403186274509803,PGD,0.3,10.0,,7
0.1850490196078431,0.0396728016359918,0.2371638141809291,0.0679747722494744,0.8224168126094571,0.7628361858190709,SVM,mi,30,PGD_eps0.3_it10,0.7331495098039216,PGD,0.3,10.0,,7
0.7245710784313726,0.0577617328519855,0.0782396088019559,0.0664589823468328,0.1828371278458844,0.921760391198044,RF,mi,30,PGD_eps0.3_it10,0.2322303921568627,PGD,0.3,10.0,,7
0.1887254901960784,0.039489921842863,0.2347188264058679,0.0676056338028169,0.8178633975481612,0.7652811735941321,MLP,mi,30,PGD_eps0.3_it10,0.8097426470588235,PGD,0.3,10.0,,7
0.268688725490196,0.1002425222312045,0.6063569682151589,0.1720430107526881,0.7796847635726795,0.393643031784841,LR,mi,30,PGD_eps0.3_it25,0.6443014705882353,PGD,0.3,25.0,,7
0.1850490196078431,0.0396728016359918,0.2371638141809291,0.0679747722494744,0.8224168126094571,0.7628361858190709,SVM,mi,30,PGD_eps0.3_it25,0.7331495098039216,PGD,0.3,25.0,,7
0.7196691176470589,0.051418439716312,0.0709046454767726,0.0596094552929085,0.1873905429071803,0.9290953545232272,RF,mi,30,PGD_eps0.3_it25,0.2371323529411764,PGD,0.3,25.0,,7
0.1884191176470588,0.0390946502057613,0.2322738386308068,0.0669249735822472,0.8178633975481612,0.7677261613691931,MLP,mi,30,PGD_eps0.3_it25,0.8100490196078431,PGD,0.3,25.0,,7
0.214767156862745,0.0802805923616523,0.5036674816625917,0.1384873949579832,0.8266199649737302,0.4963325183374083,LR,mi,30,PGD_eps0.5_it10,0.7009803921568627,PGD,0.5,10.0,,7
0.1841299019607843,0.0377358490566037,0.2249388753056234,0.0646294344924481,0.8217162872154116,0.7750611246943765,SVM,mi,30,PGD_eps0.5_it10,0.7349877450980392,PGD,0.5,10.0,,7
0.3737745098039216,0.0445682451253481,0.19559902200489,0.072595281306715,0.6007005253940455,0.80440097799511,RF,mi,30,PGD_eps0.5_it10,0.585171568627451,PGD,0.5,10.0,,7
0.1844362745098039,0.038130381303813,0.2273838630806846,0.0653089887640449,0.8217162872154116,0.7726161369193154,MLP,mi,30,PGD_eps0.5_it10,0.8140318627450981,PGD,0.5,10.0,,7
0.2153799019607843,0.0822981366459627,0.5183374083129584,0.1420435510887772,0.8280210157618214,0.4816625916870415,LR,mi,30,PGD_eps0.5_it25,0.7009803921568627,PGD,0.5,25.0,,7
0.183517156862745,0.0377049180327868,0.2249388753056234,0.0645840645840645,0.8224168126094571,0.7750611246943765,SVM,mi,30,PGD_eps0.5_it25,0.7349877450980392,PGD,0.5,25.0,,7
0.3673406862745098,0.041019955654102,0.1809290953545232,0.0668775417984636,0.6059544658493871,0.8190709046454768,RF,mi,30,PGD_eps0.5_it25,0.5900735294117647,PGD,0.5,25.0,,7
0.1838235294117647,0.03734099302421,0.2224938875305623,0.0639494026704146,0.8217162872154116,0.7775061124694377,MLP,mi,30,PGD_eps0.5_it25,0.8146446078431373,PGD,0.5,25.0,,7
0.1887254901960784,0.049496981891348,0.3007334963325183,0.0850034554250172,0.8273204903677759,0.6992665036674817,LR,mi,30,PGD_eps0.75_it10,0.7270220588235294,PGD,0.75,10.0,,7
0.183517156862745,0.0369458128078817,0.2200488997555012,0.0632688927943761,0.8217162872154116,0.7799511002444988,SVM,mi,30,PGD_eps0.75_it10,0.7356004901960784,PGD,0.75,10.0,,7
0.1832107843137254,0.0361693382655158,0.2151589242053789,0.0619282195636875,0.8213660245183888,0.784841075794621,RF,mi,30,PGD_eps0.75_it10,0.7772671568627451,PGD,0.75,10.0,,7
0.1838235294117647,0.0369609856262833,0.2200488997555012,0.0632911392405063,0.8213660245183888,0.7799511002444988,MLP,mi,30,PGD_eps0.75_it10,0.8155637254901961,PGD,0.75,10.0,,7
0.1924019607843137,0.0547780887644942,0.334963325183374,0.0941580756013745,0.8280210157618214,0.6650366748166259,LR,mi,30,PGD_eps0.75_it25,0.7239583333333334,PGD,0.75,25.0,,7
0.1829044117647058,0.036535303776683,0.2176039119804401,0.0625659050966608,0.8220665499124343,0.78239608801956,SVM,mi,30,PGD_eps0.75_it25,0.7359068627450981,PGD,0.75,25.0,,7
0.1832107843137254,0.0361693382655158,0.2151589242053789,0.0619282195636875,0.8213660245183888,0.784841075794621,RF,mi,30,PGD_eps0.75_it25,0.7772671568627451,PGD,0.75,25.0,,7
0.1838235294117647,0.0369609856262833,0.2200488997555012,0.0632911392405063,0.8213660245183888,0.7799511002444988,MLP,mi,30,PGD_eps0.75_it25,0.8155637254901961,PGD,0.75,25.0,,7
0.6663602941176471,0.1892138939670932,0.5061124694376528,0.2754491017964072,0.3106830122591943,0.4938875305623472,LR,mi,30,CW_c0.0_it10,0.2257965686274509,CW,,10.0,0.0,7
0.5275735294117647,0.0398050365556458,0.1198044009779951,0.0597560975609756,0.4140105078809107,0.8801955990220048,SVM,mi,30,CW_c0.0_it10,0.3734681372549019,CW,,10.0,0.0,7
0.8477328431372549,0.2441860465116279,0.1026894865525672,0.144578313253012,0.0455341506129597,0.8973105134474327,RF,mi,30,CW_c0.0_it10,0.1047794117647058,CW,,10.0,0.0,7
0.1847426470588235,0.0370065789473684,0.2200488997555012,0.0633579725448785,0.8203152364273205,0.7799511002444988,MLP,mi,30,CW_c0.0_it10,0.8131127450980392,CW,,10.0,0.0,7
0.6063112745098039,0.162037037037037,0.5134474327628362,0.2463343108504398,0.380385288966725,0.4865525672371638,LR,mi,30,CW_c0.5_it10,0.2904411764705882,CW,,10.0,0.5,7
0.4090073529411764,0.0388349514563106,0.1564792176039119,0.0622265435099659,0.554816112084063,0.843520782396088,SVM,mi,30,CW_c0.5_it10,0.4990808823529412,CW,,10.0,0.5,7
0.8547794117647058,0.2123893805309734,0.0586797066014669,0.0919540229885057,0.0311733800350262,0.941320293398533,RF,mi,30,CW_c0.5_it10,0.103860294117647,CW,,10.0,0.5,7
0.1825980392156862,0.0361396303901437,0.2151589242053789,0.0618846694796061,0.8220665499124343,0.784841075794621,MLP,mi,30,CW_c0.5_it10,0.8174019607843137,CW,,10.0,0.5,7
0.8838848039215687,0.5371287128712872,0.530562347188264,0.5338253382533825,0.0654991243432574,0.4694376528117359,LR,none,34,clean,0.0,,,,,7
0.8878676470588235,0.556135770234987,0.5207823960880196,0.5378787878787878,0.0595446584938704,0.4792176039119804,SVM,none,34,clean,0.0,,,,,7
0.9053308823529412,0.6077586206896551,0.6894865525672371,0.6460481099656358,0.0637478108581436,0.3105134474327628,RF,none,34,clean,0.0,,,,,7
0.9151348039215688,0.6609756097560976,0.6625916870415648,0.6617826617826618,0.0486865148861646,0.3374083129584352,MLP,none,34,clean,0.0,,,,,7
0.3066789215686274,0.1277108433734939,0.7775061124694377,0.2193859951707485,0.76077057793345,0.2224938875305623,LR,none,34,FGSM_eps0.15,0.6182598039215687,FGSM,0.15,1.0,,7
0.1424632352941176,0.1014009339559706,0.7432762836185819,0.1784561197534487,0.9436077057793344,0.2567237163814181,SVM,none,34,FGSM_eps0.15,0.7892156862745098,FGSM,0.15,1.0,,7
0.7873774509803921,0.1881838074398249,0.2102689486552567,0.1986143187066974,0.1299474605954466,0.7897310513447433,RF,none,34,FGSM_eps0.15,0.173406862745098,FGSM,0.15,1.0,,7
0.1200980392156862,0.0754912099276111,0.5354523227383863,0.1323262839879154,0.9394045534150612,0.4645476772616136,MLP,none,34,FGSM_eps0.15,0.8777573529411765,FGSM,0.15,1.0,,7
0.1957720588235294,0.1128581411600279,0.7897310513447433,0.1974931213696117,0.8893169877408056,0.2102689486552567,LR,none,34,FGSM_eps0.3,0.7316176470588235,FGSM,0.3,1.0,,7
0.0983455882352941,0.0612880886426592,0.432762836185819,0.1073703366696997,0.9495621716287216,0.5672371638141809,SVM,none,34,FGSM_eps0.3,0.8336397058823529,FGSM,0.3,1.0,,7
0.5808823529411765,0.0547818012999071,0.1442542787286063,0.079407806191117,0.3565674255691768,0.8557457212713936,RF,none,34,FGSM_eps0.3,0.3731617647058823,FGSM,0.3,1.0,,7
0.0916053921568627,0.0550139275766016,0.3863080684596577,0.0963120999695214,0.95061295971979,0.6136919315403423,MLP,none,34,FGSM_eps0.3,0.9065563725490196,FGSM,0.3,1.0,,7
0.1596200980392156,0.1054766734279918,0.7628361858190709,0.1853281853281853,0.9267950963222416,0.2371638141809291,LR,none,34,FGSM_eps0.5,0.7680759803921569,FGSM,0.5,1.0,,7
0.0897671568627451,0.0530355896720167,0.3716381418092909,0.092824427480916,0.95061295971979,0.628361858190709,SVM,none,34,FGSM_eps0.5,0.8425245098039216,FGSM,0.5,1.0,,7
0.1847426470588235,0.0552922590837282,0.3422982885085575,0.0952057123427405,0.8378283712784589,0.6577017114914425,RF,none,34,FGSM_eps0.5,0.7579656862745098,FGSM,0.5,1.0,,7
0.088235294117647,0.0513806361412093,0.3594132029339853,0.0899082568807339,0.95061295971979,0.6405867970660146,MLP,none,34,FGSM_eps0.5,0.9105392156862744,FGSM,0.5,1.0,,7
0.1188725490196078,0.0748017924853498,0.530562347188264,0.1311178247734139,0.9401050788091068,0.4694376528117359,LR,none,34,FGSM_eps0.75,0.8088235294117647,FGSM,0.75,1.0,,7
0.088235294117647,0.0516940272441494,0.3618581907090464,0.0904645476772616,0.9509632224168126,0.6381418092909535,SVM,none,34,FGSM_eps0.75,0.8446691176470589,FGSM,0.75,1.0,,7
0.0863970588235294,0.0490711531720995,0.3422982885085575,0.0858369098712446,0.9502626970227672,0.6577017114914425,RF,none,34,FGSM_eps0.75,0.8563112745098039,FGSM,0.75,1.0,,7
0.0888480392156862,0.0514165792235047,0.3594132029339853,0.0899632802937576,0.9499124343257443,0.6405867970660146,MLP,none,34,FGSM_eps0.75,0.9105392156862744,FGSM,0.75,1.0,,7
0.3152573529411764,0.1285598047192839,0.7726161369193154,0.2204394837809557,0.750262697022767,0.2273838630806846,LR,none,34,PGD_eps0.15_it10,0.6090686274509803,PGD,0.15,10.0,,7
0.1415441176470588,0.1018302828618968,0.7481662591687042,0.1792618629173989,0.9453590192644484,0.2518337408312958,SVM,none,34,PGD_eps0.15_it10,0.7901348039215687,PGD,0.15,10.0,,7
0.7981004901960784,0.292358803986711,0.4303178484107579,0.3481701285855588,0.1492119089316987,0.5696821515892421,RF,none,34,PGD_eps0.15_it10,0.1608455882352941,PGD,0.15,10.0,,7
0.1075367647058823,0.064066852367688,0.4498777506112469,0.1121609265467845,0.941506129597198,0.5501222493887531,MLP,none,34,PGD_eps0.15_it10,0.890625,PGD,0.15,10.0,,7
0.3146446078431372,0.1293592862935928,0.7799511002444988,0.2219130434782608,0.7520140105078809,0.2200488997555012,LR,none,34,PGD_eps0.15_it25,0.6102941176470589,PGD,0.15,25.0,,7
0.142156862745098,0.1018981018981019,0.7481662591687042,0.1793669402110199,0.9446584938704028,0.2518337408312958,SVM,none,34,PGD_eps0.15_it25,0.7895220588235294,PGD,0.15,25.0,,7
0.7901348039215687,0.2788461538461538,0.4254278728606357,0.3368828654404646,0.1576182136602451,0.5745721271393643,RF,none,34,PGD_eps0.15_it25,0.1691176470588235,PGD,0.15,25.0,,7
0.1075367647058823,0.064066852367688,0.4498777506112469,0.1121609265467845,0.941506129597198,0.5501222493887531,MLP,none,34,PGD_eps0.15_it25,0.890625,PGD,0.15,25.0,,7
0.1764705882352941,0.1122830894862198,0.8068459657701712,0.1971326164874552,0.9138353765323992,0.1931540342298288,LR,none,34,PGD_eps0.3_it10,0.7524509803921569,PGD,0.3,10.0,,7
0.0916053921568627,0.0540823447313328,0.3789731051344743,0.0946564885496183,0.9495621716287216,0.6210268948655256,SVM,none,34,PGD_eps0.3_it10,0.8403799019607843,PGD,0.3,10.0,,7
0.5413602941176471,0.1136363636363636,0.39119804400978,0.1761144744083654,0.4371278458844133,0.60880195599022,RF,none,34,PGD_eps0.3_it10,0.4108455882352941,PGD,0.3,10.0,,7
0.0885416666666666,0.0520251396648044,0.3643031784841076,0.0910479682248701,0.9509632224168126,0.6356968215158925,MLP,none,34,PGD_eps0.3_it10,0.9099264705882352,PGD,0.3,10.0,,7
0.1807598039215686,0.1130850700375811,0.8092909535452323,0.198441247002398,0.9092819614711032,0.1907090464547677,LR,none,34,PGD_eps0.3_it25,0.7478553921568627,PGD,0.3,25.0,,7
0.0916053921568627,0.0540823447313328,0.3789731051344743,0.0946564885496183,0.9495621716287216,0.6210268948655256,SVM,none,34,PGD_eps0.3_it25,0.8403799019607843,PGD,0.3,25.0,,7
0.538296568627451,0.1155462184873949,0.4034229828850856,0.1796407185628742,0.4423817863397548,0.5965770171149144,RF,none,34,PGD_eps0.3_it25,0.4145220588235294,PGD,0.3,25.0,,7
0.0885416666666666,0.0520251396648044,0.3643031784841076,0.0910479682248701,0.9509632224168126,0.6356968215158925,MLP,none,34,PGD_eps0.3_it25,0.9099264705882352,PGD,0.3,25.0,,7
0.1519607843137254,0.1077485866311938,0.7921760391198044,0.189695550351288,0.939754816112084,0.2078239608801956,LR,none,34,PGD_eps0.5_it10,0.7766544117647058,PGD,0.5,10.0,,7
0.0879289215686274,0.0513626834381551,0.3594132029339853,0.0898807704066034,0.9509632224168126,0.6405867970660146,SVM,none,34,PGD_eps0.5_it10,0.8443627450980392,PGD,0.5,10.0,,7
0.1384803921568627,0.0581095991173225,0.3863080684596577,0.1010230179028133,0.8970227670753065,0.6136919315403423,RF,none,34,PGD_eps0.5_it10,0.8042279411764706,PGD,0.5,10.0,,7
0.0885416666666666,0.0513986013986014,0.3594132029339853,0.0899357601713062,0.9502626970227672,0.6405867970660146,MLP,none,34,PGD_eps0.5_it10,0.9105392156862744,PGD,0.5,10.0,,7
0.1510416666666666,0.1079017264276228,0.7946210268948656,0.1900029231218941,0.9411558669001752,0.2053789731051344,LR,none,34,PGD_eps0.5_it25,0.7778799019607843,PGD,0.5,25.0,,7
0.0876225490196078,0.0513447432762836,0.3594132029339853,0.0898533007334963,0.9513134851138354,0.6405867970660146,SVM,none,34,PGD_eps0.5_it25,0.8446691176470589,PGD,0.5,25.0,,7
0.1467524509803921,0.0586924219910846,0.3863080684596577,0.1019026120606256,0.8875656742556918,0.6136919315403423,RF,none,34,PGD_eps0.5_it25,0.7959558823529411,PGD,0.5,25.0,,7
0.0885416666666666,0.0513986013986014,0.3594132029339853,0.0899357601713062,0.9502626970227672,0.6405867970660146,MLP,none,34,PGD_eps0.5_it25,0.9105392156862744,PGD,0.5,25.0,,7
0.1384803921568627,0.0982948846539618,0.7188264058679706,0.1729411764705882,0.9446584938704028,0.2811735941320293,LR,none,34,PGD_eps0.75_it10,0.7907475490196079,PGD,0.75,10.0,,7
0.0879289215686274,0.0513626834381551,0.3594132029339853,0.0898807704066034,0.9509632224168126,0.6405867970660146,SVM,none,34,PGD_eps0.75_it10,0.8449754901960784,PGD,0.75,10.0,,7
0.0885416666666666,0.0513986013986014,0.3594132029339853,0.0899357601713062,0.9502626970227672,0.6405867970660146,RF,none,34,PGD_eps0.75_it10,0.8541666666666666,PGD,0.75,10.0,,7
0.0891544117647058,0.0514345696291112,0.3594132029339853,0.0899908172635445,0.9495621716287216,0.6405867970660146,MLP,none,34,PGD_eps0.75_it10,0.9105392156862744,PGD,0.75,10.0,,7
0.1427696078431372,0.1024958402662229,0.7530562347188264,0.1804335090802577,0.9446584938704028,0.2469437652811736,LR,none,34,PGD_eps0.75_it25,0.7864583333333334,PGD,0.75,25.0,,7
0.0879289215686274,0.0513626834381551,0.3594132029339853,0.0898807704066034,0.9509632224168126,0.6405867970660146,SVM,none,34,PGD_eps0.75_it25,0.8449754901960784,PGD,0.75,25.0,,7
0.0885416666666666,0.0510846745976207,0.3569682151589242,0.0893786348331802,0.9499124343257443,0.6430317848410758,RF,none,34,PGD_eps0.75_it25,0.8541666666666666,PGD,0.75,25.0,,7
0.0891544117647058,0.0514345696291112,0.3594132029339853,0.0899908172635445,0.9495621716287216,0.6405867970660146,MLP,none,34,PGD_eps0.75_it25,0.9105392156862744,PGD,0.75,25.0,,7
0.6510416666666666,0.1875,0.5354523227383863,0.2777425491439442,0.3323992994746059,0.4645476772616136,LR,none,34,CW_c0.0_it10,0.2408088235294117,CW,,10.0,0.0,7
0.3731617647058823,0.0325528269560251,0.1393643031784841,0.0527777777777777,0.5933450087565674,0.8606356968215159,SVM,none,34,CW_c0.0_it10,0.5294117647058824,CW,,10.0,0.0,7
0.8434436274509803,0.2616822429906542,0.1369193154034229,0.1797752808988764,0.0553415061295972,0.863080684596577,RF,none,34,CW_c0.0_it10,0.1148897058823529,CW,,10.0,0.0,7
0.0891544117647058,0.0489092188599577,0.3398533007334963,0.0855121501076591,0.9467600700525394,0.6601466992665037,MLP,none,34,CW_c0.0_it10,0.9099264705882352,CW,,10.0,0.0,7
0.5683210784313726,0.1527777777777778,0.5378973105134475,0.2379664683612763,0.4273204903677758,0.4621026894865526,LR,none,34,CW_c0.5_it10,0.3253676470588235,CW,,10.0,0.5,7
0.2279411764705882,0.0331711632021229,0.1833740831295843,0.0561797752808988,0.7656742556917688,0.8166259168704156,SVM,none,34,CW_c0.5_it10,0.6838235294117647,CW,,10.0,0.5,7
0.8400735294117647,0.2347417840375587,0.1222493887530562,0.1607717041800643,0.057092819614711,0.8777506112469438,RF,none,34,CW_c0.5_it10,0.1213235294117647,CW,,10.0,0.5,7
0.0863970588235294,0.0487548228691687,0.3398533007334963,0.0852760736196319,0.9499124343257443,0.6601466992665037,MLP,none,34,CW_c0.5_it10,0.9136029411764706,CW,,10.0,0.5,7
0.8878676470588235,0.556135770234987,0.5207823960880196,0.5378787878787878,0.0595446584938704,0.4792176039119804,LR,rf,20,clean,0.0,,,,,123
0.8924632352941176,0.5810055865921788,0.508557457212714,0.5423728813559322,0.052539404553415,0.491442542787286,SVM,rf,20,clean,0.0,,,,,123
0.9111519607843136,0.64,0.6650366748166259,0.6522781774580336,0.0535901926444833,0.334963325183374,RF,rf,20,clean,0.0,,,,,123
0.8881740196078431,0.5436507936507936,0.6699266503667481,0.6002190580503833,0.0805604203152364,0.3300733496332518,MLP,rf,20,clean,0.0,,,,,123
0.2708333333333333,0.1169840652934317,0.7359413202933985,0.2018779342723004,0.7957968476357268,0.2640586797066014,LR,rf,20,FGSM_eps0.15,0.6525735294117647,FGSM,0.15,1.0,,123
0.1387867647058823,0.0783005617977528,0.5452322738386308,0.1369358305188824,0.9194395796847636,0.4547677261613692,SVM,rf,20,FGSM_eps0.15,0.7977941176470589,FGSM,0.15,1.0,,123
0.8541666666666666,0.1546391752577319,0.0366748166259168,0.0592885375494071,0.0287215411558669,0.9633251833740832,RF,rf,20,FGSM_eps0.15,0.1044730392156862,FGSM,0.15,1.0,,123
0.258578431372549,0.1017821782178217,0.628361858190709,0.1751874573960463,0.7943957968476357,0.3716381418092909,MLP,rf,20,FGSM_eps0.15,0.7401960784313726,FGSM,0.15,1.0,,123
0.1697303921568627,0.101213171577123,0.7139364303178484,0.1772920461445051,0.908231173380035,0.2860635696821516,LR,rf,20,FGSM_eps0.3,0.7604166666666666,FGSM,0.3,1.0,,123
0.1200980392156862,0.057491915199425,0.39119804400978,0.100250626566416,0.918739054290718,0.60880195599022,SVM,rf,20,FGSM_eps0.3,0.8174019607843137,FGSM,0.3,1.0,,123
0.8265931372549019,0.0756756756756756,0.0342298288508557,0.0471380471380471,0.0598949211908931,0.9657701711491442,RF,rf,20,FGSM_eps0.3,0.1323529411764706,FGSM,0.3,1.0,,123
0.1363357843137254,0.0637219406227371,0.4303178484107579,0.1110059918006937,0.9057793345008756,0.5696821515892421,MLP,rf,20,FGSM_eps0.3,0.8630514705882353,FGSM,0.3,1.0,,123
0.152267156862745,0.0903405142460041,0.6356968215158925,0.1581989656221478,0.9169877408056042,0.3643031784841076,LR,rf,20,FGSM_eps0.5,0.7787990196078431,FGSM,0.5,1.0,,123
0.119485294117647,0.0568140956490471,0.3863080684596577,0.0990595611285266,0.918739054290718,0.6136919315403423,SVM,rf,20,FGSM_eps0.5,0.8180147058823529,FGSM,0.5,1.0,,123
0.765625,0.0572139303482587,0.0562347188264058,0.0567200986436498,0.1327495621716287,0.9437652811735942,RF,rf,20,FGSM_eps0.5,0.1948529411764706,FGSM,0.5,1.0,,123
0.1197916666666666,0.0545914678235719,0.3691931540342298,0.0951181102362204,0.915936952714536,0.6308068459657702,MLP,rf,20,FGSM_eps0.5,0.8802083333333334,FGSM,0.5,1.0,,123
0.140625,0.0793539325842696,0.5525672371638142,0.1387780165796745,0.9183887915936952,0.4474327628361858,LR,rf,20,FGSM_eps0.75,0.7904411764705882,FGSM,0.75,1.0,,123
0.1176470588235294,0.0544536602957086,0.3691931540342298,0.0949088623507228,0.9183887915936952,0.6308068459657702,SVM,rf,20,FGSM_eps0.75,0.8201593137254902,FGSM,0.75,1.0,,123
0.2824754901960784,0.0552231937413713,0.293398533007335,0.0929512006196746,0.7190893169877408,0.706601466992665,RF,rf,20,FGSM_eps0.75,0.6755514705882353,FGSM,0.75,1.0,,123
0.1216299019607843,0.053090909090909,0.3569682151589242,0.0924343146565368,0.9120840630472856,0.6430317848410758,MLP,rf,20,FGSM_eps0.75,0.8780637254901961,FGSM,0.75,1.0,,123
0.2579656862745098,0.1165714285714285,0.7481662591687042,0.2017139090309822,0.8122591943957969,0.2518337408312958,LR,rf,20,PGD_eps0.15_it10,0.6675857843137255,PGD,0.15,10.0,,123
0.1439950980392156,0.0837696335078534,0.58679706601467,0.1466096518020769,0.9194395796847636,0.4132029339853301,SVM,rf,20,PGD_eps0.15_it10,0.7925857843137255,PGD,0.15,10.0,,123
0.8618259803921569,0.3055555555555556,0.0806845965770171,0.1276595744680851,0.0262697022767075,0.9193154034229828,RF,rf,20,PGD_eps0.15_it10,0.0971200980392156,PGD,0.15,10.0,,123
0.220281862745098,0.091743119266055,0.58679706601467,0.1586776859504132,0.8322241681260946,0.4132029339853301,MLP,rf,20,PGD_eps0.15_it10,0.7784926470588235,PGD,0.15,10.0,,123
0.258578431372549,0.1172440045679482,0.7530562347188264,0.2028985507246377,0.8122591943957969,0.2469437652811736,LR,rf,20,PGD_eps0.15_it25,0.6675857843137255,PGD,0.15,25.0,,123
0.1430759803921568,0.0828092243186582,0.5794621026894865,0.1449098135126872,0.9194395796847636,0.4205378973105134,SVM,rf,20,PGD_eps0.15_it25,0.7935049019607843,PGD,0.15,25.0,,123
0.8642769607843137,0.3333333333333333,0.0831295843520782,0.1330724070450097,0.0238178633975481,0.9168704156479216,RF,rf,20,PGD_eps0.15_it25,0.0946691176470588,PGD,0.15,25.0,,123
0.2215073529411764,0.0915708812260536,0.5843520782396088,0.1583305730374296,0.8304728546409808,0.4156479217603912,MLP,rf,20,PGD_eps0.15_it25,0.7772671568627451,PGD,0.15,25.0,,123
0.1979166666666666,0.1109545614653046,0.7701711491442543,0.1939655172413793,0.8840630472854641,0.2298288508557457,LR,rf,20,PGD_eps0.3_it10,0.7328431372549019,PGD,0.3,10.0,,123
0.1176470588235294,0.0550954267194814,0.3740831295843521,0.096045197740113,0.9190893169877408,0.6259168704156479,SVM,rf,20,PGD_eps0.3_it10,0.819546568627451,PGD,0.3,10.0,,123
0.8207720588235294,0.0510204081632653,0.0244498777506112,0.0330578512396694,0.0651488616462346,0.9755501222493888,RF,rf,20,PGD_eps0.3_it10,0.1381740196078431,PGD,0.3,10.0,,123
0.128063725490196,0.0577132486388384,0.3887530562347188,0.1005056890012642,0.9092819614711032,0.6112469437652812,MLP,rf,20,PGD_eps0.3_it10,0.8713235294117647,PGD,0.3,10.0,,123
0.1994485294117647,0.1114245416078984,0.7726161369193154,0.1947611710323574,0.882661996497373,0.2273838630806846,LR,rf,20,PGD_eps0.3_it25,0.7313112745098039,PGD,0.3,25.0,,123
0.1182598039215686,0.0557754587981288,0.3789731051344743,0.0972396486825596,0.9190893169877408,0.6210268948655256,SVM,rf,20,PGD_eps0.3_it25,0.8189338235294118,PGD,0.3,25.0,,123
0.8232230392156863,0.0578947368421052,0.0268948655256723,0.0367278797996661,0.0626970227670753,0.9731051344743276,RF,rf,20,PGD_eps0.3_it25,0.1354166666666666,PGD,0.3,25.0,,123
0.1286764705882352,0.0587169264226168,0.3960880195599022,0.1022727272727272,0.909632224168126,0.6039119804400978,MLP,rf,20,PGD_eps0.3_it25,0.8707107843137255,PGD,0.3,25.0,,123
0.1590073529411764,0.0991763898421413,0.706601466992665,0.173939211555823,0.9194395796847636,0.293398533007335,LR,rf,20,PGD_eps0.5_it10,0.7720588235294118,PGD,0.5,10.0,,123
0.1176470588235294,0.0544536602957086,0.3691931540342298,0.0949088623507228,0.9183887915936952,0.6308068459657702,SVM,rf,20,PGD_eps0.5_it10,0.8201593137254902,PGD,0.5,10.0,,123
0.7962622549019608,0.0492957746478873,0.0342298288508557,0.0404040404040404,0.0945709281961471,0.9657701711491442,RF,rf,20,PGD_eps0.5_it10,0.1632965686274509,PGD,0.5,10.0,,123
0.1170343137254902,0.053448898519321,0.3618581907090464,0.093140339836375,0.9180385288966724,0.6381418092909535,MLP,rf,20,PGD_eps0.5_it10,0.8829656862745098,PGD,0.5,10.0,,123
0.1614583333333333,0.1,0.7114914425427873,0.1753540222958722,0.917338003502627,0.2885085574572127,LR,rf,20,PGD_eps0.5_it25,0.7693014705882353,PGD,0.5,25.0,,123
0.1176470588235294,0.0544536602957086,0.3691931540342298,0.0949088623507228,0.9183887915936952,0.6308068459657702,SVM,rf,20,PGD_eps0.5_it25,0.8201593137254902,PGD,0.5,25.0,,123
0.7953431372549019,0.048780487804878,0.0342298288508557,0.0402298850574712,0.0956217162872154,0.9657701711491442,RF,rf,20,PGD_eps0.5_it25,0.1642156862745098,PGD,0.5,25.0,,123
0.1170343137254902,0.053448898519321,0.3618581907090464,0.093140339836375,0.9180385288966724,0.6381418092909535,MLP,rf,20,PGD_eps0.5_it25,0.8829656862745098,PGD,0.5,25.0,,123
0.1314338235294117,0.071074964639321,0.491442542787286,0.1241890639481,0.9201401050788092,0.508557457212714,LR,rf,20,PGD_eps0.75_it10,0.7993259803921569,PGD,0.75,10.0,,123
0.1176470588235294,0.0544536602957086,0.3691931540342298,0.0949088623507228,0.9183887915936952,0.6308068459657702,SVM,rf,20,PGD_eps0.75_it10,0.8201593137254902,PGD,0.75,10.0,,123
0.4537377450980392,0.0486202365308804,0.1809290953545232,0.0766442257897462,0.5071803852889667,0.8190709046454768,RF,rf,20,PGD_eps0.75_it10,0.4993872549019608,PGD,0.75,10.0,,123
0.1158088235294117,0.0530494406351497,0.3594132029339853,0.0924528301886792,0.9190893169877408,0.6405867970660146,MLP,rf,20,PGD_eps0.75_it10,0.8841911764705882,PGD,0.75,10.0,,123
0.1283700980392156,0.0680851063829787,0.4694376528117359,0.1189222669557138,0.9204903677758318,0.530562347188264,LR,rf,20,PGD_eps0.75_it25,0.8023897058823529,PGD,0.75,25.0,,123
0.1173406862745098,0.0544340302811824,0.3691931540342298,0.0948790449261702,0.918739054290718,0.6308068459657702,SVM,rf,20,PGD_eps0.75_it25,0.8204656862745098,PGD,0.75,25.0,,123
0.3382352941176471,0.0507952796305797,0.2420537897310513,0.0839694656488549,0.647985989492119,0.7579462102689487,RF,rf,20,PGD_eps0.75_it25,0.6155024509803921,PGD,0.75,25.0,,123
0.1158088235294117,0.0530494406351497,0.3594132029339853,0.0924528301886792,0.9190893169877408,0.6405867970660146,MLP,rf,20,PGD_eps0.75_it25,0.8841911764705882,PGD,0.75,25.0,,123
0.4053308823529412,0.1083844580777096,0.5183374083129584,0.1792811839323467,0.6108581436077057,0.4816625916870415,LR,rf,20,CW_c0.0_it10,0.4960171568627451,CW,,10.0,0.0,123
0.2362132352941176,0.0417766051011433,0.2322738386308068,0.0708162504658963,0.7632224168126095,0.7677261613691931,SVM,rf,20,CW_c0.0_it10,0.6816789215686274,CW,,10.0,0.0,123
0.8563112745098039,0.2,0.0488997555012225,0.0785854616895874,0.0280210157618213,0.9511002444987776,RF,rf,20,CW_c0.0_it10,0.0983455882352941,CW,,10.0,0.0,123
0.1148897058823529,0.049090909090909,0.3300733496332518,0.0854700854700854,0.915936952714536,0.6699266503667481,MLP,rf,20,CW_c0.0_it10,0.8838848039215687,CW,,10.0,0.0,123
0.2784926470588235,0.1018821603927987,0.60880195599022,0.1745531019978969,0.7688266199649737,0.39119804400978,LR,rf,20,CW_c0.5_it10,0.6357230392156863,CW,,10.0,0.5,123
0.1412377450980392,0.051012753188297,0.3325183374083129,0.0884552845528455,0.8861646234676007,0.6674816625916871,SVM,rf,20,CW_c0.5_it10,0.7901348039215687,CW,,10.0,0.5,123
0.8566176470588235,0.160919540229885,0.0342298288508557,0.0564516129032258,0.0255691768826619,0.9657701711491442,RF,rf,20,CW_c0.5_it10,0.102328431372549,CW,,10.0,0.5,123
0.1127450980392156,0.0492932221819499,0.3325183374083129,0.0858585858585858,0.918739054290718,0.6674816625916871,MLP,rf,20,CW_c0.5_it10,0.8872549019607843,CW,,10.0,0.5,123
0.8838848039215687,0.5376884422110553,0.5232273838630807,0.530359355638166,0.0644483362521891,0.4767726161369193,LR,mi,30,clean,0.0,,,,,123
0.890625,0.5718232044198895,0.5061124694376528,0.5369649805447471,0.0542907180385289,0.4938875305623472,SVM,mi,30,clean,0.0,,,,,123
0.9087009803921569,0.6343825665859564,0.6405867970660146,0.6374695863746959,0.0528896672504378,0.3594132029339853,RF,mi,30,clean,0.0,,,,,123
0.8376225490196079,0.4149085794655415,0.7212713936430318,0.5267857142857143,0.1457092819614711,0.2787286063569682,MLP,mi,30,clean,0.0,,,,,123
0.3207720588235294,0.1201680672268907,0.6992665036674817,0.205091430620294,0.7334500875656742,0.3007334963325183,LR,mi,30,FGSM_eps0.15,0.6011029411764706,FGSM,0.15,1.0,,123
0.1887254901960784,0.0770683792973177,0.4987775061124694,0.1335078534031413,0.85569176882662,0.5012224938875306,SVM,mi,30,FGSM_eps0.15,0.7481617647058824,FGSM,0.15,1.0,,123
0.8639705882352942,0.1568627450980392,0.0195599022004889,0.0347826086956521,0.0150612959719789,0.980440097799511,RF,mi,30,FGSM_eps0.15,0.0916053921568627,FGSM,0.15,1.0,,123
0.2264093137254902,0.0980243161094225,0.6308068459657702,0.1696810259782966,0.831523642732049,0.3691931540342298,MLP,mi,30,FGSM_eps0.15,0.7711397058823529,FGSM,0.15,1.0,,123
0.2276348039215686,0.1068503350707371,0.7017114914425427,0.1854604200323101,0.8402802101576182,0.2982885085574572,LR,mi,30,FGSM_eps0.3,0.7022058823529411,FGSM,0.3,1.0,,123
0.166360294117647,0.0508935508935508,0.3202933985330073,0.0878310425745893,0.85569176882662,0.6797066014669927,SVM,mi,30,FGSM_eps0.3,0.7708333333333334,FGSM,0.3,1.0,,123
0.8443627450980392,0.0695652173913043,0.0195599022004889,0.0305343511450381,0.037478108581436,0.980440097799511,RF,mi,30,FGSM_eps0.3,0.1118259803921568,FGSM,0.3,1.0,,123
0.189031862745098,0.0754931714719271,0.4865525672371638,0.1307060755336617,0.8535901926444833,0.5134474327628362,MLP,mi,30,FGSM_eps0.3,0.8091299019607843,FGSM,0.3,1.0,,123
0.2104779411764706,0.1002949852507374,0.6650366748166259,0.1743031079782121,0.8546409807355516,0.334963325183374,LR,mi,30,FGSM_eps0.5,0.7208946078431373,FGSM,0.5,1.0,,123
0.1660539215686274,0.0501750291715285,0.3154034229828851,0.0865771812080536,0.8553415061295973,0.684596577017115,SVM,mi,30,FGSM_eps0.5,0.7714460784313726,FGSM,0.5,1.0,,123
0.7190563725490197,0.0464285714285714,0.0635696821515892,0.0536635706914344,0.1870402802101576,0.9364303178484108,RF,mi,30,FGSM_eps0.5,0.2389705882352941,FGSM,0.5,1.0,,123
0.181985294117647,0.069004956157072,0.4425427872860635,0.1193931398416886,0.8553415061295973,0.5574572127139364,MLP,mi,30,FGSM_eps0.5,0.8161764705882353,FGSM,0.5,1.0,,123
0.1911764705882352,0.0801656003010914,0.5207823960880196,0.1389432485322896,0.8560420315236428,0.4792176039119804,LR,mi,30,FGSM_eps0.75,0.7401960784313726,FGSM,0.75,1.0,,123
0.1660539215686274,0.0494740942734709,0.3105134474327628,0.0853494623655913,0.8546409807355516,0.6894865525672371,SVM,mi,30,FGSM_eps0.75,0.7720588235294118,FGSM,0.75,1.0,,123
0.1636029411764706,0.045436741088915,0.2836185819070904,0.0783254557731262,0.8535901926444833,0.7163814180929096,RF,mi,30,FGSM_eps0.75,0.7962622549019608,FGSM,0.75,1.0,,123
0.1688112745098039,0.0527950310559006,0.3325183374083129,0.0911222780569514,0.8546409807355516,0.6674816625916871,MLP,mi,30,FGSM_eps0.75,0.8302696078431373,FGSM,0.75,1.0,,123
0.3121936274509804,0.1200331125827814,0.7090464547677262,0.2053097345132743,0.7446584938704028,0.2909535452322738,LR,mi,30,PGD_eps0.15_it10,0.6109068627450981,PGD,0.15,10.0,,123
0.1844362745098039,0.0724857685009487,0.4669926650366748,0.1254927726675427,0.8560420315236428,0.5330073349633252,SVM,mi,30,PGD_eps0.15_it10,0.7524509803921569,PGD,0.15,10.0,,123
0.8676470588235294,0.2909090909090909,0.0391198044009779,0.0689655172413793,0.0136602451838879,0.960880195599022,RF,mi,30,PGD_eps0.15_it10,0.088235294117647,PGD,0.15,10.0,,123
0.2120098039215686,0.0851553509781357,0.5427872860635696,0.1472148541114058,0.8353765323992994,0.4572127139364303,MLP,mi,30,PGD_eps0.15_it10,0.7855392156862745,PGD,0.15,10.0,,123
0.3057598039215686,0.1189987689782519,0.7090464547677262,0.2037947997189037,0.7520140105078809,0.2909535452322738,LR,mi,30,PGD_eps0.15_it25,0.6170343137254902,PGD,0.15,25.0,,123
0.1856617647058823,0.0738916256157635,0.4767726161369193,0.1279527559055118,0.8560420315236428,0.5232273838630807,SVM,mi,30,PGD_eps0.15_it25,0.7512254901960784,PGD,0.15,25.0,,123
0.8661151960784313,0.2666666666666666,0.0391198044009779,0.068230277185501,0.0154115586690017,0.960880195599022,RF,mi,30,PGD_eps0.15_it25,0.0894607843137254,PGD,0.15,25.0,,123
0.2120098039215686,0.0854733614411652,0.5452322738386308,0.1477799867461895,0.8357267950963222,0.4547677261613692,MLP,mi,30,PGD_eps0.15_it25,0.7855392156862745,PGD,0.15,25.0,,123
0.2264093137254902,0.107566765578635,0.7090464547677262,0.1867954911433172,0.8427320490367776,0.2909535452322738,LR,mi,30,PGD_eps0.3_it10,0.703125,PGD,0.3,10.0,,123
0.1672794117647058,0.0519984478075281,0.3276283618581907,0.0897521768251841,0.85569176882662,0.6723716381418093,SVM,mi,30,PGD_eps0.3_it10,0.7699142156862745,PGD,0.3,10.0,,123
0.8354779411764706,0.1049382716049382,0.0415647921760391,0.0595446584938704,0.0507880910683012,0.9584352078239609,RF,mi,30,PGD_eps0.3_it10,0.1216299019607843,PGD,0.3,10.0,,123
0.1776960784313725,0.0626682045367166,0.3985330073349633,0.1083056478405315,0.8539404553415061,0.6014669926650367,MLP,mi,30,PGD_eps0.3_it10,0.8207720588235294,PGD,0.3,10.0,,123
0.2276348039215686,0.1080178173719376,0.7114914425427873,0.1875604253947792,0.8416812609457093,0.2885085574572127,LR,mi,30,PGD_eps0.3_it25,0.7015931372549019,PGD,0.3,25.0,,123
0.1672794117647058,0.0519984478075281,0.3276283618581907,0.0897521768251841,0.85569176882662,0.6723716381418093,SVM,mi,30,PGD_eps0.3_it25,0.7699142156862745,PGD,0.3,25.0,,123
0.8342524509803921,0.1117647058823529,0.0464547677261613,0.0656303972366148,0.0528896672504378,0.9535452322738386,RF,mi,30,PGD_eps0.3_it25,0.1222426470588235,PGD,0.3,25.0,,123
0.1776960784313725,0.0626682045367166,0.3985330073349633,0.1083056478405315,0.8539404553415061,0.6014669926650367,MLP,mi,30,PGD_eps0.3_it25,0.8207720588235294,PGD,0.3,25.0,,123
0.2083333333333333,0.0991522300036859,0.6577017114914425,0.1723254324151185,0.8560420315236428,0.3422982885085575,LR,mi,30,PGD_eps0.5_it10,0.7224264705882353,PGD,0.5,10.0,,123
0.1660539215686274,0.0498248345659789,0.3129584352078239,0.0859637340496977,0.8549912434325744,0.687041564792176,SVM,mi,30,PGD_eps0.5_it10,0.7717524509803921,PGD,0.5,10.0,,123
0.7300857843137255,0.0693430656934306,0.0929095354523227,0.0794148380355277,0.1786339754816112,0.9070904645476772,RF,mi,30,PGD_eps0.5_it10,0.2291666666666666,PGD,0.5,10.0,,123
0.1688112745098039,0.0531419705197827,0.334963325183374,0.09173083361232,0.8549912434325744,0.6650366748166259,MLP,mi,30,PGD_eps0.5_it10,0.8299632352941176,PGD,0.5,10.0,,123
0.2095588235294117,0.101358795446199,0.6748166259168704,0.1762452107279693,0.8570928196147111,0.3251833740831296,LR,mi,30,PGD_eps0.5_it25,0.7208946078431373,PGD,0.5,25.0,,123
0.166360294117647,0.0498442367601246,0.3129584352078239,0.0859926100100772,0.8546409807355516,0.687041564792176,SVM,mi,30,PGD_eps0.5_it25,0.7717524509803921,PGD,0.5,25.0,,123
0.741421568627451,0.0710059171597633,0.0880195599022004,0.0786026200873362,0.1649737302977233,0.9119804400977995,RF,mi,30,PGD_eps0.5_it25,0.2175245098039215,PGD,0.5,25.0,,123
0.1688112745098039,0.0531419705197827,0.334963325183374,0.09173083361232,0.8549912434325744,0.6650366748166259,MLP,mi,30,PGD_eps0.5_it25,0.8299632352941176,PGD,0.5,25.0,,123
0.1862745098039215,0.073947667804323,0.4767726161369193,0.1280367695338148,0.8553415061295973,0.5232273838630807,LR,mi,30,PGD_eps0.75_it10,0.7450980392156863,PGD,0.75,10.0,,123
0.166360294117647,0.0498442367601246,0.3129584352078239,0.0859926100100772,0.8546409807355516,0.687041564792176,SVM,mi,30,PGD_eps0.75_it10,0.7717524509803921,PGD,0.75,10.0,,123
0.2215073529411764,0.0463829787234042,0.2665036674816626,0.079014135556361,0.784938704028021,0.7334963325183375,RF,mi,30,PGD_eps0.75_it10,0.7377450980392157,PGD,0.75,10.0,,123
0.1672794117647058,0.0506033476060724,0.3178484107579462,0.0873069173942243,0.8542907180385289,0.6821515892420538,MLP,mi,30,PGD_eps0.75_it10,0.8321078431372549,PGD,0.75,10.0,,123
0.1844362745098039,0.074102079395085,0.4792176039119804,0.1283562540929927,0.8577933450087566,0.5207823960880196,LR,mi,30,PGD_eps0.75_it25,0.7454044117647058,PGD,0.75,25.0,,123
0.166360294117647,0.0498442367601246,0.3129584352078239,0.0859926100100772,0.8546409807355516,0.687041564792176,SVM,mi,30,PGD_eps0.75_it25,0.7717524509803921,PGD,0.75,25.0,,123
0.2058823529411764,0.0476585163696643,0.2811735941320293,0.0815024805102764,0.8049036777583187,0.7188264058679706,RF,mi,30,PGD_eps0.75_it25,0.7539828431372549,PGD,0.75,25.0,,123
0.1672794117647058,0.0506033476060724,0.3178484107579462,0.0873069173942243,0.8542907180385289,0.6821515892420538,MLP,mi,30,PGD_eps0.75_it25,0.8321078431372549,PGD,0.75,25.0,,123
0.5134803921568627,0.132252027448534,0.5183374083129584,0.2107355864811133,0.487215411558669,0.4816625916870415,LR,mi,30,CW_c0.0_it10,0.3863357843137255,CW,,10.0,0.0,123
0.3560049019607843,0.0371787862219792,0.1662591687041564,0.0607685433422698,0.6168126094570928,0.8337408312958435,SVM,mi,30,CW_c0.0_it10,0.5575980392156863,CW,,10.0,0.0,123
0.8673406862745098,0.3536585365853658,0.0709046454767726,0.1181262729124236,0.0185639229422066,0.9290953545232272,RF,mi,30,CW_c0.0_it10,0.0854779411764705,CW,,10.0,0.0,123
0.1666666666666666,0.0498636540708998,0.3129584352078239,0.086021505376344,0.8542907180385289,0.687041564792176,MLP,mi,30,CW_c0.0_it10,0.8327205882352942,CW,,10.0,0.0,123
0.3563112745098039,0.1083333333333333,0.5721271393643031,0.1821720513818606,0.6746059544658494,0.4278728606356968,LR,mi,30,CW_c0.5_it10,0.5542279411764706,CW,,10.0,0.5,123
0.2104779411764706,0.0475792988313856,0.2787286063569682,0.081283422459893,0.7992994746059545,0.7212713936430318,SVM,mi,30,CW_c0.5_it10,0.7212009803921569,CW,,10.0,0.5,123
0.8722426470588235,0.42,0.0513447432762836,0.0915032679738562,0.0101576182136602,0.9486552567237164,RF,mi,30,CW_c0.5_it10,0.0836397058823529,CW,,10.0,0.5,123
0.1669730392156862,0.050233644859813,0.3154034229828851,0.0866644272757809,0.8542907180385289,0.684596577017115,MLP,mi,30,CW_c0.5_it10,0.8327205882352942,CW,,10.0,0.5,123
0.883578431372549,0.5363408521303258,0.5232273838630807,0.5297029702970297,0.0647985989492119,0.4767726161369193,LR,none,34,clean,0.0,,,,,123
0.8897058823529411,0.5667574931880109,0.508557457212714,0.5360824742268041,0.0556917688266199,0.491442542787286,SVM,none,34,clean,0.0,,,,,123
0.9065563725490196,0.6171171171171171,0.6699266503667481,0.6424384525205158,0.0595446584938704,0.3300733496332518,RF,none,34,clean,0.0,,,,,123
0.8278186274509803,0.4002607561929596,0.7506112469437652,0.5221088435374149,0.1611208406304728,0.2493887530562347,MLP,none,34,clean,0.0,,,,,123
0.392156862745098,0.1255349500713266,0.6454767726161369,0.2101910828025477,0.6441330998248687,0.3545232273838631,LR,none,34,FGSM_eps0.15,0.5245098039215687,FGSM,0.15,1.0,,123
0.2172181372549019,0.0938682816048448,0.6063569682151589,0.162569649295313,0.8385288966725044,0.393643031784841,SVM,none,34,FGSM_eps0.15,0.7156862745098039,FGSM,0.15,1.0,,123
0.8449754901960784,0.174496644295302,0.0635696821515892,0.0931899641577061,0.0430823117338003,0.9364303178484108,RF,none,34,FGSM_eps0.15,0.1142769607843137,FGSM,0.15,1.0,,123
0.2423406862745098,0.0965598123534011,0.6039119804400978,0.1664981462756993,0.8094570928196148,0.3960880195599022,MLP,none,34,FGSM_eps0.15,0.7555147058823529,FGSM,0.15,1.0,,123
0.2389705882352941,0.1062618595825427,0.684596577017115,0.1839684625492772,0.8248686514886164,0.3154034229828851,LR,none,34,FGSM_eps0.3,0.6868872549019608,FGSM,0.3,1.0,,123
0.1875,0.0603684829478635,0.3765281173594132,0.104054054054054,0.8395796847635727,0.6234718826405868,SVM,none,34,FGSM_eps0.3,0.7460171568627451,FGSM,0.3,1.0,,123
0.7876838235294118,0.0823529411764705,0.0684596577017114,0.0747663551401869,0.1092819614711033,0.9315403422982884,RF,none,34,FGSM_eps0.3,0.1731004901960784,FGSM,0.3,1.0,,123
0.1893382352941176,0.0591249507292077,0.3667481662591687,0.1018329938900203,0.836077057793345,0.6332518337408313,MLP,none,34,FGSM_eps0.3,0.8094362745098039,FGSM,0.3,1.0,,123
0.2236519607843137,0.1025065469509914,0.6699266503667481,0.1778066190785204,0.8402802101576182,0.3300733496332518,LR,none,34,FGSM_eps0.5,0.7043504901960784,FGSM,0.5,1.0,,123
0.1798406862745098,0.0510688836104513,0.3154034229828851,0.0879045996592845,0.8395796847635727,0.684596577017115,SVM,none,34,FGSM_eps0.5,0.7536764705882353,FGSM,0.5,1.0,,123
0.7420343137254902,0.0590631364562118,0.0709046454767726,0.0644444444444444,0.1618213660245183,0.9290953545232272,RF,none,34,FGSM_eps0.5,0.21875,FGSM,0.5,1.0,,123
0.1807598039215686,0.048984468339307,0.3007334963325183,0.0842465753424657,0.8364273204903677,0.6992665036674817,MLP,none,34,FGSM_eps0.5,0.8183210784313726,FGSM,0.5,1.0,,123
0.2138480392156862,0.0913224706328154,0.589242053789731,0.1581364829396325,0.8399299474605955,0.4107579462102689,LR,none,34,FGSM_eps0.75,0.7147671568627451,FGSM,0.75,1.0,,123
0.1761642156862745,0.0465393794749403,0.2860635696821516,0.0800547382825863,0.8395796847635727,0.7139364303178484,SVM,none,34,FGSM_eps0.75,0.7573529411764706,FGSM,0.75,1.0,,123
0.2555147058823529,0.0462505612932195,0.2518337408312958,0.0781487101669195,0.7439579684763573,0.7481662591687042,RF,none,34,FGSM_eps0.75,0.7037377450980392,FGSM,0.75,1.0,,123
0.1740196078431372,0.0424169667867146,0.2591687041564792,0.0729023383768913,0.8381786339754816,0.7408312958435208,MLP,none,34,FGSM_eps0.75,0.8253676470588235,FGSM,0.75,1.0,,123
0.4381127450980392,0.1359223300970873,0.6503667481662592,0.2248520710059171,0.5922942206654991,0.3496332518337408,LR,none,34,PGD_eps0.15_it10,0.4794730392156863,PGD,0.15,10.0,,123
0.2092524509803921,0.0835889570552147,0.5330073349633252,0.1445144182963208,0.8371278458844134,0.4669926650366748,SVM,none,34,PGD_eps0.15_it10,0.7236519607843137,PGD,0.15,10.0,,123
0.875,0.5021645021645021,0.2836185819070904,0.3625,0.0402802101576182,0.7163814180929096,RF,none,34,PGD_eps0.15_it10,0.0857843137254902,PGD,0.15,10.0,,123
0.2212009803921568,0.0822561692126909,0.5134474327628362,0.1417960837272113,0.8206654991243433,0.4865525672371638,MLP,none,34,PGD_eps0.15_it10,0.7769607843137255,PGD,0.15,10.0,,123
0.4503676470588235,0.1364829396325459,0.6356968215158925,0.2247191011235955,0.5761821366024519,0.3643031784841076,LR,none,34,PGD_eps0.15_it25,0.4656862745098039,PGD,0.15,25.0,,123
0.2083333333333333,0.0828538550057537,0.5281173594132029,0.143236074270557,0.8374781085814361,0.4718826405867971,SVM,none,34,PGD_eps0.15_it25,0.7245710784313726,PGD,0.15,25.0,,123
0.8713235294117647,0.4775510204081633,0.2860635696821516,0.3577981651376147,0.0448336252189141,0.7139364303178484,RF,none,34,PGD_eps0.15_it25,0.0888480392156862,PGD,0.15,25.0,,123
0.221813725490196,0.0823206585652685,0.5134474327628362,0.1418918918918918,0.8199649737302978,0.4865525672371638,MLP,none,34,PGD_eps0.15_it25,0.7763480392156863,PGD,0.15,25.0,,123
0.3039215686274509,0.1110647181628392,0.6503667481662592,0.1897289586305278,0.7457092819614711,0.3496332518337408,LR,none,34,PGD_eps0.3_it10,0.6197916666666666,PGD,0.3,10.0,,123
0.1807598039215686,0.0521945432977461,0.3227383863080684,0.089857045609258,0.8395796847635727,0.6772616136919315,SVM,none,34,PGD_eps0.3_it10,0.7527573529411765,PGD,0.3,10.0,,123
0.7693014705882353,0.1036866359447004,0.1100244498777506,0.1067615658362989,0.1362521891418563,0.8899755501222494,RF,none,34,PGD_eps0.3_it10,0.1914828431372549,PGD,0.3,10.0,,123
0.1832107843137254,0.0516487882399682,0.3178484107579462,0.0888585099111414,0.836077057793345,0.6821515892420538,MLP,none,34,PGD_eps0.3_it10,0.8155637254901961,PGD,0.3,10.0,,123
0.3158700980392157,0.1119148936170212,0.6430317848410758,0.1906487857919536,0.7309982486865149,0.3569682151589242,LR,none,34,PGD_eps0.3_it25,0.6078431372549019,PGD,0.3,25.0,,123
0.1801470588235294,0.0514444004748713,0.3178484107579462,0.0885558583106267,0.8395796847635727,0.6821515892420538,SVM,none,34,PGD_eps0.3_it25,0.7533700980392157,PGD,0.3,25.0,,123
0.7650122549019608,0.0968468468468468,0.1051344743276283,0.1008206330597889,0.1404553415061296,0.8948655256723717,RF,none,34,PGD_eps0.3_it25,0.1957720588235294,PGD,0.3,25.0,,123
0.1822916666666666,0.0505171042163882,0.3105134474327628,0.0868970236058843,0.836077057793345,0.6894865525672371,MLP,none,34,PGD_eps0.3_it25,0.8164828431372549,PGD,0.3,25.0,,123
0.3030024509803921,0.0974978429680759,0.5525672371638142,0.1657499083241657,0.7327495621716287,0.4474327628361858,LR,none,34,PGD_eps0.5_it10,0.625,PGD,0.5,10.0,,123
0.1761642156862745,0.0465393794749403,0.2860635696821516,0.0800547382825863,0.8395796847635727,0.7139364303178484,SVM,none,34,PGD_eps0.5_it10,0.7573529411764706,PGD,0.5,10.0,,123
0.6832107843137255,0.0689655172413793,0.1222493887530562,0.0881834215167548,0.2364273204903677,0.8777506112469438,RF,none,34,PGD_eps0.5_it10,0.2784926470588235,PGD,0.5,10.0,,123
0.1780024509803921,0.0452,0.2762836185819071,0.077689927810244,0.836077057793345,0.7237163814180929,MLP,none,34,PGD_eps0.5_it10,0.8213848039215687,PGD,0.5,10.0,,123
0.2971813725490196,0.0967051775780915,0.5525672371638142,0.1646030589949016,0.7394045534150613,0.4474327628361858,LR,none,34,PGD_eps0.5_it25,0.6295955882352942,PGD,0.5,25.0,,123
0.1761642156862745,0.0465393794749403,0.2860635696821516,0.0800547382825863,0.8395796847635727,0.7139364303178484,SVM,none,34,PGD_eps0.5_it25,0.7573529411764706,PGD,0.5,25.0,,123
0.6807598039215687,0.0598052851182197,0.1051344743276283,0.076241134751773,0.2367775831873905,0.8948655256723717,RF,none,34,PGD_eps0.5_it25,0.2791053921568627,PGD,0.5,25.0,,123
0.1776960784313725,0.0448179271708683,0.2738386308068459,0.077028885832187,0.836077057793345,0.726161369193154,MLP,none,34,PGD_eps0.5_it25,0.8216911764705882,PGD,0.5,25.0,,123
0.2175245098039215,0.0599097250718096,0.3569682151589242,0.1026001405481377,0.8024518388791594,0.6430317848410758,LR,none,34,PGD_eps0.75_it10,0.7138480392156863,PGD,0.75,10.0,,123
0.1764705882352941,0.0465578989255869,0.2860635696821516,0.0800821355236139,0.8392294220665499,0.7139364303178484,SVM,none,34,PGD_eps0.75_it10,0.7576593137254902,PGD,0.75,10.0,,123
0.1936274509803921,0.0483543275091426,0.2909535452322738,0.0829268292682926,0.8203152364273205,0.7090464547677262,RF,none,34,PGD_eps0.75_it10,0.7659313725490197,PGD,0.75,10.0,,123
0.1740196078431372,0.0424169667867146,0.2591687041564792,0.0729023383768913,0.8381786339754816,0.7408312958435208,MLP,none,34,PGD_eps0.75_it10,0.8256740196078431,PGD,0.75,10.0,,123
0.214767156862745,0.0571546052631578,0.3398533007334963,0.0978528687082013,0.8031523642732049,0.6601466992665037,LR,none,34,PGD_eps0.75_it25,0.7172181372549019,PGD,0.75,25.0,,123
0.1767769607843137,0.0469371519490851,0.2885085574572127,0.0807389668149161,0.8392294220665499,0.7114914425427873,SVM,none,34,PGD_eps0.75_it25,0.7573529411764706,PGD,0.75,25.0,,123
0.1948529411764706,0.0469579420171498,0.2811735941320293,0.0804758572428271,0.8175131348511383,0.7188264058679706,RF,none,34,PGD_eps0.75_it25,0.7634803921568627,PGD,0.75,25.0,,123
0.1740196078431372,0.0424169667867146,0.2591687041564792,0.0729023383768913,0.8381786339754816,0.7408312958435208,MLP,none,34,PGD_eps0.75_it25,0.8256740196078431,PGD,0.75,25.0,,123
0.5474877450980392,0.1372282608695652,0.4938875305623472,0.2147793726741095,0.4448336252189142,0.5061124694376528,LR,none,34,CW_c0.0_it10,0.3471200980392157,CW,,10.0,0.0,123
0.367953431372549,0.0374720357941834,0.1638141809290953,0.0609922621756941,0.6028021015761821,0.8361858190709046,SVM,none,34,CW_c0.0_it10,0.5456495098039216,CW,,10.0,0.0,123
0.8786764705882353,0.549618320610687,0.1760391198044009,0.2666666666666666,0.0206654991243432,0.823960880195599,RF,none,34,CW_c0.0_it10,0.0802696078431372,CW,,10.0,0.0,123
0.1767769607843137,0.0422025723472668,0.2567237163814181,0.0724887814981014,0.8346760070052539,0.7432762836185819,MLP,none,34,CW_c0.0_it10,0.8216911764705882,CW,,10.0,0.0,123
0.4417892156862745,0.1211796246648793,0.5525672371638142,0.198768689533861,0.5740805604203152,0.4474327628361858,LR,none,34,CW_c0.5_it10,0.4626225490196078,CW,,10.0,0.5,123
0.2604166666666667,0.0432801822323462,0.2322738386308068,0.0729646697388632,0.7355516637478109,0.7677261613691931,SVM,none,34,CW_c0.5_it10,0.6636029411764706,CW,,10.0,0.5,123
0.8743872549019608,0.4961240310077519,0.1564792176039119,0.2379182156133829,0.0227670753064798,0.843520782396088,RF,none,34,CW_c0.5_it10,0.0845588235294117,CW,,10.0,0.5,123
0.1740196078431372,0.0427828868452618,0.2616136919315403,0.0735395189003436,0.8385288966725044,0.7383863080684596,MLP,none,34,CW_c0.5_it10,0.8259803921568627,CW,,10.0,0.5,123
0.8881740196078431,0.5607734806629834,0.4963325183374083,0.5265888456549935,0.0556917688266199,0.5036674816625917,LR,rf,25,clean,0.0,,,,,31
0.8924632352941176,0.5857988165680473,0.4841075794621027,0.5301204819277109,0.0490367775831873,0.5158924205378973,SVM,rf,25,clean,0.0,,,,,31
0.9154411764705882,0.6501128668171557,0.7041564792176039,0.676056338028169,0.0542907180385289,0.295843520782396,RF,rf,25,clean,0.0,,,,,31
0.8661151960784313,0.4772727272727273,0.7188264058679706,0.5736585365853658,0.112784588441331,0.2811735941320293,MLP,rf,25,clean,0.0,,,,,31
0.2380514705882352,0.1061410159211523,0.684596577017115,0.1837873318017722,0.8259194395796847,0.3154034229828851,LR,rf,25,FGSM_eps0.15,0.6884191176470589,FGSM,0.15,1.0,,31
0.1485906862745098,0.0604599406528189,0.3985330073349633,0.1049919484702093,0.887215411558669,0.6014669926650367,SVM,rf,25,FGSM_eps0.15,0.7840073529411765,FGSM,0.15,1.0,,31
0.8655024509803921,0.2413793103448276,0.0342298288508557,0.0599571734475374,0.0154115586690017,0.9657701711491442,RF,rf,25,FGSM_eps0.15,0.0977328431372549,FGSM,0.15,1.0,,31
0.181985294117647,0.0805194805194805,0.530562347188264,0.1398195876288659,0.8679509632224168,0.4694376528117359,MLP,rf,25,FGSM_eps0.15,0.8170955882352942,FGSM,0.15,1.0,,31
0.1629901960784313,0.0680550390479732,0.4474327628361858,0.118140735958683,0.8777583187390543,0.5525672371638142,LR,rf,25,FGSM_eps0.3,0.7662377450980392,FGSM,0.3,1.0,,31
0.1372549019607843,0.0477264186396091,0.3105134474327628,0.0827361563517915,0.8875656742556918,0.6894865525672371,SVM,rf,25,FGSM_eps0.3,0.7953431372549019,FGSM,0.3,1.0,,31
0.8302696078431373,0.0809248554913294,0.0342298288508557,0.0481099656357388,0.0556917688266199,0.9657701711491442,RF,rf,25,FGSM_eps0.3,0.1332720588235294,FGSM,0.3,1.0,,31
0.1464460784313725,0.0576851507257164,0.3789731051344743,0.1001291989664082,0.8868651488616462,0.6210268948655256,MLP,rf,25,FGSM_eps0.3,0.8526348039215687,FGSM,0.3,1.0,,31
0.1519607843137254,0.0613611007809594,0.4034229828850856,0.1065203357004519,0.8840630472854641,0.5965770171149144,LR,rf,25,FGSM_eps0.5,0.7775735294117647,FGSM,0.5,1.0,,31
0.1372549019607843,0.0470455400828001,0.3056234718826406,0.0815394651011089,0.8868651488616462,0.6943765281173594,SVM,rf,25,FGSM_eps0.5,0.7959558823529411,FGSM,0.5,1.0,,31
0.4231004901960784,0.0527912621359223,0.2127139364303178,0.0845892075838599,0.5467600700525395,0.7872860635696821,RF,rf,25,FGSM_eps0.5,0.5321691176470589,FGSM,0.5,1.0,,31
0.1403186274509804,0.0496054114994363,0.3227383863080684,0.0859934853420195,0.885814360770578,0.6772616136919315,MLP,rf,25,FGSM_eps0.5,0.8596813725490197,FGSM,0.5,1.0,,31
0.1452205882352941,0.0552857676503548,0.3618581907090464,0.0959170447180816,0.885814360770578,0.6381418092909535,LR,rf,25,FGSM_eps0.75,0.7843137254901961,FGSM,0.75,1.0,,31
0.1372549019607843,0.0470455400828001,0.3056234718826406,0.0815394651011089,0.8868651488616462,0.6943765281173594,SVM,rf,25,FGSM_eps0.75,0.7959558823529411,FGSM,0.75,1.0,,31
0.1409313725490196,0.0438095238095238,0.2811735941320293,0.075807514831905,0.8791593695271454,0.7188264058679706,RF,rf,25,FGSM_eps0.75,0.8128063725490197,FGSM,0.75,1.0,,31
0.1397058823529411,0.0492296129274708,0.3202933985330073,0.0853420195439739,0.8861646234676007,0.6797066014669927,MLP,rf,25,FGSM_eps0.75,0.8599877450980392,FGSM,0.75,1.0,,31
0.2126225490196078,0.1052246985750822,0.7041564792176039,0.1830896376350921,0.8577933450087566,0.295843520782396,LR,rf,25,PGD_eps0.15_it10,0.7169117647058824,PGD,0.15,10.0,,31
0.150735294117647,0.0628930817610062,0.4156479217603912,0.1092544987146529,0.887215411558669,0.5843520782396088,SVM,rf,25,PGD_eps0.15_it10,0.7818627450980392,PGD,0.15,10.0,,31
0.8661151960784313,0.2941176470588235,0.0488997555012225,0.0838574423480083,0.0168126094570928,0.9511002444987776,RF,rf,25,PGD_eps0.15_it10,0.0971200980392156,PGD,0.15,10.0,,31
0.1639093137254902,0.0674869500372856,0.4425427872860635,0.1171142025234552,0.8760070052539405,0.5574572127139364,MLP,rf,25,PGD_eps0.15_it10,0.835171568627451,PGD,0.15,10.0,,31
0.211703431372549,0.1051094890510948,0.7041564792176039,0.1829152111781518,0.8588441330998249,0.295843520782396,LR,rf,25,PGD_eps0.15_it25,0.7178308823529411,PGD,0.15,25.0,,31
0.150735294117647,0.0628930817610062,0.4156479217603912,0.1092544987146529,0.887215411558669,0.5843520782396088,SVM,rf,25,PGD_eps0.15_it25,0.7818627450980392,PGD,0.15,25.0,,31
0.8676470588235294,0.3174603174603174,0.0488997555012225,0.0847457627118644,0.0150612959719789,0.9511002444987776,RF,rf,25,PGD_eps0.15_it25,0.0955882352941176,PGD,0.15,25.0,,31
0.1639093137254902,0.0674869500372856,0.4425427872860635,0.1171142025234552,0.8760070052539405,0.5574572127139364,MLP,rf,25,PGD_eps0.15_it25,0.835171568627451,PGD,0.15,25.0,,31
0.1694240196078431,0.0838756326825741,0.5672371638141809,0.1461417322834645,0.8875656742556918,0.432762836185819,LR,rf,25,PGD_eps0.3_it10,0.7604166666666666,PGD,0.3,10.0,,31
0.1369485294117647,0.0473684210526315,0.3080684596577017,0.0821114369501466,0.8875656742556918,0.6919315403422983,SVM,rf,25,PGD_eps0.3_it10,0.7956495098039216,PGD,0.3,10.0,,31
0.8572303921568627,0.2285714285714285,0.0586797066014669,0.0933852140077821,0.0283712784588441,0.941320293398533,RF,rf,25,PGD_eps0.3_it10,0.1063112745098039,PGD,0.3,10.0,,31
0.1390931372549019,0.0481746330447873,0.3129584352078239,0.0834964122635355,0.885814360770578,0.687041564792176,MLP,rf,25,PGD_eps0.3_it10,0.8606004901960784,PGD,0.3,10.0,,31
0.1703431372549019,0.0845681243223708,0.5721271393643031,0.1473551637279597,0.887215411558669,0.4278728606356968,LR,rf,25,PGD_eps0.3_it25,0.7591911764705882,PGD,0.3,25.0,,31
0.1369485294117647,0.0473684210526315,0.3080684596577017,0.0821114369501466,0.8875656742556918,0.6919315403422983,SVM,rf,25,PGD_eps0.3_it25,0.7956495098039216,PGD,0.3,25.0,,31
0.8566176470588235,0.2079207920792079,0.0513447432762836,0.0823529411764705,0.0280210157618213,0.9486552567237164,RF,rf,25,PGD_eps0.3_it25,0.1069240196078431,PGD,0.3,25.0,,31
0.1390931372549019,0.0481746330447873,0.3129584352078239,0.0834964122635355,0.885814360770578,0.687041564792176,MLP,rf,25,PGD_eps0.3_it25,0.8606004901960784,PGD,0.3,25.0,,31
0.1470588235294117,0.059369202226345,0.39119804400978,0.1030927835051546,0.8879159369527145,0.60880195599022,LR,rf,25,PGD_eps0.5_it10,0.7827818627450981,PGD,0.5,10.0,,31
0.136642156862745,0.0470101541933057,0.3056234718826406,0.0814863102998696,0.8875656742556918,0.6943765281173594,SVM,rf,25,PGD_eps0.5_it10,0.7959558823529411,PGD,0.5,10.0,,31
0.6510416666666666,0.0794930875576036,0.1687041564792176,0.1080657791699295,0.2798598949211909,0.8312958435207825,RF,rf,25,PGD_eps0.5_it10,0.3036151960784313,PGD,0.5,10.0,,31
0.1381740196078431,0.0467571644042232,0.3031784841075794,0.0810192747468147,0.8854640980735552,0.6968215158924206,MLP,rf,25,PGD_eps0.5_it10,0.8618259803921569,PGD,0.5,10.0,,31
0.1525735294117647,0.0656100258016955,0.4352078239608802,0.1140294682895579,0.8879159369527145,0.5647921760391198,LR,rf,25,PGD_eps0.5_it25,0.7772671568627451,PGD,0.5,25.0,,31
0.136642156862745,0.0470101541933057,0.3056234718826406,0.0814863102998696,0.8875656742556918,0.6943765281173594,SVM,rf,25,PGD_eps0.5_it25,0.7959558823529411,PGD,0.5,25.0,,31
0.6488970588235294,0.0720092915214866,0.1515892420537897,0.0976377952755905,0.2798598949211909,0.8484107579462102,RF,rf,25,PGD_eps0.5_it25,0.3069852941176471,PGD,0.5,25.0,,31
0.1381740196078431,0.0467571644042232,0.3031784841075794,0.0810192747468147,0.8854640980735552,0.6968215158924206,MLP,rf,25,PGD_eps0.5_it25,0.8618259803921569,PGD,0.5,25.0,,31
0.1372549019607843,0.0477264186396091,0.3105134474327628,0.0827361563517915,0.8875656742556918,0.6894865525672371,LR,rf,25,PGD_eps0.75_it10,0.7928921568627451,PGD,0.75,10.0,,31
0.136642156862745,0.0470101541933057,0.3056234718826406,0.0814863102998696,0.8875656742556918,0.6943765281173594,SVM,rf,25,PGD_eps0.75_it10,0.7959558823529411,PGD,0.75,10.0,,31
0.2487745098039215,0.047808764940239,0.2640586797066014,0.08095952023988,0.753415061295972,0.7359413202933985,RF,rf,25,PGD_eps0.75_it10,0.7061887254901961,PGD,0.75,10.0,,31
0.1381740196078431,0.0467571644042232,0.3031784841075794,0.0810192747468147,0.8854640980735552,0.6968215158924206,MLP,rf,25,PGD_eps0.75_it10,0.8618259803921569,PGD,0.75,10.0,,31
0.143688725490196,0.0558451228592702,0.3667481662591687,0.0969305331179321,0.8882661996497373,0.6332518337408313,LR,rf,25,PGD_eps0.75_it25,0.7861519607843137,PGD,0.75,25.0,,31
0.136642156862745,0.0470101541933057,0.3056234718826406,0.0814863102998696,0.8875656742556918,0.6943765281173594,SVM,rf,25,PGD_eps0.75_it25,0.7959558823529411,PGD,0.75,25.0,,31
0.2935049019607843,0.0455198850023957,0.2322738386308068,0.0761217948717948,0.697723292469352,0.7677261613691931,RF,rf,25,PGD_eps0.75_it25,0.6666666666666666,PGD,0.75,25.0,,31
0.1381740196078431,0.0467571644042232,0.3031784841075794,0.0810192747468147,0.8854640980735552,0.6968215158924206,MLP,rf,25,PGD_eps0.75_it25,0.8618259803921569,PGD,0.75,25.0,,31
0.4656862745098039,0.1179164281625644,0.5036674816625917,0.1910946196660482,0.5397548161120841,0.4963325183374083,LR,rf,25,CW_c0.0_it10,0.4341299019607843,CW,,10.0,0.0,31
0.2815563725490196,0.0310077519379844,0.1564792176039119,0.0517589971694298,0.7005253940455342,0.843520782396088,SVM,rf,25,CW_c0.0_it10,0.6299019607843137,CW,,10.0,0.0,31
0.8719362745098039,0.4328358208955223,0.0709046454767726,0.1218487394957983,0.0133099824868651,0.9290953545232272,RF,rf,25,CW_c0.0_it10,0.0909926470588235,CW,,10.0,0.0,31
0.1384803921568627,0.0450586898901931,0.2909535452322738,0.0780327868852459,0.8833625218914186,0.7090464547677262,MLP,rf,25,CW_c0.0_it10,0.8615196078431373,CW,,10.0,0.0,31
0.3379289215686274,0.1082289803220035,0.5916870415647921,0.1829867674858223,0.6984238178633976,0.4083129584352078,LR,rf,25,CW_c0.5_it10,0.5756740196078431,CW,,10.0,0.5,31
0.1770833333333333,0.0425873844917637,0.2591687041564792,0.0731538992408557,0.8346760070052539,0.7408312958435208,SVM,rf,25,CW_c0.5_it10,0.7484681372549019,CW,,10.0,0.5,31
0.8746936274509803,0.5,0.0342298288508557,0.0640732265446224,0.0049036777583187,0.9657701711491442,RF,rf,25,CW_c0.5_it10,0.0879289215686274,CW,,10.0,0.5,31
0.1369485294117647,0.047027840481565,0.3056234718826406,0.0815128790348875,0.887215411558669,0.6943765281173594,MLP,rf,25,CW_c0.5_it10,0.8627450980392157,CW,,10.0,0.5,31
0.8878676470588235,0.559228650137741,0.4963325183374083,0.5259067357512953,0.0560420315236427,0.5036674816625917,LR,mi,25,clean,0.0,,,,,31
0.8924632352941176,0.5863095238095238,0.4816625916870415,0.5288590604026846,0.0486865148861646,0.5183374083129584,SVM,mi,25,clean,0.0,,,,,31
0.9111519607843136,0.6349206349206349,0.684596577017115,0.6588235294117647,0.0563922942206655,0.3154034229828851,RF,mi,25,clean,0.0,,,,,31
0.8550857843137255,0.4493670886075949,0.6943765281173594,0.5456292026897214,0.1218914185639229,0.3056234718826406,MLP,mi,25,clean,0.0,,,,,31
0.3587622549019608,0.121062106210621,0.6577017114914425,0.2044849866970733,0.6840630472854641,0.3422982885085575,LR,mi,25,FGSM_eps0.15,0.5652573529411765,FGSM,0.15,1.0,,31
0.1862745098039215,0.0861878453038674,0.5721271393643031,0.1498079385403329,0.8690017513134851,0.4278728606356968,SVM,mi,25,FGSM_eps0.15,0.7515318627450981,FGSM,0.15,1.0,,31
0.8100490196078431,0.0862745098039215,0.0537897310513447,0.0662650602409638,0.0816112084063047,0.9462102689486552,RF,mi,25,FGSM_eps0.15,0.150735294117647,FGSM,0.15,1.0,,31
0.2006740196078431,0.0913818722139673,0.6014669926650367,0.1586584972589487,0.8567425569176883,0.3985330073349633,MLP,mi,25,FGSM_eps0.15,0.7984068627450981,FGSM,0.15,1.0,,31
0.2809436274509804,0.0925147182506307,0.5378973105134475,0.1578758521707929,0.7558669001751314,0.4621026894865526,LR,mi,25,FGSM_eps0.3,0.6485906862745098,FGSM,0.3,1.0,,31
0.1590073529411764,0.0635276532137518,0.4156479217603912,0.1102106969205834,0.8777583187390543,0.5843520782396088,SVM,mi,25,FGSM_eps0.3,0.7791053921568627,FGSM,0.3,1.0,,31
0.7319240196078431,0.053639846743295,0.0684596577017114,0.0601503759398496,0.1730297723292469,0.9315403422982884,RF,mi,25,FGSM_eps0.3,0.2257965686274509,FGSM,0.3,1.0,,31
0.166360294117647,0.0708982925018559,0.4669926650366748,0.1231066709635836,0.876707530647986,0.5330073349633252,MLP,mi,25,FGSM_eps0.3,0.8327205882352942,FGSM,0.3,1.0,,31
0.2426470588235294,0.0839048003227107,0.508557457212714,0.1440443213296399,0.795446584938704,0.491442542787286,LR,mi,25,FGSM_eps0.5,0.6893382352941176,FGSM,0.5,1.0,,31
0.1504289215686274,0.0536253776435045,0.3471882640586797,0.0929015374550212,0.8777583187390543,0.6528117359413202,SVM,mi,25,FGSM_eps0.5,0.7876838235294118,FGSM,0.5,1.0,,31
0.2962622549019608,0.0555555555555555,0.2885085574572127,0.0931701539676273,0.7026269702276707,0.7114914425427873,RF,mi,25,FGSM_eps0.5,0.6534926470588235,FGSM,0.5,1.0,,31
0.1534926470588235,0.0571858540255831,0.3716381418092909,0.0991196609064232,0.8777583187390543,0.628361858190709,MLP,mi,25,FGSM_eps0.5,0.8455882352941176,FGSM,0.5,1.0,,31
0.2071078431372549,0.0765643218033424,0.4816625916870415,0.1321260898725687,0.8322241681260946,0.5183374083129584,LR,mi,25,FGSM_eps0.75,0.7264093137254902,FGSM,0.75,1.0,,31
0.1495098039215686,0.0515346722243273,0.3325183374083129,0.0892388451443569,0.876707530647986,0.6674816625916871,SVM,mi,25,FGSM_eps0.75,0.7895220588235294,FGSM,0.75,1.0,,31
0.1580882352941176,0.0510556621880998,0.3251833740831296,0.0882548108825481,0.8658493870402802,0.6748166259168704,RF,mi,25,FGSM_eps0.75,0.7938112745098039,FGSM,0.75,1.0,,31
0.1498161764705882,0.05223315669947,0.3374083129584352,0.0904621435594886,0.8770577933450088,0.6625916870415648,MLP,mi,25,FGSM_eps0.75,0.8498774509803921,FGSM,0.75,1.0,,31
0.2270220588235294,0.1099630996309963,0.7286063569682152,0.1910868868226996,0.8448336252189141,0.2713936430317848,LR,mi,25,PGD_eps0.15_it10,0.7043504901960784,PGD,0.15,10.0,,31
0.1838235294117647,0.0889537003281079,0.5965770171149144,0.1548223350253807,0.875306479859895,0.4034229828850856,SVM,mi,25,PGD_eps0.15_it10,0.7539828431372549,PGD,0.15,10.0,,31
0.8465073529411765,0.1229508196721311,0.0366748166259168,0.0564971751412429,0.037478108581436,0.9633251833740832,RF,mi,25,PGD_eps0.15_it10,0.1136642156862745,PGD,0.15,10.0,,31
0.1816789215686274,0.0782997762863534,0.5134474327628362,0.1358783565189259,0.8658493870402802,0.4865525672371638,MLP,mi,25,PGD_eps0.15_it10,0.8174019607843137,PGD,0.15,10.0,,31
0.2291666666666666,0.1099592743428359,0.726161369193154,0.1909967845659164,0.842031523642732,0.2738386308068459,LR,mi,25,PGD_eps0.15_it25,0.7018995098039216,PGD,0.15,25.0,,31
0.1832107843137254,0.0882889456402772,0.5916870415647921,0.1536507936507936,0.875306479859895,0.4083129584352078,SVM,mi,25,PGD_eps0.15_it25,0.7542892156862745,PGD,0.15,25.0,,31
0.8446691176470589,0.1171875,0.0366748166259168,0.0558659217877094,0.0395796847635726,0.9633251833740832,RF,mi,25,PGD_eps0.15_it25,0.1155024509803921,PGD,0.15,25.0,,31
0.1813725490196078,0.0779559865721745,0.511002444987775,0.1352750809061488,0.8658493870402802,0.4889975550122249,MLP,mi,25,PGD_eps0.15_it25,0.8177083333333334,PGD,0.15,25.0,,31
0.1807598039215686,0.0868296242247355,0.5819070904645477,0.1511111111111111,0.876707530647986,0.4180929095354523,LR,mi,25,PGD_eps0.3_it10,0.7542892156862745,PGD,0.3,10.0,,31
0.150735294117647,0.0546551074255559,0.3545232273838631,0.0947093403004572,0.8784588441330998,0.6454767726161369,SVM,mi,25,PGD_eps0.3_it10,0.7873774509803921,PGD,0.3,10.0,,31
0.8373161764705882,0.0878378378378378,0.0317848410757946,0.0466786355475763,0.0472854640980735,0.9682151589242054,RF,mi,25,PGD_eps0.3_it10,0.1219362745098039,PGD,0.3,10.0,,31
0.1525735294117647,0.0557859027516019,0.3618581907090464,0.0966688438928804,0.8774080560420315,0.6381418092909535,MLP,mi,25,PGD_eps0.3_it10,0.8465073529411765,PGD,0.3,10.0,,31
0.1868872549019608,0.0925589836660617,0.6234718826405868,0.1611883691529709,0.8756567425569177,0.3765281173594132,LR,mi,25,PGD_eps0.3_it25,0.7481617647058824,PGD,0.3,25.0,,31
0.1504289215686274,0.0542986425339366,0.3520782396088019,0.0940868997059784,0.8784588441330998,0.6479217603911981,SVM,mi,25,PGD_eps0.3_it25,0.7876838235294118,PGD,0.3,25.0,,31
0.8293504901960784,0.0795454545454545,0.0342298288508557,0.0478632478632478,0.0567425569176882,0.9657701711491442,RF,mi,25,PGD_eps0.3_it25,0.1299019607843137,PGD,0.3,25.0,,31
0.152267156862745,0.0554298642533936,0.3594132029339853,0.0960470434498529,0.8774080560420315,0.6405867970660146,MLP,mi,25,PGD_eps0.3_it25,0.8468137254901961,PGD,0.3,25.0,,31
0.1525735294117647,0.0554507732930969,0.3594132029339853,0.096078431372549,0.8770577933450088,0.6405867970660146,LR,mi,25,PGD_eps0.5_it10,0.7830882352941176,PGD,0.5,10.0,,31
0.1476715686274509,0.0510783200908059,0.3300733496332518,0.0884665792922673,0.8784588441330998,0.6699266503667481,SVM,mi,25,PGD_eps0.5_it10,0.7904411764705882,PGD,0.5,10.0,,31
0.7573529411764706,0.0677200902934537,0.0733496332518337,0.0704225352112676,0.1446584938704028,0.9266503667481664,RF,mi,25,PGD_eps0.5_it10,0.2052696078431372,PGD,0.5,10.0,,31
0.1479779411764706,0.0510976532929598,0.3300733496332518,0.0884955752212389,0.8781085814360771,0.6699266503667481,MLP,mi,25,PGD_eps0.5_it10,0.8511029411764706,PGD,0.5,10.0,,31
0.1547181372549019,0.0579382994732881,0.3765281173594132,0.1004238669709814,0.8770577933450088,0.6234718826405868,LR,mi,25,PGD_eps0.5_it25,0.7806372549019608,PGD,0.5,25.0,,31
0.1476715686274509,0.0510783200908059,0.3300733496332518,0.0884665792922673,0.8784588441330998,0.6699266503667481,SVM,mi,25,PGD_eps0.5_it25,0.7904411764705882,PGD,0.5,25.0,,31
0.7552083333333334,0.0797413793103448,0.0904645476772616,0.0847651775486827,0.1495621716287215,0.9095354523227384,RF,mi,25,PGD_eps0.5_it25,0.2074142156862745,PGD,0.5,25.0,,31
0.1479779411764706,0.0510976532929598,0.3300733496332518,0.0884955752212389,0.8781085814360771,0.6699266503667481,MLP,mi,25,PGD_eps0.5_it25,0.8511029411764706,PGD,0.5,25.0,,31
0.1479779411764706,0.0510976532929598,0.3300733496332518,0.0884955752212389,0.8781085814360771,0.6699266503667481,LR,mi,25,PGD_eps0.75_it10,0.7876838235294118,PGD,0.75,10.0,,31
0.1482843137254902,0.0511170011359333,0.3300733496332518,0.0885245901639344,0.8777583187390543,0.6699266503667481,SVM,mi,25,PGD_eps0.75_it10,0.7904411764705882,PGD,0.75,10.0,,31
0.2362132352941176,0.0481352992194275,0.2713936430317848,0.0817679558011049,0.7688266199649737,0.7286063569682152,RF,mi,25,PGD_eps0.75_it10,0.7159926470588235,PGD,0.75,10.0,,31
0.1482843137254902,0.0511170011359333,0.3300733496332518,0.0885245901639344,0.8777583187390543,0.6699266503667481,MLP,mi,25,PGD_eps0.75_it10,0.8511029411764706,PGD,0.75,10.0,,31
0.1479779411764706,0.0510976532929598,0.3300733496332518,0.0884955752212389,0.8781085814360771,0.6699266503667481,LR,mi,25,PGD_eps0.75_it25,0.7876838235294118,PGD,0.75,25.0,,31
0.1482843137254902,0.0511170011359333,0.3300733496332518,0.0885245901639344,0.8777583187390543,0.6699266503667481,SVM,mi,25,PGD_eps0.75_it25,0.7904411764705882,PGD,0.75,25.0,,31
0.206188725490196,0.0517666392769104,0.3080684596577017,0.0886387618712627,0.8084063047285464,0.6919315403422983,RF,mi,25,PGD_eps0.75_it25,0.7463235294117647,PGD,0.75,25.0,,31
0.1485906862745098,0.0511363636363636,0.3300733496332518,0.0885536241390619,0.8774080560420315,0.6699266503667481,MLP,mi,25,PGD_eps0.75_it25,0.8511029411764706,PGD,0.75,25.0,,31
0.5465686274509803,0.1379310344827586,0.4987775061124694,0.2161016949152542,0.446584938704028,0.5012224938875306,LR,mi,25,CW_c0.0_it10,0.3529411764705882,CW,,10.0,0.0,31
0.4457720588235294,0.0308310991957104,0.1124694376528117,0.0483955812730142,0.5064798598949212,0.8875305623471883,SVM,mi,25,CW_c0.0_it10,0.4601715686274509,CW,,10.0,0.0,31
0.8658088235294118,0.3535353535353535,0.0855745721271393,0.1377952755905512,0.022416812609457,0.9144254278728606,RF,mi,25,CW_c0.0_it10,0.0940563725490196,CW,,10.0,0.0,31
0.1501225490196078,0.0508925180402582,0.3276283618581907,0.0880999342537804,0.875306479859895,0.6723716381418093,MLP,mi,25,CW_c0.0_it10,0.8480392156862745,CW,,10.0,0.0,31
0.40625,0.1164074259909683,0.5672371638141809,0.1931723563696919,0.6168126094570928,0.432762836185819,LR,mi,25,CW_c0.5_it10,0.5036764705882353,CW,,10.0,0.5,31
0.3051470588235294,0.0345518277416124,0.1687041564792176,0.0573566084788029,0.6753064798598949,0.8312958435207825,SVM,mi,25,CW_c0.5_it10,0.6099877450980392,CW,,10.0,0.5,31
0.8700980392156863,0.3636363636363636,0.0488997555012225,0.0862068965517241,0.0122591943957968,0.9511002444987776,RF,mi,25,CW_c0.5_it10,0.0909926470588235,CW,,10.0,0.5,31
0.1485906862745098,0.0511363636363636,0.3300733496332518,0.0885536241390619,0.8774080560420315,0.6699266503667481,MLP,mi,25,CW_c0.5_it10,0.8514093137254902,CW,,10.0,0.5,31
0.8878676470588235,0.559228650137741,0.4963325183374083,0.5259067357512953,0.0560420315236427,0.5036674816625917,LR,none,34,clean,0.0,,,,,31
0.8924632352941176,0.5857988165680473,0.4841075794621027,0.5301204819277109,0.0490367775831873,0.5158924205378973,SVM,none,34,clean,0.0,,,,,31
0.9129901960784312,0.639821029082774,0.6992665036674817,0.6682242990654206,0.0563922942206655,0.3007334963325183,RF,none,34,clean,0.0,,,,,31
0.8737745098039216,0.497545008183306,0.7432762836185819,0.596078431372549,0.1075306479859894,0.2567237163814181,MLP,none,34,clean,0.0,,,,,31
0.242953431372549,0.1052833078101072,0.6723716381418093,0.1820589208871234,0.8185639229422067,0.3276283618581907,LR,none,34,FGSM_eps0.15,0.6776960784313726,FGSM,0.15,1.0,,31
0.1510416666666666,0.0677159590043923,0.452322738386308,0.1177968799745304,0.8921190893169877,0.5476772616136919,SVM,none,34,FGSM_eps0.15,0.7769607843137255,FGSM,0.15,1.0,,31
0.8278186274509803,0.1877551020408163,0.1124694376528117,0.1406727828746177,0.0697022767075306,0.8875305623471883,RF,none,34,FGSM_eps0.15,0.1344975490196078,FGSM,0.15,1.0,,31
0.1587009803921568,0.0644800596347372,0.4229828850855746,0.111901681759379,0.8791593695271454,0.5770171149144254,MLP,none,34,FGSM_eps0.15,0.8406862745098039,FGSM,0.15,1.0,,31
0.2104779411764706,0.0997045790251107,0.6601466992665037,0.1732435033686236,0.8539404553415061,0.3398533007334963,LR,none,34,FGSM_eps0.3,0.7132352941176471,FGSM,0.3,1.0,,31
0.1317401960784313,0.0460501684762261,0.3007334963325183,0.0798701298701298,0.8924693520140105,0.6992665036674817,SVM,none,34,FGSM_eps0.3,0.7962622549019608,FGSM,0.3,1.0,,31
0.741421568627451,0.0570264765784114,0.0684596577017114,0.0622222222222222,0.1621716287215411,0.9315403422982884,RF,none,34,FGSM_eps0.3,0.21875,FGSM,0.3,1.0,,31
0.1341911764705882,0.045847425779782,0.2982885085574572,0.0794788273615635,0.8893169877408056,0.7017114914425427,MLP,none,34,FGSM_eps0.3,0.8658088235294118,FGSM,0.3,1.0,,31
0.1878063725490196,0.0760211800302571,0.491442542787286,0.1316737635113003,0.85569176882662,0.508557457212714,LR,none,34,FGSM_eps0.5,0.7362132352941176,FGSM,0.5,1.0,,31
0.1286764705882352,0.0424652386320932,0.2762836185819071,0.0736156351791531,0.8924693520140105,0.7237163814180929,SVM,none,34,FGSM_eps0.5,0.7993259803921569,FGSM,0.5,1.0,,31
0.3149509803921568,0.0484429065743944,0.2396088019559902,0.0805921052631579,0.6742556917688266,0.7603911980440098,RF,none,34,FGSM_eps0.5,0.6427696078431373,FGSM,0.5,1.0,,31
0.1317401960784313,0.0429702223897474,0.2787286063569682,0.0744611365120836,0.8893169877408056,0.7212713936430318,MLP,none,34,FGSM_eps0.5,0.8682598039215687,FGSM,0.5,1.0,,31
0.1617647058823529,0.0557464681176021,0.3569682151589242,0.0964332892998679,0.866199649737303,0.6430317848410758,LR,none,34,FGSM_eps0.75,0.7631740196078431,FGSM,0.75,1.0,,31
0.1289828431372549,0.0424812030075188,0.2762836185819071,0.0736396220267188,0.8921190893169877,0.7237163814180929,SVM,none,34,FGSM_eps0.75,0.7993259803921569,FGSM,0.75,1.0,,31
0.1326593137254902,0.0423280423280423,0.2738386308068459,0.0733224222585924,0.8875656742556918,0.726161369193154,RF,none,34,FGSM_eps0.75,0.8226102941176471,FGSM,0.75,1.0,,31
0.1302083333333333,0.0428893905191873,0.2787286063569682,0.0743397456798174,0.8910683012259194,0.7212713936430318,MLP,none,34,FGSM_eps0.75,0.8697916666666666,FGSM,0.75,1.0,,31
0.2521446078431372,0.1058960434445306,0.6674816625916871,0.182792099096083,0.8073555166374781,0.3325183374083129,LR,none,34,PGD_eps0.15_it10,0.6681985294117647,PGD,0.15,10.0,,31
0.1452205882352941,0.0611868779948396,0.4058679706601467,0.1063420884048686,0.8921190893169877,0.5941320293398533,SVM,none,34,PGD_eps0.15_it10,0.7827818627450981,PGD,0.15,10.0,,31
0.8339460784313726,0.2096069868995633,0.1173594132029339,0.1504702194357366,0.0633975481611208,0.882640586797066,RF,none,34,PGD_eps0.15_it10,0.1292892156862745,PGD,0.15,10.0,,31
0.1461397058823529,0.0583209509658246,0.3838630806845965,0.1012576588197355,0.8879159369527145,0.6161369193154034,MLP,none,34,PGD_eps0.15_it10,0.8535539215686274,PGD,0.15,10.0,,31
0.2503063725490196,0.1053446940356312,0.6650366748166259,0.1818789702440655,0.809106830122592,0.334963325183374,LR,none,34,PGD_eps0.15_it25,0.6697303921568627,PGD,0.15,25.0,,31
0.1443014705882352,0.0598227474150664,0.3960880195599022,0.1039461020211742,0.8917688266199649,0.6039119804400978,SVM,none,34,PGD_eps0.15_it25,0.7837009803921569,PGD,0.15,25.0,,31
0.8333333333333334,0.2052401746724891,0.1149144254278728,0.1473354231974921,0.0637478108581436,0.8850855745721271,RF,none,34,PGD_eps0.15_it25,0.1295955882352941,PGD,0.15,25.0,,31
0.1455269607843137,0.0579494799405646,0.3814180929095354,0.1006127055788455,0.8882661996497373,0.6185819070904646,MLP,none,34,PGD_eps0.15_it25,0.8538602941176471,PGD,0.15,25.0,,31
0.1703431372549019,0.0869565217391304,0.5916870415647921,0.1516290726817042,0.8900175131348511,0.4083129584352078,LR,none,34,PGD_eps0.3_it10,0.7545955882352942,PGD,0.3,10.0,,31
0.1295955882352941,0.0435435435435435,0.2836185819070904,0.0754962577286039,0.8924693520140105,0.7163814180929096,SVM,none,34,PGD_eps0.3_it10,0.7984068627450981,PGD,0.3,10.0,,31
0.7686887254901961,0.0717821782178217,0.0709046454767726,0.071340713407134,0.1313485113835376,0.9290953545232272,RF,none,34,PGD_eps0.3_it10,0.1942401960784313,PGD,0.3,10.0,,31
0.1320465686274509,0.0433308214016578,0.2811735941320293,0.0750897812602024,0.8893169877408056,0.7188264058679706,MLP,none,34,PGD_eps0.3_it10,0.867953431372549,PGD,0.3,10.0,,31
0.1697303921568627,0.087486554320545,0.5965770171149144,0.1525953721075672,0.8914185639229422,0.4034229828850856,LR,none,34,PGD_eps0.3_it25,0.7552083333333334,PGD,0.3,25.0,,31
0.1295955882352941,0.0435435435435435,0.2836185819070904,0.0754962577286039,0.8924693520140105,0.7163814180929096,SVM,none,34,PGD_eps0.3_it25,0.7984068627450981,PGD,0.3,25.0,,31
0.7647058823529411,0.071599045346062,0.0733496332518337,0.072463768115942,0.1362521891418563,0.9266503667481664,RF,none,34,PGD_eps0.3_it25,0.1979166666666666,PGD,0.3,25.0,,31
0.1320465686274509,0.0433308214016578,0.2811735941320293,0.0750897812602024,0.8893169877408056,0.7188264058679706,MLP,none,34,PGD_eps0.3_it25,0.867953431372549,PGD,0.3,25.0,,31
0.1430759803921568,0.0590841949778434,0.39119804400978,0.1026628168110362,0.8924693520140105,0.60880195599022,LR,none,34,PGD_eps0.5_it10,0.7821691176470589,PGD,0.5,10.0,,31
0.1286764705882352,0.0424652386320932,0.2762836185819071,0.0736156351791531,0.8924693520140105,0.7237163814180929,SVM,none,34,PGD_eps0.5_it10,0.7993259803921569,PGD,0.5,10.0,,31
0.3229166666666667,0.0513203786746387,0.2518337408312958,0.0852649006622516,0.6669001751313485,0.7481662591687042,RF,none,34,PGD_eps0.5_it10,0.6305147058823529,PGD,0.5,10.0,,31
0.1317401960784313,0.0429702223897474,0.2787286063569682,0.0744611365120836,0.8893169877408056,0.7212713936430318,MLP,none,34,PGD_eps0.5_it10,0.8682598039215687,PGD,0.5,10.0,,31
0.1476715686274509,0.0639470782800441,0.4254278728606357,0.111182108626198,0.8921190893169877,0.5745721271393643,LR,none,34,PGD_eps0.5_it25,0.7775735294117647,PGD,0.5,25.0,,31
0.1286764705882352,0.0424652386320932,0.2762836185819071,0.0736156351791531,0.8924693520140105,0.7237163814180929,SVM,none,34,PGD_eps0.5_it25,0.7993259803921569,PGD,0.5,25.0,,31
0.3082107843137255,0.0527334300919206,0.2665036674816626,0.0880452342487883,0.6858143607705779,0.7334963325183375,RF,none,34,PGD_eps0.5_it25,0.6461397058823529,PGD,0.5,25.0,,31
0.1317401960784313,0.0429702223897474,0.2787286063569682,0.0744611365120836,0.8893169877408056,0.7212713936430318,MLP,none,34,PGD_eps0.5_it25,0.8682598039215687,PGD,0.5,25.0,,31
0.1308210784313725,0.0446361590397599,0.2909535452322738,0.0773983739837398,0.8921190893169877,0.7090464547677262,LR,none,34,PGD_eps0.75_it10,0.7947303921568627,PGD,0.75,10.0,,31
0.1292892156862745,0.0424971793907484,0.2762836185819071,0.0736636245110821,0.8917688266199649,0.7237163814180929,SVM,none,34,PGD_eps0.75_it10,0.7993259803921569,PGD,0.75,10.0,,31
0.1488970588235294,0.0438968040046207,0.2787286063569682,0.0758483033932135,0.8697022767075306,0.7212713936430318,RF,none,34,PGD_eps0.75_it10,0.8063725490196079,PGD,0.75,10.0,,31
0.1302083333333333,0.0428893905191873,0.2787286063569682,0.0743397456798174,0.8910683012259194,0.7212713936430318,MLP,none,34,PGD_eps0.75_it10,0.8697916666666666,PGD,0.75,10.0,,31
0.1271446078431372,0.0457930007446016,0.3007334963325183,0.0794830371567043,0.897723292469352,0.6992665036674817,LR,none,34,PGD_eps0.75_it25,0.7990196078431373,PGD,0.75,25.0,,31
0.1292892156862745,0.0424971793907484,0.2762836185819071,0.0736636245110821,0.8917688266199649,0.7237163814180929,SVM,none,34,PGD_eps0.75_it25,0.7993259803921569,PGD,0.75,25.0,,31
0.1504289215686274,0.0439814814814814,0.2787286063569682,0.0759746751082972,0.8679509632224168,0.7212713936430318,RF,none,34,PGD_eps0.75_it25,0.8048406862745098,PGD,0.75,25.0,,31
0.1299019607843137,0.0428732606242948,0.2787286063569682,0.074315514993481,0.8914185639229422,0.7212713936430318,MLP,none,34,PGD_eps0.75_it25,0.8700980392156863,PGD,0.75,25.0,,31
0.569546568627451,0.144793152639087,0.4963325183374083,0.2241855328547763,0.4199649737302977,0.5036674816625917,LR,none,34,CW_c0.0_it10,0.3265931372549019,CW,,10.0,0.0,31
0.3612132352941176,0.0233219567690557,0.1002444987775061,0.0378403322565759,0.601401050788091,0.8997555012224939,SVM,none,34,CW_c0.0_it10,0.5428921568627451,CW,,10.0,0.0,31
0.8731617647058824,0.4871794871794871,0.2322738386308068,0.314569536423841,0.0350262697022767,0.7677261613691931,RF,none,34,CW_c0.0_it10,0.0860906862745098,CW,,10.0,0.0,31
0.1314338235294117,0.0429540316503391,0.2787286063569682,0.0744368266405484,0.8896672504378283,0.7212713936430318,MLP,none,34,CW_c0.0_it10,0.8682598039215687,CW,,10.0,0.0,31
0.4757965686274509,0.1223897911832946,0.5158924205378973,0.1978434130332864,0.5299474605954466,0.4841075794621027,LR,none,34,CW_c0.5_it10,0.4252450980392157,CW,,10.0,0.5,31
0.2349877450980392,0.0335120643431635,0.1833740831295843,0.05666792595391,0.7576182136602452,0.8166259168704156,SVM,none,34,CW_c0.5_it10,0.6813725490196079,CW,,10.0,0.5,31
0.8691789215686274,0.45,0.1980440097799511,0.2750424448217317,0.0346760070052539,0.8019559902200489,RF,none,34,CW_c0.5_it10,0.0931372549019607,CW,,10.0,0.5,31
0.1277573529411764,0.041039156626506,0.2665036674816626,0.0711256117455138,0.8921190893169877,0.7334963325183375,MLP,none,34,CW_c0.5_it10,0.8722426470588235,CW,,10.0,0.5,31
0.8765318627450981,0.5075757575757576,0.491442542787286,0.4993788819875776,0.0683012259194395,0.508557457212714,LR,rf,15,clean,0.0,,,,,99
0.8869485294117647,0.5558659217877095,0.4865525672371638,0.5189048239895697,0.0556917688266199,0.5134474327628362,SVM,rf,15,clean,0.0,,,,,99
0.9099264705882352,0.639225181598063,0.6454767726161369,0.6423357664233577,0.0521891418563922,0.3545232273838631,RF,rf,15,clean,0.0,,,,,99
0.8560049019607843,0.4504065040650406,0.6772616136919315,0.541015625,0.1183887915936952,0.3227383863080684,MLP,rf,15,clean,0.0,,,,,99
0.2089460784313725,0.1084684684684684,0.7359413202933985,0.1890703517587939,0.8665499124343258,0.2640586797066014,LR,rf,15,FGSM_eps0.15,0.7172181372549019,FGSM,0.15,1.0,,99
0.1504289215686274,0.0546345139412208,0.3545232273838631,0.0946784198498204,0.8788091068301226,0.6454767726161369,SVM,rf,15,FGSM_eps0.15,0.7861519607843137,FGSM,0.15,1.0,,99
0.859375,0.1794871794871795,0.0342298288508557,0.0574948665297741,0.022416812609457,0.9657701711491442,RF,rf,15,FGSM_eps0.15,0.096813725490196,FGSM,0.15,1.0,,99
0.3520220588235294,0.1304159445407279,0.7359413202933985,0.2215679057784321,0.7029772329246935,0.2640586797066014,MLP,rf,15,FGSM_eps0.15,0.6443014705882353,FGSM,0.15,1.0,,99
0.1636029411764706,0.0712966383450314,0.4718826405867971,0.1238767650834403,0.8805604203152364,0.5281173594132029,LR,rf,15,FGSM_eps0.3,0.7653186274509803,FGSM,0.3,1.0,,99
0.1504289215686274,0.0546345139412208,0.3545232273838631,0.0946784198498204,0.8788091068301226,0.6454767726161369,SVM,rf,15,FGSM_eps0.3,0.7861519607843137,FGSM,0.3,1.0,,99
0.835171568627451,0.0489510489510489,0.0171149144254278,0.0253623188405797,0.0476357267950963,0.982885085574572,RF,rf,15,FGSM_eps0.3,0.1210171568627451,FGSM,0.3,1.0,,99
0.1887254901960784,0.0833643468552288,0.5476772616136919,0.1447028423772609,0.8626970227670753,0.452322738386308,MLP,rf,15,FGSM_eps0.3,0.8109681372549019,FGSM,0.3,1.0,,99
0.152267156862745,0.058095952023988,0.3789731051344743,0.1007474813129671,0.8802101576182136,0.6210268948655256,LR,rf,15,FGSM_eps0.5,0.7769607843137255,FGSM,0.5,1.0,,99
0.1504289215686274,0.0546345139412208,0.3545232273838631,0.0946784198498204,0.8788091068301226,0.6454767726161369,SVM,rf,15,FGSM_eps0.5,0.7861519607843137,FGSM,0.5,1.0,,99
0.7447916666666666,0.0527426160337552,0.0611246943765281,0.0566251415628539,0.1572679509632224,0.938875305623472,RF,rf,15,FGSM_eps0.5,0.213235294117647,FGSM,0.5,1.0,,99
0.1510416666666666,0.0563486100676183,0.3667481662591687,0.0976880494952784,0.8798598949211909,0.6332518337408313,MLP,rf,15,FGSM_eps0.5,0.8489583333333334,FGSM,0.5,1.0,,99
0.1528799019607843,0.0578078078078078,0.3765281173594132,0.1002277904328018,0.8791593695271454,0.6234718826405868,LR,rf,15,FGSM_eps0.75,0.7772671568627451,FGSM,0.75,1.0,,99
0.1504289215686274,0.0546345139412208,0.3545232273838631,0.0946784198498204,0.8788091068301226,0.6454767726161369,SVM,rf,15,FGSM_eps0.75,0.7861519607843137,FGSM,0.75,1.0,,99
0.2521446078431372,0.0472370766488413,0.2591687041564792,0.0799095363739163,0.748861646234676,0.7408312958435208,RF,rf,15,FGSM_eps0.75,0.7049632352941176,FGSM,0.75,1.0,,99
0.1501225490196078,0.0552839413313275,0.3594132029339853,0.0958279009126466,0.8798598949211909,0.6405867970660146,MLP,rf,15,FGSM_eps0.75,0.8498774509803921,FGSM,0.75,1.0,,99
0.2083333333333333,0.1095152603231597,0.7457212713936431,0.1909830932999373,0.8686514886164624,0.254278728606357,LR,rf,15,PGD_eps0.15_it10,0.7181372549019608,PGD,0.15,10.0,,99
0.1479779411764706,0.0544703230653643,0.3545232273838631,0.0944317811787691,0.8816112084063047,0.6454767726161369,SVM,rf,15,PGD_eps0.15_it10,0.7886029411764706,PGD,0.15,10.0,,99
0.8670343137254902,0.3831775700934579,0.1002444987775061,0.1589147286821705,0.0231173380035026,0.8997555012224939,RF,rf,15,PGD_eps0.15_it10,0.0894607843137254,PGD,0.15,10.0,,99
0.3268995098039216,0.1259414225941422,0.7359413202933985,0.2150768131475527,0.7316987740805604,0.2640586797066014,MLP,rf,15,PGD_eps0.15_it10,0.6706495098039216,PGD,0.15,10.0,,99
0.2089460784313725,0.109593963348904,0.7457212713936431,0.1911027568922305,0.8679509632224168,0.254278728606357,LR,rf,15,PGD_eps0.15_it25,0.7178308823529411,PGD,0.15,25.0,,99
0.1485906862745098,0.0548459804658151,0.3569682151589242,0.095083034842071,0.8812609457092819,0.6430317848410758,SVM,rf,15,PGD_eps0.15_it25,0.7879901960784313,PGD,0.15,25.0,,99
0.8670343137254902,0.3853211009174312,0.1026894865525672,0.1621621621621621,0.0234676007005253,0.8973105134474327,RF,rf,15,PGD_eps0.15_it25,0.0891544117647058,PGD,0.15,25.0,,99
0.3293504901960784,0.1263643996641477,0.7359413202933985,0.2156932998925116,0.7288966725043783,0.2640586797066014,MLP,rf,15,PGD_eps0.15_it25,0.6681985294117647,PGD,0.15,25.0,,99
0.1721813725490196,0.0829392506365951,0.5574572127139364,0.1443951868271057,0.8830122591943957,0.4425427872860635,LR,rf,15,PGD_eps0.3_it10,0.7567401960784313,PGD,0.3,10.0,,99
0.1479779411764706,0.0544703230653643,0.3545232273838631,0.0944317811787691,0.8816112084063047,0.6454767726161369,SVM,rf,15,PGD_eps0.3_it10,0.7886029411764706,PGD,0.3,10.0,,99
0.8290441176470589,0.0484848484848484,0.0195599022004889,0.0278745644599303,0.0549912434325744,0.980440097799511,RF,rf,15,PGD_eps0.3_it10,0.1277573529411764,PGD,0.3,10.0,,99
0.1666666666666666,0.0693253820350354,0.4547677261613692,0.1203104786545925,0.8746059544658494,0.5452322738386308,MLP,rf,15,PGD_eps0.3_it10,0.8330269607843137,PGD,0.3,10.0,,99
0.1746323529411764,0.0856002901704751,0.5770171149144254,0.1490840176879343,0.8830122591943957,0.4229828850855746,LR,rf,15,PGD_eps0.3_it25,0.7542892156862745,PGD,0.3,25.0,,99
0.1470588235294117,0.0544090056285178,0.3545232273838631,0.0943396226415094,0.882661996497373,0.6454767726161369,SVM,rf,15,PGD_eps0.3_it25,0.7895220588235294,PGD,0.3,25.0,,99
0.8272058823529411,0.0467836257309941,0.0195599022004889,0.0275862068965517,0.057092819614711,0.980440097799511,RF,rf,15,PGD_eps0.3_it25,0.1289828431372549,PGD,0.3,25.0,,99
0.1654411764705882,0.0682581126445356,0.4474327628361858,0.1184466019417475,0.8749562171628722,0.5525672371638142,MLP,rf,15,PGD_eps0.3_it25,0.8342524509803921,PGD,0.3,25.0,,99
0.1537990196078431,0.0628019323671497,0.4132029339853301,0.1090322580645161,0.8833625218914186,0.58679706601467,LR,rf,15,PGD_eps0.5_it10,0.7751225490196079,PGD,0.5,10.0,,99
0.1476715686274509,0.0551181102362204,0.3594132029339853,0.0955786736020806,0.882661996497373,0.6405867970660146,SVM,rf,15,PGD_eps0.5_it10,0.7895220588235294,PGD,0.5,10.0,,99
0.7643995098039216,0.0287958115183246,0.0268948655256723,0.0278128950695322,0.1299474605954466,0.9731051344743276,RF,rf,15,PGD_eps0.5_it10,0.1911764705882352,PGD,0.5,10.0,,99
0.1498161764705882,0.0552631578947368,0.3594132029339853,0.0957966764418377,0.8802101576182136,0.6405867970660146,MLP,rf,15,PGD_eps0.5_it10,0.8501838235294118,PGD,0.5,10.0,,99
0.1556372549019608,0.0648869113830181,0.4278728606356968,0.1126851255634256,0.8833625218914186,0.5721271393643031,LR,rf,15,PGD_eps0.5_it25,0.7732843137254902,PGD,0.5,25.0,,99
0.1470588235294117,0.0554099588169225,0.3618581907090464,0.0961038961038961,0.8837127845884414,0.6381418092909535,SVM,rf,15,PGD_eps0.5_it25,0.7904411764705882,PGD,0.5,25.0,,99
0.7460171568627451,0.03125,0.0342298288508557,0.0326721120186697,0.1520140105078809,0.9657701711491442,RF,rf,15,PGD_eps0.5_it25,0.2092524509803921,PGD,0.5,25.0,,99
0.1498161764705882,0.0552631578947368,0.3594132029339853,0.0957966764418377,0.8802101576182136,0.6405867970660146,MLP,rf,15,PGD_eps0.5_it25,0.8501838235294118,PGD,0.5,25.0,,99
0.1501225490196078,0.0576131687242798,0.3765281173594132,0.099935107073329,0.8823117338003502,0.6234718826405868,LR,rf,15,PGD_eps0.75_it10,0.7800245098039216,PGD,0.75,10.0,,99
0.1455269607843137,0.0549738219895288,0.3594132029339853,0.0953616607200778,0.8851138353765324,0.6405867970660146,SVM,rf,15,PGD_eps0.75_it10,0.7916666666666666,PGD,0.75,10.0,,99
0.5150122549019608,0.04140625,0.1295843520782396,0.0627590290112492,0.4297723292469352,0.8704156479217604,RF,rf,15,PGD_eps0.75_it10,0.4417892156862745,PGD,0.75,10.0,,99
0.1488970588235294,0.0552009012392039,0.3594132029339853,0.095703125,0.8812609457092819,0.6405867970660146,MLP,rf,15,PGD_eps0.75_it10,0.8511029411764706,PGD,0.75,10.0,,99
0.1516544117647058,0.0593726661687826,0.3887530562347188,0.1030126336248785,0.8823117338003502,0.6112469437652812,LR,rf,15,PGD_eps0.75_it25,0.7781862745098039,PGD,0.75,25.0,,99
0.1455269607843137,0.0553064275037369,0.3618581907090464,0.0959481361426256,0.8854640980735552,0.6381418092909535,SVM,rf,15,PGD_eps0.75_it25,0.7919730392156863,PGD,0.75,25.0,,99
0.3161764705882353,0.0458395615346288,0.2249388753056234,0.076158940397351,0.670753064798599,0.7750611246943765,RF,rf,15,PGD_eps0.75_it25,0.6403186274509803,PGD,0.75,25.0,,99
0.1488970588235294,0.0552009012392039,0.3594132029339853,0.095703125,0.8812609457092819,0.6405867970660146,MLP,rf,15,PGD_eps0.75_it25,0.8511029411764706,PGD,0.75,25.0,,99
0.2432598039215686,0.0505887483645878,0.2836185819070904,0.0858623242042931,0.762521891418564,0.7163814180929096,LR,rf,15,CW_c0.0_it10,0.6685049019607843,CW,,10.0,0.0,99
0.1924019607843137,0.0442079410560785,0.2640586797066014,0.0757363253856942,0.8178633975481612,0.7359413202933985,SVM,rf,15,CW_c0.0_it10,0.734375,CW,,10.0,0.0,99
0.8409926470588235,0.1014492753623188,0.0342298288508557,0.0511882998171846,0.0434325744308231,0.9657701711491442,RF,rf,15,CW_c0.0_it10,0.1127450980392156,CW,,10.0,0.0,99
0.1482843137254902,0.0511170011359333,0.3300733496332518,0.0885245901639344,0.8777583187390543,0.6699266503667481,MLP,rf,15,CW_c0.0_it10,0.8517156862745098,CW,,10.0,0.0,99
0.1541053921568627,0.0568952524491333,0.3691931540342298,0.098596147567744,0.876707530647986,0.6308068459657702,LR,rf,15,CW_c0.5_it10,0.7705269607843137,CW,,10.0,0.5,99
0.1464460784313725,0.0503216042376087,0.3251833740831296,0.0871559633027523,0.8791593695271454,0.6748166259168704,SVM,rf,15,CW_c0.5_it10,0.7901348039215687,CW,,10.0,0.5,99
0.8452818627450981,0.0555555555555555,0.0146699266503667,0.02321083172147,0.0357267950963222,0.9853300733496332,RF,rf,15,CW_c0.5_it10,0.110906862745098,CW,,10.0,0.5,99
0.1443014705882352,0.0498489425981873,0.3227383863080684,0.0863591756624141,0.8812609457092819,0.6772616136919315,MLP,rf,15,CW_c0.5_it10,0.8556985294117647,CW,,10.0,0.5,99
0.8756127450980392,0.5037783375314862,0.4889975550122249,0.4962779156327543,0.0690017513134851,0.511002444987775,LR,mi,30,clean,0.0,,,,,99
0.883578431372549,0.5392953929539296,0.4865525672371638,0.5115681233933161,0.0595446584938704,0.5134474327628362,SVM,mi,30,clean,0.0,,,,,99
0.9151348039215688,0.6586538461538461,0.6699266503667481,0.6642424242424242,0.0497373029772329,0.3300733496332518,RF,mi,30,clean,0.0,,,,,99
0.8609068627450981,0.4628099173553719,0.684596577017115,0.5522682445759369,0.1138353765323993,0.3154034229828851,MLP,mi,30,clean,0.0,,,,,99
0.3584558823529412,0.1293444786625605,0.7188264058679706,0.2192393736017897,0.693169877408056,0.2811735941320293,LR,mi,30,FGSM_eps0.15,0.5597426470588235,FGSM,0.15,1.0,,99
0.1510416666666666,0.0625925925925925,0.4132029339853301,0.1087166291412029,0.8865148861646235,0.58679706601467,SVM,mi,30,FGSM_eps0.15,0.7870710784313726,FGSM,0.15,1.0,,99
0.8722426470588235,0.481651376146789,0.2567237163814181,0.3349282296650718,0.0395796847635726,0.7432762836185819,RF,mi,30,FGSM_eps0.15,0.0870098039215686,FGSM,0.15,1.0,,99
0.1985294117647058,0.0890130353817504,0.5843520782396088,0.1544925662572721,0.8567425569176883,0.4156479217603912,MLP,mi,30,FGSM_eps0.15,0.8002450980392157,FGSM,0.15,1.0,,99
0.2852328431372549,0.1200631911532385,0.7432762836185819,0.2067324039442366,0.7803852889667251,0.2567237163814181,LR,mi,30,FGSM_eps0.3,0.6400122549019608,FGSM,0.3,1.0,,99
0.1427696078431372,0.0531238309016086,0.3471882640586797,0.0921479558728098,0.8865148861646235,0.6528117359413202,SVM,mi,30,FGSM_eps0.3,0.7953431372549019,FGSM,0.3,1.0,,99
0.8241421568627451,0.2461538461538461,0.19559902200489,0.217983651226158,0.0858143607705779,0.80440097799511,RF,mi,30,FGSM_eps0.3,0.1369485294117647,FGSM,0.3,1.0,,99
0.1452205882352941,0.0552857676503548,0.3618581907090464,0.0959170447180816,0.885814360770578,0.6381418092909535,MLP,mi,30,FGSM_eps0.3,0.8541666666666666,FGSM,0.3,1.0,,99
0.2591911764705882,0.1086871834826646,0.6821515892420538,0.1875,0.8014010507880911,0.3178484107579462,LR,mi,30,FGSM_eps0.5,0.6672794117647058,FGSM,0.5,1.0,,99
0.1433823529411764,0.0531636091351553,0.3471882640586797,0.0922077922077922,0.885814360770578,0.6528117359413202,SVM,mi,30,FGSM_eps0.5,0.7953431372549019,FGSM,0.5,1.0,,99
0.6041666666666666,0.0633036597428288,0.1564792176039119,0.0901408450704225,0.3316987740805604,0.843520782396088,RF,mi,30,FGSM_eps0.5,0.3511029411764705,FGSM,0.5,1.0,,99
0.1443014705882352,0.0535580524344569,0.3496332518337408,0.0928873010717765,0.8851138353765324,0.6503667481662592,MLP,mi,30,FGSM_eps0.5,0.8556985294117647,FGSM,0.5,1.0,,99
0.2356004901960784,0.0893700787401574,0.5550122249388753,0.153950491692099,0.8101576182136603,0.4449877750611247,LR,mi,30,FGSM_eps0.75,0.6911764705882353,FGSM,0.75,1.0,,99
0.1433823529411764,0.0531636091351553,0.3471882640586797,0.0922077922077922,0.885814360770578,0.6528117359413202,SVM,mi,30,FGSM_eps0.75,0.7953431372549019,FGSM,0.75,1.0,,99
0.1458333333333333,0.053323319564401,0.3471882640586797,0.0924479166666666,0.8830122591943957,0.6528117359413202,RF,mi,30,FGSM_eps0.75,0.8097426470588235,FGSM,0.75,1.0,,99
0.1443014705882352,0.0535580524344569,0.3496332518337408,0.0928873010717765,0.8851138353765324,0.6503667481662592,MLP,mi,30,FGSM_eps0.75,0.8556985294117647,FGSM,0.75,1.0,,99
0.2555147058823529,0.1156333206542411,0.7432762836185819,0.2001316655694535,0.8143607705779334,0.2567237163814181,LR,mi,30,PGD_eps0.15_it10,0.6660539215686274,PGD,0.15,10.0,,99
0.1485906862745098,0.0598068350668647,0.393643031784841,0.1038374717832957,0.8865148861646235,0.6063569682151589,SVM,mi,30,PGD_eps0.15_it10,0.7895220588235294,PGD,0.15,10.0,,99
0.8792892156862745,0.5392670157068062,0.2518337408312958,0.3433333333333333,0.0308231173380035,0.7481662591687042,RF,mi,30,PGD_eps0.15_it10,0.079656862745098,PGD,0.15,10.0,,99
0.1801470588235294,0.0794063079777365,0.5232273838630807,0.1378865979381443,0.8690017513134851,0.4767726161369193,MLP,mi,30,PGD_eps0.15_it10,0.8192401960784313,PGD,0.15,10.0,,99
0.2552083333333333,0.1161731207289293,0.7481662591687042,0.2011173184357542,0.8154115586690017,0.2518337408312958,LR,mi,30,PGD_eps0.15_it25,0.6669730392156863,PGD,0.15,25.0,,99
0.1482843137254902,0.0594574507617985,0.39119804400978,0.1032258064516129,0.8865148861646235,0.60880195599022,SVM,mi,30,PGD_eps0.15_it25,0.789828431372549,PGD,0.15,25.0,,99
0.8795955882352942,0.5416666666666666,0.254278728606357,0.346089850249584,0.0308231173380035,0.7457212713936431,RF,mi,30,PGD_eps0.15_it25,0.0799632352941176,PGD,0.15,25.0,,99
0.1798406862745098,0.08,0.5281173594132029,0.1389514313284014,0.8700525394045534,0.4718826405867971,MLP,mi,30,PGD_eps0.15_it25,0.819546568627451,PGD,0.15,25.0,,99
0.2000612745098039,0.1067857142857142,0.7310513447432763,0.1863508881271424,0.8760070052539405,0.2689486552567237,LR,mi,30,PGD_eps0.3_it10,0.7248774509803921,PGD,0.3,10.0,,99
0.1427696078431372,0.0531238309016086,0.3471882640586797,0.0921479558728098,0.8865148861646235,0.6528117359413202,SVM,mi,30,PGD_eps0.3_it10,0.7953431372549019,PGD,0.3,10.0,,99
0.8449754901960784,0.3249097472924188,0.2200488997555012,0.2623906705539358,0.0654991243432574,0.7799511002444988,RF,mi,30,PGD_eps0.3_it10,0.1151960784313725,PGD,0.3,10.0,,99
0.1449142156862745,0.0549327354260089,0.3594132029339853,0.0952998379254457,0.885814360770578,0.6405867970660146,MLP,mi,30,PGD_eps0.3_it10,0.8544730392156863,PGD,0.3,10.0,,99
0.2037377450980392,0.1072453371592539,0.7310513447432763,0.1870503597122302,0.8718038528896672,0.2689486552567237,LR,mi,30,PGD_eps0.3_it25,0.7212009803921569,PGD,0.3,25.0,,99
0.1427696078431372,0.0531238309016086,0.3471882640586797,0.0921479558728098,0.8865148861646235,0.6528117359413202,SVM,mi,30,PGD_eps0.3_it25,0.7953431372549019,PGD,0.3,25.0,,99
0.8434436274509803,0.3191489361702128,0.2200488997555012,0.260492040520984,0.0672504378283712,0.7799511002444988,RF,mi,30,PGD_eps0.3_it25,0.1167279411764705,PGD,0.3,25.0,,99
0.1449142156862745,0.0549327354260089,0.3594132029339853,0.0952998379254457,0.885814360770578,0.6405867970660146,MLP,mi,30,PGD_eps0.3_it25,0.8544730392156863,PGD,0.3,25.0,,99
0.1746323529411764,0.0938499822253821,0.6454767726161369,0.1638733705772811,0.8928196147110333,0.3545232273838631,LR,mi,30,PGD_eps0.5_it10,0.7521446078431373,PGD,0.5,10.0,,99
0.1433823529411764,0.0531636091351553,0.3471882640586797,0.0922077922077922,0.885814360770578,0.6528117359413202,SVM,mi,30,PGD_eps0.5_it10,0.7953431372549019,PGD,0.5,10.0,,99
0.6899509803921569,0.0864197530864197,0.1540342298288508,0.1107205623901581,0.2332749562171628,0.8459657701711492,RF,mi,30,PGD_eps0.5_it10,0.2708333333333333,PGD,0.5,10.0,,99
0.1443014705882352,0.0535580524344569,0.3496332518337408,0.0928873010717765,0.8851138353765324,0.6503667481662592,MLP,mi,30,PGD_eps0.5_it10,0.8556985294117647,PGD,0.5,10.0,,99
0.173406862745098,0.0916874777024616,0.628361858190709,0.160024906600249,0.8917688266199649,0.3716381418092909,LR,mi,30,PGD_eps0.5_it25,0.7539828431372549,PGD,0.5,25.0,,99
0.1433823529411764,0.0531636091351553,0.3471882640586797,0.0922077922077922,0.885814360770578,0.6528117359413202,SVM,mi,30,PGD_eps0.5_it25,0.7953431372549019,PGD,0.5,25.0,,99
0.6920955882352942,0.080281690140845,0.1393643031784841,0.1018766756032171,0.2287215411558669,0.8606356968215159,RF,mi,30,PGD_eps0.5_it25,0.267156862745098,PGD,0.5,25.0,,99
0.1443014705882352,0.0535580524344569,0.3496332518337408,0.0928873010717765,0.8851138353765324,0.6503667481662592,MLP,mi,30,PGD_eps0.5_it25,0.8556985294117647,PGD,0.5,25.0,,99
0.1691176470588235,0.0844460483579935,0.5721271393643031,0.1471698113207547,0.8886164623467601,0.4278728606356968,LR,mi,30,PGD_eps0.75_it10,0.7616421568627451,PGD,0.75,10.0,,99
0.1433823529411764,0.0531636091351553,0.3471882640586797,0.0922077922077922,0.885814360770578,0.6528117359413202,SVM,mi,30,PGD_eps0.75_it10,0.7953431372549019,PGD,0.75,10.0,,99
0.1470588235294117,0.0554099588169225,0.3618581907090464,0.0961038961038961,0.8837127845884414,0.6381418092909535,RF,mi,30,PGD_eps0.75_it10,0.8082107843137255,PGD,0.75,10.0,,99
0.1443014705882352,0.0535580524344569,0.3496332518337408,0.0928873010717765,0.8851138353765324,0.6503667481662592,MLP,mi,30,PGD_eps0.75_it10,0.8556985294117647,PGD,0.75,10.0,,99
0.1660539215686274,0.0829426613775694,0.5623471882640587,0.1445631678189817,0.8907180385288966,0.4376528117359413,LR,mi,30,PGD_eps0.75_it25,0.7625612745098039,PGD,0.75,25.0,,99
0.1433823529411764,0.0531636091351553,0.3471882640586797,0.0922077922077922,0.885814360770578,0.6528117359413202,SVM,mi,30,PGD_eps0.75_it25,0.7953431372549019,PGD,0.75,25.0,,99
0.1464460784313725,0.0550355672032946,0.3594132029339853,0.0954545454545454,0.8840630472854641,0.6405867970660146,RF,mi,30,PGD_eps0.75_it25,0.8091299019607843,PGD,0.75,25.0,,99
0.1443014705882352,0.0535580524344569,0.3496332518337408,0.0928873010717765,0.8851138353765324,0.6503667481662592,MLP,mi,30,PGD_eps0.75_it25,0.8556985294117647,PGD,0.75,25.0,,99
0.4834558823529412,0.1276967930029154,0.5354523227383863,0.2062146892655367,0.5239929947460595,0.4645476772616136,LR,mi,30,CW_c0.0_it10,0.4074754901960784,CW,,10.0,0.0,99
0.3011642156862745,0.035253227408143,0.1735941320293398,0.0586050350804787,0.6805604203152364,0.8264058679706602,SVM,mi,30,CW_c0.0_it10,0.6121323529411765,CW,,10.0,0.0,99
0.8903186274509803,0.6834532374100719,0.2322738386308068,0.3467153284671533,0.0154115586690017,0.7677261613691931,RF,mi,30,CW_c0.0_it10,0.0670955882352941,CW,,10.0,0.0,99
0.1430759803921568,0.0507900677200902,0.3300733496332518,0.0880339093576785,0.8837127845884414,0.6699266503667481,MLP,mi,30,CW_c0.0_it10,0.8563112745098039,CW,,10.0,0.0,99
0.3900122549019608,0.1167635658914728,0.589242053789731,0.1949049737161342,0.6385288966725043,0.4107579462102689,LR,mi,30,CW_c0.5_it10,0.5091911764705882,CW,,10.0,0.5,99
0.1899509803921568,0.0513849859494179,0.3129584352078239,0.0882758620689655,0.8276707530647986,0.687041564792176,SVM,mi,30,CW_c0.5_it10,0.7438725490196079,CW,,10.0,0.5,99
0.8909313725490197,0.7345132743362832,0.2029339853300733,0.318007662835249,0.010507880910683,0.7970660146699267,RF,mi,30,CW_c0.5_it10,0.0670955882352941,CW,,10.0,0.5,99
0.1412377450980392,0.05,0.3251833740831296,0.086673183447377,0.8851138353765324,0.6748166259168704,MLP,mi,30,CW_c0.5_it10,0.8584558823529411,CW,,10.0,0.5,99
0.8756127450980392,0.5037783375314862,0.4889975550122249,0.4962779156327543,0.0690017513134851,0.511002444987775,LR,none,34,clean,0.0,,,,,99
0.883578431372549,0.5392953929539296,0.4865525672371638,0.5115681233933161,0.0595446584938704,0.5134474327628362,SVM,none,34,clean,0.0,,,,,99
0.9096200980392156,0.6350710900473934,0.6552567237163814,0.6450060168471721,0.0539404553415061,0.3447432762836185,RF,none,34,clean,0.0,,,,,99
0.8805147058823529,0.5178236397748592,0.6748166259168704,0.5859872611464968,0.0900175131348511,0.3251833740831296,MLP,none,34,clean,0.0,,,,,99
0.2711397058823529,0.1161340607950116,0.7286063569682152,0.2003361344537815,0.7943957968476357,0.2713936430317848,LR,none,34,FGSM_eps0.15,0.6467524509803921,FGSM,0.15,1.0,,99
0.1409313725490196,0.0718627100464783,0.491442542787286,0.1253898939488459,0.9092819614711032,0.508557457212714,SVM,none,34,FGSM_eps0.15,0.7950367647058824,FGSM,0.15,1.0,,99
0.8707107843137255,0.4758364312267658,0.3129584352078239,0.3775811209439528,0.0493870402802101,0.687041564792176,RF,none,34,FGSM_eps0.15,0.0873161764705882,FGSM,0.15,1.0,,99
0.2037377450980392,0.0914179104477612,0.5990220048899756,0.1586273875040466,0.8528896672504378,0.4009779951100244,MLP,none,34,FGSM_eps0.15,0.7959558823529411,FGSM,0.15,1.0,,99
0.1783088235294117,0.1066112841813776,0.7530562347188264,0.1867798665858095,0.904028021015762,0.2469437652811736,LR,none,34,FGSM_eps0.3,0.7512254901960784,FGSM,0.3,1.0,,99
0.1243872549019607,0.0535909588042289,0.3594132029339853,0.0932741116751269,0.9092819614711032,0.6405867970660146,SVM,none,34,FGSM_eps0.3,0.8115808823529411,FGSM,0.3,1.0,,99
0.8308823529411765,0.2196078431372549,0.1369193154034229,0.1686746987951807,0.0697022767075306,0.863080684596577,RF,none,34,FGSM_eps0.3,0.1274509803921568,FGSM,0.3,1.0,,99
0.1314338235294117,0.0585880640465793,0.393643031784841,0.1019955654101995,0.9061295971978984,0.6063569682151589,MLP,none,34,FGSM_eps0.3,0.8685661764705882,FGSM,0.3,1.0,,99
0.1550245098039215,0.0860063447303489,0.5965770171149144,0.1503388786198398,0.908231173380035,0.4034229828850856,LR,none,34,FGSM_eps0.5,0.7751225490196079,FGSM,0.5,1.0,,99
0.1240808823529411,0.0532458059810357,0.3569682151589242,0.0926689939701682,0.9092819614711032,0.6430317848410758,SVM,none,34,FGSM_eps0.5,0.8118872549019608,FGSM,0.5,1.0,,99
0.7270220588235294,0.0711743772241993,0.097799511002445,0.082389289392379,0.1828371278458844,0.902200488997555,RF,none,34,FGSM_eps0.5,0.2294730392156862,FGSM,0.5,1.0,,99
0.1271446078431372,0.0563636363636363,0.3789731051344743,0.0981323203545425,0.9089316987740804,0.6210268948655256,MLP,none,34,FGSM_eps0.5,0.8728553921568627,FGSM,0.5,1.0,,99
0.1455269607843137,0.0759087669280114,0.5207823960880196,0.1325038880248833,0.908231173380035,0.4792176039119804,LR,none,34,FGSM_eps0.75,0.7852328431372549,FGSM,0.75,1.0,,99
0.1246936274509804,0.0532846715328467,0.3569682151589242,0.0927278501111464,0.9085814360770578,0.6430317848410758,SVM,none,34,FGSM_eps0.75,0.8118872549019608,FGSM,0.75,1.0,,99
0.1948529411764706,0.0560224089635854,0.3422982885085575,0.0962861072902338,0.8262697022767075,0.6577017114914425,RF,none,34,FGSM_eps0.75,0.7579656862745098,FGSM,0.75,1.0,,99
0.1274509803921568,0.0563841396871589,0.3789731051344743,0.0981633945535148,0.9085814360770578,0.6210268948655256,MLP,none,34,FGSM_eps0.75,0.8725490196078431,FGSM,0.75,1.0,,99
0.2356004901960784,0.1151291512915129,0.7628361858190709,0.2000641231163834,0.8399299474605955,0.2371638141809291,LR,none,34,PGD_eps0.15_it10,0.6936274509803921,PGD,0.15,10.0,,99
0.1378676470588235,0.0691508419921175,0.4718826405867971,0.120625,0.9099824868651488,0.5281173594132029,SVM,none,34,PGD_eps0.15_it10,0.7981004901960784,PGD,0.15,10.0,,99
0.8606004901960784,0.4190140845070422,0.2909535452322738,0.3434343434343434,0.0577933450087565,0.7090464547677262,RF,none,34,PGD_eps0.15_it10,0.0980392156862745,PGD,0.15,10.0,,99
0.1798406862745098,0.0821665438467207,0.5452322738386308,0.1428113992955491,0.8725043782837127,0.4547677261613692,MLP,none,34,PGD_eps0.15_it10,0.8201593137254902,PGD,0.15,10.0,,99
0.2371323529411764,0.1150573436921938,0.7603911980440098,0.1998714652956298,0.8378283712784589,0.2396088019559902,LR,none,34,PGD_eps0.15_it25,0.6914828431372549,PGD,0.15,25.0,,99
0.1375612745098039,0.0688172043010752,0.4694376528117359,0.1200375117224132,0.9099824868651488,0.530562347188264,SVM,none,34,PGD_eps0.15_it25,0.7984068627450981,PGD,0.15,25.0,,99
0.8609068627450981,0.4199288256227758,0.2885085574572127,0.3420289855072463,0.057092819614711,0.7114914425427873,RF,none,34,PGD_eps0.15_it25,0.0971200980392156,PGD,0.15,25.0,,99
0.1816789215686274,0.082039911308204,0.5427872860635696,0.1425361155698234,0.8700525394045534,0.4572127139364303,MLP,none,34,PGD_eps0.15_it25,0.8180147058823529,PGD,0.15,25.0,,99
0.1773897058823529,0.1018194541637508,0.7114914425427873,0.1781450872359963,0.8991243432574431,0.2885085574572127,LR,none,34,PGD_eps0.3_it10,0.7527573529411765,PGD,0.3,10.0,,99
0.1237745098039215,0.0538769566800145,0.3618581907090464,0.0937896070975918,0.9103327495621716,0.6381418092909535,SVM,none,34,PGD_eps0.3_it10,0.8121936274509803,PGD,0.3,10.0,,99
0.8057598039215687,0.1983914209115281,0.1809290953545232,0.1892583120204603,0.1047285464098073,0.8190709046454768,RF,none,34,PGD_eps0.3_it10,0.1528799019607843,PGD,0.3,10.0,,99
0.1262254901960784,0.05403431909456,0.3618581907090464,0.0940279542566709,0.9075306479859896,0.6381418092909535,MLP,none,34,PGD_eps0.3_it10,0.8737745098039216,PGD,0.3,10.0,,99
0.1770833333333333,0.099260823653643,0.6894865525672371,0.1735384615384615,0.896322241681261,0.3105134474327628,LR,none,34,PGD_eps0.3_it25,0.7530637254901961,PGD,0.3,25.0,,99
0.1237745098039215,0.0538769566800145,0.3618581907090464,0.0937896070975918,0.9103327495621716,0.6381418092909535,SVM,none,34,PGD_eps0.3_it25,0.8121936274509803,PGD,0.3,25.0,,99
0.7815563725490197,0.1793248945147679,0.2078239608801956,0.1925254813137032,0.1362521891418563,0.7921760391198044,RF,none,34,PGD_eps0.3_it25,0.1770833333333333,PGD,0.3,25.0,,99
0.1259191176470588,0.0540145985401459,0.3618581907090464,0.0939980946332169,0.9078809106830122,0.6381418092909535,MLP,none,34,PGD_eps0.3_it25,0.8740808823529411,PGD,0.3,25.0,,99
0.1378676470588235,0.0666666666666666,0.452322738386308,0.1162060301507537,0.9071803852889668,0.5476772616136919,LR,none,34,PGD_eps0.5_it10,0.7925857843137255,PGD,0.5,10.0,,99
0.1237745098039215,0.0532263944586219,0.3569682151589242,0.0926395939086294,0.909632224168126,0.6430317848410758,SVM,none,34,PGD_eps0.5_it10,0.8128063725490197,PGD,0.5,10.0,,99
0.6210171568627451,0.0660377358490566,0.1540342298288508,0.0924431401320616,0.3120840630472855,0.8459657701711492,RF,none,34,PGD_eps0.5_it10,0.3345588235294117,PGD,0.5,10.0,,99
0.1246936274509804,0.0536105032822757,0.3594132029339853,0.0933037131069501,0.9089316987740804,0.6405867970660146,MLP,none,34,PGD_eps0.5_it10,0.8753063725490197,PGD,0.5,10.0,,99
0.1357230392156862,0.0636758321273516,0.4303178484107579,0.1109360226914591,0.9064798598949212,0.5696821515892421,LR,none,34,PGD_eps0.5_it25,0.7947303921568627,PGD,0.5,25.0,,99
0.1237745098039215,0.0532263944586219,0.3569682151589242,0.0926395939086294,0.909632224168126,0.6430317848410758,SVM,none,34,PGD_eps0.5_it25,0.8128063725490197,PGD,0.5,25.0,,99
0.5453431372549019,0.0654810024252223,0.1980440097799511,0.0984204131227217,0.4049036777583187,0.8019559902200489,RF,none,34,PGD_eps0.5_it25,0.4074754901960784,PGD,0.5,25.0,,99
0.1246936274509804,0.0536105032822757,0.3594132029339853,0.0933037131069501,0.9089316987740804,0.6405867970660146,MLP,none,34,PGD_eps0.5_it25,0.8753063725490197,PGD,0.5,25.0,,99
0.1314338235294117,0.0598693759071117,0.4034229828850856,0.1042654028436018,0.9075306479859896,0.5965770171149144,LR,none,34,PGD_eps0.75_it10,0.7993259803921569,PGD,0.75,10.0,,99
0.1237745098039215,0.0532263944586219,0.3569682151589242,0.0926395939086294,0.909632224168126,0.6430317848410758,SVM,none,34,PGD_eps0.75_it10,0.8128063725490197,PGD,0.75,10.0,,99
0.2650122549019608,0.0522052205220522,0.2836185819070904,0.0881793994678829,0.7376532399299475,0.7163814180929096,RF,none,34,PGD_eps0.75_it10,0.6893382352941176,PGD,0.75,10.0,,99
0.1246936274509804,0.0536105032822757,0.3594132029339853,0.0933037131069501,0.9089316987740804,0.6405867970660146,MLP,none,34,PGD_eps0.75_it10,0.8753063725490197,PGD,0.75,10.0,,99
0.1286764705882352,0.0561429092234779,0.3765281173594132,0.0977157360406091,0.906830122591944,0.6234718826405868,LR,none,34,PGD_eps0.75_it25,0.8020833333333334,PGD,0.75,25.0,,99
0.1237745098039215,0.0532263944586219,0.3569682151589242,0.0926395939086294,0.909632224168126,0.6430317848410758,SVM,none,34,PGD_eps0.75_it25,0.8128063725490197,PGD,0.75,25.0,,99
0.189031862745098,0.0559523809523809,0.3447432762836185,0.096278593376579,0.8332749562171629,0.6552567237163814,RF,none,34,PGD_eps0.75_it25,0.7634803921568627,PGD,0.75,25.0,,99
0.1246936274509804,0.0536105032822757,0.3594132029339853,0.0933037131069501,0.9089316987740804,0.6405867970660146,MLP,none,34,PGD_eps0.75_it25,0.8753063725490197,PGD,0.75,25.0,,99
0.4325980392156863,0.1172413793103448,0.5403422982885085,0.1926765475152572,0.5828371278458844,0.4596577017114914,LR,none,34,CW_c0.0_it10,0.4589460784313725,CW,,10.0,0.0,99
0.2450980392156862,0.0344358858178522,0.1858190709046454,0.0581039755351682,0.7464098073555167,0.8141809290953546,SVM,none,34,CW_c0.0_it10,0.6642156862745098,CW,,10.0,0.0,99
0.8504901960784313,0.3633217993079585,0.2567237163814181,0.3008595988538682,0.0644483362521891,0.7432762836185819,RF,none,34,CW_c0.0_it10,0.1047794117647058,CW,,10.0,0.0,99
0.1216299019607843,0.0494868035190615,0.3300733496332518,0.0860694931463181,0.908231173380035,0.6699266503667481,MLP,none,34,CW_c0.0_it10,0.8783700980392157,CW,,10.0,0.0,99
0.3121936274509804,0.1025974025974026,0.5794621026894865,0.1743287973519676,0.7260945709281962,0.4205378973105134,LR,none,34,CW_c0.5_it10,0.5879289215686274,CW,,10.0,0.5,99
0.1645220588235294,0.0497280497280497,0.3129584352078239,0.0858196446530338,0.8567425569176883,0.687041564792176,SVM,none,34,CW_c0.5_it10,0.7647058823529411,CW,,10.0,0.5,99
0.8492647058823529,0.345724907063197,0.2273838630806846,0.2743362831858407,0.061646234676007,0.7726161369193154,RF,none,34,CW_c0.5_it10,0.1075367647058823,CW,,10.0,0.5,99
0.1200980392156862,0.0493962678375411,0.3300733496332518,0.0859325270528326,0.9099824868651488,0.6699266503667481,MLP,none,34,CW_c0.5_it10,0.8799019607843137,CW,,10.0,0.5,99
