accuracy,precision,recall,f1,fpr,fnr,model,config,attack,asr,best_params,family,epsilon,iters,confidence,n_samples,n_eligible,mean_l2,median_queries_success,query_budget_exhausted,numerical_stagnation,elapsed_s,seed
0.8952205882352942,0.5835411471321695,0.5721271393643031,0.5777777777777777,0.0584938704028021,0.4278728606356968,LR,tuned,clean,0.0,"{'class_weight': None, 'C': 0.1}",,,,,,,,,,,,42
0.6859681372549019,0.2298245614035087,0.6405867970660146,0.3382827630729503,0.3075306479859895,0.3594132029339853,LR,tuned,FGSM_eps0.15,0.2285539215686274,"{'class_weight': None, 'C': 0.1}",FGSM,0.15,1.0,,,,,,,,,42
0.2205882352941176,0.1119592875318066,0.7530562347188264,0.1949367088607595,0.85569176882662,0.2469437652811736,LR,tuned,FGSM_eps0.3,0.7104779411764706,"{'class_weight': None, 'C': 0.1}",FGSM,0.3,1.0,,,,,,,,,42
0.211703431372549,0.1105111591072714,0.7506112469437652,0.1926576717916536,0.8654991243432575,0.2493887530562347,LR,tuned,FGSM_eps0.5,0.7221200980392157,"{'class_weight': None, 'C': 0.1}",FGSM,0.5,1.0,,,,,,,,,42
0.2058823529411764,0.1046722202100688,0.706601466992665,0.1823343848580441,0.8658493870402802,0.293398533007335,LR,tuned,FGSM_eps0.75,0.7279411764705882,"{'class_weight': None, 'C': 0.1}",FGSM,0.75,1.0,,,,,,,,,42
0.7141544117647058,0.2436399217221135,0.60880195599022,0.3480083857442348,0.2707530647985989,0.39119804400978,LR,tuned,PGD_eps0.15_it10,0.1963848039215686,"{'class_weight': None, 'C': 0.1}",PGD,0.15,10.0,,,,,,,,,42
0.7196691176470589,0.247,0.6039119804400978,0.3506032647267565,0.2637478108581436,0.3960880195599022,LR,tuned,PGD_eps0.15_it25,0.190563725490196,"{'class_weight': None, 'C': 0.1}",PGD,0.15,25.0,,,,,,,,,42
0.378063725490196,0.1273563218390804,0.6772616136919315,0.2143962848297213,0.6647985989492119,0.3227383863080684,LR,tuned,PGD_eps0.3_it10,0.5431985294117647,"{'class_weight': None, 'C': 0.1}",PGD,0.3,10.0,,,,,,,,,42
0.3716299019607843,0.124084249084249,0.6625916870415648,0.2090242961820285,0.6700525394045534,0.3374083129584352,LR,tuned,PGD_eps0.3_it25,0.5481004901960784,"{'class_weight': None, 'C': 0.1}",PGD,0.3,25.0,,,,,,,,,42
0.3863357843137255,0.1279178338001867,0.6699266503667481,0.2148177185417483,0.6542907180385289,0.3300733496332518,LR,tuned,PGD_eps0.5_it10,0.538296568627451,"{'class_weight': None, 'C': 0.1}",PGD,0.5,10.0,,,,,,,,,42
0.3753063725490196,0.1271729185727355,0.6797066014669927,0.2142581888246628,0.6683012259194396,0.3202933985330073,LR,tuned,PGD_eps0.5_it25,0.5511642156862745,"{'class_weight': None, 'C': 0.1}",PGD,0.5,25.0,,,,,,,,,42
0.3544730392156863,0.1144414168937329,0.6161369193154034,0.1930294906166219,0.6830122591943958,0.3838630806845965,LR,tuned,PGD_eps0.75_it10,0.5735294117647058,"{'class_weight': None, 'C': 0.1}",PGD,0.75,10.0,,,,,,,,,42
0.3875612745098039,0.1253534401508011,0.6503667481662592,0.2101935993678388,0.6500875656742557,0.3496332518337408,LR,tuned,PGD_eps0.75_it25,0.5425857843137255,"{'class_weight': None, 'C': 0.1}",PGD,0.75,25.0,,,,,,,,,42
0.680453431372549,0.2118181818181818,0.5696821515892421,0.3088137839628893,0.303677758318739,0.4303178484107579,LR,tuned,CW_c0.0_it10,0.221813725490196,"{'class_weight': None, 'C': 0.1}",CW,,10.0,0.0,,,,,,,,42
0.6136642156862745,0.1777609682299546,0.5745721271393643,0.2715193529751589,0.3807355516637478,0.4254278728606357,LR,tuned,CW_c0.5_it10,0.2910539215686274,"{'class_weight': None, 'C': 0.1}",CW,,10.0,0.5,,,,,,,,42
0.25,0.323943661971831,0.46,0.3801652892561983,0.96,0.54,LR,tuned,HopSkipJump_direct,1.0,"{'class_weight': None, 'C': 0.1}",,,,,100.0,75.0,0.3792343139648437,557.0,0.0,0.0,0.7793762683868408,42
0.8933823529411765,0.575682382133995,0.5672371638141809,0.5714285714285714,0.0598949211908931,0.432762836185819,LR,as_submitted,clean,0.0,{'max_iter': 500},,,,,,,,,,,,42
0.1997549019607843,0.0939918908956874,0.6234718826405868,0.1633568225496476,0.8609457092819615,0.3765281173594132,LR,as_submitted,FGSM_eps0.15,0.7325367647058824,{'max_iter': 500},FGSM,0.15,1.0,,,,,,,,,42
0.1697303921568627,0.0663399924613644,0.4303178484107579,0.1149575440888308,0.8676007005253941,0.5696821515892421,LR,as_submitted,FGSM_eps0.3,0.7625612745098039,{'max_iter': 500},FGSM,0.3,1.0,,,,,,,,,42
0.1681985294117647,0.0642479213907785,0.4156479217603912,0.1112929623567921,0.8672504378283713,0.5843520782396088,LR,as_submitted,FGSM_eps0.5,0.7643995098039216,{'max_iter': 500},FGSM,0.5,1.0,,,,,,,,,42
0.1672794117647058,0.0625236832133383,0.4034229828850856,0.108267716535433,0.8665499124343258,0.5965770171149144,LR,as_submitted,FGSM_eps0.75,0.7659313725490197,{'max_iter': 500},FGSM,0.75,1.0,,,,,,,,,42
0.2126225490196078,0.1029033443586916,0.684596577017115,0.1789137380191693,0.8549912434325744,0.3154034229828851,LR,as_submitted,PGD_eps0.15_it10,0.7193627450980392,{'max_iter': 500},PGD,0.15,10.0,,,,,,,,,42
0.2156862745098039,0.1038674033149171,0.6894865525672371,0.1805377720870678,0.8521891418563923,0.3105134474327628,LR,as_submitted,PGD_eps0.15_it25,0.7166053921568627,{'max_iter': 500},PGD,0.15,25.0,,,,,,,,,42
0.1724877450980392,0.0685240963855421,0.4449877750611247,0.1187601957585644,0.8665499124343258,0.5550122249388753,LR,as_submitted,PGD_eps0.3_it10,0.7607230392156863,{'max_iter': 500},PGD,0.3,10.0,,,,,,,,,42
0.174938725490196,0.0713213213213213,0.4645476772616136,0.1236576635209892,0.8665499124343258,0.5354523227383863,LR,as_submitted,PGD_eps0.3_it25,0.7582720588235294,{'max_iter': 500},PGD,0.3,25.0,,,,,,,,,42
0.1629901960784313,0.0571864277544796,0.3667481662591687,0.0989445910290237,0.866199649737303,0.6332518337408313,LR,as_submitted,PGD_eps0.5_it10,0.7702205882352942,{'max_iter': 500},PGD,0.5,10.0,,,,,,,,,42
0.1620710784313725,0.0557677616501145,0.3569682151589242,0.0964651470102411,0.8658493870402802,0.6430317848410758,LR,as_submitted,PGD_eps0.5_it25,0.7714460784313726,{'max_iter': 500},PGD,0.5,25.0,,,,,,,,,42
0.1617647058823529,0.0560854635635253,0.3594132029339853,0.097029702970297,0.8665499124343258,0.6405867970660146,LR,as_submitted,PGD_eps0.75_it10,0.7714460784313726,{'max_iter': 500},PGD,0.75,10.0,,,,,,,,,42
0.1620710784313725,0.0561068702290076,0.3594132029339853,0.097061736546715,0.866199649737303,0.6405867970660146,LR,as_submitted,PGD_eps0.75_it25,0.7714460784313726,{'max_iter': 500},PGD,0.75,25.0,,,,,,,,,42
0.3363970588235294,0.0426861009890681,0.2004889975550122,0.0703862660944206,0.6441330998248687,0.7995110024449877,LR,as_submitted,CW_c0.0_it10,0.5765931372549019,{'max_iter': 500},CW,,10.0,0.0,,,,,,,,42
0.2018995098039215,0.046655656482246,0.2762836185819071,0.0798304486047333,0.8087565674255692,0.7237163814180929,LR,as_submitted,CW_c0.5_it10,0.7245710784313726,{'max_iter': 500},CW,,10.0,0.5,,,,,,,,42
0.26,0.3285714285714285,0.46,0.3833333333333333,0.94,0.54,LR,as_submitted,HopSkipJump_direct,1.0,{'max_iter': 500},,,,,100.0,74.0,0.1039946526288986,557.0,0.0,0.0,0.7498412132263184,42
0.9022671568627452,0.6222826086956522,0.5599022004889975,0.5894465894465895,0.0486865148861646,0.4400977995110024,SVM,tuned,clean,0.0,"{'class_weight': None, 'C': 10.0}",,,,,,,,,,,,42
0.1495098039215686,0.0393149085247177,0.2469437652811736,0.0678307588985896,0.8644483362521891,0.7530562347188264,SVM,tuned,FGSM_eps0.15,0.7907475490196079,"{'class_weight': None, 'C': 10.0}",FGSM,0.15,1.0,,,,,,,,,42
0.1495098039215686,0.0393149085247177,0.2469437652811736,0.0678307588985896,0.8644483362521891,0.7530562347188264,SVM,tuned,FGSM_eps0.3,0.7907475490196079,"{'class_weight': None, 'C': 10.0}",FGSM,0.3,1.0,,,,,,,,,42
0.1495098039215686,0.0393149085247177,0.2469437652811736,0.0678307588985896,0.8644483362521891,0.7530562347188264,SVM,tuned,FGSM_eps0.5,0.7907475490196079,"{'class_weight': None, 'C': 10.0}",FGSM,0.5,1.0,,,,,,,,,42
0.149203431372549,0.0389408099688473,0.2444987775061124,0.0671817265703728,0.8644483362521891,0.7555012224938875,SVM,tuned,FGSM_eps0.75,0.7910539215686274,"{'class_weight': None, 'C': 10.0}",FGSM,0.75,1.0,,,,,,,,,42
0.1504289215686274,0.039360872954014,0.2469437652811736,0.0678991596638655,0.8633975481611208,0.7530562347188264,SVM,tuned,PGD_eps0.15_it10,0.789828431372549,"{'class_weight': None, 'C': 10.0}",PGD,0.15,10.0,,,,,,,,,42
0.1501225490196078,0.0393455395403194,0.2469437652811736,0.0678763440860215,0.8637478108581436,0.7530562347188264,SVM,tuned,PGD_eps0.15_it25,0.7901348039215687,"{'class_weight': None, 'C': 10.0}",PGD,0.15,25.0,,,,,,,,,42
0.1498161764705882,0.0393302180685358,0.2469437652811736,0.0678535438360765,0.8640980735551663,0.7530562347188264,SVM,tuned,PGD_eps0.3_it10,0.7904411764705882,"{'class_weight': None, 'C': 10.0}",PGD,0.3,10.0,,,,,,,,,42
0.1498161764705882,0.0393302180685358,0.2469437652811736,0.0678535438360765,0.8640980735551663,0.7530562347188264,SVM,tuned,PGD_eps0.3_it25,0.7904411764705882,"{'class_weight': None, 'C': 10.0}",PGD,0.3,25.0,,,,,,,,,42
0.1498161764705882,0.0393302180685358,0.2469437652811736,0.0678535438360765,0.8640980735551663,0.7530562347188264,SVM,tuned,PGD_eps0.5_it10,0.7904411764705882,"{'class_weight': None, 'C': 10.0}",PGD,0.5,10.0,,,,,,,,,42
0.1498161764705882,0.0393302180685358,0.2469437652811736,0.0678535438360765,0.8640980735551663,0.7530562347188264,SVM,tuned,PGD_eps0.5_it25,0.7904411764705882,"{'class_weight': None, 'C': 10.0}",PGD,0.5,25.0,,,,,,,,,42
0.149203431372549,0.0389408099688473,0.2444987775061124,0.0671817265703728,0.8644483362521891,0.7555012224938875,SVM,tuned,PGD_eps0.75_it10,0.7910539215686274,"{'class_weight': None, 'C': 10.0}",PGD,0.75,10.0,,,,,,,,,42
0.149203431372549,0.0389408099688473,0.2444987775061124,0.0671817265703728,0.8644483362521891,0.7555012224938875,SVM,tuned,PGD_eps0.75_it25,0.7910539215686274,"{'class_weight': None, 'C': 10.0}",PGD,0.75,25.0,,,,,,,,,42
0.1620710784313725,0.0384920634920634,0.2371638141809291,0.0662342096278593,0.8486865148861646,0.7628361858190709,SVM,tuned,CW_c0.0_it10,0.7757352941176471,"{'class_weight': None, 'C': 10.0}",CW,,10.0,0.0,,,,,,,,42
0.1504289215686274,0.0390015600624025,0.2444987775061124,0.067272115708039,0.863047285464098,0.7555012224938875,SVM,tuned,CW_c0.5_it10,0.789828431372549,"{'class_weight': None, 'C': 10.0}",CW,,10.0,0.5,,,,,,,,42
0.27,0.3380281690140845,0.48,0.396694214876033,0.94,0.52,SVM,tuned,HopSkipJump_direct,1.0,"{'class_weight': None, 'C': 10.0}",,,,,100.0,73.0,0.0170604735612869,557.0,0.0,0.0,0.7607040405273438,42
0.9022671568627452,0.6222826086956522,0.5599022004889975,0.5894465894465895,0.0486865148861646,0.4400977995110024,SVM,as_submitted,clean,0.0,{'max_iter': 500},,,,,,,,,,,,42
0.1513480392156862,0.0415533980582524,0.2616136919315403,0.0717158176943699,0.8644483362521891,0.7383863080684596,SVM,as_submitted,FGSM_eps0.15,0.789828431372549,{'max_iter': 500},FGSM,0.15,1.0,,,,,,,,,42
0.1495098039215686,0.0393149085247177,0.2469437652811736,0.0678307588985896,0.8644483362521891,0.7530562347188264,SVM,as_submitted,FGSM_eps0.3,0.7916666666666666,{'max_iter': 500},FGSM,0.3,1.0,,,,,,,,,42
0.1495098039215686,0.0393149085247177,0.2469437652811736,0.0678307588985896,0.8644483362521891,0.7530562347188264,SVM,as_submitted,FGSM_eps0.5,0.7916666666666666,{'max_iter': 500},FGSM,0.5,1.0,,,,,,,,,42
0.1495098039215686,0.0393149085247177,0.2469437652811736,0.0678307588985896,0.8644483362521891,0.7530562347188264,SVM,as_submitted,FGSM_eps0.75,0.7916666666666666,{'max_iter': 500},FGSM,0.75,1.0,,,,,,,,,42
0.1510416666666666,0.0404669260700389,0.254278728606357,0.0698220879489761,0.8637478108581436,0.7457212713936431,SVM,as_submitted,PGD_eps0.15_it10,0.7901348039215687,{'max_iter': 500},PGD,0.15,10.0,,,,,,,,,42
0.1510416666666666,0.0404669260700389,0.254278728606357,0.0698220879489761,0.8637478108581436,0.7457212713936431,SVM,as_submitted,PGD_eps0.15_it25,0.7901348039215687,{'max_iter': 500},PGD,0.15,25.0,,,,,,,,,42
0.1498161764705882,0.0393302180685358,0.2469437652811736,0.0678535438360765,0.8640980735551663,0.7530562347188264,SVM,as_submitted,PGD_eps0.3_it10,0.7913602941176471,{'max_iter': 500},PGD,0.3,10.0,,,,,,,,,42
0.1498161764705882,0.0393302180685358,0.2469437652811736,0.0678535438360765,0.8640980735551663,0.7530562347188264,SVM,as_submitted,PGD_eps0.3_it25,0.7913602941176471,{'max_iter': 500},PGD,0.3,25.0,,,,,,,,,42
0.1495098039215686,0.0393149085247177,0.2469437652811736,0.0678307588985896,0.8644483362521891,0.7530562347188264,SVM,as_submitted,PGD_eps0.5_it10,0.7916666666666666,{'max_iter': 500},PGD,0.5,10.0,,,,,,,,,42
0.1498161764705882,0.0393302180685358,0.2469437652811736,0.0678535438360765,0.8640980735551663,0.7530562347188264,SVM,as_submitted,PGD_eps0.5_it25,0.7913602941176471,{'max_iter': 500},PGD,0.5,25.0,,,,,,,,,42
0.1495098039215686,0.0393149085247177,0.2469437652811736,0.0678307588985896,0.8644483362521891,0.7530562347188264,SVM,as_submitted,PGD_eps0.75_it10,0.7916666666666666,{'max_iter': 500},PGD,0.75,10.0,,,,,,,,,42
0.1495098039215686,0.0393149085247177,0.2469437652811736,0.0678307588985896,0.8644483362521891,0.7530562347188264,SVM,as_submitted,PGD_eps0.75_it25,0.7916666666666666,{'max_iter': 500},PGD,0.75,25.0,,,,,,,,,42
0.2071078431372549,0.0369740756481088,0.2127139364303178,0.0629978276611151,0.7936952714535902,0.7872860635696821,SVM,as_submitted,CW_c0.0_it10,0.7261029411764706,{'max_iter': 500},CW,,10.0,0.0,,,,,,,,42
0.1525735294117647,0.0394685423993747,0.2469437652811736,0.0680592991913746,0.8609457092819615,0.7530562347188264,SVM,as_submitted,CW_c0.5_it10,0.788296568627451,{'max_iter': 500},CW,,10.0,0.5,,,,,,,,42
0.26,0.3333333333333333,0.48,0.3934426229508196,0.96,0.52,SVM,as_submitted,HopSkipJump_direct,1.0,{'max_iter': 500},,,,,100.0,74.0,0.0424042306840419,557.0,0.0,0.0,0.7467451095581055,42
0.9338235294117648,0.7188208616780045,0.7750611246943765,0.7458823529411764,0.0434325744308231,0.2249388753056234,RF,tuned,clean,0.0,"{'n_estimators': 50, 'min_samples_leaf': 1, 'max_features': None, 'max_depth': 40}",,,,,,,,,,,,42
0.8406862745098039,0.0413223140495867,0.0122249388753056,0.0188679245283018,0.0406304728546409,0.9877750611246944,RF,tuned,FGSM_eps0.15,0.1308210784313725,"{'n_estimators': 50, 'min_samples_leaf': 1, 'max_features': None, 'max_depth': 40}",FGSM,0.15,1.0,,,,,,,,,42
0.8409926470588235,0.0416666666666666,0.0122249388753056,0.0189035916824196,0.0402802101576182,0.9877750611246944,RF,tuned,FGSM_eps0.3,0.1311274509803921,"{'n_estimators': 50, 'min_samples_leaf': 1, 'max_features': None, 'max_depth': 40}",FGSM,0.3,1.0,,,,,,,,,42
0.7552083333333334,0.0486111111111111,0.0513447432762836,0.0499405469678953,0.1439579684763572,0.9486552567237164,RF,tuned,FGSM_eps0.5,0.2175245098039215,"{'n_estimators': 50, 'min_samples_leaf': 1, 'max_features': None, 'max_depth': 40}",FGSM,0.5,1.0,,,,,,,,,42
0.1531862745098039,0.0376914016489988,0.2347188264058679,0.0649526387009472,0.8584938704028021,0.7652811735941321,RF,tuned,FGSM_eps0.75,0.8121936274509803,"{'n_estimators': 50, 'min_samples_leaf': 1, 'max_features': None, 'max_depth': 40}",FGSM,0.75,1.0,,,,,,,,,42
0.8394607843137255,0.0979020979020979,0.0342298288508557,0.0507246376811594,0.0451838879159369,0.9657701711491442,RF,tuned,PGD_eps0.15_it10,0.1317401960784313,"{'n_estimators': 50, 'min_samples_leaf': 1, 'max_features': None, 'max_depth': 40}",PGD,0.15,10.0,,,,,,,,,42
0.8394607843137255,0.0979020979020979,0.0342298288508557,0.0507246376811594,0.0451838879159369,0.9657701711491442,RF,tuned,PGD_eps0.15_it25,0.1317401960784313,"{'n_estimators': 50, 'min_samples_leaf': 1, 'max_features': None, 'max_depth': 40}",PGD,0.15,25.0,,,,,,,,,42
0.8327205882352942,0.0340136054421768,0.0122249388753056,0.0179856115107913,0.0497373029772329,0.9877750611246944,RF,tuned,PGD_eps0.3_it10,0.1393995098039215,"{'n_estimators': 50, 'min_samples_leaf': 1, 'max_features': None, 'max_depth': 40}",PGD,0.3,10.0,,,,,,,,,42
0.8327205882352942,0.0340136054421768,0.0122249388753056,0.0179856115107913,0.0497373029772329,0.9877750611246944,RF,tuned,PGD_eps0.3_it25,0.1393995098039215,"{'n_estimators': 50, 'min_samples_leaf': 1, 'max_features': None, 'max_depth': 40}",PGD,0.3,25.0,,,,,,,,,42
0.8149509803921569,0.0334928229665071,0.0171149144254278,0.0226537216828478,0.0707530647985989,0.982885085574572,RF,tuned,PGD_eps0.5_it10,0.1568627450980392,"{'n_estimators': 50, 'min_samples_leaf': 1, 'max_features': None, 'max_depth': 40}",PGD,0.5,10.0,,,,,,,,,42
0.8060661764705882,0.0371900826446281,0.0220048899755501,0.0276497695852534,0.0816112084063047,0.9779951100244498,RF,tuned,PGD_eps0.5_it25,0.1657475490196078,"{'n_estimators': 50, 'min_samples_leaf': 1, 'max_features': None, 'max_depth': 40}",PGD,0.5,25.0,,,,,,,,,42
0.7064950980392157,0.0259067357512953,0.0366748166259168,0.0303643724696356,0.1975481611208406,0.9633251833740832,RF,tuned,PGD_eps0.75_it10,0.2653186274509804,"{'n_estimators': 50, 'min_samples_leaf': 1, 'max_features': None, 'max_depth': 40}",PGD,0.75,10.0,,,,,,,,,42
0.6571691176470589,0.0377604166666666,0.0709046454767726,0.0492778249787595,0.2588441330998248,0.9290953545232272,RF,tuned,PGD_eps0.75_it25,0.3125,"{'n_estimators': 50, 'min_samples_leaf': 1, 'max_features': None, 'max_depth': 40}",PGD,0.75,25.0,,,,,,,,,42
0.8363970588235294,0.1118012422360248,0.0440097799511002,0.0631578947368421,0.0500875656742556,0.9559902200488998,RF,tuned,CW_c0.0_it10,0.133578431372549,"{'n_estimators': 50, 'min_samples_leaf': 1, 'max_features': None, 'max_depth': 40}",CW,,10.0,0.0,,,,,,,,42
0.8412990196078431,0.064,0.0195599022004889,0.0299625468164794,0.0409807355516637,0.980440097799511,RF,tuned,CW_c0.5_it10,0.1308210784313725,"{'n_estimators': 50, 'min_samples_leaf': 1, 'max_features': None, 'max_depth': 40}",CW,,10.0,0.5,,,,,,,,42
0.19,0.2280701754385964,0.26,0.2429906542056074,0.88,0.74,RF,tuned,HopSkipJump_direct,0.975609756097561,"{'n_estimators': 50, 'min_samples_leaf': 1, 'max_features': None, 'max_depth': 40}",,,,,100.0,82.0,0.5722015500068665,561.5,0.0,0.0,25.482866525650024,42
0.9126838235294118,0.6324786324786325,0.7237163814180929,0.6750285062713797,0.0602451838879159,0.2762836185819071,RF,as_submitted,clean,0.0,{'n_estimators': 50},,,,,,,,,,,,42
0.8590686274509803,0.0363636363636363,0.0048899755501222,0.0086206896551724,0.0185639229422066,0.9951100244498776,RF,as_submitted,FGSM_eps0.15,0.1056985294117647,{'n_estimators': 50},FGSM,0.15,1.0,,,,,,,,,42
0.8204656862745098,0.0163934426229508,0.0073349633251833,0.0101351351351351,0.063047285464098,0.9926650366748166,RF,as_submitted,FGSM_eps0.3,0.1446078431372549,{'n_estimators': 50},FGSM,0.3,1.0,,,,,,,,,42
0.3667279411764705,0.031638418079096,0.1369193154034229,0.0513997246443322,0.6003502626970227,0.863080684596577,RF,as_submitted,FGSM_eps0.5,0.5925245098039216,{'n_estimators': 50},FGSM,0.5,1.0,,,,,,,,,42
0.1694240196078431,0.0381219903691813,0.2322738386308068,0.0654946570148224,0.8395796847635727,0.7677261613691931,RF,as_submitted,FGSM_eps0.75,0.7833946078431373,{'n_estimators': 50},FGSM,0.75,1.0,,,,,,,,,42
0.8590686274509803,0.0677966101694915,0.0097799511002444,0.017094017094017,0.0192644483362521,0.9902200488997556,RF,as_submitted,PGD_eps0.15_it10,0.1060049019607843,{'n_estimators': 50},PGD,0.15,10.0,,,,,,,,,42
0.8602941176470589,0.0727272727272727,0.0097799511002444,0.0172413793103448,0.0178633975481611,0.9902200488997556,RF,as_submitted,PGD_eps0.15_it25,0.1047794117647058,{'n_estimators': 50},PGD,0.15,25.0,,,,,,,,,42
0.8143382352941176,0.0147783251231527,0.0073349633251833,0.0098039215686274,0.0700525394045534,0.9926650366748166,RF,as_submitted,PGD_eps0.3_it10,0.150735294117647,{'n_estimators': 50},PGD,0.3,10.0,,,,,,,,,42
0.8161764705882353,0.015228426395939,0.0073349633251833,0.0099009900990099,0.0679509632224168,0.9926650366748166,RF,as_submitted,PGD_eps0.3_it25,0.1488970588235294,{'n_estimators': 50},PGD,0.3,25.0,,,,,,,,,42
0.5333946078431373,0.0239316239316239,0.0684596577017114,0.0354654844838505,0.4,0.9315403422982884,RF,as_submitted,PGD_eps0.5_it10,0.4276960784313725,{'n_estimators': 50},PGD,0.5,10.0,,,,,,,,,42
0.5052083333333334,0.025943396226415,0.0806845965770171,0.0392623438429506,0.4339754816112084,0.9193154034229828,RF,as_submitted,PGD_eps0.5_it25,0.456188725490196,{'n_estimators': 50},PGD,0.5,25.0,,,,,,,,,42
0.4056372549019608,0.0295021511985248,0.1173594132029339,0.0471512770137524,0.5530647985989492,0.882640586797066,RF,as_submitted,PGD_eps0.75_it10,0.5575980392156863,{'n_estimators': 50},PGD,0.75,10.0,,,,,,,,,42
0.3192401960784313,0.0334534225424601,0.1589242053789731,0.0552721088435374,0.6577933450087565,0.8410757946210269,RF,as_submitted,PGD_eps0.75_it25,0.640625,{'n_estimators': 50},PGD,0.75,25.0,,,,,,,,,42
0.8529411764705882,0.134020618556701,0.0317848410757946,0.0513833992094861,0.0294220665499124,0.9682151589242054,RF,as_submitted,CW_c0.0_it10,0.1099877450980392,{'n_estimators': 50},CW,,10.0,0.0,,,,,,,,42
0.8572303921568627,0.0476190476190476,0.0073349633251833,0.0127118644067796,0.021015761821366,0.9926650366748166,RF,as_submitted,CW_c0.5_it10,0.1081495098039215,{'n_estimators': 50},CW,,10.0,0.5,,,,,,,,42
0.33,0.2702702702702703,0.2,0.2298850574712643,0.54,0.8,RF,as_submitted,HopSkipJump_direct,0.7948717948717948,{'n_estimators': 50},,,,,100.0,78.0,0.6079467535018921,564.5,0.0,1.0,22.191335201263428,42
0.8875612745098039,0.5544041450777202,0.5232273838630807,0.5383647798742138,0.0602451838879159,0.4767726161369193,LR,tuned,clean,0.0,"{'class_weight': 'balanced', 'C': 0.1}",,,,,,,,,,,,7
0.3606004901960784,0.1224122412241224,0.6650366748166259,0.2067654884074496,0.6830122591943958,0.334963325183374,LR,tuned,FGSM_eps0.15,0.5551470588235294,"{'class_weight': 'balanced', 'C': 0.1}",FGSM,0.15,1.0,,,,,,,,,7
0.235906862745098,0.1031594975256947,0.6625916870415648,0.1785243741765481,0.8252189141856392,0.3374083129584352,LR,tuned,FGSM_eps0.3,0.6853553921568627,"{'class_weight': 'balanced', 'C': 0.1}",FGSM,0.3,1.0,,,,,,,,,7
0.1764705882352941,0.0550566185083951,0.3447432762836185,0.0949494949494949,0.8476357267950964,0.6552567237163814,LR,tuned,FGSM_eps0.5,0.7472426470588235,"{'class_weight': 'balanced', 'C': 0.1}",FGSM,0.5,1.0,,,,,,,,,7
0.1620710784313725,0.0432050274941084,0.2689486552567237,0.0744500846023688,0.8532399299474606,0.7310513447432763,LR,tuned,FGSM_eps0.75,0.7619485294117647,"{'class_weight': 'balanced', 'C': 0.1}",FGSM,0.75,1.0,,,,,,,,,7
0.2696078431372549,0.1107607410327158,0.687041564792176,0.1907671418873048,0.7901926444833626,0.3129584352078239,LR,tuned,PGD_eps0.15_it10,0.6504289215686274,"{'class_weight': 'balanced', 'C': 0.1}",PGD,0.15,10.0,,,,,,,,,7
0.2699142156862745,0.1108044164037855,0.687041564792176,0.1908319185059422,0.7898423817863398,0.3129584352078239,LR,tuned,PGD_eps0.15_it25,0.6501225490196079,"{'class_weight': 'balanced', 'C': 0.1}",PGD,0.15,25.0,,,,,,,,,7
0.2129289215686274,0.1005917159763313,0.6650366748166259,0.1747510440089945,0.8518388791593695,0.334963325183374,LR,tuned,PGD_eps0.3_it10,0.7104779411764706,"{'class_weight': 'balanced', 'C': 0.1}",PGD,0.3,10.0,,,,,,,,,7
0.2126225490196078,0.1002589715131335,0.6625916870415648,0.1741645244215938,0.8518388791593695,0.3374083129584352,LR,tuned,PGD_eps0.3_it25,0.7107843137254902,"{'class_weight': 'balanced', 'C': 0.1}",PGD,0.3,25.0,,,,,,,,,7
0.1841299019607843,0.0695187165775401,0.4449877750611247,0.1202510736703006,0.8532399299474606,0.5550122249388753,LR,tuned,PGD_eps0.5_it10,0.7398897058823529,"{'class_weight': 'balanced', 'C': 0.1}",PGD,0.5,10.0,,,,,,,,,7
0.1884191176470588,0.074791192103265,0.4816625916870415,0.1294774893197502,0.8535901926444833,0.5183374083129584,LR,tuned,PGD_eps0.5_it25,0.7352941176470589,"{'class_weight': 'balanced', 'C': 0.1}",PGD,0.5,25.0,,,,,,,,,7
0.1626838235294117,0.0439560439560439,0.2738386308068459,0.0757524518092661,0.8532399299474606,0.726161369193154,LR,tuned,PGD_eps0.75_it10,0.7613357843137255,"{'class_weight': 'balanced', 'C': 0.1}",PGD,0.75,10.0,,,,,,,,,7
0.1657475490196078,0.048046875,0.3007334963325183,0.0828561805321657,0.8535901926444833,0.6992665036674817,LR,tuned,PGD_eps0.75_it25,0.7579656862745098,"{'class_weight': 'balanced', 'C': 0.1}",PGD,0.75,25.0,,,,,,,,,7
0.7405024509803921,0.2459396751740139,0.5183374083129584,0.3335955940204563,0.2276707530647986,0.4816625916870415,LR,tuned,CW_c0.0_it10,0.1519607843137254,"{'class_weight': 'balanced', 'C': 0.1}",CW,,10.0,0.0,,,,,,,,7
0.7052696078431373,0.2192893401015228,0.5281173594132029,0.3098995695839311,0.2693520140105079,0.4718826405867971,LR,tuned,CW_c0.5_it10,0.1902573529411764,"{'class_weight': 'balanced', 'C': 0.1}",CW,,10.0,0.5,,,,,,,,7
0.28,0.3513513513513513,0.52,0.4193548387096774,0.96,0.48,LR,tuned,HopSkipJump_direct,1.0,"{'class_weight': 'balanced', 'C': 0.1}",,,,,100.0,72.0,0.5442187786102295,556.5,0.0,0.0,0.8017897605895996,7
0.8826593137254902,0.5318627450980392,0.530562347188264,0.5312117503059975,0.0669001751313485,0.4694376528117359,LR,as_submitted,clean,0.0,{'max_iter': 500},,,,,,,,,,,,7
0.399203431372549,0.123666343355965,0.6234718826405868,0.2063941723998381,0.6329246935201401,0.3765281173594132,LR,as_submitted,FGSM_eps0.15,0.5162377450980392,{'max_iter': 500},FGSM,0.15,1.0,,,,,,,,,7
0.2622549019607843,0.0539937527889335,0.295843520782396,0.0913207547169811,0.7425569176882661,0.7041564792176039,LR,as_submitted,FGSM_eps0.3,0.6544117647058824,{'max_iter': 500},FGSM,0.3,1.0,,,,,,,,,7
0.1963848039215686,0.0410447761194029,0.2420537897310513,0.0701878766394895,0.8101576182136603,0.7579462102689487,LR,as_submitted,FGSM_eps0.5,0.7221200980392157,{'max_iter': 500},FGSM,0.5,1.0,,,,,,,,,7
0.1914828431372549,0.0388751033912324,0.2298288508557457,0.0665015917934205,0.8140105078809107,0.7701711491442543,LR,as_submitted,FGSM_eps0.75,0.7282475490196079,{'max_iter': 500},FGSM,0.75,1.0,,,,,,,,,7
0.2475490196078431,0.1037553232675183,0.6552567237163814,0.1791443850267379,0.8108581436077058,0.3447432762836185,LR,as_submitted,PGD_eps0.15_it10,0.6715686274509803,{'max_iter': 500},PGD,0.15,10.0,,,,,,,,,7
0.2478553921568627,0.1041021671826625,0.6577017114914425,0.1797527564316739,0.8108581436077058,0.3422982885085575,LR,as_submitted,PGD_eps0.15_it25,0.6709558823529411,{'max_iter': 500},PGD,0.15,25.0,,,,,,,,,7
0.1780024509803921,0.0640337423312883,0.4083129584352078,0.1107059993370898,0.8549912434325744,0.5916870415647921,LR,as_submitted,PGD_eps0.3_it10,0.7432598039215687,{'max_iter': 500},PGD,0.3,10.0,,,,,,,,,7
0.1755514705882352,0.0621642363775901,0.3960880195599022,0.1074626865671641,0.8560420315236428,0.6039119804400978,LR,as_submitted,PGD_eps0.3_it25,0.7457107843137255,{'max_iter': 500},PGD,0.3,25.0,,,,,,,,,7
0.1580882352941176,0.0447644998053717,0.2811735941320293,0.0772330423102753,0.8595446584938704,0.7188264058679706,LR,as_submitted,PGD_eps0.5_it10,0.7631740196078431,{'max_iter': 500},PGD,0.5,10.0,,,,,,,,,7
0.1611519607843137,0.0463576158940397,0.2909535452322738,0.0799731182795698,0.8574430823117338,0.7090464547677262,LR,as_submitted,PGD_eps0.5_it25,0.7601102941176471,{'max_iter': 500},PGD,0.5,25.0,,,,,,,,,7
0.159313725490196,0.0419772459788152,0.2616136919315403,0.0723461798512508,0.8553415061295973,0.7383863080684596,LR,as_submitted,PGD_eps0.75_it10,0.7631740196078431,{'max_iter': 500},PGD,0.75,10.0,,,,,,,,,7
0.1583946078431372,0.0422866092404072,0.2640586797066014,0.0728990887613904,0.8567425569176883,0.7359413202933985,LR,as_submitted,PGD_eps0.75_it25,0.7637867647058824,{'max_iter': 500},PGD,0.75,25.0,,,,,,,,,7
0.5735294117647058,0.1486776268763402,0.508557457212714,0.2300884955752212,0.4171628721541155,0.491442542787286,LR,as_submitted,CW_c0.0_it10,0.3204656862745098,{'max_iter': 500},CW,,10.0,0.0,,,,,,,,7
0.4549632352941176,0.1177455357142857,0.5158924205378973,0.1917310313493866,0.5537653239929947,0.4841075794621027,LR,as_submitted,CW_c0.5_it10,0.4442401960784313,{'max_iter': 500},CW,,10.0,0.5,,,,,,,,7
0.32,0.3714285714285714,0.52,0.4333333333333333,0.88,0.48,LR,as_submitted,HopSkipJump_direct,1.0,{'max_iter': 500},,,,,100.0,68.0,0.332243412733078,556.0,0.0,0.0,0.7985270023345947,7
0.8915441176470589,0.5749318801089919,0.5158924205378973,0.5438144329896907,0.0546409807355516,0.4841075794621027,SVM,tuned,clean,0.0,"{'class_weight': None, 'C': 0.01}",,,,,,,,,,,,7
0.5064338235294118,0.1509872241579558,0.6356968215158925,0.2440168934772407,0.5120840630472855,0.3643031784841076,SVM,tuned,FGSM_eps0.15,0.4096200980392157,"{'class_weight': None, 'C': 0.01}",FGSM,0.15,1.0,,,,,,,,,7
0.345281862745098,0.0889628924833492,0.4572127139364303,0.1489446435682994,0.670753064798599,0.5427872860635696,SVM,tuned,FGSM_eps0.3,0.5772058823529411,"{'class_weight': None, 'C': 0.01}",FGSM,0.3,1.0,,,,,,,,,7
0.2009803921568627,0.045097227968556,0.2665036674816626,0.0771408351026185,0.8084063047285464,0.7334963325183375,SVM,tuned,FGSM_eps0.5,0.7239583333333334,"{'class_weight': None, 'C': 0.01}",FGSM,0.5,1.0,,,,,,,,,7
0.190563725490196,0.0388269310202395,0.2298288508557457,0.0664310954063604,0.815061295971979,0.7701711491442543,SVM,tuned,FGSM_eps0.75,0.7346813725490197,"{'class_weight': None, 'C': 0.01}",FGSM,0.75,1.0,,,,,,,,,7
0.3532475490196078,0.12144128113879,0.6674816625916871,0.205494919081671,0.691768826619965,0.3325183374083129,SVM,tuned,PGD_eps0.15_it10,0.5686274509803921,"{'class_weight': None, 'C': 0.01}",PGD,0.15,10.0,,,,,,,,,7
0.3599877450980392,0.1229802513464991,0.6699266503667481,0.2078119074706105,0.6844133099824868,0.3300733496332518,SVM,tuned,PGD_eps0.15_it25,0.5615808823529411,"{'class_weight': None, 'C': 0.01}",PGD,0.15,25.0,,,,,,,,,7
0.1997549019607843,0.0835538752362949,0.5403422982885085,0.1447282252783235,0.8490367775831874,0.4596577017114914,SVM,tuned,PGD_eps0.3_it10,0.7276348039215687,"{'class_weight': None, 'C': 0.01}",PGD,0.3,10.0,,,,,,,,,7
0.199142156862745,0.0828603859250851,0.5354523227383863,0.1435124508519004,0.8490367775831874,0.4645476772616136,SVM,tuned,PGD_eps0.3_it25,0.7282475490196079,"{'class_weight': None, 'C': 0.01}",PGD,0.3,25.0,,,,,,,,,7
0.167892156862745,0.0492379835873388,0.3080684596577017,0.0849056603773584,0.8521891418563923,0.6919315403422983,SVM,tuned,PGD_eps0.5_it10,0.7598039215686274,"{'class_weight': None, 'C': 0.01}",PGD,0.5,10.0,,,,,,,,,7
0.1709558823529411,0.0532866588875923,0.334963325183374,0.0919463087248322,0.852539404553415,0.6650366748166259,SVM,tuned,PGD_eps0.5_it25,0.7567401960784313,"{'class_weight': None, 'C': 0.01}",PGD,0.5,25.0,,,,,,,,,7
0.1605392156862745,0.0409610082709728,0.254278728606357,0.0705563093622795,0.8528896672504378,0.7457212713936431,SVM,tuned,PGD_eps0.75_it10,0.7671568627450981,"{'class_weight': None, 'C': 0.01}",PGD,0.75,10.0,,,,,,,,,7
0.1614583333333333,0.0420928402832415,0.2616136919315403,0.0725177905794645,0.8528896672504378,0.7383863080684596,SVM,tuned,PGD_eps0.75_it25,0.7662377450980392,"{'class_weight': None, 'C': 0.01}",PGD,0.75,25.0,,,,,,,,,7
0.7907475490196079,0.3008720930232558,0.5061124694376528,0.3773928896991795,0.1684763572679509,0.4938875305623472,SVM,tuned,CW_c0.0_it10,0.1035539215686274,"{'class_weight': None, 'C': 0.01}",CW,,10.0,0.0,,,,,,,,7
0.7720588235294118,0.2781456953642384,0.5134474327628362,0.3608247422680412,0.190893169877408,0.4865525672371638,SVM,tuned,CW_c0.5_it10,0.1246936274509804,"{'class_weight': None, 'C': 0.01}",CW,,10.0,0.5,,,,,,,,7
0.29,0.36,0.54,0.432,0.96,0.46,SVM,tuned,HopSkipJump_direct,1.0,"{'class_weight': None, 'C': 0.01}",,,,,100.0,71.0,0.5473818778991699,557.0,0.0,0.0,0.7984988689422607,7
0.8878676470588235,0.556135770234987,0.5207823960880196,0.5378787878787878,0.0595446584938704,0.4792176039119804,SVM,as_submitted,clean,0.0,{'max_iter': 500},,,,,,,,,,,,7
0.166360294117647,0.0448818897637795,0.2787286063569682,0.0773143438453713,0.8497373029772329,0.7212713936430318,SVM,as_submitted,FGSM_eps0.15,0.7582720588235294,{'max_iter': 500},FGSM,0.15,1.0,,,,,,,,,7
0.1608455882352941,0.0398894154818325,0.2469437652811736,0.0686841210472628,0.8514886164623467,0.7530562347188264,SVM,as_submitted,FGSM_eps0.3,0.7647058823529411,{'max_iter': 500},FGSM,0.3,1.0,,,,,,,,,7
0.1602328431372549,0.0398579321231254,0.2469437652811736,0.0686374447842337,0.8521891418563923,0.7530562347188264,SVM,as_submitted,FGSM_eps0.5,0.7653186274509803,{'max_iter': 500},FGSM,0.5,1.0,,,,,,,,,7
0.1608455882352941,0.0398894154818325,0.2469437652811736,0.0686841210472628,0.8514886164623467,0.7530562347188264,SVM,as_submitted,FGSM_eps0.75,0.7653186274509803,{'max_iter': 500},FGSM,0.75,1.0,,,,,,,,,7
0.166360294117647,0.0452399685287175,0.2811735941320293,0.0779396814639105,0.8500875656742557,0.7188264058679706,SVM,as_submitted,PGD_eps0.15_it10,0.7582720588235294,{'max_iter': 500},PGD,0.15,10.0,,,,,,,,,7
0.1657475490196078,0.0444881889763779,0.2762836185819071,0.0766361478467277,0.8500875656742557,0.7237163814180929,SVM,as_submitted,PGD_eps0.15_it25,0.7588848039215687,{'max_iter': 500},PGD,0.15,25.0,,,,,,,,,7
0.1608455882352941,0.0398894154818325,0.2469437652811736,0.0686841210472628,0.8514886164623467,0.7530562347188264,SVM,as_submitted,PGD_eps0.3_it10,0.7647058823529411,{'max_iter': 500},PGD,0.3,10.0,,,,,,,,,7
0.1608455882352941,0.0398894154818325,0.2469437652811736,0.0686841210472628,0.8514886164623467,0.7530562347188264,SVM,as_submitted,PGD_eps0.3_it25,0.7647058823529411,{'max_iter': 500},PGD,0.3,25.0,,,,,,,,,7
0.1602328431372549,0.0398579321231254,0.2469437652811736,0.0686374447842337,0.8521891418563923,0.7530562347188264,SVM,as_submitted,PGD_eps0.5_it10,0.7653186274509803,{'max_iter': 500},PGD,0.5,10.0,,,,,,,,,7
0.1602328431372549,0.0398579321231254,0.2469437652811736,0.0686374447842337,0.8521891418563923,0.7530562347188264,SVM,as_submitted,PGD_eps0.5_it25,0.7653186274509803,{'max_iter': 500},PGD,0.5,25.0,,,,,,,,,7
0.1608455882352941,0.0398894154818325,0.2469437652811736,0.0686841210472628,0.8514886164623467,0.7530562347188264,SVM,as_submitted,PGD_eps0.75_it10,0.7653186274509803,{'max_iter': 500},PGD,0.75,10.0,,,,,,,,,7
0.1608455882352941,0.0398894154818325,0.2469437652811736,0.0686841210472628,0.8514886164623467,0.7530562347188264,SVM,as_submitted,PGD_eps0.75_it25,0.7653186274509803,{'max_iter': 500},PGD,0.75,25.0,,,,,,,,,7
0.3474264705882353,0.0290093048713738,0.1295843520782396,0.0474060822898032,0.6213660245183887,0.8704156479217604,SVM,as_submitted,CW_c0.0_it10,0.5600490196078431,{'max_iter': 500},CW,,10.0,0.0,,,,,,,,7
0.2248774509803921,0.036697247706422,0.2053789731051344,0.0622683469236471,0.7723292469352014,0.7946210268948656,SVM,as_submitted,CW_c0.5_it10,0.694546568627451,{'max_iter': 500},CW,,10.0,0.5,,,,,,,,7
0.31,0.3661971830985915,0.52,0.4297520661157025,0.9,0.48,SVM,as_submitted,HopSkipJump_direct,1.0,{'max_iter': 500},,,,,100.0,69.0,0.2175721377134323,556.0,0.0,0.0,0.8827943801879883,7
0.9264705882352942,0.691609977324263,0.7457212713936431,0.7176470588235294,0.0476357267950963,0.254278728606357,RF,tuned,clean,0.0,"{'n_estimators': 200, 'min_samples_leaf': 1, 'max_features': None, 'max_depth': 40}",,,,,,,,,,,,7
0.8471200980392157,0.0909090909090909,0.0244498777506112,0.0385356454720616,0.0350262697022767,0.9755501222493888,RF,tuned,FGSM_eps0.15,0.1207107843137254,"{'n_estimators': 200, 'min_samples_leaf': 1, 'max_features': None, 'max_depth': 40}",FGSM,0.15,1.0,,,,,,,,,7
0.8403799019607843,0.0625,0.0195599022004889,0.0297951582867784,0.042031523642732,0.980440097799511,RF,tuned,FGSM_eps0.3,0.1274509803921568,"{'n_estimators': 200, 'min_samples_leaf': 1, 'max_features': None, 'max_depth': 40}",FGSM,0.3,1.0,,,,,,,,,7
0.7913602941176471,0.0802469135802469,0.0635696821515892,0.0709413369713506,0.1043782837127845,0.9364303178484108,RF,tuned,FGSM_eps0.5,0.1776960784313725,"{'n_estimators': 200, 'min_samples_leaf': 1, 'max_features': None, 'max_depth': 40}",FGSM,0.5,1.0,,,,,,,,,7
0.1629901960784313,0.0428964974419519,0.2665036674816626,0.0738983050847457,0.8518388791593695,0.7334963325183375,RF,tuned,FGSM_eps0.75,0.8023897058823529,"{'n_estimators': 200, 'min_samples_leaf': 1, 'max_features': None, 'max_depth': 40}",FGSM,0.75,1.0,,,,,,,,,7
0.8547794117647058,0.1348314606741573,0.0293398533007334,0.0481927710843373,0.026970227670753,0.9706601466992664,RF,tuned,PGD_eps0.15_it10,0.1130514705882353,"{'n_estimators': 200, 'min_samples_leaf': 1, 'max_features': None, 'max_depth': 40}",PGD,0.15,10.0,,,,,,,,,7
0.8544730392156863,0.1333333333333333,0.0293398533007334,0.0480961923847695,0.0273204903677758,0.9706601466992664,RF,tuned,PGD_eps0.15_it25,0.1133578431372549,"{'n_estimators': 200, 'min_samples_leaf': 1, 'max_features': None, 'max_depth': 40}",PGD,0.15,25.0,,,,,,,,,7
0.8492647058823529,0.0721649484536082,0.0171149144254278,0.0276679841897233,0.031523642732049,0.982885085574572,RF,tuned,PGD_eps0.3_it10,0.1182598039215686,"{'n_estimators': 200, 'min_samples_leaf': 1, 'max_features': None, 'max_depth': 40}",PGD,0.3,10.0,,,,,,,,,7
0.8480392156862745,0.0606060606060606,0.0146699266503667,0.0236220472440944,0.0325744308231173,0.9853300733496332,RF,tuned,PGD_eps0.3_it25,0.119485294117647,"{'n_estimators': 200, 'min_samples_leaf': 1, 'max_features': None, 'max_depth': 40}",PGD,0.3,25.0,,,,,,,,,7
0.8033088235294118,0.0883392226148409,0.0611246943765281,0.0722543352601156,0.0903677758318739,0.938875305623472,RF,tuned,PGD_eps0.5_it10,0.1660539215686274,"{'n_estimators': 200, 'min_samples_leaf': 1, 'max_features': None, 'max_depth': 40}",PGD,0.5,10.0,,,,,,,,,7
0.8048406862745098,0.083941605839416,0.0562347188264058,0.0673499267935578,0.0879159369527145,0.9437652811735942,RF,tuned,PGD_eps0.5_it25,0.1642156862745098,"{'n_estimators': 200, 'min_samples_leaf': 1, 'max_features': None, 'max_depth': 40}",PGD,0.5,25.0,,,,,,,,,7
0.1636029411764706,0.0429302875147695,0.2665036674816626,0.0739484396200814,0.851138353765324,0.7334963325183375,RF,tuned,PGD_eps0.75_it10,0.8017769607843137,"{'n_estimators': 200, 'min_samples_leaf': 1, 'max_features': None, 'max_depth': 40}",PGD,0.75,10.0,,,,,,,,,7
0.1626838235294117,0.0421591804570527,0.2616136919315403,0.0726162198846284,0.8514886164623467,0.7383863080684596,RF,tuned,PGD_eps0.75_it25,0.8026960784313726,"{'n_estimators': 200, 'min_samples_leaf': 1, 'max_features': None, 'max_depth': 40}",PGD,0.75,25.0,,,,,,,,,7
0.8599877450980392,0.2777777777777778,0.0733496332518337,0.11605415860735,0.0273204903677758,0.9266503667481664,RF,tuned,CW_c0.0_it10,0.0995710784313725,"{'n_estimators': 200, 'min_samples_leaf': 1, 'max_features': None, 'max_depth': 40}",CW,,10.0,0.0,,,,,,,,7
0.8670343137254902,0.2549019607843137,0.0317848410757946,0.0565217391304347,0.0133099824868651,0.9682151589242054,RF,tuned,CW_c0.5_it10,0.0998774509803921,"{'n_estimators': 200, 'min_samples_leaf': 1, 'max_features': None, 'max_depth': 40}",CW,,10.0,0.5,,,,,,,,7
0.2,0.2580645161290322,0.32,0.2857142857142857,0.92,0.68,RF,tuned,HopSkipJump_direct,1.0,"{'n_estimators': 200, 'min_samples_leaf': 1, 'max_features': None, 'max_depth': 40}",,,,,100.0,80.0,0.8179978132247925,559.0,0.0,0.0,95.82154774665833,7
0.9111519607843136,0.6313465783664459,0.6992665036674817,0.6635730858468677,0.0584938704028021,0.3007334963325183,RF,as_submitted,clean,0.0,{'n_estimators': 50},,,,,,,,,,,,7
0.8878676470588235,0.6028708133971292,0.3080684596577017,0.4077669902912621,0.0290718038528896,0.6919315403422983,RF,as_submitted,FGSM_eps0.15,0.0741421568627451,{'n_estimators': 50},FGSM,0.15,1.0,,,,,,,,,7
0.8259803921568627,0.2249134948096885,0.1589242053789731,0.1862464183381088,0.0784588441330998,0.8410757946210269,RF,as_submitted,FGSM_eps0.3,0.1363357843137254,{'n_estimators': 50},FGSM,0.3,1.0,,,,,,,,,7
0.3342524509803921,0.0472279260780287,0.2249388753056234,0.0780653372931692,0.6500875656742557,0.7750611246943765,RF,as_submitted,FGSM_eps0.5,0.6207107843137255,{'n_estimators': 50},FGSM,0.5,1.0,,,,,,,,,7
0.1620710784313725,0.0414037854889589,0.2567237163814181,0.0713073005093378,0.8514886164623467,0.7432762836185819,RF,as_submitted,FGSM_eps0.75,0.7944240196078431,{'n_estimators': 50},FGSM,0.75,1.0,,,,,,,,,7
0.8903186274509803,0.650887573964497,0.2689486552567237,0.3806228373702422,0.0206654991243432,0.7310513447432763,RF,as_submitted,PGD_eps0.15_it10,0.0716911764705882,{'n_estimators': 50},PGD,0.15,10.0,,,,,,,,,7
0.8921568627450981,0.6727272727272727,0.2713936430317848,0.3867595818815331,0.0189141856392294,0.7286063569682152,RF,as_submitted,PGD_eps0.15_it25,0.0698529411764705,{'n_estimators': 50},PGD,0.15,25.0,,,,,,,,,7
0.8532475490196079,0.2891566265060241,0.1173594132029339,0.1669565217391304,0.0413309982486865,0.882640586797066,RF,as_submitted,PGD_eps0.3_it10,0.1087622549019607,{'n_estimators': 50},PGD,0.3,10.0,,,,,,,,,7
0.8511029411764706,0.2774566473988439,0.1173594132029339,0.1649484536082474,0.0437828371278458,0.882640586797066,RF,as_submitted,PGD_eps0.3_it25,0.1106004901960784,{'n_estimators': 50},PGD,0.3,25.0,,,,,,,,,7
0.5416666666666666,0.0613397901533494,0.1858190709046454,0.0922330097087378,0.4073555166374781,0.8141809290953546,RF,as_submitted,PGD_eps0.5_it10,0.4157475490196078,{'n_estimators': 50},PGD,0.5,10.0,,,,,,,,,7
0.5116421568627451,0.056843679880329,0.1858190709046454,0.0870561282932416,0.4416812609457093,0.8141809290953546,RF,as_submitted,PGD_eps0.5_it25,0.4448529411764705,{'n_estimators': 50},PGD,0.5,25.0,,,,,,,,,7
0.1617647058823529,0.0406632451638373,0.2518337408312958,0.0700203942895989,0.851138353765324,0.7481662591687042,RF,as_submitted,PGD_eps0.75_it10,0.7944240196078431,{'n_estimators': 50},PGD,0.75,10.0,,,,,,,,,7
0.1629901960784313,0.040727560300514,0.2518337408312958,0.0701157249829816,0.8497373029772329,0.7481662591687042,RF,as_submitted,PGD_eps0.75_it25,0.7935049019607843,{'n_estimators': 50},PGD,0.75,25.0,,,,,,,,,7
0.8799019607843137,0.5562913907284768,0.2053789731051344,0.3,0.0234676007005253,0.7946210268948656,RF,as_submitted,CW_c0.0_it10,0.0787377450980392,{'n_estimators': 50},CW,,10.0,0.0,,,,,,,,7
0.8854166666666666,0.6666666666666666,0.1711491442542787,0.2723735408560311,0.0122591943957968,0.8288508557457213,RF,as_submitted,CW_c0.5_it10,0.0768995098039215,{'n_estimators': 50},CW,,10.0,0.5,,,,,,,,7
0.19,0.2372881355932203,0.28,0.2568807339449541,0.9,0.72,RF,as_submitted,HopSkipJump_direct,0.9753086419753086,{'n_estimators': 50},,,,,100.0,81.0,0.9000051617622375,562.0,0.0,0.0,24.998337984085083,7
0.8878676470588235,0.556135770234987,0.5207823960880196,0.5378787878787878,0.0595446584938704,0.4792176039119804,LR,tuned,clean,0.0,"{'class_weight': None, 'C': 1.0}",,,,,,,,,,,,123
0.2708333333333333,0.1169840652934317,0.7359413202933985,0.2018779342723004,0.7957968476357268,0.2640586797066014,LR,tuned,FGSM_eps0.15,0.6525735294117647,"{'class_weight': None, 'C': 1.0}",FGSM,0.15,1.0,,,,,,,,,123
0.1697303921568627,0.101213171577123,0.7139364303178484,0.1772920461445051,0.908231173380035,0.2860635696821516,LR,tuned,FGSM_eps0.3,0.7604166666666666,"{'class_weight': None, 'C': 1.0}",FGSM,0.3,1.0,,,,,,,,,123
0.152267156862745,0.0903405142460041,0.6356968215158925,0.1581989656221478,0.9169877408056042,0.3643031784841076,LR,tuned,FGSM_eps0.5,0.7787990196078431,"{'class_weight': None, 'C': 1.0}",FGSM,0.5,1.0,,,,,,,,,123
0.140625,0.0793539325842696,0.5525672371638142,0.1387780165796745,0.9183887915936952,0.4474327628361858,LR,tuned,FGSM_eps0.75,0.7904411764705882,"{'class_weight': None, 'C': 1.0}",FGSM,0.75,1.0,,,,,,,,,123
0.2579656862745098,0.1165714285714285,0.7481662591687042,0.2017139090309822,0.8122591943957969,0.2518337408312958,LR,tuned,PGD_eps0.15_it10,0.6675857843137255,"{'class_weight': None, 'C': 1.0}",PGD,0.15,10.0,,,,,,,,,123
0.258578431372549,0.1172440045679482,0.7530562347188264,0.2028985507246377,0.8122591943957969,0.2469437652811736,LR,tuned,PGD_eps0.15_it25,0.6675857843137255,"{'class_weight': None, 'C': 1.0}",PGD,0.15,25.0,,,,,,,,,123
0.1979166666666666,0.1109545614653046,0.7701711491442543,0.1939655172413793,0.8840630472854641,0.2298288508557457,LR,tuned,PGD_eps0.3_it10,0.7328431372549019,"{'class_weight': None, 'C': 1.0}",PGD,0.3,10.0,,,,,,,,,123
0.1994485294117647,0.1114245416078984,0.7726161369193154,0.1947611710323574,0.882661996497373,0.2273838630806846,LR,tuned,PGD_eps0.3_it25,0.7313112745098039,"{'class_weight': None, 'C': 1.0}",PGD,0.3,25.0,,,,,,,,,123
0.1590073529411764,0.0991763898421413,0.706601466992665,0.173939211555823,0.9194395796847636,0.293398533007335,LR,tuned,PGD_eps0.5_it10,0.7720588235294118,"{'class_weight': None, 'C': 1.0}",PGD,0.5,10.0,,,,,,,,,123
0.1614583333333333,0.1,0.7114914425427873,0.1753540222958722,0.917338003502627,0.2885085574572127,LR,tuned,PGD_eps0.5_it25,0.7693014705882353,"{'class_weight': None, 'C': 1.0}",PGD,0.5,25.0,,,,,,,,,123
0.1314338235294117,0.071074964639321,0.491442542787286,0.1241890639481,0.9201401050788092,0.508557457212714,LR,tuned,PGD_eps0.75_it10,0.7993259803921569,"{'class_weight': None, 'C': 1.0}",PGD,0.75,10.0,,,,,,,,,123
0.1283700980392156,0.0680851063829787,0.4694376528117359,0.1189222669557138,0.9204903677758318,0.530562347188264,LR,tuned,PGD_eps0.75_it25,0.8023897058823529,"{'class_weight': None, 'C': 1.0}",PGD,0.75,25.0,,,,,,,,,123
0.4053308823529412,0.1083844580777096,0.5183374083129584,0.1792811839323467,0.6108581436077057,0.4816625916870415,LR,tuned,CW_c0.0_it10,0.4960171568627451,"{'class_weight': None, 'C': 1.0}",CW,,10.0,0.0,,,,,,,,123
0.2784926470588235,0.1018821603927987,0.60880195599022,0.1745531019978969,0.7688266199649737,0.39119804400978,LR,tuned,CW_c0.5_it10,0.6357230392156863,"{'class_weight': None, 'C': 1.0}",CW,,10.0,0.5,,,,,,,,123
0.23,0.2985074626865671,0.4,0.3418803418803419,0.94,0.6,LR,tuned,HopSkipJump_direct,1.0,"{'class_weight': None, 'C': 1.0}",,,,,100.0,77.0,0.2223922163248062,556.0,0.0,0.0,0.8057208061218262,123
0.8878676470588235,0.556135770234987,0.5207823960880196,0.5378787878787878,0.0595446584938704,0.4792176039119804,LR,as_submitted,clean,0.0,{'max_iter': 500},,,,,,,,,,,,123
0.2708333333333333,0.1169840652934317,0.7359413202933985,0.2018779342723004,0.7957968476357268,0.2640586797066014,LR,as_submitted,FGSM_eps0.15,0.6525735294117647,{'max_iter': 500},FGSM,0.15,1.0,,,,,,,,,123
0.1697303921568627,0.101213171577123,0.7139364303178484,0.1772920461445051,0.908231173380035,0.2860635696821516,LR,as_submitted,FGSM_eps0.3,0.7604166666666666,{'max_iter': 500},FGSM,0.3,1.0,,,,,,,,,123
0.152267156862745,0.0903405142460041,0.6356968215158925,0.1581989656221478,0.9169877408056042,0.3643031784841076,LR,as_submitted,FGSM_eps0.5,0.7787990196078431,{'max_iter': 500},FGSM,0.5,1.0,,,,,,,,,123
0.140625,0.0793539325842696,0.5525672371638142,0.1387780165796745,0.9183887915936952,0.4474327628361858,LR,as_submitted,FGSM_eps0.75,0.7904411764705882,{'max_iter': 500},FGSM,0.75,1.0,,,,,,,,,123
0.2579656862745098,0.1165714285714285,0.7481662591687042,0.2017139090309822,0.8122591943957969,0.2518337408312958,LR,as_submitted,PGD_eps0.15_it10,0.6675857843137255,{'max_iter': 500},PGD,0.15,10.0,,,,,,,,,123
0.258578431372549,0.1172440045679482,0.7530562347188264,0.2028985507246377,0.8122591943957969,0.2469437652811736,LR,as_submitted,PGD_eps0.15_it25,0.6675857843137255,{'max_iter': 500},PGD,0.15,25.0,,,,,,,,,123
0.1979166666666666,0.1109545614653046,0.7701711491442543,0.1939655172413793,0.8840630472854641,0.2298288508557457,LR,as_submitted,PGD_eps0.3_it10,0.7328431372549019,{'max_iter': 500},PGD,0.3,10.0,,,,,,,,,123
0.1994485294117647,0.1114245416078984,0.7726161369193154,0.1947611710323574,0.882661996497373,0.2273838630806846,LR,as_submitted,PGD_eps0.3_it25,0.7313112745098039,{'max_iter': 500},PGD,0.3,25.0,,,,,,,,,123
0.1590073529411764,0.0991763898421413,0.706601466992665,0.173939211555823,0.9194395796847636,0.293398533007335,LR,as_submitted,PGD_eps0.5_it10,0.7720588235294118,{'max_iter': 500},PGD,0.5,10.0,,,,,,,,,123
0.1614583333333333,0.1,0.7114914425427873,0.1753540222958722,0.917338003502627,0.2885085574572127,LR,as_submitted,PGD_eps0.5_it25,0.7693014705882353,{'max_iter': 500},PGD,0.5,25.0,,,,,,,,,123
0.1314338235294117,0.071074964639321,0.491442542787286,0.1241890639481,0.9201401050788092,0.508557457212714,LR,as_submitted,PGD_eps0.75_it10,0.7993259803921569,{'max_iter': 500},PGD,0.75,10.0,,,,,,,,,123
0.1283700980392156,0.0680851063829787,0.4694376528117359,0.1189222669557138,0.9204903677758318,0.530562347188264,LR,as_submitted,PGD_eps0.75_it25,0.8023897058823529,{'max_iter': 500},PGD,0.75,25.0,,,,,,,,,123
0.4053308823529412,0.1083844580777096,0.5183374083129584,0.1792811839323467,0.6108581436077057,0.4816625916870415,LR,as_submitted,CW_c0.0_it10,0.4960171568627451,{'max_iter': 500},CW,,10.0,0.0,,,,,,,,123
0.2784926470588235,0.1018821603927987,0.60880195599022,0.1745531019978969,0.7688266199649737,0.39119804400978,LR,as_submitted,CW_c0.5_it10,0.6357230392156863,{'max_iter': 500},CW,,10.0,0.5,,,,,,,,123
0.23,0.2985074626865671,0.4,0.3418803418803419,0.94,0.6,LR,as_submitted,HopSkipJump_direct,1.0,{'max_iter': 500},,,,,100.0,77.0,0.2223922163248062,556.0,0.0,0.0,0.7938284873962402,123
0.8927696078431373,0.5808219178082191,0.5183374083129584,0.5478036175710594,0.0535901926444833,0.4816625916870415,SVM,tuned,clean,0.0,"{'class_weight': None, 'C': 10.0}",,,,,,,,,,,,123
0.1173406862745098,0.0541125541125541,0.3667481662591687,0.0943099654196793,0.9183887915936952,0.6332518337408313,SVM,tuned,FGSM_eps0.15,0.8198529411764706,"{'class_weight': None, 'C': 10.0}",FGSM,0.15,1.0,,,,,,,,,123
0.1167279411764705,0.0534296028880866,0.3618581907090464,0.093111041207927,0.9183887915936952,0.6381418092909535,SVM,tuned,FGSM_eps0.3,0.8204656862745098,"{'class_weight': None, 'C': 10.0}",FGSM,0.3,1.0,,,,,,,,,123
0.1161151960784313,0.0533910533910533,0.3618581907090464,0.0930524992140836,0.9190893169877408,0.6381418092909535,SVM,tuned,FGSM_eps0.5,0.821078431372549,"{'class_weight': None, 'C': 10.0}",FGSM,0.5,1.0,,,,,,,,,123
0.1158088235294117,0.0530494406351497,0.3594132029339853,0.0924528301886792,0.9190893169877408,0.6405867970660146,SVM,tuned,FGSM_eps0.75,0.8213848039215687,"{'class_weight': None, 'C': 10.0}",FGSM,0.75,1.0,,,,,,,,,123
0.1173406862745098,0.0541125541125541,0.3667481662591687,0.0943099654196793,0.9183887915936952,0.6332518337408313,SVM,tuned,PGD_eps0.15_it10,0.8198529411764706,"{'class_weight': None, 'C': 10.0}",PGD,0.15,10.0,,,,,,,,,123
0.1173406862745098,0.0541125541125541,0.3667481662591687,0.0943099654196793,0.9183887915936952,0.6332518337408313,SVM,tuned,PGD_eps0.15_it25,0.8198529411764706,"{'class_weight': None, 'C': 10.0}",PGD,0.15,25.0,,,,,,,,,123
0.1167279411764705,0.0534296028880866,0.3618581907090464,0.093111041207927,0.9183887915936952,0.6381418092909535,SVM,tuned,PGD_eps0.3_it10,0.8204656862745098,"{'class_weight': None, 'C': 10.0}",PGD,0.3,10.0,,,,,,,,,123
0.1167279411764705,0.0534296028880866,0.3618581907090464,0.093111041207927,0.9183887915936952,0.6381418092909535,SVM,tuned,PGD_eps0.3_it25,0.8204656862745098,"{'class_weight': None, 'C': 10.0}",PGD,0.3,25.0,,,,,,,,,123
0.1161151960784313,0.0533910533910533,0.3618581907090464,0.0930524992140836,0.9190893169877408,0.6381418092909535,SVM,tuned,PGD_eps0.5_it10,0.821078431372549,"{'class_weight': None, 'C': 10.0}",PGD,0.5,10.0,,,,,,,,,123
0.1161151960784313,0.0533910533910533,0.3618581907090464,0.0930524992140836,0.9190893169877408,0.6381418092909535,SVM,tuned,PGD_eps0.5_it25,0.821078431372549,"{'class_weight': None, 'C': 10.0}",PGD,0.5,25.0,,,,,,,,,123
0.1158088235294117,0.0530494406351497,0.3594132029339853,0.0924528301886792,0.9190893169877408,0.6405867970660146,SVM,tuned,PGD_eps0.75_it10,0.8213848039215687,"{'class_weight': None, 'C': 10.0}",PGD,0.75,10.0,,,,,,,,,123
0.1158088235294117,0.0530494406351497,0.3594132029339853,0.0924528301886792,0.9190893169877408,0.6405867970660146,SVM,tuned,PGD_eps0.75_it25,0.8213848039215687,"{'class_weight': None, 'C': 10.0}",PGD,0.75,25.0,,,,,,,,,123
0.1397058823529411,0.0454717696097006,0.293398533007335,0.0787401574803149,0.8823117338003502,0.706601466992665,SVM,tuned,CW_c0.0_it10,0.7907475490196079,"{'class_weight': None, 'C': 10.0}",CW,,10.0,0.0,,,,,,,,123
0.1142769607843137,0.0503623188405797,0.3398533007334963,0.087724834332597,0.9180385288966724,0.6601466992665037,SVM,tuned,CW_c0.5_it10,0.8229166666666666,"{'class_weight': None, 'C': 10.0}",CW,,10.0,0.5,,,,,,,,123
0.23,0.2985074626865671,0.4,0.3418803418803419,0.94,0.6,SVM,tuned,HopSkipJump_direct,1.0,"{'class_weight': None, 'C': 10.0}",,,,,100.0,77.0,0.0211394280195236,557.0,0.0,0.0,0.7846171855926514,123
0.8924632352941176,0.5810055865921788,0.508557457212714,0.5423728813559322,0.052539404553415,0.491442542787286,SVM,as_submitted,clean,0.0,{'max_iter': 500},,,,,,,,,,,,123
0.1387867647058823,0.0783005617977528,0.5452322738386308,0.1369358305188824,0.9194395796847636,0.4547677261613692,SVM,as_submitted,FGSM_eps0.15,0.7977941176470589,{'max_iter': 500},FGSM,0.15,1.0,,,,,,,,,123
0.1200980392156862,0.057491915199425,0.39119804400978,0.100250626566416,0.918739054290718,0.60880195599022,SVM,as_submitted,FGSM_eps0.3,0.8174019607843137,{'max_iter': 500},FGSM,0.3,1.0,,,,,,,,,123
0.119485294117647,0.0568140956490471,0.3863080684596577,0.0990595611285266,0.918739054290718,0.6136919315403423,SVM,as_submitted,FGSM_eps0.5,0.8180147058823529,{'max_iter': 500},FGSM,0.5,1.0,,,,,,,,,123
0.1176470588235294,0.0544536602957086,0.3691931540342298,0.0949088623507228,0.9183887915936952,0.6308068459657702,SVM,as_submitted,FGSM_eps0.75,0.8201593137254902,{'max_iter': 500},FGSM,0.75,1.0,,,,,,,,,123
0.1439950980392156,0.0837696335078534,0.58679706601467,0.1466096518020769,0.9194395796847636,0.4132029339853301,SVM,as_submitted,PGD_eps0.15_it10,0.7925857843137255,{'max_iter': 500},PGD,0.15,10.0,,,,,,,,,123
0.1430759803921568,0.0828092243186582,0.5794621026894865,0.1449098135126872,0.9194395796847636,0.4205378973105134,SVM,as_submitted,PGD_eps0.15_it25,0.7935049019607843,{'max_iter': 500},PGD,0.15,25.0,,,,,,,,,123
0.1176470588235294,0.0550954267194814,0.3740831295843521,0.096045197740113,0.9190893169877408,0.6259168704156479,SVM,as_submitted,PGD_eps0.3_it10,0.819546568627451,{'max_iter': 500},PGD,0.3,10.0,,,,,,,,,123
0.1182598039215686,0.0557754587981288,0.3789731051344743,0.0972396486825596,0.9190893169877408,0.6210268948655256,SVM,as_submitted,PGD_eps0.3_it25,0.8189338235294118,{'max_iter': 500},PGD,0.3,25.0,,,,,,,,,123
0.1176470588235294,0.0544536602957086,0.3691931540342298,0.0949088623507228,0.9183887915936952,0.6308068459657702,SVM,as_submitted,PGD_eps0.5_it10,0.8201593137254902,{'max_iter': 500},PGD,0.5,10.0,,,,,,,,,123
0.1176470588235294,0.0544536602957086,0.3691931540342298,0.0949088623507228,0.9183887915936952,0.6308068459657702,SVM,as_submitted,PGD_eps0.5_it25,0.8201593137254902,{'max_iter': 500},PGD,0.5,25.0,,,,,,,,,123
0.1176470588235294,0.0544536602957086,0.3691931540342298,0.0949088623507228,0.9183887915936952,0.6308068459657702,SVM,as_submitted,PGD_eps0.75_it10,0.8201593137254902,{'max_iter': 500},PGD,0.75,10.0,,,,,,,,,123
0.1173406862745098,0.0544340302811824,0.3691931540342298,0.0948790449261702,0.918739054290718,0.6308068459657702,SVM,as_submitted,PGD_eps0.75_it25,0.8204656862745098,{'max_iter': 500},PGD,0.75,25.0,,,,,,,,,123
0.2362132352941176,0.0417766051011433,0.2322738386308068,0.0708162504658963,0.7632224168126095,0.7677261613691931,SVM,as_submitted,CW_c0.0_it10,0.6816789215686274,{'max_iter': 500},CW,,10.0,0.0,,,,,,,,123
0.1412377450980392,0.051012753188297,0.3325183374083129,0.0884552845528455,0.8861646234676007,0.6674816625916871,SVM,as_submitted,CW_c0.5_it10,0.7901348039215687,{'max_iter': 500},CW,,10.0,0.5,,,,,,,,123
0.23,0.2985074626865671,0.4,0.3418803418803419,0.94,0.6,SVM,as_submitted,HopSkipJump_direct,1.0,{'max_iter': 500},,,,,100.0,77.0,0.0706585943698883,557.0,0.0,0.0,0.7985086441040039,123
0.9200367647058824,0.6796116504854369,0.684596577017115,0.682095006090134,0.0462346760070052,0.3154034229828851,RF,tuned,clean,0.0,"{'n_estimators': 50, 'min_samples_leaf': 1, 'max_features': None, 'max_depth': None}",,,,,,,,,,,,123
0.8661151960784313,0.28125,0.0440097799511002,0.0761099365750528,0.0161120840630472,0.9559902200488998,RF,tuned,FGSM_eps0.15,0.0949754901960784,"{'n_estimators': 50, 'min_samples_leaf': 1, 'max_features': None, 'max_depth': None}",FGSM,0.15,1.0,,,,,,,,,123
0.8514093137254902,0.1415094339622641,0.0366748166259168,0.058252427184466,0.0318739054290718,0.9633251833740832,RF,tuned,FGSM_eps0.3,0.1096813725490196,"{'n_estimators': 50, 'min_samples_leaf': 1, 'max_features': None, 'max_depth': None}",FGSM,0.3,1.0,,,,,,,,,123
0.8020833333333334,0.0955631399317406,0.0684596577017114,0.0797720797720797,0.0928196147110332,0.9315403422982884,RF,tuned,FGSM_eps0.5,0.1611519607843137,"{'n_estimators': 50, 'min_samples_leaf': 1, 'max_features': None, 'max_depth': None}",FGSM,0.5,1.0,,,,,,,,,123
0.1246936274509804,0.0506607929515418,0.3374083129584352,0.0880944781359719,0.9057793345008756,0.6625916870415648,RF,tuned,FGSM_eps0.75,0.8333333333333334,"{'n_estimators': 50, 'min_samples_leaf': 1, 'max_features': None, 'max_depth': None}",FGSM,0.75,1.0,,,,,,,,,123
0.8700980392156863,0.4074074074074074,0.0806845965770171,0.1346938775510204,0.0168126094570928,0.9193154034229828,RF,tuned,PGD_eps0.15_it10,0.0909926470588235,"{'n_estimators': 50, 'min_samples_leaf': 1, 'max_features': None, 'max_depth': None}",PGD,0.15,10.0,,,,,,,,,123
0.8700980392156863,0.4074074074074074,0.0806845965770171,0.1346938775510204,0.0168126094570928,0.9193154034229828,RF,tuned,PGD_eps0.15_it25,0.0909926470588235,"{'n_estimators': 50, 'min_samples_leaf': 1, 'max_features': None, 'max_depth': None}",PGD,0.15,25.0,,,,,,,,,123
0.8550857843137255,0.219298245614035,0.0611246943765281,0.0956022944550669,0.0311733800350262,0.938875305623472,RF,tuned,PGD_eps0.3_it10,0.1063112745098039,"{'n_estimators': 50, 'min_samples_leaf': 1, 'max_features': None, 'max_depth': None}",PGD,0.3,10.0,,,,,,,,,123
0.8544730392156863,0.2203389830508474,0.0635696821515892,0.0986717267552182,0.0322241681260945,0.9364303178484108,RF,tuned,PGD_eps0.3_it25,0.1069240196078431,"{'n_estimators': 50, 'min_samples_leaf': 1, 'max_features': None, 'max_depth': None}",PGD,0.3,25.0,,,,,,,,,123
0.8063725490196079,0.1087719298245614,0.0757946210268948,0.0893371757925072,0.0889667250437828,0.9242053789731052,RF,tuned,PGD_eps0.5_it10,0.1568627450980392,"{'n_estimators': 50, 'min_samples_leaf': 1, 'max_features': None, 'max_depth': None}",PGD,0.5,10.0,,,,,,,,,123
0.8085171568627451,0.1275862068965517,0.0904645476772616,0.105865522174535,0.08861646234676,0.9095354523227384,RF,tuned,PGD_eps0.5_it25,0.1553308823529411,"{'n_estimators': 50, 'min_samples_leaf': 1, 'max_features': None, 'max_depth': None}",PGD,0.5,25.0,,,,,,,,,123
0.2662377450980392,0.0510849909584086,0.2762836185819071,0.0862266310568485,0.7352014010507881,0.7237163814180929,RF,tuned,PGD_eps0.75_it10,0.6951593137254902,"{'n_estimators': 50, 'min_samples_leaf': 1, 'max_features': None, 'max_depth': None}",PGD,0.75,10.0,,,,,,,,,123
0.1945465686274509,0.0513338722716249,0.3105134474327628,0.0881026708289975,0.8220665499124343,0.6894865525672371,RF,tuned,PGD_eps0.75_it25,0.7640931372549019,"{'n_estimators': 50, 'min_samples_leaf': 1, 'max_features': None, 'max_depth': None}",PGD,0.75,25.0,,,,,,,,,123
0.8584558823529411,0.2087912087912088,0.0464547677261613,0.076,0.0252189141856392,0.9535452322738386,RF,tuned,CW_c0.0_it10,0.0986519607843137,"{'n_estimators': 50, 'min_samples_leaf': 1, 'max_features': None, 'max_depth': None}",CW,,10.0,0.0,,,,,,,,123
0.8627450980392157,0.1578947368421052,0.0220048899755501,0.03862660944206,0.0168126094570928,0.9779951100244498,RF,tuned,CW_c0.5_it10,0.0980392156862745,"{'n_estimators': 50, 'min_samples_leaf': 1, 'max_features': None, 'max_depth': None}",CW,,10.0,0.5,,,,,,,,123
0.18,0.2142857142857142,0.24,0.2264150943396226,0.88,0.76,RF,tuned,HopSkipJump_direct,0.9523809523809524,"{'n_estimators': 50, 'min_samples_leaf': 1, 'max_features': None, 'max_depth': None}",,,,,100.0,84.0,0.7821643948554993,559.5,0.0,0.0,24.891759395599365,123
0.9111519607843136,0.64,0.6650366748166259,0.6522781774580336,0.0535901926444833,0.334963325183374,RF,as_submitted,clean,0.0,{'n_estimators': 50},,,,,,,,,,,,123
0.8541666666666666,0.1546391752577319,0.0366748166259168,0.0592885375494071,0.0287215411558669,0.9633251833740832,RF,as_submitted,FGSM_eps0.15,0.1044730392156862,{'n_estimators': 50},FGSM,0.15,1.0,,,,,,,,,123
0.8265931372549019,0.0756756756756756,0.0342298288508557,0.0471380471380471,0.0598949211908931,0.9657701711491442,RF,as_submitted,FGSM_eps0.3,0.1323529411764706,{'n_estimators': 50},FGSM,0.3,1.0,,,,,,,,,123
0.765625,0.0572139303482587,0.0562347188264058,0.0567200986436498,0.1327495621716287,0.9437652811735942,RF,as_submitted,FGSM_eps0.5,0.1948529411764706,{'n_estimators': 50},FGSM,0.5,1.0,,,,,,,,,123
0.2824754901960784,0.0552231937413713,0.293398533007335,0.0929512006196746,0.7190893169877408,0.706601466992665,RF,as_submitted,FGSM_eps0.75,0.6755514705882353,{'n_estimators': 50},FGSM,0.75,1.0,,,,,,,,,123
0.8618259803921569,0.3055555555555556,0.0806845965770171,0.1276595744680851,0.0262697022767075,0.9193154034229828,RF,as_submitted,PGD_eps0.15_it10,0.0971200980392156,{'n_estimators': 50},PGD,0.15,10.0,,,,,,,,,123
0.8642769607843137,0.3333333333333333,0.0831295843520782,0.1330724070450097,0.0238178633975481,0.9168704156479216,RF,as_submitted,PGD_eps0.15_it25,0.0946691176470588,{'n_estimators': 50},PGD,0.15,25.0,,,,,,,,,123
0.8207720588235294,0.0510204081632653,0.0244498777506112,0.0330578512396694,0.0651488616462346,0.9755501222493888,RF,as_submitted,PGD_eps0.3_it10,0.1381740196078431,{'n_estimators': 50},PGD,0.3,10.0,,,,,,,,,123
0.8232230392156863,0.0578947368421052,0.0268948655256723,0.0367278797996661,0.0626970227670753,0.9731051344743276,RF,as_submitted,PGD_eps0.3_it25,0.1354166666666666,{'n_estimators': 50},PGD,0.3,25.0,,,,,,,,,123
0.7962622549019608,0.0492957746478873,0.0342298288508557,0.0404040404040404,0.0945709281961471,0.9657701711491442,RF,as_submitted,PGD_eps0.5_it10,0.1632965686274509,{'n_estimators': 50},PGD,0.5,10.0,,,,,,,,,123
0.7953431372549019,0.048780487804878,0.0342298288508557,0.0402298850574712,0.0956217162872154,0.9657701711491442,RF,as_submitted,PGD_eps0.5_it25,0.1642156862745098,{'n_estimators': 50},PGD,0.5,25.0,,,,,,,,,123
0.4537377450980392,0.0486202365308804,0.1809290953545232,0.0766442257897462,0.5071803852889667,0.8190709046454768,RF,as_submitted,PGD_eps0.75_it10,0.4993872549019608,{'n_estimators': 50},PGD,0.75,10.0,,,,,,,,,123
0.3382352941176471,0.0507952796305797,0.2420537897310513,0.0839694656488549,0.647985989492119,0.7579462102689487,RF,as_submitted,PGD_eps0.75_it25,0.6155024509803921,{'n_estimators': 50},PGD,0.75,25.0,,,,,,,,,123
0.8563112745098039,0.2,0.0488997555012225,0.0785854616895874,0.0280210157618213,0.9511002444987776,RF,as_submitted,CW_c0.0_it10,0.0983455882352941,{'n_estimators': 50},CW,,10.0,0.0,,,,,,,,123
0.8566176470588235,0.160919540229885,0.0342298288508557,0.0564516129032258,0.0255691768826619,0.9657701711491442,RF,as_submitted,CW_c0.5_it10,0.102328431372549,{'n_estimators': 50},CW,,10.0,0.5,,,,,,,,123
0.26,0.2272727272727272,0.2,0.2127659574468085,0.68,0.8,RF,as_submitted,HopSkipJump_direct,0.8625,{'n_estimators': 50},,,,,100.0,80.0,0.7946913242340088,562.0,0.0,0.0,23.881768941879272,123
0.8909313725490197,0.5759312320916905,0.491442542787286,0.5303430079155673,0.0518388791593695,0.508557457212714,LR,tuned,clean,0.0,"{'class_weight': 'balanced', 'C': 0.1}",,,,,,,,,,,,31
0.2175245098039215,0.1055535123207061,0.7017114914425427,0.1835038363171355,0.8518388791593695,0.2982885085574572,LR,tuned,FGSM_eps0.15,0.7107843137254902,"{'class_weight': 'balanced', 'C': 0.1}",FGSM,0.15,1.0,,,,,,,,,31
0.1724877450980392,0.0877697841726618,0.5965770171149144,0.1530260269677014,0.8882661996497373,0.4034229828850856,LR,tuned,FGSM_eps0.3,0.7582720588235294,"{'class_weight': 'balanced', 'C': 0.1}",FGSM,0.3,1.0,,,,,,,,,31
0.152267156862745,0.0649446494464944,0.4303178484107579,0.1128566848348829,0.8875656742556918,0.5696821515892421,LR,tuned,FGSM_eps0.5,0.7791053921568627,"{'class_weight': 'balanced', 'C': 0.1}",FGSM,0.5,1.0,,,,,,,,,31
0.1482843137254902,0.0604375231738969,0.3985330073349633,0.1049581455247907,0.8875656742556918,0.6014669926650367,LR,tuned,FGSM_eps0.75,0.7830882352941176,"{'class_weight': 'balanced', 'C': 0.1}",FGSM,0.75,1.0,,,,,,,,,31
0.1914828431372549,0.1034850640113798,0.7114914425427873,0.1806892269481527,0.8830122591943957,0.2885085574572127,LR,tuned,PGD_eps0.15_it10,0.7389705882352942,"{'class_weight': 'balanced', 'C': 0.1}",PGD,0.15,10.0,,,,,,,,,31
0.1911764705882352,0.1034482758620689,0.7114914425427873,0.180633147113594,0.8833625218914186,0.2885085574572127,LR,tuned,PGD_eps0.15_it25,0.7392769607843137,"{'class_weight': 'balanced', 'C': 0.1}",PGD,0.15,25.0,,,,,,,,,31
0.1786151960784313,0.0939957112223016,0.6430317848410758,0.164016214530714,0.8879159369527145,0.3569682151589242,LR,tuned,PGD_eps0.3_it10,0.7524509803921569,"{'class_weight': 'balanced', 'C': 0.1}",PGD,0.3,10.0,,,,,,,,,31
0.1773897058823529,0.0926986399427344,0.6332518337408313,0.1617233843271932,0.8879159369527145,0.3667481662591687,LR,tuned,PGD_eps0.3_it25,0.7536764705882353,"{'class_weight': 'balanced', 'C': 0.1}",PGD,0.3,25.0,,,,,,,,,31
0.1470588235294117,0.059369202226345,0.39119804400978,0.1030927835051546,0.8879159369527145,0.60880195599022,LR,tuned,PGD_eps0.5_it10,0.7840073529411765,"{'class_weight': 'balanced', 'C': 0.1}",PGD,0.5,10.0,,,,,,,,,31
0.150735294117647,0.0635389730328777,0.4205378973105134,0.110397946084724,0.8879159369527145,0.5794621026894865,LR,tuned,PGD_eps0.5_it25,0.7803308823529411,"{'class_weight': 'balanced', 'C': 0.1}",PGD,0.5,25.0,,,,,,,,,31
0.1378676470588235,0.0484416072099136,0.3154034229828851,0.083984375,0.8875656742556918,0.684596577017115,LR,tuned,PGD_eps0.75_it10,0.7935049019607843,"{'class_weight': 'balanced', 'C': 0.1}",PGD,0.75,10.0,,,,,,,,,31
0.1393995098039215,0.0502248875562218,0.3276283618581907,0.0870978225544361,0.8875656742556918,0.6723716381418093,LR,tuned,PGD_eps0.75_it25,0.7919730392156863,"{'class_weight': 'balanced', 'C': 0.1}",PGD,0.75,25.0,,,,,,,,,31
0.6259191176470589,0.1666666666666666,0.4963325183374083,0.249539028887523,0.3555166374781086,0.5036674816625917,LR,tuned,CW_c0.0_it10,0.2714460784313725,"{'class_weight': 'balanced', 'C': 0.1}",CW,,10.0,0.0,,,,,,,,31
0.5618872549019608,0.1427571728481455,0.4987775061124694,0.2219804134929271,0.4290718038528897,0.5012224938875306,LR,tuned,CW_c0.5_it10,0.3385416666666667,"{'class_weight': 'balanced', 'C': 0.1}",CW,,10.0,0.5,,,,,,,,31
0.29,0.3636363636363636,0.56,0.4409448818897638,0.98,0.44,LR,tuned,HopSkipJump_direct,1.0,"{'class_weight': 'balanced', 'C': 0.1}",,,,,100.0,71.0,0.3302545249462127,556.0,0.0,0.0,0.777642011642456,31
0.8881740196078431,0.5607734806629834,0.4963325183374083,0.5265888456549935,0.0556917688266199,0.5036674816625917,LR,as_submitted,clean,0.0,{'max_iter': 500},,,,,,,,,,,,31
0.2380514705882352,0.1061410159211523,0.684596577017115,0.1837873318017722,0.8259194395796847,0.3154034229828851,LR,as_submitted,FGSM_eps0.15,0.6884191176470589,{'max_iter': 500},FGSM,0.15,1.0,,,,,,,,,31
0.1629901960784313,0.0680550390479732,0.4474327628361858,0.118140735958683,0.8777583187390543,0.5525672371638142,LR,as_submitted,FGSM_eps0.3,0.7662377450980392,{'max_iter': 500},FGSM,0.3,1.0,,,,,,,,,31
0.1519607843137254,0.0613611007809594,0.4034229828850856,0.1065203357004519,0.8840630472854641,0.5965770171149144,LR,as_submitted,FGSM_eps0.5,0.7775735294117647,{'max_iter': 500},FGSM,0.5,1.0,,,,,,,,,31
0.1452205882352941,0.0552857676503548,0.3618581907090464,0.0959170447180816,0.885814360770578,0.6381418092909535,LR,as_submitted,FGSM_eps0.75,0.7843137254901961,{'max_iter': 500},FGSM,0.75,1.0,,,,,,,,,31
0.2126225490196078,0.1052246985750822,0.7041564792176039,0.1830896376350921,0.8577933450087566,0.295843520782396,LR,as_submitted,PGD_eps0.15_it10,0.7169117647058824,{'max_iter': 500},PGD,0.15,10.0,,,,,,,,,31
0.211703431372549,0.1051094890510948,0.7041564792176039,0.1829152111781518,0.8588441330998249,0.295843520782396,LR,as_submitted,PGD_eps0.15_it25,0.7178308823529411,{'max_iter': 500},PGD,0.15,25.0,,,,,,,,,31
0.1694240196078431,0.0838756326825741,0.5672371638141809,0.1461417322834645,0.8875656742556918,0.432762836185819,LR,as_submitted,PGD_eps0.3_it10,0.7604166666666666,{'max_iter': 500},PGD,0.3,10.0,,,,,,,,,31
0.1703431372549019,0.0845681243223708,0.5721271393643031,0.1473551637279597,0.887215411558669,0.4278728606356968,LR,as_submitted,PGD_eps0.3_it25,0.7591911764705882,{'max_iter': 500},PGD,0.3,25.0,,,,,,,,,31
0.1470588235294117,0.059369202226345,0.39119804400978,0.1030927835051546,0.8879159369527145,0.60880195599022,LR,as_submitted,PGD_eps0.5_it10,0.7827818627450981,{'max_iter': 500},PGD,0.5,10.0,,,,,,,,,31
0.1525735294117647,0.0656100258016955,0.4352078239608802,0.1140294682895579,0.8879159369527145,0.5647921760391198,LR,as_submitted,PGD_eps0.5_it25,0.7772671568627451,{'max_iter': 500},PGD,0.5,25.0,,,,,,,,,31
0.1372549019607843,0.0477264186396091,0.3105134474327628,0.0827361563517915,0.8875656742556918,0.6894865525672371,LR,as_submitted,PGD_eps0.75_it10,0.7928921568627451,{'max_iter': 500},PGD,0.75,10.0,,,,,,,,,31
0.143688725490196,0.0558451228592702,0.3667481662591687,0.0969305331179321,0.8882661996497373,0.6332518337408313,LR,as_submitted,PGD_eps0.75_it25,0.7861519607843137,{'max_iter': 500},PGD,0.75,25.0,,,,,,,,,31
0.4656862745098039,0.1179164281625644,0.5036674816625917,0.1910946196660482,0.5397548161120841,0.4963325183374083,LR,as_submitted,CW_c0.0_it10,0.4341299019607843,{'max_iter': 500},CW,,10.0,0.0,,,,,,,,31
0.3379289215686274,0.1082289803220035,0.5916870415647921,0.1829867674858223,0.6984238178633976,0.4083129584352078,LR,as_submitted,CW_c0.5_it10,0.5756740196078431,{'max_iter': 500},CW,,10.0,0.5,,,,,,,,31
0.3,0.3684210526315789,0.56,0.4444444444444444,0.96,0.44,LR,as_submitted,HopSkipJump_direct,1.0,{'max_iter': 500},,,,,100.0,70.0,0.1683983206748962,556.0,0.0,0.0,0.7954537868499756,31
0.8936887254901961,0.592814371257485,0.4841075794621027,0.5329744279946165,0.0476357267950963,0.5158924205378973,SVM,tuned,clean,0.0,"{'class_weight': 'balanced', 'C': 0.1}",,,,,,,,,,,,31
0.2239583333333333,0.0995475113122171,0.6454767726161369,0.1724926494609604,0.8364273204903677,0.3545232273838631,SVM,tuned,FGSM_eps0.15,0.7071078431372549,"{'class_weight': 'balanced', 'C': 0.1}",FGSM,0.15,1.0,,,,,,,,,31
0.1531862745098039,0.0653377630121816,0.432762836185819,0.1135343168697883,0.8868651488616462,0.5672371638141809,SVM,tuned,FGSM_eps0.3,0.7803308823529411,"{'class_weight': 'balanced', 'C': 0.1}",FGSM,0.3,1.0,,,,,,,,,31
0.1427696078431372,0.0541246733855916,0.3545232273838631,0.0939119170984456,0.8875656742556918,0.6454767726161369,SVM,tuned,FGSM_eps0.5,0.7907475490196079,"{'class_weight': 'balanced', 'C': 0.1}",FGSM,0.5,1.0,,,,,,,,,31
0.1412377450980392,0.0523560209424083,0.3422982885085575,0.090820629257217,0.8875656742556918,0.6577017114914425,SVM,tuned,FGSM_eps0.75,0.7922794117647058,"{'class_weight': 'balanced', 'C': 0.1}",FGSM,0.75,1.0,,,,,,,,,31
0.2043504901960784,0.1001461988304093,0.6699266503667481,0.1742448330683624,0.8623467600700525,0.3300733496332518,SVM,tuned,PGD_eps0.15_it10,0.7285539215686274,"{'class_weight': 'balanced', 'C': 0.1}",PGD,0.15,10.0,,,,,,,,,31
0.2040441176470588,0.1001096090610157,0.6699266503667481,0.1741894469167196,0.8626970227670753,0.3300733496332518,SVM,tuned,PGD_eps0.15_it25,0.7288602941176471,"{'class_weight': 'balanced', 'C': 0.1}",PGD,0.15,25.0,,,,,,,,,31
0.1568627450980392,0.0697759823723834,0.4645476772616136,0.1213282247765006,0.887215411558669,0.5354523227383863,SVM,tuned,PGD_eps0.3_it10,0.7766544117647058,"{'class_weight': 'balanced', 'C': 0.1}",PGD,0.3,10.0,,,,,,,,,31
0.1583946078431372,0.0717948717948717,0.4792176039119804,0.1248805352022937,0.8875656742556918,0.5207823960880196,SVM,tuned,PGD_eps0.3_it25,0.7748161764705882,"{'class_weight': 'balanced', 'C': 0.1}",PGD,0.3,25.0,,,,,,,,,31
0.1381740196078431,0.0487987987987987,0.3178484107579462,0.0846078750406768,0.8875656742556918,0.6821515892420538,SVM,tuned,PGD_eps0.5_it10,0.7953431372549019,"{'class_weight': 'balanced', 'C': 0.1}",PGD,0.5,10.0,,,,,,,,,31
0.140625,0.0516467065868263,0.3374083129584352,0.0895813047711781,0.8875656742556918,0.6625916870415648,SVM,tuned,PGD_eps0.5_it25,0.7928921568627451,"{'class_weight': 'balanced', 'C': 0.1}",PGD,0.5,25.0,,,,,,,,,31
0.1369485294117647,0.0473684210526315,0.3080684596577017,0.0821114369501466,0.8875656742556918,0.6919315403422983,SVM,tuned,PGD_eps0.75_it10,0.7965686274509803,"{'class_weight': 'balanced', 'C': 0.1}",PGD,0.75,10.0,,,,,,,,,31
0.1372549019607843,0.0477264186396091,0.3105134474327628,0.0827361563517915,0.8875656742556918,0.6894865525672371,SVM,tuned,PGD_eps0.75_it25,0.7962622549019608,"{'class_weight': 'balanced', 'C': 0.1}",PGD,0.75,25.0,,,,,,,,,31
0.5159313725490197,0.0942480942480942,0.3325183374083129,0.1468682505399568,0.4577933450087565,0.6674816625916871,SVM,tuned,CW_c0.0_it10,0.3866421568627451,"{'class_weight': 'balanced', 'C': 0.1}",CW,,10.0,0.0,,,,,,,,31
0.4004289215686274,0.0728476821192053,0.3227383863080684,0.1188653759567762,0.5884413309982487,0.6772616136919315,SVM,tuned,CW_c0.5_it10,0.5098039215686274,"{'class_weight': 'balanced', 'C': 0.1}",CW,,10.0,0.5,,,,,,,,31
0.29,0.3636363636363636,0.56,0.4409448818897638,0.98,0.44,SVM,tuned,HopSkipJump_direct,1.0,"{'class_weight': 'balanced', 'C': 0.1}",,,,,100.0,71.0,0.1829400807619094,556.0,0.0,0.0,0.7963688373565674,31
0.8924632352941176,0.5857988165680473,0.4841075794621027,0.5301204819277109,0.0490367775831873,0.5158924205378973,SVM,as_submitted,clean,0.0,{'max_iter': 500},,,,,,,,,,,,31
0.1485906862745098,0.0604599406528189,0.3985330073349633,0.1049919484702093,0.887215411558669,0.6014669926650367,SVM,as_submitted,FGSM_eps0.15,0.7840073529411765,{'max_iter': 500},FGSM,0.15,1.0,,,,,,,,,31
0.1372549019607843,0.0477264186396091,0.3105134474327628,0.0827361563517915,0.8875656742556918,0.6894865525672371,SVM,as_submitted,FGSM_eps0.3,0.7953431372549019,{'max_iter': 500},FGSM,0.3,1.0,,,,,,,,,31
0.1372549019607843,0.0470455400828001,0.3056234718826406,0.0815394651011089,0.8868651488616462,0.6943765281173594,SVM,as_submitted,FGSM_eps0.5,0.7959558823529411,{'max_iter': 500},FGSM,0.5,1.0,,,,,,,,,31
0.1372549019607843,0.0470455400828001,0.3056234718826406,0.0815394651011089,0.8868651488616462,0.6943765281173594,SVM,as_submitted,FGSM_eps0.75,0.7959558823529411,{'max_iter': 500},FGSM,0.75,1.0,,,,,,,,,31
0.150735294117647,0.0628930817610062,0.4156479217603912,0.1092544987146529,0.887215411558669,0.5843520782396088,SVM,as_submitted,PGD_eps0.15_it10,0.7818627450980392,{'max_iter': 500},PGD,0.15,10.0,,,,,,,,,31
0.150735294117647,0.0628930817610062,0.4156479217603912,0.1092544987146529,0.887215411558669,0.5843520782396088,SVM,as_submitted,PGD_eps0.15_it25,0.7818627450980392,{'max_iter': 500},PGD,0.15,25.0,,,,,,,,,31
0.1369485294117647,0.0473684210526315,0.3080684596577017,0.0821114369501466,0.8875656742556918,0.6919315403422983,SVM,as_submitted,PGD_eps0.3_it10,0.7956495098039216,{'max_iter': 500},PGD,0.3,10.0,,,,,,,,,31
0.1369485294117647,0.0473684210526315,0.3080684596577017,0.0821114369501466,0.8875656742556918,0.6919315403422983,SVM,as_submitted,PGD_eps0.3_it25,0.7956495098039216,{'max_iter': 500},PGD,0.3,25.0,,,,,,,,,31
0.136642156862745,0.0470101541933057,0.3056234718826406,0.0814863102998696,0.8875656742556918,0.6943765281173594,SVM,as_submitted,PGD_eps0.5_it10,0.7959558823529411,{'max_iter': 500},PGD,0.5,10.0,,,,,,,,,31
0.136642156862745,0.0470101541933057,0.3056234718826406,0.0814863102998696,0.8875656742556918,0.6943765281173594,SVM,as_submitted,PGD_eps0.5_it25,0.7959558823529411,{'max_iter': 500},PGD,0.5,25.0,,,,,,,,,31
0.136642156862745,0.0470101541933057,0.3056234718826406,0.0814863102998696,0.8875656742556918,0.6943765281173594,SVM,as_submitted,PGD_eps0.75_it10,0.7959558823529411,{'max_iter': 500},PGD,0.75,10.0,,,,,,,,,31
0.136642156862745,0.0470101541933057,0.3056234718826406,0.0814863102998696,0.8875656742556918,0.6943765281173594,SVM,as_submitted,PGD_eps0.75_it25,0.7959558823529411,{'max_iter': 500},PGD,0.75,25.0,,,,,,,,,31
0.2815563725490196,0.0310077519379844,0.1564792176039119,0.0517589971694298,0.7005253940455342,0.843520782396088,SVM,as_submitted,CW_c0.0_it10,0.6299019607843137,{'max_iter': 500},CW,,10.0,0.0,,,,,,,,31
0.1770833333333333,0.0425873844917637,0.2591687041564792,0.0731538992408557,0.8346760070052539,0.7408312958435208,SVM,as_submitted,CW_c0.5_it10,0.7484681372549019,{'max_iter': 500},CW,,10.0,0.5,,,,,,,,31
0.3,0.3684210526315789,0.56,0.4444444444444444,0.96,0.44,SVM,as_submitted,HopSkipJump_direct,1.0,{'max_iter': 500},,,,,100.0,70.0,0.0934797599911689,557.0,0.0,0.0,0.7963600158691406,31
0.918811274509804,0.6531914893617021,0.7506112469437652,0.6985210466439136,0.057092819614711,0.2493887530562347,RF,tuned,clean,0.0,"{'n_estimators': 100, 'min_samples_leaf': 2, 'max_features': None, 'max_depth': 20}",,,,,,,,,,,,31
0.8572303921568627,0.1724137931034483,0.0366748166259168,0.0604838709677419,0.0252189141856392,0.9633251833740832,RF,tuned,FGSM_eps0.15,0.1106004901960784,"{'n_estimators': 100, 'min_samples_leaf': 2, 'max_features': None, 'max_depth': 20}",FGSM,0.15,1.0,,,,,,,,,31
0.8409926470588235,0.1126760563380281,0.0391198044009779,0.058076225045372,0.0441330998248686,0.960880195599022,RF,tuned,FGSM_eps0.3,0.128063725490196,"{'n_estimators': 100, 'min_samples_leaf': 2, 'max_features': None, 'max_depth': 20}",FGSM,0.3,1.0,,,,,,,,,31
0.7478553921568627,0.0792682926829268,0.0953545232273838,0.0865704772475027,0.1586690017513135,0.904645476772616,RF,tuned,FGSM_eps0.5,0.2224264705882352,"{'n_estimators': 100, 'min_samples_leaf': 2, 'max_features': None, 'max_depth': 20}",FGSM,0.5,1.0,,,,,,,,,31
0.1397058823529411,0.049906191369606,0.3251833740831296,0.0865322055953155,0.8868651488616462,0.6748166259168704,RF,tuned,FGSM_eps0.75,0.8219975490196079,"{'n_estimators': 100, 'min_samples_leaf': 2, 'max_features': None, 'max_depth': 20}",FGSM,0.75,1.0,,,,,,,,,31
0.8578431372549019,0.1764705882352941,0.0366748166259168,0.0607287449392712,0.0245183887915936,0.9633251833740832,RF,tuned,PGD_eps0.15_it10,0.1102941176470588,"{'n_estimators': 100, 'min_samples_leaf': 2, 'max_features': None, 'max_depth': 20}",PGD,0.15,10.0,,,,,,,,,31
0.8581495098039216,0.1860465116279069,0.0391198044009779,0.0646464646464646,0.0245183887915936,0.960880195599022,RF,tuned,PGD_eps0.15_it25,0.1102941176470588,"{'n_estimators': 100, 'min_samples_leaf': 2, 'max_features': None, 'max_depth': 20}",PGD,0.15,25.0,,,,,,,,,31
0.8431372549019608,0.1185185185185185,0.0391198044009779,0.0588235294117647,0.0416812609457092,0.960880195599022,RF,tuned,PGD_eps0.3_it10,0.1256127450980392,"{'n_estimators': 100, 'min_samples_leaf': 2, 'max_features': None, 'max_depth': 20}",PGD,0.3,10.0,,,,,,,,,31
0.8419117647058824,0.1151079136690647,0.0391198044009779,0.0583941605839416,0.0430823117338003,0.960880195599022,RF,tuned,PGD_eps0.3_it25,0.1268382352941176,"{'n_estimators': 100, 'min_samples_leaf': 2, 'max_features': None, 'max_depth': 20}",PGD,0.3,25.0,,,,,,,,,31
0.7408088235294118,0.0806142034548944,0.1026894865525672,0.0903225806451612,0.1677758318739054,0.8973105134474327,RF,tuned,PGD_eps0.5_it10,0.2297794117647058,"{'n_estimators': 100, 'min_samples_leaf': 2, 'max_features': None, 'max_depth': 20}",PGD,0.5,10.0,,,,,,,,,31
0.7368259803921569,0.0754716981132075,0.097799511002445,0.0851970181043663,0.1716287215411558,0.902200488997555,RF,tuned,PGD_eps0.5_it25,0.2337622549019608,"{'n_estimators': 100, 'min_samples_leaf': 2, 'max_features': None, 'max_depth': 20}",PGD,0.5,25.0,,,,,,,,,31
0.1430759803921568,0.0473843821076573,0.3056234718826406,0.082047915982934,0.8802101576182136,0.6943765281173594,RF,tuned,PGD_eps0.75_it10,0.8186274509803921,"{'n_estimators': 100, 'min_samples_leaf': 2, 'max_features': None, 'max_depth': 20}",PGD,0.75,10.0,,,,,,,,,31
0.1387867647058823,0.0471342383107089,0.3056234718826406,0.0816726559947729,0.8851138353765324,0.6943765281173594,RF,tuned,PGD_eps0.75_it25,0.8229166666666666,"{'n_estimators': 100, 'min_samples_leaf': 2, 'max_features': None, 'max_depth': 20}",PGD,0.75,25.0,,,,,,,,,31
0.8581495098039216,0.2857142857142857,0.0880195599022004,0.1345794392523364,0.031523642732049,0.9119804400977995,RF,tuned,CW_c0.0_it10,0.1041666666666666,"{'n_estimators': 100, 'min_samples_leaf': 2, 'max_features': None, 'max_depth': 20}",CW,,10.0,0.0,,,,,,,,31
0.8621323529411765,0.2337662337662337,0.0440097799511002,0.074074074074074,0.0206654991243432,0.9559902200488998,RF,tuned,CW_c0.5_it10,0.1053921568627451,"{'n_estimators': 100, 'min_samples_leaf': 2, 'max_features': None, 'max_depth': 20}",CW,,10.0,0.5,,,,,,,,31
0.17,0.2203389830508474,0.26,0.2385321100917431,0.92,0.74,RF,tuned,HopSkipJump_direct,1.0,"{'n_estimators': 100, 'min_samples_leaf': 2, 'max_features': None, 'max_depth': 20}",,,,,100.0,83.0,0.5190163850784302,560.0,0.0,0.0,49.38040566444397,31
0.9154411764705882,0.6501128668171557,0.7041564792176039,0.676056338028169,0.0542907180385289,0.295843520782396,RF,as_submitted,clean,0.0,{'n_estimators': 50},,,,,,,,,,,,31
0.8655024509803921,0.2413793103448276,0.0342298288508557,0.0599571734475374,0.0154115586690017,0.9657701711491442,RF,as_submitted,FGSM_eps0.15,0.0977328431372549,{'n_estimators': 50},FGSM,0.15,1.0,,,,,,,,,31
0.8302696078431373,0.0809248554913294,0.0342298288508557,0.0481099656357388,0.0556917688266199,0.9657701711491442,RF,as_submitted,FGSM_eps0.3,0.1332720588235294,{'n_estimators': 50},FGSM,0.3,1.0,,,,,,,,,31
0.4231004901960784,0.0527912621359223,0.2127139364303178,0.0845892075838599,0.5467600700525395,0.7872860635696821,RF,as_submitted,FGSM_eps0.5,0.5321691176470589,{'n_estimators': 50},FGSM,0.5,1.0,,,,,,,,,31
0.1409313725490196,0.0438095238095238,0.2811735941320293,0.075807514831905,0.8791593695271454,0.7188264058679706,RF,as_submitted,FGSM_eps0.75,0.8128063725490197,{'n_estimators': 50},FGSM,0.75,1.0,,,,,,,,,31
0.8661151960784313,0.2941176470588235,0.0488997555012225,0.0838574423480083,0.0168126094570928,0.9511002444987776,RF,as_submitted,PGD_eps0.15_it10,0.0971200980392156,{'n_estimators': 50},PGD,0.15,10.0,,,,,,,,,31
0.8676470588235294,0.3174603174603174,0.0488997555012225,0.0847457627118644,0.0150612959719789,0.9511002444987776,RF,as_submitted,PGD_eps0.15_it25,0.0955882352941176,{'n_estimators': 50},PGD,0.15,25.0,,,,,,,,,31
0.8572303921568627,0.2285714285714285,0.0586797066014669,0.0933852140077821,0.0283712784588441,0.941320293398533,RF,as_submitted,PGD_eps0.3_it10,0.1063112745098039,{'n_estimators': 50},PGD,0.3,10.0,,,,,,,,,31
0.8566176470588235,0.2079207920792079,0.0513447432762836,0.0823529411764705,0.0280210157618213,0.9486552567237164,RF,as_submitted,PGD_eps0.3_it25,0.1069240196078431,{'n_estimators': 50},PGD,0.3,25.0,,,,,,,,,31
0.6510416666666666,0.0794930875576036,0.1687041564792176,0.1080657791699295,0.2798598949211909,0.8312958435207825,RF,as_submitted,PGD_eps0.5_it10,0.3036151960784313,{'n_estimators': 50},PGD,0.5,10.0,,,,,,,,,31
0.6488970588235294,0.0720092915214866,0.1515892420537897,0.0976377952755905,0.2798598949211909,0.8484107579462102,RF,as_submitted,PGD_eps0.5_it25,0.3069852941176471,{'n_estimators': 50},PGD,0.5,25.0,,,,,,,,,31
0.2487745098039215,0.047808764940239,0.2640586797066014,0.08095952023988,0.753415061295972,0.7359413202933985,RF,as_submitted,PGD_eps0.75_it10,0.7061887254901961,{'n_estimators': 50},PGD,0.75,10.0,,,,,,,,,31
0.2935049019607843,0.0455198850023957,0.2322738386308068,0.0761217948717948,0.697723292469352,0.7677261613691931,RF,as_submitted,PGD_eps0.75_it25,0.6666666666666666,{'n_estimators': 50},PGD,0.75,25.0,,,,,,,,,31
0.8719362745098039,0.4328358208955223,0.0709046454767726,0.1218487394957983,0.0133099824868651,0.9290953545232272,RF,as_submitted,CW_c0.0_it10,0.0909926470588235,{'n_estimators': 50},CW,,10.0,0.0,,,,,,,,31
0.8746936274509803,0.5,0.0342298288508557,0.0640732265446224,0.0049036777583187,0.9657701711491442,RF,as_submitted,CW_c0.5_it10,0.0879289215686274,{'n_estimators': 50},CW,,10.0,0.5,,,,,,,,31
0.18,0.2241379310344827,0.26,0.2407407407407407,0.9,0.74,RF,as_submitted,HopSkipJump_direct,0.9759036144578314,{'n_estimators': 50},,,,,100.0,83.0,0.8069553375244141,563.0,0.0,0.0,26.952781438827515,31
0.8771446078431373,0.51010101010101,0.4938875305623472,0.5018633540372671,0.0679509632224168,0.5061124694376528,LR,tuned,clean,0.0,"{'class_weight': None, 'C': 0.1}",,,,,,,,,,,,99
0.6044730392156863,0.1785714285714285,0.5990220048899756,0.2751263335204941,0.3947460595446584,0.4009779951100244,LR,tuned,FGSM_eps0.15,0.296875,"{'class_weight': None, 'C': 0.1}",FGSM,0.15,1.0,,,,,,,,,99
0.2297794117647058,0.1146100329549615,0.7652811735941321,0.1993630573248407,0.8469352014010508,0.2347188264058679,LR,tuned,FGSM_eps0.3,0.6942401960784313,"{'class_weight': None, 'C': 0.1}",FGSM,0.3,1.0,,,,,,,,,99
0.2012867647058823,0.1105598866052445,0.7628361858190709,0.1931290622098421,0.8791593695271454,0.2371638141809291,LR,tuned,FGSM_eps0.5,0.7248774509803921,"{'class_weight': None, 'C': 0.1}",FGSM,0.5,1.0,,,,,,,,,99
0.196078431372549,0.1062922147173835,0.7310513447432763,0.1855990068280571,0.8805604203152364,0.2689486552567237,LR,tuned,FGSM_eps0.75,0.7310049019607843,"{'class_weight': None, 'C': 0.1}",FGSM,0.75,1.0,,,,,,,,,99
0.6246936274509803,0.1851851851851851,0.58679706601467,0.281524926686217,0.369877408056042,0.4132029339853301,LR,tuned,PGD_eps0.15_it10,0.2751225490196078,"{'class_weight': None, 'C': 0.1}",PGD,0.15,10.0,,,,,,,,,99
0.6253063725490197,0.184984520123839,0.5843520782396088,0.2810111699000588,0.3688266199649737,0.4156479217603912,LR,tuned,PGD_eps0.15_it25,0.274203431372549,"{'class_weight': None, 'C': 0.1}",PGD,0.15,25.0,,,,,,,,,99
0.2199754901960784,0.113841705818576,0.7701711491442543,0.1983627204030226,0.8588441330998249,0.2298288508557457,LR,tuned,PGD_eps0.3_it10,0.7046568627450981,"{'class_weight': None, 'C': 0.1}",PGD,0.3,10.0,,,,,,,,,99
0.2175245098039215,0.1129556116925297,0.7652811735941321,0.1968553459119497,0.8609457092819615,0.2347188264058679,LR,tuned,PGD_eps0.3_it25,0.7064950980392157,"{'class_weight': None, 'C': 0.1}",PGD,0.3,25.0,,,,,,,,,99
0.1966911764705882,0.1102500880591757,0.7652811735941321,0.1927339901477832,0.8847635726795097,0.2347188264058679,LR,tuned,PGD_eps0.5_it10,0.7300857843137255,"{'class_weight': None, 'C': 0.1}",PGD,0.5,10.0,,,,,,,,,99
0.1966911764705882,0.1102500880591757,0.7652811735941321,0.1927339901477832,0.8847635726795097,0.2347188264058679,LR,tuned,PGD_eps0.5_it25,0.7300857843137255,"{'class_weight': None, 'C': 0.1}",PGD,0.5,25.0,,,,,,,,,99
0.1963848039215686,0.1096614950634696,0.7603911980440098,0.1916795069337442,0.8844133099824869,0.2396088019559902,LR,tuned,PGD_eps0.75_it10,0.7310049019607843,"{'class_weight': None, 'C': 0.1}",PGD,0.75,10.0,,,,,,,,,99
0.196078431372549,0.109347442680776,0.7579462102689487,0.1911220715166461,0.8844133099824869,0.2420537897310513,LR,tuned,PGD_eps0.75_it25,0.7313112745098039,"{'class_weight': None, 'C': 0.1}",PGD,0.75,25.0,,,,,,,,,99
0.5447303921568627,0.1445544554455445,0.5354523227383863,0.2276507276507276,0.4539404553415061,0.4645476772616136,LR,tuned,CW_c0.0_it10,0.3458946078431372,"{'class_weight': None, 'C': 0.1}",CW,,10.0,0.0,,,,,,,,99
0.4258578431372549,0.1210553543714433,0.5721271393643031,0.1998292058070025,0.5950963222416813,0.4278728606356968,LR,tuned,CW_c0.5_it10,0.4727328431372549,"{'class_weight': None, 'C': 0.1}",CW,,10.0,0.5,,,,,,,,99
0.34,0.3947368421052631,0.6,0.4761904761904761,0.92,0.4,LR,tuned,HopSkipJump_direct,1.0,"{'class_weight': None, 'C': 0.1}",,,,,100.0,66.0,0.5477993488311768,557.0,0.0,0.0,0.7855274677276611,99
0.8765318627450981,0.5075757575757576,0.491442542787286,0.4993788819875776,0.0683012259194395,0.508557457212714,LR,as_submitted,clean,0.0,{'max_iter': 500},,,,,,,,,,,,99
0.2089460784313725,0.1084684684684684,0.7359413202933985,0.1890703517587939,0.8665499124343258,0.2640586797066014,LR,as_submitted,FGSM_eps0.15,0.7172181372549019,{'max_iter': 500},FGSM,0.15,1.0,,,,,,,,,99
0.1636029411764706,0.0712966383450314,0.4718826405867971,0.1238767650834403,0.8805604203152364,0.5281173594132029,LR,as_submitted,FGSM_eps0.3,0.7653186274509803,{'max_iter': 500},FGSM,0.3,1.0,,,,,,,,,99
0.152267156862745,0.058095952023988,0.3789731051344743,0.1007474813129671,0.8802101576182136,0.6210268948655256,LR,as_submitted,FGSM_eps0.5,0.7769607843137255,{'max_iter': 500},FGSM,0.5,1.0,,,,,,,,,99
0.1528799019607843,0.0578078078078078,0.3765281173594132,0.1002277904328018,0.8791593695271454,0.6234718826405868,LR,as_submitted,FGSM_eps0.75,0.7772671568627451,{'max_iter': 500},FGSM,0.75,1.0,,,,,,,,,99
0.2083333333333333,0.1095152603231597,0.7457212713936431,0.1909830932999373,0.8686514886164624,0.254278728606357,LR,as_submitted,PGD_eps0.15_it10,0.7181372549019608,{'max_iter': 500},PGD,0.15,10.0,,,,,,,,,99
0.2089460784313725,0.109593963348904,0.7457212713936431,0.1911027568922305,0.8679509632224168,0.254278728606357,LR,as_submitted,PGD_eps0.15_it25,0.7178308823529411,{'max_iter': 500},PGD,0.15,25.0,,,,,,,,,99
0.1721813725490196,0.0829392506365951,0.5574572127139364,0.1443951868271057,0.8830122591943957,0.4425427872860635,LR,as_submitted,PGD_eps0.3_it10,0.7567401960784313,{'max_iter': 500},PGD,0.3,10.0,,,,,,,,,99
0.1746323529411764,0.0856002901704751,0.5770171149144254,0.1490840176879343,0.8830122591943957,0.4229828850855746,LR,as_submitted,PGD_eps0.3_it25,0.7542892156862745,{'max_iter': 500},PGD,0.3,25.0,,,,,,,,,99
0.1537990196078431,0.0628019323671497,0.4132029339853301,0.1090322580645161,0.8833625218914186,0.58679706601467,LR,as_submitted,PGD_eps0.5_it10,0.7751225490196079,{'max_iter': 500},PGD,0.5,10.0,,,,,,,,,99
0.1556372549019608,0.0648869113830181,0.4278728606356968,0.1126851255634256,0.8833625218914186,0.5721271393643031,LR,as_submitted,PGD_eps0.5_it25,0.7732843137254902,{'max_iter': 500},PGD,0.5,25.0,,,,,,,,,99
0.1501225490196078,0.0576131687242798,0.3765281173594132,0.099935107073329,0.8823117338003502,0.6234718826405868,LR,as_submitted,PGD_eps0.75_it10,0.7800245098039216,{'max_iter': 500},PGD,0.75,10.0,,,,,,,,,99
0.1516544117647058,0.0593726661687826,0.3887530562347188,0.1030126336248785,0.8823117338003502,0.6112469437652812,LR,as_submitted,PGD_eps0.75_it25,0.7781862745098039,{'max_iter': 500},PGD,0.75,25.0,,,,,,,,,99
0.2432598039215686,0.0505887483645878,0.2836185819070904,0.0858623242042931,0.762521891418564,0.7163814180929096,LR,as_submitted,CW_c0.0_it10,0.6685049019607843,{'max_iter': 500},CW,,10.0,0.0,,,,,,,,99
0.1541053921568627,0.0568952524491333,0.3691931540342298,0.098596147567744,0.876707530647986,0.6308068459657702,LR,as_submitted,CW_c0.5_it10,0.7705269607843137,{'max_iter': 500},CW,,10.0,0.5,,,,,,,,99
0.34,0.3947368421052631,0.6,0.4761904761904761,0.92,0.4,LR,as_submitted,HopSkipJump_direct,1.0,{'max_iter': 500},,,,,100.0,66.0,0.266171783208847,557.0,0.0,0.0,0.7922468185424805,99
0.8869485294117647,0.5558659217877095,0.4865525672371638,0.5189048239895697,0.0556917688266199,0.5134474327628362,SVM,tuned,clean,0.0,"{'class_weight': None, 'C': 1.0}",,,,,,,,,,,,99
0.1504289215686274,0.0546345139412208,0.3545232273838631,0.0946784198498204,0.8788091068301226,0.6454767726161369,SVM,tuned,FGSM_eps0.15,0.7861519607843137,"{'class_weight': None, 'C': 1.0}",FGSM,0.15,1.0,,,,,,,,,99
0.1504289215686274,0.0546345139412208,0.3545232273838631,0.0946784198498204,0.8788091068301226,0.6454767726161369,SVM,tuned,FGSM_eps0.3,0.7861519607843137,"{'class_weight': None, 'C': 1.0}",FGSM,0.3,1.0,,,,,,,,,99
0.1504289215686274,0.0546345139412208,0.3545232273838631,0.0946784198498204,0.8788091068301226,0.6454767726161369,SVM,tuned,FGSM_eps0.5,0.7861519607843137,"{'class_weight': None, 'C': 1.0}",FGSM,0.5,1.0,,,,,,,,,99
0.1504289215686274,0.0546345139412208,0.3545232273838631,0.0946784198498204,0.8788091068301226,0.6454767726161369,SVM,tuned,FGSM_eps0.75,0.7861519607843137,"{'class_weight': None, 'C': 1.0}",FGSM,0.75,1.0,,,,,,,,,99
0.1479779411764706,0.0544703230653643,0.3545232273838631,0.0944317811787691,0.8816112084063047,0.6454767726161369,SVM,tuned,PGD_eps0.15_it10,0.7886029411764706,"{'class_weight': None, 'C': 1.0}",PGD,0.15,10.0,,,,,,,,,99
0.1485906862745098,0.0548459804658151,0.3569682151589242,0.095083034842071,0.8812609457092819,0.6430317848410758,SVM,tuned,PGD_eps0.15_it25,0.7879901960784313,"{'class_weight': None, 'C': 1.0}",PGD,0.15,25.0,,,,,,,,,99
0.1479779411764706,0.0544703230653643,0.3545232273838631,0.0944317811787691,0.8816112084063047,0.6454767726161369,SVM,tuned,PGD_eps0.3_it10,0.7886029411764706,"{'class_weight': None, 'C': 1.0}",PGD,0.3,10.0,,,,,,,,,99
0.1470588235294117,0.0544090056285178,0.3545232273838631,0.0943396226415094,0.882661996497373,0.6454767726161369,SVM,tuned,PGD_eps0.3_it25,0.7895220588235294,"{'class_weight': None, 'C': 1.0}",PGD,0.3,25.0,,,,,,,,,99
0.1476715686274509,0.0551181102362204,0.3594132029339853,0.0955786736020806,0.882661996497373,0.6405867970660146,SVM,tuned,PGD_eps0.5_it10,0.7895220588235294,"{'class_weight': None, 'C': 1.0}",PGD,0.5,10.0,,,,,,,,,99
0.1470588235294117,0.0554099588169225,0.3618581907090464,0.0961038961038961,0.8837127845884414,0.6381418092909535,SVM,tuned,PGD_eps0.5_it25,0.7904411764705882,"{'class_weight': None, 'C': 1.0}",PGD,0.5,25.0,,,,,,,,,99
0.1455269607843137,0.0549738219895288,0.3594132029339853,0.0953616607200778,0.8851138353765324,0.6405867970660146,SVM,tuned,PGD_eps0.75_it10,0.7916666666666666,"{'class_weight': None, 'C': 1.0}",PGD,0.75,10.0,,,,,,,,,99
0.1455269607843137,0.0553064275037369,0.3618581907090464,0.0959481361426256,0.8854640980735552,0.6381418092909535,SVM,tuned,PGD_eps0.75_it25,0.7919730392156863,"{'class_weight': None, 'C': 1.0}",PGD,0.75,25.0,,,,,,,,,99
0.1924019607843137,0.0442079410560785,0.2640586797066014,0.0757363253856942,0.8178633975481612,0.7359413202933985,SVM,tuned,CW_c0.0_it10,0.734375,"{'class_weight': None, 'C': 1.0}",CW,,10.0,0.0,,,,,,,,99
0.1464460784313725,0.0503216042376087,0.3251833740831296,0.0871559633027523,0.8791593695271454,0.6748166259168704,SVM,tuned,CW_c0.5_it10,0.7901348039215687,"{'class_weight': None, 'C': 1.0}",CW,,10.0,0.5,,,,,,,,99
0.32,0.3846153846153846,0.6,0.46875,0.96,0.4,SVM,tuned,HopSkipJump_direct,1.0,"{'class_weight': None, 'C': 1.0}",,,,,100.0,68.0,0.1699495464563369,556.5,0.0,0.0,0.7822568416595459,99
0.8869485294117647,0.5558659217877095,0.4865525672371638,0.5189048239895697,0.0556917688266199,0.5134474327628362,SVM,as_submitted,clean,0.0,{'max_iter': 500},,,,,,,,,,,,99
0.1504289215686274,0.0546345139412208,0.3545232273838631,0.0946784198498204,0.8788091068301226,0.6454767726161369,SVM,as_submitted,FGSM_eps0.15,0.7861519607843137,{'max_iter': 500},FGSM,0.15,1.0,,,,,,,,,99
0.1504289215686274,0.0546345139412208,0.3545232273838631,0.0946784198498204,0.8788091068301226,0.6454767726161369,SVM,as_submitted,FGSM_eps0.3,0.7861519607843137,{'max_iter': 500},FGSM,0.3,1.0,,,,,,,,,99
0.1504289215686274,0.0546345139412208,0.3545232273838631,0.0946784198498204,0.8788091068301226,0.6454767726161369,SVM,as_submitted,FGSM_eps0.5,0.7861519607843137,{'max_iter': 500},FGSM,0.5,1.0,,,,,,,,,99
0.1504289215686274,0.0546345139412208,0.3545232273838631,0.0946784198498204,0.8788091068301226,0.6454767726161369,SVM,as_submitted,FGSM_eps0.75,0.7861519607843137,{'max_iter': 500},FGSM,0.75,1.0,,,,,,,,,99
0.1479779411764706,0.0544703230653643,0.3545232273838631,0.0944317811787691,0.8816112084063047,0.6454767726161369,SVM,as_submitted,PGD_eps0.15_it10,0.7886029411764706,{'max_iter': 500},PGD,0.15,10.0,,,,,,,,,99
0.1485906862745098,0.0548459804658151,0.3569682151589242,0.095083034842071,0.8812609457092819,0.6430317848410758,SVM,as_submitted,PGD_eps0.15_it25,0.7879901960784313,{'max_iter': 500},PGD,0.15,25.0,,,,,,,,,99
0.1479779411764706,0.0544703230653643,0.3545232273838631,0.0944317811787691,0.8816112084063047,0.6454767726161369,SVM,as_submitted,PGD_eps0.3_it10,0.7886029411764706,{'max_iter': 500},PGD,0.3,10.0,,,,,,,,,99
0.1470588235294117,0.0544090056285178,0.3545232273838631,0.0943396226415094,0.882661996497373,0.6454767726161369,SVM,as_submitted,PGD_eps0.3_it25,0.7895220588235294,{'max_iter': 500},PGD,0.3,25.0,,,,,,,,,99
0.1476715686274509,0.0551181102362204,0.3594132029339853,0.0955786736020806,0.882661996497373,0.6405867970660146,SVM,as_submitted,PGD_eps0.5_it10,0.7895220588235294,{'max_iter': 500},PGD,0.5,10.0,,,,,,,,,99
0.1470588235294117,0.0554099588169225,0.3618581907090464,0.0961038961038961,0.8837127845884414,0.6381418092909535,SVM,as_submitted,PGD_eps0.5_it25,0.7904411764705882,{'max_iter': 500},PGD,0.5,25.0,,,,,,,,,99
0.1455269607843137,0.0549738219895288,0.3594132029339853,0.0953616607200778,0.8851138353765324,0.6405867970660146,SVM,as_submitted,PGD_eps0.75_it10,0.7916666666666666,{'max_iter': 500},PGD,0.75,10.0,,,,,,,,,99
0.1455269607843137,0.0553064275037369,0.3618581907090464,0.0959481361426256,0.8854640980735552,0.6381418092909535,SVM,as_submitted,PGD_eps0.75_it25,0.7919730392156863,{'max_iter': 500},PGD,0.75,25.0,,,,,,,,,99
0.1924019607843137,0.0442079410560785,0.2640586797066014,0.0757363253856942,0.8178633975481612,0.7359413202933985,SVM,as_submitted,CW_c0.0_it10,0.734375,{'max_iter': 500},CW,,10.0,0.0,,,,,,,,99
0.1464460784313725,0.0503216042376087,0.3251833740831296,0.0871559633027523,0.8791593695271454,0.6748166259168704,SVM,as_submitted,CW_c0.5_it10,0.7901348039215687,{'max_iter': 500},CW,,10.0,0.5,,,,,,,,99
0.32,0.3846153846153846,0.6,0.46875,0.96,0.4,SVM,as_submitted,HopSkipJump_direct,1.0,{'max_iter': 500},,,,,100.0,68.0,0.1699495464563369,556.5,0.0,0.0,0.7682819366455078,99
0.9243259803921569,0.6995073891625616,0.6943765281173594,0.6969325153374233,0.0427320490367775,0.3056234718826406,RF,tuned,clean,0.0,"{'n_estimators': 400, 'min_samples_leaf': 1, 'max_features': None, 'max_depth': 40}",,,,,,,,,,,,99
0.8339460784313726,0.0764331210191082,0.0293398533007334,0.0424028268551236,0.0507880910683012,0.9706601466992664,RF,tuned,FGSM_eps0.15,0.128063725490196,"{'n_estimators': 400, 'min_samples_leaf': 1, 'max_features': None, 'max_depth': 40}",FGSM,0.15,1.0,,,,,,,,,99
0.8232230392156863,0.0757575757575757,0.0366748166259168,0.0494233937397034,0.0640980735551663,0.9633251833740832,RF,tuned,FGSM_eps0.3,0.1393995098039215,"{'n_estimators': 400, 'min_samples_leaf': 1, 'max_features': None, 'max_depth': 40}",FGSM,0.3,1.0,,,,,,,,,99
0.8026960784313726,0.0355731225296442,0.0220048899755501,0.0271903323262839,0.0854640980735551,0.9779951100244498,RF,tuned,FGSM_eps0.5,0.1583946078431372,"{'n_estimators': 400, 'min_samples_leaf': 1, 'max_features': None, 'max_depth': 40}",FGSM,0.5,1.0,,,,,,,,,99
0.1602328431372549,0.0501543209876543,0.3178484107579462,0.0866377874041986,0.8623467600700525,0.6821515892420538,RF,tuned,FGSM_eps0.75,0.803921568627451,"{'n_estimators': 400, 'min_samples_leaf': 1, 'max_features': None, 'max_depth': 40}",FGSM,0.75,1.0,,,,,,,,,99
0.8333333333333334,0.0807453416149068,0.0317848410757946,0.0456140350877193,0.0518388791593695,0.9682151589242054,RF,tuned,PGD_eps0.15_it10,0.1286764705882352,"{'n_estimators': 400, 'min_samples_leaf': 1, 'max_features': None, 'max_depth': 40}",PGD,0.15,10.0,,,,,,,,,99
0.8314950980392157,0.0778443113772455,0.0317848410757946,0.0451388888888888,0.0539404553415061,0.9682151589242054,RF,tuned,PGD_eps0.15_it25,0.1305147058823529,"{'n_estimators': 400, 'min_samples_leaf': 1, 'max_features': None, 'max_depth': 40}",PGD,0.15,25.0,,,,,,,,,99
0.8167892156862745,0.0723981900452488,0.0391198044009779,0.0507936507936507,0.0718038528896672,0.960880195599022,RF,tuned,PGD_eps0.3_it10,0.1458333333333333,"{'n_estimators': 400, 'min_samples_leaf': 1, 'max_features': None, 'max_depth': 40}",PGD,0.3,10.0,,,,,,,,,99
0.8174019607843137,0.0730593607305936,0.0391198044009779,0.0509554140127388,0.0711033274956217,0.960880195599022,RF,tuned,PGD_eps0.3_it25,0.1455269607843137,"{'n_estimators': 400, 'min_samples_leaf': 1, 'max_features': None, 'max_depth': 40}",PGD,0.3,25.0,,,,,,,,,99
0.7913602941176471,0.0310344827586206,0.0220048899755501,0.0257510729613733,0.0984238178633975,0.9779951100244498,RF,tuned,PGD_eps0.5_it10,0.1688112745098039,"{'n_estimators': 400, 'min_samples_leaf': 1, 'max_features': None, 'max_depth': 40}",PGD,0.5,10.0,,,,,,,,,99
0.789828431372549,0.0305084745762711,0.0220048899755501,0.0255681818181818,0.1001751313485113,0.9779951100244498,RF,tuned,PGD_eps0.5_it25,0.1706495098039215,"{'n_estimators': 400, 'min_samples_leaf': 1, 'max_features': None, 'max_depth': 40}",PGD,0.5,25.0,,,,,,,,,99
0.3943014705882353,0.0462962962962962,0.19559902200489,0.0748713149274684,0.5772329246935202,0.80440097799511,RF,tuned,PGD_eps0.75_it10,0.569546568627451,"{'n_estimators': 400, 'min_samples_leaf': 1, 'max_features': None, 'max_depth': 40}",PGD,0.75,10.0,,,,,,,,,99
0.4172794117647059,0.0494870247435123,0.2004889975550122,0.079380445304937,0.5516637478108581,0.7995110024449877,RF,tuned,PGD_eps0.75_it25,0.5444240196078431,"{'n_estimators': 400, 'min_samples_leaf': 1, 'max_features': None, 'max_depth': 40}",PGD,0.75,25.0,,,,,,,,,99
0.8115808823529411,0.0846774193548387,0.0513447432762836,0.0639269406392694,0.0795096322241681,0.9486552567237164,RF,tuned,CW_c0.0_it10,0.1458333333333333,"{'n_estimators': 400, 'min_samples_leaf': 1, 'max_features': None, 'max_depth': 40}",CW,,10.0,0.0,,,,,,,,99
0.8103553921568627,0.0434782608695652,0.0244498777506112,0.0312989045383411,0.0770577933450087,0.9755501222493888,RF,tuned,CW_c0.5_it10,0.1510416666666666,"{'n_estimators': 400, 'min_samples_leaf': 1, 'max_features': None, 'max_depth': 40}",CW,,10.0,0.5,,,,,,,,99
0.27,0.3230769230769231,0.42,0.3652173913043478,0.88,0.58,RF,tuned,HopSkipJump_direct,1.0,"{'n_estimators': 400, 'min_samples_leaf': 1, 'max_features': None, 'max_depth': 40}",,,,,100.0,73.0,0.8488970398902893,561.0,0.0,0.0,193.5351848602295,99
0.9099264705882352,0.639225181598063,0.6454767726161369,0.6423357664233577,0.0521891418563922,0.3545232273838631,RF,as_submitted,clean,0.0,{'n_estimators': 50},,,,,,,,,,,,99
0.859375,0.1794871794871795,0.0342298288508557,0.0574948665297741,0.022416812609457,0.9657701711491442,RF,as_submitted,FGSM_eps0.15,0.096813725490196,{'n_estimators': 50},FGSM,0.15,1.0,,,,,,,,,99
0.835171568627451,0.0489510489510489,0.0171149144254278,0.0253623188405797,0.0476357267950963,0.982885085574572,RF,as_submitted,FGSM_eps0.3,0.1210171568627451,{'n_estimators': 50},FGSM,0.3,1.0,,,,,,,,,99
0.7447916666666666,0.0527426160337552,0.0611246943765281,0.0566251415628539,0.1572679509632224,0.938875305623472,RF,as_submitted,FGSM_eps0.5,0.213235294117647,{'n_estimators': 50},FGSM,0.5,1.0,,,,,,,,,99
0.2521446078431372,0.0472370766488413,0.2591687041564792,0.0799095363739163,0.748861646234676,0.7408312958435208,RF,as_submitted,FGSM_eps0.75,0.7049632352941176,{'n_estimators': 50},FGSM,0.75,1.0,,,,,,,,,99
0.8670343137254902,0.3831775700934579,0.1002444987775061,0.1589147286821705,0.0231173380035026,0.8997555012224939,RF,as_submitted,PGD_eps0.15_it10,0.0894607843137254,{'n_estimators': 50},PGD,0.15,10.0,,,,,,,,,99
0.8670343137254902,0.3853211009174312,0.1026894865525672,0.1621621621621621,0.0234676007005253,0.8973105134474327,RF,as_submitted,PGD_eps0.15_it25,0.0891544117647058,{'n_estimators': 50},PGD,0.15,25.0,,,,,,,,,99
0.8290441176470589,0.0484848484848484,0.0195599022004889,0.0278745644599303,0.0549912434325744,0.980440097799511,RF,as_submitted,PGD_eps0.3_it10,0.1277573529411764,{'n_estimators': 50},PGD,0.3,10.0,,,,,,,,,99
0.8272058823529411,0.0467836257309941,0.0195599022004889,0.0275862068965517,0.057092819614711,0.980440097799511,RF,as_submitted,PGD_eps0.3_it25,0.1289828431372549,{'n_estimators': 50},PGD,0.3,25.0,,,,,,,,,99
0.7643995098039216,0.0287958115183246,0.0268948655256723,0.0278128950695322,0.1299474605954466,0.9731051344743276,RF,as_submitted,PGD_eps0.5_it10,0.1911764705882352,{'n_estimators': 50},PGD,0.5,10.0,,,,,,,,,99
0.7460171568627451,0.03125,0.0342298288508557,0.0326721120186697,0.1520140105078809,0.9657701711491442,RF,as_submitted,PGD_eps0.5_it25,0.2092524509803921,{'n_estimators': 50},PGD,0.5,25.0,,,,,,,,,99
0.5150122549019608,0.04140625,0.1295843520782396,0.0627590290112492,0.4297723292469352,0.8704156479217604,RF,as_submitted,PGD_eps0.75_it10,0.4417892156862745,{'n_estimators': 50},PGD,0.75,10.0,,,,,,,,,99
0.3161764705882353,0.0458395615346288,0.2249388753056234,0.076158940397351,0.670753064798599,0.7750611246943765,RF,as_submitted,PGD_eps0.75_it25,0.6403186274509803,{'n_estimators': 50},PGD,0.75,25.0,,,,,,,,,99
0.8409926470588235,0.1014492753623188,0.0342298288508557,0.0511882998171846,0.0434325744308231,0.9657701711491442,RF,as_submitted,CW_c0.0_it10,0.1127450980392156,{'n_estimators': 50},CW,,10.0,0.0,,,,,,,,99
0.8452818627450981,0.0555555555555555,0.0146699266503667,0.02321083172147,0.0357267950963222,0.9853300733496332,RF,as_submitted,CW_c0.5_it10,0.110906862745098,{'n_estimators': 50},CW,,10.0,0.5,,,,,,,,99
0.41,0.4081632653061224,0.4,0.404040404040404,0.58,0.6,RF,as_submitted,HopSkipJump_direct,0.7571428571428571,{'n_estimators': 50},,,,,100.0,70.0,0.9247956871986388,564.0,0.0,0.0,22.22127795219421,99
